Id,Text,BeginPosition,EndPosition,BeginTime,EndTime,Confidence,SpeakerConfidence,Admiration,Adoration,Aesthetic Appreciation,Amusement,Anger,Annoyance,Anxiety,Awe,Awkwardness,Boredom,Calmness,Concentration,Confusion,Contemplation,Contempt,Contentment,Craving,Determination,Disappointment,Disapproval,Disgust,Distress,Doubt,Ecstasy,Embarrassment,Empathic Pain,Enthusiasm,Entrancement,Envy,Excitement,Fear,Gratitude,Guilt,Horror,Interest,Joy,Love,Nostalgia,Pain,Pride,Realization,Relief,Romance,Sadness,Sarcasm,Satisfaction,Desire,Shame,Surprise (negative),Surprise (positive),Sympathy,Tiredness,Triumph,1,2,3,4,5,6,7,8,9,toxic,severe_toxic,obscene,threat,insult,identity_hate
unknown,ふ,0,1,2.2550437,2.4146929,0.94189453,,0.017171911895275116,0.009570440277457237,0.01315220445394516,0.05335373431444168,0.003797955112531781,0.10544613748788834,0.012316244654357433,0.007059049792587757,0.24610929191112518,0.16316476464271545,0.06673423200845718,0.008878949098289013,0.27088701725006104,0.0734347403049469,0.036920830607414246,0.02068214677274227,0.0019044906366616488,0.0028514117002487183,0.07640495896339417,0.07652738690376282,0.006200072821229696,0.008552172221243382,0.14863748848438263,0.0010521684307605028,0.01858462579548359,0.008207214064896107,0.027333006262779236,0.008930082432925701,0.005177718121558428,0.011682956479489803,0.0026110971812158823,0.005731454584747553,0.0025762387085705996,0.0005990525824017823,0.10350559651851654,0.020472327247262,0.010906187817454338,0.005748974159359932,0.003304487792775035,0.0023149719927459955,0.08719330281019211,0.004564405884593725,0.009323854930698872,0.01335140597075224,0.11573129892349243,0.012392004020512104,0.004678743425756693,0.009653414599597454,0.10561497509479523,0.06076787784695625,0.012498249299824238,0.019088517874479294,0.0017266570357605815,,,,,,,,,,,,,,,
unknown,わ,2,3,2.4146929,2.6142542,0.99658203,,0.06993336230516434,0.04963812604546547,0.02799171395599842,0.05440167337656021,0.006403889507055283,0.09987032413482666,0.012184866704046726,0.023842625319957733,0.22947542369365692,0.08880462497472763,0.09303344041109085,0.012335222214460373,0.1864756941795349,0.07696179300546646,0.04116998240351677,0.046894241124391556,0.004975875373929739,0.006850542966276407,0.07109485566616058,0.06682194024324417,0.007343044504523277,0.008693791925907135,0.08911380916833878,0.003754513571038842,0.025636771693825722,0.010911774821579456,0.07143624871969223,0.022500669583678246,0.012771785259246826,0.03560696914792061,0.002642444334924221,0.02160547859966755,0.00513978349044919,0.0007407173980027437,0.14663754403591156,0.0655163824558258,0.04383388161659241,0.013085836544632912,0.004091558046638966,0.0090967221185565,0.1203034296631813,0.008721308782696724,0.03468843922019005,0.013666917569935322,0.0793781653046608,0.03515906259417534,0.014275142922997475,0.014942447654902935,0.08852928876876831,0.12562623620033264,0.016109898686408997,0.015574065037071705,0.005508232396095991,,,,,,,,,,,,,,,
unknown,ふ,4,5,2.6142542,2.7339911,0.99365234,,0.11372718960046768,0.10754035413265228,0.04574553668498993,0.09330233931541443,0.004116429481655359,0.04996345937252045,0.009862416423857212,0.043053288012742996,0.18245971202850342,0.023162955418229103,0.0676436498761177,0.015546072274446487,0.15560433268547058,0.06972392648458481,0.027042914181947708,0.05374281480908394,0.006147114094346762,0.011472048237919807,0.02261614426970482,0.029878951609134674,0.0038346420042216778,0.004956311546266079,0.0578426867723465,0.01131197065114975,0.021175695583224297,0.005240238271653652,0.16771410405635834,0.0434420183300972,0.00993583258241415,0.10811054706573486,0.0026414114981889725,0.029375549405813217,0.003003640566021204,0.0006674485048279166,0.2105332762002945,0.17410986125469208,0.08740745484828949,0.012338373810052872,0.0018184982473030686,0.017076821997761726,0.12117033451795578,0.007808430586010218,0.08277647942304611,0.0036779020447283983,0.05631685256958008,0.057152941823005676,0.02972199022769928,0.008034823462367058,0.05725094676017761,0.25296178460121155,0.007050761952996254,0.003820233279839158,0.010302542708814144,,,,,,,,,,,,,,,
unknown,わ,6,7,2.7339911,3.2339911,0.9902344,,0.18310417234897614,0.24418364465236664,0.07652860134840012,0.10978090763092041,0.003690102370455861,0.02787911519408226,0.00791589729487896,0.0745646208524704,0.14007818698883057,0.012797405943274498,0.04925374314188957,0.012022869661450386,0.10671871155500412,0.04104170575737953,0.01849142648279667,0.061557453125715256,0.01061360351741314,0.012864310294389725,0.01297638937830925,0.015715016052126884,0.003103706520050764,0.004783612675964832,0.025497175753116608,0.035159774124622345,0.020709162577986717,0.005725062917917967,0.23415102064609528,0.07592928409576416,0.011369101703166962,0.1857709288597107,0.002408563392236829,0.03229803591966629,0.0028894180431962013,0.0008415196207351983,0.19738583266735077,0.3160523474216461,0.20639443397521973,0.013277928344905376,0.0023415435571223497,0.03121378645300865,0.08720662444829941,0.007045673672109842,0.18549062311649323,0.0033445407170802355,0.033724620938301086,0.07794176042079926,0.07883180677890778,0.007670065388083458,0.03927108272910118,0.2813396155834198,0.007252736948430538,0.002430645050480962,0.016347454860806465,,,,,,,,,,,,,,,
unknown,勝,8,9,8.680921,8.8405695,0.8544922,,0.05575871095061302,0.09799866378307343,0.03295033425092697,0.1095895990729332,0.04998444765806198,0.12506753206253052,0.027387278154492378,0.04499797523021698,0.15407198667526245,0.01994450017809868,0.0182353463023901,0.007899659685790539,0.12774643301963806,0.030800674110651016,0.04078776389360428,0.024178849533200264,0.022730961441993713,0.013166001997888088,0.09046371281147003,0.06351588666439056,0.02951945923268795,0.0528850182890892,0.02742328681051731,0.054639361798763275,0.061776597052812576,0.022724855691194534,0.13564805686473846,0.055579252541065216,0.01966135762631893,0.1453409194946289,0.011079621501266956,0.00632514338940382,0.0155330840498209,0.011243307031691074,0.07887417823076248,0.13747373223304749,0.10883042216300964,0.0212948489934206,0.04135657101869583,0.027713680639863014,0.08184319734573364,0.004600214771926403,0.14326396584510803,0.03621182590723038,0.054589856415987015,0.03725217282772064,0.15778452157974243,0.04310716688632965,0.13539917767047882,0.10599534213542938,0.015987033024430275,0.014836570248007774,0.018013859167695045,,,,,,,,,,,,,,,
unknown,チ,10,11,8.8405695,9.3405695,0.52734375,,0.06482400000095367,0.12298633903265,0.022402049973607063,0.05629611387848854,0.007380166556686163,0.03893531858921051,0.015019873157143593,0.03841347619891167,0.047799479216337204,0.0282063540071249,0.033434703946113586,0.0156043516471982,0.10028284043073654,0.047129977494478226,0.011092226020991802,0.026521187275648117,0.04556231200695038,0.024335995316505432,0.04421582072973251,0.01276793796569109,0.0023375845048576593,0.01994425617158413,0.01843489147722721,0.026698030531406403,0.009404223412275314,0.013403343968093395,0.2374640256166458,0.04577859118580818,0.00920652411878109,0.22228699922561646,0.004628235474228859,0.013809610158205032,0.007221980020403862,0.001644497737288475,0.1644008755683899,0.1435365527868271,0.1554834544658661,0.08725866675376892,0.010630288161337376,0.015957729890942574,0.07176080346107483,0.005819444078952074,0.08524179458618164,0.03622741997241974,0.022870978340506554,0.031816624104976654,0.03861476480960846,0.009554959833621979,0.05415765568614006,0.09747306257486343,0.014864894561469555,0.009046239778399467,0.014738856814801693,,,,,,,,,,,,,,,
unknown,神,12,13,14.124697,14.364538,0.9433594,,0.12274598330259323,0.23723579943180084,0.04192052781581879,0.06931304186582565,0.007640178315341473,0.026942433789372444,0.013445458374917507,0.10627491027116776,0.027614958584308624,0.013959579169750214,0.03386215493083,0.015205521136522293,0.041279137134552,0.052503932267427444,0.015836456790566444,0.07032367587089539,0.06798757612705231,0.029110439121723175,0.031747542321681976,0.010326573625206947,0.0037449621595442295,0.018956653773784637,0.009791683405637741,0.11460818350315094,0.012287412770092487,0.014646243304014206,0.24994097650051117,0.11197633296251297,0.011410518549382687,0.2862536609172821,0.005216358229517937,0.051472198218107224,0.009086658246815205,0.0027001157868653536,0.10277310013771057,0.27494192123413086,0.24587273597717285,0.07654360681772232,0.01408423576503992,0.04833219572901726,0.09271087497472763,0.01876806654036045,0.14066535234451294,0.03151944652199745,0.025831125676631927,0.10336831957101822,0.09416534006595612,0.013237124308943748,0.03434199467301369,0.13672512769699097,0.01319159846752882,0.010834808461368084,0.047923386096954346,,,,,,,,,,,,,,,
unknown,社,14,15,14.364538,14.404511,0.91259766,,0.11195043474435806,0.16433092951774597,0.040324874222278595,0.06490753591060638,0.00824763998389244,0.03789673373103142,0.02037179283797741,0.0657418891787529,0.03802056610584259,0.01869312673807144,0.04251451790332794,0.03446872532367706,0.05608650669455528,0.09648687392473221,0.020245889201760292,0.050084300339221954,0.05360334739089012,0.0560908280313015,0.03288137540221214,0.015655340626835823,0.004102316219359636,0.020213790237903595,0.022097252309322357,0.03482770547270775,0.014494193717837334,0.010795898735523224,0.2512333393096924,0.08203862607479095,0.011616941541433334,0.22292101383209229,0.008902223780751228,0.035981182008981705,0.00881555862724781,0.0025703036226332188,0.14471085369586945,0.1740102767944336,0.14975577592849731,0.1463177353143692,0.011761603876948357,0.05847899243235588,0.10373058170080185,0.009023654274642467,0.07400624454021454,0.02763810195028782,0.028261268511414528,0.06864846497774124,0.03449707478284836,0.014534571208059788,0.02473265491425991,0.08173330128192902,0.009439424611628056,0.008205180056393147,0.03902468457818031,,,,,,,,,,,,,,,
unknown,ャ,16,17,14.404511,14.904511,0.53125,,0.07809259742498398,0.12412287294864655,0.02744879387319088,0.0532938577234745,0.01775360479950905,0.07499830424785614,0.03198545053601265,0.0480981171131134,0.04381793364882469,0.022796718403697014,0.03300304710865021,0.021448364481329918,0.06475890427827835,0.08123452216386795,0.024361418560147285,0.03896552696824074,0.05283679440617561,0.04136645421385765,0.0952267199754715,0.028539536520838737,0.007011722773313522,0.04450284689664841,0.0275897067040205,0.029128102585673332,0.019610656425356865,0.02017655409872532,0.19905169308185577,0.05544980987906456,0.013894258998334408,0.18175679445266724,0.011701777577400208,0.028223346918821335,0.01639004983007908,0.003786178072914481,0.10700812190771103,0.1329859346151352,0.13794861733913422,0.11630851030349731,0.027494575828313828,0.03515113517642021,0.11600207537412643,0.011008694767951965,0.06872954219579697,0.07565835863351822,0.031070327386260033,0.051333148032426834,0.0319366492331028,0.02405230887234211,0.05158369243144989,0.07274653762578964,0.016662370413541794,0.016057536005973816,0.02747298590838909,,,,,,,,,,,,,,,
unknown,ご,18,19,20.200686,20.36058,0.9628906,,0.06633229553699493,0.09994826465845108,0.027853744104504585,0.050918783992528915,0.022608961910009384,0.10386604815721512,0.03494426608085632,0.04131419584155083,0.04970410838723183,0.030324893072247505,0.034529320895671844,0.01983644627034664,0.06301507353782654,0.07665907591581345,0.02954675815999508,0.04008239135146141,0.046546291559934616,0.037431925535202026,0.1378970742225647,0.041192032396793365,0.010366057977080345,0.05202263966202736,0.029323991388082504,0.02692681923508644,0.023928530514240265,0.023830724880099297,0.1867198795080185,0.04749566689133644,0.015235125087201595,0.16936543583869934,0.011115901172161102,0.025333883240818977,0.02098420262336731,0.0040393369272351265,0.10113225132226944,0.11833859235048294,0.10720397531986237,0.08450968563556671,0.030242081731557846,0.029426218941807747,0.11975137144327164,0.012320980429649353,0.056866131722927094,0.08752703666687012,0.030209211632609367,0.05176664516329765,0.03233073651790619,0.03080032952129841,0.062037158757448196,0.0685824453830719,0.019773133099079132,0.024152880534529686,0.024347594007849693,,,,,,,,,,,,,,,
unknown,飯,20,21,20.36058,20.86058,0.7104492,,0.06333916634321213,0.09155017882585526,0.03199327364563942,0.06554847210645676,0.012298713438212872,0.07787728309631348,0.025913245975971222,0.039056435227394104,0.03244049847126007,0.03931120038032532,0.035893213003873825,0.02747519686818123,0.05490563064813614,0.07923659682273865,0.02311982773244381,0.04196731373667717,0.05917998403310776,0.04704941064119339,0.0965074747800827,0.028069837018847466,0.006816177163273096,0.03402763232588768,0.023076100274920464,0.028741145506501198,0.013760737143456936,0.013765891082584858,0.2571399509906769,0.04820984601974487,0.012120204046368599,0.24984709918498993,0.008227129466831684,0.020206617191433907,0.011390406638383865,0.0027498197741806507,0.12659256160259247,0.1302526742219925,0.08389898389577866,0.11107764393091202,0.017205428332090378,0.03312155604362488,0.09265238046646118,0.009734579361975193,0.036139655858278275,0.05710989236831665,0.02895662561058998,0.05759098380804062,0.02489953301846981,0.017563655972480774,0.03866356983780861,0.060298483818769455,0.01183200441300869,0.02189466916024685,0.029178833588957787,,,,,,,,,,,,,,,
unknown,後,22,23,26.156754,26.396595,0.7578125,,0.09005492180585861,0.11244495213031769,0.03356046974658966,0.07041194289922714,0.01392814889550209,0.07143940031528473,0.013549698516726494,0.04651133716106415,0.021285127848386765,0.028230369091033936,0.027657577767968178,0.02013937383890152,0.036561232060194016,0.07037695497274399,0.028967253863811493,0.04906054958701134,0.06885229796171188,0.045547399669885635,0.0885738804936409,0.030619997531175613,0.007712273858487606,0.019573897123336792,0.015840793028473854,0.03643578663468361,0.009791265241801739,0.010977551341056824,0.32950156927108765,0.04527144134044647,0.01744155026972294,0.3180042803287506,0.004124748054891825,0.02552415058016777,0.008624505251646042,0.002006882568821311,0.13970334827899933,0.16986188292503357,0.08908399939537048,0.11729325354099274,0.010830624960362911,0.03912615776062012,0.08257477730512619,0.009966193698346615,0.03366297110915184,0.03873191773891449,0.02785026840865612,0.0773719921708107,0.026709385216236115,0.013808458112180233,0.03351939097046852,0.0780097097158432,0.010327368974685669,0.01480049267411232,0.03849951550364494,,,,,,,,,,,,,,,
unknown,石,24,25,26.396595,26.896595,0.65283203,,0.046938247978687286,0.06188812479376793,0.0263964980840683,0.05053094029426575,0.02734551951289177,0.1547364443540573,0.021150678396224976,0.029107073321938515,0.02486659772694111,0.035727307200431824,0.02519341930747032,0.018038397654891014,0.05246936157345772,0.0651431605219841,0.030949003994464874,0.02848600223660469,0.06810834258794785,0.03298091143369675,0.190829336643219,0.049758777022361755,0.011025670915842056,0.042457420378923416,0.017763469368219376,0.016946930438280106,0.013032021932303905,0.011419839225709438,0.1997610181570053,0.03034541942179203,0.017359575256705284,0.1813819259405136,0.005856403615325689,0.0137094184756279,0.013153180480003357,0.002922534244135022,0.10215585678815842,0.08452194929122925,0.04266449064016342,0.09414245933294296,0.018417004495859146,0.023837899789214134,0.09003065526485443,0.006310656666755676,0.014948319643735886,0.07985309511423111,0.026175180450081825,0.044066403061151505,0.011827249079942703,0.020163843408226967,0.05517177656292915,0.0469161719083786,0.009659962728619576,0.0157141275703907,0.020288700237870216,,,,,,,,,,,,,,,
unknown,悩,26,27,32.127907,32.447704,0.9970703,,0.08037637919187546,0.09102339297533035,0.044539906084537506,0.06932082772254944,0.008181625045835972,0.05765525624155998,0.011731295846402645,0.044630080461502075,0.02353888936340809,0.03532793000340462,0.051152877509593964,0.03635874390602112,0.06449893116950989,0.10295319557189941,0.023617302998900414,0.07092808187007904,0.07828496396541595,0.053139910101890564,0.06462781876325607,0.021557267755270004,0.004493382293730974,0.014641055837273598,0.017559295520186424,0.031143052503466606,0.008423082530498505,0.008178030140697956,0.3099660277366638,0.052089106291532516,0.014701886102557182,0.2574372887611389,0.0033831759355962276,0.022422268986701965,0.00793065968900919,0.001379115041345358,0.17713098227977753,0.1525210738182068,0.05715978518128395,0.12331727147102356,0.008518380112946033,0.06338328123092651,0.08674306422472,0.008913581259548664,0.017413927242159843,0.028219465166330338,0.022734399884939194,0.10324685275554657,0.01393701322376728,0.011737287044525146,0.024549270048737526,0.06576038151979446,0.008206493221223354,0.010697065852582455,0.04943731799721718,,,,,,,,,,,,,,,
unknown,み,28,29,32.447704,32.947704,0.9951172,,0.09297414124011993,0.09834988415241241,0.0495455376803875,0.0828787237405777,0.005579138174653053,0.04036708176136017,0.007739522028714418,0.04759089648723602,0.021348105743527412,0.03601955249905586,0.061832159757614136,0.03548074886202812,0.05240435525774956,0.0945446565747261,0.02408045157790184,0.09394115954637527,0.07398069649934769,0.052873603999614716,0.041875921189785004,0.01678711548447609,0.0037985830567777157,0.008795611560344696,0.01420267391949892,0.03616751357913017,0.007179236970841885,0.006908767390996218,0.319356232881546,0.053087733685970306,0.015235718339681625,0.2613566815853119,0.002293315948918462,0.025601821020245552,0.006399369798600674,0.001010024338029325,0.18102675676345825,0.18336254358291626,0.06255123764276505,0.10454729944467545,0.005714962258934975,0.08348153531551361,0.08110565692186356,0.010214321315288544,0.017780540511012077,0.018709145486354828,0.02687225677073002,0.13310372829437256,0.015229515731334686,0.010016177780926228,0.01770026423037052,0.0704965814948082,0.00797941628843546,0.009526747278869152,0.06335604935884476,,,,,,,,,,,,,,,
unknown,努,30,31,38.92359,39.123466,0.5776367,,0.09091858565807343,0.10224935412406921,0.050565097481012344,0.07816185057163239,0.0049812993966042995,0.03546809405088425,0.007174481172114611,0.04773641377687454,0.015804193913936615,0.03418131172657013,0.051150187849998474,0.03721525892615318,0.04340813681483269,0.09812314808368683,0.021955281496047974,0.08544763922691345,0.07101714611053467,0.05743043124675751,0.03517373651266098,0.013625462539494038,0.0031729242764413357,0.007871055044233799,0.012363853864371777,0.036883238703012466,0.0052788592875003815,0.005309807136654854,0.38064345717430115,0.05327749252319336,0.01324403565376997,0.3300440013408661,0.0021117066498845816,0.02636810764670372,0.005032544955611229,0.000901497493032366,0.19930844008922577,0.197940856218338,0.06698860973119736,0.13377806544303894,0.004595993552356958,0.08081983029842377,0.07405676692724228,0.008450265042483807,0.017051639035344124,0.016768068075180054,0.02394341491162777,0.12297740578651428,0.01257617212831974,0.007615255657583475,0.014850050210952759,0.06946397572755814,0.005672098603099585,0.010095340199768543,0.062429238110780716,,,,,,,,,,,,,,,
unknown,力,32,33,39.123466,39.623466,0.29345703,,0.07773178070783615,0.07686664164066315,0.0459141843020916,0.07965771108865738,0.007021175231784582,0.049770619720220566,0.008508898317813873,0.04500707611441612,0.017864465713500977,0.035012029111385345,0.04964040219783783,0.0474623441696167,0.0587964728474617,0.09661110490560532,0.025701643899083138,0.07596085965633392,0.050922833383083344,0.0627555400133133,0.04207330197095871,0.019881734624505043,0.004499883856624365,0.009575773030519485,0.015903767198324203,0.03319495543837547,0.006679954938590527,0.00478170532733202,0.3353100121021271,0.0509803481400013,0.00998254306614399,0.29478543996810913,0.002796683693304658,0.023176874965429306,0.0051086293533444405,0.0012618240434676409,0.19151605665683746,0.15980523824691772,0.04771759361028671,0.10732409358024597,0.004491511266678572,0.07766961306333542,0.07857989519834518,0.009454307146370411,0.01378694362938404,0.014303469099104404,0.026050612330436707,0.11925284564495087,0.01291836891323328,0.008634037338197231,0.021052902564406395,0.07774464040994644,0.004972605034708977,0.010809699073433876,0.06732350587844849,,,,,,,,,,,,,,,
unknown,海,34,35,45.093845,45.593845,0.93408203,,0.0735917016863823,0.07605322450399399,0.05602751672267914,0.0678538903594017,0.013219489715993404,0.09866542369127274,0.010440749116241932,0.04838980734348297,0.02102668210864067,0.03628525137901306,0.044385168701410294,0.03640240803360939,0.07056671380996704,0.10461756587028503,0.029124917462468147,0.05311856046319008,0.05568728223443031,0.04102253168821335,0.10054458677768707,0.035517774522304535,0.007807085756212473,0.017777668312191963,0.01642809994518757,0.022498255595564842,0.010815384797751904,0.00734529597684741,0.2593730688095093,0.05119563639163971,0.014770742505788803,0.20141911506652832,0.003089195815846324,0.025116952136158943,0.009559981524944305,0.001986999996006489,0.16662606596946716,0.11077576875686646,0.041407279670238495,0.15137909352779388,0.007873862981796265,0.04970204830169678,0.09536755084991455,0.008457100950181484,0.01364422868937254,0.03366267681121826,0.032733749598264694,0.08270076662302017,0.012286914512515068,0.014666062779724598,0.03882172703742981,0.07483912259340286,0.00696216756477952,0.014296182431280613,0.0397011898458004,,,,,,,,,,,,,,,
unknown,マ,36,37,51.27949,51.77949,0.45581055,,0.06401904672384262,0.058270301669836044,0.04181252792477608,0.11942953616380692,0.014556685462594032,0.07239487022161484,0.010216164402663708,0.05207696929574013,0.023319099098443985,0.02305285632610321,0.024411603808403015,0.030551116913557053,0.07151786237955093,0.07900863140821457,0.029607536271214485,0.05489658936858177,0.04020070657134056,0.03904880955815315,0.06471217423677444,0.03093016892671585,0.010314309038221836,0.017214709892868996,0.01652309112250805,0.04697833210229874,0.01513881329447031,0.007403959054499865,0.3025607466697693,0.05050050467252731,0.01039433479309082,0.27787071466445923,0.003876175731420517,0.018597157672047615,0.008531765080988407,0.003600848838686943,0.15094611048698425,0.14851023256778717,0.03529158979654312,0.11022090166807175,0.009517326019704342,0.06986051797866821,0.09029219299554825,0.012056630104780197,0.012518471106886864,0.018645532429218292,0.04268745705485344,0.10946536809206009,0.01623588427901268,0.014988628216087818,0.05575670674443245,0.1425473839044571,0.006124574691057205,0.011891483329236507,0.07523561269044876,,,,,,,,,,,,,,,
unknown,飛,38,39,56.38764,56.507362,0.5566406,,0.05269021913409233,0.04759347438812256,0.06201369687914848,0.11078888177871704,0.016353806480765343,0.11580882966518402,0.011830305680632591,0.04307021573185921,0.021832404658198357,0.032354727387428284,0.03962194547057152,0.03755202889442444,0.08847197145223618,0.13378244638442993,0.03323723375797272,0.046759117394685745,0.06625702232122421,0.036078084260225296,0.12169380486011505,0.04838418588042259,0.011941514909267426,0.023068958893418312,0.019882062450051308,0.026572776958346367,0.01232684962451458,0.009944253601133823,0.24711914360523224,0.05570942908525467,0.014928505755960941,0.175494983792305,0.004109901376068592,0.013818709179759026,0.009192783385515213,0.0035612729843705893,0.1824846714735031,0.09533929824829102,0.024710334837436676,0.16251493990421295,0.011048016138374805,0.0343489795923233,0.09126613289117813,0.008284119889140129,0.01248621754348278,0.034767210483551025,0.044113822281360626,0.08044453710317612,0.017315926030278206,0.01532141212373972,0.05196934938430786,0.07328660786151886,0.008215189911425114,0.013578598387539387,0.0352419912815094,,,,,,,,,,,,,,,
unknown,び,40,41,56.507362,56.627083,0.8120117,,0.04449770599603653,0.04144316911697388,0.056866567581892014,0.10778345167636871,0.016031846404075623,0.12092145532369614,0.012401538901031017,0.03838905319571495,0.02223503589630127,0.036989305168390274,0.04058834910392761,0.039895568042993546,0.09224916249513626,0.12564454972743988,0.03162156045436859,0.04948429390788078,0.06483114510774612,0.03907899931073189,0.11840731650590897,0.04412379860877991,0.010873356834053993,0.022866563871502876,0.019649410620331764,0.026546048000454903,0.011858418583869934,0.00812054518610239,0.26777106523513794,0.05055394023656845,0.012815822847187519,0.20057138800621033,0.003998180385679007,0.014505688101053238,0.009066270664334297,0.0032224238384515047,0.18211352825164795,0.10064202547073364,0.02159765362739563,0.15533816814422607,0.009748275391757488,0.0361500084400177,0.08660069853067398,0.0086137056350708,0.010234878398478031,0.03302396088838577,0.043971408158540726,0.08276530355215073,0.013959350064396858,0.014250483363866806,0.05180278792977333,0.07576519250869751,0.006654025055468082,0.01479512732475996,0.03776891902089119,,,,,,,,,,,,,,,
unknown,跳,42,43,56.627083,56.746807,0.640625,,0.04062564671039581,0.04214702174067497,0.05139818415045738,0.11437467485666275,0.012045412324368954,0.09038656949996948,0.012553943321108818,0.038009654730558395,0.02370327338576317,0.035694971680641174,0.034766532480716705,0.04185065999627113,0.11051186919212341,0.11107102781534195,0.026552287861704826,0.048583902418613434,0.05650191381573677,0.03995785489678383,0.0874517485499382,0.03483995795249939,0.00854647345840931,0.01957441307604313,0.020671062171459198,0.036366675049066544,0.01071110274642706,0.006399780046194792,0.3186919689178467,0.05296424403786659,0.008801570162177086,0.27791860699653625,0.004162532743066549,0.013164076022803783,0.007837933488190174,0.0030804425477981567,0.18721888959407806,0.12018898129463196,0.02325539104640484,0.14309825003147125,0.0074770632199943066,0.03770970180630684,0.08308576792478561,0.008846328593790531,0.010982174426317215,0.023405706509947777,0.03823147714138031,0.08378778398036957,0.015309466980397701,0.011952575296163559,0.05007961019873619,0.08910009264945984,0.005286267027258873,0.013031254522502422,0.04531801491975784,,,,,,,,,,,,,,,
unknown,ン,44,45,56.746807,56.826622,0.8925781,,0.042433544993400574,0.04509439691901207,0.05187992751598358,0.12544624507427216,0.010882475413382053,0.07871963828802109,0.011894534341990948,0.03859366849064827,0.025995614007115364,0.032922398298978806,0.03400878235697746,0.04027961567044258,0.11244945228099823,0.11351349204778671,0.025045471265912056,0.04903971776366234,0.06291792541742325,0.039327193051576614,0.07684115320444107,0.03073791041970253,0.007940701209008694,0.018057845532894135,0.020744148641824722,0.038965947926044464,0.01160865556448698,0.006659241858869791,0.3249669373035431,0.05648011341691017,0.009455869905650616,0.2805348336696625,0.004054693039506674,0.012157558463513851,0.007790922652930021,0.0030557624995708466,0.20049062371253967,0.12408292293548584,0.025623666122555733,0.15916511416435242,0.007736528757959604,0.04109734296798706,0.08004465699195862,0.0080190384760499,0.013415376655757427,0.021778080612421036,0.036484718322753906,0.08613615483045578,0.019613508135080338,0.01201777346432209,0.04769022390246391,0.09176664054393768,0.005365252494812012,0.011558610014617443,0.0458739809691906,,,,,,,,,,,,,,,
unknown,ネ,46,47,56.826622,56.906437,0.9086914,,0.03729076310992241,0.04070401191711426,0.04590125009417534,0.11898577213287354,0.012246686965227127,0.0866621881723404,0.013351816684007645,0.03362645208835602,0.02536163292825222,0.03398744389414787,0.033880092203617096,0.0437285415828228,0.11047361046075821,0.11139243841171265,0.025904687121510506,0.0473589263856411,0.05625132471323013,0.04549625515937805,0.07590135931968689,0.03115546889603138,0.007826379500329494,0.019345054402947426,0.02170388214290142,0.035707730799913406,0.011097553186118603,0.006333936005830765,0.3335893154144287,0.05032505840063095,0.00835401564836502,0.29624316096305847,0.004463952500373125,0.011938821524381638,0.00765825854614377,0.0030100634321570396,0.20197124779224396,0.1198057308793068,0.0244453027844429,0.14547482132911682,0.007603324484080076,0.043542228639125824,0.07617177814245224,0.007871096953749657,0.012162376195192337,0.021725362166762352,0.036248791962862015,0.0824783593416214,0.016950158402323723,0.011476896703243256,0.04626190662384033,0.08390560746192932,0.005047731567174196,0.012281211093068123,0.047285087406635284,,,,,,,,,,,,,,,
unknown,ー,48,49,56.906437,56.98625,0.9243164,,0.04362592473626137,0.049566082656383514,0.05310973525047302,0.12400691956281662,0.008683019317686558,0.06426253169775009,0.012254247441887856,0.04046901687979698,0.02027449943125248,0.03134344145655632,0.03663836419582367,0.04055588319897652,0.08742240071296692,0.09981987625360489,0.02014857716858387,0.05758335813879967,0.06869044899940491,0.046872105449438095,0.059963736683130264,0.019525092095136642,0.005107060074806213,0.016839392483234406,0.01549313124269247,0.04985962063074112,0.008691273629665375,0.005781726911664009,0.37692588567733765,0.056359633803367615,0.008693632669746876,0.35993462800979614,0.003928752616047859,0.015430442988872528,0.006150383967906237,0.002378051867708564,0.19542694091796875,0.157986581325531,0.028161654248833656,0.15335798263549805,0.0070704747922718525,0.048136938363313675,0.06711043417453766,0.010413652285933495,0.01344235148280859,0.02150096371769905,0.031324248760938644,0.0994628518819809,0.01786070130765438,0.00891641154885292,0.03481917828321457,0.08872655779123306,0.004667738452553749,0.012411772273480892,0.05711723864078522,,,,,,,,,,,,,,,
unknown,ル,50,51,56.98625,57.48625,0.7675781,,0.03593514859676361,0.039531953632831573,0.05186251923441887,0.12384943664073944,0.013014597818255424,0.08848640322685242,0.010351080447435379,0.03401224687695503,0.02167816087603569,0.029933756217360497,0.033648792654275894,0.04808403551578522,0.12098444253206253,0.10891100019216537,0.02508571930229664,0.03972163051366806,0.06737864017486572,0.047668855637311935,0.06859654933214188,0.030919967219233513,0.008454720489680767,0.017134224995970726,0.018379371613264084,0.03549480438232422,0.009428721852600574,0.004979615565389395,0.3185466527938843,0.05655461177229881,0.008204199373722076,0.27563801407814026,0.0038185915909707546,0.008973467163741589,0.005750652402639389,0.003149565774947405,0.22188802063465118,0.09993626922369003,0.022122489288449287,0.1345781683921814,0.0061118267476558685,0.04026207700371742,0.07061748951673508,0.006189924664795399,0.013862483203411102,0.017618898302316666,0.03629032149910927,0.07788551598787308,0.024538053199648857,0.00936019979417324,0.04631587117910385,0.08371113985776901,0.003956025466322899,0.008305142633616924,0.04368827864527702,,,,,,,,,,,,,,,
unknown,寝,52,53,62.35658,62.516464,0.99072266,,0.04327233135700226,0.04191229119896889,0.071867436170578,0.11322006583213806,0.006715777330100536,0.055845990777015686,0.006589312572032213,0.042666055262088776,0.016601240262389183,0.03325510770082474,0.0547417551279068,0.06624160706996918,0.09728959202766418,0.09122216701507568,0.019543122500181198,0.06383729726076126,0.0666833147406578,0.050224196165800095,0.037362366914749146,0.01748935878276825,0.0052842749282717705,0.010169006884098053,0.00948171317577362,0.04475446045398712,0.006514898966997862,0.004090193659067154,0.34708547592163086,0.0646480843424797,0.006592952646315098,0.27988019585609436,0.002093515358865261,0.013319394551217556,0.00477734487503767,0.001866348902694881,0.24307027459144592,0.10754991322755814,0.017123062163591385,0.07755517959594727,0.0038695912808179855,0.05252077430486679,0.06159229576587677,0.008423928171396255,0.0077163721434772015,0.00857666414231062,0.02772321179509163,0.1241166889667511,0.017677444964647293,0.006613667588680983,0.027685299515724182,0.08439770340919495,0.003919334150850773,0.009925873950123787,0.06049993261694908,,,,,,,,,,,,,,,
unknown,る,54,55,62.516464,63.016464,0.9902344,,0.03143663704395294,0.03042709082365036,0.05786128342151642,0.11527301371097565,0.0038647865876555443,0.04090642184019089,0.005587272811681032,0.029704445973038673,0.016171930357813835,0.05276859179139137,0.0821911096572876,0.07546897232532501,0.07878146320581436,0.0777403861284256,0.017521418631076813,0.11053961515426636,0.054009247571229935,0.05734608322381973,0.024998225271701813,0.010178351774811745,0.003093649400398135,0.006899516098201275,0.007749562151730061,0.05222485587000847,0.004990330431610346,0.0029948465526103973,0.38338759541511536,0.05230911821126938,0.004268450662493706,0.3066575527191162,0.0013249138137325644,0.016687069088220596,0.004115359857678413,0.0009106944198720157,0.2321416437625885,0.13034045696258545,0.01519104465842247,0.048598386347293854,0.002879092702642083,0.059940386563539505,0.04872468486428261,0.012814720161259174,0.005564813502132893,0.0053795101121068,0.022982187569141388,0.17743723094463348,0.013133009895682335,0.004925339017063379,0.01684613525867462,0.07450322061777115,0.0031537271570414305,0.020687850192189217,0.08017881214618683,,,,,,,,,,,,,,,
unknown,み,56,57,68.63212,68.79201,0.6767578,,0.03268904983997345,0.029270825907588005,0.061253711581230164,0.12231133878231049,0.0032088172156363726,0.036959584802389145,0.004908428993076086,0.03394157066941261,0.017071304842829704,0.03595127537846565,0.07016029208898544,0.0756523460149765,0.06263747066259384,0.06856457889080048,0.015839776024222374,0.1119096428155899,0.03767189010977745,0.07169385999441147,0.021786058321595192,0.009188325144350529,0.002940163714811206,0.005920518189668655,0.006837885361164808,0.06300751119852066,0.006018993444740772,0.0032488990109413862,0.40867722034454346,0.053516630083322525,0.003810098860412836,0.34494513273239136,0.0011458828812465072,0.020317405462265015,0.0043292175978422165,0.0008433476905338466,0.20958258211612701,0.13999921083450317,0.01553975511342287,0.033825427293777466,0.002633598865941167,0.07469635456800461,0.06510981917381287,0.020433668047189713,0.006352981552481651,0.004136852920055389,0.026477525010704994,0.21487805247306824,0.01623067446053028,0.0051825628615915775,0.019482439383864403,0.11395414918661118,0.003460954176262021,0.017802676185965538,0.11620554327964783,,,,,,,,,,,,,,,
unknown,か,58,59,68.79201,69.29201,0.5488281,,0.03635251522064209,0.026271644979715347,0.06620991230010986,0.1274731606245041,0.005205056630074978,0.04560815915465355,0.005974958185106516,0.040791384875774384,0.023524092510342598,0.04211901128292084,0.09064850211143494,0.07125948369503021,0.10646980255842209,0.10127429664134979,0.024285949766635895,0.10674754530191422,0.022846315056085587,0.044657472521066666,0.028357502073049545,0.01624559424817562,0.005239084362983704,0.008173936046659946,0.010901331901550293,0.04655097424983978,0.008897725492715836,0.004599163308739662,0.2726905345916748,0.06195923313498497,0.004637777805328369,0.1932116001844406,0.0017248505027964711,0.018449783325195312,0.005566893611103296,0.001553525566123426,0.1811312437057495,0.10682683438062668,0.01101071760058403,0.04279329627752304,0.003910818137228489,0.06969825178384781,0.061126530170440674,0.017573552206158638,0.005084976553916931,0.006188963074237108,0.04058593139052391,0.1666688174009323,0.011913673020899296,0.00846365001052618,0.023591896519064903,0.08248905837535858,0.00471801683306694,0.024720272049307823,0.09443282335996628,,,,,,,,,,,,,,,
unknown,神,60,61,76.325,76.825,0.94921875,,0.03221640735864639,0.03144567087292671,0.05037613958120346,0.12107320874929428,0.008607649244368076,0.0607101134955883,0.007213161792606115,0.041383128613233566,0.011517343111336231,0.04500849172472954,0.05117441713809967,0.07032530009746552,0.0381041057407856,0.05288498103618622,0.025890013203024864,0.12004385143518448,0.03411727398633957,0.0845002755522728,0.018860070034861565,0.009393608197569847,0.004189716186374426,0.009190944023430347,0.004290259908884764,0.09292954206466675,0.004943217616528273,0.00373648083768785,0.45051148533821106,0.05492563545703888,0.005178706254810095,0.4392220675945282,0.0014364529633894563,0.028072763234376907,0.0035776053555309772,0.0011925767175853252,0.14311829209327698,0.17510256171226501,0.013091431930661201,0.029105063527822495,0.004334231838583946,0.1174047440290451,0.04148924723267555,0.02661118283867836,0.004559812601655722,0.005735181737691164,0.035982806235551834,0.22235015034675598,0.01058730948716402,0.004630468785762787,0.014553027227520943,0.07839571684598923,0.0034105214290320873,0.029711740091443062,0.1814681887626648,,,,,,,,,,,,,,,
unknown,牛,62,63,86.645,86.925,0.9980469,,0.06426343321800232,0.044616516679525375,0.08473389595746994,0.13099506497383118,0.0027797676157206297,0.02261948771774769,0.0035074728075414896,0.06682455539703369,0.010284356772899628,0.028148768469691277,0.07328469306230545,0.07869192212820053,0.047348566353321075,0.084026038646698,0.021628817543387413,0.1554141342639923,0.03480273485183716,0.07291551679372787,0.01223175972700119,0.007365623954683542,0.0026775856968015432,0.0036971275694668293,0.005098741967231035,0.08278012275695801,0.003938267007470131,0.003171387827023864,0.44951823353767395,0.08045591413974762,0.005893704481422901,0.37066277861595154,0.0009108645026572049,0.03565152734518051,0.00271603767760098,0.0008241147152148187,0.2191620022058487,0.16080287098884583,0.013550165109336376,0.047882672399282455,0.0015906193293631077,0.123320572078228,0.05038587749004364,0.02618550695478916,0.0047750938683748245,0.0037043739575892687,0.030369967222213745,0.2801433205604553,0.012221448123455048,0.0038137042429298162,0.01157725602388382,0.10429923236370087,0.0037903718184679747,0.012828612700104713,0.18845143914222717,,,,,,,,,,,,,,,
unknown,乳,64,65,86.925,87.36,0.99853516,,0.055196382105350494,0.02947564236819744,0.07299043238162994,0.12560778856277466,0.002822087612003088,0.024029819294810295,0.003025988582521677,0.05747731775045395,0.007808391936123371,0.03152080997824669,0.08047045767307281,0.10878271609544754,0.04592924937605858,0.09429562091827393,0.022515231743454933,0.14021188020706177,0.041432030498981476,0.09668540209531784,0.010296219028532505,0.006824453826993704,0.0023084552958607674,0.0033870916813611984,0.004527650307863951,0.059811048209667206,0.0026838835328817368,0.002913005417212844,0.4226604104042053,0.06867349147796631,0.0060019297525286674,0.3089257776737213,0.0008174433023668826,0.029888754710555077,0.0019065523520112038,0.0007207984453998506,0.21290898323059082,0.11254721879959106,0.0073294732719659805,0.048044703900814056,0.0015247809933498502,0.11786344647407532,0.052059490233659744,0.026029547676444054,0.0024156218860298395,0.002897727070376277,0.035279758274555206,0.2738213539123535,0.007021493744105101,0.002769032260403037,0.009155684150755405,0.08220582455396652,0.003571493783965707,0.0113589558750391,0.2135017365217209,,,,,,,,,,,,,,,
unknown,飛,66,67,92.45661,92.6165,0.9980469,,0.059477392584085464,0.030309133231639862,0.09888249635696411,0.14096085727214813,0.002310302807018161,0.02019568718969822,0.0024052902590483427,0.06389472633600235,0.006578234490007162,0.031222859397530556,0.09935640543699265,0.09717338532209396,0.05230754241347313,0.14477325975894928,0.024297887459397316,0.1506192535161972,0.06538131088018417,0.06591785699129105,0.010105742141604424,0.007256599608808756,0.0020653808023780584,0.002577397273853421,0.004684039857238531,0.05701233446598053,0.0018866010941565037,0.0026997760869562626,0.41819190979003906,0.08788754045963287,0.008515455760061741,0.27015697956085205,0.0006571198464371264,0.02638295665383339,0.0015247417613863945,0.0006194314337335527,0.2736606299877167,0.11731725931167603,0.0060993582010269165,0.07047855854034424,0.0011086271842941642,0.07363243401050568,0.054442938417196274,0.019974462687969208,0.0024945498444139957,0.0026649744249880314,0.03318502753973007,0.2673731744289398,0.0069103604182600975,0.0021793509367853403,0.007277290336787701,0.0724848285317421,0.00337881944142282,0.006667053792625666,0.14322154223918915,,,,,,,,,,,,,,,
unknown,行,68,69,92.6165,92.89632,1.0,,0.09624965488910675,0.0689765140414238,0.1571662873029709,0.19932608306407928,0.003929824102669954,0.025159601122140884,0.0023812877479940653,0.09187977015972137,0.009794282726943493,0.025822538882493973,0.06802711635828018,0.046519484370946884,0.04989800602197647,0.08795776218175888,0.02967238798737526,0.1408468782901764,0.061081208288669586,0.036166515201330185,0.011625021696090698,0.009942058473825455,0.003513942938297987,0.0031053100246936083,0.0039006893057376146,0.09482982009649277,0.003544908482581377,0.0031415577977895737,0.43850216269493103,0.11978887766599655,0.011684324592351913,0.30589932203292847,0.0007301548612304032,0.04304473102092743,0.0017562665743753314,0.0009702829993329942,0.2193557471036911,0.2056673765182495,0.014655969105660915,0.0669456347823143,0.0014613454695791006,0.07188712060451508,0.044858667999506,0.019202399998903275,0.007323618978261948,0.0031714518554508686,0.04973641782999039,0.2555725574493408,0.017991507425904274,0.0030630023684352636,0.009154298342764378,0.09959588199853897,0.0037313494831323624,0.005143079906702042,0.12081461399793625,,,,,,,,,,,,,,,
unknown,機,70,71,92.89632,93.39632,0.9995117,,0.07377240061759949,0.04433082044124603,0.09822885692119598,0.18233853578567505,0.003276076400652528,0.031802691519260406,0.0021729744039475918,0.07613659650087357,0.008831714279949665,0.03911451995372772,0.07278981059789658,0.044099293649196625,0.09170744568109512,0.11875592917203903,0.025025011971592903,0.10081743448972702,0.06188341602683067,0.022150378674268723,0.020908964797854424,0.01282057911157608,0.003390238620340824,0.003190053626894951,0.006600712891668081,0.050519466400146484,0.0027968259528279305,0.0022961916401982307,0.3383823037147522,0.09969519078731537,0.010301131755113602,0.22077780961990356,0.0006675321492366493,0.015271484851837158,0.0015199010958895087,0.0007797307916916907,0.26748883724212646,0.13056713342666626,0.009019717574119568,0.07684039324522018,0.0013520342763513327,0.03666156157851219,0.04479319974780083,0.009152043610811234,0.004091719631105661,0.0036918562836945057,0.043867941945791245,0.17134717106819153,0.010676483623683453,0.002907742513343692,0.014250659383833408,0.09218983352184296,0.0026878572534769773,0.0057578785344958305,0.058295994997024536,,,,,,,,,,,,,,,
unknown,マ,72,73,98.01291,98.09286,0.99072266,,0.03605237975716591,0.022522756829857826,0.05659206211566925,0.1729653924703598,0.004380953963845968,0.042533036321401596,0.004847885575145483,0.04398225247859955,0.010620263405144215,0.05022395774722099,0.08233876526355743,0.09466099739074707,0.09358372539281845,0.12362392991781235,0.026141276583075523,0.10073733329772949,0.06016009300947189,0.0742795318365097,0.015399869531393051,0.010760582983493805,0.0031582589726895094,0.0052445135079324245,0.009264259599149227,0.05459189787507057,0.002982218051329255,0.003175265621393919,0.3641887903213501,0.0747605413198471,0.007928010076284409,0.25833210349082947,0.0012445750180631876,0.015348119661211967,0.0020800428465008736,0.0008732106070965528,0.23724262416362762,0.10879431664943695,0.006937361788004637,0.03536944091320038,0.001910424674861133,0.055657532066106796,0.044773589819669724,0.01690327562391758,0.0037395041435956955,0.00352269783616066,0.06408029049634933,0.17495347559452057,0.011481893248856068,0.003148728748783469,0.012581544928252697,0.07219266891479492,0.003833972616121173,0.013374516740441322,0.10294094681739807,,,,,,,,,,,,,,,
unknown,イ,74,75,98.09286,98.252754,0.99853516,,0.0294913612306118,0.012951288372278214,0.026670528575778008,0.13578207790851593,0.013744679279625416,0.11160875856876373,0.007089977152645588,0.04443198814988136,0.009011613205075264,0.05665373429656029,0.05980898067355156,0.11550581455230713,0.11499493569135666,0.1558353751897812,0.03741034120321274,0.058913454413414,0.038429636508226395,0.10447882860898972,0.05503994971513748,0.02624458447098732,0.005880475509911776,0.011048749089241028,0.01659229025244713,0.03999856486916542,0.003663521260023117,0.0046109389513731,0.32403290271759033,0.05830981209874153,0.010023998096585274,0.23943069577217102,0.0018184743821620941,0.008418460376560688,0.0025808552745729685,0.0014363996451720595,0.21071666479110718,0.06010452285408974,0.003545466111972928,0.052671898156404495,0.003739049192517996,0.03754836693406105,0.05838318541646004,0.020430009812116623,0.0029423264786601067,0.008367683738470078,0.05885784700512886,0.11911412328481674,0.010890871286392212,0.004916191566735506,0.034239646047353745,0.07966509461402893,0.0045468308962881565,0.03928864747285843,0.11425263434648514,,,,,,,,,,,,,,,
unknown,ク,76,77,98.252754,98.752754,0.9926758,,0.04161876440048218,0.015570220537483692,0.028356915339827538,0.15515491366386414,0.015531151555478573,0.11531265079975128,0.00552721181884408,0.05916255712509155,0.01042170636355877,0.04715490713715553,0.05823912471532822,0.08671505004167557,0.1162036582827568,0.17106865346431732,0.04591646045446396,0.05661848559975624,0.03236563503742218,0.07388541102409363,0.060037918388843536,0.03482400253415108,0.008589867502450943,0.009790768846869469,0.017549673095345497,0.02871759608387947,0.005103481467813253,0.005336782895028591,0.2512171268463135,0.06230689585208893,0.013911106623709202,0.16678045690059662,0.0016296724788844585,0.00956385675817728,0.002866511233150959,0.0017632496310397983,0.21545766294002533,0.05038750171661377,0.0035921416711062193,0.058961473405361176,0.003627551021054387,0.04205961897969246,0.07158215343952179,0.018461134284734726,0.0030566700734198093,0.009182291105389595,0.08461607247591019,0.11850067973136902,0.011843310669064522,0.006297501735389233,0.045588891953229904,0.10577990859746933,0.005330825690180063,0.024221312254667282,0.09902823716402054,,,,,,,,,,,,,,,
unknown,木,78,79,105.065,105.565,0.58740234,,0.02984534204006195,0.01039240974932909,0.032359231263399124,0.1642109900712967,0.010981041006743908,0.11219409108161926,0.004558312240988016,0.04516255855560303,0.01248104777187109,0.05202648788690567,0.08589483052492142,0.11229655146598816,0.1318666934967041,0.19891665875911713,0.04836239665746689,0.08208692073822021,0.02029416151344776,0.07843776792287827,0.057337865233421326,0.03754638135433197,0.007275252137333155,0.0075469124130904675,0.020260008051991463,0.02224220149219036,0.0056749191135168076,0.0032886641565710306,0.21197684109210968,0.05979786068201065,0.006835440173745155,0.1218094453215599,0.0015223397640511394,0.012219782918691635,0.002510498743504286,0.0014459592057392001,0.19070714712142944,0.048477280884981155,0.002610687864944339,0.05163216590881348,0.002395050134509802,0.04096201807260513,0.09295784682035446,0.021821897476911545,0.0023023784160614014,0.006845120806246996,0.09211557358503342,0.15072935819625854,0.007229914888739586,0.005591088440269232,0.04215370863676071,0.10450688749551773,0.0032285735942423344,0.016852812841534615,0.10707250982522964,,,,,,,,,,,,,,,
unknown,す,80,81,111.305,111.505,0.84375,,0.018453679978847504,0.008770706132054329,0.03054262325167656,0.16211724281311035,0.007825756445527077,0.12003318220376968,0.004640594590455294,0.028439456596970558,0.015340943820774555,0.07233641296625137,0.11035191267728806,0.11526676267385483,0.15689124166965485,0.22097891569137573,0.04190782830119133,0.06581685692071915,0.02370198629796505,0.05759164318442345,0.0518745593726635,0.03442583233118057,0.005517757963389158,0.0065894946455955505,0.02057310938835144,0.012498537078499794,0.005491170566529036,0.0025794219691306353,0.16995862126350403,0.05092315375804901,0.005900019779801369,0.09554703533649445,0.0012962459586560726,0.008821122348308563,0.0027865837328135967,0.0010387309594079852,0.21287669241428375,0.03571239113807678,0.002615664852783084,0.07006245106458664,0.00167790986597538,0.02746265009045601,0.08525478839874268,0.01298342365771532,0.0022694116923958063,0.0065420689061284065,0.09911395609378815,0.10073737055063248,0.005831552669405937,0.005089819431304932,0.032466087490320206,0.0645236223936081,0.002742207609117031,0.01802004501223564,0.05405472218990326,,,,,,,,,,,,,,,
unknown,む,82,83,111.505,111.625,0.4892578,,0.02200210839509964,0.01401482243090868,0.03127841278910637,0.1925751119852066,0.004451264627277851,0.06649422645568848,0.004760636482387781,0.03389359638094902,0.01998794637620449,0.0646117702126503,0.1190013587474823,0.1504955142736435,0.13801047205924988,0.19802963733673096,0.03149415925145149,0.08698512613773346,0.024949099868535995,0.10513074696063995,0.023283708840608597,0.015597409568727016,0.002505334559828043,0.004778752103447914,0.01735186018049717,0.024831540882587433,0.00594616774469614,0.0023238593712449074,0.2654449939727783,0.07153911143541336,0.0056197429075837135,0.1645635962486267,0.0011771199060603976,0.011378541588783264,0.0031035623978823423,0.0006442427402362227,0.21397051215171814,0.06547515839338303,0.0050680069252848625,0.06438616663217545,0.0012953635305166245,0.052996326237916946,0.07757558673620224,0.014367520809173584,0.004306664690375328,0.00400917511433363,0.07927476614713669,0.12978495657444,0.00888347439467907,0.004826468415558338,0.017942866310477257,0.06748667359352112,0.0025642726104706526,0.02235390804708004,0.09487950056791306,,,,,,,,,,,,,,,
unknown,と,84,85,111.625,111.784996,0.87597656,,0.031208524480462074,0.017109094187617302,0.04437653347849846,0.17272283136844635,0.0045920489355921745,0.06517133116722107,0.0030232947319746017,0.04405815526843071,0.01199775468558073,0.05394572392106056,0.124278724193573,0.1180109828710556,0.08021430671215057,0.20009241998195648,0.03554600849747658,0.10324171930551529,0.04082906246185303,0.10416314750909805,0.028687693178653717,0.0168619342148304,0.002916994271799922,0.0036376789212226868,0.012336703017354012,0.02856714278459549,0.004117812495678663,0.0023238849826157093,0.2891020178794861,0.07699009031057358,0.010303488001227379,0.17425988614559174,0.0007355139823630452,0.01497594453394413,0.0025149353314191103,0.0005193017423152924,0.23357489705085754,0.07419557869434357,0.005152861122041941,0.06881383806467056,0.001180589897558093,0.05355241522192955,0.07358979433774948,0.016423311084508896,0.004722492303699255,0.004681520164012909,0.07408414036035538,0.1636982411146164,0.011817672289907932,0.004234646912664175,0.01554758008569479,0.071842260658741,0.002681068377569318,0.01837327890098095,0.10292098671197891,,,,,,,,,,,,,,,
unknown,こ,86,87,111.784996,111.905,0.6513672,,0.035574350506067276,0.026433847844600677,0.055252403020858765,0.1436198502779007,0.0035712572280317545,0.045485008507966995,0.004497242160141468,0.04846622422337532,0.011738547123968601,0.04889361932873726,0.14368852972984314,0.12228116393089294,0.07218389958143234,0.22239051759243011,0.029778074473142624,0.12673136591911316,0.05133192613720894,0.10814416408538818,0.02160281501710415,0.012562557123601437,0.0022734347730875015,0.004603521432727575,0.012583853676915169,0.03898296132683754,0.00342449638992548,0.0023940058890730143,0.3020828664302826,0.1009674072265625,0.008109061978757381,0.19985736906528473,0.001226622611284256,0.02029774710536003,0.0024083652533590794,0.0005924551514908671,0.23137344419956207,0.09890464693307877,0.010767852887511253,0.08541085571050644,0.0015469298232346773,0.05526374280452728,0.06811337172985077,0.015205442905426025,0.008800925686955452,0.006161309313029051,0.05838717520236969,0.16870544850826263,0.014524257741868496,0.0038189562037587166,0.010665238834917545,0.054536737501621246,0.002462443197146058,0.022108044475317,0.09073419123888016,,,,,,,,,,,,,,,
unknown,ろ,88,89,111.905,112.405,0.7661133,,0.029037071391940117,0.025743279606103897,0.04841620475053787,0.13446937501430511,0.004981864709407091,0.05607016012072563,0.005807950161397457,0.049085866659879684,0.011744007468223572,0.0468529649078846,0.11972425878047943,0.09633129090070724,0.0703185647726059,0.2010403871536255,0.029315633699297905,0.1138228252530098,0.051757995039224625,0.09978179633617401,0.028777454048395157,0.01291603036224842,0.0025324239395558834,0.006470557767897844,0.011849824339151382,0.04999566078186035,0.0037163347005844116,0.0027431948110461235,0.2985004782676697,0.10207662731409073,0.008280533365905285,0.23137928545475006,0.0014351572608575225,0.020296091213822365,0.002814610954374075,0.0007324630278162658,0.18728795647621155,0.11206057667732239,0.011960023082792759,0.0778992548584938,0.002286894479766488,0.04567839577794075,0.07074420899152756,0.018873104825615883,0.011679315008223057,0.008800849318504333,0.060029905289411545,0.15067315101623535,0.01766708865761757,0.004336703103035688,0.013887090608477592,0.06024155020713806,0.002545163966715336,0.026773445308208466,0.0895618349313736,,,,,,,,,,,,,,,
unknown,安,90,91,113.505,113.744995,0.5620117,,0.03394842520356178,0.0333247147500515,0.05310450866818428,0.14769847691059113,0.003330530133098364,0.04257754236459732,0.005003760103136301,0.04450298845767975,0.013506961055099964,0.05494561046361923,0.12429916113615036,0.10154567658901215,0.05854059383273125,0.19361840188503265,0.027328066527843475,0.12013901025056839,0.064348004758358,0.08801998943090439,0.024434614926576614,0.012849151156842709,0.0027617933228611946,0.005022604018449783,0.012672323733568192,0.048785239458084106,0.0049025132320821285,0.002410555724054575,0.32005152106285095,0.10742431879043579,0.008022280409932137,0.22353723645210266,0.001271676504984498,0.015747347846627235,0.003941263537853956,0.0006499348091892898,0.2361350804567337,0.1100422590970993,0.016284745186567307,0.08746740221977234,0.001568252220749855,0.04387523606419563,0.0745893269777298,0.012177140451967716,0.013896121643483639,0.005755604710429907,0.03660803660750389,0.159959614276886,0.025390461087226868,0.0054806554690003395,0.011477675288915634,0.05824551731348038,0.0024004734586924314,0.03115794062614441,0.06833554804325104,,,,,,,,,,,,,,,
unknown,心,92,93,113.744995,114.244995,0.7421875,,0.04671696573495865,0.04986691102385521,0.062054142355918884,0.12221845984458923,0.0031560328789055347,0.034821104258298874,0.006116956006735563,0.08316721767187119,0.009422807022929192,0.03465043008327484,0.13101427257061005,0.09174814820289612,0.03922256454825401,0.2544762194156647,0.03222763538360596,0.13318534195423126,0.0715077668428421,0.0992681011557579,0.021976321935653687,0.01214196253567934,0.002515430562198162,0.005336051341146231,0.011962231248617172,0.0750393494963646,0.0030211356934159994,0.004452807363122702,0.31619250774383545,0.17164447903633118,0.012806289829313755,0.23225390911102295,0.0013710325583815575,0.02497340366244316,0.0031899253372102976,0.0006875476101413369,0.20815443992614746,0.12537413835525513,0.025900984182953835,0.07934219390153885,0.001891836989670992,0.032975003123283386,0.07354936003684998,0.02088058367371559,0.028910940513014793,0.008930112235248089,0.0492292083799839,0.15882018208503723,0.04131496325135231,0.004544970113784075,0.010051904246211052,0.057157423347234726,0.004372582770884037,0.04568536952137947,0.06641142815351486,,,,,,,,,,,,,,,
unknown,な,94,95,115.905,116.265,0.55859375,,0.05147000774741173,0.050305452197790146,0.07716739922761917,0.12626506388187408,0.0016124513931572437,0.016788508743047714,0.0041344198398292065,0.08250796049833298,0.009296702221035957,0.03516676649451256,0.18980300426483154,0.10109806060791016,0.038876891136169434,0.26314711570739746,0.02895096316933632,0.1774570196866989,0.045458387583494186,0.08534038811922073,0.010367918759584427,0.007577219977974892,0.0015314066549763083,0.003175124991685152,0.010028718039393425,0.07304295897483826,0.0021472321823239326,0.004234106279909611,0.31481677293777466,0.17383812367916107,0.0090166125446558,0.2120855450630188,0.0011428659781813622,0.026863185688853264,0.0020748237147927284,0.0005336172180250287,0.20408722758293152,0.15277577936649323,0.027644028887152672,0.10658560693264008,0.0014077589148655534,0.049630165100097656,0.06571071594953537,0.01855410635471344,0.02364577353000641,0.00601315638050437,0.04839015007019043,0.1811501830816269,0.023545999079942703,0.0033129798248410225,0.005567855201661587,0.04186703637242317,0.004587789531797171,0.032955437898635864,0.08665947616100311,,,,,,,,,,,,,,,
unknown,す,96,97,116.265,116.765,0.99609375,,0.07757791131734848,0.07187124341726303,0.08754837512969971,0.14943276345729828,0.002768434351310134,0.02878051996231079,0.00366983562707901,0.10292311012744904,0.009128374978899956,0.029029402881860733,0.11468581110239029,0.08413100242614746,0.04523923993110657,0.22154095768928528,0.03333368897438049,0.11672301590442657,0.05232330784201622,0.0711308941245079,0.01311213057488203,0.011444845236837864,0.0023544607684016228,0.003439738880842924,0.009686742909252644,0.06174870580434799,0.0024748218711465597,0.004324883222579956,0.3192288279533386,0.1828695833683014,0.01316638570278883,0.21054011583328247,0.0010346778435632586,0.026858631521463394,0.0017253527184948325,0.0006475048139691353,0.22616541385650635,0.13596408069133759,0.030881421640515327,0.09070521593093872,0.0013889656402170658,0.043852031230926514,0.060570698231458664,0.01378711685538292,0.02691011130809784,0.005177208688110113,0.06676007062196732,0.15658141672611237,0.032881710678339005,0.00307602621614933,0.008036856539547443,0.05736492574214935,0.004785072058439255,0.019040817394852638,0.06709694862365723,,,,,,,,,,,,,,,
unknown,開,98,99,123.079994,123.24,0.99365234,,0.0562211237847805,0.038306232541799545,0.05415958911180496,0.12108367681503296,0.001956214662641287,0.02564256824553013,0.003914385102689266,0.10003363341093063,0.009084017015993595,0.03400536626577377,0.11588182300329208,0.08805208653211594,0.06891752779483795,0.20745980739593506,0.022497650235891342,0.11602722853422165,0.034526724368333817,0.05935392528772354,0.015200944617390633,0.008983207866549492,0.0016011865809559822,0.0031004128977656364,0.012567146681249142,0.056687187403440475,0.002324499888345599,0.0021518825087696314,0.3619917929172516,0.13519592583179474,0.008160091936588287,0.28699538111686707,0.0009823087602853775,0.021759413182735443,0.0015555465361103415,0.0004797872679773718,0.28185898065567017,0.12353133410215378,0.011494563892483711,0.06376060098409653,0.0007988409488461912,0.03573944792151451,0.06221570074558258,0.016045568510890007,0.008888925425708294,0.0037224870175123215,0.038546908646821976,0.15975844860076904,0.015375928021967411,0.002677015960216522,0.013393925502896309,0.10356271266937256,0.002391890622675419,0.027614695951342583,0.06907474994659424,,,,,,,,,,,,,,,
unknown,け,100,101,123.24,123.399994,0.99121094,,0.07840119302272797,0.04765138030052185,0.05812658369541168,0.14455506205558777,0.004353890661150217,0.04406706243753433,0.0030768373981118202,0.0807114914059639,0.01024769525974989,0.02996944822371006,0.06707444041967392,0.05887613072991371,0.09185594320297241,0.14570562541484833,0.027884364128112793,0.07138407230377197,0.06360957026481628,0.06543183326721191,0.01939545013010502,0.012924631126224995,0.0021324569825083017,0.003020660486072302,0.013503171503543854,0.04028797522187233,0.0020632189698517323,0.002425985410809517,0.43987444043159485,0.08758889138698578,0.01971721276640892,0.30528393387794495,0.0008306290255859494,0.016365692019462585,0.0012768014566972852,0.00045225824578665197,0.3264082968235016,0.1366722285747528,0.011085955426096916,0.046928081661462784,0.0010175195056945086,0.044668048620224,0.04129506275057793,0.007377526257187128,0.0069334851577878,0.003998668398708105,0.056040242314338684,0.11760389804840088,0.012386510148644447,0.0023671016097068787,0.014350940473377705,0.0981263592839241,0.0031969386618584394,0.006777158472687006,0.06172425299882889,,,,,,,,,,,,,,,
unknown,る,102,103,123.399994,123.899994,0.9658203,,0.07977642863988876,0.05675622075796127,0.07136902958154678,0.14801432192325592,0.0025895878206938505,0.023498427122831345,0.002685847692191601,0.08354508131742477,0.009672239422798157,0.023560451343655586,0.07907240092754364,0.0645449310541153,0.057400405406951904,0.14868153631687164,0.024763651192188263,0.0974147692322731,0.07334449142217636,0.08395811170339584,0.010923580266535282,0.008224030025303364,0.001641620765440166,0.0022589880973100662,0.009849187918007374,0.06313880532979965,0.001880246214568615,0.00261636427603662,0.49808135628700256,0.11291676759719849,0.016502443701028824,0.35279580950737,0.0007709959172643721,0.018680553883314133,0.001287955674342811,0.0004103929386474192,0.32462459802627563,0.17256402969360352,0.015952469781041145,0.04556212201714516,0.0008721249760128558,0.05822411924600601,0.04324890300631523,0.008692702278494835,0.0113731250166893,0.0031510612461715937,0.044693220406770706,0.15756601095199585,0.020600317046046257,0.0022236432414501905,0.008639920502901077,0.0866420790553093,0.0034522837959229946,0.005431999918073416,0.08070571720600128,,,,,,,,,,,,,,,
unknown,生,104,105,129.48,129.64,0.9404297,,0.041716281324625015,0.029902564361691475,0.053159017115831375,0.12681643664836884,0.002853100188076496,0.04264739155769348,0.003321607830002904,0.053581323474645615,0.011217784136533737,0.05189390480518341,0.12041293829679489,0.07447909563779831,0.07172676920890808,0.22348906099796295,0.02752264216542244,0.09946305304765701,0.08272610604763031,0.05676405131816864,0.02224581129848957,0.012865424156188965,0.002293216995894909,0.003209998132660985,0.012793531641364098,0.030658237636089325,0.002382622566074133,0.002547021023929119,0.33886173367500305,0.08765269070863724,0.012225068174302578,0.20946098864078522,0.0007725891191512346,0.016667747870087624,0.001884043333120644,0.0004286247421987355,0.3342589735984802,0.10568370670080185,0.009309442713856697,0.07892343401908875,0.0010576157364994287,0.026883957907557487,0.06154334172606468,0.00953275803476572,0.0072246575728058815,0.005182144232094288,0.049290597438812256,0.13118521869182587,0.013640107586979866,0.0028173162136226892,0.012177079916000366,0.07356642931699753,0.0029437809716910124,0.012555868364870548,0.03912383317947388,,,,,,,,,,,,,,,
unknown,き,106,107,129.64,129.8,0.99658203,,0.044624362140893936,0.03556941822171211,0.055521272122859955,0.1314830631017685,0.0023585353046655655,0.03318040817975998,0.0030990864615887403,0.05329165235161781,0.011142618954181671,0.040280070155858994,0.11413875967264175,0.07927963137626648,0.05913583189249039,0.21551208198070526,0.026755578815937042,0.09624383598566055,0.06469955295324326,0.06324824690818787,0.014630885794758797,0.011801094748079777,0.0019665902946144342,0.0026542888954281807,0.011391876265406609,0.029856795445084572,0.0021856348030269146,0.002113299211487174,0.4035140573978424,0.08965421468019485,0.008843681775033474,0.25482428073883057,0.0008314349106512964,0.01862303540110588,0.0016736583784222603,0.00041771598625928164,0.3543774485588074,0.12017468363046646,0.010956449434161186,0.08048009127378464,0.000730065512470901,0.03141934424638748,0.06525085121393204,0.0077134170569479465,0.0068551623262465,0.003526324639096856,0.045843660831451416,0.12966805696487427,0.010121687315404415,0.002389635192230344,0.009544026106595993,0.0728047713637352,0.002500358270481229,0.007511613890528679,0.041404906660318375,,,,,,,,,,,,,,,
unknown,る,108,109,129.8,130.3,0.9980469,,0.042296525090932846,0.03446453437209129,0.06402631103992462,0.22372610867023468,0.0015332138864323497,0.03427506610751152,0.004937535151839256,0.036938443779945374,0.02954389713704586,0.06374385952949524,0.13267578184604645,0.08470895886421204,0.11669386923313141,0.18616239726543427,0.01876407489180565,0.07071438431739807,0.04824480786919594,0.03365056589245796,0.01945405825972557,0.014851534739136696,0.002354212338104844,0.004007014911621809,0.02017281949520111,0.016770491376519203,0.00770166702568531,0.003739092033356428,0.218217670917511,0.07856982201337814,0.006809387821704149,0.1168137788772583,0.0015793518396094441,0.008942189626395702,0.002657666802406311,0.0007810758543200791,0.3363548219203949,0.07132555544376373,0.01581937074661255,0.14761993288993835,0.001241902937181294,0.02270767092704773,0.07022301852703094,0.007875419221818447,0.013064698316156864,0.004735566675662994,0.054402973502874374,0.09484954923391342,0.02434764802455902,0.0047530485317111015,0.01724931411445141,0.0751805379986763,0.004993291571736336,0.011304445564746857,0.0238939318805933,,,,,,,,,,,,,,,
unknown,一,110,111,134.49385,134.81311,0.96484375,,0.025043552741408348,0.025874532759189606,0.056978967040777206,0.15935827791690826,0.0035726134665310383,0.06773796677589417,0.006439229007810354,0.026583822444081306,0.0251785721629858,0.0848139226436615,0.12780283391475677,0.10910917818546295,0.12200313061475754,0.1606389433145523,0.0246930792927742,0.061865344643592834,0.037616971880197525,0.05234336480498314,0.020540477707982063,0.020337197929620743,0.002904152497649193,0.006071517243981361,0.017167778685688972,0.01441163755953312,0.00545863714069128,0.0023730448447167873,0.24366584420204163,0.06600090861320496,0.004567794501781464,0.1414947658777237,0.0019493578001856804,0.008795968256890774,0.002301829634234309,0.0008688162779435515,0.2572929859161377,0.06642333418130875,0.011886210180819035,0.12276025861501694,0.0012923803878948092,0.02809217758476734,0.052322156727313995,0.0055141872726380825,0.0072929346933960915,0.005422019399702549,0.06751283258199692,0.07370438426733017,0.010702364146709442,0.004012478515505791,0.014400346204638481,0.04081990197300911,0.0027001812122762203,0.016019640490412712,0.027016259729862213,,,,,,,,,,,,,,,
unknown,生,112,113,134.81311,135.31311,0.9458008,,0.04214397072792053,0.03308141604065895,0.06282226741313934,0.21747228503227234,0.00319185433909297,0.0553068183362484,0.006852948106825352,0.03797226771712303,0.02946339175105095,0.05068736523389816,0.08289507776498795,0.0873459056019783,0.08985216170549393,0.16153669357299805,0.023430129513144493,0.06900154799222946,0.050961293280124664,0.06396837532520294,0.026753462851047516,0.01936534233391285,0.003503515152260661,0.006430553738027811,0.020100589841604233,0.021533073857426643,0.009720002301037312,0.0035391186829656363,0.3237917721271515,0.07195230573415756,0.007438126020133495,0.19024543464183807,0.002251268131658435,0.012534687295556068,0.003376331180334091,0.001072303275577724,0.2947574555873871,0.08900313079357147,0.013713805004954338,0.11458241939544678,0.0018564753700047731,0.03679598122835159,0.07856553047895432,0.008113279938697815,0.009590842761099339,0.005661544855684042,0.06453078985214233,0.10914403200149536,0.018967201933264732,0.005890551954507828,0.019728049635887146,0.08627531677484512,0.003782440908253193,0.011998948641121387,0.038549572229385376,,,,,,,,,,,,,,,
unknown,ゆ,114,115,140.83926,141.11862,0.54541016,,0.044941674917936325,0.04690852761268616,0.09664158523082733,0.19238047301769257,0.0022833277471363544,0.036005452275276184,0.0056352028623223305,0.04465888813138008,0.020979080349206924,0.05165779963135719,0.08289974182844162,0.06777462363243103,0.07468590885400772,0.15054304897785187,0.020020026713609695,0.09322822093963623,0.07064302265644073,0.04922124743461609,0.01989581808447838,0.012134910561144352,0.0022792015224695206,0.004969974048435688,0.01380970049649477,0.03853018954396248,0.005606396589428186,0.0021601608023047447,0.3926357626914978,0.09738627821207047,0.007408628240227699,0.2756568491458893,0.0018172479467466474,0.013682279735803604,0.00227907276712358,0.0008339377818629146,0.2828497886657715,0.15593376755714417,0.018934525549411774,0.13437262177467346,0.0015115519054234028,0.03849643096327782,0.054192423820495605,0.005768503062427044,0.012063505128026009,0.005879449658095837,0.04165825620293617,0.12356244772672653,0.016825173050165176,0.003973821178078651,0.01158504094928503,0.06638510525226593,0.00208527990616858,0.008946958929300308,0.03744294494390488,,,,,,,,,,,,,,,
unknown,霊,116,117,141.11862,141.61862,0.89208984,,0.056016962975263596,0.08916956186294556,0.06230025365948677,0.1626589000225067,0.002796346554532647,0.028104394674301147,0.006338474806398153,0.05440972000360489,0.015419231727719307,0.03241364657878876,0.06760933250188828,0.03726544976234436,0.06178342178463936,0.1018654927611351,0.013355429284274578,0.11926368623971939,0.11657720804214478,0.050473716109991074,0.02694723568856716,0.005632593296468258,0.0015704421093687415,0.007872839458286762,0.00824813637882471,0.07378154247999191,0.005052804946899414,0.003770694136619568,0.4301665723323822,0.0936727449297905,0.005953072104603052,0.3579089045524597,0.001786567154340446,0.03745604306459427,0.0035130265168845654,0.0008469079039059579,0.2034856379032135,0.3028421700000763,0.06039778143167496,0.22545050084590912,0.0043520256876945496,0.03756231069564819,0.052453480660915375,0.01156003586947918,0.02408108115196228,0.015226788818836212,0.02462523616850376,0.14641451835632324,0.016771703958511353,0.003957606852054596,0.013205711729824543,0.08959240466356277,0.0032203628215938807,0.011475232429802418,0.05027979984879494,,,,,,,,,,,,,,,
unknown,家,118,119,146.58604,147.06,0.6533203,,0.01835697516798973,0.03481825813651085,0.022946786135435104,0.11812681704759598,0.004803352057933807,0.06871546804904938,0.01269438024610281,0.01629110611975193,0.02087119221687317,0.09408853203058243,0.07289890944957733,0.04201536998152733,0.06619075685739517,0.051961883902549744,0.01248860266059637,0.096559539437294,0.08884640783071518,0.05396677553653717,0.04976379871368408,0.006989510729908943,0.0019031325355172157,0.014632344245910645,0.009105861186981201,0.04362659901380539,0.005882981698960066,0.0030448706820607185,0.3717688322067261,0.033550333231687546,0.002986280247569084,0.3676197826862335,0.0021179767791181803,0.02145642228424549,0.005507539492100477,0.000686559418682009,0.15712329745292664,0.19874711334705353,0.034669749438762665,0.10775425285100937,0.005255203228443861,0.023458531126379967,0.03607061877846718,0.01531500369310379,0.011435059830546379,0.016896357759833336,0.01717223972082138,0.11430265009403229,0.012256990186870098,0.004815442953258753,0.018800877034664154,0.05722895264625549,0.0026888165157288313,0.046928755939006805,0.0384838730096817,,,,,,,,,,,,,,,
unknown,波,120,121,151.95999,152.23999,0.9995117,,0.04513733834028244,0.06270015239715576,0.04626687988638878,0.13702572882175446,0.003851322690024972,0.032834507524967194,0.004446058068424463,0.04517237842082977,0.0138175617903471,0.025036798790097237,0.035819265991449356,0.023326996713876724,0.06013716012239456,0.05070704221725464,0.012141776271164417,0.09026104211807251,0.06904565542936325,0.030804619193077087,0.03204108774662018,0.007660556118935347,0.002266291296109557,0.0065199146047234535,0.0064466241747140884,0.07554458826780319,0.005517235957086086,0.002091941423714161,0.4627210795879364,0.053601279854774475,0.003940308466553688,0.47425785660743713,0.001256799791008234,0.024094048887491226,0.00339731783606112,0.0009042287128977478,0.20128074288368225,0.27666357159614563,0.03589726239442825,0.14099934697151184,0.002592924516648054,0.04134068265557289,0.047776397317647934,0.009947855956852436,0.010424703359603882,0.009359053336083889,0.01596815325319767,0.14708536863327026,0.01211150735616684,0.004078232683241367,0.02414925955235958,0.15103502571582794,0.0018145199865102768,0.007423272356390953,0.059794921427965164,,,,,,,,,,,,,,,
unknown,が,122,123,152.23999,152.36,0.9995117,,0.05124124139547348,0.07508254051208496,0.10068266838788986,0.15692168474197388,0.0018098739674314857,0.01946655474603176,0.003018629737198353,0.04889901354908943,0.01208108477294445,0.03718094527721405,0.07499151676893234,0.026499981060624123,0.03376682475209236,0.060190584510564804,0.014203060418367386,0.14906045794487,0.07948794215917587,0.020415790379047394,0.01526567805558443,0.006182047538459301,0.001995100872591138,0.003780106781050563,0.0037244209088385105,0.07007425278425217,0.003921048250049353,0.001627385034225881,0.41502344608306885,0.0739414393901825,0.003792143426835537,0.3840291500091553,0.0009538890444673598,0.03389173373579979,0.0021278385538607836,0.0007444967050105333,0.21320787072181702,0.30780157446861267,0.039000362157821655,0.18822956085205078,0.0015850648051127791,0.03847625479102135,0.03831154480576515,0.008876083418726921,0.011029445566236973,0.006360017228871584,0.018913688138127327,0.18759536743164062,0.01204035896807909,0.00290474365465343,0.0094210896641016,0.08859619498252869,0.0014798635384067893,0.006988630164414644,0.04362890496850014,,,,,,,,,,,,,,,
unknown,あ,124,125,152.36,152.48,0.9995117,,0.05156587436795235,0.07158908247947693,0.10891131311655045,0.1748809516429901,0.0015056998236104846,0.017450731247663498,0.0029870278667658567,0.04895751178264618,0.013599815778434277,0.03105895034968853,0.05640552192926407,0.027827730402350426,0.04017886519432068,0.0607941672205925,0.01323660183697939,0.12295544147491455,0.07062696665525436,0.020684396848082542,0.012404607608914375,0.00597577728331089,0.0018431487260386348,0.0034620421938598156,0.004408101551234722,0.06300108879804611,0.004391132853925228,0.00134417659137398,0.4416899085044861,0.07444380968809128,0.003330347128212452,0.4060259461402893,0.0010445667430758476,0.033581651747226715,0.0020024243276566267,0.0007776524871587753,0.22939085960388184,0.2979487180709839,0.03298244625329971,0.1829710602760315,0.0012032389640808105,0.04146845266222954,0.03859716281294823,0.0066599114798009396,0.008592745289206505,0.004789026454091072,0.02106502465903759,0.16636982560157776,0.009294458664953709,0.0027449517510831356,0.009263994172215462,0.09784331172704697,0.0012254122411832213,0.004523156210780144,0.04217273369431496,,,,,,,,,,,,,,,
unknown,る,126,127,152.48,152.98,0.9995117,,0.05380874499678612,0.09752032160758972,0.09256850183010101,0.18022295832633972,0.001685556722804904,0.01600801944732666,0.003886518068611622,0.050590503960847855,0.016020312905311584,0.031983163207769394,0.050146814435720444,0.03192606568336487,0.031498514115810394,0.05503261089324951,0.013508620671927929,0.11614425480365753,0.0674714520573616,0.03296637907624245,0.009010068140923977,0.004980036988854408,0.0015788640594109893,0.003925755620002747,0.004295340273529291,0.09149095416069031,0.004749423358589411,0.00180159998126328,0.5157963037490845,0.09330427646636963,0.0033020346891134977,0.5060469508171082,0.0013562534004449844,0.03873731568455696,0.002141958801075816,0.0008010132005438209,0.2127232849597931,0.34209558367729187,0.05991300195455551,0.1576961874961853,0.001454756362363696,0.048434484750032425,0.037432797253131866,0.007078012451529503,0.020167332142591476,0.004679903853684664,0.025393128395080566,0.15413130819797516,0.019276123493909836,0.0028138840571045876,0.0075887590646743774,0.08710335195064545,0.0015400317497551441,0.0068703158758580685,0.0506097748875618,,,,,,,,,,,,,,,
unknown,い,128,129,158.59999,158.72,0.9667969,,0.04883252829313278,0.07894641906023026,0.05998532846570015,0.12143699079751968,0.0025019112508744,0.022081224247813225,0.007720489986240864,0.0501101091504097,0.019794581457972527,0.04568495973944664,0.04989054799079895,0.02867589145898819,0.0432414747774601,0.07943464070558548,0.01443073246628046,0.11325840651988983,0.06832436472177505,0.044661302119493484,0.020447926595807076,0.006125579588115215,0.0019616521894931793,0.007540905382484198,0.00843183882534504,0.10292286425828934,0.005909664556384087,0.0041594430804252625,0.47297388315200806,0.0858340635895729,0.006230786442756653,0.4749719202518463,0.0017050917958840728,0.030074721202254295,0.0044091567397117615,0.0007258627447299659,0.17750205099582672,0.31491848826408386,0.054251428693532944,0.09855306148529053,0.003471316071227193,0.04640825837850571,0.04485804960131645,0.011022079735994339,0.025278141722083092,0.013631056062877178,0.022117501124739647,0.13007600605487823,0.02687116712331772,0.005552672315388918,0.01038268581032753,0.07416504621505737,0.0033668093383312225,0.025154871866106987,0.052957210689783096,,,,,,,,,,,,,,,
unknown,け,130,131,158.72,158.88,0.9951172,,0.056461598724126816,0.09537691622972488,0.0705019012093544,0.09138493984937668,0.001769036054611206,0.014788483269512653,0.008229080587625504,0.06828861683607101,0.017761610448360443,0.03886543586850166,0.0902874618768692,0.02952980436384678,0.0354984812438488,0.12753024697303772,0.0146080506965518,0.19139128923416138,0.049752503633499146,0.044770773500204086,0.020774275064468384,0.004803784191608429,0.0015399182448163629,0.008212188258767128,0.009221082553267479,0.11057133972644806,0.00583830289542675,0.006713644601404667,0.40224674344062805,0.1121053472161293,0.005669731646776199,0.3527882397174835,0.0017504430143162608,0.0511544868350029,0.006509075406938791,0.0006586587405763566,0.13949362933635712,0.3877936601638794,0.08544830232858658,0.13695953786373138,0.0052900658920407295,0.05603288486599922,0.06820452958345413,0.01663369871675968,0.033333875238895416,0.02534409426152706,0.01847694255411625,0.16344676911830902,0.01749126799404621,0.007329879328608513,0.008734616450965405,0.06802324950695038,0.005110578611493111,0.039103396236896515,0.05950293689966202,,,,,,,,,,,,,,,
unknown,な,132,133,158.88,159.0,0.9921875,,0.04640193656086922,0.07709752768278122,0.07345462590456009,0.10200924426317215,0.0011599216377362609,0.01165893767029047,0.007017346564680338,0.05529515817761421,0.01594066247344017,0.04731641709804535,0.11346907913684845,0.03411763161420822,0.02996833063662052,0.12168475985527039,0.014482254162430763,0.24769051373004913,0.04324162006378174,0.03933004289865494,0.012976805679500103,0.003907458391040564,0.0013781257439404726,0.005708056967705488,0.007891759276390076,0.10991334170103073,0.004592449404299259,0.004277619533240795,0.39876028895378113,0.09843599796295166,0.0038782928604632616,0.3688860833644867,0.0014912126353010535,0.04589565098285675,0.00444838497787714,0.0005426130956038833,0.15027345716953278,0.4076765477657318,0.07580399513244629,0.12561610341072083,0.0035582268610596657,0.059745412319898605,0.06806071102619171,0.017900928854942322,0.025575703009963036,0.01357040274888277,0.01613757573068142,0.208814337849617,0.014037501998245716,0.005290045868605375,0.00665669608861208,0.06996309757232666,0.0032549609895795584,0.040037721395492554,0.063811756670475,,,,,,,,,,,,,,,
unknown,い,134,135,159.0,159.5,0.9975586,,0.10374253243207932,0.16143551468849182,0.117987260222435,0.10191584378480911,0.0008706507505849004,0.00824132189154625,0.004205373115837574,0.10106263309717178,0.015325806103646755,0.02846146933734417,0.1156550869345665,0.03232540562748909,0.03248453885316849,0.1861170381307602,0.014785884879529476,0.21614961326122284,0.049457404762506485,0.02960529737174511,0.011629721149802208,0.0044353799894452095,0.001359605579636991,0.0038147582672536373,0.008725379593670368,0.09245448559522629,0.004866080824285746,0.0059013813734054565,0.34432467818260193,0.1692499965429306,0.006595831364393234,0.26270726323127747,0.0011009951122105122,0.04906478524208069,0.004462075419723988,0.0005085407174192369,0.19939762353897095,0.39957600831985474,0.1329508274793625,0.20682939887046814,0.002959768520668149,0.062053289264440536,0.09052065014839172,0.009807508438825607,0.051614005118608475,0.013694812543690205,0.014746640808880329,0.18558348715305328,0.021516581997275352,0.005967107601463795,0.006281084381043911,0.0768878236413002,0.004843925125896931,0.01573195680975914,0.04370943456888199,,,,,,,,,,,,,,,
unknown,勉,136,137,164.49294,164.81273,0.99902344,,0.10231010615825653,0.15831656754016876,0.13037477433681488,0.14253538846969604,0.0012254812754690647,0.01246048416942358,0.003276934614405036,0.09110552072525024,0.020074445754289627,0.03591731935739517,0.0815446674823761,0.025330422446131706,0.03325658664107323,0.15247823297977448,0.0189786646515131,0.14075663685798645,0.11353857815265656,0.02229470945894718,0.01644044928252697,0.007224956061691046,0.0026850171852856874,0.0033130270894616842,0.008883127942681313,0.08114498853683472,0.006675791926681995,0.004646965768188238,0.3236507773399353,0.17178384959697723,0.014098180457949638,0.26158225536346436,0.0009703782852739096,0.0322733148932457,0.004842108581215143,0.0006989521207287908,0.25327956676483154,0.30519136786460876,0.09969016164541245,0.18835321068763733,0.002499039750546217,0.04446408897638321,0.06702688336372375,0.005517561919987202,0.061966024339199066,0.011921599507331848,0.02742222137749195,0.1465882956981659,0.052020277827978134,0.0073441448621451855,0.008206252939999104,0.07713998854160309,0.004076787736266851,0.008191680535674095,0.027607636526226997,,,,,,,,,,,,,,,
unknown,強,138,139,164.81273,165.31273,0.98339844,,0.051631081849336624,0.06854608654975891,0.08536168187856674,0.10924101620912552,0.001104800496250391,0.009802575223147869,0.003812527284026146,0.0700007975101471,0.011958913877606392,0.03223208710551262,0.08399023860692978,0.05375155806541443,0.03631836548447609,0.12117857486009598,0.012696330435574055,0.17983953654766083,0.09098471701145172,0.06908208131790161,0.009089856408536434,0.0029847549740225077,0.001088799093849957,0.0032791662961244583,0.005830641370266676,0.11629504710435867,0.0030646598897874355,0.002537770662456751,0.5475881099700928,0.12227123230695724,0.0047101122327148914,0.48812779784202576,0.0009770093020051718,0.05084723234176636,0.0030217694584280252,0.00047813105629757047,0.2619493007659912,0.3538936972618103,0.036127615720033646,0.11035428196191788,0.001461028354242444,0.05244676396250725,0.06540456414222717,0.013012295588850975,0.015826987102627754,0.0058589777909219265,0.013442009687423706,0.2128993570804596,0.013964766636490822,0.0030177829321473837,0.0068167392164468765,0.11009961366653442,0.002177914371713996,0.008647049777209759,0.07593344897031784,,,,,,,,,,,,,,,
unknown,マ,140,141,171.88809,172.04799,0.97314453,,0.04026975855231285,0.046348538249731064,0.06463481485843658,0.14104340970516205,0.0025457623414695263,0.02130112238228321,0.004654614254832268,0.049943722784519196,0.024119660258293152,0.037625622004270554,0.04264575242996216,0.03689677640795708,0.050896503031253815,0.047359105199575424,0.011889555491507053,0.13744394481182098,0.06274707615375519,0.04803207516670227,0.015719197690486908,0.004606005270034075,0.0025534206070005894,0.00579959899187088,0.005615722853690386,0.13001511991024017,0.00860703643411398,0.0034350226633250713,0.5617491006851196,0.06820469349622726,0.003537579206749797,0.5199981331825256,0.00110436393879354,0.04434725269675255,0.005193124990910292,0.0008947259630076587,0.21622160077095032,0.33649513125419617,0.023042095825076103,0.045744337141513824,0.0034162686206400394,0.055203184485435486,0.0528002493083477,0.017928017303347588,0.009362328797578812,0.00494025694206357,0.016560977324843407,0.2169463187456131,0.01673826202750206,0.005040727090090513,0.019262628629803658,0.21313358843326569,0.002797270193696022,0.011980668641626835,0.09129712730646133,,,,,,,,,,,,,,,
unknown,イ,142,143,172.04799,172.16791,0.8808594,,0.029812045395374298,0.02849271334707737,0.054697435349226,0.15141303837299347,0.004205850884318352,0.047662403434515,0.0054067587479949,0.03665762022137642,0.027879983186721802,0.058253541588783264,0.04914109408855438,0.04198924079537392,0.08128052949905396,0.05659535154700279,0.016273070126771927,0.12328911572694778,0.06650600582361221,0.03730061650276184,0.038331471383571625,0.009990241378545761,0.004807249177247286,0.008037122897803783,0.008913966827094555,0.07698673754930496,0.012191577814519405,0.0026670743245631456,0.4108498990535736,0.05420142412185669,0.003946937620639801,0.3569711446762085,0.0012822641292586923,0.026594730094075203,0.006776756141334772,0.0011796000180765986,0.1839251071214676,0.2261052280664444,0.012145246379077435,0.06439820677042007,0.0039643836207687855,0.041877828538417816,0.05894942581653595,0.016454748809337616,0.005249707493931055,0.006537986919283867,0.017948998138308525,0.19260527193546295,0.013215342536568642,0.007711149752140045,0.030940093100070953,0.17565655708312988,0.0021125709172338247,0.0185957383364439,0.07150164246559143,,,,,,,,,,,,,,,
unknown,ナ,144,145,172.16791,172.3278,0.9145508,,0.02042265795171261,0.022760191932320595,0.02589508332312107,0.09963788092136383,0.017940860241651535,0.14044584333896637,0.009706888347864151,0.022488053888082504,0.029934221878647804,0.07248997688293457,0.04955456778407097,0.031288206577301025,0.08811110258102417,0.04648936167359352,0.023767046630382538,0.09219936281442642,0.06909196823835373,0.03841960057616234,0.10594552755355835,0.02134215272963047,0.010410327464342117,0.020852655172348022,0.01158848311752081,0.04581347480416298,0.016535086557269096,0.004725487437099218,0.2538336217403412,0.03106950782239437,0.005540063604712486,0.2231394648551941,0.00202684523537755,0.016032380983233452,0.011628973297774792,0.0018327084835618734,0.12049239128828049,0.13900086283683777,0.013789599761366844,0.06093599274754524,0.01273268647491932,0.03715177997946739,0.05494009330868721,0.0178794264793396,0.006381792016327381,0.017845364287495613,0.015945054590702057,0.13858182728290558,0.016390156000852585,0.013739661313593388,0.05953698977828026,0.12214727699756622,0.0034597518388181925,0.035618651658296585,0.05683228373527527,,,,,,,,,,,,,,,
unknown,ス,146,147,172.3278,172.44772,0.84033203,,0.029327597469091415,0.031167013570666313,0.031121645122766495,0.11828023195266724,0.014293975196778774,0.11417671293020248,0.011572420597076416,0.028392044827342033,0.042065706104040146,0.0627077966928482,0.05010051280260086,0.034411512315273285,0.10210612416267395,0.05283869802951813,0.020641649141907692,0.08076182752847672,0.08745097368955612,0.04033343866467476,0.09625591337680817,0.020615650340914726,0.00946595799177885,0.021445665508508682,0.014280363917350769,0.041695740073919296,0.0222337506711483,0.006550915539264679,0.2747482359409332,0.03686416521668434,0.00706093804910779,0.23513798415660858,0.00285171065479517,0.020430581644177437,0.014669088646769524,0.002357610734179616,0.16981413960456848,0.14294332265853882,0.017851652577519417,0.07441862672567368,0.012694337405264378,0.03535665199160576,0.061004336923360825,0.017087683081626892,0.008658149279654026,0.01900126412510872,0.019594265148043633,0.12587019801139832,0.019962340593338013,0.015714753419160843,0.06788361072540283,0.15528284013271332,0.005218561738729477,0.022010378539562225,0.04761161655187607,,,,,,,,,,,,,,,
unknown,e,148,149,172.44772,172.94772,0.9848633,,0.030431831255555153,0.027249375358223915,0.02002115361392498,0.11727193742990494,0.018003646284341812,0.12818534672260284,0.01155120600014925,0.027131646871566772,0.03553184121847153,0.06448420137166977,0.042982324957847595,0.03554638847708702,0.13832592964172363,0.0637117400765419,0.02354513108730316,0.05027157440781593,0.07677165418863297,0.039743728935718536,0.09636673331260681,0.024161916226148605,0.008436608128249645,0.02117830142378807,0.02022060751914978,0.029045406728982925,0.015699509531259537,0.006158328615128994,0.22960369288921356,0.033118486404418945,0.008711219765245914,0.19149954617023468,0.003206697991117835,0.014011341147124767,0.010402489453554153,0.0021974483970552683,0.1791277378797531,0.10237172991037369,0.015577664598822594,0.06661278754472733,0.010931739583611488,0.024481743574142456,0.06749642640352249,0.01216254010796547,0.008568838238716125,0.0164320208132267,0.0271065142005682,0.08036749809980392,0.017611481249332428,0.012826166115701199,0.06708239018917084,0.12980897724628448,0.0053926557302474976,0.02553514949977398,0.03765496984124184,,,,,,,,,,,,,,,
unknown,悲,150,151,178.5771,178.69693,0.93408203,,0.005690446589142084,0.005232783034443855,0.009203556925058365,0.06881824135780334,0.03479573875665665,0.2515491247177124,0.02224869467318058,0.007528085261583328,0.04169367998838425,0.10149364918470383,0.03383952006697655,0.018065612763166428,0.10256665199995041,0.03530927002429962,0.024169892072677612,0.030134258791804314,0.024111246690154076,0.027701595798134804,0.2525721788406372,0.03329925611615181,0.013324703089892864,0.0753772109746933,0.015720557421445847,0.01062198355793953,0.026483753696084023,0.008448978886008263,0.08004670590162277,0.010382135398685932,0.003863336518406868,0.07216052711009979,0.005086797755211592,0.005587796214967966,0.020002759993076324,0.0034472367260605097,0.04594861716032028,0.036604300141334534,0.0039061973802745342,0.024120166897773743,0.03995553031563759,0.01623159646987915,0.05932329595088959,0.01179528795182705,0.0018626577220857143,0.10623619705438614,0.035299915820360184,0.0359535813331604,0.0034509534016251564,0.02698972262442112,0.09763393551111221,0.035322513431310654,0.005648395046591759,0.07068798691034317,0.023634031414985657,,,,,,,,,,,,,,,
unknown,し,152,153,178.69693,178.85669,0.5175781,,0.006835332605987787,0.0064130485989153385,0.011594591662287712,0.07572755962610245,0.022092074155807495,0.16234558820724487,0.02044825255870819,0.008722045458853245,0.03875679895281792,0.09878747910261154,0.04296831414103508,0.019629260525107384,0.09203709661960602,0.03173498436808586,0.01966612972319126,0.051652826368808746,0.01742793619632721,0.031103799119591713,0.16395053267478943,0.01971738040447235,0.008647898212075233,0.06375084817409515,0.011101994663476944,0.017266664654016495,0.02226255089044571,0.009073151275515556,0.11100161075592041,0.011271831579506397,0.002574414713308215,0.10233249515295029,0.0042656282894313335,0.010915454477071762,0.019025441259145737,0.002833153121173382,0.04413556680083275,0.06286091357469559,0.004874846898019314,0.027880437672138214,0.03682888299226761,0.027501540258526802,0.04864068701863289,0.022550400346517563,0.0016236326191574335,0.1110563576221466,0.03489784151315689,0.05755887180566788,0.0025483197532594204,0.02271181531250477,0.06974665075540543,0.03803079202771187,0.006340257823467255,0.0852922648191452,0.042851679027080536,,,,,,,,,,,,,,,
unknown,い,154,155,178.85669,179.35669,0.9243164,,0.006173143163323402,0.0063028777949512005,0.009858712553977966,0.08348409086465836,0.015514054335653782,0.09987719357013702,0.025764834135770798,0.007126447279006243,0.043052613735198975,0.09814349561929703,0.02866772562265396,0.007864506915211678,0.05254039540886879,0.022565651684999466,0.015420583076775074,0.047176286578178406,0.008934912271797657,0.019559746608138084,0.19729021191596985,0.014731868170201778,0.005968357436358929,0.09514867514371872,0.009545011445879936,0.022136637941002846,0.02757246233522892,0.015173978172242641,0.08927588909864426,0.010031381621956825,0.002091218251734972,0.10240884125232697,0.005297669675201178,0.00753736961632967,0.015465237200260162,0.0027393195778131485,0.022547824308276176,0.0651283785700798,0.006744373124092817,0.020770035684108734,0.06931588798761368,0.026700248941779137,0.04066919535398483,0.024903826415538788,0.0029196846298873425,0.3556658625602722,0.045544955879449844,0.04579886794090271,0.0035713205579668283,0.027220334857702255,0.06101209297776222,0.022521905601024628,0.00926389079540968,0.10894985496997833,0.0398218035697937,,,,,,,,,,,,,,,
unknown,短,156,157,181.69244,182.01196,0.99121094,,0.0037516262382268906,0.003492641495540738,0.007305180188268423,0.07711325585842133,0.02713032439351082,0.17446497082710266,0.023850513622164726,0.005846066400408745,0.050809022039175034,0.11279678344726562,0.01672377623617649,0.0064334687776863575,0.06576554477214813,0.022840918973088264,0.02241084724664688,0.019588347524404526,0.010726255364716053,0.012395957484841347,0.25726667046546936,0.027677306905388832,0.012282601557672024,0.11018282175064087,0.012272913940250874,0.00894055888056755,0.03316137567162514,0.013323739171028137,0.04510672017931938,0.007820834405720234,0.0030885960441082716,0.04770651087164879,0.005684551317244768,0.0032705895137041807,0.015125643461942673,0.0041532269679009914,0.021082602441310883,0.027150938287377357,0.0031221085228025913,0.013143422082066536,0.0761146992444992,0.012004652991890907,0.04607251286506653,0.008679528720676899,0.0017993638757616282,0.304816871881485,0.0696331262588501,0.01958956941962242,0.002688799286261201,0.031210703775286674,0.09872720390558243,0.019346904009580612,0.007392399944365025,0.07053670287132263,0.014292189851403236,,,,,,,,,,,,,,,
unknown,い,158,159,182.01196,182.51196,0.98291016,,0.004330565687268972,0.004064938984811306,0.007006972562521696,0.06509801745414734,0.025073155760765076,0.12890799343585968,0.030251460149884224,0.006782705895602703,0.05170035734772682,0.0846971645951271,0.014163336716592312,0.005923024378716946,0.05967135354876518,0.021929601207375526,0.021450839936733246,0.019908376038074493,0.007460541091859341,0.01423087902367115,0.22063840925693512,0.023600276559591293,0.01258072443306446,0.13880592584609985,0.012499268166720867,0.010523058474063873,0.03975905478000641,0.021747510880231857,0.043273333460092545,0.008353199809789658,0.002567588584497571,0.04417514428496361,0.00701007479801774,0.004063654690980911,0.021522335708141327,0.005045951344072819,0.015849528834223747,0.027328426018357277,0.004063467029482126,0.011413528583943844,0.0999542772769928,0.0156758651137352,0.0457284115254879,0.010795150883495808,0.001873949309810996,0.38530778884887695,0.06648021191358566,0.019527290016412735,0.0024805450811982155,0.0420968160033226,0.0905061811208725,0.017069121822714806,0.011940856464207172,0.09140951186418533,0.017888395115733147,,,,,,,,,,,,,,,
unknown,本,160,161,188.682,188.8817,0.9951172,,0.002364874817430973,0.0023411749862134457,0.006303277797996998,0.036493588238954544,0.029606061056256294,0.1314196139574051,0.030769964680075645,0.005606533493846655,0.023682719096541405,0.1511215716600418,0.029582077637314796,0.01602286659181118,0.02939535863697529,0.014413558878004551,0.017775854095816612,0.043497491627931595,0.005141143687069416,0.021669529378414154,0.1413266956806183,0.015058470889925957,0.0076911733485758305,0.10383541136980057,0.0038420120254158974,0.022314203903079033,0.018053479492664337,0.008059992454946041,0.09868360310792923,0.007681187242269516,0.0007142166723497212,0.16439878940582275,0.0062854294665157795,0.008770077489316463,0.013190300203859806,0.00562229473143816,0.02004476636648178,0.04555788263678551,0.0013837353326380253,0.01692664995789528,0.03537890687584877,0.016466373577713966,0.05015671253204346,0.06447674334049225,0.0005877837538719177,0.2010572999715805,0.016833461821079254,0.05487436056137085,0.0009469827054999769,0.01815018430352211,0.09352879971265793,0.033414848148822784,0.004860697314143181,0.06106016784906387,0.057956401258707047,,,,,,,,,,,,,,,
unknown,当,162,163,188.8817,189.3817,0.99365234,,0.005633421707898378,0.006323183421045542,0.006502657197415829,0.07049237936735153,0.02407442219555378,0.10136249661445618,0.03842828422784805,0.010068390518426895,0.04500891640782356,0.05063169077038765,0.010066368617117405,0.004747946280986071,0.04282961040735245,0.015181204304099083,0.014964239671826363,0.022021090611815453,0.006007412448525429,0.015451192855834961,0.19959746301174164,0.01795201003551483,0.008385933004319668,0.1618984490633011,0.008796198293566704,0.022238940000534058,0.03748651593923569,0.023454604670405388,0.0853395089507103,0.009254921227693558,0.0018489432986825705,0.12447427958250046,0.010083532892167568,0.005936369765549898,0.020916499197483063,0.007126602344214916,0.016756555065512657,0.05068521946668625,0.006202885415405035,0.011640279553830624,0.08815668523311615,0.02170887589454651,0.05430978164076805,0.01987341418862343,0.002195909386500716,0.4663597643375397,0.05991113558411598,0.02695014514029026,0.0022142070811241865,0.03521904721856117,0.1463359147310257,0.03676984831690788,0.013696204870939255,0.04306665062904358,0.030005481094121933,,,,,,,,,,,,,,,
unknown,悲,164,165,195.05501,195.55501,0.6845703,,0.0061476221308112144,0.006123112048953772,0.007754059042781591,0.10865121334791183,0.0342102125287056,0.12240447849035263,0.02144763618707657,0.010200020857155323,0.04070112854242325,0.03834226727485657,0.011326421983540058,0.005854638293385506,0.05899135395884514,0.016288619488477707,0.022054925560951233,0.031296566128730774,0.004799232352524996,0.018334917724132538,0.16104772686958313,0.022353988140821457,0.011477423831820488,0.10905332863330841,0.007486391346901655,0.03040030226111412,0.03724445402622223,0.01602582447230816,0.09273850172758102,0.010170821100473404,0.0016856896691024303,0.11619965732097626,0.00605395995080471,0.006275837775319815,0.019217325374484062,0.006457938347011805,0.01661745272576809,0.06798626482486725,0.005261668004095554,0.012055495753884315,0.07575387507677078,0.04252760112285614,0.04522446542978287,0.018013881519436836,0.001666842377744615,0.2743852734565735,0.0735958144068718,0.042629972100257874,0.0021990088280290365,0.033372435718774796,0.10491611063480377,0.03358373045921326,0.008555377833545208,0.041908733546733856,0.05593174695968628,,,,,,,,,,,,,,,
unknown,駐,166,167,201.935,202.095,0.5361328,,0.014842689968645573,0.01485446747392416,0.018461482599377632,0.22914089262485504,0.01704508624970913,0.06917215883731842,0.011766519397497177,0.02460290677845478,0.04622744396328926,0.029673021286725998,0.01719549112021923,0.00886094942688942,0.07512269169092178,0.019826196134090424,0.019108660519123077,0.06561887264251709,0.00640529952943325,0.02031327784061432,0.07769295573234558,0.01589372381567955,0.008936267346143723,0.045768193900585175,0.006134568713605404,0.09659864753484726,0.03699253872036934,0.012941566295921803,0.20698963105678558,0.02348371222615242,0.0019199586240574718,0.2595469653606415,0.003841612720862031,0.013903145678341389,0.013950597494840622,0.005595650058239698,0.03694675490260124,0.190733402967453,0.009818177670240402,0.020475514233112335,0.03626270219683647,0.08272139728069305,0.04369141533970833,0.028145408257842064,0.00365358404815197,0.09720643609762192,0.07692983001470566,0.10751402378082275,0.006348225753754377,0.022832101210951805,0.08835621178150177,0.09364087134599686,0.007414748426526785,0.024490676820278168,0.11864877492189407,,,,,,,,,,,,,,,
unknown,射,168,169,202.095,202.255,0.9375,,0.008376801386475563,0.008385946974158287,0.01066048163920641,0.14769791066646576,0.010785194113850594,0.06895757466554642,0.04916364699602127,0.02511356770992279,0.06861797720193863,0.034316565841436386,0.02093731053173542,0.009175474755465984,0.07378457486629486,0.023065360262989998,0.010556601919233799,0.04915677383542061,0.004021794535219669,0.021963687613606453,0.10909905284643173,0.01123073324561119,0.005100324749946594,0.11158788204193115,0.013249589130282402,0.08122996985912323,0.0577484630048275,0.017850542441010475,0.15912234783172607,0.021228771656751633,0.0016781743615865707,0.2700340449810028,0.013354716822504997,0.010368291288614273,0.020764565095305443,0.007048269733786583,0.02289527654647827,0.13279615342617035,0.007091685198247433,0.01089815516024828,0.05853097140789032,0.04277481511235237,0.09349849820137024,0.07239297777414322,0.004262994509190321,0.17777492105960846,0.05849481374025345,0.07215848565101624,0.00567930331453681,0.03382415696978569,0.16040299832820892,0.1426221877336502,0.010457397438585758,0.0726080983877182,0.0903836041688919,,,,,,,,,,,,,,,
unknown,割,170,171,202.255,202.755,0.98876953,,0.015295727178454399,0.01197846606373787,0.015116035006940365,0.15424078702926636,0.014875735156238079,0.07089021801948547,0.028658756986260414,0.03700481355190277,0.05960598215460777,0.028815820813179016,0.022453853860497475,0.008594468235969543,0.06602571904659271,0.02374640665948391,0.015222852118313313,0.05495847389101982,0.0030012584757059813,0.021408362314105034,0.13431879878044128,0.01940889097750187,0.008227111771702766,0.09312830120325089,0.010492205619812012,0.0806274563074112,0.05284026637673378,0.030352914705872536,0.1642984300851822,0.024051718413829803,0.0021656854078173637,0.23432478308677673,0.009329880587756634,0.012647711671888828,0.018285825848579407,0.008862236514687538,0.029115159064531326,0.1309891641139984,0.008721921592950821,0.009907509200274944,0.057246364653110504,0.05510066822171211,0.09064731746912003,0.06678537279367447,0.004589432384818792,0.22799035906791687,0.09066653251647949,0.08596519380807877,0.0066154832020401955,0.035541169345378876,0.20630009472370148,0.16086573898792267,0.02011801302433014,0.0410357341170311,0.09961637109518051,,,,,,,,,,,,,,,
unknown,南,172,173,206.50806,206.82759,0.51660156,,0.04093704745173454,0.025315644219517708,0.02018245868384838,0.23332445323467255,0.010569105856120586,0.05079566687345505,0.0223058070987463,0.04517916589975357,0.06442400068044662,0.01706179790198803,0.014112741686403751,0.006602987181395292,0.04694300517439842,0.02785119041800499,0.015771327540278435,0.042223092168569565,0.003699961816892028,0.026279360055923462,0.11204218119382858,0.017314516007900238,0.00677499920129776,0.06591423600912094,0.012260530143976212,0.05283461511135101,0.06488402932882309,0.039628706872463226,0.2136545181274414,0.02359955385327339,0.0052267322316765785,0.25025394558906555,0.008195116184651852,0.014123932458460331,0.016763363033533096,0.006301993504166603,0.04759387671947479,0.14613954722881317,0.014981742016971111,0.018545517697930336,0.04648227244615555,0.10244899988174438,0.07113997638225555,0.03432385250926018,0.005924193188548088,0.25748416781425476,0.15653589367866516,0.07670236378908157,0.007145501673221588,0.039334677159786224,0.13209225237369537,0.13533008098602295,0.02884523943066597,0.022875092923641205,0.09502838551998138,,,,,,,,,,,,,,,
unknown,膏,174,175,206.82759,207.32759,0.44384766,,0.026113251224160194,0.018639730289578438,0.019213303923606873,0.19594894349575043,0.015529174357652664,0.07248970866203308,0.011212197132408619,0.024585643783211708,0.052092015743255615,0.03639832139015198,0.013469098135828972,0.0074782343581318855,0.07016561925411224,0.024488508701324463,0.023382965475320816,0.05173909291625023,0.00852627120912075,0.024822181090712547,0.13363505899906158,0.0227174274623394,0.008193152025341988,0.037457939237356186,0.011642255820333958,0.04964308440685272,0.0410262756049633,0.012252318672835827,0.22907614707946777,0.019527556374669075,0.005260464269667864,0.2584362030029297,0.0031655363272875547,0.01269791554659605,0.013635143637657166,0.0034834882244467735,0.042860258370637894,0.13365067541599274,0.010021781548857689,0.02932026982307434,0.021086134016513824,0.09234099090099335,0.05745526775717735,0.022300563752651215,0.0036386328283697367,0.1683608740568161,0.14129680395126343,0.09093431383371353,0.005463245790451765,0.030253134667873383,0.10060785710811615,0.09508313238620758,0.00957340095192194,0.01888222061097622,0.11120133101940155,,,,,,,,,,,,,,,
unknown,h,176,177,213.37805,213.57776,0.9711914,,0.04113508015871048,0.02174464613199234,0.0188664048910141,0.20895761251449585,0.01652354560792446,0.06401929259300232,0.017099646851420403,0.03793502599000931,0.05740927532315254,0.01817331090569496,0.015652773901820183,0.010491271503269672,0.04652297496795654,0.027331851422786713,0.024146532639861107,0.05499447137117386,0.005269251298159361,0.05557790398597717,0.10073200613260269,0.02124827168881893,0.008143861778080463,0.045586567372083664,0.01342790573835373,0.06028825789690018,0.051754437386989594,0.027763139456510544,0.31145358085632324,0.021307023242115974,0.007181999739259481,0.29721716046333313,0.005840230267494917,0.016606371849775314,0.017146186903119087,0.004824226722121239,0.04939090833067894,0.1666775941848755,0.01365413423627615,0.018514052033424377,0.03457755222916603,0.14493615925312042,0.06108996644616127,0.03441036492586136,0.005060727708041668,0.12127874046564102,0.16441594064235687,0.10052476823329926,0.006567953620105982,0.036756936460733414,0.09705289453268051,0.13259105384349823,0.023020461201667786,0.027563370764255524,0.17345651984214783,,,,,,,,,,,,,,,
unknown,t,178,179,213.57776,213.77747,0.82958984,,0.02590663731098175,0.014882580377161503,0.01371133141219616,0.16567343473434448,0.023253314197063446,0.07283575087785721,0.0298046562820673,0.035148218274116516,0.06384268403053284,0.013626577332615852,0.012371696531772614,0.011025349609553814,0.05546185001730919,0.02182583697140217,0.020126329734921455,0.03981120511889458,0.0039809271693229675,0.04980459436774254,0.10088644176721573,0.01841600425541401,0.009948408231139183,0.09110637754201889,0.011582421138882637,0.06656266748905182,0.0737122967839241,0.03457283973693848,0.22246171534061432,0.020361315459012985,0.004469943232834339,0.2382064014673233,0.010752399452030659,0.013211382552981377,0.027550406754016876,0.009718452580273151,0.03104308806359768,0.1222117692232132,0.009845742955803871,0.01453934796154499,0.07194684445858002,0.12247469276189804,0.06063391640782356,0.03939887508749962,0.0040170117281377316,0.14780035614967346,0.11154107749462128,0.07731983810663223,0.006014223676174879,0.05235840752720833,0.12979398667812347,0.11361205577850342,0.02288377843797207,0.04564482718706131,0.16179460287094116,,,,,,,,,,,,,,,
unknown,o,180,181,213.77747,214.27747,0.4711914,,0.024190837517380714,0.016519395634531975,0.01871526800096035,0.18280836939811707,0.02207070402801037,0.06856174021959305,0.024455217644572258,0.03466794267296791,0.05848490074276924,0.013877023011446,0.012058395892381668,0.01036377064883709,0.05924168601632118,0.021636951714754105,0.019968682900071144,0.03950551152229309,0.0058510336093604565,0.039314739406108856,0.0930502861738205,0.020137686282396317,0.01093248464167118,0.0778605118393898,0.00997180212289095,0.07581250369548798,0.05864289030432701,0.024155208840966225,0.2390904575586319,0.023153405636548996,0.004025168251246214,0.26723724603652954,0.010623164474964142,0.012616663239896297,0.022016560658812523,0.011181353591382504,0.03603629395365715,0.134338840842247,0.009925535880029202,0.01577341929078102,0.05366980656981468,0.10370903462171555,0.056820280849933624,0.02866942249238491,0.004073765128850937,0.12479337304830551,0.11353299021720886,0.0791906788945198,0.006729342974722385,0.041624121367931366,0.12345992028713226,0.1097743883728981,0.015935590490698814,0.02465011551976204,0.13338127732276917,,,,,,,,,,,,,,,
unknown,鼻,182,183,219.38467,219.88467,0.5463867,,0.01193060539662838,0.008793762885034084,0.009299608878791332,0.14991068840026855,0.041147418320178986,0.11502919346094131,0.032437920570373535,0.01791628636419773,0.06931520253419876,0.015211828984320164,0.010023524984717369,0.007557088974863291,0.05448368564248085,0.016376396641135216,0.023797359317541122,0.019376404583454132,0.007158546708524227,0.03641317039728165,0.11189982295036316,0.023359445855021477,0.013872322626411915,0.1199970543384552,0.010424762032926083,0.03231199085712433,0.06559324264526367,0.027904706075787544,0.1391257792711258,0.012326993979513645,0.005814749747514725,0.14037224650382996,0.012273493222892284,0.005991991609334946,0.027588464319705963,0.011768603697419167,0.02634292282164097,0.0612080954015255,0.006075546611100435,0.007962195202708244,0.07669833302497864,0.061804644763469696,0.04371248558163643,0.014354085549712181,0.003105954034253955,0.1601003259420395,0.16240614652633667,0.0361148975789547,0.006114594172686338,0.0503840334713459,0.13059671223163605,0.05406351014971733,0.018774259835481644,0.03189252316951752,0.061632510274648666,,,,,,,,,,,,,,,
unknown,ノ,184,185,225.38042,225.46036,0.99560547,,0.01823539100587368,0.011730409227311611,0.016485178843140602,0.21492847800254822,0.025225266814231873,0.08804357051849365,0.016332941129803658,0.02218794636428356,0.046124834567308426,0.01883818954229355,0.012303324416279793,0.015913380309939384,0.0611332505941391,0.020309526473283768,0.02302590385079384,0.03947301208972931,0.013473774306476116,0.06963177025318146,0.0746857151389122,0.018184402957558632,0.008475145325064659,0.03978067636489868,0.00983087532222271,0.06850199401378632,0.03405848518013954,0.008562897332012653,0.3392917513847351,0.01813589408993721,0.005638713948428631,0.3803676962852478,0.006429972127079964,0.010336268693208694,0.01180662214756012,0.005843478720635176,0.058261893689632416,0.12823010981082916,0.005363419186323881,0.013114255852997303,0.019312670454382896,0.10896322131156921,0.04874810948967934,0.025051115080714226,0.0028514184523373842,0.04829473793506622,0.12822198867797852,0.09900327026844025,0.00748811662197113,0.021262289956212044,0.09166350215673447,0.11653532832860947,0.006897729355841875,0.012534481473267078,0.1771063506603241,,,,,,,,,,,,,,,
unknown,ー,186,187,225.46036,225.66022,0.69384766,,0.01964379847049713,0.0162045918405056,0.019601568579673767,0.19444577395915985,0.016186008229851723,0.0701148509979248,0.014212753623723984,0.022346725687384605,0.03819558769464493,0.021122487261891365,0.014076736755669117,0.012944976799190044,0.043517667800188065,0.016852926462888718,0.015599137172102928,0.0434383861720562,0.01667170785367489,0.05399250611662865,0.06926637887954712,0.011611362919211388,0.005577574018388987,0.0375395342707634,0.005939529277384281,0.07270078361034393,0.027783337980508804,0.009029396809637547,0.33979105949401855,0.018148425966501236,0.004973668605089188,0.4076113700866699,0.004719400312751532,0.012595729902386665,0.01119913812726736,0.0041923001408576965,0.05631020665168762,0.15472543239593506,0.008570302277803421,0.019005542621016502,0.020962802693247795,0.10106649249792099,0.04254772886633873,0.026114189997315407,0.0037092010024935007,0.06756030023097992,0.0930815115571022,0.10056523978710175,0.007822551764547825,0.017635885626077652,0.0729631632566452,0.10198472440242767,0.0072263372130692005,0.01392845157533884,0.14780405163764954,,,,,,,,,,,,,,,
unknown,ト,188,189,225.66022,226.16022,0.98535156,,0.018089033663272858,0.015409005805850029,0.016877049580216408,0.1814095675945282,0.019681375473737717,0.08243463188409805,0.017427941784262657,0.018899554386734962,0.04712607339024544,0.01903294213116169,0.008960835635662079,0.010840662755072117,0.04724991321563721,0.013522454537451267,0.015543241985142231,0.02562418207526207,0.015572997741401196,0.055432409048080444,0.07435206323862076,0.013347139582037926,0.005892998538911343,0.046791452914476395,0.006651151925325394,0.05246894434094429,0.03225775808095932,0.01152372919023037,0.32273873686790466,0.014609308913350105,0.005943418946117163,0.3934670686721802,0.005476202350109816,0.008636492304503918,0.011788428761065006,0.004597625229507685,0.05552711337804794,0.115988589823246,0.008321844972670078,0.01367697399109602,0.022194983437657356,0.08481479436159134,0.039765942841768265,0.017605552449822426,0.003770755138248205,0.07946737110614777,0.10219746083021164,0.06553399562835693,0.008240957744419575,0.019017459824681282,0.08847406506538391,0.09273488819599152,0.00933452695608139,0.010190114378929138,0.10480870306491852,,,,,,,,,,,,,,,
unknown,森,190,191,230.49678,230.99678,0.8261719,,0.02813965640962124,0.02439291961491108,0.02816692180931568,0.17758570611476898,0.013608734123408794,0.045382920652627945,0.01535030547529459,0.03521251305937767,0.04839003086090088,0.016053086146712303,0.011054068803787231,0.012341292575001717,0.061464823782444,0.01686849072575569,0.014624521136283875,0.03364606574177742,0.009922769851982594,0.044842980802059174,0.05044565349817276,0.01250556018203497,0.006137206219136715,0.04121055081486702,0.006951363757252693,0.0811670795083046,0.03297572582960129,0.015372805297374725,0.31786975264549255,0.026289373636245728,0.004575924947857857,0.38331741094589233,0.006336537655442953,0.009863808751106262,0.011034931056201458,0.007066449616104364,0.0598117895424366,0.13730499148368835,0.012495872564613819,0.016766412183642387,0.021487073972821236,0.10911829769611359,0.045074399560689926,0.0190585944801569,0.005549191497266293,0.07977160066366196,0.09635606408119202,0.07792172580957413,0.010676105506718159,0.020659366622567177,0.0976063534617424,0.1194971352815628,0.012333309277892113,0.00892782211303711,0.12550336122512817,,,,,,,,,,,,,,,
unknown,林,192,193,231.21626,231.71626,0.7910156,,0.02309775911271572,0.019243881106376648,0.027688972651958466,0.17249614000320435,0.012905447743833065,0.04846147820353508,0.016780683770775795,0.030216597020626068,0.060667917132377625,0.019237717613577843,0.012560895644128323,0.012227809056639671,0.08498797565698624,0.023004788905382156,0.01564698852598667,0.02664327062666416,0.007490064017474651,0.03204839676618576,0.07416338473558426,0.016720155254006386,0.007341612130403519,0.04863157123327255,0.010035958141088486,0.04675109311938286,0.04473118856549263,0.017601320520043373,0.20750057697296143,0.02522149123251438,0.004505553282797337,0.24665282666683197,0.007464324589818716,0.006177425384521484,0.01350643765181303,0.008948206901550293,0.05344472825527191,0.09022867679595947,0.009789260104298592,0.02872622199356556,0.024511286988854408,0.08813727647066116,0.053030189126729965,0.014075490646064281,0.004939043894410133,0.1319568157196045,0.09372878819704056,0.05547437444329262,0.00837022252380848,0.02946467511355877,0.12243002653121948,0.08951237052679062,0.013791355304419994,0.008292712271213531,0.08644866198301315,,,,,,,,,,,,,,,
unknown,つ,194,195,236.18999,236.54999,0.67333984,,0.013621271587908268,0.012599182315170765,0.026056526228785515,0.16816796362400055,0.013678967952728271,0.06949087977409363,0.02131308987736702,0.01492522656917572,0.07454925775527954,0.0365043543279171,0.020567970350384712,0.015912726521492004,0.08895973116159439,0.035804275423288345,0.02623273991048336,0.024656804278492928,0.006687880959361792,0.03728849068284035,0.07981601357460022,0.031439412385225296,0.010400407016277313,0.0498819537460804,0.016322368755936623,0.018376844003796577,0.03988225385546684,0.016030151396989822,0.14207488298416138,0.01933416537940502,0.004004450049251318,0.1395668387413025,0.0089681101962924,0.004431404639035463,0.013689443469047546,0.007110671605914831,0.053892359137535095,0.051425039768218994,0.007971568033099174,0.01821093261241913,0.0172079149633646,0.06132635101675987,0.05368049815297127,0.007791722659021616,0.0040797158144414425,0.137547567486763,0.16391943395137787,0.038043584674596786,0.0065171970054507256,0.03098316304385662,0.07381750643253326,0.03269249200820923,0.013513574376702309,0.011022175662219524,0.04306173697113991,,,,,,,,,,,,,,,
unknown,み,196,197,236.54999,237.04999,0.5493164,,0.018069898709654808,0.01799658127129078,0.03573480248451233,0.3147532343864441,0.0060495478101074696,0.04431638494133949,0.009704419411718845,0.0176176019012928,0.08390799909830093,0.04694691300392151,0.0213951263576746,0.014493895694613457,0.05670468509197235,0.029567766934633255,0.02194882556796074,0.03547642379999161,0.011922766454517841,0.03443704918026924,0.0430576354265213,0.018094802275300026,0.007100659888237715,0.017768369987607002,0.010606835596263409,0.031240887939929962,0.04031705856323242,0.007125321310013533,0.25525981187820435,0.025442875921726227,0.005686687305569649,0.24151697754859924,0.0036045629531145096,0.005876384675502777,0.009839076548814774,0.0032776498701423407,0.06642218679189682,0.1112702339887619,0.010157972574234009,0.03021957539021969,0.007026880979537964,0.06991997361183167,0.05284670367836952,0.007241957820951939,0.005987926386296749,0.04793117940425873,0.21130985021591187,0.057755254209041595,0.010420345701277256,0.022122139111161232,0.04149768874049187,0.05171927064657211,0.006578488741070032,0.010290875099599361,0.056422363966703415,,,,,,,,,,,,,,,
unknown,鉛,198,199,242.98999,243.31,0.9902344,,0.0119685223326087,0.008324544876813889,0.012923220172524452,0.2219199389219284,0.029056573286652565,0.07491470873355865,0.011284878477454185,0.019583070650696754,0.0719262883067131,0.009851065464317799,0.006748849991708994,0.006717607844620943,0.0653449222445488,0.013238804414868355,0.02973811700940132,0.012014073319733143,0.003924536053091288,0.027553455904126167,0.07228091359138489,0.038098808377981186,0.019756300374865532,0.050700411200523376,0.00838469434529543,0.03125829994678497,0.0560276061296463,0.01852080039680004,0.1504610776901245,0.014394061639904976,0.004271290265023708,0.14764918386936188,0.006538594141602516,0.003060286631807685,0.01808372139930725,0.014675607904791832,0.02934226579964161,0.048533134162425995,0.004188436083495617,0.006093136966228485,0.018690526485443115,0.04943646863102913,0.06041804328560829,0.007820453494787216,0.0026248295325785875,0.07816949486732483,0.2642747163772583,0.030316384509205818,0.007075150031596422,0.041694678366184235,0.16931365430355072,0.06994690001010895,0.015379909425973892,0.005048913881182671,0.05840081349015236,,,,,,,,,,,,,,,
unknown,筆,200,201,243.31,243.81,0.99902344,,0.0075388276018202305,0.005895071197301149,0.008165671490132809,0.15426728129386902,0.059871770441532135,0.1323697566986084,0.019069604575634003,0.01779264211654663,0.07454969733953476,0.009863446466624737,0.0041972072795033455,0.007142192218452692,0.10024788230657578,0.011654522269964218,0.03330546244978905,0.005258230026811361,0.00255070673301816,0.018201831728219986,0.10138874500989914,0.05501353368163109,0.03132479637861252,0.09966471046209335,0.009205158799886703,0.016479596495628357,0.073146753013134,0.019308624789118767,0.0762067586183548,0.011832055635750294,0.002894696779549122,0.08869996666908264,0.011544900014996529,0.002008960582315922,0.021648181602358818,0.0322917215526104,0.0222028736025095,0.023623695597052574,0.0027357644867151976,0.007290717214345932,0.028585193678736687,0.02357451245188713,0.05761479213833809,0.004754840396344662,0.0016649598255753517,0.10378877818584442,0.16332724690437317,0.01316908560693264,0.0039941780269145966,0.05082131177186966,0.28351691365242004,0.05666052922606468,0.013355785980820656,0.006289795506745577,0.026541274040937424,,,,,,,,,,,,,,,
unknown,考,202,203,249.04228,249.20195,0.99658203,,0.0066914320923388,0.004293159581720829,0.008395295590162277,0.1425919085741043,0.035695880651474,0.13517305254936218,0.025764046236872673,0.016286415979266167,0.06686173379421234,0.023192526772618294,0.00597855169326067,0.007404332980513573,0.07987278699874878,0.012821395881474018,0.024071848019957542,0.01002752035856247,0.0023251501843333244,0.01728806085884571,0.12719912827014923,0.038143809884786606,0.018385382369160652,0.10285958647727966,0.010530677624046803,0.021849289536476135,0.04987374320626259,0.011290967464447021,0.1053522527217865,0.010422748513519764,0.0020412481389939785,0.16293472051620483,0.011315062642097473,0.003249508561566472,0.010384736582636833,0.01633068360388279,0.02387649565935135,0.036077484488487244,0.0018083008471876383,0.006053786724805832,0.028427360579371452,0.021515021100640297,0.061820436269044876,0.013789236545562744,0.001277897390536964,0.13722562789916992,0.15178775787353516,0.022547239437699318,0.0030772362370043993,0.029482154175639153,0.281473845243454,0.08500844985246658,0.0069833556190133095,0.017554568126797676,0.03606891259551048,,,,,,,,,,,,,,,
unknown,え,204,205,249.20195,249.70195,0.9995117,,0.010636799037456512,0.009874697774648666,0.010200229473412037,0.16335947811603546,0.042780499905347824,0.09216801822185516,0.012722879648208618,0.020950810983777046,0.05476807430386543,0.009464140050113201,0.004042534623295069,0.01319157239049673,0.0681774690747261,0.007313876412808895,0.026635410264134407,0.009432426653802395,0.005741078872233629,0.039757274091243744,0.040636129677295685,0.032492391765117645,0.01825200393795967,0.03997650370001793,0.0058888657949864864,0.055367205291986465,0.03768730163574219,0.005873950198292732,0.24821442365646362,0.01757074147462845,0.0021240804344415665,0.35091421008110046,0.007201928645372391,0.0045563830062747,0.01032013539224863,0.0163850300014019,0.037677280604839325,0.05927474424242973,0.0037791181821376085,0.009173588827252388,0.008213338442146778,0.03238823637366295,0.040892720222473145,0.00960227195173502,0.002892709570005536,0.01653282716870308,0.09369584918022156,0.032217878848314285,0.011226154863834381,0.02039479650557041,0.18015532195568085,0.1172889918088913,0.004471007734537125,0.005291495937854052,0.07772840559482574,,,,,,,,,,,,,,,
unknown,ミ,206,207,254.82979,254.98944,0.8442383,,0.011461182497441769,0.008344372734427452,0.010599520988762379,0.17529650032520294,0.0414474755525589,0.0981154516339302,0.013454942032694817,0.023370711132884026,0.06568460911512375,0.0085443751886487,0.004190554842352867,0.020672086626291275,0.09338213503360748,0.009089472703635693,0.028504613786935806,0.0072670807130634785,0.0061021409928798676,0.04191133752465248,0.03433571755886078,0.041300348937511444,0.023970454931259155,0.03628407046198845,0.008291652426123619,0.03467584773898125,0.0483289435505867,0.0046372381038963795,0.21954937279224396,0.01855441741645336,0.00210553128272295,0.2882738411426544,0.009121664799749851,0.003766327165067196,0.009941283613443375,0.021881967782974243,0.05513007938861847,0.03933262825012207,0.0023495922796428204,0.009505271911621094,0.0051194364205002785,0.026560422033071518,0.05478551983833313,0.0075137196108698845,0.0019748418126255274,0.008233893662691116,0.08162495493888855,0.029240069910883904,0.010404286906123161,0.02082347497344017,0.23356463015079498,0.1700834333896637,0.0036441367119550705,0.002640113001689315,0.060402996838092804,,,,,,,,,,,,,,,
unknown,ス,208,209,254.98944,255.48944,0.9550781,,0.012706826440989971,0.008074277080595493,0.011637412011623383,0.18235516548156738,0.03512689098715782,0.08062545210123062,0.01526164822280407,0.02736547403037548,0.044235821813344955,0.008408167399466038,0.004521294962614775,0.033932071179151535,0.10551811009645462,0.015181261114776134,0.026951635256409645,0.007095674052834511,0.006862916983664036,0.05458778142929077,0.023512691259384155,0.03502051159739494,0.019184177741408348,0.03545478731393814,0.010516085661947727,0.03515420854091644,0.02462252601981163,0.004161450546234846,0.26970401406288147,0.022037561982870102,0.001848492887802422,0.34074413776397705,0.014047599397599697,0.003322483040392399,0.004117198288440704,0.0256338007748127,0.08289886265993118,0.04088541120290756,0.0023126276209950447,0.0178307443857193,0.005639475770294666,0.025343047454953194,0.057108521461486816,0.006741184741258621,0.0019903909415006638,0.00572255440056324,0.07828784734010696,0.028821753337979317,0.009176054038107395,0.010399093851447105,0.1986539363861084,0.18664807081222534,0.002858314663171768,0.0028142037335783243,0.06602881848812103,,,,,,,,,,,,,,,
unknown,開,210,211,260.13834,260.29797,0.9008789,,0.020357415080070496,0.012336978688836098,0.022516384720802307,0.11277087777853012,0.05064340680837631,0.13850180804729462,0.010533245280385017,0.028567250818014145,0.026348713785409927,0.01495208591222763,0.004900138825178146,0.02020554058253765,0.08395805954933167,0.012390504591166973,0.03294123336672783,0.011216487735509872,0.009593944065272808,0.04277165234088898,0.051643818616867065,0.04765356332063675,0.023195356130599976,0.03413669019937515,0.007050633430480957,0.0338214710354805,0.014386223629117012,0.003582177683711052,0.3000158369541168,0.018164943903684616,0.0036573929246515036,0.33282577991485596,0.0062776003032922745,0.004061760380864143,0.003034366760402918,0.01280868798494339,0.06518034636974335,0.05697885528206825,0.0026407199911773205,0.015247813425958157,0.00773295434191823,0.04137531667947769,0.030971085652709007,0.005143645219504833,0.0012080847518518567,0.012711426243185997,0.05835646390914917,0.03605802357196808,0.004867075011134148,0.009310267865657806,0.136879563331604,0.11606083065271378,0.0026616437826305628,0.00470308680087328,0.06710101664066315,,,,,,,,,,,,,,,
unknown,け,212,213,260.29797,260.45764,0.80029297,,0.04108621925115585,0.027111191302537918,0.07366945594549179,0.15787845849990845,0.01500879880040884,0.05148879811167717,0.005660836584866047,0.03538989648222923,0.02752455696463585,0.030393561348319054,0.022739918902516365,0.029778113588690758,0.0759659856557846,0.023368695750832558,0.026601936668157578,0.041009753942489624,0.018623212352395058,0.0479382760822773,0.02272861637175083,0.018604982644319534,0.008965671062469482,0.014040556736290455,0.004797929897904396,0.054803334176540375,0.009144854731857777,0.005061679985374212,0.38202258944511414,0.03520767763257027,0.005488550756126642,0.3149101734161377,0.0025945589877665043,0.011327520944178104,0.0023579183034598827,0.004288936033844948,0.10240241885185242,0.13516829907894135,0.006624420639127493,0.03639616817235947,0.006967131979763508,0.09498397260904312,0.01972230151295662,0.007398949470371008,0.0027825406286865473,0.01443072222173214,0.07220136374235153,0.08572668582201004,0.00790975522249937,0.0065196361392736435,0.028776930645108223,0.05883847922086716,0.004530209582298994,0.00674048438668251,0.11186856031417847,,,,,,,,,,,,,,,
unknown,る,214,215,260.45764,260.95764,0.9165039,,0.0323258638381958,0.01765267737209797,0.04049030318856239,0.15112538635730743,0.026590421795845032,0.07268143445253372,0.005577161442488432,0.028341736644506454,0.021507611498236656,0.021976832300424576,0.017726821824908257,0.057307951152324677,0.06443767249584198,0.020985912531614304,0.03518262133002281,0.0400816909968853,0.02670275606215,0.1143939197063446,0.01765630394220352,0.019357848912477493,0.011105500161647797,0.012343584559857845,0.004711673129349947,0.057160016149282455,0.008650336414575577,0.0030063455924391747,0.4406041204929352,0.029666295275092125,0.0053673055954277515,0.3566852807998657,0.002504626987501979,0.009317784570157528,0.0022641646210104227,0.00389886018820107,0.11879563331604004,0.10441666841506958,0.003777253208681941,0.02366531826555729,0.005456043407320976,0.11789843440055847,0.022272076457738876,0.008156550116837025,0.0017723781056702137,0.004426789004355669,0.04456353187561035,0.11873923242092133,0.009345869533717632,0.005554115399718285,0.028108060359954834,0.07512927055358887,0.002591739408671856,0.006270508281886578,0.18633149564266205,,,,,,,,,,,,,,,
unknown,し,216,217,266.74652,267.1063,0.3383789,,0.023762185126543045,0.01712094433605671,0.03446732088923454,0.15302857756614685,0.036142703145742416,0.08939521759748459,0.006669077556580305,0.023260723799467087,0.02258853241801262,0.02101084403693676,0.016443399712443352,0.0632990226149559,0.08003967255353928,0.027437159791588783,0.042720694094896317,0.032724689692258835,0.04639158397912979,0.11670909821987152,0.01752319373190403,0.02622641623020172,0.014611680060625076,0.012912258505821228,0.006291413679718971,0.060124874114990234,0.007338718045502901,0.002413875190541148,0.46863123774528503,0.03450394421815872,0.005237565375864506,0.4121849536895752,0.0032326055224984884,0.007939716801047325,0.0021116258576512337,0.004926484078168869,0.16297146677970886,0.0932149887084961,0.004811441991478205,0.03634437918663025,0.004064751788973808,0.07810472697019577,0.02208716981112957,0.00661008944734931,0.0034443822223693132,0.0032923666294664145,0.05335841700434685,0.1007000207901001,0.021809197962284088,0.004866279195994139,0.03164396807551384,0.07365550100803375,0.0019270364427939057,0.005456004291772842,0.13758188486099243,,,,,,,,,,,,,,,
unknown,い,218,219,267.1063,267.6063,0.5541992,,0.030808432027697563,0.016711978241801262,0.032518044114112854,0.14917771518230438,0.059068698436021805,0.11762324720621109,0.008404423482716084,0.030774425715208054,0.028777873143553734,0.010787642560899258,0.011246256530284882,0.050111956894397736,0.05249728262424469,0.021990153938531876,0.05808742344379425,0.030793506652116776,0.024308988824486732,0.12888824939727783,0.025695838034152985,0.04484665021300316,0.03020835667848587,0.018133027479052544,0.006664918269962072,0.059089742600917816,0.015958404168486595,0.004281040746718645,0.44085240364074707,0.029018808156251907,0.006334939040243626,0.3890039622783661,0.004626031499356031,0.011258146725594997,0.004140407312661409,0.009203214198350906,0.1210981085896492,0.08742885291576385,0.0040996079333126545,0.020860418677330017,0.005864335224032402,0.10878123342990875,0.037437696009874344,0.011559047736227512,0.0027565290220081806,0.003962717950344086,0.06481288373470306,0.1190812960267067,0.019480612128973007,0.010004107840359211,0.05542701110243797,0.118475042283535,0.003352034604176879,0.004733442794531584,0.19125859439373016,,,,,,,,,,,,,,,
unknown,宝,220,221,273.82166,274.14145,0.78125,,0.023059042170643806,0.01440660934895277,0.042354781180620193,0.17498429119586945,0.016554920002818108,0.0791899785399437,0.009546265006065369,0.024510527029633522,0.03635739907622337,0.02152564749121666,0.02085941843688488,0.09780741482973099,0.05540786311030388,0.02783120423555374,0.02920321375131607,0.04079776257276535,0.037873316556215286,0.13998766243457794,0.011867938563227654,0.017596831545233727,0.011425570584833622,0.012966470792889595,0.006466807797551155,0.04787540063261986,0.015051144175231457,0.0026696750428527594,0.44989392161369324,0.0330866239964962,0.0039699506014585495,0.3925146460533142,0.004229062236845493,0.011669658124446869,0.003461255459114909,0.0044335792772471905,0.1648915708065033,0.09196837246417999,0.003600973403081298,0.021592553704977036,0.004301772452890873,0.10717399418354034,0.03987666592001915,0.011142837814986706,0.0021868443582206964,0.002108622109517455,0.047350600361824036,0.13708461821079254,0.01330441515892744,0.006273976061493158,0.029951725155115128,0.1155029758810997,0.0020676099229604006,0.004821593873202801,0.15471205115318298,,,,,,,,,,,,,,,
unknown,石,222,223,274.14145,274.64145,0.9038086,,0.030314944684505463,0.018677974119782448,0.054843492805957794,0.1368575245141983,0.01314884889870882,0.06580962985754013,0.0084156459197402,0.034778840839862823,0.017514612525701523,0.01640065759420395,0.02767176181077957,0.1229480504989624,0.0433240681886673,0.03435442969202995,0.026594949886202812,0.05548568442463875,0.027456242591142654,0.1458543986082077,0.009962145239114761,0.014096749946475029,0.007774833124130964,0.011041778139770031,0.004449693951755762,0.0465993657708168,0.008542058058083057,0.0024493453092873096,0.4948080778121948,0.037693772464990616,0.002921299310401082,0.40596914291381836,0.003361216513440013,0.01955275982618332,0.002623683074489236,0.003366993274539709,0.17234334349632263,0.10362204909324646,0.0037661753594875336,0.030538441613316536,0.0027220144402235746,0.11893640458583832,0.0395638607442379,0.014185501262545586,0.0013677391689270735,0.0020162174478173256,0.02853226289153099,0.16874636709690094,0.0059218257665634155,0.0041570658795535564,0.02104167640209198,0.10785529762506485,0.002090698340907693,0.0049696010537445545,0.17548245191574097,,,,,,,,,,,,,,,
unknown,温,224,225,278.27194,278.63138,0.9423828,,0.017939848825335503,0.009433588944375515,0.022781020030379295,0.09426916390657425,0.04748351499438286,0.17281989753246307,0.012359483167529106,0.02104286476969719,0.014082937501370907,0.016577960923314095,0.015107989311218262,0.0948406383395195,0.055295322090387344,0.03249781206250191,0.04402227699756622,0.03125545755028725,0.018239738419651985,0.14342229068279266,0.021970713511109352,0.03263115510344505,0.0156216099858284,0.02351364679634571,0.006388857029378414,0.027490317821502686,0.007571157068014145,0.0028932159766554832,0.38107821345329285,0.01893959380686283,0.0028568615671247244,0.30990105867385864,0.004389956593513489,0.01389993354678154,0.0030934433452785015,0.004561617039144039,0.11405077576637268,0.06329072266817093,0.0022244765423238277,0.01831638813018799,0.004725704900920391,0.07753477245569229,0.04627496749162674,0.013082854449748993,0.0006711605819873512,0.0034084722865372896,0.04058593139052391,0.10229315608739853,0.0027994897682219744,0.005012392066419125,0.03618199750781059,0.0815671756863594,0.0021714549511671066,0.009885930456221104,0.13675466179847717,,,,,,,,,,,,,,,
unknown,か,226,227,278.63138,278.79114,0.99609375,,0.029285743832588196,0.01715601608157158,0.04611501470208168,0.0954669788479805,0.019466083496809006,0.10382675379514694,0.01828555203974247,0.04186355695128441,0.01650402694940567,0.015083321370184422,0.01855587586760521,0.11081186681985855,0.07347353547811508,0.05143129080533981,0.021507762372493744,0.030864916741847992,0.0285054799169302,0.11803498864173889,0.017621999606490135,0.015709806233644485,0.008580096065998077,0.026110002771019936,0.007220966275781393,0.041377101093530655,0.00875128898769617,0.004225213546305895,0.3782873749732971,0.037556204944849014,0.004080608487129211,0.3545494079589844,0.005829080007970333,0.016733691096305847,0.003092400263994932,0.004496155306696892,0.15407240390777588,0.08424513787031174,0.0035683908499777317,0.026635609567165375,0.0066168298944830894,0.06270018219947815,0.060308702290058136,0.01688954420387745,0.0016554327448830009,0.004398084711283445,0.025472108274698257,0.09934208542108536,0.005618241615593433,0.005003799218684435,0.033379871398210526,0.12091679871082306,0.0029161078855395317,0.010761926881968975,0.10591625422239304,,,,,,,,,,,,,,,
unknown,い,228,229,278.79114,279.29114,0.9848633,,0.036350492388010025,0.019245583564043045,0.049466539174318314,0.10877447575330734,0.020226508378982544,0.13494206964969635,0.014209887944161892,0.039566174149513245,0.018016744405031204,0.016869530081748962,0.01679597795009613,0.10547710210084915,0.056032802909612656,0.06938160210847855,0.02955838292837143,0.026650676503777504,0.024520857259631157,0.11361502856016159,0.033037155866622925,0.029602985829114914,0.01310183946043253,0.023603234440088272,0.009145766496658325,0.021769797429442406,0.014414760284125805,0.00549401855096221,0.35790178179740906,0.0354192852973938,0.004828034434467554,0.27299442887306213,0.004509565886110067,0.017847687005996704,0.004618474747985601,0.004338620230555534,0.1684332638978958,0.06675812602043152,0.003889114363119006,0.05104629322886467,0.005406823009252548,0.05318191647529602,0.09965883940458298,0.013024433515965939,0.0017363306833431125,0.006171980407088995,0.03160977363586426,0.09051762521266937,0.004852444864809513,0.007824020460247993,0.04007148742675781,0.12043388187885284,0.0036803865805268288,0.008294767700135708,0.07901301980018616,,,,,,,,,,,,,,,
unknown,細,230,231,285.10153,285.2613,0.9980469,,0.095157191157341,0.04816204681992531,0.07135433703660965,0.08873108774423599,0.02008439041674137,0.09124314785003662,0.018438875675201416,0.0632142722606659,0.02988961897790432,0.01057787798345089,0.022904591634869576,0.08967706561088562,0.04381052032113075,0.07985401898622513,0.04397675022482872,0.03668529540300369,0.013405606150627136,0.09382256865501404,0.0336301326751709,0.046384040266275406,0.01611914113163948,0.021842170506715775,0.013985779136419296,0.016262240707874298,0.023680102080106735,0.00944295059889555,0.3773002624511719,0.04715225100517273,0.006337726954370737,0.23189590871334076,0.008486476726830006,0.03601182624697685,0.00631825951859355,0.006983369123190641,0.184231236577034,0.0661081001162529,0.009474528022110462,0.0740809440612793,0.00477988738566637,0.08522104471921921,0.0920245572924614,0.01391652598977089,0.003224093932658434,0.008086523972451687,0.037749577313661575,0.10562127083539963,0.005766008980572224,0.013506561517715454,0.04357262700796127,0.11892738938331604,0.00839807465672493,0.005149914883077145,0.08131629228591919,,,,,,,,,,,,,,,
unknown,い,232,233,285.2613,285.7613,0.9995117,,0.11913104355335236,0.08189095556735992,0.10211455076932907,0.11734098196029663,0.015841100364923477,0.07170718908309937,0.02153029851615429,0.0820719301700592,0.03971675783395767,0.013080057688057423,0.02468075603246689,0.06996896117925644,0.04001279175281525,0.06946965306997299,0.03974180296063423,0.04353797808289528,0.0299378614872694,0.07949332147836685,0.030883509665727615,0.03947741910815239,0.016476061195135117,0.02251451089978218,0.012491624802350998,0.032800931483507156,0.028884494677186012,0.011781170964241028,0.3961670696735382,0.07493657618761063,0.01082315482199192,0.2895357608795166,0.009990248829126358,0.03381815925240517,0.007409838028252125,0.00825499277561903,0.1891518086194992,0.09766671061515808,0.017395246773958206,0.07551950216293335,0.005780880339443684,0.08279524743556976,0.07908186316490173,0.015115207992494106,0.008705424144864082,0.00973574724048376,0.03438341245055199,0.11898170411586761,0.020501967519521713,0.01647198386490345,0.03829912468791008,0.12140987068414688,0.01058177649974823,0.005065322387963533,0.07405387610197067,,,,,,,,,,,,,,,
unknown,全,234,235,291.7863,292.14572,0.96972656,,0.08904103934764862,0.06530576199293137,0.09126296639442444,0.10614155232906342,0.010474864393472672,0.059885334223508835,0.022333942353725433,0.07155290246009827,0.03990999981760979,0.01581571437418461,0.027953339740633965,0.06186164170503616,0.037635091692209244,0.08137916028499603,0.03332643583416939,0.058835726231336594,0.03014872781932354,0.05712655559182167,0.03262639790773392,0.03154053911566734,0.015762174502015114,0.021964000537991524,0.012629551813006401,0.030320974066853523,0.032668691128492355,0.009181145578622818,0.38312622904777527,0.06508474051952362,0.007539276499301195,0.29633602499961853,0.009458736516535282,0.03737076371908188,0.009426843374967575,0.007891973480582237,0.18321923911571503,0.10347432643175125,0.015682458877563477,0.13723814487457275,0.0060038333758711815,0.08918534219264984,0.08261971175670624,0.017877116799354553,0.005997864995151758,0.011248691938817501,0.03145495057106018,0.13937386870384216,0.013309898786246777,0.01844670996069908,0.039247963577508926,0.13656041026115417,0.007523160427808762,0.007392698433250189,0.07168722152709961,,,,,,,,,,,,,,,
unknown,体,236,237,292.14572,292.64572,0.97802734,,0.03583567962050438,0.02277008816599846,0.04339990392327309,0.06654609739780426,0.038880158215761185,0.19165512919425964,0.04312372952699661,0.0329614132642746,0.07318487018346786,0.021139103919267654,0.02094770036637783,0.04614415019750595,0.045081526041030884,0.0690387412905693,0.07035591453313828,0.04221585392951965,0.018319111317396164,0.04605884850025177,0.12629197537899017,0.10726195573806763,0.05883267894387245,0.05953748896718025,0.021854165941476822,0.013780210167169571,0.08760902285575867,0.011032872833311558,0.16494452953338623,0.03495530039072037,0.006519248243421316,0.11552513390779495,0.01593368500471115,0.022265397012233734,0.024464178830385208,0.017265060916543007,0.08136212825775146,0.03402169793844223,0.006705258507281542,0.06970711052417755,0.013667548075318336,0.054790008813142776,0.1254231184720993,0.02102539874613285,0.0033777097705751657,0.0247822143137455,0.03637704253196716,0.10058654099702835,0.011534356512129307,0.056123197078704834,0.10505140572786331,0.09282480180263519,0.007274585776031017,0.017289282754063606,0.04830225184559822,,,,,,,,,,,,,,,
unknown,離,238,239,296.85834,297.09796,0.90966797,,0.03175460547208786,0.02316942811012268,0.06099226698279381,0.0461544394493103,0.02660195343196392,0.1788589209318161,0.05485282838344574,0.031098132953047752,0.06468348205089569,0.030230440199375153,0.037784643471241,0.059039246290922165,0.05478331446647644,0.11207430809736252,0.053140319883823395,0.060839246958494186,0.028012365102767944,0.05291087552905083,0.1667315512895584,0.0876597985625267,0.03523987531661987,0.06688935309648514,0.028152750805020332,0.012291857041418552,0.0646967738866806,0.012677320279181004,0.15392433106899261,0.039775166660547256,0.007772575132548809,0.10454719513654709,0.017153214663267136,0.025463800877332687,0.025508329272270203,0.01280842162668705,0.09011217951774597,0.03617582842707634,0.008283904753625393,0.14652666449546814,0.018693717196583748,0.05694514513015747,0.12992556393146515,0.03070886991918087,0.004513350315392017,0.05641941353678703,0.02802189253270626,0.10867082327604294,0.009664321318268776,0.05134899169206619,0.09993192553520203,0.08143410086631775,0.008434330113232136,0.020988231524825096,0.04860897734761238,,,,,,,,,,,,,,,
unknown,す,240,241,297.09796,297.59796,0.99365234,,0.0454903207719326,0.037386540323495865,0.10079649090766907,0.043198756873607635,0.027580298483371735,0.1493443250656128,0.03313944488763809,0.04743678867816925,0.032169368118047714,0.025900904089212418,0.03507243096828461,0.05912350118160248,0.03149404749274254,0.0875299721956253,0.05014938861131668,0.09318795055150986,0.059517305344343185,0.08820363879203796,0.13675856590270996,0.05336431413888931,0.026770390570163727,0.042494915425777435,0.01306286919862032,0.03304875269532204,0.0313541553914547,0.011347689665853977,0.32327091693878174,0.05263691395521164,0.013520844280719757,0.26260536909103394,0.007671913132071495,0.04774864390492439,0.01958414912223816,0.007525183726102114,0.11302873492240906,0.08155279606580734,0.011002609506249428,0.10875820368528366,0.013395845890045166,0.09195402264595032,0.09952731430530548,0.044052183628082275,0.005366517696529627,0.044534604996442795,0.022593654692173004,0.1936158537864685,0.013175416737794876,0.03137537091970444,0.06804264336824417,0.11186426132917404,0.00805002823472023,0.015606478787958622,0.10056464374065399,,,,,,,,,,,,,,,
unknown,男,242,243,302.82346,303.32346,0.9980469,,0.009441927075386047,0.008336576633155346,0.024158833548426628,0.04426848888397217,0.13779595494270325,0.3910082280635834,0.039959948509931564,0.013511564582586288,0.04322167485952377,0.048889532685279846,0.02110067382454872,0.03381839767098427,0.028353970497846603,0.03335459530353546,0.09183767437934875,0.0380169115960598,0.052448295056819916,0.06260808557271957,0.20130382478237152,0.09135489910840988,0.08718420565128326,0.09247293323278427,0.008407754823565483,0.020715991035103798,0.04544619843363762,0.011075745336711407,0.13460460305213928,0.01919405534863472,0.010088789276778698,0.13055023550987244,0.008939043618738651,0.017345624044537544,0.022051047533750534,0.016481395810842514,0.04059947282075882,0.03270876407623291,0.0032764682546257973,0.03553200513124466,0.030136773362755775,0.03267006576061249,0.07763232290744781,0.043993934988975525,0.0035026618279516697,0.05001603811979294,0.04276179149746895,0.09220372885465622,0.018380753695964813,0.04254049435257912,0.11365987360477448,0.05663110315799713,0.006464286241680384,0.02744845673441887,0.06263240426778793,,,,,,,,,,,,,,,
unknown,運,244,245,309.6465,309.80612,0.99853516,,0.008692974224686623,0.0053202128037810326,0.01224029902368784,0.041900306940078735,0.3124358355998993,0.6225577592849731,0.03851761296391487,0.011472277343273163,0.03269589692354202,0.03353528678417206,0.006930768024176359,0.01423693262040615,0.02512945421040058,0.017679376527667046,0.13827593624591827,0.01682211458683014,0.027120204642415047,0.044302769005298615,0.2818990647792816,0.14647024869918823,0.10893265157938004,0.11270330101251602,0.00813178438693285,0.011337701231241226,0.03968444839119911,0.009874251671135426,0.0997718945145607,0.008774620480835438,0.018510302528738976,0.10416630655527115,0.007588283624500036,0.012747894041240215,0.013696884736418724,0.014853459782898426,0.022836076095700264,0.022486813366413116,0.0015312894247472286,0.012679830193519592,0.02799803391098976,0.02433875948190689,0.0628269612789154,0.02889956347644329,0.0013625649735331535,0.04973617568612099,0.06591182947158813,0.04788278415799141,0.0070853750221431255,0.03442155197262764,0.15327627956867218,0.05273132771253586,0.005905072670429945,0.02301931194961071,0.04550262540578842,,,,,,,,,,,,,,,
unknown,ん,246,247,309.80612,309.88593,0.99902344,,0.004496799781918526,0.0026732662227004766,0.00662189582362771,0.035307783633470535,0.38555625081062317,0.7077013254165649,0.041131000965833664,0.005833548493683338,0.02958233468234539,0.04370924457907677,0.011159459128975868,0.015725038945674896,0.024439698085188866,0.027233023196458817,0.2101808488368988,0.013014416210353374,0.010349655523896217,0.041420042514801025,0.3801040053367615,0.25183647871017456,0.15336047112941742,0.13469243049621582,0.011904355138540268,0.004096877295523882,0.03548081964254379,0.017287638038396835,0.04243665561079979,0.005447736941277981,0.012274949811398983,0.03692011162638664,0.010691255331039429,0.005107066594064236,0.014965502545237541,0.019923392683267593,0.017865443602204323,0.009950471110641956,0.0013601225800812244,0.012940296903252602,0.04589260369539261,0.018183443695306778,0.06304624676704407,0.01875295862555504,0.0011726947268471122,0.09471292048692703,0.09770748764276505,0.026529259979724884,0.003970339894294739,0.043626051396131516,0.148056760430336,0.01791759952902794,0.010763340629637241,0.029863517731428146,0.02839355729520321,,,,,,,,,,,,,,,
unknown,で,248,249,309.88593,310.04553,0.99853516,,0.024440202862024307,0.025305964052677155,0.0564362108707428,0.08482850342988968,0.047850534319877625,0.20358075201511383,0.0226423442363739,0.025883182883262634,0.033788811415433884,0.03744085133075714,0.04406135529279709,0.028365280479192734,0.02642669714987278,0.05433100834488869,0.05850372090935707,0.0894884318113327,0.0740923285484314,0.05018666386604309,0.1534465253353119,0.05343838781118393,0.028744757175445557,0.041958391666412354,0.0077831740491092205,0.039122819900512695,0.026708023622632027,0.014130665920674801,0.2528509795665741,0.030945686623454094,0.016044599935412407,0.24978746473789215,0.005806153640151024,0.03731336444616318,0.014377596788108349,0.007727790158241987,0.08327069133520126,0.10968586057424545,0.012499524280428886,0.11403141915798187,0.020999405533075333,0.06155006214976311,0.07935785502195358,0.06027451530098915,0.010094426572322845,0.0609414204955101,0.05678911879658699,0.17510086297988892,0.02552810311317444,0.02406267821788788,0.07432294636964798,0.09904801845550537,0.010597334243357182,0.01262548565864563,0.0929732546210289,,,,,,,,,,,,,,,
unknown,く,250,251,310.04553,310.16522,0.9765625,,0.04910942539572716,0.04210791736841202,0.0853205993771553,0.09727753698825836,0.019920039921998978,0.10605133324861526,0.025054598227143288,0.03915853425860405,0.06797690689563751,0.02875087969005108,0.05399066209793091,0.021655403077602386,0.027575654909014702,0.06933369487524033,0.04657750949263573,0.11735904961824417,0.05204125493764877,0.04817228019237518,0.12289977818727493,0.03461679071187973,0.014924701303243637,0.02827252447605133,0.012596894055604935,0.039419714361429214,0.046950213611125946,0.028799651190638542,0.31944525241851807,0.03863617405295372,0.032375089824199677,0.26910600066185,0.005271748639643192,0.0599534772336483,0.023123273625969887,0.0044938731007277966,0.1103423684835434,0.15019485354423523,0.01759473606944084,0.10582035034894943,0.01870187371969223,0.1038161963224411,0.07923205196857452,0.072766974568367,0.01443088985979557,0.06485745310783386,0.06466827541589737,0.20164595544338226,0.026261964812874794,0.03697892278432846,0.05369569733738899,0.12332435697317123,0.026876822113990784,0.01035511214286089,0.10895325243473053,,,,,,,,,,,,,,,
unknown,る,252,253,310.16522,310.66522,0.9970703,,0.028871478512883186,0.027268119156360626,0.0786418467760086,0.07748812437057495,0.021214382722973824,0.11781584471464157,0.034007877111434937,0.027143428102135658,0.07049091160297394,0.0411832295358181,0.0619136318564415,0.03578871488571167,0.030218064785003662,0.07355373352766037,0.048061057925224304,0.13409779965877533,0.0562724769115448,0.0628298819065094,0.10833703726530075,0.03646351397037506,0.01588025502860546,0.03312600031495094,0.012796686962246895,0.04782974720001221,0.04247437044978142,0.02122049406170845,0.3443962037563324,0.040484338998794556,0.01739726960659027,0.3100886940956116,0.006872324272990227,0.04761352390050888,0.02031358890235424,0.005289827007800341,0.10680199414491653,0.12295835465192795,0.012150166556239128,0.09856367111206055,0.017085600644350052,0.08675279468297958,0.08075905591249466,0.09379222989082336,0.01268990058451891,0.04133046790957451,0.04033156484365463,0.23660925030708313,0.03253139555454254,0.03087548539042473,0.0504976361989975,0.11080298572778702,0.017195144668221474,0.014910471625626087,0.12765976786613464,,,,,,,,,,,,,,,
unknown,n,254,255,315.00903,315.3286,0.7138672,,0.016110926866531372,0.013784973882138729,0.033712148666381836,0.04871230572462082,0.10256891697645187,0.3006291389465332,0.06232728064060211,0.0173959918320179,0.0511067770421505,0.036719683557748795,0.02890828810632229,0.04015867039561272,0.03178026154637337,0.04653910547494888,0.07708688080310822,0.05739080533385277,0.048458829522132874,0.10162985324859619,0.1592789590358734,0.07261639088392258,0.034554969519376755,0.08078912645578384,0.014225304126739502,0.02674992009997368,0.033700913190841675,0.01956951431930065,0.2753565311431885,0.021393554285168648,0.015920381993055344,0.27494925260543823,0.016048241406679153,0.028685808181762695,0.018856622278690338,0.011798701249063015,0.07776203751564026,0.05868286266922951,0.005692882928997278,0.037306372076272964,0.028497306630015373,0.05901400372385979,0.06661991029977798,0.053832802921533585,0.004837076645344496,0.04257059842348099,0.038503024727106094,0.11939698457717896,0.013823611661791801,0.02819834090769291,0.08612513542175293,0.07347878068685532,0.013591294176876545,0.01719079725444317,0.1010705828666687,,,,,,,,,,,,,,,
unknown,c,256,257,315.3286,315.6881,0.96191406,,0.029006503522396088,0.024162381887435913,0.05169396102428436,0.03388436138629913,0.05620576813817024,0.14177174866199493,0.06715855747461319,0.030513666570186615,0.032618239521980286,0.01720777526497841,0.023966103792190552,0.06423253566026688,0.03873349353671074,0.03983207792043686,0.04961996152997017,0.05096321925520897,0.048898957669734955,0.148626446723938,0.06364667415618896,0.04521913453936577,0.025835387408733368,0.0714961364865303,0.012373115867376328,0.05010902136564255,0.014477362856268883,0.017376266419887543,0.37772852182388306,0.035392310470342636,0.009165875613689423,0.3987143635749817,0.02410833351314068,0.031957898288965225,0.010340593755245209,0.014691274613142014,0.12892065942287445,0.06058693304657936,0.009357036091387272,0.012203267775475979,0.018887240439653397,0.06538177281618118,0.03932155296206474,0.039290349930524826,0.005644056014716625,0.02040124125778675,0.02435559220612049,0.1272154599428177,0.02327549085021019,0.015138912945985794,0.0634281262755394,0.07373205572366714,0.013407625257968903,0.012302079237997532,0.10718048363924026,,,,,,,,,,,,,,,
unknown,l,258,259,315.6881,316.1881,0.6611328,,0.023352090269327164,0.01722072809934616,0.04515467584133148,0.054286304861307144,0.08983614295721054,0.2164798527956009,0.06101328134536743,0.02136453054845333,0.042683035135269165,0.011173635721206665,0.0152075020596385,0.04171592369675636,0.04146295413374901,0.026991162449121475,0.07003398984670639,0.04227009788155556,0.03545854613184929,0.12685634195804596,0.0770779401063919,0.07750353217124939,0.03927456960082054,0.06738327443599701,0.014188531786203384,0.04357637092471123,0.02250131033360958,0.011907790787518024,0.3521365225315094,0.02441733330488205,0.01006702333688736,0.3708775043487549,0.023245850577950478,0.02353951521217823,0.009891550987958908,0.015209824778139591,0.103450708091259,0.05689668282866478,0.005780662409961224,0.005473809316754341,0.01303831860423088,0.07308811694383621,0.03259904682636261,0.030359504744410515,0.0038436604663729668,0.013020933605730534,0.03420144319534302,0.12647788226604462,0.022278646007180214,0.01691405661404133,0.07868186384439468,0.0773661807179451,0.009398446418344975,0.00504502234980464,0.10595040768384933,,,,,,,,,,,,,,,
unknown,お,260,261,320.60144,320.76123,0.9433594,,0.0321405827999115,0.025760525837540627,0.07485955953598022,0.05669432878494263,0.07048653811216354,0.18370741605758667,0.048357538878917694,0.029689917340874672,0.04960872232913971,0.014462355524301529,0.02293332666158676,0.04570304602384567,0.04825045168399811,0.03833192586898804,0.07251296937465668,0.061318498104810715,0.03626486286520958,0.09667060524225235,0.07582203298807144,0.08239181339740753,0.04362489655613899,0.053655486553907394,0.013962650671601295,0.05707564949989319,0.0248541422188282,0.015130976215004921,0.38787221908569336,0.03592517226934433,0.010279937647283077,0.3937549889087677,0.01721978560090065,0.030467361211776733,0.01061317790299654,0.01579284854233265,0.12317598611116409,0.07583437114953995,0.00850499328225851,0.01283279899507761,0.013555556535720825,0.07737141102552414,0.04005683213472366,0.04002653807401657,0.0064002349972724915,0.014606055803596973,0.033088162541389465,0.16172154247760773,0.03395087644457817,0.019085146486759186,0.0800856202840805,0.09889673441648483,0.012026629410684109,0.006148348096758127,0.11536935716867447,,,,,,,,,,,,,,,
unknown,金,262,263,320.76123,321.26123,0.8876953,,0.03894006460905075,0.030768582597374916,0.060130272060632706,0.03952691704034805,0.08308342844247818,0.190764382481575,0.08504244685173035,0.0282308179885149,0.04566458985209465,0.014717341400682926,0.05234396830201149,0.04107748344540596,0.019516991451382637,0.049302417784929276,0.11424759775400162,0.09540111571550369,0.02110384590923786,0.08898933976888657,0.0777960941195488,0.09482809156179428,0.059567954391241074,0.08678904175758362,0.013614822179079056,0.025205425918102264,0.030567143112421036,0.05424775183200836,0.24246971309185028,0.026419740170240402,0.011308053508400917,0.1794481873512268,0.029240591451525688,0.09515305608510971,0.02399936504662037,0.021896352991461754,0.08274359256029129,0.059451330453157425,0.014398527331650257,0.01744670420885086,0.02775353379547596,0.08959890902042389,0.03622153028845787,0.0891425833106041,0.004969835747033358,0.03774283081293106,0.05873457342386246,0.16698360443115234,0.01283707283437252,0.035422105342149734,0.049009643495082855,0.047903891652822495,0.0528859868645668,0.018495557829737663,0.09249924123287201,,,,,,,,,,,,,,,
unknown,大,264,265,326.23376,326.39355,0.9223633,,0.02190449833869934,0.0152082284912467,0.029330473393201828,0.04118036478757858,0.23037098348140717,0.39358797669410706,0.09059571474790573,0.0184309221804142,0.041608139872550964,0.019710127264261246,0.015799641609191895,0.0231691375374794,0.026249539107084274,0.02482031285762787,0.16988055408000946,0.033967263996601105,0.017234133556485176,0.06887403130531311,0.11580976843833923,0.17131662368774414,0.10239315778017044,0.12211444228887558,0.01526138186454773,0.017797604203224182,0.025123484432697296,0.023874612525105476,0.18693740665912628,0.015047486871480942,0.01559358835220337,0.18199095129966736,0.0343196839094162,0.022059366106987,0.010208633728325367,0.027229228988289833,0.05148032307624817,0.03453503176569939,0.004699021112173796,0.005949217826128006,0.024789197370409966,0.05550481006503105,0.026388952508568764,0.02651038020849228,0.0022084414958953857,0.03253117948770523,0.06181037798523903,0.07056330144405365,0.009728110395371914,0.025977984070777893,0.07235149294137955,0.03182826563715935,0.019222494214773178,0.013573192991316319,0.05710487812757492,,,,,,,,,,,,,,,
unknown,人,266,267,326.39355,326.89355,0.94189453,,0.006390290334820747,0.003971407655626535,0.008566098287701607,0.03448633477091789,0.3103685975074768,0.5883608460426331,0.1403672993183136,0.006599403452128172,0.061007652431726456,0.03471304476261139,0.009175371378660202,0.01282916683703661,0.040188733488321304,0.028625119477510452,0.23893973231315613,0.012509383261203766,0.010456820018589497,0.034188155084848404,0.20679761469364166,0.24386471509933472,0.16188333928585052,0.2048688679933548,0.03381377086043358,0.004520470276474953,0.0429379865527153,0.02028697356581688,0.041057948023080826,0.0068148463033139706,0.015597392804920673,0.041142672300338745,0.04701705276966095,0.00610224436968565,0.012175614945590496,0.028615644201636314,0.01949029043316841,0.008829372934997082,0.0017592518124729395,0.003293063957244158,0.045133333653211594,0.018688838928937912,0.03195193037390709,0.012624598108232021,0.0013070498825982213,0.05725639685988426,0.09354355931282043,0.020010748878121376,0.005989963188767433,0.04414062201976776,0.07626938074827194,0.010485218837857246,0.013125637546181679,0.03283093124628067,0.017301013693213463,,,,,,,,,,,,,,,
unknown,鼻,268,269,332.87607,333.37607,0.66503906,,0.007444585207849741,0.00367258139885962,0.00832812674343586,0.04799625277519226,0.25514939427375793,0.5809451341629028,0.10372455418109894,0.006872951053082943,0.05976523086428642,0.025057241320610046,0.009228811599314213,0.017242679372429848,0.046795062720775604,0.03161051496863365,0.18770906329154968,0.011962217278778553,0.011499262414872646,0.0525740422308445,0.16244691610336304,0.21206475794315338,0.13276644051074982,0.16195885837078094,0.028682563453912735,0.004147247411310673,0.04637938365340233,0.019685450941324234,0.05399329215288162,0.006196967326104641,0.013669513165950775,0.044194381684064865,0.03044699877500534,0.006762045435607433,0.013445418328046799,0.01958097331225872,0.029044002294540405,0.008212439715862274,0.0012536626309156418,0.0027672068681567907,0.02885465696454048,0.02138434909284115,0.04067271202802658,0.015996092930436134,0.0008911601617000997,0.03714793547987938,0.09607193619012833,0.02554989606142044,0.006196197587996721,0.03778143972158432,0.07801192253828049,0.016907397657632828,0.013871336355805397,0.027380600571632385,0.021447470411658287,,,,,,,,,,,,,,,
unknown,山,270,271,339.42087,339.92087,0.9604492,,0.013406670652329922,0.008711080066859722,0.014264668338000774,0.10323125869035721,0.25269800424575806,0.4581809937953949,0.05121733620762825,0.011907636187970638,0.05593213811516762,0.021327562630176544,0.009974958375096321,0.019869016483426094,0.040651556104421616,0.029454071074724197,0.21290789544582367,0.02113381214439869,0.017298264428973198,0.06415656954050064,0.10197195410728455,0.21003097295761108,0.13419890403747559,0.0874456912279129,0.02055066078901291,0.014688363298773766,0.040605783462524414,0.008367572911083698,0.12235038727521896,0.013709641061723232,0.01142126601189375,0.11093112826347351,0.021903816610574722,0.01088572759181261,0.008518173359334469,0.02091660536825657,0.03725758194923401,0.027524983510375023,0.00324475415982306,0.007088206242769957,0.017238950356841087,0.039141103625297546,0.03845207393169403,0.013474954292178154,0.0026883019600063562,0.017535051330924034,0.13530805706977844,0.051197633147239685,0.017153877764940262,0.028603123500943184,0.0666080117225647,0.030469181016087532,0.005181396845728159,0.015600927174091339,0.04721323773264885,,,,,,,,,,,,,,,
unknown,嬉,272,273,346.4668,346.66666,0.8261719,,0.025485005229711533,0.013353158719837666,0.0358566977083683,0.12089193612337112,0.1471083164215088,0.34516072273254395,0.02923320233821869,0.017571158707141876,0.06121708080172539,0.025430383160710335,0.019230064004659653,0.024122316390275955,0.03859184682369232,0.03838483616709709,0.22007279098033905,0.037248916923999786,0.017420858144760132,0.05934469774365425,0.08465162664651871,0.19664840400218964,0.1198708713054657,0.04207799956202507,0.01814883202314377,0.016436055302619934,0.036109283566474915,0.009708668105304241,0.1750953644514084,0.018728148192167282,0.01807727850973606,0.13423752784729004,0.01140676625072956,0.019945809617638588,0.007503935135900974,0.013772983103990555,0.06962814182043076,0.04148809239268303,0.0036344255786389112,0.007400201167911291,0.009430566802620888,0.055674958974123,0.04006348177790642,0.016716673970222473,0.0031115927267819643,0.012914096005260944,0.17886394262313843,0.08718013763427734,0.019422201439738274,0.026548191905021667,0.05238458886742592,0.042569614946842194,0.007578661199659109,0.009981722570955753,0.058684978634119034,,,,,,,,,,,,,,,
unknown,し,274,275,346.66666,346.86652,0.9633789,,0.022555934265255928,0.01167417410761118,0.03201239928603172,0.15621799230575562,0.08043250441551208,0.2726675570011139,0.022164687514305115,0.016121119260787964,0.06688755750656128,0.034954674541950226,0.02610660530626774,0.025203939527273178,0.06061365455389023,0.05588017776608467,0.167924702167511,0.04081796109676361,0.019204892218112946,0.04458463564515114,0.0808580294251442,0.1499212384223938,0.0794275626540184,0.02912549488246441,0.02220616675913334,0.015911176800727844,0.03134143725037575,0.007452019490301609,0.17009587585926056,0.02025279775261879,0.013699381612241268,0.1373203843832016,0.008014623075723648,0.016083847731351852,0.0058833095245063305,0.008351600728929043,0.09282686561346054,0.04669427499175072,0.0031800337601453066,0.010404407046735287,0.007162319961935282,0.0431390255689621,0.047941356897354126,0.016440317034721375,0.003431543242186308,0.011791824363172054,0.18988823890686035,0.08990897238254547,0.02075675129890442,0.02039993368089199,0.0474524162709713,0.049776531755924225,0.005662182811647654,0.00918065756559372,0.05099570006132126,,,,,,,,,,,,,,,
unknown,い,276,277,346.86652,347.36652,0.9394531,,0.01816798932850361,0.01228056289255619,0.028503622859716415,0.13568229973316193,0.06017439812421799,0.2856406569480896,0.0733972042798996,0.011819534935057163,0.10445545613765717,0.04200344160199165,0.020361265167593956,0.01907718926668167,0.04921441897749901,0.05777724087238312,0.10953834652900696,0.03661845996975899,0.04445282369852066,0.049229029566049576,0.10053934901952744,0.09001147001981735,0.04539865627884865,0.059339739382267,0.03226771578192711,0.015621088445186615,0.04938101768493652,0.015653179958462715,0.15416662395000458,0.016688112169504166,0.029792850837111473,0.15467698872089386,0.01601569354534149,0.01663089729845524,0.010998882353305817,0.0065795062109827995,0.07352792471647263,0.04977438971400261,0.004471180494874716,0.008858871646225452,0.016231287270784378,0.04106268659234047,0.05575060099363327,0.026622150093317032,0.005843538790941238,0.028714921325445175,0.1533832848072052,0.07349234819412231,0.02910899557173252,0.028825171291828156,0.03761341795325279,0.04063069447875023,0.011747950688004494,0.014093234203755856,0.03651950880885124,,,,,,,,,,,,,,,
unknown,ス,278,279,352.30264,352.42258,0.99560547,,0.006574382074177265,0.006145250052213669,0.009488982148468494,0.07812239229679108,0.12499748915433884,0.42482471466064453,0.0900440663099289,0.006082783453166485,0.11262810975313187,0.04314215108752251,0.01018014457076788,0.016883699223399162,0.06898730993270874,0.03586222231388092,0.12714117765426636,0.00874693039804697,0.028933001682162285,0.04755641520023346,0.11456961184740067,0.13679413497447968,0.06728537380695343,0.09371214359998703,0.04031284898519516,0.005718099419027567,0.04979197308421135,0.017060792073607445,0.07138913124799728,0.01029997132718563,0.02116982266306877,0.07353618741035461,0.02216787077486515,0.0031723547726869583,0.011468901298940182,0.0102989561855793,0.05292537435889244,0.012063990347087383,0.002960609272122383,0.004459896590560675,0.017889365553855896,0.014401162974536419,0.03658999130129814,0.00660985242575407,0.004960159305483103,0.02898530289530754,0.09196393936872482,0.01580800488591194,0.02989579178392887,0.031412139534950256,0.05721559748053551,0.016893981024622917,0.012968657538294792,0.01336226798593998,0.012300241738557816,,,,,,,,,,,,,,,
unknown,タ,280,281,352.42258,352.54248,1.0,,0.007029396481812,0.00598354684188962,0.008874757215380669,0.07516942173242569,0.1257413774728775,0.4022618234157562,0.0948096290230751,0.007190987002104521,0.09999093413352966,0.031415265053510666,0.012910646386444569,0.014338433742523193,0.0825357586145401,0.0459698811173439,0.1244438961148262,0.01126609556376934,0.036047834903001785,0.03980765864253044,0.11897781491279602,0.11809911578893661,0.05948203429579735,0.08939583599567413,0.04795164242386818,0.006696931552141905,0.03738801181316376,0.016716603189706802,0.06447561830282211,0.010644878260791302,0.02518453635275364,0.07446307688951492,0.02441568300127983,0.0047684586606919765,0.009152919985353947,0.009977597743272781,0.061061836779117584,0.013993727043271065,0.0028625966515392065,0.004121916834264994,0.020148279145359993,0.013523675501346588,0.03786204755306244,0.011053729802370071,0.005621875636279583,0.029126157984137535,0.10983427613973618,0.020259205251932144,0.03173341602087021,0.0250354316085577,0.06640728563070297,0.02446017600595951,0.012434864416718483,0.010349676944315434,0.01351377833634615,,,,,,,,,,,,,,,
unknown,ー,282,283,352.54248,352.6624,0.99902344,,0.008662870153784752,0.007199802435934544,0.009954387322068214,0.07808316498994827,0.1072288379073143,0.3534068763256073,0.08871693164110184,0.008487995713949203,0.08494577556848526,0.03158917650580406,0.01688719354569912,0.019299469888210297,0.0835040733218193,0.053032487630844116,0.10732372105121613,0.01527989562600851,0.04528789967298508,0.05537256971001625,0.10065889358520508,0.08804266154766083,0.04195822402834892,0.0779985636472702,0.04565827175974846,0.0085477065294981,0.028382591903209686,0.016518525779247284,0.09286130964756012,0.012341676279902458,0.02363656647503376,0.10196245461702347,0.02235330455005169,0.008466541767120361,0.008782555349171162,0.008139511570334435,0.07932528108358383,0.019521789625287056,0.003485425841063261,0.005458562169224024,0.01826464757323265,0.016466481611132622,0.03560241311788559,0.015432613901793957,0.0059584700502455235,0.02666248381137848,0.11901018023490906,0.02716790698468685,0.02795378305017948,0.01988884061574936,0.0600104033946991,0.031083134934306145,0.013060206547379494,0.011042525060474873,0.019034648314118385,,,,,,,,,,,,,,,
unknown,ト,284,285,352.6624,353.1624,0.9995117,,0.006851488724350929,0.00662968959659338,0.010671485215425491,0.09616269171237946,0.09845718741416931,0.3815487027168274,0.06430692225694656,0.007899648509919643,0.07355602830648422,0.07003039121627808,0.009036863222718239,0.013862527906894684,0.08462341129779816,0.03963049501180649,0.08772151172161102,0.008379057981073856,0.051816895604133606,0.03327034041285515,0.12181929498910904,0.081009142100811,0.03970766440033913,0.08185594528913498,0.031373899430036545,0.010099985636770725,0.024726031348109245,0.014854762703180313,0.08563503623008728,0.013732682913541794,0.028842557221651077,0.10804662853479385,0.014566350728273392,0.0026756448205560446,0.005731245968490839,0.007319811265915632,0.06332781165838242,0.01919117197394371,0.0030204488430172205,0.006051111966371536,0.023906733840703964,0.01020161621272564,0.030143272131681442,0.006009059492498636,0.0069623286835849285,0.03385382890701294,0.10973033308982849,0.015377704054117203,0.039492398500442505,0.017171533778309822,0.05443786829710007,0.02067933976650238,0.009823922999203205,0.01589147187769413,0.011246757581830025,,,,,,,,,,,,,,,
unknown,喧,286,287,356.9944,357.2742,0.8457031,,0.009169802069664001,0.008791104890406132,0.015404402278363705,0.09084603935480118,0.08708854764699936,0.3444323241710663,0.09568548202514648,0.01308516040444374,0.06018082797527313,0.041085321456193924,0.007753182668238878,0.017182454466819763,0.09259144216775894,0.033607907593250275,0.062178440392017365,0.009017296135425568,0.048322372138500214,0.03246239572763443,0.11970794945955276,0.07362311333417892,0.03869758918881416,0.10663226991891861,0.027525736019015312,0.018871627748012543,0.023405231535434723,0.01561927143484354,0.1236032247543335,0.018081173300743103,0.01959715597331524,0.20289839804172516,0.026335492730140686,0.003769251750782132,0.005384954158216715,0.013067577034235,0.0803665816783905,0.025309380143880844,0.003100948641076684,0.005227575544267893,0.023309675976634026,0.010084197856485844,0.029169755056500435,0.01089848205447197,0.006382188759744167,0.024047255516052246,0.06639689207077026,0.021358394995331764,0.04521622136235237,0.01448797807097435,0.08268426358699799,0.03838425874710083,0.010051014833152294,0.012450014241039753,0.014993548393249512,,,,,,,,,,,,,,,
unknown,カ,288,289,357.2742,357.7742,0.62158203,,0.01000030804425478,0.009016236290335655,0.013813716359436512,0.1554664671421051,0.06526274979114532,0.30182719230651855,0.0497143380343914,0.010558015666902065,0.05968697369098663,0.03382031247019768,0.009638269431889057,0.017564352601766586,0.0966222733259201,0.03411811962723732,0.055578529834747314,0.009371478110551834,0.05636025592684746,0.04858482629060745,0.10927113890647888,0.0567614920437336,0.022025268524885178,0.060142599046230316,0.028569143265485764,0.015628309920430183,0.021619031205773354,0.013324059545993805,0.16402079164981842,0.014990055002272129,0.023548372089862823,0.19932805001735687,0.013166512362658978,0.00363107374869287,0.0059755416586995125,0.00607499061152339,0.10692640393972397,0.03436983376741409,0.003841808997094631,0.004060105886310339,0.013865220360457897,0.012913016602396965,0.031867511570453644,0.006544822361320257,0.006913425866514444,0.019563822075724602,0.11586619913578033,0.022652067244052887,0.03674094006419182,0.012937908992171288,0.06860624253749847,0.040913619101047516,0.010877872817218304,0.006564043462276459,0.01621728017926216,,,,,,,,,,,,,,,
unknown,水,290,291,363.2303,363.7303,0.9760742,,0.009838772937655449,0.007500818464905024,0.011490234173834324,0.13979505002498627,0.05781154707074165,0.3630518317222595,0.0456324964761734,0.00796566903591156,0.06633082032203674,0.06437777727842331,0.012236338108778,0.01606876775622368,0.07200546562671661,0.04609178751707077,0.07337015122175217,0.007440716493874788,0.044908370822668076,0.04924864321947098,0.13034771382808685,0.07756952196359634,0.020457584410905838,0.049377717077732086,0.035049889236688614,0.006334621924906969,0.0214469563215971,0.018387334421277046,0.12048694491386414,0.01142258383333683,0.04725950211286545,0.11139103770256042,0.008616327308118343,0.002478380687534809,0.007047364022582769,0.0030239273328334093,0.09091934561729431,0.020928697660565376,0.0034556740429252386,0.005460165906697512,0.011337746866047382,0.009987049736082554,0.032881271094083786,0.004626650363206863,0.006462339777499437,0.028834311291575432,0.16933125257492065,0.013345564715564251,0.02787664160132408,0.016170814633369446,0.04172176867723465,0.01867567002773285,0.0178509671241045,0.017100734636187553,0.009699132293462753,,,,,,,,,,,,,,,
unknown,砂,292,293,370.14575,370.64575,0.9921875,,0.010799743235111237,0.007962576113641262,0.0114505710080266,0.1818152666091919,0.019508467987179756,0.1840670108795166,0.07372216135263443,0.007043605670332909,0.10959752649068832,0.0582738071680069,0.020066533237695694,0.02264387719333172,0.08211325854063034,0.057778455317020416,0.04513964056968689,0.011960324831306934,0.03848513215780258,0.07035297900438309,0.06756459921598434,0.03708456829190254,0.008550845086574554,0.04023474082350731,0.06155887618660927,0.008823536336421967,0.024026233702898026,0.02351691946387291,0.19026397168636322,0.012015684507787228,0.03179590031504631,0.16474805772304535,0.011928237043321133,0.003831807989627123,0.007264378480613232,0.0018334391061216593,0.11763156205415726,0.037241119891405106,0.0050787958316504955,0.003810861147940159,0.009992801584303379,0.012899037450551987,0.032958611845970154,0.007830487564206123,0.009579687379300594,0.017644235864281654,0.17937149107456207,0.018596448004245758,0.03241351619362831,0.014312061481177807,0.026127535849809647,0.024035096168518066,0.026522468775510788,0.023925310000777245,0.013475153595209122,,,,,,,,,,,,,,,
unknown,氷,294,295,374.4,374.9,0.9423828,,0.008845493197441101,0.006152655929327011,0.011549235321581364,0.1476971060037613,0.037947505712509155,0.2953443229198456,0.0584455281496048,0.007290043402463198,0.07862737774848938,0.078288234770298,0.015542750246822834,0.029789390042424202,0.10363166779279709,0.060364045202732086,0.060401976108551025,0.010090197436511517,0.045687541365623474,0.07645083963871002,0.09198738634586334,0.05675480142235756,0.013485983945429325,0.046363137662410736,0.05755550414323807,0.008562513627111912,0.02027144283056259,0.010747223161160946,0.15963725745677948,0.014172201976180077,0.028457727283239365,0.13817556202411652,0.010547451674938202,0.002537873573601246,0.005249042995274067,0.002123042941093445,0.10463472455739975,0.026888564229011536,0.002707897685468197,0.003517415374517441,0.00978113804012537,0.011400398798286915,0.036796290427446365,0.004284197464585304,0.005966201890259981,0.0152986329048872,0.1352057158946991,0.016790181398391724,0.026231147348880768,0.0128781134262681,0.029772194102406502,0.020547224208712578,0.009271414019167423,0.02192014455795288,0.01265788171440363,,,,,,,,,,,,,,,
unknown,こ,296,297,381.32,381.72,0.2097168,,0.014336380176246166,0.007147922180593014,0.01196000725030899,0.1667352318763733,0.03714117035269737,0.24057692289352417,0.07899786531925201,0.006739235948771238,0.08923443406820297,0.03454473614692688,0.019597966223955154,0.022405806928873062,0.07537215948104858,0.04956279695034027,0.079654760658741,0.011079945601522923,0.02520284429192543,0.0812123641371727,0.12072470039129257,0.07991030812263489,0.016961775720119476,0.04910935088992119,0.09501761198043823,0.004531216807663441,0.026447145268321037,0.03618073835968971,0.15865753591060638,0.008388004265725613,0.03598576784133911,0.09495319426059723,0.019337601959705353,0.0047730375081300735,0.00753910094499588,0.0034102159552276134,0.11440899968147278,0.023075144737958908,0.004045241512358189,0.0024780714884400368,0.010564673691987991,0.01257921103388071,0.028503872454166412,0.007932090200483799,0.004893672186881304,0.021182643249630928,0.2387353628873825,0.01770338974893093,0.014171108603477478,0.017607470974326134,0.04207232594490051,0.020862815901637077,0.05058911442756653,0.009894466027617455,0.013878263533115387,,,,,,,,,,,,,,,
unknown,き,298,299,381.72,382.22,0.49145508,,0.017102405428886414,0.015278918668627739,0.029461313039064407,0.16458822786808014,0.02497774548828602,0.19286000728607178,0.017209863290190697,0.015521972440183163,0.039983972907066345,0.0686960369348526,0.047325123101472855,0.051506828516721725,0.14139768481254578,0.12039753794670105,0.06711283326148987,0.03814803063869476,0.029911592602729797,0.07165969163179398,0.06639032065868378,0.06660153716802597,0.013857938349246979,0.02277339994907379,0.031736548990011215,0.017628852277994156,0.010971611365675926,0.006944205611944199,0.18716247379779816,0.03282095491886139,0.010151756927371025,0.13217240571975708,0.004140031524002552,0.007192510180175304,0.00543191796168685,0.0020858608186244965,0.11583579331636429,0.06741518527269363,0.008642085827887058,0.02778906561434269,0.0062874071300029755,0.030812688171863556,0.06221548467874527,0.00640332093462348,0.00751442089676857,0.01992535963654518,0.127890482544899,0.04967905953526497,0.015972059220075607,0.011355502530932426,0.024000568315386772,0.025165976956486702,0.005859317258000374,0.025206508114933968,0.03161504119634628,,,,,,,,,,,,,,,
unknown,果,300,301,386.63998,386.84,0.9995117,,0.00942471157759428,0.009475445374846458,0.020471127703785896,0.1845579594373703,0.015505218878388405,0.13489551842212677,0.01959683932363987,0.008729861117899418,0.05070419982075691,0.0637659952044487,0.04600273445248604,0.05625706911087036,0.1446686089038849,0.1122681275010109,0.05003368481993675,0.05107351765036583,0.04361772537231445,0.10434471070766449,0.04284149035811424,0.03752775117754936,0.009335937909781933,0.019442852586507797,0.033219944685697556,0.027408845722675323,0.013290474191308022,0.005256351549178362,0.23586226999759674,0.026695773005485535,0.007097915280610323,0.1782708317041397,0.003770615207031369,0.005975440610200167,0.008867044001817703,0.0014145856257528067,0.11454068124294281,0.0746062621474266,0.007067451719194651,0.015218991786241531,0.004920171108096838,0.04262803494930267,0.06138857081532478,0.009080504067242146,0.006343092303723097,0.012100622057914734,0.1043112501502037,0.07293776422739029,0.02231007069349289,0.012959981337189674,0.01691492088139057,0.025510523468255997,0.004511438775807619,0.03434545174241066,0.04839158058166504,,,,,,,,,,,,,,,
unknown,物,302,303,386.84,387.315,0.9970703,,0.005605367943644524,0.0071674128994345665,0.011745180003345013,0.19727610051631927,0.048047419637441635,0.2784633934497833,0.01796407625079155,0.00530720129609108,0.05342046171426773,0.058294523507356644,0.017673272639513016,0.033476151525974274,0.11180999875068665,0.051576677709817886,0.0735590010881424,0.019505994394421577,0.052426550537347794,0.08897558599710464,0.06035691127181053,0.07194327563047409,0.022463131695985794,0.02953476458787918,0.025540312752127647,0.016633590683341026,0.017978833988308907,0.004079155158251524,0.16754229366779327,0.016274970024824142,0.007559765130281448,0.13236074149608612,0.004496407229453325,0.0029073115438222885,0.008171753026545048,0.002616827841848135,0.07548051327466965,0.041681766510009766,0.006004756316542625,0.011756685562431812,0.006502158939838409,0.02579624019563198,0.043518129736185074,0.0034802425652742386,0.006132033187896013,0.011944383382797241,0.15262798964977264,0.033495668321847916,0.029701586812734604,0.014494241215288639,0.02782084420323372,0.01931118592619896,0.0029878232162445784,0.02043846808373928,0.026468154042959213,,,,,,,,,,,,,,,
unknown,バ,304,305,393.575,394.075,0.5395508,,0.005734685342758894,0.006843622773885727,0.011241011321544647,0.1832638829946518,0.0650704950094223,0.3368166387081146,0.024335479363799095,0.005857453215867281,0.05312559753656387,0.04850292205810547,0.014340834692120552,0.033193670213222504,0.12362295389175415,0.042213037610054016,0.07254541665315628,0.015185423195362091,0.03183683007955551,0.08777088671922684,0.07457026839256287,0.0776132196187973,0.024976730346679688,0.04312359541654587,0.026142867282032967,0.01338158082216978,0.021951641887426376,0.004277385771274567,0.13555653393268585,0.01477002538740635,0.006501085124909878,0.1147787794470787,0.006874119862914085,0.0025867267977446318,0.007168399635702372,0.003829872002825141,0.060152411460876465,0.03314080834388733,0.005306699313223362,0.008937268517911434,0.009139718487858772,0.02848135307431221,0.04080301150679588,0.0033580309245735407,0.005071293096989393,0.015513003803789616,0.15572793781757355,0.02766726166009903,0.02157873846590519,0.015182302333414555,0.03850480914115906,0.019609488546848297,0.002967314561828971,0.016995040699839592,0.025848984718322754,,,,,,,,,,,,,,,
unknown,長,306,307,398.975,399.215,0.99316406,,0.005487896967679262,0.006389600690454245,0.010875323787331581,0.20344942808151245,0.045253410935401917,0.2951882481575012,0.047371234744787216,0.006906281691044569,0.06839371472597122,0.04102018475532532,0.012834573164582253,0.031000055372714996,0.11844839155673981,0.04690878838300705,0.053016457706689835,0.01781204342842102,0.020997904241085052,0.0640094205737114,0.09179871529340744,0.06152961030602455,0.022308163344860077,0.07166513800621033,0.03423765301704407,0.015445887111127377,0.041843231767416,0.00551661616191268,0.12198829650878906,0.015416363254189491,0.0042893229983747005,0.12209825962781906,0.014858698472380638,0.0036563638132065535,0.012781541794538498,0.0061835478991270065,0.04659836366772652,0.040568090975284576,0.005740275140851736,0.00912414025515318,0.01844456046819687,0.030959799885749817,0.07053584605455399,0.005759643390774727,0.004248206038028002,0.023427138105034828,0.16646207869052887,0.032495204359292984,0.012068262323737144,0.024264557287096977,0.056402988731861115,0.029004788026213646,0.0033452315255999565,0.024088189005851746,0.028657594695687294,,,,,,,,,,,,,,,
unknown,さ,308,309,399.215,399.715,0.98291016,,0.008072135969996452,0.009761707857251167,0.018091483041644096,0.3387521803379059,0.014167684130370617,0.14363133907318115,0.028638062998652458,0.009704208001494408,0.09924757480621338,0.04061201587319374,0.012103869579732418,0.029118085280060768,0.09788984060287476,0.05007671192288399,0.04118677228689194,0.022617114707827568,0.020322225987911224,0.04513981193304062,0.0435960479080677,0.0417168065905571,0.01688781939446926,0.031109659001231194,0.029120897874236107,0.02279956452548504,0.06459657102823257,0.0033765407279133797,0.19284239411354065,0.022608522325754166,0.004250914789736271,0.1909908950328827,0.008977556601166725,0.004245238844305277,0.015774952247738838,0.004437123890966177,0.06109561026096344,0.07711651176214218,0.006221297197043896,0.01582787185907364,0.0066602337174117565,0.04703696444630623,0.08175653964281082,0.004269917029887438,0.003856286406517029,0.010751800611615181,0.20429830253124237,0.04357975348830223,0.011241145431995392,0.030269680544734,0.036503881216049194,0.04287818446755409,0.002243852475658059,0.017026910558342934,0.032565582543611526,,,,,,,,,,,,,,,
unknown,嬉,310,311,405.1024,405.302,0.9326172,,0.009465711191296577,0.011443189345300198,0.029178397729992867,0.40203118324279785,0.005602720193564892,0.05633031204342842,0.011647886596620083,0.012153597548604012,0.06594625115394592,0.02275647409260273,0.01541923638433218,0.028437521308660507,0.09292928874492645,0.05921131372451782,0.03138182684779167,0.04599418491125107,0.028895366936922073,0.05052272602915764,0.018753960728645325,0.021018531173467636,0.008677096106112003,0.010703920386731625,0.018858104944229126,0.06608003377914429,0.03233847767114639,0.0022589305881410837,0.323441743850708,0.033405400812625885,0.003692937083542347,0.31308192014694214,0.0033159670419991016,0.00650269677862525,0.011454473249614239,0.0020309975370764732,0.08394895493984222,0.17343245446681976,0.007419297471642494,0.011340335011482239,0.002509800251573324,0.0685330256819725,0.08003086596727371,0.00633809482678771,0.004761196672916412,0.004294496029615402,0.20104697346687317,0.09602668136358261,0.015277065336704254,0.017455479130148888,0.01902933418750763,0.06544431298971176,0.0017692743567749858,0.007578485179692507,0.06469538062810898,,,,,,,,,,,,,,,
unknown,し,312,313,405.302,405.4617,0.9980469,,0.013801593333482742,0.013607935979962349,0.05308420583605766,0.41802048683166504,0.0033607373479753733,0.046969834715127945,0.013698548078536987,0.012565482407808304,0.08385821431875229,0.03006499446928501,0.02308218739926815,0.04343453794717789,0.11696164309978485,0.087428979575634,0.026502080261707306,0.03745844215154648,0.02713617868721485,0.04944084957242012,0.014370759949088097,0.01882861740887165,0.0058308797888457775,0.00981124583631754,0.023479430004954338,0.03638715296983719,0.027493223547935486,0.003859784686937928,0.30739882588386536,0.0377437025308609,0.004834488499909639,0.2391776591539383,0.0037929480895400047,0.005729561671614647,0.006193991284817457,0.0017463817493990064,0.1468769907951355,0.1512628048658371,0.007878808304667473,0.015227816998958588,0.002767076948657632,0.04418014734983444,0.07062964141368866,0.004745136015117168,0.006615681108087301,0.003782614367082715,0.1547398865222931,0.07095784693956375,0.016570549458265305,0.011601502075791359,0.013924488797783852,0.05290237441658974,0.0032010481227189302,0.005793994292616844,0.03473065793514252,,,,,,,,,,,,,,,
unknown,い,314,315,405.4617,405.9617,0.9848633,,0.012819861993193626,0.013177039101719856,0.042068544775247574,0.42201119661331177,0.0029092354234308004,0.03867429122328758,0.015819748863577843,0.011948447674512863,0.095458023250103,0.020577963441610336,0.019633710384368896,0.032996244728565216,0.10080338269472122,0.07148424535989761,0.0208891611546278,0.046874500811100006,0.026935303583741188,0.049763023853302,0.012489638291299343,0.013409450650215149,0.0049463012255728245,0.010380440391600132,0.022105928510427475,0.052134156227111816,0.03795061632990837,0.003886332968249917,0.327285498380661,0.032997794449329376,0.004319390747696161,0.27330613136291504,0.004042054060846567,0.006818936672061682,0.009336795657873154,0.0015935433330014348,0.1143641248345375,0.19434216618537903,0.00882834754884243,0.011900931596755981,0.00335740577429533,0.06364798545837402,0.08313445001840591,0.007692838553339243,0.0065957121551036835,0.003588900901377201,0.1353701949119568,0.09747403860092163,0.017419489100575447,0.014745687134563923,0.014570853672921658,0.07369285076856613,0.0031608243007212877,0.005734128877520561,0.051266420632600784,,,,,,,,,,,,,,,
unknown,地,316,317,410.65146,410.85107,0.9770508,,0.00876591820269823,0.011151880957186222,0.035812366753816605,0.3930281698703766,0.0024331992026418447,0.03429699316620827,0.018743088468909264,0.010377306491136551,0.10732473433017731,0.032285530120134354,0.0384768582880497,0.03376569226384163,0.0860874131321907,0.10625547170639038,0.022770436480641365,0.05931458994746208,0.020666835829615593,0.04388715326786041,0.01767207495868206,0.01555497758090496,0.004662325605750084,0.01180846057832241,0.026972394436597824,0.043414756655693054,0.04058774560689926,0.005350619554519653,0.29788467288017273,0.036082252860069275,0.0034206153359264135,0.2345365285873413,0.005343151278793812,0.006794707849621773,0.012628023512661457,0.0018808470340445638,0.1064043864607811,0.1812242865562439,0.01107950508594513,0.025623003020882607,0.003788486123085022,0.04172658175230026,0.10522408038377762,0.00910408515483141,0.010694311000406742,0.00671380152925849,0.14011168479919434,0.08364535123109818,0.018105195835232735,0.0186057947576046,0.015142103657126427,0.055712711066007614,0.004306538496166468,0.011567783541977406,0.039160940796136856,,,,,,,,,,,,,,,
unknown,面,318,319,410.85107,411.35107,1.0,,0.01668100245296955,0.014671225100755692,0.04387731850147247,0.31528812646865845,0.005028202664107084,0.05589017644524574,0.018404506146907806,0.01501128077507019,0.07854149490594864,0.028622787445783615,0.03822832182049751,0.04028220847249031,0.08539709448814392,0.0844937264919281,0.028279468417167664,0.0665566697716713,0.01191827841103077,0.05524216592311859,0.023833375424146652,0.02198508009314537,0.006269682198762894,0.015273666940629482,0.023203639313578606,0.036521028727293015,0.03352132439613342,0.0063046603463590145,0.3163392245769501,0.03125200420618057,0.003571279114112258,0.2257830947637558,0.005552024580538273,0.00921998918056488,0.007903852500021458,0.0021629766561090946,0.10621197521686554,0.18773093819618225,0.010630723088979721,0.01681744121015072,0.006034095771610737,0.0634688287973404,0.10868669301271439,0.011133851483464241,0.006420970428735018,0.007230798248201609,0.11623574793338776,0.1043773740530014,0.00960539374500513,0.015299010090529919,0.020413890480995178,0.07252289354801178,0.005046839360147715,0.010779042728245258,0.0580519437789917,,,,,,,,,,,,,,,
unknown,単,320,321,416.975,417.255,0.43481445,,0.021371645852923393,0.023633424192667007,0.0478326678276062,0.1925783008337021,0.015529772266745567,0.13971616327762604,0.02950095199048519,0.01864994876086712,0.03992044925689697,0.048697639256715775,0.04410884901881218,0.0492887906730175,0.05136887729167938,0.09120315313339233,0.04532627761363983,0.05963713303208351,0.027092132717370987,0.07236222922801971,0.07039154320955276,0.047239914536476135,0.015245085582137108,0.03889264166355133,0.018987756222486496,0.028180154040455818,0.023117657750844955,0.014359010383486748,0.24595597386360168,0.03533542528748512,0.005807809066027403,0.17908965051174164,0.008538714610040188,0.014847162179648876,0.008704418316483498,0.0043542655184865,0.0833909809589386,0.1153096854686737,0.02000688761472702,0.04807445779442787,0.016449376940727234,0.03943943232297897,0.10522754490375519,0.020139159634709358,0.011918734759092331,0.03124849684536457,0.10868142545223236,0.08895138651132584,0.016991330310702324,0.017027558758854866,0.030450405552983284,0.04641260579228401,0.010745870880782604,0.02947945147752762,0.04734336584806442,,,,,,,,,,,,,,,
unknown,位,322,323,417.255,417.755,0.9790039,,0.011081825941801071,0.01110187266021967,0.030950447544455528,0.16310763359069824,0.018780574202537537,0.20577627420425415,0.043287452310323715,0.010560285300016403,0.057459838688373566,0.0643572136759758,0.042440421879291534,0.05922221392393112,0.05795925110578537,0.10036054253578186,0.0555313415825367,0.03857620432972908,0.020263027399778366,0.07719176262617111,0.10149583965539932,0.06904640793800354,0.022188976407051086,0.055414505302906036,0.03108917735517025,0.011759382672607899,0.039923228323459625,0.0128749655559659,0.14135807752609253,0.02481512911617756,0.005011557601392269,0.08838331699371338,0.012511071749031544,0.008764718659222126,0.01441267691552639,0.005206267815083265,0.06433520466089249,0.044969744980335236,0.009794363752007484,0.029154574498534203,0.01788649894297123,0.028041958808898926,0.12462348490953445,0.013084414415061474,0.006820982787758112,0.03304772824048996,0.12824806571006775,0.05435831844806671,0.012067158706486225,0.02893061377108097,0.03518805652856827,0.026979997754096985,0.009427637793123722,0.04564579203724861,0.029386738315224648,,,,,,,,,,,,,,,
unknown,ウ,324,325,423.015,423.055,0.9296875,,0.009207786992192268,0.007737259846180677,0.027059374377131462,0.13152845203876495,0.019912073388695717,0.24084259569644928,0.05198463797569275,0.007427460979670286,0.06101427972316742,0.08585107326507568,0.04187098890542984,0.06283760070800781,0.06844931840896606,0.09612733870744705,0.05247160419821739,0.036580849438905716,0.01910797692835331,0.07314375042915344,0.12110047042369843,0.06880784779787064,0.019975924864411354,0.05905170366168022,0.035722680389881134,0.008064379915595055,0.040163103491067886,0.011333932168781757,0.12863218784332275,0.017542606219649315,0.005010641645640135,0.0840287134051323,0.012784925289452076,0.007706918753683567,0.014385833404958248,0.004317054525017738,0.07025986909866333,0.03483910858631134,0.006019100546836853,0.025496482849121094,0.018082566559314728,0.028648780658841133,0.10889984667301178,0.013411669060587883,0.0039125666953623295,0.03381625562906265,0.10636930912733078,0.052743151783943176,0.007959331385791302,0.02813088893890381,0.035203807055950165,0.023694761097431183,0.008448662236332893,0.04562147334218025,0.02815818041563034,,,,,,,,,,,,,,,
unknown,ェ,326,327,423.055,423.095,0.7583008,,0.012643716298043728,0.009421402588486671,0.035712748765945435,0.10813327878713608,0.023105798289179802,0.25459933280944824,0.0241567213088274,0.0108638321980834,0.05406391993165016,0.09540781378746033,0.03920147940516472,0.06180233880877495,0.08794435113668442,0.08914238214492798,0.06227228790521622,0.03329870477318764,0.012879799120128155,0.0709141418337822,0.11664924770593643,0.09513303637504578,0.021990953013300896,0.03491976857185364,0.033563289791345596,0.009031389839947224,0.02672462910413742,0.006731071509420872,0.1385275274515152,0.023951653391122818,0.005879363045096397,0.08661661297082901,0.0066855289041996,0.005710757803171873,0.007906933315098286,0.0032303170301020145,0.07873465865850449,0.03623909130692482,0.005587776657193899,0.019175615161657333,0.010013493709266186,0.02866542711853981,0.10222955048084259,0.008357865735888481,0.004621678031980991,0.02282732166349888,0.10149619728326797,0.04745108634233475,0.010098332539200783,0.02130313031375408,0.04198504239320755,0.029841044917702675,0.005074540618807077,0.036138344556093216,0.029305757954716682,,,,,,,,,,,,,,,
unknown,イ,328,329,423.095,423.215,0.47607422,,0.007798731327056885,0.006312665995210409,0.0203391183167696,0.09183359146118164,0.032167647033929825,0.32311275601387024,0.028786813840270042,0.007626176346093416,0.057028476148843765,0.1180698350071907,0.031588114798069,0.05750039592385292,0.0936448723077774,0.08680647611618042,0.07642292976379395,0.019388992339372635,0.015373658388853073,0.05462748184800148,0.1340104639530182,0.13897643983364105,0.03374434635043144,0.04053354635834694,0.041907090693712234,0.005276707001030445,0.02882462367415428,0.005358525551855564,0.09475546330213547,0.018475709483027458,0.00563335046172142,0.06368539482355118,0.008437500335276127,0.003617936046794057,0.009908337146043777,0.004255338571965694,0.07772860676050186,0.01928487978875637,0.003749473486095667,0.019547993317246437,0.00732074398547411,0.014221309684216976,0.10797378420829773,0.005592965986579657,0.003556292038410902,0.020727399736642838,0.09551246464252472,0.027520088478922844,0.00976710394024849,0.024757804349064827,0.05122068524360657,0.023704053834080696,0.004148686770349741,0.03651782125234604,0.015394034795463085,,,,,,,,,,,,,,,
unknown,デ,330,331,423.215,423.255,0.9970703,,0.0063027264550328255,0.005534943658858538,0.01792019046843052,0.0851348415017128,0.030593955889344215,0.3313862383365631,0.028157532215118408,0.00665025832131505,0.06235666200518608,0.1216292753815651,0.0326102115213871,0.051243044435977936,0.09676283597946167,0.0748310461640358,0.06686031818389893,0.018264107406139374,0.013360509648919106,0.04589259624481201,0.1470300555229187,0.1287071853876114,0.031956277787685394,0.04261351376771927,0.03698265552520752,0.00472406717017293,0.03285808116197586,0.005038764793425798,0.07731277495622635,0.016570763662457466,0.004771606996655464,0.054350778460502625,0.008276397362351418,0.0029679834842681885,0.01140818651765585,0.0042543294839560986,0.06598503887653351,0.016467871144413948,0.003477078629657626,0.018129128962755203,0.007939120754599571,0.01328197494149208,0.105544812977314,0.005577835254371166,0.0033343927934765816,0.023065762594342232,0.08689668774604797,0.025634627789258957,0.009617620147764683,0.02757670171558857,0.05641026049852371,0.021631740033626556,0.003915150184184313,0.040105197578668594,0.013932699337601662,,,,,,,,,,,,,,,
unknown,ィ,332,333,423.255,423.295,0.8833008,,0.004086115397512913,0.0034829762298613787,0.014556758105754852,0.060004450380802155,0.033752135932445526,0.37776869535446167,0.03426563739776611,0.004365084692835808,0.06579997390508652,0.13962821662425995,0.040599122643470764,0.05482735112309456,0.07800073176622391,0.07582739740610123,0.07207361608743668,0.02252870425581932,0.010877441614866257,0.05192265287041664,0.19201800227165222,0.13719789683818817,0.036139946430921555,0.05246889218688011,0.03646078333258629,0.003383980132639408,0.04366011545062065,0.005753388162702322,0.053955771028995514,0.012326127849519253,0.0038334077689796686,0.03393862023949623,0.008498970419168472,0.0032450698781758547,0.01924353651702404,0.00410597724840045,0.04631480947136879,0.011563191190361977,0.0025843821931630373,0.015661928802728653,0.010331573896110058,0.01435118354856968,0.1184982880949974,0.008580939844250679,0.0022617613431066275,0.03229256719350815,0.07087335735559464,0.029071830213069916,0.006341352127492428,0.04073149338364601,0.05578303709626198,0.01584637723863125,0.0044677783735096455,0.057672906666994095,0.015379385091364384,,,,,,,,,,,,,,,
unknown,ン,334,335,423.295,423.415,0.984375,,0.005818693432956934,0.0053788949735462666,0.018581802025437355,0.07914901524782181,0.03133368492126465,0.29830437898635864,0.02541966363787651,0.006029200740158558,0.06981641799211502,0.12241645157337189,0.04154827073216438,0.05296506732702255,0.07508577406406403,0.07131027430295944,0.06668734550476074,0.02900484763085842,0.017840242013335228,0.0538821779191494,0.17962177097797394,0.1234402060508728,0.04064410552382469,0.04796580225229263,0.029876574873924255,0.00607439037412405,0.05239357054233551,0.0063337525352835655,0.06623181700706482,0.017718739807605743,0.004130988381803036,0.04202800244092941,0.007811552379280329,0.003447044175118208,0.023100441321730614,0.005214201286435127,0.055594202131032944,0.01551347691565752,0.004127661697566509,0.023846391588449478,0.013011916540563107,0.020003844052553177,0.1126866266131401,0.008237823843955994,0.0038409773260354996,0.03217240795493126,0.061716362833976746,0.041410330682992935,0.014103950001299381,0.04867462068796158,0.059736743569374084,0.02085067518055439,0.004579303786158562,0.05055372044444084,0.021313095465302467,,,,,,,,,,,,,,,
unknown,グ,336,337,423.415,423.575,0.9116211,,0.004620521795004606,0.0032330574467778206,0.012029915116727352,0.06473413854837418,0.0407632477581501,0.38830286264419556,0.027192721143364906,0.005528921727091074,0.07889369875192642,0.11978656053543091,0.037228576838970184,0.054695162922143936,0.08126581460237503,0.08081067353487015,0.08370120078325272,0.020265860483050346,0.010033384896814823,0.05637453868985176,0.17598401010036469,0.14787429571151733,0.04213173687458038,0.04368174448609352,0.04418211057782173,0.0031627321150153875,0.058179426938295364,0.004414420574903488,0.050128888338804245,0.013462558388710022,0.005076827015727758,0.029020879417657852,0.0073370435275137424,0.0031123552471399307,0.020587483420968056,0.004063526634126902,0.049511320888996124,0.009561517275869846,0.0020879297517240047,0.012740219943225384,0.007960681803524494,0.016097351908683777,0.15587399899959564,0.006988947279751301,0.0024273646995425224,0.021855207160115242,0.0883883535861969,0.02883835881948471,0.008227306418120861,0.04797673597931862,0.07157381623983383,0.02431223914027214,0.003215579781681299,0.06114015355706215,0.016859207302331924,,,,,,,,,,,,,,,
unknown,ト,338,339,423.575,423.73502,0.29077148,,0.005764888599514961,0.005376332905143499,0.01912202686071396,0.09317421168088913,0.027024509385228157,0.31119564175605774,0.026031766086816788,0.007466642186045647,0.08413925766944885,0.11579333245754242,0.033530380576848984,0.04112299531698227,0.06750837713479996,0.05393872782588005,0.05402672290802002,0.02288142405450344,0.013420677743852139,0.041533198207616806,0.15729869902133942,0.08961951732635498,0.02880679816007614,0.04058103635907173,0.02523077465593815,0.006200719159096479,0.062344931066036224,0.0044427840039134026,0.09121084213256836,0.01647157222032547,0.005325074773281813,0.06944336742162704,0.006279640831053257,0.0039544180035591125,0.021275624632835388,0.00409221975132823,0.051771827042102814,0.02220773883163929,0.0031858431175351143,0.017611995339393616,0.007981986738741398,0.018300222232937813,0.13232886791229248,0.007650189101696014,0.0030820949468761683,0.023707620799541473,0.08160959929227829,0.03494599461555481,0.008498361334204674,0.0432189479470253,0.07342454791069031,0.03545833379030228,0.0033465491142123938,0.042216960340738297,0.019282599911093712,,,,,,,,,,,,,,,
unknown,レ,340,341,423.73502,423.855,0.95458984,,0.01014251634478569,0.012065268121659756,0.02905668132007122,0.18487247824668884,0.010515591129660606,0.15508271753787994,0.02048337832093239,0.011203618720173836,0.11689464747905731,0.08744261413812637,0.05098942667245865,0.05602492392063141,0.05887424573302269,0.07369638234376907,0.042748842388391495,0.033482830971479416,0.021063508465886116,0.05328742787241936,0.0652397871017456,0.050249479711055756,0.016342025250196457,0.021059393882751465,0.025239020586013794,0.010210772044956684,0.07619189471006393,0.004611118696630001,0.15159447491168976,0.029063822701573372,0.006392018869519234,0.10592221468687057,0.005628344137221575,0.006475779693573713,0.025844411924481392,0.0030996317509561777,0.09486202150583267,0.044107187539339066,0.00838206522166729,0.02739333175122738,0.004133402835577726,0.029156126081943512,0.16126511991024017,0.0068018436431884766,0.008562586270272732,0.012230723164975643,0.118370421230793,0.05137263610959053,0.01800352707505226,0.04148484393954277,0.04323071986436844,0.050408683717250824,0.004072674084454775,0.025828855112195015,0.022452225908637047,,,,,,,,,,,,,,,
unknown,ス,342,343,423.855,424.355,0.7504883,,0.018905257806181908,0.018914775922894478,0.04183283820748329,0.14973953366279602,0.011420641094446182,0.14853541553020477,0.013144990429282188,0.012952606193721294,0.06391313672065735,0.13145184516906738,0.08292555063962936,0.049418386071920395,0.034941885620355606,0.07955659925937653,0.05333410203456879,0.05097964033484459,0.02501189149916172,0.047320667654275894,0.07712012529373169,0.0576075054705143,0.0177397932857275,0.017390087246894836,0.0175628624856472,0.007989824749529362,0.03415394201874733,0.008570299483835697,0.14843139052391052,0.025584686547517776,0.00980102177709341,0.08419644832611084,0.00363783142529428,0.010490532964468002,0.014648600481450558,0.0023552849888801575,0.11596885323524475,0.05195720121264458,0.014750544913113117,0.04921378195285797,0.006252872757613659,0.03166131302714348,0.10803782194852829,0.008572819642722607,0.00929420068860054,0.022290633991360664,0.13417676091194153,0.06411759555339813,0.01458205096423626,0.02758052572607994,0.03038695827126503,0.03440285846590996,0.008929489180445671,0.03617173433303833,0.022686084732413292,,,,,,,,,,,,,,,
unknown,知,344,345,429.34998,429.50998,0.99902344,,0.028123628348112106,0.024831188842654228,0.039767786860466,0.1601516306400299,0.014923355542123318,0.16491584479808807,0.015572321601212025,0.01681278832256794,0.07579679042100906,0.10308969765901566,0.04807434603571892,0.03514857590198517,0.03450468182563782,0.05891871824860573,0.053475186228752136,0.03705109283328056,0.02470357157289982,0.04598419740796089,0.09407104551792145,0.059892311692237854,0.020116660743951797,0.023073038086295128,0.018631163984537125,0.008333493955433369,0.04965963587164879,0.010872172191739082,0.15802031755447388,0.02439640834927559,0.01531348004937172,0.09451445937156677,0.004401464946568012,0.012029536068439484,0.019193921238183975,0.0028381128795444965,0.09899397194385529,0.055816635489463806,0.015627071261405945,0.03037239983677864,0.008500716648995876,0.03522855415940285,0.11377428472042084,0.0072254943661391735,0.00864002201706171,0.028967656195163727,0.15977495908737183,0.053885266184806824,0.013068771921098232,0.037697501480579376,0.03884254768490791,0.04176836460828781,0.01147873979061842,0.029342548921704292,0.02227068692445755,,,,,,,,,,,,,,,
unknown,識,346,347,429.50998,430.00998,1.0,,0.05988819897174835,0.03962472081184387,0.06937946379184723,0.16204942762851715,0.003971683792769909,0.0519438199698925,0.007765669375658035,0.025394266471266747,0.042807161808013916,0.05558425188064575,0.06925474852323532,0.0643979012966156,0.0226339902728796,0.06519274413585663,0.03452117368578911,0.07812215387821198,0.02075899764895439,0.09229571372270584,0.026806389912962914,0.018421344459056854,0.005490068346261978,0.007130774203687906,0.011753029190003872,0.011014178395271301,0.02297782711684704,0.006064670626074076,0.3063533902168274,0.03222423419356346,0.009838508442044258,0.16429398953914642,0.002394390059635043,0.03397960588335991,0.007520296610891819,0.0010881710331887007,0.16483449935913086,0.09239795804023743,0.018310490995645523,0.026429466903209686,0.002622185740619898,0.09959006309509277,0.11774694919586182,0.012052402831614017,0.006007745396345854,0.00934876874089241,0.1265794038772583,0.13683055341243744,0.006781947333365679,0.014156135730445385,0.015900254249572754,0.06705750524997711,0.008296742103993893,0.006902263965457678,0.06469286978244781,,,,,,,,,,,,,,,
unknown,き,348,349,435.91,436.41,0.6977539,,0.023084040731191635,0.013303568586707115,0.03537028655409813,0.08147580176591873,0.010292177088558674,0.14838556945323944,0.019881371408700943,0.015312423929572105,0.045576129108667374,0.11820460855960846,0.09926603734493256,0.09150189906358719,0.05207370966672897,0.14163443446159363,0.062191110104322433,0.07063385844230652,0.008487977087497711,0.09211397171020508,0.08341320604085922,0.06096863001585007,0.01185082457959652,0.019296415150165558,0.030864175409078598,0.005879250820726156,0.019404252991080284,0.010162044316530228,0.15906895697116852,0.023801032453775406,0.006940878462046385,0.08187901973724365,0.004276886582374573,0.01614883914589882,0.009728934615850449,0.0015365671133622527,0.09910951554775238,0.044634778052568436,0.007178638596087694,0.026234319433569908,0.005350123625248671,0.051537007093429565,0.15445877611637115,0.019484544172883034,0.003133006626740098,0.027793148532509804,0.1051776260137558,0.08249207586050034,0.003118897555395961,0.021209754049777985,0.027119582518935204,0.03303685784339905,0.011224932037293911,0.030952299013733864,0.047271400690078735,,,,,,,,,,,,,,,
unknown,き,350,351,440.8842,441.04382,0.7685547,,0.04525885358452797,0.04131234809756279,0.06500247120857239,0.09841073304414749,0.003920977469533682,0.06529222428798676,0.010170897468924522,0.026480020955204964,0.048666611313819885,0.09428466856479645,0.13521414995193481,0.05917396768927574,0.049093857407569885,0.12026920914649963,0.03503198176622391,0.11087118834257126,0.010366745293140411,0.05220486596226692,0.05613980442285538,0.031026678159832954,0.0061760894022881985,0.009368359111249447,0.0190118495374918,0.012606951408088207,0.018867993727326393,0.011601588688790798,0.20735831558704376,0.04008990526199341,0.0074447100050747395,0.12446795403957367,0.0020087813027203083,0.021091030910611153,0.009838626720011234,0.0009109856327995658,0.14106890559196472,0.10812561213970184,0.028133820742368698,0.04715202748775482,0.003727143397554755,0.06552953273057938,0.1352701038122177,0.018719341605901718,0.012333013117313385,0.024508036673069,0.05911590903997421,0.11726437509059906,0.009344039484858513,0.018398359417915344,0.022603528574109077,0.053658559918403625,0.014568159356713295,0.020779229700565338,0.04370362311601639,,,,,,,,,,,,,,,
unknown,れ,352,353,441.04382,441.54382,0.3935547,,0.04678776115179062,0.029289618134498596,0.055609993636608124,0.09185358881950378,0.004115264397114515,0.07159698009490967,0.008756162598729134,0.020342569798231125,0.05535632744431496,0.10538895428180695,0.13731476664543152,0.07658969610929489,0.06816607713699341,0.17490258812904358,0.045906517654657364,0.09229209274053574,0.00834918487817049,0.056895915418863297,0.0498373806476593,0.042420774698257446,0.006702565588057041,0.007938172668218613,0.035308144986629486,0.006161967758089304,0.019223282113671303,0.009277552366256714,0.13222768902778625,0.036685410887002945,0.007622983772307634,0.053830452263355255,0.0020537192467600107,0.01353788748383522,0.006453488953411579,0.0007630871259607375,0.13894785940647125,0.05493079870939255,0.01957239955663681,0.04879818111658096,0.0038068315479904413,0.05888941511511803,0.17679692804813385,0.012303182855248451,0.010400108061730862,0.016681134700775146,0.07205409556627274,0.09858760237693787,0.007953749969601631,0.017124582082033157,0.019399870187044144,0.04240003600716591,0.011068601161241531,0.02008678950369358,0.03860525041818619,,,,,,,,,,,,,,,
unknown,鉛,354,355,448.34778,448.70697,0.83935547,,0.04636061564087868,0.05363490805029869,0.05695502832531929,0.12644930183887482,0.012586411088705063,0.09819462150335312,0.012201780453324318,0.019671989604830742,0.0660572350025177,0.0514025054872036,0.07930857688188553,0.030071279034018517,0.04942913353443146,0.07924337685108185,0.06093675643205643,0.09721699357032776,0.020981989800930023,0.0493525005877018,0.07681413739919662,0.06849567592144012,0.01863112300634384,0.017920952290296555,0.021824998781085014,0.023061413317918777,0.031236791983246803,0.014998199418187141,0.15361835062503815,0.04212995991110802,0.008721878752112389,0.08497194945812225,0.003407734911888838,0.017314476892352104,0.012143819592893124,0.0020344124641269445,0.07899037003517151,0.099812813103199,0.05435072258114815,0.029554614797234535,0.010036817751824856,0.06134403496980667,0.11603907495737076,0.017080746591091156,0.035901159048080444,0.030443686991930008,0.07996540516614914,0.1256781667470932,0.05376501381397247,0.030791768804192543,0.024987084791064262,0.038853831589221954,0.015775972977280617,0.021874887868762016,0.045639339834451675,,,,,,,,,,,,,,,
unknown,り,356,357,448.70697,449.20697,0.5673828,,0.04283425956964493,0.04092101380228996,0.044960834085941315,0.12210853397846222,0.019757980480790138,0.13165269792079926,0.014286909252405167,0.017679909244179726,0.0725388452410698,0.05768785998225212,0.05946170911192894,0.025606319308280945,0.048386864364147186,0.07215311378240585,0.07365399599075317,0.07115037739276886,0.01729591004550457,0.046358369290828705,0.11110004037618637,0.08064266294240952,0.023318737745285034,0.024092547595500946,0.022857055068016052,0.015010588802397251,0.042431239038705826,0.019620193168520927,0.13036109507083893,0.030195794999599457,0.012281647883355618,0.07189803570508957,0.003773401491343975,0.016883069649338722,0.015684353187680244,0.0025103609077632427,0.06746102124452591,0.08393680304288864,0.03755315765738487,0.03442826122045517,0.014657936058938503,0.06093917414546013,0.10688434541225433,0.014180603437125683,0.022069405764341354,0.048983898013830185,0.09310469776391983,0.09241613000631332,0.028770005330443382,0.04097193852066994,0.031065354123711586,0.03437568247318268,0.019676780328154564,0.020378168672323227,0.04073743894696236,,,,,,,,,,,,,,,
unknown,髪,358,359,453.29688,453.61618,0.97265625,,0.017217807471752167,0.022194482386112213,0.02852742187678814,0.10171539336442947,0.016402557492256165,0.17461679875850677,0.027262166142463684,0.008853945881128311,0.06847000867128372,0.07919646799564362,0.06517164409160614,0.026108749210834503,0.03737855702638626,0.052717410027980804,0.05078312009572983,0.06815577298402786,0.027426274493336678,0.03889152407646179,0.13621088862419128,0.07143028825521469,0.018176669254899025,0.03420158103108406,0.020559199154376984,0.011986369267106056,0.037983592599630356,0.008456015959382057,0.1278895139694214,0.02041866071522236,0.005603514611721039,0.08683929592370987,0.006603325251489878,0.014036623761057854,0.017528412863612175,0.0024734779726713896,0.055335674434900284,0.058411434292793274,0.020810043439269066,0.02307256869971752,0.009594135917723179,0.02718617022037506,0.10253435373306274,0.019508162513375282,0.011768507771193981,0.03869021311402321,0.06622468680143356,0.08657925575971603,0.021224917843937874,0.03310967609286308,0.033233195543289185,0.027027271687984467,0.008439511992037296,0.029210729524493217,0.025007912889122963,,,,,,,,,,,,,,,
unknown,除,360,361,453.61618,453.77585,0.45825195,,0.02167527936398983,0.022227833047509193,0.03826884180307388,0.11950225383043289,0.013788070529699326,0.17312347888946533,0.022826222702860832,0.009763266891241074,0.06553827971220016,0.07126694172620773,0.052945055067539215,0.02837180346250534,0.030936043709516525,0.042702317237854004,0.043115947395563126,0.05565830320119858,0.02438412979245186,0.042518675327301025,0.1208292692899704,0.0594404935836792,0.016412505879998207,0.029773391783237457,0.015271211974322796,0.008998101577162743,0.04667573794722557,0.006914488505572081,0.14301300048828125,0.018895918503403664,0.006203128024935722,0.08908060938119888,0.00569193297997117,0.012798945419490337,0.01605623960494995,0.0024265884421765804,0.06340250372886658,0.051991622895002365,0.014031965285539627,0.023043662309646606,0.00808471255004406,0.0361831970512867,0.08471257239580154,0.01384197548031807,0.006210039835423231,0.030299777165055275,0.06232411414384842,0.0846819058060646,0.01303082425147295,0.03240629658102989,0.030813150107860565,0.028302336111664772,0.006975587923079729,0.020111611112952232,0.02605678141117096,,,,,,,,,,,,,,,
unknown,毛,362,363,453.77585,454.17,0.47143555,,0.016442712396383286,0.012834369204938412,0.02774623967707157,0.12304498255252838,0.012553208507597446,0.21159589290618896,0.028408193960785866,0.0068343887105584145,0.06983519345521927,0.09603507816791534,0.04482909291982651,0.03212213143706322,0.030579179525375366,0.03214113041758537,0.04139569774270058,0.03985343873500824,0.019880739971995354,0.05249388515949249,0.12222661077976227,0.05911991372704506,0.013652696274220943,0.030744994059205055,0.017279306426644325,0.0048862481489777565,0.042835790663957596,0.005228379275649786,0.16577011346817017,0.011147649958729744,0.005371497478336096,0.09924131631851196,0.006305837072432041,0.012705241329967976,0.013802430592477322,0.0018336528446525335,0.06755949556827545,0.03584716469049454,0.005548140499740839,0.008854313753545284,0.004665651358664036,0.02727506123483181,0.08562415838241577,0.013976369984447956,0.0018619163893163204,0.022915292531251907,0.08980625122785568,0.06700028479099274,0.004698040895164013,0.02578098140656948,0.032340988516807556,0.026819832623004913,0.006235015112906694,0.018625766038894653,0.022670283913612366,,,,,,,,,,,,,,,
unknown,b,364,365,459.42578,459.92578,0.6230469,,0.01129678264260292,0.009682954289019108,0.017246322706341743,0.07385961711406708,0.022316399961709976,0.25033777952194214,0.03598584607243538,0.005741906818002462,0.04588693007826805,0.07468916475772858,0.040366221219301224,0.04372581094503403,0.04519924893975258,0.028489740565419197,0.04064977541565895,0.04005361348390579,0.01295544020831585,0.10353276133537292,0.14412939548492432,0.05605361610651016,0.010129019618034363,0.04249821975827217,0.019999554380774498,0.006833834573626518,0.022871198132634163,0.00441668089479208,0.21124310791492462,0.00952244270592928,0.0032848319970071316,0.1496697962284088,0.0077586243860423565,0.011872484348714352,0.012560315430164337,0.0017513369675725698,0.05771197751164436,0.03677520528435707,0.005864141974598169,0.005359064321964979,0.005686050280928612,0.03681142255663872,0.06850466877222061,0.016259005293250084,0.001538640703074634,0.026162803173065186,0.06639929115772247,0.06511611491441727,0.0030324284452944994,0.019358163699507713,0.04050340875983238,0.02382531203329563,0.005244715139269829,0.026757672429084778,0.04115625470876694,,,,,,,,,,,,,,,
unknown,ピ,366,367,467.3931,467.51282,0.9975586,,0.01755543053150177,0.013890011236071587,0.014667648822069168,0.08627255260944366,0.03745701536536217,0.2993394434452057,0.025563888251781464,0.007340149022638798,0.04725596681237221,0.049986831843853,0.025290124118328094,0.033363133668899536,0.06877920776605606,0.027692601084709167,0.04624108225107193,0.027599390596151352,0.021444782614707947,0.10973798483610153,0.15898650884628296,0.06191321834921837,0.009971324354410172,0.03458011895418167,0.02278946526348591,0.008476696908473969,0.020742997527122498,0.0035697685088962317,0.24793659150600433,0.010353684425354004,0.007591175846755505,0.19057174026966095,0.005190784577280283,0.009305400773882866,0.009384902194142342,0.0013811580138280988,0.06782909482717514,0.043689511716365814,0.007012426853179932,0.007501036860048771,0.00492001511156559,0.041578348726034164,0.0709795132279396,0.011069457978010178,0.002808402758091688,0.023417668417096138,0.06477274745702744,0.05726324021816254,0.005964020267128944,0.01734829507768154,0.049167562276124954,0.03400778770446777,0.004348746966570616,0.014713403768837452,0.04680579528212547,,,,,,,,,,,,,,,
unknown,ー,368,369,467.51282,467.59262,0.9501953,,0.02142072282731533,0.020795496180653572,0.020213330164551735,0.1443958580493927,0.017086820676922798,0.1934344321489334,0.027451207861304283,0.00939504150301218,0.05951719731092453,0.03788989409804344,0.03043808415532112,0.03255251795053482,0.08122286945581436,0.028795015066862106,0.028039267286658287,0.034421905875205994,0.017221765592694283,0.09222359955310822,0.10706960409879684,0.03637940064072609,0.005128029268234968,0.030873849987983704,0.018776418641209602,0.012708242051303387,0.025129284709692,0.004367479123175144,0.31537359952926636,0.01374516636133194,0.0048942649737000465,0.25238117575645447,0.005445513408631086,0.014037054032087326,0.010192249901592731,0.001342246076092124,0.07487504184246063,0.07781197875738144,0.012043779715895653,0.01341278851032257,0.004715956747531891,0.049029622226953506,0.07442284375429153,0.01615140400826931,0.004032408818602562,0.021936941891908646,0.07263036072254181,0.06962357461452484,0.005753839388489723,0.015616897493600845,0.04395653307437897,0.04613371193408966,0.00548856845125556,0.012839150615036488,0.056154243648052216,,,,,,,,,,,,,,,
unknown,マ,370,371,467.59262,467.67245,0.99658203,,0.01789986342191696,0.01786813884973526,0.02253253199160099,0.19264307618141174,0.017285484820604324,0.17102372646331787,0.022329967468976974,0.009889819659292698,0.06056106463074684,0.05108274146914482,0.024985818192362785,0.0359216034412384,0.08223925530910492,0.03574654459953308,0.03574802726507187,0.03600403666496277,0.01993367448449135,0.09871155023574829,0.08712942153215408,0.03738246485590935,0.00677824579179287,0.027031149715185165,0.01898479461669922,0.017331594601273537,0.027439255267381668,0.003654414089396596,0.319480299949646,0.017420528456568718,0.005254062823951244,0.26808080077171326,0.004831045400351286,0.012318314053118229,0.010684872046113014,0.001636353088542819,0.07084289938211441,0.08926358819007874,0.009854534640908241,0.01880444958806038,0.0046719033271074295,0.05802155286073685,0.07210925966501236,0.011960143223404884,0.0037370689678937197,0.02147841267287731,0.09967393428087234,0.06779693067073822,0.0059616160579025745,0.017424264922738075,0.035758938640356064,0.03949319198727608,0.003850796725600958,0.015992622822523117,0.06627705693244934,,,,,,,,,,,,,,,
unknown,ン,372,373,467.67245,468.17245,0.9868164,,0.029088085517287254,0.017344972118735313,0.027875887230038643,0.17695333063602448,0.01787983998656273,0.16742031276226044,0.015224945731461048,0.0165391955524683,0.04846571758389473,0.05365165323019028,0.02473028562963009,0.04735443741083145,0.09521511942148209,0.039484430104494095,0.03857358545064926,0.030841374769806862,0.0215425007045269,0.0900326743721962,0.0689997524023056,0.03749224916100502,0.008698921650648117,0.01932349056005478,0.01846136525273323,0.017330775037407875,0.022474337369203568,0.003926865756511688,0.2800314724445343,0.02091030217707157,0.009679111652076244,0.2295321524143219,0.003510274924337864,0.009094733744859695,0.005988644436001778,0.001728623523376882,0.09931666404008865,0.06700513511896133,0.005665088538080454,0.015483550727367401,0.004546622280031443,0.06233438476920128,0.07149514555931091,0.012579800561070442,0.0032390588894486427,0.012336855754256248,0.09049099683761597,0.0734904557466507,0.009389232844114304,0.013938451185822487,0.03961673006415367,0.06343366950750351,0.0041536386124789715,0.015219907276332378,0.07604067027568817,,,,,,,,,,,,,,,
unknown,暖,374,375,470.70535,470.90488,0.68896484,,0.020707063376903534,0.011380504816770554,0.020858384668827057,0.1416415125131607,0.0334492065012455,0.24785111844539642,0.017236437648534775,0.014263126999139786,0.038123853504657745,0.05588848888874054,0.03328152000904083,0.060522399842739105,0.09391675144433975,0.056948695331811905,0.06674130260944366,0.03175922855734825,0.01562048401683569,0.09032348543405533,0.07728154212236404,0.06920936703681946,0.016801506280899048,0.026365673169493675,0.02025253139436245,0.010888694785535336,0.01836360991001129,0.006400423590093851,0.19766809046268463,0.016784463077783585,0.007951653562486172,0.13308317959308624,0.004108952358365059,0.010879849083721638,0.007348027545958757,0.002530076075345278,0.09270679950714111,0.04208757355809212,0.004281839821487665,0.013463443145155907,0.005917102098464966,0.05081448331475258,0.08449952304363251,0.014857558533549309,0.0018943117465823889,0.015045780688524246,0.12756428122520447,0.0672038197517395,0.005389485973864794,0.014866054989397526,0.042749036103487015,0.0450255423784256,0.00681980699300766,0.024129895493388176,0.06340634077787399,,,,,,,,,,,,,,,
unknown,温,376,377,470.90488,471.1044,0.50341797,,0.02881990559399128,0.022119781002402306,0.02535301260650158,0.18990588188171387,0.022012945264577866,0.1385950893163681,0.020788125693798065,0.016826460137963295,0.03768077492713928,0.03810003399848938,0.03150676190853119,0.06895073503255844,0.0693935751914978,0.05334855616092682,0.048136644065380096,0.04886665195226669,0.0415869876742363,0.1189037337899208,0.036508794873952866,0.03310072049498558,0.011200737208127975,0.024551890790462494,0.014754150994122028,0.025106053799390793,0.01907588168978691,0.007794255390763283,0.3019122779369354,0.024312013760209084,0.007337570656090975,0.22023820877075195,0.005471642594784498,0.017769241705536842,0.008313563652336597,0.0028992202132940292,0.11815718561410904,0.07951989024877548,0.010677343234419823,0.021981006488204002,0.007244796492159367,0.07872141897678375,0.08864748477935791,0.020055117085576057,0.004100441932678223,0.010587334632873535,0.09532234817743301,0.12154297530651093,0.011568920686841011,0.012564800679683685,0.027295593172311783,0.0582214780151844,0.00797270517796278,0.014657977037131786,0.09649448096752167,,,,,,,,,,,,,,,
unknown,か,378,379,471.1044,471.26404,0.6669922,,0.056991323828697205,0.04107530787587166,0.06159822270274162,0.3289299011230469,0.005702382884919643,0.04232773557305336,0.008993495255708694,0.03357648104429245,0.04663917049765587,0.02912210114300251,0.03537175804376602,0.06133871152997017,0.0791713148355484,0.07602385431528091,0.03520511835813522,0.050515808165073395,0.03766510263085365,0.06998349726200104,0.016481978818774223,0.021842624992132187,0.008716288954019547,0.009840727783739567,0.017670487985014915,0.03159872069954872,0.020340899005532265,0.006224768236279488,0.31354501843452454,0.052440106868743896,0.008405864238739014,0.19827544689178467,0.003920447546988726,0.014637155458331108,0.004998821299523115,0.0029172790236771107,0.1892358809709549,0.11113277822732925,0.018765049055218697,0.05397499352693558,0.003936406224966049,0.08575822412967682,0.06983227282762527,0.008715868927538395,0.009495743550360203,0.006559461820870638,0.12825576961040497,0.10854699462652206,0.023537566885352135,0.011171308346092701,0.02078574150800705,0.07672682404518127,0.006454199552536011,0.0091348085552454,0.07322799414396286,,,,,,,,,,,,,,,
unknown,い,380,381,471.26404,471.703,0.7011719,,0.04743444547057152,0.036334116011857986,0.05614767596125603,0.32001152634620667,0.0035039011854678392,0.025831785053014755,0.00727040832862258,0.023646695539355278,0.049344126135110855,0.034697920083999634,0.02962777577340603,0.06023919954895973,0.07615042477846146,0.05370393395423889,0.026102956384420395,0.05129014700651169,0.047515545040369034,0.07154963165521622,0.008201004937291145,0.011515638791024685,0.004964774940162897,0.006104653235524893,0.014286414720118046,0.032968781888484955,0.015422200784087181,0.0030024107545614243,0.3739073574542999,0.044282566756010056,0.006312328856438398,0.2660127282142639,0.003169069532305002,0.010846219956874847,0.00298673496581614,0.001804101630114019,0.22318190336227417,0.12782622873783112,0.014921242371201515,0.045728202909231186,0.002244975185021758,0.09741739928722382,0.04427385702729225,0.005338403396308422,0.006961677689105272,0.003306240774691105,0.08151065558195114,0.11147244274616241,0.01957053132355213,0.006873456761240959,0.012592856772243977,0.0687362402677536,0.00311042508110404,0.004464427940547466,0.07468215376138687,,,,,,,,,,,,,,,
unknown,位,382,383,471.703,472.203,0.8486328,,0.03879446163773537,0.025897663086652756,0.03367998078465462,0.3132225573062897,0.007606791332364082,0.053886815905570984,0.008786135353147984,0.01904115080833435,0.045940596610307693,0.031429633498191833,0.025351490825414658,0.05262482911348343,0.0594051219522953,0.037730418145656586,0.03435336798429489,0.050735510885715485,0.031035657972097397,0.09088324755430222,0.011857540346682072,0.015327846631407738,0.005585795734077692,0.008051712065935135,0.01235753670334816,0.028664924204349518,0.017277805134654045,0.0026789347175508738,0.3707827627658844,0.02768709510564804,0.006357694044709206,0.27828043699264526,0.0032735606655478477,0.014402228407561779,0.0030438662506639957,0.0016366638010367751,0.1514633446931839,0.11917765438556671,0.009723745286464691,0.0234789177775383,0.002474570646882057,0.11982965469360352,0.051718130707740784,0.009191925637423992,0.004098945297300816,0.003317601513117552,0.11313684284687042,0.1294746696949005,0.01234352309256792,0.006983449682593346,0.015826545655727386,0.07561808824539185,0.00287257949821651,0.005530462600290775,0.10966767370700836,,,,,,,,,,,,,,,
unknown,嫌,384,385,476.81104,476.97067,0.55371094,,0.04086761176586151,0.026390312239527702,0.042470239102840424,0.21149800717830658,0.01057264395058155,0.0730048269033432,0.008189231157302856,0.02339497208595276,0.029612500220537186,0.03365970030426979,0.02799040637910366,0.07148473709821701,0.056499239057302475,0.04209497943520546,0.035764798521995544,0.05151372775435448,0.029875081032514572,0.10473235696554184,0.015299519523978233,0.019046828150749207,0.007159270811825991,0.00973326712846756,0.009427236393094063,0.025837594643235207,0.013247746042907238,0.0035126821603626013,0.351621150970459,0.02806543931365013,0.006606074050068855,0.248994380235672,0.0027787790168076754,0.01315197255462408,0.0036729329731315374,0.0018453284865245223,0.15892204642295837,0.10036201030015945,0.008994318544864655,0.02644387260079384,0.0032551749609410763,0.1308182030916214,0.05805984139442444,0.009123490191996098,0.002798072760924697,0.004095958545804024,0.06499482691287994,0.1337919384241104,0.008569813333451748,0.007368097081780434,0.018106985837221146,0.06913743168115616,0.0035662641748785973,0.007305399049073458,0.1158006563782692,,,,,,,,,,,,,,,
unknown,な,386,387,476.97067,477.13028,0.9716797,,0.0495336651802063,0.03923020511865616,0.07604263722896576,0.22190701961517334,0.006157916039228439,0.04665128514170647,0.009519989602267742,0.031164124608039856,0.031881000846624374,0.03207165375351906,0.04200849309563637,0.08760979771614075,0.058369942009449005,0.055681683123111725,0.027612363919615746,0.06478545814752579,0.030476121231913567,0.08400214463472366,0.012127467431128025,0.01530603226274252,0.006679139565676451,0.010547211393713951,0.00923448707908392,0.03412536531686783,0.01470015849918127,0.0052254642359912395,0.3315364420413971,0.045395877212285995,0.004919162020087242,0.22614505887031555,0.00383357354439795,0.01590615138411522,0.0035239472053945065,0.002702726749703288,0.17639023065567017,0.1243264451622963,0.01714322343468666,0.054506365209817886,0.00458889827132225,0.11391260474920273,0.06216577813029289,0.01113971509039402,0.006412466987967491,0.004698379896581173,0.05073462799191475,0.1452728658914566,0.01588336192071438,0.007461053319275379,0.016353251412510872,0.07101485878229141,0.004894453100860119,0.008581547997891903,0.09852556884288788,,,,,,,,,,,,,,,
unknown,こ,388,389,477.13028,477.28992,0.8364258,,0.05249982327222824,0.037943899631500244,0.075605608522892,0.2627098560333252,0.00591184850782156,0.05315428227186203,0.008465475402772427,0.03332865238189697,0.03010556660592556,0.03210983797907829,0.03151087090373039,0.06656713783740997,0.042506344616413116,0.049607858061790466,0.030475245788693428,0.06750265508890152,0.02897774614393711,0.07711997628211975,0.017052268609404564,0.016751540824770927,0.0078174639493227,0.009767391718924046,0.008938957005739212,0.034861110150814056,0.019543753936886787,0.004643136169761419,0.35152706503868103,0.040901679545640945,0.006243975833058357,0.265755832195282,0.0031311865895986557,0.020313898101449013,0.004571516532450914,0.002475101500749588,0.14994628727436066,0.13569585978984833,0.015219134278595448,0.055688198655843735,0.004145007114857435,0.1420542299747467,0.0627589300274849,0.012398471124470234,0.0047537111677229404,0.00574524886906147,0.07432443648576736,0.16275158524513245,0.01169652584940195,0.009784470312297344,0.017560679465532303,0.08244755119085312,0.004445632919669151,0.009009712375700474,0.11826606839895248,,,,,,,,,,,,,,,
unknown,と,390,391,477.28992,477.78992,0.9145508,,0.046511318534612656,0.034884169697761536,0.07727587968111038,0.21906127035617828,0.0036221833433955908,0.03509749472141266,0.009180190972983837,0.02881850302219391,0.029625996947288513,0.04525861144065857,0.04177878797054291,0.08656448870897293,0.0408686138689518,0.05498794466257095,0.024487357586622238,0.08419118076562881,0.02869989536702633,0.0862756222486496,0.010238990187644958,0.009507767856121063,0.004075275734066963,0.007628725841641426,0.008483631536364555,0.03239690139889717,0.012696810066699982,0.003468029433861375,0.41938039660453796,0.040387753397226334,0.004650740418583155,0.32306206226348877,0.0029980784747749567,0.02229108102619648,0.003056863322854042,0.001564018544740975,0.19700497388839722,0.1586679369211197,0.013220008462667465,0.052684832364320755,0.003105739364400506,0.14187854528427124,0.054917048662900925,0.010380751453340054,0.0036686910316348076,0.004299151245504618,0.046834547072649,0.16940166056156158,0.0067313616164028645,0.006109772715717554,0.010938226245343685,0.07051117718219757,0.003199518658220768,0.008521510288119316,0.11066316068172455,,,,,,,,,,,,,,,
unknown,皮,392,393,482.3,482.8,0.5698242,,0.028795192018151283,0.014595641754567623,0.03597544878721237,0.14882130920886993,0.012803955934941769,0.11950810998678207,0.021106556057929993,0.01758842170238495,0.056282319128513336,0.052165545523166656,0.032127927988767624,0.0791308656334877,0.04784313216805458,0.045014914125204086,0.03621329367160797,0.049673907458782196,0.016827119514346123,0.10336632281541824,0.049245864152908325,0.027490898966789246,0.010126718319952488,0.023331983014941216,0.014758959412574768,0.01309277955442667,0.04246385395526886,0.005807069130241871,0.27475494146347046,0.019710341468453407,0.005249380134046078,0.19059865176677704,0.005999078042805195,0.019741887226700783,0.010921000503003597,0.0028900187462568283,0.11936293542385101,0.06323067843914032,0.004615758080035448,0.02153041772544384,0.006669056136161089,0.09796150028705597,0.10736977308988571,0.0174965038895607,0.0014883895637467504,0.011548048816621304,0.05460118502378464,0.1260853111743927,0.0035925626289099455,0.020215338096022606,0.03605346381664276,0.07801046222448349,0.005218080710619688,0.013595408760011196,0.09501621872186661,,,,,,,,,,,,,,,
unknown,軽,394,395,488.9,489.4,0.67333984,,0.02169465832412243,0.016751619055867195,0.02603427693247795,0.175505593419075,0.006586594041436911,0.06230103597044945,0.021881619468331337,0.014688343740999699,0.05581404268741608,0.054922278970479965,0.04067247733473778,0.060311172157526016,0.042409226298332214,0.0496181845664978,0.02461610734462738,0.0866701528429985,0.03983123227953911,0.08193440735340118,0.02795698307454586,0.012258490547537804,0.005203154869377613,0.019335174933075905,0.011622496880590916,0.02866261824965477,0.032047711312770844,0.007604081183671951,0.3346785306930542,0.02252635546028614,0.0046908920630812645,0.2539816200733185,0.004863802343606949,0.025923898443579674,0.014574873261153698,0.001946216099895537,0.1313624531030655,0.11247503012418747,0.009997492656111717,0.0293807964771986,0.00864434614777565,0.09404950588941574,0.08334764093160629,0.026324879378080368,0.0028623619582504034,0.010043169371783733,0.05377328023314476,0.18495981395244598,0.006971767172217369,0.016731465235352516,0.021354908123612404,0.07452967762947083,0.007042933255434036,0.023960260674357414,0.0988345816731453,,,,,,,,,,,,,,,
unknown,海,396,397,495.11502,495.61502,0.9897461,,0.03696301206946373,0.030326321721076965,0.05221337825059891,0.21734043955802917,0.006572213023900986,0.06011723354458809,0.013708705082535744,0.027795594185590744,0.04022783041000366,0.044175636023283005,0.05563231557607651,0.04581308737397194,0.027516629546880722,0.05841725319623947,0.02308153174817562,0.09350762516260147,0.06231117993593216,0.05279932916164398,0.04006500914692879,0.01722729578614235,0.008165291510522366,0.017611339688301086,0.007597256451845169,0.037298429757356644,0.029600413516163826,0.012003696523606777,0.3459862768650055,0.034904275089502335,0.008026094175875187,0.24849262833595276,0.003970148507505655,0.021185504272580147,0.01243442203849554,0.0031362606678158045,0.17174400389194489,0.13817866146564484,0.016244087368249893,0.08925417065620422,0.009620915167033672,0.0683865025639534,0.10275574028491974,0.027716156095266342,0.006696194875985384,0.014675496146082878,0.046070653945207596,0.19492743909358978,0.018612505868077278,0.016827616840600967,0.03177027776837349,0.11185365170240402,0.011183525435626507,0.019197862595319748,0.075602687895298,,,,,,,,,,,,,,,
unknown,ラ,398,399,501.39502,501.515,0.96875,,0.029026055708527565,0.025435486808419228,0.043901897966861725,0.1659420132637024,0.009373527020215988,0.07062066346406937,0.016132229939103127,0.021155040711164474,0.031515613198280334,0.053878363221883774,0.0611099936068058,0.06087866425514221,0.029765823855996132,0.05309012159705162,0.027926836162805557,0.10779048502445221,0.0540354959666729,0.07300359010696411,0.03079584799706936,0.01627187617123127,0.00785477552562952,0.019507361575961113,0.007483314257115126,0.03601992502808571,0.018893256783485413,0.008463744074106216,0.325569212436676,0.030225571244955063,0.006111864000558853,0.2370804101228714,0.004622190725058317,0.020477676764130592,0.008620200678706169,0.002900088671594858,0.13940079510211945,0.12893027067184448,0.014639817178249359,0.05457577109336853,0.01056672539561987,0.09663031995296478,0.075325146317482,0.025480156764388084,0.004593874327838421,0.012741475366055965,0.04382068291306496,0.20702624320983887,0.011601522564888,0.012655308470129967,0.02311861887574196,0.07202353328466415,0.0077577019110322,0.02139388769865036,0.09779033064842224,,,,,,,,,,,,,,,
unknown,ッ,400,401,501.515,501.67502,0.94189453,,0.03377378731966019,0.024348391219973564,0.04897313937544823,0.14479507505893707,0.015338055789470673,0.09597208350896835,0.01275358721613884,0.022706352174282074,0.024260705336928368,0.05445770174264908,0.04403796046972275,0.05563942715525627,0.026514334604144096,0.048144370317459106,0.03603349253535271,0.08185335993766785,0.0642918273806572,0.08378560841083527,0.04027135297656059,0.022729776799678802,0.010687078349292278,0.019104069098830223,0.0067859734408557415,0.031398892402648926,0.014539763331413269,0.0068956962786614895,0.3656112253665924,0.028867468237876892,0.009298392571508884,0.25206050276756287,0.003671287326142192,0.0188087597489357,0.007008427754044533,0.002797881606966257,0.14339567720890045,0.11196831613779068,0.009760898537933826,0.04016623646020889,0.00873425230383873,0.08333596587181091,0.07183673232793808,0.01677798666059971,0.0031807550694793463,0.012279527261853218,0.0496649444103241,0.1756092756986618,0.009314019232988358,0.011538652703166008,0.02405557408928871,0.06563369929790497,0.006275853607803583,0.01745855063199997,0.09226764738559723,,,,,,,,,,,,,,,
unknown,キ,402,403,501.67502,501.795,0.99853516,,0.0265307929366827,0.017217492684721947,0.03341786190867424,0.13273052871227264,0.021184269338846207,0.15236403048038483,0.016172122210264206,0.01743500493466854,0.02647732011973858,0.05887589976191521,0.031503163278102875,0.04683464765548706,0.03329293802380562,0.04915231093764305,0.03988311067223549,0.058493029326200485,0.07109534740447998,0.07613228261470795,0.07999826222658157,0.034613873809576035,0.014555461704730988,0.02752196416258812,0.009615075774490833,0.0209208931773901,0.01936182752251625,0.007331768982112408,0.31148597598075867,0.02077179215848446,0.01052480936050415,0.21203817427158356,0.004139132797718048,0.015541999600827694,0.011865677312016487,0.002934467513114214,0.1272098571062088,0.07752993702888489,0.0063170078210532665,0.03247009590268135,0.009928538464009762,0.05939417704939842,0.09122736006975174,0.015330791473388672,0.0018216221360489726,0.017458437010645866,0.05204425007104874,0.13691778481006622,0.005923915654420853,0.01682019606232643,0.03519073873758316,0.06120922788977623,0.006620211526751518,0.01997324824333191,0.06935466080904007,,,,,,,,,,,,,,,
unknown,ー,404,405,501.795,502.295,0.87890625,,0.030790947377681732,0.02321190945804119,0.052281588315963745,0.13394373655319214,0.01592172496020794,0.10099554061889648,0.013434791937470436,0.020715957507491112,0.017048297449946404,0.05343060940504074,0.058717094361782074,0.06555964052677155,0.024351725354790688,0.052441131323575974,0.03997577354311943,0.09176769852638245,0.05450405180454254,0.08062736690044403,0.03454529866576195,0.024330690503120422,0.010951774194836617,0.01939208060503006,0.005886523984372616,0.027347400784492493,0.008366741240024567,0.006517916917800903,0.34651392698287964,0.025688819587230682,0.006647923495620489,0.24198271334171295,0.00416577560827136,0.022265415638685226,0.004305537324398756,0.0030405293218791485,0.1505764126777649,0.11600206792354584,0.010860838927328587,0.040900055319070816,0.008492317982017994,0.07199191302061081,0.06435597687959671,0.01890365593135357,0.0028670625761151314,0.011906907893717289,0.05646685138344765,0.17673462629318237,0.0065281204879283905,0.007384598720818758,0.020381031557917595,0.0521492175757885,0.006011843681335449,0.0178300142288208,0.08215851336717606,,,,,,,,,,,,,,,
unknown,靴,406,407,507.56906,508.06906,0.9975586,,0.016626430675387383,0.010023674927651882,0.030199458822607994,0.11323985457420349,0.04347856715321541,0.21610626578330994,0.02095390297472477,0.012835798785090446,0.026187898591160774,0.05400989204645157,0.03562594950199127,0.058225277811288834,0.02406868152320385,0.053784556686878204,0.06788749992847443,0.047792837023735046,0.03464873880147934,0.0860782265663147,0.07460014522075653,0.05681130290031433,0.032576605677604675,0.044358111917972565,0.008178042247891426,0.013330776244401932,0.022179363295435905,0.012322240509092808,0.19146402180194855,0.01650952361524105,0.007747766561806202,0.1104980856180191,0.006483288016170263,0.012961498461663723,0.011667616665363312,0.006480369251221418,0.09061671793460846,0.041716255247592926,0.004679348785430193,0.0245184488594532,0.02063080482184887,0.05765119194984436,0.09065862745046616,0.01597641408443451,0.001600752118974924,0.020728088915348053,0.08699224144220352,0.10835231095552444,0.005458076484501362,0.020689668133854866,0.03599635884165764,0.033649563789367676,0.009182868525385857,0.03367431089282036,0.06347855925559998,,,,,,,,,,,,,,,
unknown,感,408,409,513.161,513.4805,0.9506836,,0.017122911289334297,0.01212422177195549,0.04692582041025162,0.07559193670749664,0.03147171810269356,0.160826176404953,0.02071509137749672,0.019300462678074837,0.016110319644212723,0.03001059964299202,0.043369803577661514,0.06785045564174652,0.017451470717787743,0.06820715218782425,0.04290656000375748,0.07887621223926544,0.02907262183725834,0.0953674390912056,0.055620308965444565,0.03327649086713791,0.021047821268439293,0.04404814541339874,0.004204196389764547,0.030640967190265656,0.015209151431918144,0.017348630353808403,0.2683281898498535,0.02407766692340374,0.005008570849895477,0.18114420771598816,0.004872986581176519,0.023154020309448242,0.012862933799624443,0.00577408354729414,0.09491977840662003,0.0742809996008873,0.005991022102534771,0.04016552492976189,0.0265600997954607,0.0795479342341423,0.09467242658138275,0.037254415452480316,0.0019767836201936007,0.02045036107301712,0.034986719489097595,0.18661923706531525,0.006009402684867382,0.016259759664535522,0.028907135128974915,0.04685569927096367,0.010573440231382847,0.041487306356430054,0.10805421322584152,,,,,,,,,,,,,,,
unknown,情,410,411,513.4805,513.9805,0.9770508,,0.023248033598065376,0.017491117119789124,0.05620478093624115,0.07620184123516083,0.019071875140070915,0.0817866101861,0.01846451871097088,0.02367456443607807,0.012613550759851933,0.035115864127874374,0.05255261808633804,0.08841415494680405,0.018251871690154076,0.0724174901843071,0.04342162609100342,0.09079216420650482,0.0442298986017704,0.12907220423221588,0.025936877354979515,0.023125870153307915,0.014425527304410934,0.028185779228806496,0.0047400095500051975,0.041939932852983475,0.006807596422731876,0.014072285033762455,0.3644775152206421,0.031782958656549454,0.005076374392956495,0.25465846061706543,0.005333231296390295,0.030082015320658684,0.006951856892555952,0.004745909478515387,0.13841354846954346,0.09731033444404602,0.008860776200890541,0.03018617257475853,0.014089332893490791,0.07216242700815201,0.06645900011062622,0.030154740437865257,0.002699005650356412,0.013036719523370266,0.04358945041894913,0.1823623925447464,0.0070599778555333614,0.008846400305628777,0.016228672116994858,0.04161818325519562,0.010447714477777481,0.03279292210936546,0.11036691814661026,,,,,,,,,,,,,,,
unknown,ボ,412,413,518.39343,518.51324,0.46044922,,0.05665285512804985,0.0411585234105587,0.08870566636323929,0.1100282296538353,0.012747840955853462,0.04978235065937042,0.007849793881177902,0.05633845180273056,0.014594854786992073,0.02590908855199814,0.05373874306678772,0.06943386048078537,0.026349633932113647,0.08394019305706024,0.04009509086608887,0.10292068123817444,0.031170889735221863,0.08576555550098419,0.026069501414895058,0.02114344947040081,0.010689443908631802,0.013589655980467796,0.004962453152984381,0.06165196746587753,0.009724264033138752,0.012527874670922756,0.34438279271125793,0.06553684175014496,0.008083910681307316,0.2522306442260742,0.0030176108703017235,0.029195435345172882,0.005694029852747917,0.004114076029509306,0.14891614019870758,0.13545943796634674,0.016639936715364456,0.08488167822360992,0.009072605520486832,0.1180940568447113,0.07918693870306015,0.026313746348023415,0.007707398384809494,0.013610951602458954,0.040430087596178055,0.21051369607448578,0.01663815975189209,0.01059354655444622,0.0201735720038414,0.07172778993844986,0.010386686772108078,0.014356695115566254,0.1567794531583786,,,,,,,,,,,,,,,
unknown,ー,414,415,518.51324,518.71295,0.79248047,,0.029591135680675507,0.017498046159744263,0.06710672378540039,0.0977778434753418,0.022461406886577606,0.12474264204502106,0.015010353177785873,0.032082200050354004,0.02487681247293949,0.03877183794975281,0.06363850086927414,0.05795656517148018,0.051971226930618286,0.1227700337767601,0.05617942288517952,0.08474840968847275,0.020253092050552368,0.04274824634194374,0.06906100362539291,0.06050257384777069,0.026406459510326385,0.02892000414431095,0.012126357294619083,0.020684508606791496,0.018042033538222313,0.01483920682221651,0.18296298384666443,0.035850439220666885,0.00602842727676034,0.10934866219758987,0.005360391456633806,0.027784764766693115,0.010494253598153591,0.007171878591179848,0.12677721679210663,0.07458683103322983,0.008223258890211582,0.07961554825305939,0.013962452299892902,0.052361078560352325,0.11667877435684204,0.028968775644898415,0.003268918488174677,0.02571922168135643,0.07089734822511673,0.14177584648132324,0.006132091395556927,0.01881728507578373,0.04891534149646759,0.07507247477769852,0.011175684630870819,0.0257163867354393,0.06407972425222397,,,,,,,,,,,,,,,
unknown,リ,416,417,518.71295,519.21295,0.3005371,,0.022670932114124298,0.014487634412944317,0.05506648123264313,0.0749334767460823,0.029258236289024353,0.15922655165195465,0.019280053675174713,0.02018093317747116,0.026297518983483315,0.05277779698371887,0.07017575204372406,0.05424295738339424,0.034052975475788116,0.11196042597293854,0.06575019657611847,0.09509758651256561,0.01686280220746994,0.049760036170482635,0.08437873423099518,0.06270530819892883,0.030193323269486427,0.039857879281044006,0.010710950940847397,0.014466640539467335,0.023320743814110756,0.01952836476266384,0.14794306457042694,0.025128252804279327,0.006021507550030947,0.07733910530805588,0.005575374700129032,0.02880684658885002,0.017114844173192978,0.006326641887426376,0.08886710554361343,0.061582110822200775,0.008246876299381256,0.06900276243686676,0.02444680593907833,0.07152749598026276,0.10733091831207275,0.03032900206744671,0.002430887660011649,0.04175352305173874,0.06877978146076202,0.1444242298603058,0.004002475645393133,0.028539417311549187,0.035345081239938736,0.03978520631790161,0.014035094529390335,0.04936042055487633,0.0657009705901146,,,,,,,,,,,,,,,
unknown,箱,418,419,525.51807,526.01807,0.74853516,,0.03112909570336342,0.034465491771698,0.07266661524772644,0.1078292727470398,0.020972073078155518,0.14817772805690765,0.013731810264289379,0.019593313336372375,0.025606689974665642,0.07457688450813293,0.03471441939473152,0.03048032522201538,0.027173791080713272,0.07280176877975464,0.05701278895139694,0.07467915862798691,0.04545216262340546,0.035203512758016586,0.074241042137146,0.0541241280734539,0.023543624207377434,0.025531718507409096,0.00841809157282114,0.017245816066861153,0.0172214824706316,0.011738274246454239,0.25275078415870667,0.026944149285554886,0.00974484533071518,0.160879984498024,0.003009580308571458,0.03055719844996929,0.013676288537681103,0.003315892769023776,0.109913170337677,0.10912364721298218,0.019842000678181648,0.1067432314157486,0.012146702967584133,0.05456477776169777,0.07471989840269089,0.011887652799487114,0.003945940639823675,0.037125587463378906,0.08009551465511322,0.11167777329683304,0.005418739747256041,0.01902284286916256,0.024090534076094627,0.03682385012507439,0.009228245355188847,0.02959105744957924,0.03702589496970177,,,,,,,,,,,,,,,
unknown,ペ,420,421,531.3496,531.5493,0.45336914,,0.03280937299132347,0.035094957798719406,0.10481692105531693,0.10491742193698883,0.010402281768620014,0.07978314161300659,0.014321465976536274,0.021981868892908096,0.025143060833215714,0.05360657349228859,0.04886554926633835,0.03171498700976372,0.02323085255920887,0.10016531497240067,0.04775271192193031,0.13081996142864227,0.05444268882274628,0.03590909764170647,0.04531553387641907,0.03314642235636711,0.016384020447731018,0.018567778170108795,0.008101611398160458,0.02502758428454399,0.017447946593165398,0.008876974694430828,0.2792694866657257,0.03361431509256363,0.008942628279328346,0.18105970323085785,0.0027805150020867586,0.044812750071287155,0.01527535729110241,0.002484718570485711,0.11750885099172592,0.14877894520759583,0.018026072531938553,0.12817709147930145,0.008712456561625004,0.0856456309556961,0.07134398072957993,0.0172938983887434,0.003536142176017165,0.027810003608465195,0.0554623119533062,0.18265151977539062,0.004972071386873722,0.01967170648276806,0.012994308955967426,0.037668436765670776,0.006739674601703882,0.026009870693087578,0.052837297320365906,,,,,,,,,,,,,,,
unknown,レ,422,423,531.5493,532.0493,0.40161133,,0.03623180836439133,0.0335574746131897,0.097438283264637,0.12614810466766357,0.012455188669264317,0.06657510995864868,0.00776419835165143,0.026315821334719658,0.01921416074037552,0.036207396537065506,0.05620407685637474,0.0394655242562294,0.023791486397385597,0.08688146620988846,0.052294280380010605,0.11381827294826508,0.03852368891239166,0.04716584086418152,0.025056805461645126,0.029418466612696648,0.014712734147906303,0.011248909868299961,0.005666661076247692,0.03233058378100395,0.01078315731137991,0.006381174549460411,0.3212711215019226,0.03663485869765282,0.008153864182531834,0.2129429280757904,0.0020058820955455303,0.0325980968773365,0.006249710917472839,0.0024058734998106956,0.13359850645065308,0.15453621745109558,0.01471825409680605,0.10432130098342896,0.005596645642071962,0.12012459337711334,0.05418745055794716,0.014262430369853973,0.004093289375305176,0.013926352374255657,0.0684349462389946,0.1827947199344635,0.007204251829534769,0.011418630369007587,0.011324692517518997,0.040954988449811935,0.005295607261359692,0.01574978604912758,0.08376875519752502,,,,,,,,,,,,,,,
unknown,温,424,425,538.0752,538.3947,0.8984375,,0.04061231389641762,0.03727397322654724,0.056050486862659454,0.1188340112566948,0.03282235190272331,0.14872339367866516,0.011229714378714561,0.023161139339208603,0.02492537908256054,0.05668891593813896,0.03713631629943848,0.036013465374708176,0.05440010130405426,0.07053442299365997,0.07308448851108551,0.0512952022254467,0.04215630516409874,0.0408245250582695,0.06006569042801857,0.06896930932998657,0.029417509213089943,0.02045094408094883,0.011511745862662792,0.01660916395485401,0.012715053744614124,0.00726409861817956,0.23494264483451843,0.029877720400691032,0.010047659277915955,0.1558738648891449,0.003513624193146825,0.020256785675883293,0.006584117189049721,0.0040886010974645615,0.141950324177742,0.09294067323207855,0.016040688380599022,0.08042239397764206,0.007416169624775648,0.05030326917767525,0.0497489832341671,0.0074056521989405155,0.004468095488846302,0.021929042413830757,0.07476844638586044,0.08367297053337097,0.008409732021391392,0.013766096904873848,0.027271954342722893,0.03846508264541626,0.006432198453694582,0.013305126689374447,0.037244487553834915,,,,,,,,,,,,,,,
unknown,か,426,427,538.3947,538.5146,0.9995117,,0.027257010340690613,0.023165874183177948,0.05275999754667282,0.11331964284181595,0.04633909463882446,0.23042435944080353,0.013821563683450222,0.01980504021048546,0.027595236897468567,0.0613098107278347,0.0271639171987772,0.034447260200977325,0.10484251379966736,0.1029089018702507,0.09068051725625992,0.030170639976859093,0.03588882461190224,0.02983362041413784,0.10140320658683777,0.1164749339222908,0.045097995549440384,0.02991933561861515,0.021484781056642532,0.010662753134965897,0.01410789042711258,0.00790166575461626,0.14911618828773499,0.029977668076753616,0.010908114723861217,0.08924881368875504,0.004379960708320141,0.01087172795087099,0.006896033883094788,0.005679421126842499,0.12620648741722107,0.05232144892215729,0.010118633508682251,0.0806669369339943,0.010187284089624882,0.027419116348028183,0.0570356659591198,0.004276932217180729,0.003920692019164562,0.02854413539171219,0.08596067875623703,0.04709818214178085,0.007484964560717344,0.016282744705677032,0.04006945341825485,0.028613939881324768,0.005721328780055046,0.015857918187975883,0.020672962069511414,,,,,,,,,,,,,,,
unknown,い,428,429,538.5146,539.0146,0.9980469,,0.04270331189036369,0.03537525236606598,0.07559670507907867,0.1594819724559784,0.02654661424458027,0.13240784406661987,0.012236252427101135,0.026610523462295532,0.03148461505770683,0.048862624913454056,0.025342199951410294,0.03330386057496071,0.06498219817876816,0.09209713339805603,0.07977958023548126,0.05078010633587837,0.04739082232117653,0.035969898104667664,0.061087142676115036,0.07956454157829285,0.03978735953569412,0.020130928605794907,0.01719697378575802,0.022497884929180145,0.018373319879174232,0.0072334203869104385,0.25482091307640076,0.03967099264264107,0.011730912141501904,0.1672242432832718,0.004019915126264095,0.018755579367280006,0.008052404969930649,0.0051589165814220905,0.14326803386211395,0.10487780719995499,0.013962168246507645,0.08129410445690155,0.007660943083465099,0.050767362117767334,0.061844803392887115,0.006460588425397873,0.0048030102625489235,0.01732969656586647,0.09025531262159348,0.0910232663154602,0.010509079322218895,0.018080050125718117,0.02775667794048786,0.04613921418786049,0.00528313685208559,0.011976834386587143,0.03870391845703125,,,,,,,,,,,,,,,
unknown,嫌,430,431,544.2268,544.3866,0.96875,,0.03214499354362488,0.023803194984793663,0.06973958760499954,0.12765170633792877,0.03432125970721245,0.15662497282028198,0.015572658739984035,0.024478638544678688,0.021998997777700424,0.049033574759960175,0.025125259533524513,0.04800296947360039,0.061067961156368256,0.08174681663513184,0.07248594611883163,0.05430072173476219,0.04535122215747833,0.05585985630750656,0.061719443649053574,0.06768172979354858,0.03417174518108368,0.02814873866736889,0.012483678758144379,0.02506551332771778,0.013384263962507248,0.007808959111571312,0.26796120405197144,0.03402559831738472,0.008884422481060028,0.18662676215171814,0.004988682921975851,0.019729144871234894,0.006862002890557051,0.006249100901186466,0.12572409212589264,0.09523177891969681,0.008539801463484764,0.06304202973842621,0.010454072616994381,0.05717065557837486,0.05951287969946861,0.010626048780977726,0.002561281668022275,0.02071836031973362,0.07209484279155731,0.10550101101398468,0.006158630829304457,0.013875923119485378,0.03060586377978325,0.045342087745666504,0.0054168738424777985,0.012596934102475643,0.056900229305028915,,,,,,,,,,,,,,,
unknown,な,432,433,544.3866,544.4665,0.9970703,,0.04421036317944527,0.037833694368600845,0.08932032436132431,0.13678710162639618,0.017418131232261658,0.10714759677648544,0.008701941929757595,0.026227697730064392,0.017597777768969536,0.03934220224618912,0.034272000193595886,0.05989554151892662,0.0513882040977478,0.07770365476608276,0.046388477087020874,0.061582546681165695,0.05324210599064827,0.06256000697612762,0.03118930757045746,0.039607010781764984,0.015677861869335175,0.01564822904765606,0.007701352704316378,0.0252015832811594,0.007935457862913609,0.008049345575273037,0.35557109117507935,0.03638668730854988,0.006889197044074535,0.21255099773406982,0.002483135089278221,0.022082706913352013,0.0041856407187879086,0.0030580232851207256,0.18651147186756134,0.11877460777759552,0.016007617115974426,0.11250486969947815,0.007226278074085712,0.0630095973610878,0.05012095347046852,0.009224208071827888,0.0040426538325846195,0.01132144220173359,0.04456224665045738,0.118816077709198,0.007876432500779629,0.007001945748925209,0.0189129039645195,0.04794852435588837,0.0063283429481089115,0.011371939443051815,0.05744071304798126,,,,,,,,,,,,,,,
unknown,こ,434,435,544.4665,544.6263,0.8588867,,0.057239383459091187,0.04324369877576828,0.10584521293640137,0.13771690428256989,0.011655505746603012,0.08678573369979858,0.009863284416496754,0.03228921815752983,0.022435134276747704,0.03441114351153374,0.03402862325310707,0.05237122252583504,0.07181040197610855,0.10145007818937302,0.04112417623400688,0.050152599811553955,0.03462276607751846,0.03931581228971481,0.03925550356507301,0.04651213064789772,0.015623842366039753,0.015814082697033882,0.01280725933611393,0.018075892701745033,0.010687275789678097,0.008326456882059574,0.3133569061756134,0.03930358961224556,0.007109580095857382,0.18143317103385925,0.0033169540110975504,0.019113795831799507,0.0050825695507228374,0.0036105175968259573,0.20939628779888153,0.10692624002695084,0.016616597771644592,0.13950380682945251,0.00629799859598279,0.055246464908123016,0.054120492190122604,0.0061043244786560535,0.0037026708014309406,0.014220037497580051,0.04848921671509743,0.0894537940621376,0.005669865757226944,0.009546980261802673,0.023220226168632507,0.049816347658634186,0.007039911579340696,0.010820908471941948,0.03781013935804367,,,,,,,,,,,,,,,
unknown,と,436,437,544.6263,545.1263,0.75,,0.04700411111116409,0.042301028966903687,0.08991361409425735,0.1393526941537857,0.0157630555331707,0.0959382876753807,0.009319812059402466,0.0284455306828022,0.02276369370520115,0.03603585809469223,0.029379282146692276,0.03810446709394455,0.050286076962947845,0.0671686977148056,0.04596001282334328,0.060771290212869644,0.03730503469705582,0.04001781344413757,0.04171396791934967,0.041947007179260254,0.01848750188946724,0.015366085804998875,0.008129213936626911,0.024794338271021843,0.012773054651916027,0.007080857641994953,0.3373325765132904,0.033411234617233276,0.007240621838718653,0.25018709897994995,0.0027365281712263823,0.023779630661010742,0.005787810776382685,0.0037476520519703627,0.1660003513097763,0.1420288234949112,0.01759990118443966,0.1524016112089157,0.006606078706681728,0.07273075729608536,0.04314377158880234,0.008758116513490677,0.0040587675757706165,0.016966428607702255,0.047159843146800995,0.11006040126085281,0.0068261646665632725,0.01063194964081049,0.023654507473111153,0.05457083508372307,0.005805264227092266,0.010473432950675488,0.05249691382050514,,,,,,,,,,,,,,,
unknown,牛,438,439,549.635,549.995,0.9980469,,0.028228837996721268,0.023784413933753967,0.04361046850681305,0.11933907866477966,0.028168605640530586,0.14917166531085968,0.013582642190158367,0.017887813970446587,0.028628788888454437,0.06700282543897629,0.0397823192179203,0.04473745822906494,0.07001673430204391,0.07859797030687332,0.05263356491923332,0.03955039754509926,0.051221009343862534,0.04774179309606552,0.059138182550668716,0.05199769511818886,0.020373549312353134,0.024495476856827736,0.011372149921953678,0.011780115775763988,0.013036875985562801,0.008248861879110336,0.25977087020874023,0.02261275053024292,0.009021799080073833,0.16876687109470367,0.0037981905043125153,0.017951957881450653,0.009594479575753212,0.0037516304291784763,0.18569354712963104,0.07539845257997513,0.008444392122328281,0.08325349539518356,0.007053544744849205,0.04194941371679306,0.0542227067053318,0.006411382462829351,0.002093147486448288,0.026231985539197922,0.07387778162956238,0.06576168537139893,0.003916595596820116,0.013807562179863453,0.02794380486011505,0.03440997749567032,0.0074798245914280415,0.013285312801599503,0.031225742772221565,,,,,,,,,,,,,,,
unknown,乳,440,441,549.995,550.495,0.9941406,,0.017211364582180977,0.019806070253252983,0.040229737758636475,0.08492671698331833,0.07181191444396973,0.3156394958496094,0.021280700340867043,0.014540520496666431,0.030002020299434662,0.04751265048980713,0.03246453031897545,0.029133202508091927,0.045406486839056015,0.05995726212859154,0.08053147792816162,0.028154747560620308,0.040492087602615356,0.025450296700000763,0.09494618326425552,0.12469744682312012,0.07614506781101227,0.057055722922086716,0.009167085401713848,0.008838175795972347,0.02228684164583683,0.013461372815072536,0.09969788044691086,0.02010083757340908,0.007686188444495201,0.065038301050663,0.006827210076153278,0.010843180119991302,0.01397354993969202,0.010984710417687893,0.08837306499481201,0.03749849274754524,0.010662599466741085,0.060690343379974365,0.02009156346321106,0.023887475952506065,0.07072780281305313,0.006953627336770296,0.003413956379517913,0.03492577001452446,0.06415743380784988,0.04924493283033371,0.008097006008028984,0.02407441847026348,0.048083022236824036,0.025022484362125397,0.009221372194588184,0.01923147402703762,0.016112864017486572,,,,,,,,,,,,,,,
unknown,馬,442,443,555.755,556.255,0.9716797,,0.020556669682264328,0.01629144698381424,0.024837836623191833,0.09344015270471573,0.052184656262397766,0.2336362600326538,0.01910554990172386,0.012110328301787376,0.03395494446158409,0.04269321635365486,0.04492676630616188,0.04354717954993248,0.10674293339252472,0.10743889212608337,0.0727231428027153,0.02351970225572586,0.034057993441820145,0.043857965618371964,0.06792975217103958,0.0957399383187294,0.027134083211421967,0.03034013882279396,0.022041812539100647,0.005152735859155655,0.011766756884753704,0.011823619715869427,0.16336415708065033,0.015133023262023926,0.010427683591842651,0.09071091562509537,0.005624285899102688,0.009888943284749985,0.00988550391048193,0.004332236014306545,0.23723562061786652,0.03613042086362839,0.007431382779031992,0.045950934290885925,0.007147541735321283,0.023626605048775673,0.06091984733939171,0.004454348236322403,0.002515289233997464,0.02154105342924595,0.07681397348642349,0.038407403975725174,0.004576679319143295,0.01323728822171688,0.04083225503563881,0.028450191020965576,0.011405198834836483,0.009405054152011871,0.015399625524878502,,,,,,,,,,,,,,,
unknown,出,444,445,561.195,561.395,0.98876953,,0.045429527759552,0.036977995187044144,0.04946473240852356,0.1650906652212143,0.020042331889271736,0.1336115300655365,0.01013173721730709,0.021544011309742928,0.037709854543209076,0.03131011873483658,0.04168593883514404,0.03180774301290512,0.12432094663381577,0.09018778055906296,0.05019873380661011,0.043436117470264435,0.026234686374664307,0.035085465759038925,0.045201607048511505,0.05370239540934563,0.013725359924137592,0.013409906066954136,0.015856770798563957,0.010645391419529915,0.013182764872908592,0.007329477928578854,0.26889923214912415,0.02245114929974079,0.009007805958390236,0.16923962533473969,0.0022747658658772707,0.022403260692954063,0.007063650526106358,0.001947519020177424,0.23681646585464478,0.09837112575769424,0.01394031010568142,0.06890307366847992,0.003597030881792307,0.049841176718473434,0.05360492318868637,0.007220168597996235,0.003429291769862175,0.014216023497283459,0.07841542363166809,0.07675272226333618,0.005097951740026474,0.010067266412079334,0.03048698604106903,0.05910142511129379,0.00793734285980463,0.006529476027935743,0.03042765147984028,,,,,,,,,,,,,,,
unknown,会,446,447,561.395,561.555,0.89453125,,0.022539567202329636,0.016304442659020424,0.03166917338967323,0.15086089074611664,0.012315038591623306,0.08617199957370758,0.008015901781618595,0.013622870668768883,0.039284028112888336,0.031060531735420227,0.0725211352109909,0.056452542543411255,0.12073643505573273,0.1647854596376419,0.0681886300444603,0.030739672482013702,0.019592346623539925,0.04437633976340294,0.03068304806947708,0.07075412571430206,0.014667333103716373,0.007049968931823969,0.033860061317682266,0.006275347899645567,0.008013014681637287,0.005999615881592035,0.21443726122379303,0.02345593087375164,0.00781330093741417,0.11839179694652557,0.002806377597153187,0.0066502951085567474,0.005074555054306984,0.0019421344622969627,0.35347479581832886,0.051487747579813004,0.007769464980810881,0.03560948744416237,0.001420939457602799,0.023048434406518936,0.07071800529956818,0.00315647479146719,0.00444362498819828,0.0058310250751674175,0.08590707182884216,0.04736298695206642,0.006935436278581619,0.008654166013002396,0.02690867707133293,0.03927838057279587,0.00771205173805356,0.0028280667029321194,0.017519555985927582,,,,,,,,,,,,,,,
unknown,う,448,449,561.555,562.055,0.98828125,,0.03809485211968422,0.023523462936282158,0.05154024437069893,0.16983364522457123,0.004606387112289667,0.04154256358742714,0.006556503474712372,0.01873660273849964,0.027315042912960052,0.023812556639313698,0.07120908796787262,0.05094703659415245,0.10667171329259872,0.1459365338087082,0.039288438856601715,0.05061598867177963,0.015019708313047886,0.03190620616078377,0.02360483631491661,0.03742348030209541,0.008285670541226864,0.005279825069010258,0.025911439210176468,0.00865086354315281,0.007014049217104912,0.0036827092990279198,0.2569609582424164,0.026853812858462334,0.004087022505700588,0.14839200675487518,0.0024664339143782854,0.010873171500861645,0.003791667055338621,0.001486180117353797,0.3387223780155182,0.08683016896247864,0.009552991949021816,0.047263987362384796,0.0010871430858969688,0.029504798352718353,0.07240469008684158,0.005054146517068148,0.0030405153520405293,0.004935628268867731,0.05443583056330681,0.08186466246843338,0.0038861106149852276,0.006665045395493507,0.021815786138176918,0.05959223955869675,0.004891898483037949,0.0024053589440882206,0.02405771240592003,,,,,,,,,,,,,,,
unknown,動,450,451,567.0876,567.40735,0.9765625,,0.04420100525021553,0.04358576238155365,0.05956784635782242,0.2957848310470581,0.005198239348828793,0.04892009124159813,0.004970868118107319,0.02635898068547249,0.04967022314667702,0.028851639479398727,0.038582414388656616,0.02918098308146,0.08978340774774551,0.07524171471595764,0.03383747860789299,0.0357443168759346,0.02413317933678627,0.020674413070082664,0.01441952120512724,0.025812800973653793,0.0073012541979551315,0.004033227916806936,0.014179144985973835,0.014992150478065014,0.016167297959327698,0.0027096793055534363,0.3108247220516205,0.036647308617830276,0.008291947655379772,0.23630498349666595,0.0014028322184458375,0.012354305945336819,0.004791019484400749,0.0012452780501917005,0.3068758547306061,0.14863748848438263,0.01550751831382513,0.0707598626613617,0.000809699937235564,0.034908778965473175,0.054729364812374115,0.003342718817293644,0.00689084455370903,0.0029229947831481695,0.07470452040433884,0.063655324280262,0.010196303948760033,0.008085534907877445,0.020217059180140495,0.09901667386293411,0.003344549098983407,0.002191181294620037,0.020760027691721916,,,,,,,,,,,,,,,
unknown,物,452,453,567.40735,567.90735,0.9482422,,0.03855948895215988,0.04501022771000862,0.049031324684619904,0.2870498299598694,0.004209184553474188,0.04756191000342369,0.004601074382662773,0.024503326043486595,0.054774437099695206,0.029726019129157066,0.04458621144294739,0.026098821312189102,0.07430999726057053,0.08922000974416733,0.03147105872631073,0.03700125962495804,0.02740059420466423,0.017095230519771576,0.01334881316870451,0.023155316710472107,0.0064669097773730755,0.0034217711072415113,0.012743070721626282,0.011955911293625832,0.020268039777874947,0.002695483388379216,0.27451393008232117,0.03562863916158676,0.009534813463687897,0.20856693387031555,0.00112240226007998,0.01209905743598938,0.00785265676677227,0.0009560173493809998,0.3264055550098419,0.1404278576374054,0.017061499878764153,0.09416607767343521,0.0006278571672737598,0.0359378345310688,0.06922896951436996,0.0028981645591557026,0.007291347254067659,0.0029378035105764866,0.0651966854929924,0.06333267688751221,0.009829449467360973,0.010234891436994076,0.017259754240512848,0.09175089746713638,0.003394770435988903,0.001977991545572877,0.015692265704274178,,,,,,,,,,,,,,,
unknown,透,454,455,573.0037,573.32355,0.9746094,,0.027727484703063965,0.029163973405957222,0.0393744558095932,0.21044792234897614,0.002378280973061919,0.035440389066934586,0.006729046814143658,0.019167104735970497,0.04609687253832817,0.06937503069639206,0.07266982644796371,0.04427013173699379,0.11398518830537796,0.12647071480751038,0.023873506113886833,0.046997249126434326,0.021480794996023178,0.019488433375954628,0.01286145206540823,0.01471325196325779,0.003056600457057357,0.0038790751714259386,0.019334398210048676,0.008973004296422005,0.009371791034936905,0.0020609498023986816,0.25873973965644836,0.034156303852796555,0.004671474918723106,0.19505655765533447,0.0016278408002108335,0.011291506700217724,0.003908687271177769,0.0006858184933662415,0.3269209861755371,0.13358093798160553,0.012389062903821468,0.10149285942316055,0.0007047443650662899,0.02200586162507534,0.06429620087146759,0.003286776365712285,0.004510750528424978,0.0037105451337993145,0.043069690465927124,0.053290124982595444,0.0034451219253242016,0.005497841164469719,0.01358511857688427,0.0644754096865654,0.0024733832105994225,0.003558174939826131,0.013484791852533817,,,,,,,,,,,,,,,
unknown,明,456,457,573.32355,573.82355,1.0,,0.023156926035881042,0.027473976835608482,0.03221048787236214,0.22050005197525024,0.0019025044748559594,0.03974995017051697,0.008191252127289772,0.01268866565078497,0.09151161462068558,0.06891804933547974,0.07273487001657486,0.03605775162577629,0.17076914012432098,0.14555689692497253,0.02262527123093605,0.03105146810412407,0.014833268709480762,0.011577499099075794,0.013831754215061665,0.017799481749534607,0.00296893366612494,0.004056004341691732,0.033326756209135056,0.004119681194424629,0.017774267122149467,0.0020421224180608988,0.1507074236869812,0.029221758246421814,0.004265698604285717,0.09207415580749512,0.0017885927809402347,0.008209651336073875,0.005696943029761314,0.0005622216849587858,0.3000088036060333,0.08796829730272293,0.014932828955352306,0.1057695671916008,0.0006524007767438889,0.014031358063220978,0.0694507509469986,0.0019827596843242645,0.006432346999645233,0.00373894558288157,0.05097666010260582,0.030179619789123535,0.0037525100633502007,0.008158445358276367,0.013545313850045204,0.04611365869641304,0.002559394808486104,0.003688855329528451,0.0057287197560071945,,,,,,,,,,,,,,,
unknown,か,458,459,579.375,579.495,0.34521484,,0.014897977001965046,0.012119614519178867,0.023285653442144394,0.15225842595100403,0.0021185860969126225,0.04201367497444153,0.007492439355701208,0.008615091443061829,0.0563308410346508,0.0589662604033947,0.0911235511302948,0.049174848943948746,0.18703918159008026,0.21324734389781952,0.027169935405254364,0.032311245799064636,0.010546439327299595,0.014811675995588303,0.013574961572885513,0.02106153778731823,0.0030082983430474997,0.003681398695334792,0.04167407751083374,0.0027474139351397753,0.008248631842434406,0.0019427918596193194,0.1344122439622879,0.020080409944057465,0.0032593589276075363,0.07128553837537766,0.0016692745266482234,0.006030731368809938,0.0035504866391420364,0.0004623148124665022,0.33587154746055603,0.057280100882053375,0.006541294977068901,0.07515529543161392,0.0005555931711569428,0.012296331115067005,0.06222672387957573,0.0021405937150120735,0.0028727632015943527,0.002945043845102191,0.047112297266721725,0.03024744801223278,0.0019467133097350597,0.0052869548089802265,0.011161556467413902,0.031298935413360596,0.0024966008495539427,0.004737498704344034,0.006395907141268253,,,,,,,,,,,,,,,
unknown,労,460,461,579.495,579.73505,0.37304688,,0.03379194438457489,0.025943269953131676,0.04782459884881973,0.2560575008392334,0.00900020357221365,0.08767406642436981,0.005685305688530207,0.021815650165081024,0.04564270004630089,0.06377635896205902,0.04847026243805885,0.050613947212696075,0.15547090768814087,0.12373372167348862,0.05730774998664856,0.03530536964535713,0.037353575229644775,0.029348764568567276,0.03257610648870468,0.04927847534418106,0.014343010261654854,0.00654256297275424,0.025697343051433563,0.011539163999259472,0.01593565195798874,0.004068702459335327,0.17132431268692017,0.03934471681714058,0.011515159159898758,0.10022283345460892,0.001703644753433764,0.007255266886204481,0.005565273109823465,0.0017556216334924102,0.21846666932106018,0.0778406634926796,0.009894262067973614,0.08243473619222641,0.0018222013022750616,0.0298652071505785,0.06641554087400436,0.0032874427270144224,0.005577618256211281,0.006217905320227146,0.09499344229698181,0.05594732612371445,0.012090880423784256,0.01234379317611456,0.02261158637702465,0.04844499006867409,0.004660384263843298,0.005616102833300829,0.022024212405085564,,,,,,,,,,,,,,,
unknown,点,462,463,579.73505,580.23505,0.88964844,,0.02395510859787464,0.01615510880947113,0.03192470967769623,0.1911393254995346,0.014118706807494164,0.14331643283367157,0.005407372023910284,0.01648038625717163,0.03343023732304573,0.07703640311956406,0.047403305768966675,0.06707477569580078,0.16854801774024963,0.12434417009353638,0.07195743173360825,0.030006641522049904,0.027553502470254898,0.04086719825863838,0.043442174792289734,0.06637511402368546,0.015279343351721764,0.007164908107370138,0.030095688998699188,0.0071968799456954,0.010895024053752422,0.0028544303495436907,0.1450137197971344,0.029964204877614975,0.009048734791576862,0.07914894074201584,0.0016463653882965446,0.006190645974129438,0.0041663977317512035,0.0015090873930603266,0.19121620059013367,0.04536960646510124,0.006541958078742027,0.06259848922491074,0.0016247046878561378,0.02851138636469841,0.06442553550004959,0.003083983901888132,0.0034331667702645063,0.006022692658007145,0.11437787115573883,0.04867912083864212,0.007776199374347925,0.009932327084243298,0.026620427146553993,0.03758110851049423,0.00333307683467865,0.007995249703526497,0.023933419957756996,,,,,,,,,,,,,,,
unknown,選,464,465,585.455,585.85504,0.59814453,,0.027934661135077477,0.017255838960409164,0.032755047082901,0.13802935183048248,0.017143163830041885,0.1365268975496292,0.007385008502751589,0.01835162565112114,0.024621164426207542,0.06827370822429657,0.05178729444742203,0.07315108925104141,0.17451411485671997,0.1679374724626541,0.08205273747444153,0.03905772790312767,0.0199905838817358,0.046818144619464874,0.0575842559337616,0.07723928242921829,0.015346236526966095,0.010192058980464935,0.03651991859078407,0.007633031811565161,0.007140143308788538,0.004236356355249882,0.15308010578155518,0.02974085882306099,0.007666146848350763,0.08380743861198425,0.0026422105729579926,0.00857014674693346,0.0038878535851836205,0.0020043656695634127,0.18874816596508026,0.049298565834760666,0.007547546643763781,0.06471414864063263,0.002903488464653492,0.035529203712940216,0.07100839912891388,0.004008586518466473,0.0026810227427631617,0.011502114124596119,0.11127441376447678,0.055164411664009094,0.0038541897665709257,0.009350764565169811,0.027495620772242546,0.029422776773571968,0.00454041687771678,0.010103439912199974,0.030533958226442337,,,,,,,,,,,,,,,
unknown,択,466,467,585.85504,586.35504,0.8413086,,0.020384391769766808,0.012804165482521057,0.034379974007606506,0.15475420653820038,0.021954579278826714,0.18445084989070892,0.008959288708865643,0.018940217792987823,0.030302660539746284,0.07454629242420197,0.04472681134939194,0.0783303752541542,0.1885800063610077,0.1980256736278534,0.09930237382650375,0.022811897099018097,0.013562893494963646,0.03878139704465866,0.07563580572605133,0.11660054326057434,0.024908319115638733,0.014158694073557854,0.046776384115219116,0.005825742147862911,0.011432466097176075,0.005831300280988216,0.10141115635633469,0.03461473435163498,0.008415017277002335,0.05370572954416275,0.003484110115095973,0.004904248286038637,0.004615989979356527,0.003482603933662176,0.16713394224643707,0.029375098645687103,0.005719571840018034,0.06376272439956665,0.003671618178486824,0.02233787439763546,0.08354109525680542,0.0027919569984078407,0.0036332248710095882,0.014194128103554249,0.1462593823671341,0.03181258216500282,0.005886765196919441,0.013301686383783817,0.04060124233365059,0.02569173090159893,0.005471091717481613,0.013887859880924225,0.018808506429195404,,,,,,,,,,,,,,,
unknown,ス,468,469,591.815,591.935,0.76953125,,0.025107981637120247,0.01853441633284092,0.05008512735366821,0.16814133524894714,0.02113419584929943,0.1730366051197052,0.01039387471973896,0.02662348560988903,0.024658966809511185,0.08518431335687637,0.037115275859832764,0.07453422248363495,0.12636207044124603,0.1600416600704193,0.0866067111492157,0.0208287350833416,0.018798809498548508,0.03538479655981064,0.07190815359354019,0.10276681184768677,0.028686869889497757,0.01748720556497574,0.029138650745153427,0.00844426080584526,0.012111522257328033,0.006333527620881796,0.11067888140678406,0.046351417899131775,0.009849910624325275,0.07034355401992798,0.0040670824237167835,0.004344935994595289,0.004470335319638252,0.004902110900729895,0.14461638033390045,0.03327183052897453,0.007021169178187847,0.07889136672019958,0.004582504741847515,0.020836103707551956,0.07982540130615234,0.0027354492340236902,0.004453109577298164,0.016401732340455055,0.11685881018638611,0.031698279082775116,0.00839643832296133,0.013810180127620697,0.03685871139168739,0.02541477419435978,0.005439698230475187,0.016887329518795013,0.01808752305805683,,,,,,,,,,,,,,,
unknown,キ,470,471,591.935,592.055,0.8232422,,0.030739957466721535,0.01684904471039772,0.06853749603033066,0.0894773080945015,0.007916111499071121,0.04956754669547081,0.00769612705335021,0.03261258825659752,0.012760677374899387,0.0625414028763771,0.10681319981813431,0.1711472123861313,0.09393969923257828,0.23735524713993073,0.047779206186532974,0.0617499053478241,0.02405615523457527,0.09358244389295578,0.023053089156746864,0.026387348771095276,0.007222811225801706,0.00985451228916645,0.016473479568958282,0.01601649634540081,0.0032452018931508064,0.0070879776030778885,0.1984626054763794,0.05932700261473656,0.006437130272388458,0.1070224940776825,0.003184352768585086,0.008142090402543545,0.0023600298445671797,0.0023449547588825226,0.2365083247423172,0.05093460530042648,0.006383581552654505,0.06830637156963348,0.004462686832994223,0.04790811613202095,0.07809602469205856,0.005758348852396011,0.003442085115239024,0.01000211201608181,0.05237160250544548,0.08195416629314423,0.004908787086606026,0.005462266970425844,0.012912549078464508,0.024202315136790276,0.006504591554403305,0.015731249004602432,0.057423945516347885,,,,,,,,,,,,,,,
unknown,ン,472,473,592.055,592.135,0.5307617,,0.03268849849700928,0.017984192818403244,0.05900287255644798,0.10153895616531372,0.004504372365772724,0.04661988466978073,0.006232337560504675,0.02698342874646187,0.019188854843378067,0.07726465165615082,0.08324544876813889,0.15584009885787964,0.16183820366859436,0.20956404507160187,0.03603990375995636,0.04449935629963875,0.02250579558312893,0.06378591060638428,0.03185874968767166,0.028291108086705208,0.006404300220310688,0.007141422480344772,0.028317637741565704,0.010763010010123253,0.005156742874532938,0.005262376740574837,0.16693589091300964,0.05346643924713135,0.005681801587343216,0.08923808485269547,0.0024301675148308277,0.006064966786652803,0.002934208605438471,0.001677960273809731,0.2714918255805969,0.04065967723727226,0.006942159030586481,0.07452580332756042,0.002560181077569723,0.031244225800037384,0.07290032505989075,0.004384959582239389,0.004028452094644308,0.008874798193573952,0.045146554708480835,0.06168800964951515,0.006751420442014933,0.006771833635866642,0.019603818655014038,0.032110944390296936,0.006049126852303743,0.010571162216365337,0.0354568213224411,,,,,,,,,,,,,,,
unknown,止,474,475,592.135,592.255,0.52685547,,0.025182386860251427,0.014264289289712906,0.040673479437828064,0.10452467203140259,0.03072449192404747,0.18885131180286407,0.007733128033578396,0.02857678383588791,0.021886803209781647,0.059141695499420166,0.031138097867369652,0.05644485726952553,0.1673780381679535,0.15166641771793365,0.0919305607676506,0.02039150707423687,0.016311585903167725,0.030314866453409195,0.15084265172481537,0.14541849493980408,0.038011014461517334,0.020519938319921494,0.03212932124733925,0.008988744579255581,0.011915127746760845,0.008159316144883633,0.09257517009973526,0.041357770562171936,0.010384530760347843,0.05524057894945145,0.0036014977376908064,0.004099057987332344,0.00626928498968482,0.005890197120606899,0.13494572043418884,0.026218218728899956,0.005164783447980881,0.06106490269303322,0.00755082443356514,0.01824227161705494,0.08970670402050018,0.0031207026913762093,0.00375843932852149,0.026606354862451553,0.09287256002426147,0.03235955536365509,0.008001398295164108,0.01904231496155262,0.06721486151218414,0.029279211536049843,0.006663569249212742,0.014247420243918896,0.021913425996899605,,,,,,,,,,,,,,,
unknown,キ,476,477,592.255,592.375,0.5263672,,0.019116492941975594,0.01105562411248684,0.0313229076564312,0.09303226321935654,0.026148810982704163,0.19033244252204895,0.011058993637561798,0.02146012708544731,0.018735263496637344,0.07209713757038116,0.03609314188361168,0.08934489637613297,0.17294947803020477,0.142752543091774,0.0711558610200882,0.023669973015785217,0.016723621636629105,0.057563863694667816,0.12789538502693176,0.10632769018411636,0.022399310022592545,0.021436290815472603,0.03493954986333847,0.010037488304078579,0.007830758579075336,0.006236300803720951,0.14129827916622162,0.03541035205125809,0.006624545436352491,0.09416568279266357,0.004298795014619827,0.00438186340034008,0.004779455251991749,0.003995673730969429,0.16152308881282806,0.02898780256509781,0.0043764556758105755,0.03882817551493645,0.005767708644270897,0.019209299236536026,0.07697058469057083,0.004292895086109638,0.002891176613047719,0.01868501864373684,0.07339426875114441,0.03808049112558365,0.006380189210176468,0.011955980211496353,0.055582478642463684,0.03014995902776718,0.005452830344438553,0.019026342779397964,0.029270082712173462,,,,,,,,,,,,,,,
unknown,ッ,478,479,592.375,592.53503,0.46850586,,0.01561003178358078,0.008575424551963806,0.019505467265844345,0.0920480340719223,0.020659657195210457,0.18352393805980682,0.010981282219290733,0.015685563907027245,0.01771015301346779,0.06681391596794128,0.0316489078104496,0.09858975559473038,0.15517958998680115,0.14030297100543976,0.06689800322055817,0.019763823598623276,0.014348519966006279,0.0724734291434288,0.10878439247608185,0.1058710366487503,0.017165396362543106,0.015743840485811234,0.04328054562211037,0.008775686845183372,0.006208532489836216,0.004428141750395298,0.2052074372768402,0.026231592521071434,0.005484456196427345,0.14888814091682434,0.0036602190230041742,0.0031805038452148438,0.004218132700771093,0.002486571902409196,0.20007304847240448,0.02672891691327095,0.0034482215996831656,0.029146775603294373,0.002752299653366208,0.017831720411777496,0.07287568598985672,0.003688174532726407,0.0021938916761428118,0.01041511632502079,0.06851726770401001,0.03549885004758835,0.005786257330328226,0.009555037133395672,0.05011184886097908,0.031118713319301605,0.004358665086328983,0.019806554540991783,0.029557615518569946,,,,,,,,,,,,,,,
unknown,プ,480,481,592.53503,593.03503,0.7836914,,0.011377005837857723,0.0056875054724514484,0.014626040123403072,0.0671112909913063,0.028758859261870384,0.24531830847263336,0.015353650785982609,0.009292672388255596,0.02114040218293667,0.0717710629105568,0.04923519119620323,0.1355380415916443,0.12152121216058731,0.15300071239471436,0.08779215812683105,0.018287532031536102,0.008918710052967072,0.1051536276936531,0.09556765109300613,0.13385623693466187,0.020047644153237343,0.01884976401925087,0.04708734527230263,0.003805481595918536,0.007049348670989275,0.00630107382312417,0.15555422008037567,0.016639845445752144,0.004750540014356375,0.08705823868513107,0.004646990913897753,0.003557363757863641,0.005403862800449133,0.002318211831152439,0.19932718575000763,0.01494345162063837,0.0026485836133360863,0.018750891089439392,0.0028613375034183264,0.01826503872871399,0.07363778352737427,0.004090672358870506,0.0015250714495778084,0.00968941580504179,0.0775294229388237,0.030306149274110794,0.0037136352621018887,0.010881952941417694,0.03718678280711174,0.017798421904444695,0.006894994992762804,0.024313243106007576,0.02481584995985031,,,,,,,,,,,,,,,
unknown,図,482,483,597.185,597.685,0.5444336,,0.012452960945665836,0.006899216212332249,0.020217468962073326,0.07988367229700089,0.006591921206563711,0.0945148691534996,0.009629469364881516,0.007447612006217241,0.020713305100798607,0.08217146247625351,0.08100954443216324,0.18828971683979034,0.16901329159736633,0.15715435147285461,0.040915533900260925,0.027738166972994804,0.01640247367322445,0.1081906259059906,0.027466241270303726,0.03548064082860947,0.004644077271223068,0.0073053124360740185,0.036825213581323624,0.004175703506916761,0.0034003506880253553,0.0024470114149153233,0.20787623524665833,0.018755732104182243,0.002970183966681361,0.10646011680364609,0.0024606480728834867,0.004761871881783009,0.002427072264254093,0.0007126284763216972,0.2814238965511322,0.023641658946871758,0.0030845971778035164,0.020180411636829376,0.001009589061141014,0.01872391067445278,0.05195942893624306,0.0033995453268289566,0.0014404244720935822,0.003118290798738599,0.054663773626089096,0.041052643209695816,0.0027306920383125544,0.00396410096436739,0.01262687612324953,0.017445353791117668,0.0034346221946179867,0.012214679270982742,0.023972993716597557,,,,,,,,,,,,,,,
