Id,Text,BeginPosition,EndPosition,BeginTime,EndTime,Confidence,SpeakerConfidence,Admiration,Adoration,Aesthetic Appreciation,Amusement,Anger,Annoyance,Anxiety,Awe,Awkwardness,Boredom,Calmness,Concentration,Confusion,Contemplation,Contempt,Contentment,Craving,Determination,Disappointment,Disapproval,Disgust,Distress,Doubt,Ecstasy,Embarrassment,Empathic Pain,Enthusiasm,Entrancement,Envy,Excitement,Fear,Gratitude,Guilt,Horror,Interest,Joy,Love,Nostalgia,Pain,Pride,Realization,Relief,Romance,Sadness,Sarcasm,Satisfaction,Desire,Shame,Surprise (negative),Surprise (positive),Sympathy,Tiredness,Triumph,1,2,3,4,5,6,7,8,9,toxic,severe_toxic,obscene,threat,insult,identity_hate
unknown,迷,0,1,4.933794,5.1335425,0.3918457,,0.09600895643234253,0.09791586548089981,0.04216381907463074,0.04353812709450722,0.002745801815763116,0.00971415638923645,0.0026658300776034594,0.06343450397253036,0.015539124608039856,0.014533734880387783,0.12330208718776703,0.016834042966365814,0.019168060272932053,0.031226137652993202,0.019403643906116486,0.10748275369405746,0.007669799029827118,0.02177794836461544,0.004164428450167179,0.004724307917058468,0.0015540728345513344,0.002448304323479533,0.003462341148406267,0.03792571648955345,0.002579563297331333,0.003087114542722702,0.1660918891429901,0.053479474037885666,0.004905018024146557,0.13695943355560303,0.0014322682982310653,0.05301844701170921,0.0012398491380736232,0.0006920541054569185,0.07660606503486633,0.23576584458351135,0.07221590727567673,0.023676371201872826,0.0017486254218965769,0.05053350701928139,0.04783361405134201,0.019946476444602013,0.028702476993203163,0.003278877818956971,0.02964739501476288,0.11290399730205536,0.011814762838184834,0.0031688411254435778,0.007262367755174637,0.0735277459025383,0.004908264614641666,0.004050152841955423,0.0681561753153801,,,,,,,,,,,,,,,
unknown,路,2,3,5.1335425,5.6335425,0.6401367,,0.15070682764053345,0.13852493464946747,0.06671328842639923,0.06051809713244438,0.0046731880865991116,0.007753719575703144,0.0032260222360491753,0.1597055047750473,0.01843804121017456,0.00375555083155632,0.06695807725191116,0.005902973935008049,0.025855090469121933,0.020950647071003914,0.015826517716050148,0.10840454697608948,0.0023052776232361794,0.008751888759434223,0.005154169164597988,0.004811250139027834,0.0023727964144200087,0.004880265332758427,0.003032996319234371,0.09512787312269211,0.007738418411463499,0.004509713500738144,0.12882345914840698,0.08325199037790298,0.003952988423407078,0.11337217688560486,0.0027056934777647257,0.06555378437042236,0.002165886340662837,0.002297061961144209,0.03872901201248169,0.3973133862018585,0.0943460762500763,0.010497578419744968,0.00474088778719306,0.11065448075532913,0.0453667975962162,0.017994046211242676,0.03003665804862976,0.005535169504582882,0.041627198457717896,0.12635625898838043,0.008836710825562477,0.00742722162976861,0.014395107515156269,0.14002296328544617,0.005449047312140465,0.002010675147175789,0.09439733624458313,,,,,,,,,,,,,,,
unknown,ダ,4,5,8.009925,8.129774,0.9560547,,0.1675078272819519,0.15683108568191528,0.11214415729045868,0.05454879254102707,0.00247881724499166,0.003871738677844405,0.002295007696375251,0.2381865531206131,0.008578258566558361,0.0035830154083669186,0.10525088012218475,0.013012043200433254,0.014243140816688538,0.04476352408528328,0.017295202240347862,0.1586741954088211,0.004334880970418453,0.015003146603703499,0.0030021974816918373,0.0035668392665684223,0.0019673972856253386,0.002831299789249897,0.0021438675466924906,0.15417158603668213,0.003452264703810215,0.00418019387871027,0.15621915459632874,0.16150391101837158,0.00434243306517601,0.1570868045091629,0.002241781447082758,0.059237267822027206,0.00137526192702353,0.002203059382736683,0.06151939928531647,0.40277159214019775,0.0892256572842598,0.02522280439734459,0.003014263929799199,0.12902483344078064,0.06191656365990639,0.022722749039530754,0.03935346379876137,0.003947257995605469,0.019124576821923256,0.18638072907924652,0.014143809676170349,0.004785168915987015,0.007569643668830395,0.12020884454250336,0.004546990152448416,0.0017253903206437826,0.14602608978748322,,,,,,,,,,,,,,,
unknown,ン,6,7,8.129774,8.329522,0.953125,,0.07555514574050903,0.06177063658833504,0.052480388432741165,0.09377223998308182,0.01648075319826603,0.03431839123368263,0.0060546137392520905,0.06116307154297829,0.034260861575603485,0.007032164838165045,0.07123858481645584,0.011650045402348042,0.033990614116191864,0.04751751199364662,0.04470667988061905,0.08963147550821304,0.01016337238252163,0.025739489123225212,0.03123065084218979,0.02522030472755432,0.011857958510518074,0.01193327084183693,0.00799557100981474,0.04838000610470772,0.022437913343310356,0.012694300152361393,0.10921307653188705,0.05328444391489029,0.011203743517398834,0.07498785108327866,0.003934615757316351,0.04643861949443817,0.012508498504757881,0.004767000209540129,0.04926910251379013,0.172691211104393,0.04873525723814964,0.02088688686490059,0.010557975620031357,0.08680828660726547,0.085745669901371,0.02760239504277706,0.02933252789080143,0.021935507655143738,0.10348817706108093,0.12957966327667236,0.022530395537614822,0.028827916830778122,0.030306631699204445,0.08922383189201355,0.014981966465711594,0.004035500343888998,0.09130281209945679,,,,,,,,,,,,,,,
unknown,ス,8,9,8.329522,8.829522,0.66259766,,0.08273282647132874,0.07770475000143051,0.046487584710121155,0.07574649155139923,0.014018760062754154,0.029473302885890007,0.007376948371529579,0.06904490292072296,0.027809031307697296,0.008508802391588688,0.0970567986369133,0.023995427414774895,0.0372999906539917,0.06171406805515289,0.03751388192176819,0.09299024939537048,0.013797275722026825,0.04988284036517143,0.018814006820321083,0.018105296418070793,0.0074780527502298355,0.01090962067246437,0.008906945586204529,0.047593992203474045,0.014253471978008747,0.011536434292793274,0.12607063353061676,0.06666610389947891,0.009770527482032776,0.09267211705446243,0.004967222455888987,0.041750382632017136,0.008929148316383362,0.00396363902837038,0.0718771442770958,0.15818659961223602,0.06681829690933228,0.02924645133316517,0.008360587991774082,0.09744564443826675,0.09831453859806061,0.028251947835087776,0.0407000407576561,0.014703385531902313,0.06503251940011978,0.13237132132053375,0.028220366686582565,0.01895289309322834,0.02370799519121647,0.09087144583463669,0.013942535035312176,0.004561453592032194,0.1107613667845726,,,,,,,,,,,,,,,
unknown,泡,10,11,12.084799,12.244598,0.59765625,,0.13150779902935028,0.13209415972232819,0.09435230493545532,0.08737301081418991,0.012203234247863293,0.025915762409567833,0.006497487425804138,0.12059884518384933,0.022781895473599434,0.007879995740950108,0.07051749527454376,0.021021811291575432,0.03670579940080643,0.055557820945978165,0.03708259388804436,0.06150634586811066,0.010545567609369755,0.027701979503035545,0.017773620784282684,0.02230777218937874,0.00994484219700098,0.011714855208992958,0.006747087463736534,0.04865698143839836,0.015692485496401787,0.011145741678774357,0.0908963531255722,0.10764501988887787,0.011315218172967434,0.07370171695947647,0.005698083899915218,0.030679021030664444,0.006549519952386618,0.006608502008020878,0.06038898974657059,0.15232010185718536,0.08462575823068619,0.042888157069683075,0.00899478979408741,0.08969850838184357,0.07359099388122559,0.013088401407003403,0.0463198758661747,0.0172098521143198,0.06392323970794678,0.08596861362457275,0.028137024492025375,0.02053046226501465,0.020802674815058708,0.06617782264947891,0.012574135325849056,0.003242615144699812,0.07463988661766052,,,,,,,,,,,,,,,
unknown,を,12,13,12.244598,12.744598,0.9013672,,0.12848809361457825,0.10518305003643036,0.0783054456114769,0.10701927542686462,0.01055194716900587,0.04008004069328308,0.004990270361304283,0.09130462259054184,0.024408724159002304,0.01141819916665554,0.062066737562417984,0.021971959620714188,0.04267551377415657,0.05435572564601898,0.03374652937054634,0.05547308921813965,0.014989797957241535,0.027357880026102066,0.03165046125650406,0.02894521877169609,0.009561842307448387,0.00965101271867752,0.00751167768612504,0.03136918321251869,0.017413808032870293,0.013196304440498352,0.11921244859695435,0.06830412149429321,0.013857602141797543,0.08160760253667831,0.0031387899070978165,0.030223188921809196,0.008291619829833508,0.004134099464863539,0.08480442315340042,0.11588119715452194,0.057018183171749115,0.05518094077706337,0.00657189404591918,0.05952935665845871,0.10795434564352036,0.017455540597438812,0.027107298374176025,0.015379441902041435,0.06205442175269127,0.0967639684677124,0.025743452832102776,0.01934751123189926,0.033720266073942184,0.10403017699718475,0.01825004070997238,0.0042279441840946674,0.06462585180997849,,,,,,,,,,,,,,,
unknown,お,14,15,14.6415825,14.801382,0.8803711,,0.10531698912382126,0.08651464432477951,0.11372887343168259,0.08435475081205368,0.010919527150690556,0.03505444526672363,0.0072284871712327,0.11664903163909912,0.021374749019742012,0.009910313412547112,0.0879751518368721,0.035521067678928375,0.039724282920360565,0.10260998457670212,0.045914262533187866,0.055294692516326904,0.009213654324412346,0.030511928722262383,0.029654793441295624,0.03996758162975311,0.014103210531175137,0.01329132728278637,0.009131303988397121,0.030930422246456146,0.01691417396068573,0.012944781221449375,0.07758130133152008,0.11914489418268204,0.010609310120344162,0.0539025254547596,0.006797851528972387,0.022347629070281982,0.008331033401191235,0.008818646892905235,0.06718416512012482,0.08468057215213776,0.0435347817838192,0.0621606670320034,0.008184569887816906,0.06269309669733047,0.11891723424196243,0.012562309391796589,0.02771950699388981,0.019774453714489937,0.06292184442281723,0.07750415802001953,0.018787145614624023,0.02549893781542778,0.025329161435365677,0.05160123109817505,0.014101079665124416,0.004577656276524067,0.06305056065320969,,,,,,,,,,,,,,,
unknown,母,16,17,14.801382,15.04108,0.8066406,,0.1404372900724411,0.15030890703201294,0.10747319459915161,0.07244264334440231,0.017600124701857567,0.04390460252761841,0.01019270159304142,0.13078457117080688,0.019712679088115692,0.011447199620306492,0.06347721815109253,0.0398041196167469,0.04405704885721207,0.09311164170503616,0.04689957946538925,0.04842865467071533,0.01865456998348236,0.04196398705244064,0.03309240564703941,0.044871408492326736,0.017312848940491676,0.023337235674262047,0.010548753663897514,0.039127349853515625,0.01620631106197834,0.017996910959482193,0.08074309676885605,0.1458103209733963,0.011320473626255989,0.054229285567998886,0.01013114769011736,0.025701522827148438,0.008981327526271343,0.011722013354301453,0.06871524453163147,0.0882018506526947,0.10671372711658478,0.08703584223985672,0.017750967293977737,0.059226106852293015,0.1054912582039833,0.01046811230480671,0.05734226107597351,0.028654754161834717,0.04807477444410324,0.0669269785284996,0.03842388466000557,0.025506367906928062,0.027791595086455345,0.04892342910170555,0.016947289928793907,0.008198888972401619,0.053809043020009995,,,,,,,,,,,,,,,
unknown,さ,18,19,15.04108,15.16093,0.9355469,,0.13571932911872864,0.15466585755348206,0.11733006685972214,0.09028825163841248,0.01760493777692318,0.03891085088253021,0.010520556941628456,0.13676635921001434,0.018042579293251038,0.009604287333786488,0.06204909831285477,0.042691443115472794,0.034640755504369736,0.08439034223556519,0.04871617257595062,0.04927929863333702,0.0196383073925972,0.04681630805134773,0.024316906929016113,0.04349850118160248,0.01905275508761406,0.02248104102909565,0.008777274750173092,0.05362655222415924,0.014132741838693619,0.01637447252869606,0.10255874693393707,0.16006353497505188,0.009869166649878025,0.0765523910522461,0.012049243785440922,0.02447780966758728,0.007400753442198038,0.014802240766584873,0.07704044878482819,0.10839533060789108,0.10978464782238007,0.0745210349559784,0.014891163446009159,0.0590958371758461,0.09962324798107147,0.010296108201146126,0.061481963843107224,0.02080884575843811,0.051724355667829514,0.0731702372431755,0.04502061381936073,0.02149304188787937,0.024911979213356972,0.05139794945716858,0.015097579918801785,0.006996221840381622,0.05944155901670456,,,,,,,,,,,,,,,
unknown,ん,20,21,15.16093,15.66093,0.8598633,,0.145961195230484,0.16946882009506226,0.16195566952228546,0.07887253165245056,0.012713019736111164,0.03282448276877403,0.008737511932849884,0.15730489790439606,0.015383369289338589,0.009683980606496334,0.07348190993070602,0.04281358793377876,0.038795772939920425,0.11202479898929596,0.048156216740608215,0.050990037620067596,0.017473019659519196,0.03561496362090111,0.023145776242017746,0.04216715693473816,0.016426220536231995,0.01828564889729023,0.009248538874089718,0.0483732745051384,0.010967656970024109,0.013255535624921322,0.08641227334737778,0.2037588506937027,0.009818443097174168,0.05989911034703255,0.009979896247386932,0.024591652676463127,0.006087734829634428,0.01211350504308939,0.07790200412273407,0.1051306277513504,0.11093040555715561,0.08752302080392838,0.011738966219127178,0.051949698477983475,0.0927606150507927,0.007323911413550377,0.06436941772699356,0.02154916152358055,0.04943954944610596,0.06373929977416992,0.03639409691095352,0.019309507682919502,0.018567314371466637,0.0371808297932148,0.012101416476070881,0.007189249154180288,0.045607566833496094,,,,,,,,,,,,,,,
unknown,泥,22,23,21.525787,21.805328,0.96728516,,0.14471697807312012,0.19286315143108368,0.15730561316013336,0.16332000494003296,0.009081359021365643,0.031412024050951004,0.007151229307055473,0.09365331381559372,0.022203387692570686,0.009047374129295349,0.025446396321058273,0.02280266582965851,0.03388300910592079,0.04857601597905159,0.033143140375614166,0.03756668046116829,0.06175592169165611,0.03401913493871689,0.020218057557940483,0.03369445353746414,0.018642909824848175,0.014392761513590813,0.006548019126057625,0.05417970195412636,0.015998465940356255,0.010115797631442547,0.20082151889801025,0.11447418481111526,0.011521761305630207,0.14498168230056763,0.00592158455401659,0.02010737732052803,0.0064049651846289635,0.008892179466784,0.11553868651390076,0.1442897915840149,0.10570988804101944,0.1195225939154625,0.007350151892751455,0.05304018408060074,0.05170651525259018,0.004993513226509094,0.03934667259454727,0.013984513469040394,0.04486021026968956,0.07302532345056534,0.06275281310081482,0.01621554233133793,0.01876487210392952,0.05424332991242409,0.009702893905341625,0.003320846240967512,0.0388232059776783,,,,,,,,,,,,,,,
unknown,棒,24,25,21.805328,22.305328,0.99902344,,0.17884474992752075,0.15844817459583282,0.2072739601135254,0.09181736409664154,0.00795121118426323,0.034062884747982025,0.005937633104622364,0.13826309144496918,0.01708540879189968,0.011303909122943878,0.06728681176900864,0.04650834575295448,0.03954586014151573,0.1043497696518898,0.032823920249938965,0.05141972750425339,0.02765768952667713,0.03904809057712555,0.02598068304359913,0.030083676800131798,0.010864830575883389,0.012221391312777996,0.008033574558794498,0.034203872084617615,0.01395723968744278,0.014123493805527687,0.11563052237033844,0.15940742194652557,0.015290197916328907,0.06217256933450699,0.0045127565972507,0.02540481463074684,0.007048156578093767,0.005932559724897146,0.12102878838777542,0.09674045443534851,0.07731184363365173,0.10006549209356308,0.009068497456610203,0.05705900862812996,0.09987691044807434,0.008054346777498722,0.04252658039331436,0.01703222095966339,0.039608247578144073,0.08110054582357407,0.0351373516023159,0.018159493803977966,0.02022124081850052,0.05840754881501198,0.014782654121518135,0.005199135281145573,0.0441247820854187,,,,,,,,,,,,,,,
unknown,紅,26,27,28.88807,29.087574,0.9970703,,0.18625453114509583,0.2171766310930252,0.24283050000667572,0.11429625004529953,0.005995555315166712,0.028504064306616783,0.004791061859577894,0.1629631668329239,0.017979567870497704,0.00920233316719532,0.04622979089617729,0.034904204308986664,0.04277155548334122,0.07055044919252396,0.02261153794825077,0.05668408423662186,0.044305749237537384,0.03273818641901016,0.01735411398112774,0.01626746356487274,0.007148728705942631,0.008876360952854156,0.005331845488399267,0.06617873162031174,0.014622929506003857,0.008140463382005692,0.1588907092809677,0.1975892037153244,0.015821611508727074,0.1109040379524231,0.0028377906419336796,0.027710558846592903,0.006164859514683485,0.003950746264308691,0.11820586770772934,0.1581639051437378,0.09863834828138351,0.08750598877668381,0.006113959942013025,0.07350555807352066,0.07964350283145905,0.007504316512495279,0.05653222277760506,0.010231481865048409,0.031246354803442955,0.1056995615363121,0.05844604969024658,0.014055689796805382,0.017727013677358627,0.08840788900852203,0.008006054908037186,0.0032935345079749823,0.05092840641736984,,,,,,,,,,,,,,,
unknown,白,28,29,29.087574,29.446684,0.9145508,,0.19478198885917664,0.20274843275547028,0.24013489484786987,0.1322869211435318,0.006394574418663979,0.03217074275016785,0.00438216095790267,0.15979374945163727,0.016641702502965927,0.008720013312995434,0.03875361382961273,0.034733906388282776,0.036494817584753036,0.06609459966421127,0.023712100461125374,0.05857912451028824,0.046609099954366684,0.0382978655397892,0.02046460285782814,0.01759306713938713,0.00785208772867918,0.00872537400573492,0.004875571932643652,0.06354491412639618,0.016590919345617294,0.008239825256168842,0.18868625164031982,0.1710038036108017,0.018628505989909172,0.1268465518951416,0.0024741387460380793,0.024586308747529984,0.007145107723772526,0.0037982275243848562,0.12178666144609451,0.15929315984249115,0.0782073363661766,0.08334678411483765,0.006175000220537186,0.09735319763422012,0.08840886503458023,0.007401369046419859,0.03651420399546623,0.010409771464765072,0.03152511641383171,0.12508295476436615,0.04440423473715782,0.01585673913359642,0.01886734925210476,0.09613506495952606,0.008281048387289047,0.0026863794773817062,0.06301108747720718,,,,,,,,,,,,,,,
unknown,歌,30,31,29.446684,29.566387,0.9897461,,0.04223572835326195,0.06347319483757019,0.0935392752289772,0.15994054079055786,0.015652287751436234,0.08331910520792007,0.012290334329009056,0.04290444403886795,0.02940714918076992,0.0167227815836668,0.03991306573152542,0.044308509677648544,0.05274968221783638,0.04688238725066185,0.029438884928822517,0.05025852471590042,0.04971267655491829,0.050780512392520905,0.03194313496351242,0.026319606229662895,0.013543089851737022,0.02388004958629608,0.0051593598909676075,0.04590831324458122,0.028419693931937218,0.007504452485591173,0.19644969701766968,0.07136262208223343,0.00646502198651433,0.15158452093601227,0.005603743251413107,0.015749407932162285,0.017309028655290604,0.007394034881144762,0.08445871621370316,0.11596471816301346,0.033245231956243515,0.08795887231826782,0.010664084926247597,0.07677233219146729,0.06255829334259033,0.008765548467636108,0.011785145848989487,0.014519764110445976,0.045295022428035736,0.10011111944913864,0.019126078113913536,0.02352617308497429,0.024193845689296722,0.04682999104261398,0.006329023744910955,0.0063958559185266495,0.059224046766757965,,,,,,,,,,,,,,,
unknown,合,32,33,29.566387,29.765892,0.66796875,,0.09876582026481628,0.11337549239397049,0.13733425736427307,0.17350170016288757,0.008712033741176128,0.04816378653049469,0.005714855622500181,0.09138771146535873,0.017504354938864708,0.017312046140432358,0.05129961669445038,0.04677438735961914,0.05537676811218262,0.06902268528938293,0.030220577493309975,0.07126639038324356,0.04122366011142731,0.044296689331531525,0.024922644719481468,0.023040205240249634,0.00812879204750061,0.009972544386982918,0.005955864675343037,0.06398224830627441,0.012180029414594173,0.005990711040794849,0.2563599646091461,0.11878982931375504,0.00954399909824133,0.1968686729669571,0.002945586573332548,0.02003268152475357,0.005150225944817066,0.0039633093401789665,0.12417391687631607,0.16895811259746552,0.047658152878284454,0.12095276266336441,0.005086439661681652,0.08003882318735123,0.06918618828058243,0.009668111801147461,0.020959148183465004,0.009855769574642181,0.04525505006313324,0.13078199326992035,0.026684781536459923,0.010797333903610706,0.020684365183115005,0.08145632594823837,0.00610731728374958,0.0047581191174685955,0.07644006609916687,,,,,,,,,,,,,,,
unknown,線,34,35,29.765892,30.265892,0.46289062,,0.0840388685464859,0.10294925421476364,0.12631694972515106,0.13191097974777222,0.008136835880577564,0.05247414857149124,0.0075678750872612,0.07475422322750092,0.02127797156572342,0.026131074875593185,0.06613028794527054,0.04727097600698471,0.06292441487312317,0.06851938366889954,0.028098490089178085,0.08544151484966278,0.029223503544926643,0.04341687634587288,0.032847315073013306,0.019768761470913887,0.006555650848895311,0.012834522873163223,0.006683111656457186,0.05122216418385506,0.015216833911836147,0.007900579832494259,0.1948394924402237,0.10409665107727051,0.008354688063263893,0.1461334228515625,0.0028760882560163736,0.022195788100361824,0.0069397371262311935,0.003049297956749797,0.09761078655719757,0.1502194106578827,0.052166733890771866,0.09153807163238525,0.007838673889636993,0.09894423186779022,0.0615483783185482,0.01202345360070467,0.019918255507946014,0.017406247556209564,0.04205033555626869,0.13308016955852509,0.020755354315042496,0.014371592551469803,0.020052824169397354,0.060144685208797455,0.008159371092915535,0.0077652703039348125,0.07443109154701233,,,,,,,,,,,,,,,
unknown,人,36,37,32.15995,32.359455,0.9980469,,0.0814390704035759,0.08334694057703018,0.08511561900377274,0.16155751049518585,0.01853063330054283,0.10175663232803345,0.007388456258922815,0.048506464809179306,0.026854855939745903,0.023315805941820145,0.035179268568754196,0.03020785190165043,0.05091070011258125,0.04120408371090889,0.0424678660929203,0.05935510993003845,0.0351015068590641,0.04001644253730774,0.04759853705763817,0.04007384181022644,0.015166223980486393,0.01500744093209505,0.006715842522680759,0.036206264048814774,0.022553080692887306,0.007290475070476532,0.22274582087993622,0.05697391927242279,0.00985012948513031,0.15635694563388824,0.002733095781877637,0.02001400850713253,0.007819045335054398,0.0036657482851296663,0.09569482505321503,0.12751220166683197,0.035996295511722565,0.061448510736227036,0.007671724539250135,0.07938418537378311,0.05464578792452812,0.009731950238347054,0.011994760483503342,0.013108783401548862,0.054144274443387985,0.12063543498516083,0.021279510110616684,0.017091898247599602,0.027372540906071663,0.06794542819261551,0.0073876287788152695,0.00593069801107049,0.06046406179666519,,,,,,,,,,,,,,,
unknown,差,38,39,32.359455,32.51906,0.9946289,,0.09143300354480743,0.11426489055156708,0.127081498503685,0.1748328059911728,0.005491983611136675,0.04360014945268631,0.005214560776948929,0.07803481072187424,0.02501833252608776,0.01734343357384205,0.04980747029185295,0.029332950711250305,0.04072040319442749,0.04874906688928604,0.021895430982112885,0.08687999099493027,0.04193570092320442,0.02937864139676094,0.03043217957019806,0.016505185514688492,0.006647821515798569,0.008744054473936558,0.004129435867071152,0.06423009932041168,0.024662164971232414,0.006285321898758411,0.23387829959392548,0.09942915290594101,0.008664933033287525,0.1912388801574707,0.0017371008871123195,0.027209723368287086,0.009421944618225098,0.0024887651670724154,0.1086539775133133,0.1785278469324112,0.05126402899622917,0.105268195271492,0.004707923159003258,0.09246958047151566,0.0683806836605072,0.01489634532481432,0.02197141759097576,0.010887629352509975,0.034525901079177856,0.17717085778713226,0.03755147010087967,0.01694207452237606,0.021798502653837204,0.1028028279542923,0.006479394156485796,0.00483799958601594,0.06997457891702652,,,,,,,,,,,,,,,
unknown,し,40,41,32.51906,32.758465,0.9951172,,0.10016784071922302,0.09695061296224594,0.15970121324062347,0.13611099123954773,0.00464603491127491,0.0401037372648716,0.004506710451096296,0.06845882534980774,0.017162611708045006,0.023270608857274055,0.07533108443021774,0.051113422960042953,0.05417415127158165,0.07186122983694077,0.02637844905257225,0.09154889732599258,0.024716941639780998,0.037312064319849014,0.023474136367440224,0.021778026595711708,0.005237309727817774,0.006509855389595032,0.005649781785905361,0.03872865438461304,0.008637324906885624,0.005651276092976332,0.26726269721984863,0.09053242206573486,0.0063347467221319675,0.17411591112613678,0.0016470756381750107,0.02301502786576748,0.003475828329101205,0.001786753418855369,0.17055757343769073,0.148529052734375,0.03901952505111694,0.0892120823264122,0.0029259873554110527,0.07487165182828903,0.053565893322229385,0.010161560028791428,0.013093077577650547,0.007866406813263893,0.031724948436021805,0.15080949664115906,0.016650361940264702,0.007420805282890797,0.01561815943568945,0.06742722541093826,0.006613815203309059,0.004998976364731789,0.0594642236828804,,,,,,,,,,,,,,,
unknown,指,42,43,32.758465,33.258465,0.9921875,,0.11169533431529999,0.10972614586353302,0.13067184388637543,0.12960170209407806,0.005310442764312029,0.0454501211643219,0.005883511621505022,0.0737711638212204,0.015582921914756298,0.019098713994026184,0.05133390799164772,0.05379966273903847,0.040393173694610596,0.06509026885032654,0.022738374769687653,0.08633635938167572,0.03721645101904869,0.06150561943650246,0.026166118681430817,0.01687942072749138,0.003818879136815667,0.0072514270432293415,0.00561570143327117,0.046337809413671494,0.009082493372261524,0.005553325638175011,0.3867640197277069,0.08380824327468872,0.009282680228352547,0.288989782333374,0.001890468643978238,0.027291065081954002,0.004686743952333927,0.0014916270738467574,0.17948231101036072,0.17265886068344116,0.03830551728606224,0.07861538976430893,0.0029874362517148256,0.10103616118431091,0.06665107607841492,0.012453166767954826,0.011300945654511452,0.007815620861947536,0.026768136769533157,0.1754119098186493,0.014231614768505096,0.007750538177788258,0.016628293320536613,0.08833429217338562,0.0066242096945643425,0.0039832633920013905,0.08616553992033005,,,,,,,,,,,,,,,
unknown,辛,44,45,38.065296,38.2648,0.9458008,,0.06819222122430801,0.07058016955852509,0.10904663801193237,0.1288495659828186,0.0055232662707567215,0.05260689929127693,0.005683347582817078,0.05126025900244713,0.01953090727329254,0.025774480774998665,0.06200164929032326,0.055582690984010696,0.04823466017842293,0.06070058047771454,0.022142663598060608,0.10408743470907211,0.04475993663072586,0.05536497011780739,0.029759971424937248,0.0157963614910841,0.004575848579406738,0.007616575341671705,0.005273987073451281,0.049102094024419785,0.011766979470849037,0.005022228229790926,0.3323589861392975,0.06894002109766006,0.0073529696092009544,0.24924392998218536,0.0015507049392908812,0.02523895911872387,0.006629477720707655,0.0014832874294370413,0.15478651225566864,0.16076453030109406,0.028561735525727272,0.0870482325553894,0.0035445799585431814,0.09882677346467972,0.06786841154098511,0.017435673624277115,0.009734263643622398,0.007862869650125504,0.0237052533775568,0.20815491676330566,0.0173586905002594,0.009460709057748318,0.0190237145870924,0.09055449813604355,0.005585411097854376,0.00591467646881938,0.09451165050268173,,,,,,,,,,,,,,,
unknown,い,46,47,38.2648,38.7648,0.8666992,,0.0782073438167572,0.06949232518672943,0.11982608586549759,0.11718350648880005,0.006143108010292053,0.055160507559776306,0.005535906180739403,0.0551697202026844,0.01625942438840866,0.026389863342046738,0.06576833128929138,0.07055427879095078,0.05782430246472359,0.07011830061674118,0.026743393391370773,0.09533734619617462,0.0314398892223835,0.06775446981191635,0.026513604447245598,0.02027217671275139,0.004620194900780916,0.00713336979970336,0.006666275206953287,0.041143350303173065,0.007354850880801678,0.00479217479005456,0.3568746745586395,0.07000219076871872,0.007039915304630995,0.24710588157176971,0.0016977634513750672,0.02193252183496952,0.003999128472059965,0.0014422769891098142,0.17584308981895447,0.14567121863365173,0.025220518931746483,0.06479258090257645,0.0029314833227545023,0.09958037734031677,0.060328733175992966,0.012919556349515915,0.007539723999798298,0.006517317146062851,0.027308765798807144,0.1814589500427246,0.011419516988098621,0.006798367016017437,0.017285441979765892,0.07523773610591888,0.005638256203383207,0.005785573273897171,0.09514585137367249,,,,,,,,,,,,,,,
unknown,氷,48,49,43.786224,44.286224,0.9941406,,0.07827385514974594,0.0861685574054718,0.11115332692861557,0.11921580880880356,0.004226314835250378,0.029575353488326073,0.00643053837120533,0.057776935398578644,0.015452581457793713,0.01203644834458828,0.04462471231818199,0.052204761654138565,0.045944154262542725,0.05740290880203247,0.01936800219118595,0.13358174264431,0.03317495808005333,0.07756368070840836,0.01688881777226925,0.0100949602201581,0.003108680248260498,0.007309898734092712,0.004895255900919437,0.09526730328798294,0.007951023988425732,0.005283322650939226,0.45355579257011414,0.07693072408437729,0.004378783982247114,0.35544413328170776,0.0018746209098026156,0.033100005239248276,0.005018531810492277,0.0014055271167308092,0.1340121477842331,0.23575419187545776,0.03989896923303604,0.05256422609090805,0.003916953224688768,0.16270296275615692,0.05401931703090668,0.020875459536910057,0.00952077005058527,0.006244408432394266,0.019486766308546066,0.27133628726005554,0.014825291931629181,0.007015157025307417,0.012528070248663425,0.08275105059146881,0.005299759563058615,0.0047752745449543,0.1593175232410431,,,,,,,,,,,,,,,
unknown,青,50,51,50.13064,50.37005,0.9975586,,0.06566719710826874,0.09299745410680771,0.11920711398124695,0.08774384111166,0.013797199353575706,0.10261786729097366,0.017054269090294838,0.04668471962213516,0.026433506980538368,0.023457618430256844,0.03336741030216217,0.03994295001029968,0.06807591021060944,0.06236525997519493,0.03162014111876488,0.06084839254617691,0.07234398275613785,0.05257844552397728,0.06339272111654282,0.03422620892524719,0.01229480654001236,0.026208054274320602,0.008388389833271503,0.05020929127931595,0.01592376083135605,0.008815240114927292,0.28340497612953186,0.07394174486398697,0.01209043338894844,0.24115608632564545,0.004031541757285595,0.01605191081762314,0.012290487065911293,0.0034127996768802404,0.12059594690799713,0.11511489003896713,0.037428755313158035,0.048096779733896255,0.009482147172093391,0.0873296856880188,0.05305643752217293,0.009334022179245949,0.013195453211665154,0.024652888998389244,0.026668129488825798,0.12450537830591202,0.030224941670894623,0.019244642928242683,0.02408214472234249,0.0419442318379879,0.007636367809027433,0.008998346514999866,0.04877418279647827,,,,,,,,,,,,,,,
unknown,い,52,53,50.37005,50.87005,0.9838867,,0.06366230547428131,0.07503938674926758,0.11914261430501938,0.09104114770889282,0.012772792018949986,0.1006917953491211,0.01258593425154686,0.04443030804395676,0.02304249256849289,0.032460473477840424,0.04459068179130554,0.04763301834464073,0.053639449179172516,0.05903379246592522,0.031093496829271317,0.05234697833657265,0.04014825448393822,0.05164773017168045,0.06700271368026733,0.03594319149851799,0.010408415459096432,0.022677768021821976,0.00671544810757041,0.030223306268453598,0.012342743575572968,0.012127511203289032,0.2493186891078949,0.06049424782395363,0.011559910140931606,0.19286039471626282,0.003365425392985344,0.00988520123064518,0.00791215617209673,0.0031459254678338766,0.13655775785446167,0.08965348452329636,0.029158515855669975,0.045745085924863815,0.010018818080425262,0.07809130102396011,0.048835888504981995,0.006385985761880875,0.009443800896406174,0.027120735496282578,0.027019279077649117,0.09590896964073181,0.01815134845674038,0.015024669468402863,0.024714281782507896,0.03304590657353401,0.011267639696598053,0.008141773752868176,0.041826605796813965,,,,,,,,,,,,,,,
unknown,言,54,55,57.17361,57.29345,0.9873047,,0.04930303618311882,0.08699963241815567,0.10844019800424576,0.0760515108704567,0.005210958421230316,0.04544873908162117,0.01078724768012762,0.03359135985374451,0.02153918892145157,0.02877655439078808,0.050532009452581406,0.02948659658432007,0.028252309188246727,0.044192757457494736,0.020662598311901093,0.10444191098213196,0.04539072886109352,0.04570159688591957,0.024929974228143692,0.01273487787693739,0.004373911302536726,0.01294480636715889,0.0038397719617933035,0.049534618854522705,0.008212561719119549,0.006299211177974939,0.3596074879169464,0.05596822127699852,0.0060636806301772594,0.3001197278499603,0.002068560104817152,0.021397477015852928,0.005737754516303539,0.0012923580361530185,0.09642845392227173,0.18142248690128326,0.04578496888279915,0.06770399212837219,0.00546353729441762,0.10159187763929367,0.03184349462389946,0.012123031541705132,0.011569492518901825,0.018469303846359253,0.021800590679049492,0.1491100937128067,0.01649593934416771,0.008554719388484955,0.009591618552803993,0.030855873599648476,0.005789508111774921,0.008873924612998962,0.0589548796415329,,,,,,,,,,,,,,,
unknown,葉,56,57,57.29345,57.79345,0.9975586,,0.05768735334277153,0.11060283333063126,0.1537129431962967,0.07878846675157547,0.0023783850483596325,0.020899847149848938,0.010744588449597359,0.05057155340909958,0.01827843487262726,0.02066648192703724,0.08575467765331268,0.03830363228917122,0.01609371416270733,0.05398140475153923,0.014923070557415485,0.20657777786254883,0.03768623247742653,0.054590076208114624,0.011710516177117825,0.005499532911926508,0.002201966941356659,0.00932486355304718,0.002728861290961504,0.10380875319242477,0.007876069284975529,0.007072003558278084,0.3842080235481262,0.09200408309698105,0.00441339798271656,0.340369313955307,0.0020296324510127306,0.04430607706308365,0.004892289638519287,0.0010614230995997787,0.09003962576389313,0.28870469331741333,0.0743931233882904,0.08225639164447784,0.005141955800354481,0.14447380602359772,0.044929441064596176,0.03381780907511711,0.02547203190624714,0.01322293933480978,0.014609958976507187,0.2808784544467926,0.02819105237722397,0.006975090596824884,0.0062549542635679245,0.049791526049375534,0.006225771736353636,0.010842753574252129,0.10564316064119339,,,,,,,,,,,,,,,
unknown,紫,58,59,64.803314,64.92315,0.6352539,,0.06717754900455475,0.16188213229179382,0.1783463954925537,0.07331006228923798,0.0016899850452318788,0.012725363485515118,0.017018908634781837,0.05579156056046486,0.03071243315935135,0.011452903971076012,0.0791366696357727,0.031799010932445526,0.012675993144512177,0.043295104056596756,0.011978459544479847,0.21981355547904968,0.03182784095406532,0.047718387097120285,0.0072919526137411594,0.003932702820748091,0.002405695617198944,0.01173174288123846,0.0022848842199891806,0.13334694504737854,0.01608850434422493,0.014043949544429779,0.3881561756134033,0.10346966981887817,0.0033152755349874496,0.3469100892543793,0.002873014658689499,0.07232622802257538,0.00977584533393383,0.0015566328074783087,0.0774834081530571,0.3350059688091278,0.1336423009634018,0.08141832798719406,0.006170943845063448,0.17146234214305878,0.04753284901380539,0.05029122531414032,0.041828494518995285,0.013387996703386307,0.010323373600840569,0.3138423264026642,0.04529436305165291,0.01146350335329771,0.00562535785138607,0.05817125737667084,0.012414597906172276,0.008522521704435349,0.10095814615488052,,,,,,,,,,,,,,,
unknown,陽,60,61,64.92315,65.08294,0.79003906,,0.10556428879499435,0.18679367005825043,0.24112828075885773,0.06945810467004776,0.0018974958220496774,0.012918060645461082,0.012371430173516273,0.07709061354398727,0.018888825550675392,0.01281088124960661,0.08584659546613693,0.04466529190540314,0.028677940368652344,0.07202626764774323,0.015109796077013016,0.20144285261631012,0.022001177072525024,0.05448871850967407,0.008080556988716125,0.005444447509944439,0.0022335832472890615,0.011193843558430672,0.004595464561134577,0.10601142048835754,0.007967040874063969,0.009746148250997066,0.3051166236400604,0.1428946703672409,0.003144623711705208,0.21419675648212433,0.003390018828213215,0.05780525133013725,0.0042697894386947155,0.0014852914027869701,0.08482666313648224,0.28755471110343933,0.149504616856575,0.06327835470438004,0.007162201218307018,0.17480462789535522,0.04312484711408615,0.020860375836491585,0.03967604413628578,0.014322410337626934,0.014928566291928291,0.24062608182430267,0.026720475405454636,0.007493840530514717,0.004862317815423012,0.038045842200517654,0.008313985541462898,0.01218795869499445,0.09308235347270966,,,,,,,,,,,,,,,
unknown,花,62,63,65.08294,65.16283,0.5620117,,0.10609479993581772,0.21205875277519226,0.4293491840362549,0.05718200281262398,0.0009981193579733372,0.008523070253431797,0.012272432446479797,0.08834581077098846,0.017984304577112198,0.010132553055882454,0.12123411893844604,0.04808010905981064,0.025686003267765045,0.07728296518325806,0.009475711733102798,0.22956161201000214,0.019290905445814133,0.03654899820685387,0.005211526528000832,0.0032882466912269592,0.0012881188886240125,0.010079058818519115,0.002798024332150817,0.10380662232637405,0.00687896553426981,0.008749803528189659,0.30995339155197144,0.18277424573898315,0.002335075754672289,0.2023085355758667,0.0031414285767823458,0.05116524547338486,0.0034977395553141832,0.0014106162125244737,0.10323750972747803,0.30177605152130127,0.15630146861076355,0.0918470174074173,0.0066079264506697655,0.15839320421218872,0.034865353256464005,0.01551174744963646,0.036656834185123444,0.012407055124640465,0.007638217881321907,0.2462950050830841,0.01878291927278042,0.005764966830611229,0.003739345585927367,0.03193933144211769,0.006869271397590637,0.009722734801471233,0.06470471620559692,,,,,,,,,,,,,,,
unknown,い,64,65,65.16283,65.66283,0.75927734,,0.0893774926662445,0.1591571718454361,0.43100377917289734,0.07016043365001678,0.0009400600683875382,0.009534173645079136,0.010581349954009056,0.06842311471700668,0.022965945303440094,0.011320623569190502,0.10953003168106079,0.0504622682929039,0.03087509050965309,0.08278220891952515,0.010816900059580803,0.15868821740150452,0.018003713339567184,0.030915476381778717,0.005025024991482496,0.004554400220513344,0.0017038417281582952,0.007871790789067745,0.003461198415607214,0.07514728605747223,0.006981539539992809,0.008874492719769478,0.2854174077510834,0.1687178611755371,0.0028293754439800978,0.16782258450984955,0.0027272175066173077,0.027922948822379112,0.0029246974736452103,0.0013972449814900756,0.12436601519584656,0.22831203043460846,0.10854647308588028,0.06342208385467529,0.00439123110845685,0.10406293720006943,0.02968703769147396,0.00958014652132988,0.03719557449221611,0.008593602105975151,0.011818702332675457,0.17844122648239136,0.026261890307068825,0.005623257718980312,0.0036417325027287006,0.024214791133999825,0.007686710450798273,0.008051684126257896,0.04084112122654915,,,,,,,,,,,,,,,
unknown,右,66,67,67.975,68.475,0.6772461,,0.05622315779328346,0.08237767964601517,0.33296269178390503,0.047972116619348526,0.0011443613329902291,0.010623511858284473,0.010120466351509094,0.03825894743204117,0.0201506856828928,0.01761099137365818,0.15113015472888947,0.1329209953546524,0.07569925487041473,0.11539645493030548,0.01116370502859354,0.12149547785520554,0.026612652465701103,0.04800741747021675,0.003554167691618204,0.004133511800318956,0.0012010735226795077,0.006239190697669983,0.0050863721407949924,0.04246703162789345,0.0028689447790384293,0.00617331825196743,0.22551226615905762,0.14059334993362427,0.0021751103922724724,0.11627297103404999,0.003230453934520483,0.01822817698121071,0.001218777964822948,0.0013158656656742096,0.21062591671943665,0.11114858835935593,0.056019965559244156,0.05654608830809593,0.0037317017558962107,0.05895053595304489,0.0270474161952734,0.007645337842404842,0.027640564367175102,0.0033089122734963894,0.009863639250397682,0.1403823345899582,0.021524230018258095,0.0022999842185527086,0.0034838770516216755,0.019045131281018257,0.005830795504152775,0.004207260441035032,0.03681465610861778,,,,,,,,,,,,,,,
unknown,明,68,69,73.615,73.895004,1.0,,0.062041059136390686,0.08226850628852844,0.33737912774086,0.04889187589287758,0.0011562847066670656,0.008451426401734352,0.008431660011410713,0.044110625982284546,0.01479442697018385,0.013146331533789635,0.1769748330116272,0.10877003520727158,0.05379102751612663,0.1162978932261467,0.011974137276411057,0.18744446337223053,0.028510699048638344,0.05098910629749298,0.0035908028949052095,0.0034890659153461456,0.0011149891652166843,0.0058768135495483875,0.003797421930357814,0.056066207587718964,0.002439423929899931,0.006631545722484589,0.26568326354026794,0.12933509051799774,0.0022257522214204073,0.13396011292934418,0.0027557366993278265,0.030287502333521843,0.0014641243033111095,0.0012488564243540168,0.1936711072921753,0.1519852578639984,0.053522177040576935,0.05926056578755379,0.004009941592812538,0.0847310721874237,0.029180072247982025,0.011677357368171215,0.018964409828186035,0.004436444025486708,0.009668742306530476,0.20567262172698975,0.012997669167816639,0.0023608088959008455,0.0030724157113581896,0.021152915433049202,0.006536791566759348,0.004026041366159916,0.05615226551890373,,,,,,,,,,,,,,,
unknown,る,70,71,73.895004,73.975,0.9946289,,0.04917833209037781,0.06182749196887016,0.31137555837631226,0.048225048929452896,0.0015464312164112926,0.013498032465577126,0.011219611391425133,0.041467901319265366,0.02032558247447014,0.0183639507740736,0.23409290611743927,0.15074370801448822,0.07259857654571533,0.15026411414146423,0.014979042112827301,0.17097923159599304,0.020043091848492622,0.06925957649946213,0.00474622892215848,0.004766299854964018,0.001216576318256557,0.007174289785325527,0.005857235752046108,0.042944226413965225,0.0031342722941190004,0.0070537421852350235,0.2243688553571701,0.13340185582637787,0.0027393167838454247,0.10991647094488144,0.003239420475438237,0.0243013184517622,0.001677040010690689,0.0011850488372147083,0.1823195219039917,0.12356069684028625,0.04034353047609329,0.03884263336658478,0.004230959340929985,0.08527298271656036,0.04013466835021973,0.012471290305256844,0.02114024944603443,0.005195287521928549,0.015499995090067387,0.17471462488174438,0.012626594863831997,0.002995841670781374,0.003871386405080557,0.021058401092886925,0.007003059145063162,0.00580404931679368,0.056613318622112274,,,,,,,,,,,,,,,
unknown,い,72,73,73.975,74.475,0.99853516,,0.052907656878232956,0.06177385896444321,0.3604365587234497,0.05391203612089157,0.001609804225154221,0.014551205560564995,0.009459816850721836,0.04547714442014694,0.020892459899187088,0.02171480469405651,0.2485690712928772,0.14590208232402802,0.07416031509637833,0.17222945392131805,0.017156656831502914,0.17507393658161163,0.024046190083026886,0.05512161925435066,0.005369164515286684,0.005743278190493584,0.0015939391450956464,0.0066626244224607944,0.006034070625901222,0.03884212300181389,0.003662819042801857,0.006298224441707134,0.18325743079185486,0.14835716784000397,0.00336657278239727,0.08434300124645233,0.0030097549315541983,0.024797791615128517,0.0018714884063228965,0.0013827270595356822,0.1832049936056137,0.11556395143270493,0.03656880930066109,0.05112595856189728,0.004123365040868521,0.07907700538635254,0.044736381620168686,0.010835823602974415,0.021076202392578125,0.0055433944799005985,0.01812908984720707,0.17186839878559113,0.01328763272613287,0.003555990057066083,0.003982179798185825,0.020631078630685806,0.00603386340662837,0.005583724472671747,0.04884236305952072,,,,,,,,,,,,,,,
unknown,家,74,75,83.14762,83.64762,0.7661133,,0.035416800528764725,0.03493301942944527,0.3709550201892853,0.045201729983091354,0.0010126796551048756,0.01185571402311325,0.009941762313246727,0.035890545696020126,0.015979710966348648,0.03430621698498726,0.37478381395339966,0.12897419929504395,0.044800322502851486,0.18585838377475739,0.01545778475701809,0.2686592936515808,0.018910808488726616,0.03705047070980072,0.008056622929871082,0.005001952406018972,0.0016213334165513515,0.007847635075449944,0.005112140439450741,0.03093590959906578,0.003257645294070244,0.006121538579463959,0.1495218724012375,0.1111217513680458,0.0022782243322581053,0.06570503860712051,0.0031626832205802202,0.029419047757983208,0.0018540250603109598,0.0015053657116368413,0.15317277610301971,0.10833068937063217,0.022986963391304016,0.07493004947900772,0.005528362933546305,0.057690490037202835,0.048348698765039444,0.019034286960959435,0.011187884956598282,0.010222257114946842,0.016155660152435303,0.20689480006694794,0.0064159054309129715,0.0038033798336982727,0.0042594862170517445,0.018747204914689064,0.005415154155343771,0.011986549943685532,0.04394261911511421,,,,,,,,,,,,,,,
unknown,透,76,77,85.783646,86.063225,0.9248047,,0.03768455982208252,0.04699411988258362,0.2789987325668335,0.04977664723992348,0.0014288907404989004,0.01510440930724144,0.010211874730885029,0.03138621523976326,0.016937101259827614,0.04152834415435791,0.31336450576782227,0.12002427875995636,0.04197745397686958,0.1336805671453476,0.017239637672901154,0.2585759162902832,0.020881077274680138,0.04756702110171318,0.00809867400676012,0.005520951002836227,0.001719329389743507,0.008041899651288986,0.004774497356265783,0.03483108431100845,0.0031397712882608175,0.007047812920063734,0.20339319109916687,0.0913994088768959,0.002078728284686804,0.0993211641907692,0.0027713084127753973,0.03824907913804054,0.001931233098730445,0.0012765072751790285,0.15470539033412933,0.13654282689094543,0.035112250596284866,0.07451287657022476,0.005076905246824026,0.06484977900981903,0.04060725122690201,0.021960005164146423,0.013510366901755333,0.01030532456934452,0.01664840243756771,0.21134154498577118,0.00820431299507618,0.00344711821526289,0.004531198646873236,0.020220112055540085,0.006808286067098379,0.014559912495315075,0.051253437995910645,,,,,,,,,,,,,,,
unknown,明,78,79,86.063225,86.563225,0.9980469,,0.04460299387574196,0.049261175096035004,0.29213282465934753,0.03991594910621643,0.0024514321703463793,0.027378341183066368,0.013513256795704365,0.02986529842019081,0.027133427560329437,0.04258101433515549,0.2605058550834656,0.0801725760102272,0.03966134414076805,0.1344074308872223,0.019128812476992607,0.16804517805576324,0.018882911652326584,0.034329164773225784,0.020677639171481133,0.010108869522809982,0.003579184878617525,0.015414731577038765,0.005460371728986502,0.017805352807044983,0.00828525424003601,0.01655331812798977,0.11110979318618774,0.07895231246948242,0.004087802954018116,0.04544352367520332,0.00317043112590909,0.027886314317584038,0.004549639765173197,0.0018372912891209126,0.12528283894062042,0.07778158783912659,0.03593651205301285,0.06394180655479431,0.012559299357235432,0.05655672401189804,0.05703863874077797,0.018114013597369194,0.018212445080280304,0.030745362862944603,0.01925390586256981,0.14703527092933655,0.012211170047521591,0.009458319284021854,0.007603612262755632,0.01789068803191185,0.014487549662590027,0.015178266912698746,0.029060112312436104,,,,,,,,,,,,,,,
unknown,コ,80,81,92.014244,92.13406,0.99853516,,0.05251485854387283,0.057129520922899246,0.3922289311885834,0.03258673474192619,0.0014246980426833034,0.01735517755150795,0.015366428531706333,0.04169442504644394,0.02343997173011303,0.032926298677921295,0.30118176341056824,0.09687414765357971,0.032388195395469666,0.18655115365982056,0.015391824766993523,0.19613568484783173,0.01590615324676037,0.0364096574485302,0.015356427058577538,0.006999840494245291,0.002451296430081129,0.014358683489263058,0.005881445482373238,0.01953156292438507,0.0075624496676027775,0.017610805109143257,0.10958530008792877,0.10848351567983627,0.0038586067967116833,0.04322396591305733,0.0037900148890912533,0.035042740404605865,0.0042937141843140125,0.0017241454916074872,0.13578708469867706,0.08787907660007477,0.04255526140332222,0.07782302796840668,0.01196957752108574,0.06363628804683685,0.06833311170339584,0.018940219655632973,0.021916324272751808,0.030761251226067543,0.013849706389009953,0.1561237871646881,0.010495403781533241,0.008852566592395306,0.005886043421924114,0.018081489950418472,0.014085358940064907,0.015285149216651917,0.029357271268963814,,,,,,,,,,,,,,,
unknown,ン,82,83,92.13406,92.29382,0.9926758,,0.04713873565196991,0.056862350553274155,0.32379597425460815,0.07276687026023865,0.001348405028693378,0.01704505644738674,0.011181307956576347,0.03253597393631935,0.020659446716308594,0.042309630662202835,0.29008975625038147,0.15696589648723602,0.021089164540171623,0.11522185057401657,0.018998069688677788,0.2839871644973755,0.028911922127008438,0.08442258834838867,0.005749163217842579,0.004956314340233803,0.0018821625271812081,0.0066385287791490555,0.004162942059338093,0.03516598045825958,0.0051189144141972065,0.006678283214569092,0.27973613142967224,0.09336312115192413,0.0032830089330673218,0.13124936819076538,0.0026717791333794594,0.04658162593841553,0.002355828881263733,0.0010368621442466974,0.18373170495033264,0.16568824648857117,0.03988829255104065,0.05401692911982536,0.0038833520375192165,0.11064402014017105,0.04315052926540375,0.02251027710735798,0.015596874058246613,0.006118775345385075,0.020264552906155586,0.2788141667842865,0.011768273077905178,0.003998338244855404,0.003293960588052869,0.02480156347155571,0.006571970414370298,0.011809946969151497,0.06417235732078552,,,,,,,,,,,,,,,
unknown,ビ,84,85,92.29382,92.49352,0.99902344,,0.04152528569102287,0.06283140927553177,0.3823081851005554,0.06003216654062271,0.0011403972748667002,0.010704905726015568,0.008649662137031555,0.04328564554452896,0.015032034367322922,0.027600672096014023,0.2827437222003937,0.09836212545633316,0.0207570381462574,0.11857190728187561,0.015448524616658688,0.28655269742012024,0.03885936364531517,0.046983588486909866,0.00449039600789547,0.0033291010186076164,0.0017671890091151,0.006563727278262377,0.003011641325429082,0.0660969614982605,0.004154637921601534,0.004533618688583374,0.18976114690303802,0.14809048175811768,0.0031616277992725372,0.10006769746541977,0.0023755887523293495,0.041389305144548416,0.0021494345273822546,0.0012393173528835177,0.1244569718837738,0.17080841958522797,0.05025998875498772,0.0643826499581337,0.004308960400521755,0.08225341886281967,0.04236989840865135,0.02046979032456875,0.0323013998568058,0.007263059262186289,0.016925659030675888,0.2616961598396301,0.026630228385329247,0.004060779232531786,0.002778296358883381,0.021620335057377815,0.003743328619748354,0.01643218658864498,0.05507789924740791,,,,,,,,,,,,,,,
unknown,ニ,86,87,92.49352,92.99352,0.91796875,,0.051451753824949265,0.08739681541919708,0.3544311225414276,0.07590185105800629,0.0006792240310460329,0.00621586199849844,0.0056130788289010525,0.04422872141003609,0.012851879931986332,0.02587204985320568,0.2978016138076782,0.08662548661231995,0.01619076170027256,0.10512147843837738,0.014662190340459347,0.3355797827243805,0.0418095737695694,0.03865392133593559,0.0022910914849489927,0.002103781793266535,0.001098601263947785,0.003536964999511838,0.0021764577832072973,0.07650545239448547,0.0028086535166949034,0.004522847943007946,0.23201526701450348,0.14970079064369202,0.002733720000833273,0.12332465499639511,0.0014515997609123588,0.056811556220054626,0.001432100310921669,0.0007545347907580435,0.15593376755714417,0.2298329472541809,0.07850600779056549,0.09676093608140945,0.0025443395134061575,0.07539968192577362,0.03313833847641945,0.020937981083989143,0.04101518169045448,0.004225688986480236,0.012968646362423897,0.28958019614219666,0.02810165472328663,0.00240278709679842,0.0016698238905519247,0.021613769233226776,0.0042245229706168175,0.013304769061505795,0.05302155762910843,,,,,,,,,,,,,,,
unknown,1,88,89,97.86005,98.13959,0.99658203,,0.05736887827515602,0.11410633474588394,0.3136678636074066,0.11578378081321716,0.0010305604664608836,0.00843882467597723,0.007111746817827225,0.04274437204003334,0.016671566292643547,0.022021492943167686,0.10360924154520035,0.06081405282020569,0.014918134547770023,0.05361735820770264,0.011036745272576809,0.1982337087392807,0.07326720654964447,0.047861408442258835,0.00270603084936738,0.0020930226892232895,0.0012225140817463398,0.005114727187901735,0.0019967241678386927,0.10046274960041046,0.004974094685167074,0.005736286751925945,0.4255349636077881,0.11146220564842224,0.004244097508490086,0.2902432382106781,0.001718999119475484,0.053307484835386276,0.0021850394550710917,0.0009812174830585718,0.17105436325073242,0.29389771819114685,0.086167111992836,0.08817841857671738,0.003258607815951109,0.0979873314499855,0.030542150139808655,0.01573706604540348,0.035072170197963715,0.004600632004439831,0.018073759973049164,0.24049526453018188,0.033289261162281036,0.0028792135417461395,0.0027289539575576782,0.04057731479406357,0.00559729989618063,0.008769942447543144,0.06271446496248245,,,,,,,,,,,,,,,
unknown,万,90,91,98.13959,98.379196,0.9145508,,0.06155934929847717,0.080070361495018,0.4042251408100128,0.0713861957192421,0.0010009646648541093,0.008934821002185345,0.006030786782503128,0.05234163627028465,0.010088535957038403,0.02258399687707424,0.22894710302352905,0.1228286623954773,0.014596411027014256,0.09735194593667984,0.016124719753861427,0.27615469694137573,0.06138636916875839,0.07291069626808167,0.0023661330342292786,0.0028468607924878597,0.0012194225564599037,0.0037470762617886066,0.002356381621211767,0.07132195681333542,0.0019673744682222605,0.005618041846901178,0.37475889921188354,0.1334712654352188,0.004501609597355127,0.18262694776058197,0.0015858904225751758,0.059839148074388504,0.0012187466491013765,0.0007950942381285131,0.21291431784629822,0.20733343064785004,0.045577771961688995,0.04168928414583206,0.0022436403669416904,0.08190032094717026,0.03783150389790535,0.020311422646045685,0.019202379509806633,0.002726869424805045,0.016892487183213234,0.3060222268104553,0.016741981729865074,0.0017325315857306123,0.002189571736380458,0.03361597657203674,0.006203125696629286,0.006642747204750776,0.06681827455759048,,,,,,,,,,,,,,,
unknown,円,92,93,98.379196,98.879196,0.9975586,,0.05219346284866333,0.08456737548112869,0.2819715142250061,0.09418145567178726,0.0033399940002709627,0.013851241208612919,0.005190211348235607,0.059330422431230545,0.00954249408096075,0.021974163129925728,0.10100187361240387,0.08476392924785614,0.01569579541683197,0.04298987612128258,0.017859352752566338,0.18955476582050323,0.10005707293748856,0.07384785264730453,0.003003014251589775,0.003661131951957941,0.002892885124310851,0.005670204758644104,0.0015325115527957678,0.13823199272155762,0.002754533663392067,0.00475808372721076,0.4597727358341217,0.1218743622303009,0.005891832057386637,0.31934404373168945,0.001753788092173636,0.031301286071538925,0.0014576665125787258,0.002015521749854088,0.1821625828742981,0.238631933927536,0.04543280601501465,0.056120943278074265,0.004285115748643875,0.1175425574183464,0.026374399662017822,0.013763271272182465,0.01934177801012993,0.002958697499707341,0.01880883052945137,0.27521947026252747,0.03119487501680851,0.002246950753033161,0.00516920629888773,0.05547861009836197,0.004476491827517748,0.006404307205229998,0.11233633011579514,,,,,,,,,,,,,,,
unknown,神,94,95,104.04989,104.28949,0.9995117,,0.06685101985931396,0.08540309220552444,0.3282877504825592,0.0924823135137558,0.0010908350814133883,0.007366667501628399,0.003952637314796448,0.06610904633998871,0.010721337050199509,0.023793505504727364,0.21812430024147034,0.11302448809146881,0.020909644663333893,0.11260715872049332,0.018902411684393883,0.25643420219421387,0.06212055683135986,0.0808190107345581,0.002604607492685318,0.003041480667889118,0.0013449002290144563,0.0028476810548454523,0.0031630746088922024,0.0839567705988884,0.002144034719094634,0.004718253389000893,0.3479425013065338,0.17376399040222168,0.00552193121984601,0.17712557315826416,0.0013409407110884786,0.050327934324741364,0.001348908874206245,0.0008388133719563484,0.2168537676334381,0.2159368097782135,0.05157895386219025,0.04330109804868698,0.0018130992539227009,0.09102290868759155,0.040406566113233566,0.01345871016383171,0.027710985392332077,0.002967166481539607,0.026600446552038193,0.26656681299209595,0.022022631019353867,0.0021286618430167437,0.002706622239202261,0.03820791468024254,0.005515656899660826,0.005216059274971485,0.07787889987230301,,,,,,,,,,,,,,,
unknown,社,96,97,104.28949,104.78949,0.99853516,,0.05420530587434769,0.07377610355615616,0.22442594170570374,0.15833225846290588,0.0024393873754888773,0.016707606613636017,0.004835769068449736,0.042624663561582565,0.018755121156573296,0.03673368692398071,0.14428916573524475,0.08039461821317673,0.03251367807388306,0.08096770942211151,0.02629173919558525,0.17704524099826813,0.06253558397293091,0.06378906220197678,0.005518964026123285,0.006698436103761196,0.00278561282902956,0.004087425302714109,0.004951086826622486,0.06154320016503334,0.004492277279496193,0.004391724243760109,0.32671305537223816,0.11023435741662979,0.007391543127596378,0.18776126205921173,0.0016955046448856592,0.0265863798558712,0.001983280759304762,0.0012260242365300655,0.1938226968050003,0.20460231602191925,0.04635299742221832,0.050921663641929626,0.002582052955403924,0.09824125468730927,0.03323249891400337,0.00835143867880106,0.02359965071082115,0.004208081401884556,0.053117573261260986,0.1991215944290161,0.024416645988821983,0.003699652152135968,0.005011445377022028,0.037725698202848434,0.005167690105736256,0.005615702830255032,0.06636268645524979,,,,,,,,,,,,,,,
unknown,ブ,98,99,110.33726,110.45716,0.69677734,,0.03541995957493782,0.04646824300289154,0.18621240556240082,0.1082320287823677,0.0015600392362102866,0.012557274661958218,0.005813767667859793,0.029915587976574898,0.017339002341032028,0.05813191458582878,0.1956900954246521,0.10474272072315216,0.02963685803115368,0.0749267041683197,0.019024604931473732,0.18726299703121185,0.0678522065281868,0.07476746290922165,0.005027464125305414,0.004248480312526226,0.001860921736806631,0.004500893410295248,0.0043615978211164474,0.04799262806773186,0.0032228061463683844,0.004324603825807571,0.3073936402797699,0.08219954371452332,0.005096960812807083,0.18371911346912384,0.0019950189162045717,0.026975272223353386,0.0020111738704144955,0.0010839133756235242,0.21347332000732422,0.15633569657802582,0.033456042408943176,0.044033702462911606,0.0026253596879541874,0.07642922550439835,0.025857817381620407,0.009421389549970627,0.014248251914978027,0.004989658948034048,0.036494068801403046,0.18042030930519104,0.015930572524666786,0.003097709035500884,0.004262648522853851,0.02548304758965969,0.005308343097567558,0.010169293731451035,0.05901097506284714,,,,,,,,,,,,,,,
unknown,ル,100,101,110.45716,110.537094,0.7558594,,0.04056065157055855,0.051798101514577866,0.14863793551921844,0.11918506771326065,0.001775757409632206,0.01564660482108593,0.005661379545927048,0.03424754738807678,0.01652173139154911,0.06965740025043488,0.21052201092243195,0.1113753691315651,0.027450691908597946,0.08717957884073257,0.02124706842005253,0.20501992106437683,0.06563470512628555,0.07792530953884125,0.006466892547905445,0.004847435746341944,0.0021595454309135675,0.0045434036292135715,0.004841323476284742,0.04968972131609917,0.003735328558832407,0.005244017578661442,0.311196893453598,0.08382280170917511,0.0056490059942007065,0.196574404835701,0.0017571354983374476,0.030204273760318756,0.0022266015876084566,0.001004193676635623,0.2190343588590622,0.16488081216812134,0.03828111290931702,0.0659836158156395,0.0031268156599253416,0.08569963276386261,0.03522469103336334,0.013357640244066715,0.017675980925559998,0.005610685329884291,0.03580253943800926,0.20710794627666473,0.020009977743029594,0.0034877564758062363,0.005081437062472105,0.03337426111102104,0.006184027064591646,0.016454417258501053,0.07225736230611801,,,,,,,,,,,,,,,
unknown,ー,102,103,110.537094,110.657,0.99658203,,0.03636884689331055,0.053326528519392014,0.12882252037525177,0.13374288380146027,0.0013361742021515965,0.012679585255682468,0.004875010810792446,0.028289856389164925,0.015562113374471664,0.06474798172712326,0.19785039126873016,0.08249577134847641,0.01915179006755352,0.05725474655628204,0.018494395539164543,0.23692268133163452,0.0531630702316761,0.06380875408649445,0.004801728297024965,0.003616993548348546,0.0015991347609087825,0.003456349251791835,0.0033312903251498938,0.058807969093322754,0.003215676872059703,0.004034808371216059,0.3594854474067688,0.06612907350063324,0.003954239655286074,0.26078009605407715,0.001411109697073698,0.03131401166319847,0.0016948014963418245,0.0007429635152220726,0.2013113796710968,0.2179669588804245,0.04587697610259056,0.056460797786712646,0.0024232203140854836,0.08884777873754501,0.02730695717036724,0.015307500958442688,0.01702514849603176,0.004066681955009699,0.02884124591946602,0.23741337656974792,0.01838846132159233,0.002519956324249506,0.004134276416152716,0.03516403213143349,0.004933420103043318,0.014470074325799942,0.07583273947238922,,,,,,,,,,,,,,,
unknown,ハ,104,105,110.657,110.77689,0.9995117,,0.02811780385673046,0.05259710177779198,0.1524115651845932,0.1426807940006256,0.0015973179833963513,0.018678469583392143,0.006417163647711277,0.02732469141483307,0.018068373203277588,0.09085112065076828,0.17485550045967102,0.0672050267457962,0.02255113795399666,0.0511491633951664,0.016009066253900528,0.19417017698287964,0.07712287455797195,0.03901296854019165,0.007716696243733168,0.004295088816434145,0.002085351152345538,0.005422631744295359,0.003377538174390793,0.0625467598438263,0.0043010106310248375,0.0032627524342387915,0.32161661982536316,0.07411057502031326,0.004324163310229778,0.2685006558895111,0.0018858395051211119,0.02009464055299759,0.0020946948789060116,0.0010801235912367702,0.18948398530483246,0.21009935438632965,0.043214939534664154,0.05782589688897133,0.003498290665447712,0.0636102557182312,0.02585373818874359,0.009259406477212906,0.018314776942133904,0.005908392369747162,0.03023426979780197,0.1938316822052002,0.022265451028943062,0.003162637585774064,0.005790121853351593,0.0329572819173336,0.0033168974332511425,0.015917664393782616,0.04561680182814598,,,,,,,,,,,,,,,
unknown,ワ,106,107,110.77689,110.8968,0.99365234,,0.01782807894051075,0.039268288761377335,0.08233261853456497,0.12401724606752396,0.0024563539773225784,0.02227550931274891,0.008134107105433941,0.019330842420458794,0.016196496784687042,0.07040895521640778,0.1469605416059494,0.05869647115468979,0.016197405755519867,0.04575251042842865,0.018182825297117233,0.20413577556610107,0.08128869533538818,0.046235859394073486,0.0061354925855994225,0.004677458666265011,0.0028418689034879208,0.006648085545748472,0.002946935361251235,0.08205626904964447,0.004332756623625755,0.002957493532449007,0.3585735559463501,0.05167453736066818,0.003236721269786358,0.33621925115585327,0.0019748667255043983,0.016624044626951218,0.002918593818321824,0.0011173705570399761,0.16011759638786316,0.21942736208438873,0.04038941115140915,0.05035609006881714,0.00358852231875062,0.08365849405527115,0.03061053156852722,0.012247308157384396,0.01477971114218235,0.004547332879155874,0.02233993075788021,0.23644821345806122,0.02561659924685955,0.003650567727163434,0.0052184732630848885,0.033366378396749496,0.002580293919891119,0.025990739464759827,0.062280215322971344,,,,,,,,,,,,,,,
unknown,イ,108,109,110.8968,111.3968,0.9995117,,0.023127548396587372,0.03922167047858238,0.08218380808830261,0.1411830633878708,0.0027579362504184246,0.026772119104862213,0.005620687734335661,0.024307766929268837,0.014741186983883381,0.07565133273601532,0.10993877798318863,0.05501673370599747,0.019168363884091377,0.054296478629112244,0.019209595397114754,0.14584322273731232,0.0932937040925026,0.047062743455171585,0.010186062194406986,0.006480231881141663,0.00341234402731061,0.005644349381327629,0.003797999583184719,0.058026865124702454,0.004720872733741999,0.002727827988564968,0.36748623847961426,0.05289199575781822,0.005270592402666807,0.32500091195106506,0.0015419780975207686,0.012888540513813496,0.0031914093997329473,0.001083143288269639,0.1936602145433426,0.18533921241760254,0.028120264410972595,0.06549391895532608,0.002789911814033985,0.07377011328935623,0.03813444450497627,0.007894538342952728,0.010600830428302288,0.00546506280079484,0.027531657367944717,0.18851856887340546,0.019168337807059288,0.0042570484802126884,0.0076189711689949036,0.044231612235307693,0.002546721138060093,0.01536738034337759,0.05531436204910278,,,,,,,,,,,,,,,
unknown,駐,110,111,123.5394,123.819046,0.61083984,,0.02236664481461048,0.03461236506700516,0.08162686228752136,0.14010527729988098,0.002845817944034934,0.03226084262132645,0.005798580590635538,0.021016879007220268,0.014530129730701447,0.08646433800458908,0.16272760927677155,0.06581536680459976,0.02045598439872265,0.07625074684619904,0.023025665432214737,0.18997320532798767,0.08229180425405502,0.04916262626647949,0.012368788942694664,0.007890072651207447,0.0036553170066326857,0.006083354353904724,0.0045226565562188625,0.04167201370000839,0.004952175542712212,0.003127985866740346,0.2978530526161194,0.04878368228673935,0.004758013412356377,0.21554617583751678,0.001449280185624957,0.016020627692341805,0.0036120139993727207,0.0009375776862725616,0.18500813841819763,0.16165690124034882,0.02889264188706875,0.0836014375090599,0.0034626706037670374,0.07948683202266693,0.044962119311094284,0.010151408612728119,0.009471409022808075,0.006628583185374737,0.031842686235904694,0.2195149064064026,0.014875621534883976,0.004818103741854429,0.007003312464803457,0.03621187433600426,0.0028821630403399467,0.02502788044512272,0.055112890899181366,,,,,,,,,,,,,,,
unknown,射,112,113,123.819046,124.319046,0.71728516,,0.029197780415415764,0.04055066406726837,0.06750298291444778,0.17442643642425537,0.002225508214905858,0.017286546528339386,0.004023303743451834,0.025253603234887123,0.01252850703895092,0.041753098368644714,0.09452034533023834,0.04187340289354324,0.03243179991841316,0.05793606862425804,0.016726695001125336,0.18353398144245148,0.07872289419174194,0.027915775775909424,0.007709213998168707,0.005496974568814039,0.0025902201887220144,0.004114256240427494,0.00408159988000989,0.07196296006441116,0.003519591875374317,0.0020908161532133818,0.3919430375099182,0.049090225249528885,0.0027974273543804884,0.32968461513519287,0.0013323291204869747,0.018147597089409828,0.0020969235338270664,0.001009074505418539,0.2287181168794632,0.24229668080806732,0.029821522533893585,0.0922587439417839,0.0022415199782699347,0.06963688135147095,0.031624868512153625,0.009977863170206547,0.007786352187395096,0.0033786657731980085,0.024089280515909195,0.2579613924026489,0.014025947079062462,0.0027184870559722185,0.008054794743657112,0.06564749777317047,0.0019673085771501064,0.008117916993796825,0.06501459330320358,,,,,,,,,,,,,,,
unknown,テ,114,115,127.77407,127.81402,0.8588867,,0.025310002267360687,0.035770706832408905,0.05418628826737404,0.18610677123069763,0.004579285159707069,0.03734255209565163,0.00657294038683176,0.020916486158967018,0.01795053854584694,0.05829295516014099,0.07573189586400986,0.045958511531353,0.040416985750198364,0.0715499073266983,0.02227795124053955,0.09507013112306595,0.10834193974733353,0.03659888729453087,0.01268770918250084,0.009793536737561226,0.003904478158801794,0.006959112826734781,0.006711829919368029,0.04397496581077576,0.004677195567637682,0.0033623718190938234,0.3536734879016876,0.044542379677295685,0.006243789568543434,0.2906908094882965,0.002020500134676695,0.01076604425907135,0.002595258643850684,0.001293132663704455,0.24079526960849762,0.16562414169311523,0.025865044444799423,0.0880511999130249,0.003629645798355341,0.05079822987318039,0.03665672987699509,0.005986667703837156,0.01070789247751236,0.0052454350516200066,0.04554137960076332,0.14111965894699097,0.019624095410108566,0.0037523978389799595,0.010326673276722431,0.048578955233097076,0.0030247068498283625,0.010017301887273788,0.040787141770124435,,,,,,,,,,,,,,,
unknown,ィ,116,117,127.81402,127.89392,0.8383789,,0.026912624016404152,0.04081062227487564,0.05443457514047623,0.19501110911369324,0.004889317322522402,0.02878454327583313,0.007964055053889751,0.02537081204354763,0.013754945248365402,0.038699645549058914,0.07254385203123093,0.03887313976883888,0.02779199741780758,0.053569670766592026,0.021903255954384804,0.15701299905776978,0.07150599360466003,0.04138728603720665,0.012184982188045979,0.008786019869148731,0.004583257716149092,0.009589361026883125,0.004777516704052687,0.09613446146249771,0.004889600444585085,0.004010965581983328,0.38590893149375916,0.04659800976514816,0.0035009849816560745,0.3668932318687439,0.0029388554394245148,0.015198237262666225,0.00276170508004725,0.0020172216463834047,0.16196757555007935,0.2564150094985962,0.037249647080898285,0.07497816532850266,0.006534561049193144,0.08677061647176743,0.03369685262441635,0.012024162337183952,0.01072760857641697,0.007092976476997137,0.03546545282006264,0.22847981750965118,0.0195779949426651,0.004140565637499094,0.010545757599174976,0.05235268548130989,0.003112876322120428,0.015875402837991714,0.08444828540086746,,,,,,,,,,,,,,,
unknown,ッ,118,119,127.89392,128.01376,0.91845703,,0.030521763488650322,0.04464808106422424,0.052368927747011185,0.1615484207868576,0.004992705769836903,0.027744147926568985,0.008543148636817932,0.030657101422548294,0.011844661086797714,0.04392233490943909,0.07029487937688828,0.031353387981653214,0.025673042982816696,0.04765864834189415,0.020435288548469543,0.16520394384860992,0.05928798019886017,0.03804031386971474,0.013538923114538193,0.008093204349279404,0.003865169594064355,0.010701356455683708,0.004197411239147186,0.11732074618339539,0.0038233473896980286,0.0043521057814359665,0.4074506163597107,0.04706220328807831,0.0036458068061619997,0.42132896184921265,0.0028819728177040815,0.017332615330815315,0.002087249420583248,0.0018230965360999107,0.1384095996618271,0.28926053643226624,0.037763793021440506,0.07227064669132233,0.007637472823262215,0.08432729542255402,0.030743539333343506,0.015974098816514015,0.010900740511715412,0.010201719589531422,0.030777132138609886,0.2228849232196808,0.017956599593162537,0.0035522838588804007,0.010666323825716972,0.05511507764458656,0.0032527048606425524,0.022852808237075806,0.09540096670389175,,,,,,,,,,,,,,,
unknown,シ,120,121,128.01376,128.05371,0.62109375,,0.026553284376859665,0.04171087220311165,0.05147446691989899,0.15431855618953705,0.0066275205463171005,0.03883381932973862,0.011848281137645245,0.026736563071608543,0.01534060388803482,0.055551815778017044,0.06585606932640076,0.03309766948223114,0.03337516635656357,0.0524393692612648,0.02214312180876732,0.13091948628425598,0.06539763510227203,0.0375702902674675,0.018875667825341225,0.010825393721461296,0.00493279006332159,0.015475700609385967,0.005785966292023659,0.09141833335161209,0.005085599608719349,0.004886874463409185,0.3567216098308563,0.04656258970499039,0.004128644708544016,0.36037981510162354,0.003949287347495556,0.015015027485787868,0.003020275617018342,0.0022836856078356504,0.12831749022006989,0.24205096065998077,0.0357113815844059,0.06601681560277939,0.009812504053115845,0.07080066204071045,0.034401241689920425,0.012290459126234055,0.010979230515658855,0.014050773344933987,0.037932414561510086,0.17280414700508118,0.017172375693917274,0.004899634979665279,0.012849039398133755,0.045736830681562424,0.0035276124253869057,0.026054538786411285,0.07069623470306396,,,,,,,,,,,,,,,
unknown,ュ,122,123,128.05371,128.55371,0.63964844,,0.03704841434955597,0.056252460926771164,0.07310274243354797,0.17914357781410217,0.0041547310538589954,0.023863639682531357,0.0076135145500302315,0.03368152678012848,0.015421888791024685,0.03914376348257065,0.0596778579056263,0.031210966408252716,0.02947998233139515,0.050941482186317444,0.020116040483117104,0.1296582818031311,0.05146028846502304,0.031049756333231926,0.01002761535346508,0.008073311299085617,0.0036178240552544594,0.008841530419886112,0.004488627891987562,0.0968230664730072,0.004527276381850243,0.003508186200633645,0.3941817283630371,0.058750949800014496,0.003851591143757105,0.3906554877758026,0.002992014167830348,0.01546392310410738,0.001842621830292046,0.0018996399594470859,0.149201899766922,0.28824755549430847,0.04224821925163269,0.08613613992929459,0.005929445382207632,0.08235248923301697,0.03146383538842201,0.008490209467709064,0.013265167362987995,0.0075667183846235275,0.0356084369122982,0.17772871255874634,0.01772955432534218,0.003520532511174679,0.008802139200270176,0.04925541952252388,0.002537868916988373,0.012602574191987514,0.0711551234126091,,,,,,,,,,,,,,,
unknown,プ,124,125,133.68663,133.80649,0.4333496,,0.0406038798391819,0.05434166640043259,0.0678119882941246,0.16251133382320404,0.005156766157597303,0.02822362631559372,0.006998933386057615,0.03410569950938225,0.013131150975823402,0.0436408594250679,0.06768183410167694,0.03837176039814949,0.038049567490816116,0.05552716553211212,0.022952718660235405,0.11923957616090775,0.05134383961558342,0.03805297240614891,0.010538436472415924,0.008974358439445496,0.0033188792876899242,0.00825397577136755,0.004901710897684097,0.07789768278598785,0.00293627567589283,0.0031828347127884626,0.40826088190078735,0.05642201751470566,0.004313856828957796,0.3791434168815613,0.002726737642660737,0.014925510622560978,0.0012577205197885633,0.001594310742802918,0.16623832285404205,0.26624181866645813,0.035349104553461075,0.0805065855383873,0.0053713382221758366,0.072883240878582,0.029200071468949318,0.007584449835121632,0.010786699131131172,0.007034769747406244,0.040116265416145325,0.15864987671375275,0.012687954120337963,0.0025582637172192335,0.00870185811072588,0.044405657798051834,0.002486529527232051,0.010939854197204113,0.07079174369573593,,,,,,,,,,,,,,,
unknown,ー,126,127,133.80649,133.92633,0.49047852,,0.02515220083296299,0.03790726512670517,0.05118377134203911,0.14401008188724518,0.0042060427367687225,0.02823660895228386,0.009792949073016644,0.022012092173099518,0.012745387852191925,0.052901122719049454,0.0828491672873497,0.03431471064686775,0.020951027050614357,0.044241007417440414,0.020403806120157242,0.165262833237648,0.03684951364994049,0.034657273441553116,0.008937174454331398,0.006643006112426519,0.0027952000964432955,0.00990147702395916,0.003459705738350749,0.07239673286676407,0.003089732490479946,0.0038294587284326553,0.4131786525249481,0.03539743274450302,0.002689976943656802,0.3882576823234558,0.002784623531624675,0.01944546215236187,0.001427513430826366,0.0013652639463543892,0.11710929870605469,0.2827450633049011,0.03135581314563751,0.08379143476486206,0.007128780707716942,0.08180258423089981,0.029126925393939018,0.01571938581764698,0.007089786697179079,0.00786788109689951,0.03497008979320526,0.1948041468858719,0.007374357432126999,0.002442403929308057,0.006792248226702213,0.03866846486926079,0.0028675301000475883,0.024056697264313698,0.08503394573926926,,,,,,,,,,,,,,,
unknown,ル,128,129,133.92633,134.42633,0.38330078,,0.016506217420101166,0.024669326841831207,0.04023203253746033,0.12634631991386414,0.005999656394124031,0.039939507842063904,0.009996077977120876,0.017589639872312546,0.015690676867961884,0.05498239025473595,0.10253219306468964,0.030122336000204086,0.022959159687161446,0.044135645031929016,0.021684469655156136,0.1787562370300293,0.028544673696160316,0.031173506751656532,0.011709294281899929,0.008150116540491581,0.0038299295119941235,0.013265557587146759,0.0034031961113214493,0.06803436577320099,0.004639529623091221,0.004810991231352091,0.3156353831291199,0.030138356611132622,0.002521567977964878,0.2609764039516449,0.002439723815768957,0.015708312392234802,0.0025680894032120705,0.00147632893640548,0.08730096369981766,0.21625308692455292,0.02349335327744484,0.0626860037446022,0.011385497637093067,0.08512317389249802,0.033187150955200195,0.020793290808796883,0.0065457625314593315,0.009897958487272263,0.03437516838312149,0.20227426290512085,0.009276533499360085,0.00399627722799778,0.008837870322167873,0.036426346749067307,0.003385707037523389,0.05593041330575943,0.08830615133047104,,,,,,,,,,,,,,,
unknown,家,130,131,140.69226,140.85204,1.0,,0.011303135193884373,0.015335043892264366,0.02660662867128849,0.07867680490016937,0.008739386685192585,0.06724821776151657,0.012254283763468266,0.012749680317938328,0.011593330651521683,0.07158488780260086,0.1275097280740738,0.0345994234085083,0.016650544479489326,0.0429648831486702,0.024847762659192085,0.19592246413230896,0.012928769923746586,0.036399103701114655,0.02220442332327366,0.010214701294898987,0.003890928579494357,0.017616940662264824,0.003098083660006523,0.04725572094321251,0.003773903474211693,0.005357818212360144,0.27243366837501526,0.019365763291716576,0.0016122555825859308,0.2442704141139984,0.0024246382527053356,0.022440116852521896,0.002540374407544732,0.001291524851694703,0.061647552996873856,0.18655912578105927,0.0179629847407341,0.06162828952074051,0.01454352866858244,0.06966779381036758,0.03740779682993889,0.04775356873869896,0.004521414637565613,0.015873856842517853,0.029421955347061157,0.20995628833770752,0.004744833335280418,0.0038068729918450117,0.011125548742711544,0.032441701740026474,0.0036664109211415052,0.11064907163381577,0.10652166604995728,,,,,,,,,,,,,,,
unknown,族,132,133,140.85204,141.35204,0.9975586,,0.012388110160827637,0.019533654674887657,0.03135748207569122,0.09002590924501419,0.005144005641341209,0.03997070714831352,0.010200667195022106,0.012220787815749645,0.011301283724606037,0.054610949009656906,0.1272614598274231,0.028482481837272644,0.017359592020511627,0.03575015440583229,0.021544737741351128,0.22152869403362274,0.012724175117909908,0.026969509199261665,0.013028310611844063,0.007682312745600939,0.002753023523837328,0.011241845786571503,0.0025643371045589447,0.05112120881676674,0.002831593621522188,0.0032591521739959717,0.32086506485939026,0.018946975469589233,0.0011005817214027047,0.31826281547546387,0.0023006005212664604,0.022498909384012222,0.00160637975204736,0.0011788596166297793,0.07206997275352478,0.22428862750530243,0.021528596058487892,0.0830710232257843,0.0077709234319627285,0.0825851783156395,0.028023526072502136,0.03992244973778725,0.0038977477233856916,0.010313950479030609,0.02398877963423729,0.23816876113414764,0.0036762170493602753,0.002458060858771205,0.008160848170518875,0.03185569494962692,0.0024786326102912426,0.050016969442367554,0.11050337553024292,,,,,,,,,,,,,,,
unknown,病,134,135,146.36453,146.56427,0.99658203,,0.011179699562489986,0.01470187958329916,0.029832128435373306,0.06817682087421417,0.004837648943066597,0.04403160512447357,0.01582786813378334,0.012192598544061184,0.012417631223797798,0.07228896766901016,0.18000157177448273,0.031111648306250572,0.016454219818115234,0.03814409673213959,0.017749030143022537,0.2381383329629898,0.019692420959472656,0.028415435925126076,0.014659145846962929,0.005990832112729549,0.0029392915312200785,0.017154036089777946,0.0029386747628450394,0.042109403759241104,0.0032071948517113924,0.00644333753734827,0.27252888679504395,0.015646010637283325,0.0016323905438184738,0.2364138513803482,0.0028153362218290567,0.030954118818044662,0.002501059090718627,0.0011730242986232042,0.08747997879981995,0.18971510231494904,0.017127111554145813,0.034268636256456375,0.013972570188343525,0.06236564740538597,0.029982732608914375,0.06129596382379532,0.003197141457349062,0.013732313178479671,0.026686184108257294,0.23658344149589539,0.0038557304069399834,0.0030694371089339256,0.009816404432058334,0.03941426798701286,0.005406026728451252,0.08942742645740509,0.07888831943273544,,,,,,,,,,,,,,,
unknown,気,136,137,146.56427,146.6841,0.80029297,,0.013165559619665146,0.021344315260648727,0.029030725359916687,0.08011501282453537,0.0023684885818511248,0.017619118094444275,0.010011081583797932,0.012620816938579082,0.010574420914053917,0.03617582097649574,0.13400475680828094,0.018091844394803047,0.010746059939265251,0.029886730015277863,0.013488012365996838,0.2789882719516754,0.021884463727474213,0.022153278812766075,0.00815931148827076,0.0031163478270173073,0.001609503524377942,0.008121076971292496,0.0019391837995499372,0.0794152021408081,0.0023958433885127306,0.004164402838796377,0.3828616440296173,0.016087450087070465,0.0012269527651369572,0.41168347001075745,0.0016977190971374512,0.03816777467727661,0.0016513003502041101,0.0007278794073499739,0.08397118747234344,0.3525344431400299,0.029514314606785774,0.05140320584177971,0.007026661653071642,0.06615656614303589,0.02789931744337082,0.0743497908115387,0.00550242280587554,0.00896111037582159,0.017390942201018333,0.3014480769634247,0.005221138708293438,0.0020598154515028,0.006353781558573246,0.053971584886312485,0.00367561262100935,0.03530929982662201,0.10382052510976791,,,,,,,,,,,,,,,
unknown,気,138,139,146.6841,147.1841,0.5883789,,0.01777523010969162,0.023017525672912598,0.0360146164894104,0.09244821965694427,0.0015687900595366955,0.01183045469224453,0.008901149034500122,0.018843989819288254,0.00966262724250555,0.024546027183532715,0.1055663675069809,0.020080648362636566,0.015619492158293724,0.0396028570830822,0.011212154291570187,0.2818909287452698,0.01622726581990719,0.025052592158317566,0.007525665685534477,0.0025573677849024534,0.0011280567850917578,0.0067265573889017105,0.0026546260342001915,0.11117015779018402,0.002347470261156559,0.0035168009344488382,0.4354042410850525,0.022645359858870506,0.0011489104945212603,0.472734659910202,0.0017481083050370216,0.03899669274687767,0.0013819118030369282,0.0006433927919715643,0.09640137106180191,0.39846083521842957,0.026026064530014992,0.04914160072803497,0.005665802862495184,0.08124494552612305,0.03138417750597,0.06821418553590775,0.005241837352514267,0.007195878773927689,0.014409982599318027,0.31998297572135925,0.004801624454557896,0.0019055665470659733,0.006161170080304146,0.0699751153588295,0.002885281341150403,0.030603792518377304,0.13887274265289307,,,,,,,,,,,,,,,
unknown,お,140,141,153.0928,153.2527,0.9897461,,0.026037584990262985,0.024045629426836967,0.05639593303203583,0.08626380562782288,0.0017652688547968864,0.017334459349513054,0.010446185246109962,0.026148522272706032,0.012601671740412712,0.040163636207580566,0.1550842523574829,0.040399838238954544,0.03054378740489483,0.06652496010065079,0.014406573958694935,0.25811395049095154,0.011696702800691128,0.03498006612062454,0.009970725513994694,0.0041819228790700436,0.001459757098928094,0.00820006150752306,0.004927069880068302,0.06549371778964996,0.002847280353307724,0.0049771410413086414,0.3546764552593231,0.03233574703335762,0.0017113188514485955,0.29921260476112366,0.0021745902486145496,0.03709954768419266,0.0016663309652358294,0.000695010821800679,0.11828193068504333,0.2734571695327759,0.018714986741542816,0.029548948630690575,0.005769019015133381,0.08468782156705856,0.03935299441218376,0.049296967685222626,0.004312751814723015,0.008250429295003414,0.021520953625440598,0.26462721824645996,0.004052772652357817,0.0026385639794170856,0.00705743720754981,0.05732426419854164,0.004506115335971117,0.04418949410319328,0.10923563688993454,,,,,,,,,,,,,,,
unknown,兄,142,143,153.2527,153.45256,0.9213867,,0.014638669788837433,0.013340860605239868,0.03819835186004639,0.06469643861055374,0.002378772245720029,0.029759034514427185,0.03315040469169617,0.01667356863617897,0.021552788093686104,0.04592883586883545,0.17672501504421234,0.05499867722392082,0.04035821184515953,0.09624619781970978,0.0145577909424901,0.1861175000667572,0.010608818382024765,0.04154341667890549,0.019968871027231216,0.007397013250738382,0.002421420533210039,0.023216689005494118,0.01113580260425806,0.03638419881463051,0.005065110046416521,0.011642372235655785,0.27492836117744446,0.02404179610311985,0.00135697890073061,0.2208373248577118,0.007090026047080755,0.03298500180244446,0.0037946817465126514,0.001421686029061675,0.11472582817077637,0.14488551020622253,0.012548440136015415,0.017998788505792618,0.012143880128860474,0.04792705923318863,0.06418357789516449,0.07233574241399765,0.003600750118494034,0.014526533894240856,0.025188498198986053,0.1962539404630661,0.004017057828605175,0.004955924581736326,0.012768497690558434,0.053042519837617874,0.009561458602547646,0.07227134704589844,0.06894569844007492,,,,,,,,,,,,,,,
unknown,ち,144,145,153.45256,153.49254,0.9941406,,0.011848301626741886,0.012024590745568275,0.045633360743522644,0.07184719294309616,0.0020985219161957502,0.03275715932250023,0.04120054841041565,0.011287192814052105,0.023515775799751282,0.05978492274880409,0.15791559219360352,0.04229104891419411,0.020617151632905006,0.07265140861272812,0.013289855793118477,0.19953653216362,0.018616560846567154,0.03982524201273918,0.01986050233244896,0.005954634863883257,0.0026072117034345865,0.027158062905073166,0.008612683974206448,0.0362345352768898,0.006448877044022083,0.011533992365002632,0.28474313020706177,0.01859777420759201,0.0019836374558508396,0.22643175721168518,0.006678201258182526,0.026236630976200104,0.004477513954043388,0.001205315813422203,0.09534324705600739,0.15781648457050323,0.013538635335862637,0.01760466955602169,0.0173173975199461,0.048411667346954346,0.05364352837204933,0.06630118191242218,0.003949434496462345,0.017176475375890732,0.023499498143792152,0.20998486876487732,0.005163771100342274,0.005685006733983755,0.009131159633398056,0.037956416606903076,0.00865892507135868,0.11511078476905823,0.05711033195257187,,,,,,,,,,,,,,,
unknown,ゃ,146,147,153.49254,153.61246,0.9873047,,0.01629541628062725,0.015426301397383213,0.06014883145689964,0.08535860478878021,0.0013236741069704294,0.019630851224064827,0.016960425302386284,0.016414139419794083,0.017410673201084137,0.03980684280395508,0.16906438767910004,0.04961105063557625,0.043128423392772675,0.11199134588241577,0.012515860609710217,0.19949661195278168,0.022902410477399826,0.03432309255003929,0.00990066584199667,0.00481879897415638,0.001582462340593338,0.010648093186318874,0.008484848774969578,0.04802359640598297,0.0029845309909433126,0.008045048452913761,0.3165912926197052,0.030988160520792007,0.0019465053919702768,0.22192588448524475,0.0027941795997321606,0.02651810273528099,0.0020929528400301933,0.000673346861731261,0.156125009059906,0.181199848651886,0.013660416007041931,0.021950416266918182,0.005875736009329557,0.03594953566789627,0.053106244653463364,0.04837122932076454,0.0056758602149784565,0.006547733675688505,0.022053949534893036,0.21453312039375305,0.008032861165702343,0.002634780015796423,0.006615456659346819,0.049563292413949966,0.007028104737401009,0.04886807128787041,0.05266420170664787,,,,,,,,,,,,,,,
unknown,ん,148,149,153.61246,154.11246,0.9868164,,0.027588771656155586,0.023636268451809883,0.061669789254665375,0.0947217047214508,0.0018434766680002213,0.01858222484588623,0.016148623079061508,0.023400653153657913,0.023260924965143204,0.025672342628240585,0.09623312205076218,0.0496065691113472,0.08734186738729477,0.12536321580410004,0.014923909679055214,0.11173239350318909,0.021597640588879585,0.03849389776587486,0.00953674502670765,0.0073976414278149605,0.0020676369313150644,0.0095756184309721,0.015353316441178322,0.04036642238497734,0.0033455349039286375,0.008582046255469322,0.36864417791366577,0.0389593169093132,0.0025841291062533855,0.2632107436656952,0.00393938273191452,0.025769419968128204,0.0019404588965699077,0.0010605852585285902,0.21740004420280457,0.16719652712345123,0.016231719404459,0.026682062074542046,0.004057505168020725,0.03731433302164078,0.04594175145030022,0.024760358035564423,0.0068030278198421,0.005906915757805109,0.03606128692626953,0.13358528912067413,0.008910134434700012,0.002793467603623867,0.009570050053298473,0.06364208459854126,0.008522719144821167,0.014889630489051342,0.04835771769285202,,,,,,,,,,,,,,,
unknown,猫,150,151,160.80779,161.30779,0.9921875,,0.015512224286794662,0.014791155233979225,0.02896028570830822,0.08298759907484055,0.0032816410530358553,0.03098641335964203,0.05988156795501709,0.01341940276324749,0.030177433043718338,0.036640483886003494,0.07650039345026016,0.04630277678370476,0.09816724061965942,0.12121658027172089,0.01339577604085207,0.07915869355201721,0.023693060502409935,0.03907250240445137,0.01861506514251232,0.008404881693422794,0.0024651987478137016,0.03554995357990265,0.022542081773281097,0.02578783966600895,0.004743537865579128,0.021291669458150864,0.31692469120025635,0.020694296807050705,0.002282071625813842,0.27589043974876404,0.014056967571377754,0.019813043996691704,0.0039908550679683685,0.0023678583092987537,0.19199176132678986,0.12539440393447876,0.013882635161280632,0.030125880613923073,0.016283612698316574,0.028796959668397903,0.05051198974251747,0.03320430591702461,0.003997419960796833,0.02154155634343624,0.0423714779317379,0.09090713411569595,0.004212208557873964,0.004405012354254723,0.01667719893157482,0.04630798101425171,0.01764940284192562,0.027454521507024765,0.03527745231986046,,,,,,,,,,,,,,,
unknown,森,152,153,164.44542,164.94542,0.89697266,,0.018908319994807243,0.025646420195698738,0.03551758453249931,0.08310841023921967,0.001935598673298955,0.017582733184099197,0.03457677364349365,0.014965703710913658,0.026463761925697327,0.04298796132206917,0.0991978794336319,0.04062686860561371,0.062426913529634476,0.10282708704471588,0.011452349834144115,0.10573926568031311,0.025538766756653786,0.03338488191366196,0.009641923941671848,0.004899980500340462,0.0015896325930953026,0.020996060222387314,0.012522484175860882,0.03470958396792412,0.0036261798813939095,0.014738034456968307,0.34990066289901733,0.027072448283433914,0.0019623246043920517,0.2906801998615265,0.0077982330694794655,0.020960448309779167,0.0028998269699513912,0.0014149677008390427,0.1793690323829651,0.17425258457660675,0.027438916265964508,0.05242449417710304,0.011521358974277973,0.036825355142354965,0.04017776623368263,0.022326907142996788,0.007220674306154251,0.016503620892763138,0.029524600133299828,0.10258015990257263,0.006259366869926453,0.0034035458229482174,0.008195527829229832,0.03251693770289421,0.012037686072289944,0.03599093481898308,0.03591812402009964,,,,,,,,,,,,,,,
unknown,赤,154,155,171.29146,171.45123,0.9946289,,0.017895592376589775,0.02661198563873768,0.041457656770944595,0.057469066232442856,0.0029449413996189833,0.03226272761821747,0.05076146498322487,0.015514828264713287,0.0203644260764122,0.05244050920009613,0.11765232682228088,0.06284341961145401,0.06475470215082169,0.11342483758926392,0.011781035922467709,0.1260795295238495,0.04093783348798752,0.04966689646244049,0.01810954138636589,0.005629970692098141,0.0017174952663481236,0.0299261175096035,0.011624821461737156,0.035337723791599274,0.003830396104604006,0.013583690859377384,0.3304925262928009,0.02811569720506668,0.002363126026466489,0.33394908905029297,0.008695236407220364,0.027825703844428062,0.004727032966911793,0.0014089284231886268,0.17010623216629028,0.17032070457935333,0.02573370561003685,0.06549094617366791,0.013135239481925964,0.04401468485593796,0.04939425736665726,0.041342247277498245,0.006186297163367271,0.022489046677947044,0.016407104209065437,0.14075106382369995,0.005091983359307051,0.004311196506023407,0.009792555123567581,0.036400314420461655,0.011116945184767246,0.03259254992008209,0.047835610806941986,,,,,,,,,,,,,,,
unknown,本,156,157,171.45123,171.95123,0.8276367,,0.011857804842293262,0.014394559897482395,0.03310668468475342,0.06964816153049469,0.0023725905921310186,0.023770233616232872,0.026872601360082626,0.012100139632821083,0.016955310478806496,0.05570577085018158,0.14396798610687256,0.075924813747406,0.04244641214609146,0.047454629093408585,0.01247320231050253,0.18070437014102936,0.013687687925994396,0.04651840776205063,0.008949318900704384,0.003880832577124238,0.0013882805360481143,0.014295801520347595,0.004263798240572214,0.039567239582538605,0.003364497097209096,0.006406471133232117,0.3509753346443176,0.018950235098600388,0.0008367643458768725,0.37668901681900024,0.004859633278101683,0.04195386543869972,0.0026636491529643536,0.00140845263376832,0.12526901066303253,0.18466344475746155,0.011366979219019413,0.04965945705771446,0.005678446497768164,0.05747592821717262,0.030853228643536568,0.10768444836139679,0.0020484458655118942,0.008670169860124588,0.01893952302634716,0.21924729645252228,0.0019649427849799395,0.0025581163354218006,0.009074242785573006,0.04723115637898445,0.007054497487843037,0.01772644929587841,0.11121588945388794,,,,,,,,,,,,,,,
unknown,ボ,158,159,175.72533,175.84515,0.9873047,,0.02019570767879486,0.021640721708536148,0.0402526929974556,0.08086889237165451,0.005449207499623299,0.07068401575088501,0.04381100460886955,0.017499616369605064,0.03119940683245659,0.05195486918091774,0.11255702376365662,0.06085032969713211,0.08620153367519379,0.10764004290103912,0.016922976821660995,0.0856315940618515,0.027813266962766647,0.04354487359523773,0.0318647138774395,0.012795989401638508,0.0027590247336775064,0.02683781459927559,0.01445204671472311,0.01691041700541973,0.007190010976046324,0.010230290703475475,0.2724858820438385,0.023795917630195618,0.003803923027589917,0.2610883116722107,0.008706685155630112,0.030572550371289253,0.0056813121773302555,0.0017558364197611809,0.196282297372818,0.11869243532419205,0.013130777515470982,0.0439547561109066,0.007219534832984209,0.03763647377490997,0.06767778843641281,0.03569624572992325,0.004038491286337376,0.0206153504550457,0.042525600641965866,0.11212226003408432,0.003878513816744089,0.005859467666596174,0.018912052735686302,0.052971433848142624,0.01043129712343216,0.01578059419989586,0.035811252892017365,,,,,,,,,,,,,,,
unknown,ー,160,161,175.84515,175.965,0.97558594,,0.018206708133220673,0.01769276149570942,0.03847138583660126,0.06270474940538406,0.005903617013245821,0.09523867070674896,0.05436842143535614,0.014790943823754787,0.04306837171316147,0.06816603243350983,0.12369054555892944,0.05299725756049156,0.09594099968671799,0.12137829512357712,0.01798647828400135,0.08503781259059906,0.022697847336530685,0.03754997253417969,0.0549139678478241,0.016190657392144203,0.0031253648921847343,0.0354761928319931,0.01982850581407547,0.0105085838586092,0.010786917060613632,0.013518559746444225,0.20639929175376892,0.019338177517056465,0.004685538355261087,0.17916883528232574,0.00900121871381998,0.03284924104809761,0.009969509206712246,0.001578698167577386,0.162568137049675,0.09438128024339676,0.010640041902661324,0.03729953244328499,0.010478836484253407,0.03492351621389389,0.09013552963733673,0.03972829878330231,0.002978480886667967,0.03663571923971176,0.04269155487418175,0.09859125316143036,0.0022241803817451,0.009751912206411362,0.023541616275906563,0.0483149029314518,0.013481631875038147,0.021200520917773247,0.02852046489715576,,,,,,,,,,,,,,,
unknown,ル,162,163,175.965,176.12477,0.99316406,,0.016277840360999107,0.01666097342967987,0.04517534375190735,0.060417596250772476,0.0029465521220117807,0.06697466969490051,0.06546807289123535,0.013183552771806717,0.05135614424943924,0.11095692962408066,0.18815045058727264,0.09129910171031952,0.0816272720694542,0.16724197566509247,0.01714959554374218,0.08874112367630005,0.01643342152237892,0.04825758934020996,0.03590762987732887,0.013183596543967724,0.00235684122890234,0.030497075989842415,0.023858025670051575,0.007644824683666229,0.011154672130942345,0.013457351364195347,0.1648128628730774,0.025419889017939568,0.0036733958404511213,0.13027867674827576,0.010885275900363922,0.025027094408869743,0.008347154594957829,0.001306714490056038,0.16378764808177948,0.06752926856279373,0.010894411243498325,0.051840830594301224,0.008367356844246387,0.03212539479136467,0.0885520651936531,0.034770578145980835,0.004064283333718777,0.03209853172302246,0.03532468527555466,0.08037576079368591,0.002708219224587083,0.009741682559251785,0.012889313511550426,0.026234818622469902,0.012955592945218086,0.036142800003290176,0.023528598248958588,,,,,,,,,,,,,,,
unknown,ペ,164,165,176.12477,176.24461,0.95751953,,0.0204214695841074,0.023402148857712746,0.05470951646566391,0.0736500471830368,0.002443617908284068,0.04663962870836258,0.059607867151498795,0.015410030260682106,0.045717496424913406,0.07270827889442444,0.1619933843612671,0.0865091010928154,0.08737748861312866,0.18154369294643402,0.01606643944978714,0.10579738020896912,0.018722768872976303,0.04524696618318558,0.022265302017331123,0.010504632256925106,0.0021667294204235077,0.025664618238806725,0.022515365853905678,0.012272381223738194,0.009781921282410622,0.012232005596160889,0.2087208330631256,0.031083853915333748,0.0029498888179659843,0.1650141477584839,0.009919537231326103,0.032242342829704285,0.00717012956738472,0.0013136288616806269,0.18666879832744598,0.10650551319122314,0.018375786021351814,0.07980040460824966,0.007587589789181948,0.03764493390917778,0.07863600552082062,0.03276386111974716,0.00607716478407383,0.0213080495595932,0.02861662395298481,0.09942102432250977,0.0035524251870810986,0.007898486219346523,0.009801643900573254,0.031162943691015244,0.010695623233914375,0.03360995277762413,0.027593757957220078,,,,,,,,,,,,,,,
unknown,ン,166,167,176.24461,176.74461,0.73095703,,0.035123810172080994,0.037653110921382904,0.07130489498376846,0.07959063351154327,0.0019403676269575953,0.03680115193128586,0.033624276518821716,0.023007072508335114,0.02752523310482502,0.050601776689291,0.15052877366542816,0.07271110266447067,0.058163631707429886,0.1139877438545227,0.014101219363510609,0.16409146785736084,0.01903272233903408,0.05283704027533531,0.016634397208690643,0.006830892059952021,0.0015265071997419,0.014863980934023857,0.012242387048900127,0.02168915793299675,0.006913695950061083,0.007833444513380527,0.2993084192276001,0.033105380833148956,0.003194589866325259,0.2518433630466461,0.0048831431195139885,0.04904845356941223,0.004655354656279087,0.0007259586127474904,0.1763886958360672,0.17733386158943176,0.022313611581921577,0.04403252527117729,0.004709796980023384,0.0768766701221466,0.07014181464910507,0.042795579880476,0.004798380192369223,0.011979940347373486,0.019619669765233994,0.1886257380247116,0.0033870460465550423,0.005314860958606005,0.007713325787335634,0.04857835918664932,0.007844946347177029,0.022141585126519203,0.05540919676423073,,,,,,,,,,,,,,,
unknown,一,168,169,185.20668,185.70668,0.59814453,,0.02454071305692196,0.031799204647541046,0.04716449975967407,0.07315551489591599,0.0025932881981134415,0.0435660220682621,0.04266609251499176,0.017286306247115135,0.025369098410010338,0.04317720979452133,0.10242869704961777,0.0443229079246521,0.03550894930958748,0.0600103922188282,0.012623376213014126,0.16138212382793427,0.017784539610147476,0.0538015216588974,0.019955292344093323,0.006045388523489237,0.00154061708599329,0.01915346458554268,0.008402833715081215,0.03023778647184372,0.007166448049247265,0.007970161736011505,0.3912058472633362,0.020344538614153862,0.0025666633155196905,0.40432092547416687,0.004957973957061768,0.05998491495847702,0.005680945701897144,0.0007246106397360563,0.12205132842063904,0.24292777478694916,0.0219463799148798,0.03233988955616951,0.005560525227338076,0.07608871161937714,0.058111514896154404,0.07134857773780823,0.0035950017627328634,0.014400308020412922,0.016580963507294655,0.19601194560527802,0.0025696521624922752,0.005289158783853054,0.008903703652322292,0.058413852006196976,0.007979878224432468,0.027214881032705307,0.07258082926273346,,,,,,,,,,,,,,,
unknown,広,170,171,188.16231,188.40195,0.95166016,,0.0380522646009922,0.04088445007801056,0.0814644992351532,0.0986144095659256,0.00106537202373147,0.02098524570465088,0.021765800192952156,0.025440307334065437,0.01995992660522461,0.0290349330753088,0.11144009232521057,0.057793449610471725,0.029057981446385384,0.09053007513284683,0.010919350199401379,0.19428452849388123,0.020995918661355972,0.06422749161720276,0.012479107826948166,0.0041731917299330235,0.000994895352050662,0.009575237520039082,0.007670375518500805,0.033206913620233536,0.005774456541985273,0.007225016597658396,0.44691380858421326,0.03170695900917053,0.0028374583926051855,0.3816608786582947,0.003474254859611392,0.06626613438129425,0.004003606736660004,0.000562994449865073,0.1731308400630951,0.2651332914829254,0.025887474417686462,0.04744348302483559,0.0037964857183396816,0.10273623466491699,0.06568796187639236,0.047861676663160324,0.0042060441337525845,0.009138057939708233,0.01829717680811882,0.24667583405971527,0.002689352026209235,0.00403992272913456,0.0058110360987484455,0.062467943876981735,0.0074002705514431,0.013416476547718048,0.08544301241636276,,,,,,,,,,,,,,,
unknown,い,172,173,188.40195,188.90195,0.9980469,,0.027810975909233093,0.02765785902738571,0.062078509479761124,0.09746737033128738,0.0016491974238306284,0.03642980009317398,0.033614564687013626,0.0171491801738739,0.04386511817574501,0.047421399503946304,0.11159700900316238,0.059738047420978546,0.057290539145469666,0.0932522639632225,0.012991132214665413,0.14437341690063477,0.022809810936450958,0.05635325610637665,0.018411340191960335,0.007544125430285931,0.00157478719484061,0.014135249890387058,0.014349597506225109,0.020008260384202003,0.010645361617207527,0.007556898053735495,0.3764306902885437,0.025711864233016968,0.0032604457810521126,0.29605504870414734,0.00516866659745574,0.044406577944755554,0.006599245127290487,0.000726163387298584,0.19291386008262634,0.16759341955184937,0.015477115288376808,0.030883509665727615,0.004073238465934992,0.07315222918987274,0.06678242981433868,0.03613877668976784,0.0033999637234956026,0.010033945553004742,0.024645401164889336,0.17743279039859772,0.0032080032397061586,0.006437039468437433,0.009073551744222641,0.05766284093260765,0.00793574471026659,0.01685313694179058,0.05252760648727417,,,,,,,,,,,,,,,
unknown,カ,174,175,193.93001,194.05,0.9814453,,0.04907580092549324,0.05574021115899086,0.08792471140623093,0.10335123538970947,0.0022264933213591576,0.03487306833267212,0.0324304923415184,0.037051666527986526,0.020145978778600693,0.03443938121199608,0.08592081069946289,0.05355594679713249,0.03944283351302147,0.08540444076061249,0.013670193031430244,0.16533678770065308,0.04231199994683266,0.05568750947713852,0.020089972764253616,0.007608391344547272,0.002308914437890053,0.017558882012963295,0.009821541607379913,0.042411159723997116,0.0066077751107513905,0.00989301037043333,0.4592324197292328,0.0395512692630291,0.004482323303818703,0.42330440878868103,0.006454399321228266,0.060940220952034,0.005264919716864824,0.0013078146148473024,0.19308707118034363,0.24987123906612396,0.02762262336909771,0.04345551133155823,0.006052990444004536,0.08536524325609207,0.059420499950647354,0.041996948421001434,0.004376991651952267,0.014026686549186707,0.02376747317612171,0.22816656529903412,0.004373497795313597,0.005296407267451286,0.010516677051782608,0.07748539745807648,0.00996478833258152,0.015578784048557281,0.06911110132932663,,,,,,,,,,,,,,,
unknown,ラ,176,177,194.05,194.17,0.9946289,,0.03955194726586342,0.04658041149377823,0.10385963320732117,0.1035948097705841,0.0019168336875736713,0.0276196226477623,0.022189784795045853,0.029180804267525673,0.02201133407652378,0.06202932819724083,0.14995791018009186,0.08330515027046204,0.03831356763839722,0.1074371486902237,0.019688431173563004,0.20129281282424927,0.04982174187898636,0.05286001041531563,0.010953267104923725,0.008139175362884998,0.002812296384945512,0.010618457570672035,0.008956989273428917,0.030662309378385544,0.005449080374091864,0.006010872777551413,0.36640188097953796,0.04701516404747963,0.0036167153157293797,0.30356404185295105,0.005148302298039198,0.056443411856889725,0.0041152071207761765,0.0013319654390215874,0.22810503840446472,0.20148253440856934,0.02401972934603691,0.05931142717599869,0.0030138196889311075,0.07643865048885345,0.05316222831606865,0.029200049117207527,0.004476800560951233,0.008890478871762753,0.03263670578598976,0.22489947080612183,0.004600550048053265,0.004601509775966406,0.006652154494076967,0.04792199283838272,0.006643964443355799,0.011536971665918827,0.05431463569402695,,,,,,,,,,,,,,,
unknown,ス,178,179,194.17,194.67,0.9633789,,0.039633817970752716,0.04511003941297531,0.10014592111110687,0.07886822521686554,0.0021731730084866285,0.029818549752235413,0.032989658415317535,0.02928643301129341,0.019496802240610123,0.07651414722204208,0.1600356251001358,0.0810558944940567,0.04779103025794029,0.13865278661251068,0.018814919516444206,0.20784561336040497,0.0630929172039032,0.0501234270632267,0.014340128749608994,0.008124305866658688,0.0028487020172178745,0.016209149733185768,0.01191423088312149,0.031451694667339325,0.004393649287521839,0.008810526691377163,0.33033087849617004,0.047729555517435074,0.004394502844661474,0.27190977334976196,0.006514662876725197,0.05178253725171089,0.004103255458176136,0.0013719303533434868,0.22262313961982727,0.19063951075077057,0.02364492043852806,0.06624572724103928,0.005552240647375584,0.06219823285937309,0.052161186933517456,0.03363420441746712,0.004519142676144838,0.015321093611419201,0.023977966979146004,0.20858611166477203,0.0044457265175879,0.004696759395301342,0.006914379540830851,0.0403461828827858,0.008657736703753471,0.020720334723591805,0.04737948998808861,,,,,,,,,,,,,,,
unknown,腕,180,181,199.93,200.43,0.9399414,,0.03549772873520851,0.05067132040858269,0.07275233417749405,0.08058420568704605,0.004241785500198603,0.056495487689971924,0.051077283918857574,0.0258803553879261,0.031214451417326927,0.08018823713064194,0.08080285787582397,0.052182890474796295,0.06218896433711052,0.11274467408657074,0.01980719342827797,0.10611779987812042,0.07813502848148346,0.038812752813100815,0.02405187115073204,0.012957175262272358,0.003452375065535307,0.02682516723871231,0.01562565378844738,0.027609072625637054,0.006253021769225597,0.009342248551547527,0.35539698600769043,0.04292495176196098,0.007176992949098349,0.34918853640556335,0.009812339209020138,0.03392073139548302,0.004939139820635319,0.0017101815901696682,0.20189446210861206,0.17186656594276428,0.023446662351489067,0.059776220470666885,0.00775416474789381,0.04564063251018524,0.047721438109874725,0.017428426072001457,0.005748034920543432,0.020733917132019997,0.03038811683654785,0.1174631416797638,0.005947650410234928,0.005988824646919966,0.009985067881643772,0.03510235249996185,0.008136183954775333,0.018698913976550102,0.028392814099788666,,,,,,,,,,,,,,,
unknown,緑,182,183,207.05,207.55,0.9970703,,0.04778903350234032,0.05945915728807449,0.12926293909549713,0.07599733024835587,0.0025567139964550734,0.027711179107427597,0.014500078745186329,0.037306394428014755,0.017262673005461693,0.06759317964315414,0.14674553275108337,0.05857361480593681,0.07587824016809464,0.12576110661029816,0.01829046942293644,0.16203351318836212,0.060396160930395126,0.02339995466172695,0.018255358561873436,0.010608203709125519,0.0035070220474153757,0.012361024506390095,0.008411724120378494,0.02865482121706009,0.003553844755515456,0.004807051736861467,0.2578325569629669,0.0643615871667862,0.0035223830491304398,0.19914741814136505,0.004398655146360397,0.031241342425346375,0.002617990830913186,0.0018444717861711979,0.21741622686386108,0.1747419536113739,0.025294717401266098,0.14133578538894653,0.004595596808940172,0.040782250463962555,0.04225470498204231,0.013854485005140305,0.005612320266664028,0.017378538846969604,0.018312426283955574,0.15542034804821014,0.005022894125431776,0.0040555489249527454,0.009403901174664497,0.037416547536849976,0.004435115493834019,0.00850601028650999,0.029673559591174126,,,,,,,,,,,,,,,
unknown,包,184,185,212.6196,212.89923,0.99316406,,0.0448831282556057,0.0540185309946537,0.11221213638782501,0.07250474393367767,0.0017545499140396714,0.02228979580104351,0.01147652231156826,0.03340666741132736,0.01808498054742813,0.08246153593063354,0.10809527337551117,0.032166965305805206,0.062264930456876755,0.08584601432085037,0.01551375724375248,0.17279475927352905,0.0800459161400795,0.016947131603956223,0.019566264003515244,0.007720092311501503,0.0028162566013634205,0.009118511341512203,0.007950832135975361,0.03141332417726517,0.003726438619196415,0.003751254640519619,0.32956400513648987,0.04665245860815048,0.004714022856205702,0.26443979144096375,0.002347794361412525,0.040807925164699554,0.004302210174500942,0.0009345801081508398,0.20912857353687286,0.2254730761051178,0.020859312266111374,0.07918956875801086,0.0029757514130324125,0.0354786291718483,0.03532019630074501,0.012244852259755135,0.002889743773266673,0.014798155054450035,0.017783446237444878,0.16198578476905823,0.0028223921544849873,0.004816754721105099,0.008475988171994686,0.04539494216442108,0.003967731259763241,0.011588817462325096,0.026589566841721535,,,,,,,,,,,,,,,
unknown,丁,186,187,212.89923,213.39923,0.9995117,,0.04788115620613098,0.07282630354166031,0.1114392802119255,0.11579076200723648,0.004683996085077524,0.051646798849105835,0.023696038872003555,0.026216590777039528,0.04095318540930748,0.1011313647031784,0.048730067908763885,0.04316765442490578,0.1318425089120865,0.09955106675624847,0.021289438009262085,0.06756226718425751,0.13426604866981506,0.029848173260688782,0.03275902196764946,0.01726658269762993,0.004320711828768253,0.018972983583807945,0.016897214576601982,0.023155976086854935,0.008234345354139805,0.0038156257942318916,0.32025957107543945,0.062415383756160736,0.008891163393855095,0.25576457381248474,0.005747638177126646,0.01466546580195427,0.005713129416108131,0.0017948036547750235,0.20525714755058289,0.15717579424381256,0.025844598188996315,0.1273818463087082,0.00452963775023818,0.03530154377222061,0.030013689771294594,0.003561381483450532,0.006127332337200642,0.025502555072307587,0.024910207837820053,0.07178477197885513,0.006226424127817154,0.008230098523199558,0.010284720920026302,0.022147195413708687,0.003338851733133197,0.00639312295243144,0.016878845170140266,,,,,,,,,,,,,,,
unknown,お,188,189,217.45328,217.57312,0.99316406,,0.06236177310347557,0.07846927642822266,0.13446210324764252,0.112061507999897,0.003214572323486209,0.02721264772117138,0.01261140126734972,0.04670977592468262,0.02021944150328636,0.07165451347827911,0.06037434563040733,0.0554816834628582,0.13260313868522644,0.12011703848838806,0.01870984584093094,0.07521378248929977,0.07459843158721924,0.024883026257157326,0.01932879164814949,0.012566544115543365,0.0034879883751273155,0.012039799243211746,0.013028759509325027,0.03257499635219574,0.0038780244067311287,0.0027950480580329895,0.30377596616744995,0.09330888837575912,0.004989935550838709,0.2556767165660858,0.0049172514118254185,0.01253935694694519,0.002155228750780225,0.0021690160501748323,0.23362936079502106,0.1738264113664627,0.024006851017475128,0.14834092557430267,0.0032992747146636248,0.03484516963362694,0.031289443373680115,0.0030732424929738045,0.006162905599921942,0.01624229922890663,0.01928899437189102,0.0789174735546112,0.0054474142380058765,0.004287781193852425,0.01036653108894825,0.029309552162885666,0.0023075405042618513,0.004708637949079275,0.021941883489489555,,,,,,,,,,,,,,,
unknown,皿,190,191,217.57312,218.07312,0.90283203,,0.05643937736749649,0.07532510906457901,0.082993283867836,0.13014565408229828,0.002448239829391241,0.01601910963654518,0.00615931861102581,0.03301118686795235,0.025834236294031143,0.053942564874887466,0.04958442598581314,0.035226110368967056,0.1460951864719391,0.07338210940361023,0.017834734171628952,0.055957257747650146,0.09408985078334808,0.020266229286789894,0.009842853993177414,0.009595661424100399,0.0034854793921113014,0.00598290516063571,0.01164582185447216,0.024357331916689873,0.003479671198874712,0.0023235706612467766,0.3146926462650299,0.05868962034583092,0.005200213752686977,0.23698790371418,0.0026824341621249914,0.00987764447927475,0.0019819338340312243,0.0016157686477527022,0.27917733788490295,0.1511445939540863,0.025932706892490387,0.10904713720083237,0.0017639020225033164,0.037104882299900055,0.018679054453969002,0.0015682438388466835,0.004549847915768623,0.007849596440792084,0.02566867507994175,0.06114215776324272,0.005700644571334124,0.0035883302334696054,0.009608474560081959,0.03155706822872162,0.002675339113920927,0.0024124346673488617,0.01867026649415493,,,,,,,,,,,,,,,
unknown,9,192,193,224.5389,224.65872,0.95947266,,0.039805978536605835,0.05205833539366722,0.061179447919130325,0.13982249796390533,0.0034483131021261215,0.026307158172130585,0.004685740452259779,0.02519112452864647,0.025143776088953018,0.06858400255441666,0.05849219113588333,0.034773118793964386,0.14916877448558807,0.06705514341592789,0.023173898458480835,0.04882042109966278,0.11525613069534302,0.01933331973850727,0.014395364560186863,0.015140281990170479,0.00460183946415782,0.005313831381499767,0.011677275411784649,0.015449073165655136,0.0033506436739116907,0.0019038263708353043,0.29857537150382996,0.04245347902178764,0.006441818550229073,0.19890069961547852,0.0018957750871777534,0.00747739989310503,0.002424870617687702,0.001443682936951518,0.2812953591346741,0.11735973507165909,0.01642114669084549,0.10271715372800827,0.0012713391333818436,0.027651064097881317,0.022108329460024834,0.0012944843620061874,0.002449385356158018,0.007069699931889772,0.032254140824079514,0.053387630730867386,0.0032688190694898367,0.003840008983388543,0.01297254953533411,0.03366776183247566,0.0025996037293225527,0.002006266266107559,0.015273953787982464,,,,,,,,,,,,,,,
unknown,時,194,195,224.65872,224.85841,0.82128906,,0.03411121293902397,0.062269002199172974,0.0687735304236412,0.11274055391550064,0.0021343303378671408,0.013285772874951363,0.004495665896683931,0.024856355041265488,0.015708059072494507,0.06547249853610992,0.08704239875078201,0.05181083455681801,0.06334757804870605,0.06088263913989067,0.020758872851729393,0.0989832878112793,0.15668416023254395,0.03843029960989952,0.005639157257974148,0.0066523379646241665,0.002744448371231556,0.004112343303859234,0.005164986941963434,0.04578353464603424,0.0018756018253043294,0.0019408556399866939,0.38360950350761414,0.062352728098630905,0.0038507108110934496,0.3003900349140167,0.001559327938593924,0.014307682402431965,0.00205455394461751,0.0010180118260905147,0.22839966416358948,0.19133004546165466,0.036250364035367966,0.09637749195098877,0.0013115101028233767,0.036929428577423096,0.016668811440467834,0.002756995614618063,0.006554177030920982,0.004368938039988279,0.023347025737166405,0.09546345472335815,0.008309327065944672,0.002601398155093193,0.0043641431257128716,0.020518366247415543,0.0023380764760077,0.005707231815904379,0.030081139877438545,,,,,,,,,,,,,,,
unknown,間,196,197,224.85841,225.35841,0.38745117,,0.033437665551900864,0.0670783519744873,0.07789362967014313,0.12777885794639587,0.002440910553559661,0.019640233367681503,0.0062916940078139305,0.0248210821300745,0.019010908901691437,0.09463904798030853,0.078789621591568,0.045070357620716095,0.06267987191677094,0.06279151141643524,0.02333034947514534,0.11390171200037003,0.1730983704328537,0.03099786303937435,0.00815697479993105,0.0095382584258914,0.003844814607873559,0.005537452641874552,0.005953728221356869,0.05041711777448654,0.002604544162750244,0.0017922072438523173,0.3790350556373596,0.06679682433605194,0.004029205534607172,0.3224904537200928,0.0018670905847102404,0.01640438847243786,0.002576916478574276,0.0011416419874876738,0.2130824476480484,0.20837634801864624,0.039438895881175995,0.10363347083330154,0.0014555200468748808,0.03446074202656746,0.017904797568917274,0.0032882646191865206,0.007137201260775328,0.005701923277229071,0.026741690933704376,0.10801757872104645,0.01046188548207283,0.003323817392811179,0.0049606868997216225,0.021174170076847076,0.001833092886954546,0.009304724633693695,0.025659598410129547,,,,,,,,,,,,,,,
unknown,空,198,199,231.60834,232.10834,0.98095703,,0.026033801957964897,0.050910886377096176,0.07408040761947632,0.16935300827026367,0.003436591010540724,0.030707508325576782,0.005006471648812294,0.024455374106764793,0.021043898537755013,0.08602205663919449,0.06634803116321564,0.04250942915678024,0.09655824303627014,0.08617491275072098,0.031453561037778854,0.06777297705411911,0.16555248200893402,0.02213970012962818,0.013574608601629734,0.02021910436451435,0.007467168383300304,0.00609879195690155,0.007453665137290955,0.03502541035413742,0.0031359647400677204,0.0024880145210772753,0.29744794964790344,0.06727861613035202,0.005106561351567507,0.22858616709709167,0.0016679206164553761,0.008867721073329449,0.002973215188831091,0.0018606436206027865,0.2112666815519333,0.13612118363380432,0.026363098993897438,0.1636379063129425,0.0015148685779422522,0.023491816595196724,0.02684280090034008,0.0023467629216611385,0.006341762375086546,0.00779019296169281,0.051423151046037674,0.07221947610378265,0.011684121564030647,0.004353230819106102,0.00881222914904356,0.02061435580253601,0.002591620897874236,0.007212908007204533,0.018734930083155632,,,,,,,,,,,,,,,
unknown,本,200,201,236.60086,237.10086,0.9169922,,0.011529152281582355,0.019822265952825546,0.05171472206711769,0.145075723528862,0.003374247346073389,0.04729314520955086,0.005584017839282751,0.015962030738592148,0.022877659648656845,0.10916199535131454,0.09875838458538055,0.07707816362380981,0.08402803540229797,0.0877235010266304,0.032884225249290466,0.09522482007741928,0.04151386767625809,0.026054926216602325,0.01973017491400242,0.025705527514219284,0.006786707788705826,0.00626897718757391,0.006564979907125235,0.024729907512664795,0.0051297652535140514,0.002030343050137162,0.2766530513763428,0.046722590923309326,0.0017457365756854415,0.2124365121126175,0.0015066065825521946,0.009435486979782581,0.004664451349526644,0.0017971447668969631,0.15754686295986176,0.10768549889326096,0.011125066317617893,0.17596690356731415,0.00117113022133708,0.028380807489156723,0.04895485192537308,0.006560162641108036,0.002663790248334408,0.006673786789178848,0.04264816641807556,0.10468485206365585,0.0038221324793994427,0.005680873524397612,0.01408787164837122,0.027378356084227562,0.002224654657766223,0.011244240216910839,0.03533213958144188,,,,,,,,,,,,,,,
unknown,長,202,203,241.77145,242.05124,0.9824219,,0.031318578869104385,0.03943243622779846,0.08733265846967697,0.21444353461265564,0.0032055270858108997,0.03599119931459427,0.004203676246106625,0.030200950801372528,0.029435591772198677,0.0747443288564682,0.07506535202264786,0.059919796884059906,0.12088284641504288,0.1439240425825119,0.03799362853169441,0.06941036880016327,0.10748259723186493,0.022431906312704086,0.018765544518828392,0.030496548861265182,0.009242252446711063,0.0053047058172523975,0.011763164773583412,0.02416798658668995,0.005613403860479593,0.0031518342439085245,0.24355073273181915,0.08046090602874756,0.006488561164587736,0.14655907452106476,0.001712225959636271,0.007568536791950464,0.003327318700030446,0.0022331306245177984,0.27354753017425537,0.09488266706466675,0.016056299209594727,0.16059350967407227,0.0015832491917535663,0.029476378113031387,0.04869294911623001,0.002418719930574298,0.00597379868850112,0.007532134186476469,0.07529362291097641,0.08529800921678543,0.012404510751366615,0.006026978604495525,0.01416607853025198,0.030840598046779633,0.003304837504401803,0.004390507936477661,0.01996779255568981,,,,,,,,,,,,,,,
unknown,ネ,204,205,242.05124,242.2111,0.8305664,,0.02921902947127819,0.05555364117026329,0.08310902863740921,0.19951142370700836,0.004244586918503046,0.03555164113640785,0.0035800179466605186,0.026772594079375267,0.025066036731004715,0.06947806477546692,0.05980882793664932,0.03945077583193779,0.07746394723653793,0.07797673344612122,0.03610071912407875,0.07932362705469131,0.20011721551418304,0.03065602108836174,0.013868564739823341,0.02115120366215706,0.007295392919331789,0.004193955101072788,0.007016779389232397,0.058068521320819855,0.003851724322885275,0.0019239028915762901,0.3948614299297333,0.08189139515161514,0.007552422117441893,0.3111225962638855,0.0011471017496660352,0.011534237302839756,0.0026543939020484686,0.0013707865728065372,0.24312199652194977,0.17273446917533875,0.028634801506996155,0.1170848086476326,0.0011181047884747386,0.02752739004790783,0.02704400010406971,0.0029631496872752905,0.013689653016626835,0.004810729529708624,0.05799689143896103,0.09948543459177017,0.034707870334386826,0.0041023679077625275,0.009106531739234924,0.033829789608716965,0.0019630114547908306,0.005806741304695606,0.025805620476603508,,,,,,,,,,,,,,,
unknown,ぎ,206,207,242.2111,242.7111,0.8535156,,0.02351018600165844,0.047591425478458405,0.07081202417612076,0.1558769792318344,0.0026982994750142097,0.04531428590416908,0.005769861396402121,0.024204593151807785,0.03100951761007309,0.1545201689004898,0.07216431200504303,0.029974350705742836,0.060895148664712906,0.07190478593111038,0.023945815861225128,0.10599633306264877,0.19375723600387573,0.022042471915483475,0.042905423790216446,0.01924198493361473,0.004707843530923128,0.0060003167018294334,0.007234279066324234,0.046402428299188614,0.006668976508080959,0.002421207493171096,0.3579738438129425,0.06370706856250763,0.009144519455730915,0.3453102111816406,0.0011334468144923449,0.0156865194439888,0.00672727357596159,0.0008733770227991045,0.19343620538711548,0.16390877962112427,0.021833444014191628,0.10926032066345215,0.0013995211338624358,0.024535518139600754,0.03330353647470474,0.00631075631827116,0.008279657922685146,0.015203071758151054,0.03997180983424187,0.11517197638750076,0.01783755049109459,0.007348415907472372,0.01334351021796465,0.037879303097724915,0.0028259761165827513,0.010123955085873604,0.023553146049380302,,,,,,,,,,,,,,,
unknown,鳥,208,209,250.2199,250.7199,0.71972656,,0.026077130809426308,0.0357980839908123,0.08551333099603653,0.16836558282375336,0.006176370661705732,0.09785645455121994,0.0052263145335018635,0.023798657581210136,0.021440895274281502,0.22264115512371063,0.11027808487415314,0.03980778902769089,0.061326198279857635,0.09916140884160995,0.04983110725879669,0.10656469315290451,0.10792108625173569,0.020729416981339455,0.05587973818182945,0.04968097805976868,0.009521077387034893,0.007043866440653801,0.00856554601341486,0.022166261449456215,0.00410569878295064,0.002328388160094619,0.31306594610214233,0.053339406847953796,0.01007133349776268,0.22835339605808258,0.0012742066755890846,0.009962479583919048,0.0030732364393770695,0.0010715005919337273,0.21228544414043427,0.13159945607185364,0.010501975193619728,0.0930570513010025,0.0013805772177875042,0.023601707071065903,0.0365775041282177,0.003907001577317715,0.0032067059073597193,0.015857279300689697,0.053123507648706436,0.0987032949924469,0.00653602322563529,0.005454664118587971,0.013193689286708832,0.02373662032186985,0.0025277682580053806,0.011332637630403042,0.01806335151195526,,,,,,,,,,,,,,,
unknown,落,210,211,254.69649,255.05621,0.8989258,,0.038315482437610626,0.03836025670170784,0.1024574264883995,0.20629912614822388,0.01592065393924713,0.12093592435121536,0.004161781631410122,0.03221878036856651,0.019704248756170273,0.11916251480579376,0.05839104950428009,0.025930728763341904,0.05431445315480232,0.06679540127515793,0.089272141456604,0.081675685942173,0.0729791447520256,0.018270399421453476,0.08009693771600723,0.10433299094438553,0.032120805233716965,0.00991773046553135,0.008614863269031048,0.03652413189411163,0.006360746454447508,0.0031356823164969683,0.21947318315505981,0.06494710594415665,0.012862946838140488,0.16196760535240173,0.001860789954662323,0.0071211750619113445,0.002100760582834482,0.0031753303483128548,0.13526660203933716,0.10116032510995865,0.010676400735974312,0.04680085927248001,0.0026584453880786896,0.03235596790909767,0.03063586913049221,0.0038615106604993343,0.006292740348726511,0.01928439922630787,0.10442706197500229,0.10856190323829651,0.02831689454615116,0.008197872899472713,0.023067055270075798,0.026290901005268097,0.002880590735003352,0.008113883435726166,0.02735856920480728,,,,,,,,,,,,,,,
unknown,生,212,213,255.05621,255.55621,0.99316406,,0.03228038176894188,0.04762764647603035,0.07418102025985718,0.22079075872898102,0.018742986023426056,0.11107814311981201,0.005609496962279081,0.027938922867178917,0.017365798354148865,0.1189364418387413,0.03491124510765076,0.019977638497948647,0.04890446737408638,0.03912047669291496,0.06947507709264755,0.10164911299943924,0.16629917919635773,0.020791955292224884,0.06456570327281952,0.06349251419305801,0.03019598312675953,0.013384492136538029,0.0056315939873456955,0.07819929718971252,0.006606888957321644,0.002739406656473875,0.29782989621162415,0.05805303901433945,0.009747987613081932,0.29219505190849304,0.0021008923649787903,0.013286642730236053,0.002911774441599846,0.0035644788295030594,0.11447763442993164,0.15844595432281494,0.017893310636281967,0.0686340257525444,0.0036848855670541525,0.03941095992922783,0.022014593705534935,0.006919404026120901,0.006957953795790672,0.01894017867743969,0.08228938281536102,0.1500774472951889,0.03738509491086006,0.007533582393079996,0.020016977563500404,0.032912690192461014,0.0023155324161052704,0.01283299457281828,0.04391559958457947,,,,,,,,,,,,,,,
unknown,宝,214,215,260.89175,261.29144,0.9970703,,0.021501444280147552,0.030464282259345055,0.05804434418678284,0.2199273556470871,0.009620562195777893,0.10006528347730637,0.00867677852511406,0.019427256658673286,0.030248239636421204,0.15840207040309906,0.06364700198173523,0.04306890815496445,0.06320377439260483,0.05001192167401314,0.04959527403116226,0.08679911494255066,0.06522423774003983,0.03165693208575249,0.047234226018190384,0.04833585023880005,0.014235787093639374,0.012255949899554253,0.00837069470435381,0.03549269214272499,0.008896387182176113,0.0030855212826281786,0.3233906030654907,0.04358668252825737,0.005426351446658373,0.2754638195037842,0.0028205232229083776,0.010056215338408947,0.004542878828942776,0.0025051466654986143,0.14165762066841125,0.12695163488388062,0.012768084183335304,0.05487503483891487,0.002707277424633503,0.03890972211956978,0.02632787637412548,0.005345872137695551,0.0037513799034059048,0.012388630770146847,0.07636084407567978,0.10230883210897446,0.011234843172132969,0.00845056027173996,0.017212944105267525,0.024966813623905182,0.0031797210685908794,0.020141227170825005,0.035526473075151443,,,,,,,,,,,,,,,
unknown,く,216,217,261.29144,261.41135,0.99609375,,0.020220346748828888,0.028900498524308205,0.08470997214317322,0.21772991120815277,0.010093354620039463,0.1170353963971138,0.009596191346645355,0.020215701311826706,0.036023858934640884,0.14387094974517822,0.07006843388080597,0.05677105113863945,0.10218743234872818,0.08481144160032272,0.05937046557664871,0.06705397367477417,0.060268584638834,0.03178524225950241,0.048169802874326706,0.06887553632259369,0.0184563510119915,0.013310383073985577,0.013775637373328209,0.022937513887882233,0.009339372627437115,0.003963401075452566,0.2612364888191223,0.05266841500997543,0.006341907661408186,0.18460619449615479,0.003186306683346629,0.006530245766043663,0.00415257690474391,0.00308586610481143,0.1692216396331787,0.09454897791147232,0.011517181061208248,0.06861135363578796,0.0028187092393636703,0.033357296139001846,0.032800786197185516,0.0030489673372358084,0.004238005727529526,0.013705363497138023,0.07453863322734833,0.07165416330099106,0.010632713325321674,0.008807326667010784,0.018832536414265633,0.021362824365496635,0.003812502371147275,0.01267309207469225,0.022814465686678886,,,,,,,,,,,,,,,
unknown,じ,218,219,261.41135,261.91135,0.9970703,,0.013527274131774902,0.013503702357411385,0.07046081125736237,0.22579273581504822,0.010273605585098267,0.1289839893579483,0.009574701078236103,0.01609763130545616,0.04973791167140007,0.11793505400419235,0.07629870623350143,0.06948640197515488,0.1294274926185608,0.11368855088949203,0.07683109492063522,0.04222003370523453,0.03469259664416313,0.030553296208381653,0.05967163294553757,0.11899346858263016,0.035240329802036285,0.01453861128538847,0.022912589833140373,0.011409282684326172,0.015883848071098328,0.00558717455714941,0.13802726566791534,0.04529274255037308,0.005814178381115198,0.07733958214521408,0.004316318314522505,0.003278226125985384,0.00563390739262104,0.005419702269136906,0.16407892107963562,0.03655440732836723,0.005037944298237562,0.042689938098192215,0.0029762706253677607,0.024328341707587242,0.04369742423295975,0.0024650951381772757,0.0029853852465748787,0.013044318184256554,0.10948475450277328,0.048988912254571915,0.012067962437868118,0.014816063456237316,0.028644511476159096,0.018384641036391258,0.00558971893042326,0.010355195961892605,0.016331112012267113,,,,,,,,,,,,,,,
unknown,牛,220,221,266.425,266.705,0.9980469,,0.018384389579296112,0.01836470142006874,0.0698128491640091,0.23395776748657227,0.006587543059140444,0.07202336937189102,0.009897605516016483,0.01860513724386692,0.054929785430431366,0.09405452758073807,0.07669414579868317,0.060405489057302475,0.11586380004882812,0.10702493786811829,0.0465388149023056,0.05626354366540909,0.08874985575675964,0.03183567523956299,0.0434899628162384,0.0644809752702713,0.022135093808174133,0.01243951078504324,0.020414305850863457,0.017766695469617844,0.016794594004750252,0.004564447328448296,0.218588724732399,0.04733060672879219,0.006968000903725624,0.13755951821804047,0.004934074357151985,0.005163819529116154,0.00829279888421297,0.004933870397508144,0.24259322881698608,0.057816240936517715,0.006300762761384249,0.06239207834005356,0.00269245239906013,0.03149859234690666,0.041989631950855255,0.003059268929064274,0.0031093675643205643,0.010811022482812405,0.08478744328022003,0.07291366904973984,0.015147686935961246,0.01499603409320116,0.02606627717614174,0.03100763075053692,0.004816805943846703,0.0067669907584786415,0.02103476971387863,,,,,,,,,,,,,,,
unknown,乳,222,223,266.705,267.205,0.99658203,,0.01969529315829277,0.025107434019446373,0.0629625990986824,0.1814342886209488,0.0063314130529761314,0.08551567792892456,0.010021124966442585,0.01988907903432846,0.028422947973012924,0.09955012053251266,0.11437716335058212,0.06787949055433273,0.078582264482975,0.11087596416473389,0.03552182391285896,0.06307638436555862,0.07551652938127518,0.034955352544784546,0.05368799343705177,0.048062827438116074,0.011853117495775223,0.014699731953442097,0.012151951901614666,0.015071076340973377,0.01066146045923233,0.006083402782678604,0.19252115488052368,0.04464460536837578,0.005341717973351479,0.1241929680109024,0.003741240594536066,0.008929816074669361,0.00823897309601307,0.0031197178177535534,0.210154727101326,0.056633442640304565,0.012300006113946438,0.11365401744842529,0.003088061697781086,0.026836512610316277,0.050036679953336716,0.0058283256366848946,0.004667133092880249,0.019212691113352776,0.06589524447917938,0.07472139596939087,0.01224374957382679,0.01150304451584816,0.021599367260932922,0.02513343095779419,0.007054012734442949,0.017431674525141716,0.02121668867766857,,,,,,,,,,,,,,,
unknown,車,224,225,273.10498,273.60498,0.94433594,,0.018328562378883362,0.021894898265600204,0.06306735426187515,0.13678330183029175,0.005425241310149431,0.07193309813737869,0.00956357829272747,0.019179290160536766,0.01975489966571331,0.11380887031555176,0.1398540437221527,0.09784088283777237,0.0864078551530838,0.13270823657512665,0.03126123547554016,0.07272112369537354,0.07174172252416611,0.04381147027015686,0.04107189178466797,0.0309822466224432,0.0072777713648974895,0.012833843007683754,0.011058032512664795,0.014314970001578331,0.0059118191711604595,0.005665607284754515,0.20593661069869995,0.046770766377449036,0.004338506143540144,0.12795475125312805,0.003259240882471204,0.009451569989323616,0.005160392262041569,0.002330758608877659,0.23880942165851593,0.053350452333688736,0.010852967388927937,0.14126929640769958,0.0031109421979635954,0.026628397405147552,0.04569152742624283,0.006558632478117943,0.004014371428638697,0.016754046082496643,0.04656422138214111,0.08081267774105072,0.008062461391091347,0.0069357771426439285,0.01615608111023903,0.022064371034502983,0.006362543907016516,0.017761530354619026,0.02514922246336937,,,,,,,,,,,,,,,
unknown,道,226,227,279.07764,279.57764,0.92089844,,0.018275976181030273,0.012447502464056015,0.0508868508040905,0.08577673137187958,0.011631857603788376,0.10402820259332657,0.009768047370016575,0.02213708683848381,0.01806734874844551,0.05475551635026932,0.1301700621843338,0.17522068321704865,0.17104394733905792,0.2563096284866333,0.053484391421079636,0.02959769405424595,0.03372369706630707,0.07012636959552765,0.04779910296201706,0.07332538813352585,0.012897685170173645,0.014076114632189274,0.026611823588609695,0.005286912899464369,0.004927293863147497,0.007767943199723959,0.1274740844964981,0.04943753033876419,0.0057862792164087296,0.05210665240883827,0.004815157502889633,0.004569958429783583,0.004321914166212082,0.0039194016717374325,0.36109381914138794,0.014463423751294613,0.004159911535680294,0.07433214038610458,0.002483997493982315,0.019777989014983177,0.05042427033185959,0.0025637762155383825,0.002477903151884675,0.012460612691938877,0.05565781146287918,0.03773759678006172,0.006217824295163155,0.007428979966789484,0.02476327493786812,0.01618046872317791,0.009014050476253033,0.009484625421464443,0.016922611743211746,,,,,,,,,,,,,,,
unknown,ひ,228,229,284.55316,284.67307,0.9033203,,0.02291647158563137,0.022379403933882713,0.08913075178861618,0.1278328001499176,0.005443504545837641,0.047827720642089844,0.007623804267495871,0.029963809996843338,0.01873631961643696,0.04922313988208771,0.13946545124053955,0.16033242642879486,0.12747731804847717,0.2278384268283844,0.03436169773340225,0.03828994184732437,0.07608760893344879,0.06460854411125183,0.02423330768942833,0.032469943165779114,0.007054863963276148,0.010053402744233608,0.015822459012269974,0.012263288721442223,0.004581749439239502,0.005760954227298498,0.1778588742017746,0.08615968376398087,0.006543383467942476,0.08525783568620682,0.004399309400469065,0.005486989393830299,0.0037691867910325527,0.0036207702942192554,0.3709942400455475,0.03181780129671097,0.008322207257151604,0.12654119729995728,0.0021597298327833414,0.021784111857414246,0.04081517830491066,0.0020493273623287678,0.0058417171239852905,0.0097452187910676,0.049450721591711044,0.04530723765492439,0.01200895570218563,0.006041544955223799,0.01372399739921093,0.016069266945123672,0.006320352200418711,0.006676493678241968,0.01794019527733326,,,,,,,,,,,,,,,
unknown,ま,230,231,284.67307,284.79297,0.8359375,,0.024488331750035286,0.02482030540704727,0.08685357123613358,0.17590032517910004,0.004328398499637842,0.04825934022665024,0.006034068297594786,0.02627389132976532,0.02215065062046051,0.05963321030139923,0.12315930426120758,0.13278698921203613,0.13098552823066711,0.19027502834796906,0.031927689909935,0.038790613412857056,0.0813489630818367,0.056601833552122116,0.021886972710490227,0.02914111502468586,0.005815768148750067,0.007335740141570568,0.01511775329709053,0.012498129159212112,0.00483569223433733,0.004271104000508785,0.2249680906534195,0.08009833842515945,0.006710891146212816,0.11076578497886658,0.0029453553725034,0.005018630065023899,0.0031012766994535923,0.002299451967701316,0.4000554084777832,0.04116560146212578,0.008673729375004768,0.11607759445905685,0.001428411342203617,0.021130913868546486,0.03406062722206116,0.0017065032152459025,0.005829390604048967,0.006982278078794479,0.052701763808727264,0.047940075397491455,0.013305649161338806,0.004969993606209755,0.012302609160542488,0.018359951674938202,0.004937044810503721,0.005834795068949461,0.016082413494586945,,,,,,,,,,,,,,,
unknown,わ,232,233,284.79297,284.91287,0.9042969,,0.023686328902840614,0.02735116146504879,0.08894244581460953,0.20050831139087677,0.004877259489148855,0.05677497759461403,0.004055408760905266,0.02226594090461731,0.023432603105902672,0.07989681512117386,0.1447056382894516,0.1097080409526825,0.09663643687963486,0.17286443710327148,0.04562801122665405,0.04782569780945778,0.08310404419898987,0.053732965141534805,0.01993347331881523,0.03531882166862488,0.007081486284732819,0.004899931140244007,0.013568850234150887,0.012892141006886959,0.004550829064100981,0.003791961818933487,0.23098081350326538,0.07426216453313828,0.00907188467681408,0.10488709062337875,0.0016346978954970837,0.004778729751706123,0.002889839932322502,0.0014998106053099036,0.36935582756996155,0.05117233842611313,0.011138329282402992,0.09855253249406815,0.0010192393092438579,0.02301749959588051,0.03110785409808159,0.0015064170584082603,0.00785717274993658,0.0055728270672261715,0.06529451161623001,0.05244629830121994,0.017733540385961533,0.005060757510364056,0.009278780780732632,0.015636401250958443,0.004697955213487148,0.007169480435550213,0.015154329128563404,,,,,,,,,,,,,,,
unknown,り,234,235,284.91287,285.41287,0.9453125,,0.029282106086611748,0.031242532655596733,0.09659063816070557,0.22546175122261047,0.0035981705877929926,0.04740612953901291,0.003883874276652932,0.02724929340183735,0.02395043894648552,0.056253958493471146,0.1356590837240219,0.1288391351699829,0.10233297199010849,0.24176675081253052,0.051017362624406815,0.04097002372145653,0.046111952513456345,0.05104999616742134,0.016415439546108246,0.03944789245724678,0.0066136885434389114,0.0039152055978775024,0.01980658620595932,0.0101800337433815,0.005228637717664242,0.004273402504622936,0.21956729888916016,0.08626990020275116,0.009036747738718987,0.09140251576900482,0.0016601216048002243,0.0044395350851118565,0.0028356576804071665,0.0014597956323996186,0.3931446969509125,0.047614529728889465,0.012316765263676643,0.12374819070100784,0.0007515382603742182,0.026674801483750343,0.04098213464021683,0.0011801639338955283,0.008657309226691723,0.004363586660474539,0.07991376519203186,0.045300211757421494,0.01423165388405323,0.00555659644305706,0.008701436221599579,0.01555961649864912,0.005617706570774317,0.005409723613411188,0.014450029470026493,,,,,,,,,,,,,,,
unknown,鳥,236,237,291.87833,292.37833,0.34716797,,0.03935195133090019,0.03895676136016846,0.12908634543418884,0.24558109045028687,0.0022799826692789793,0.03793587535619736,0.003910766914486885,0.037371210753917694,0.027560267597436905,0.056924574077129364,0.14580561220645905,0.13241086900234222,0.0813763290643692,0.23755276203155518,0.03599804267287254,0.05234576761722565,0.053016163408756256,0.04911263287067413,0.016797592863440514,0.029167627915740013,0.005370892584323883,0.0037953529972583055,0.01624361239373684,0.014453663490712643,0.007712444756180048,0.0041016461327672005,0.21843183040618896,0.11683140695095062,0.009771381504833698,0.10136174410581589,0.0017331175040453672,0.005728055723011494,0.0030946307815611362,0.0013691781787201762,0.40059736371040344,0.05500757321715355,0.014139138162136078,0.12833984196186066,0.0008691039984114468,0.029820315539836884,0.06106007471680641,0.002038553124293685,0.014581588096916676,0.004359006881713867,0.06822898238897324,0.06630020588636398,0.029877815395593643,0.006304956041276455,0.009570412337779999,0.026938600465655327,0.005004571285098791,0.00587117625400424,0.017560947686433792,,,,,,,,,,,,,,,
unknown,放,238,239,298.5852,298.7848,0.8442383,,0.06281210482120514,0.062161024659872055,0.2111823558807373,0.2592478394508362,0.0012573215644806623,0.01935984380543232,0.001925270538777113,0.061283838003873825,0.018285028636455536,0.03695034980773926,0.17314934730529785,0.09509232640266418,0.07883511483669281,0.19187037646770477,0.027073269709944725,0.07582229375839233,0.04331516847014427,0.027621334418654442,0.008822622708976269,0.016741355881094933,0.003063668729737401,0.002010507043451071,0.008374752476811409,0.02341426908969879,0.004004564136266708,0.002937628421932459,0.2588479518890381,0.15646488964557648,0.007272493559867144,0.11786948889493942,0.0008790973224677145,0.008944137021899223,0.0015033506788313389,0.0009078040020540357,0.43215465545654297,0.10382021963596344,0.018798712641000748,0.11961182206869125,0.0004891603020951152,0.027015283703804016,0.042378127574920654,0.002114795381203294,0.01432049460709095,0.0026523980777710676,0.04440803825855255,0.08753275871276855,0.023075072094798088,0.0031236482318490744,0.00675862655043602,0.03456771746277809,0.003939866088330746,0.003176354570314288,0.017208188772201538,,,,,,,,,,,,,,,
unknown,課,240,241,298.7848,298.90457,0.8339844,,0.030529620125889778,0.030022168532013893,0.07033318281173706,0.2856653034687042,0.0041657122783362865,0.0547591969370842,0.0037212499883025885,0.033063169568777084,0.03553377091884613,0.0841197520494461,0.11073653399944305,0.0860912948846817,0.06911753863096237,0.17416897416114807,0.06126561760902405,0.04300590604543686,0.03206070512533188,0.04471380263566971,0.021354857832193375,0.05305932089686394,0.010758006945252419,0.0036859873216599226,0.021748928353190422,0.01527729257941246,0.009267616085708141,0.0038172078784555197,0.22288645803928375,0.08877337723970413,0.011983901262283325,0.1199626699090004,0.0017001142259687185,0.003752460004761815,0.003325666068121791,0.0015326653374359012,0.32356828451156616,0.05878641828894615,0.011909746564924717,0.051435686647892,0.0007419590256176889,0.02374967373907566,0.05848091468214989,0.0017029813025146723,0.014120019972324371,0.0037410075310617685,0.1274309903383255,0.05183178931474686,0.03666868060827255,0.008479597046971321,0.014432195574045181,0.031499434262514114,0.004749893210828304,0.00889866054058075,0.01619241200387478,,,,,,,,,,,,,,,
unknown,後,242,243,298.90457,299.40457,0.99072266,,0.04704415425658226,0.0376543328166008,0.08251848071813583,0.2513717710971832,0.0023036946076899767,0.04008995741605759,0.0029023424722254276,0.03697008267045021,0.031006885692477226,0.07711378484964371,0.12575438618659973,0.08732344955205917,0.07483986765146255,0.23287509381771088,0.04640178009867668,0.054393962025642395,0.03343382477760315,0.03746465593576431,0.024357063695788383,0.03686245158314705,0.00671995198354125,0.002881922759115696,0.018839223310351372,0.009121853858232498,0.01015267614275217,0.004581240471452475,0.19584910571575165,0.08163459599018097,0.012883779592812061,0.08841221779584885,0.0011365939863026142,0.006036940962076187,0.004697199910879135,0.001027393969707191,0.3478657305240631,0.05519408732652664,0.0131124472245574,0.13776753842830658,0.0007925468380562961,0.03348371759057045,0.07957606017589569,0.0022542974911630154,0.008595822378993034,0.005829452071338892,0.09873559325933456,0.06618895381689072,0.013901570811867714,0.00971378106623888,0.012301959097385406,0.03263339400291443,0.006430364679545164,0.005227057728916407,0.018233906477689743,,,,,,,,,,,,,,,
unknown,髪,244,245,304.50885,304.70853,0.9951172,,0.027076466009020805,0.021176114678382874,0.07190908491611481,0.30123358964920044,0.0026981148403137922,0.056418903172016144,0.00744096003472805,0.022415002807974815,0.06151703745126724,0.08238305151462555,0.06356097757816315,0.091544508934021,0.08761889487504959,0.15708951652050018,0.03741209954023361,0.040445130318403244,0.042970798909664154,0.04903027415275574,0.029795240610837936,0.03304719924926758,0.008433455601334572,0.006322454195469618,0.021490203216671944,0.01206230465322733,0.032502271234989166,0.0034936023876070976,0.1741240918636322,0.06703593581914902,0.011849942617118359,0.09790583699941635,0.002413238165900111,0.00566014414653182,0.01151413843035698,0.0015860870480537415,0.1974801868200302,0.041553497314453125,0.006588922347873449,0.07186195999383926,0.001297580893151462,0.04659200459718704,0.07873556017875671,0.003487406065687537,0.005592002999037504,0.006626980844885111,0.14097140729427338,0.06700467318296432,0.0198698490858078,0.02235032618045807,0.012919319793581963,0.027367573231458664,0.0042279912158846855,0.009581434540450573,0.026104291900992393,,,,,,,,,,,,,,,
unknown,の,246,247,304.70853,304.8683,0.9970703,,0.04265158995985985,0.03579363599419594,0.1063573881983757,0.2791532874107361,0.0020987647585570812,0.03942898288369179,0.005356385838240385,0.03391497954726219,0.04105256497859955,0.06401863694190979,0.0698477104306221,0.09560845047235489,0.06580790132284164,0.1390974372625351,0.03178008645772934,0.05063321068882942,0.03895067796111107,0.045201413333415985,0.017883891239762306,0.022133883088827133,0.005856337957084179,0.004725571256130934,0.013212437741458416,0.014772358350455761,0.02071496471762657,0.0032620709389448166,0.21566085517406464,0.08294980227947235,0.00959226954728365,0.12291080504655838,0.0019184075063094497,0.009989667683839798,0.007004083134233952,0.001445022295229137,0.2238287627696991,0.06099563091993332,0.010698070749640465,0.10009422153234482,0.0011158317793160677,0.05810105428099632,0.07899830490350723,0.0038833203725516796,0.006652694661170244,0.00525748822838068,0.11833447962999344,0.0852266177535057,0.015281579457223415,0.013619477860629559,0.010788585990667343,0.03677244856953621,0.004029182251542807,0.006243319250643253,0.03166366368532181,,,,,,,,,,,,,,,
unknown,毛,248,249,304.8683,305.3683,0.8095703,,0.037538181990385056,0.044183555990457535,0.06076020747423172,0.4095545709133148,0.001148250070400536,0.028063135221600533,0.008385543711483479,0.024184180423617363,0.07441837340593338,0.043981973081827164,0.0422157384455204,0.03647658973932266,0.023991838097572327,0.05258249491453171,0.01683628186583519,0.07359606772661209,0.045797254890203476,0.03590092808008194,0.020292798057198524,0.009290862828493118,0.003730104072019458,0.005406948737800121,0.008037646301090717,0.029491614550352097,0.07585381716489792,0.0032237155828624964,0.30321335792541504,0.049212466925382614,0.007940311916172504,0.26468896865844727,0.0020661649759858847,0.019465651363134384,0.029303859919309616,0.0011092651402577758,0.1447138637304306,0.1372286081314087,0.021104125306010246,0.0695953443646431,0.001309506711550057,0.08658123016357422,0.10785222053527832,0.011749416589736938,0.009014641866087914,0.005432654172182083,0.0842292457818985,0.16012690961360931,0.022329404950141907,0.03206674009561539,0.012483550235629082,0.08314373344182968,0.004036036320030689,0.009246386587619781,0.04840008169412613,,,,,,,,,,,,,,,
unknown,ガ,250,251,308.58224,308.6621,0.98583984,,0.04175451770424843,0.040029432624578476,0.05607232823967934,0.32991477847099304,0.002316395053640008,0.0459030382335186,0.007854866795241833,0.028018124401569366,0.058740563690662384,0.05286082625389099,0.04690272733569145,0.03888339921832085,0.023012585937976837,0.0598827488720417,0.025062857195734978,0.06785056740045547,0.03790539503097534,0.03861655294895172,0.034679263830184937,0.018264228478074074,0.0065659717656672,0.006494473200291395,0.009176266379654408,0.0213928185403347,0.06339555978775024,0.003596449503675103,0.27990061044692993,0.0452108271420002,0.01087623368948698,0.23037755489349365,0.0021735739428550005,0.01610296405851841,0.025803308933973312,0.0014268875820562243,0.14602702856063843,0.10606790333986282,0.01535638328641653,0.07088027894496918,0.00147486780770123,0.08358613401651382,0.11895598471164703,0.010665060952305794,0.00668875640258193,0.0077292039059102535,0.09410768747329712,0.14299269020557404,0.01753361150622368,0.035332467406988144,0.018453627824783325,0.08143944293260574,0.0046278610825538635,0.010050700046122074,0.04931449145078659,,,,,,,,,,,,,,,
unknown,ラ,252,253,308.6621,308.82184,0.9926758,,0.030921263620257378,0.027867082506418228,0.04885559529066086,0.2819797992706299,0.002780187875032425,0.05228465050458908,0.007289105094969273,0.021943427622318268,0.055602461099624634,0.07184375822544098,0.0665632039308548,0.048630617558956146,0.027217205613851547,0.06958705931901932,0.03029502183198929,0.0694793239235878,0.030775953084230423,0.04299560561776161,0.04134782776236534,0.022882333025336266,0.007525891996920109,0.006689579226076603,0.010085775516927242,0.016187524423003197,0.05063153803348541,0.0038947011344134808,0.2471998631954193,0.03922542184591293,0.009438679553568363,0.18393924832344055,0.00210954574868083,0.013613364659249783,0.02531365305185318,0.001476638950407505,0.1493973433971405,0.07897306978702545,0.011289460584521294,0.06257563829421997,0.0014790454879403114,0.07415469735860825,0.1099829226732254,0.009942781180143356,0.0051040914840996265,0.009323971346020699,0.11125373095273972,0.1287669986486435,0.013265546411275864,0.03495105355978012,0.018750857561826706,0.0559423565864563,0.005333479028195143,0.012936909683048725,0.04755520448088646,,,,,,,,,,,,,,,
unknown,ス,254,255,308.82184,309.32184,0.9926758,,0.031681664288043976,0.025315113365650177,0.04406861960887909,0.24982844293117523,0.007433149963617325,0.10061958432197571,0.006455342750996351,0.021901313215494156,0.0525796003639698,0.07739133387804031,0.06623649597167969,0.047453660517930984,0.030410852283239365,0.0763615071773529,0.05455613136291504,0.0467708446085453,0.021271783858537674,0.03647782281041145,0.05498107895255089,0.048885684460401535,0.015268199145793915,0.008128851652145386,0.011282471008598804,0.009151022881269455,0.04432365298271179,0.004736583214253187,0.16641579568386078,0.03611781448125839,0.011626905761659145,0.1041124165058136,0.0021739392541348934,0.011264181695878506,0.016352985054254532,0.0021200638730078936,0.14159876108169556,0.05020001903176308,0.009293600916862488,0.0612211711704731,0.0018529559019953012,0.04980847239494324,0.10757427662611008,0.006662545260041952,0.005643921904265881,0.010781467892229557,0.15458938479423523,0.08430519700050354,0.013934954069554806,0.031739164143800735,0.025118673220276833,0.0449431873857975,0.0059192669577896595,0.011840099468827248,0.03127317503094673,,,,,,,,,,,,,,,
unknown,貧,256,257,322.46045,322.7003,0.84814453,,0.036477942019701004,0.02957317605614662,0.05525821074843407,0.2642655670642853,0.002854566089808941,0.0442519336938858,0.006255099084228277,0.028016438707709312,0.033437009900808334,0.08254487812519073,0.06462270021438599,0.02969209849834442,0.02165171690285206,0.05663113296031952,0.026637086644768715,0.07376118749380112,0.02766195870935917,0.022798171266913414,0.0465242825448513,0.018657173961400986,0.0077549791894853115,0.008007577620446682,0.006721825338900089,0.016769347712397575,0.03190741688013077,0.0044415914453566074,0.22361482679843903,0.032567381858825684,0.00854729488492012,0.17726436257362366,0.0020318888127803802,0.017931418493390083,0.015698755159974098,0.0017285082722082734,0.12248817831277847,0.09921624511480331,0.009863099083304405,0.10137990117073059,0.002827805234119296,0.0662679523229599,0.08499767631292343,0.009932604618370533,0.002715173177421093,0.014302735216915607,0.10190048813819885,0.12127720564603806,0.005918548908084631,0.025522558018565178,0.01677205227315426,0.04987136274576187,0.00530087249353528,0.023488201200962067,0.047048330307006836,,,,,,,,,,,,,,,
unknown,乏,258,259,322.7003,322.86017,0.9926758,,0.05049143731594086,0.038350556045770645,0.045263905078172684,0.2535160183906555,0.00795737374573946,0.0718565434217453,0.010304640978574753,0.03134661540389061,0.034674324095249176,0.07833386957645416,0.029493097215890884,0.01872793585062027,0.02393331192433834,0.037308961153030396,0.03740110248327255,0.038998816162347794,0.048183996230363846,0.037340231239795685,0.08055402338504791,0.026085911318659782,0.011462212540209293,0.017998015508055687,0.008466072380542755,0.015557385981082916,0.03165557235479355,0.010883747600018978,0.22842110693454742,0.02537541650235653,0.0259434562176466,0.1799890697002411,0.002956268610432744,0.015446915291249752,0.016639551147818565,0.002284339861944318,0.09204670786857605,0.0902630165219307,0.010568778961896896,0.04936716705560684,0.007418037857860327,0.07170704007148743,0.05566350370645523,0.006607874296605587,0.002381565747782588,0.04790300130844116,0.14866171777248383,0.06676989048719406,0.005086985416710377,0.032479461282491684,0.021486952900886536,0.03476303443312645,0.013200121931731701,0.020126646384596825,0.042814772576093674,,,,,,,,,,,,,,,
unknown,ゆ,260,261,322.86017,322.98007,0.64697266,,0.06211625784635544,0.03827882930636406,0.06029486283659935,0.305330365896225,0.008376694284379482,0.059321749955415726,0.006156126502901316,0.04053601250052452,0.025803981348872185,0.04932601749897003,0.023753289133310318,0.019259154796600342,0.034600161015987396,0.0416724756360054,0.0417715348303318,0.03185570240020752,0.037155259400606155,0.03385969251394272,0.06741023808717728,0.031029079109430313,0.011410190723836422,0.012010251171886921,0.00830652192234993,0.0170481838285923,0.02061731554567814,0.009438351728022099,0.2573651373386383,0.02864767424762249,0.025957033038139343,0.20371121168136597,0.002334759570658207,0.011775964871048927,0.00811468344181776,0.002663087099790573,0.1273128241300583,0.09571502357721329,0.007444773800671101,0.05537209287285805,0.004631024319678545,0.06819276511669159,0.05026240274310112,0.0047426666133105755,0.0018338717054575682,0.03441718593239784,0.14853535592556,0.06256760656833649,0.003929091617465019,0.01979093812406063,0.025477508082985878,0.04604674503207207,0.011655014008283615,0.006080822553485632,0.04824525862932205,,,,,,,,,,,,,,,
unknown,ス,262,263,322.98007,323.13998,0.4724121,,0.05702640861272812,0.03977498039603233,0.04269380867481232,0.2253863513469696,0.00773261021822691,0.0563909187912941,0.014626068994402885,0.032026320695877075,0.04429398849606514,0.046715687960386276,0.027290228754281998,0.01801111362874508,0.035979047417640686,0.060025088489055634,0.0373479388654232,0.037852171808481216,0.04407097399234772,0.04476379603147507,0.08944598585367203,0.02391389012336731,0.0089754369109869,0.022557420656085014,0.012960158288478851,0.014321355149149895,0.041745491325855255,0.030115840956568718,0.21129758656024933,0.025804322212934494,0.037871215492486954,0.14475342631340027,0.003507152432575822,0.015857156366109848,0.029469391331076622,0.0024004073347896338,0.10128439217805862,0.08464222401380539,0.011499005369842052,0.05920390412211418,0.011172622442245483,0.08575589954853058,0.06100299954414368,0.008238929323852062,0.0028244229033589363,0.08946142345666885,0.1265144944190979,0.061941470950841904,0.004650039132684469,0.04648047313094139,0.022065166383981705,0.03059261664748192,0.03674866631627083,0.011713817715644836,0.04514838382601738,,,,,,,,,,,,,,,
unknown,り,264,265,323.13998,323.63998,0.7973633,,0.06523545831441879,0.05011266842484474,0.05934324115514755,0.28192025423049927,0.007900756783783436,0.05977364256978035,0.008985728956758976,0.03460913151502609,0.04834139719605446,0.06998879462480545,0.03394664451479912,0.021830301731824875,0.04961073771119118,0.057730335742235184,0.04717738926410675,0.029520351439714432,0.029004914686083794,0.03537987545132637,0.055537838488817215,0.03372909128665924,0.009708701632916927,0.014486839063465595,0.012146705761551857,0.011636261828243732,0.026523441076278687,0.024311207234859467,0.20925860106945038,0.03309949114918709,0.030413612723350525,0.1262015998363495,0.0025636209174990654,0.011063245125114918,0.010877978056669235,0.002235972322523594,0.14037269353866577,0.07967234402894974,0.013552096672356129,0.05761043727397919,0.006528663448989391,0.05910536274313927,0.04039016366004944,0.0035819655749946833,0.00407843803986907,0.05055339261889458,0.16520893573760986,0.04142752289772034,0.006420006975531578,0.02424803376197815,0.018106568604707718,0.02360210195183754,0.031144924461841583,0.0095280222594738,0.02751757949590683,,,,,,,,,,,,,,,
unknown,か,266,267,325.93796,326.0579,0.8510742,,0.06917253136634827,0.04794876277446747,0.07009027898311615,0.26425594091415405,0.019767846912145615,0.09497316181659698,0.004040805622935295,0.043205417692661285,0.0275697261095047,0.04703166335821152,0.023331182077527046,0.02172517031431198,0.06296690553426743,0.057809364050626755,0.10041914135217667,0.01827141083776951,0.024677835404872894,0.02779792621731758,0.05304013565182686,0.0772625058889389,0.02688431367278099,0.00961470976471901,0.013891790062189102,0.011196861974895,0.01357964426279068,0.00900948978960514,0.1606651395559311,0.0437028706073761,0.03483080863952637,0.09417693316936493,0.002008732408285141,0.006742298603057861,0.004305021837353706,0.003661836963146925,0.1478000432252884,0.05688338726758957,0.011167279444634914,0.03865037113428116,0.0034311371855437756,0.045495711266994476,0.02952922321856022,0.0012417850084602833,0.004764314740896225,0.021338505670428276,0.24603770673274994,0.0302521251142025,0.010699423030018806,0.01695220172405243,0.023484928533434868,0.021655341610312462,0.010772171430289745,0.005332332570105791,0.021399103105068207,,,,,,,,,,,,,,,
unknown,わ,268,269,326.0579,326.21777,0.8071289,,0.0650239810347557,0.04784179851412773,0.0848463848233223,0.2754918336868286,0.014484099112451077,0.08026356995105743,0.004461714066565037,0.040900085121393204,0.03145749121904373,0.0528283528983593,0.023906707763671875,0.021416235715150833,0.06003028154373169,0.05930708348751068,0.0845559760928154,0.02145145647227764,0.038130972534418106,0.0281094741076231,0.048270825296640396,0.06650009751319885,0.026044130325317383,0.009233999066054821,0.014683010056614876,0.01599089428782463,0.014415941201150417,0.008970038034021854,0.17853368818759918,0.0490301251411438,0.040494829416275024,0.11303049325942993,0.0019411996472626925,0.005882699508219957,0.004514782223850489,0.0032707720529288054,0.1526799499988556,0.06689764559268951,0.012294149957597256,0.037474121898412704,0.0036903463769704103,0.043114401400089264,0.029708588495850563,0.0014967723982408643,0.006768170278519392,0.018970847129821777,0.21038605272769928,0.035697732120752335,0.01960413157939911,0.01733705773949623,0.02074561081826687,0.024356579408049583,0.010398918762803078,0.006464523728936911,0.022089432924985886,,,,,,,,,,,,,,,
unknown,い,270,271,326.21777,326.2977,0.8955078,,0.07223378121852875,0.051421117037534714,0.10831459611654282,0.28494060039520264,0.0055965338833630085,0.036092571914196014,0.00436782743781805,0.04986393079161644,0.023544950410723686,0.054862868040800095,0.0371333546936512,0.028000175952911377,0.045484837144613266,0.07881996780633926,0.04683111235499382,0.05138253793120384,0.07383096218109131,0.04167111590504646,0.028352847322821617,0.021844949573278427,0.008456528186798096,0.006134395953267813,0.010759496130049229,0.03276790305972099,0.009684677235782146,0.007441419642418623,0.3301917612552643,0.06201225519180298,0.040232498198747635,0.23539233207702637,0.0015722495736554265,0.01178901456296444,0.004974910989403725,0.0017104626167565584,0.21772843599319458,0.14071182906627655,0.012382064014673233,0.05038755387067795,0.00296739861369133,0.07529649138450623,0.0341741181910038,0.0031520104967057705,0.005515207536518574,0.015851136296987534,0.14100594818592072,0.0790867879986763,0.01191016100347042,0.011782822199165821,0.011533435434103012,0.03664645925164223,0.009132076986134052,0.005315777845680714,0.04675396904349327,,,,,,,,,,,,,,,
unknown,い,272,273,326.2977,326.7977,0.9589844,,0.05942310765385628,0.051651597023010254,0.0963912308216095,0.28762033581733704,0.009512253105640411,0.05380567908287048,0.005148382857441902,0.04364745691418648,0.029845532029867172,0.057183749973773956,0.02743517979979515,0.02335970103740692,0.049514040350914,0.07914058119058609,0.062596395611763,0.034105513244867325,0.11549053341150284,0.03329838812351227,0.040488000959157944,0.03859836235642433,0.018229832872748375,0.00893179327249527,0.012796389870345592,0.02974824793636799,0.013218708336353302,0.00894662644714117,0.2761369049549103,0.061715856194496155,0.04902346059679985,0.19714732468128204,0.002128728898242116,0.007725661154836416,0.007021660450845957,0.003034396795555949,0.21379005908966064,0.10913697630167007,0.013762913644313812,0.055997174233198166,0.004266942385584116,0.05009999871253967,0.038761433213949203,0.00192422850523144,0.007464709226042032,0.019999779760837555,0.16034971177577972,0.05633169412612915,0.020771069452166557,0.01762799546122551,0.016499418765306473,0.03235599398612976,0.00929652713239193,0.004916295409202576,0.027484668418765068,,,,,,,,,,,,,,,
unknown,赤,274,275,332.22842,332.34836,0.98876953,,0.028478877618908882,0.040389686822891235,0.06435862183570862,0.15510423481464386,0.016265718266367912,0.09822764247655869,0.014820190146565437,0.021136682480573654,0.045616790652275085,0.05156286433339119,0.01359410211443901,0.012389288283884525,0.030248520895838737,0.036818284541368484,0.0468449741601944,0.019268207252025604,0.13180942833423615,0.03546189144253731,0.08805795758962631,0.03674112632870674,0.021510889753699303,0.029581710696220398,0.007161642424762249,0.01886344514787197,0.03383803740143776,0.02656509168446064,0.21791377663612366,0.027955204248428345,0.058284979313611984,0.17393197119235992,0.0028976218309253454,0.008100120350718498,0.04196936637163162,0.0038108269218355417,0.0906212255358696,0.07126321643590927,0.013724278658628464,0.04186493158340454,0.011650021187961102,0.04134053364396095,0.036248501390218735,0.0027373158372938633,0.004526626318693161,0.07445266097784042,0.09538345783948898,0.032365113496780396,0.011350023560225964,0.051038891077041626,0.02032606676220894,0.016299527138471603,0.027559904381632805,0.007663961499929428,0.018037870526313782,,,,,,,,,,,,,,,
unknown,い,276,277,332.34836,332.84836,0.9638672,,0.03628059849143028,0.049716249108314514,0.0804242342710495,0.14776979386806488,0.01562923938035965,0.09599325060844421,0.016365928575396538,0.0260471198707819,0.0483209565281868,0.05447074770927429,0.01753866672515869,0.014367911964654922,0.02651829458773136,0.043457649648189545,0.044197529554367065,0.022226721048355103,0.1408330798149109,0.03805815055966377,0.07414183020591736,0.03137677535414696,0.017623037099838257,0.02913152053952217,0.006932259537279606,0.020038969814777374,0.035112880170345306,0.027084700763225555,0.2123958021402359,0.03487975895404816,0.07006023079156876,0.1698194444179535,0.003071276005357504,0.009906359948217869,0.03259682655334473,0.003422507317736745,0.09695161879062653,0.07694239914417267,0.01559742633253336,0.051773060113191605,0.013114814646542072,0.04846096783876419,0.041387125849723816,0.0033306144177913666,0.007194020319730043,0.07310929894447327,0.08313953876495361,0.036577995866537094,0.016736863180994987,0.045774780213832855,0.01665324904024601,0.01833677664399147,0.02628791332244873,0.008275431580841541,0.019398797303438187,,,,,,,,,,,,,,,
unknown,家,278,279,341.14194,341.26184,0.96875,,0.025257771834731102,0.025950120761990547,0.05368689447641373,0.1506478190422058,0.014471553266048431,0.11712644249200821,0.024176092818379402,0.02213795855641365,0.04552518203854561,0.10247615724802017,0.020887209102511406,0.01727639138698578,0.025194577872753143,0.05332377925515175,0.04070562496781349,0.021862134337425232,0.13314490020275116,0.03785720840096474,0.12840574979782104,0.031238391995429993,0.015440483577549458,0.04192538186907768,0.008924747817218304,0.013622486963868141,0.03797292336821556,0.028346557170152664,0.19408434629440308,0.02570689283311367,0.06986606866121292,0.16504843533039093,0.004446250386536121,0.009019267745316029,0.035409703850746155,0.003731766249984503,0.08734160661697388,0.06146838515996933,0.006951835006475449,0.07349061220884323,0.01758960634469986,0.03199638053774834,0.05857725068926811,0.005290092434734106,0.0031704686116427183,0.12236200273036957,0.09422428905963898,0.03248372673988342,0.006403723265975714,0.0491969920694828,0.022939147427678108,0.019944731146097183,0.02717946469783783,0.016490932554006577,0.01942281238734722,,,,,,,,,,,,,,,
unknown,の,280,281,341.26184,341.38177,0.9975586,,0.024743983522057533,0.02497340552508831,0.05767490342259407,0.15104155242443085,0.01041544508188963,0.10076229274272919,0.024914462119340897,0.020927997305989265,0.05540959909558296,0.1212325394153595,0.031305041164159775,0.02183343842625618,0.023829475045204163,0.05539528653025627,0.032157644629478455,0.027307087555527687,0.11484900116920471,0.039485782384872437,0.11662685871124268,0.02423591911792755,0.011984388343989849,0.03861846774816513,0.007991987280547619,0.012599242851138115,0.04646219313144684,0.03220671787858009,0.20606034994125366,0.025348274037241936,0.05344823747873306,0.16888976097106934,0.004124906379729509,0.011044825427234173,0.04173795133829117,0.003217022167518735,0.10812254995107651,0.0661475658416748,0.006871378980576992,0.08487539738416672,0.017043177038431168,0.03352491557598114,0.06324305385351181,0.006842057220637798,0.0031839534640312195,0.11042315512895584,0.07085314393043518,0.03962784260511398,0.006100721191614866,0.05054440349340439,0.022198252379894257,0.022912533953785896,0.030711980536580086,0.018541978672146797,0.02048778161406517,,,,,,,,,,,,,,,
unknown,鍵,282,283,341.38177,341.88177,0.98046875,,0.03685303032398224,0.03891366720199585,0.052431151270866394,0.19645248353481293,0.00853234063833952,0.06489680707454681,0.01670764572918415,0.024397702887654305,0.0457984022796154,0.055117081850767136,0.015825971961021423,0.01417845394462347,0.018480224534869194,0.03267620876431465,0.028079768642783165,0.023921579122543335,0.10522203147411346,0.0483442060649395,0.07485156506299973,0.017591692507267,0.0076369778253138065,0.024429749697446823,0.006119222845882177,0.0179399773478508,0.04097224026918411,0.021908923983573914,0.3264763355255127,0.02320823259651661,0.04879540205001831,0.28245019912719727,0.0031605646945536137,0.01582353562116623,0.0362049862742424,0.0023953262716531754,0.10288368910551071,0.10177301615476608,0.010045343078672886,0.06743946671485901,0.008610468357801437,0.050117701292037964,0.052896566689014435,0.0060206023044884205,0.002784994663670659,0.06975619494915009,0.08672475069761276,0.04516660049557686,0.004530125763267279,0.03987429291009903,0.01823470927774906,0.03044549562036991,0.025711217895150185,0.007485487964004278,0.032270610332489014,,,,,,,,,,,,,,,
unknown,ア,284,285,345.67377,345.79367,0.98779297,,0.019369252026081085,0.021985024213790894,0.025610467419028282,0.15965288877487183,0.024861203506588936,0.11879716068506241,0.021589456126093864,0.01719854585826397,0.042878128588199615,0.0686800554394722,0.01287208590656519,0.012913228943943977,0.022108476608991623,0.03066358156502247,0.04595843330025673,0.01230982132256031,0.06735919415950775,0.03964756056666374,0.08426173776388168,0.03135087713599205,0.01131597813218832,0.03626986965537071,0.007941588759422302,0.012464753352105618,0.024812886491417885,0.021485885605216026,0.22305332124233246,0.016881877556443214,0.04576774686574936,0.2270819991827011,0.00518755754455924,0.008412114344537258,0.019049664959311485,0.004003158770501614,0.08364687114953995,0.06147650256752968,0.006929478608071804,0.03798770532011986,0.011161849834024906,0.022213861346244812,0.051348976790905,0.0042052059434354305,0.0032047878485172987,0.06647758185863495,0.11387736350297928,0.021199394017457962,0.00449203560128808,0.027272172272205353,0.029753543436527252,0.023948488757014275,0.022521447390317917,0.008174538612365723,0.020075054839253426,,,,,,,,,,,,,,,
unknown,パ,286,287,345.79367,345.9136,0.8457031,,0.009791189804673195,0.011130657978355885,0.013769656419754028,0.0996619313955307,0.058501843363046646,0.2556179165840149,0.032871928066015244,0.008859049528837204,0.04372061789035797,0.08886562287807465,0.008634757250547409,0.012944529764354229,0.026050755754113197,0.03425978124141693,0.07844924181699753,0.0061819953843951225,0.06160866469144821,0.03265051543712616,0.1539275050163269,0.06587757170200348,0.02376992627978325,0.06321782618761063,0.011418876238167286,0.005081381183117628,0.027489645406603813,0.02095213159918785,0.11357510834932327,0.011575298383831978,0.045462340116500854,0.10201460123062134,0.007024745922535658,0.004160803742706776,0.024726802483201027,0.005238776560872793,0.056498270481824875,0.022129187360405922,0.0039053645450621843,0.030006572604179382,0.01716712675988674,0.009321971796452999,0.04840833321213722,0.002134193666279316,0.0021224492229521275,0.08558686822652817,0.10023073852062225,0.009606686420738697,0.0032031689770519733,0.03756678104400635,0.03382008150219917,0.008845304138958454,0.018721802160143852,0.016301313415169716,0.008311333134770393,,,,,,,,,,,,,,,
unknown,ー,288,289,345.9136,346.0335,0.9916992,,0.01616078056395054,0.011352545581758022,0.015731895342469215,0.12637470662593842,0.060054514557123184,0.26345565915107727,0.028406424447894096,0.010428004898130894,0.05477936193346977,0.052115269005298615,0.00856004934757948,0.014325007796287537,0.04630601033568382,0.04746202006936073,0.09456908702850342,0.0056153712794184685,0.04207553341984749,0.03514697402715683,0.1781015843153,0.10250305384397507,0.031613972038030624,0.05463467538356781,0.02189077064394951,0.0034629390574991703,0.03740623965859413,0.036304816603660583,0.11322561651468277,0.010236125439405441,0.05224130302667618,0.07037157565355301,0.0067688655108213425,0.00447761220857501,0.02838059514760971,0.005896322894841433,0.08687994629144669,0.019221752882003784,0.0035170079208910465,0.02697904035449028,0.015864050015807152,0.009955565445125103,0.0584285631775856,0.002117617754265666,0.0016868915408849716,0.075098916888237,0.122279591858387,0.009729859419167042,0.0026467638090252876,0.044867195188999176,0.047412652522325516,0.013035645708441734,0.037615276873111725,0.010130253620445728,0.008130094036459923,,,,,,,,,,,,,,,
unknown,ト,290,291,346.0335,346.5335,0.9941406,,0.012289697304368019,0.010403187945485115,0.013397911563515663,0.1316402107477188,0.056278932839632034,0.2764871418476105,0.027382977306842804,0.008097676560282707,0.0621553510427475,0.07585780322551727,0.008677645586431026,0.012438241392374039,0.03936583548784256,0.04006239026784897,0.08672118932008743,0.005364746320992708,0.03978808596730232,0.028920261189341545,0.1669396013021469,0.09406650811433792,0.026949482038617134,0.05119580775499344,0.018410325050354004,0.003114599036052823,0.0411263071000576,0.02573176845908165,0.10861048847436905,0.009392214007675648,0.04733880236744881,0.07256767153739929,0.0060880910605192184,0.0029368484392762184,0.02729758620262146,0.004689580760896206,0.07477886974811554,0.018903521820902824,0.0033149488735944033,0.03249543905258179,0.013619091361761093,0.00997180212289095,0.05169867351651192,0.0015222073998302221,0.0016773820389062166,0.07294853031635284,0.1102902889251709,0.00851495936512947,0.0026898265350610018,0.045515455305576324,0.03915887698531151,0.009916834533214569,0.025466112419962883,0.011514062993228436,0.006883394438773394,,,,,,,,,,,,,,,
unknown,ゴ,292,293,350.3906,350.5105,0.9975586,,0.008934875018894672,0.00953681580722332,0.009971832856535912,0.12593123316764832,0.0772925317287445,0.24895302951335907,0.03413012623786926,0.006949068978428841,0.05054662749171257,0.09054552763700485,0.007991447113454342,0.012848339974880219,0.03727074712514877,0.0276348814368248,0.09700483083724976,0.00600341847166419,0.03121330961585045,0.027433037757873535,0.10721305757761002,0.09059996157884598,0.04019291698932648,0.0768880769610405,0.013068580999970436,0.004503769334405661,0.02832017093896866,0.03820422664284706,0.10656122863292694,0.009066181257367134,0.017757778987288475,0.07329341769218445,0.010026159696280956,0.00375570822507143,0.019655941054224968,0.010527772828936577,0.06067804619669914,0.01962984725832939,0.004527423530817032,0.02916623093187809,0.024585839360952377,0.008485732600092888,0.02722887136042118,0.0019207734148949385,0.0016624911222606897,0.07409843057394028,0.13903012871742249,0.008382127620279789,0.003147193230688572,0.030905259773135185,0.0391317717730999,0.0076451376080513,0.03342607617378235,0.02137051150202751,0.0072686998173594475,,,,,,,,,,,,,,,
unknown,ル,294,295,350.5105,350.6704,0.99365234,,0.007672108709812164,0.007490051444619894,0.009694266133010387,0.08168982714414597,0.07927912473678589,0.2606220543384552,0.03366285562515259,0.006965813226997852,0.044116534292697906,0.08960704505443573,0.008528098464012146,0.011121786199510098,0.0420314222574234,0.03332281485199928,0.0995384231209755,0.004866968374699354,0.02394876442849636,0.016769450157880783,0.16319897770881653,0.12312480807304382,0.06212536245584488,0.09317704290151596,0.013524774461984634,0.002912045456469059,0.02738105319440365,0.05860219895839691,0.0602591373026371,0.008103986270725727,0.016148507595062256,0.04146762192249298,0.009944851510226727,0.0023272521793842316,0.023357681930065155,0.014828696846961975,0.06022525578737259,0.011104578152298927,0.003668902674689889,0.028191663324832916,0.03139869496226311,0.005224060267210007,0.03523774445056915,0.0018437643302604556,0.0014114095829427242,0.1258111298084259,0.0906878337264061,0.006451746914535761,0.002889841329306364,0.03901444748044014,0.06248479336500168,0.006962508428841829,0.04995812103152275,0.020062100142240524,0.0043531558476388454,,,,,,,,,,,,,,,
unknown,フ,296,297,350.6704,351.1704,0.9970703,,0.01804054155945778,0.010842567309737206,0.014112351462244987,0.12863987684249878,0.08693879842758179,0.212205171585083,0.026016460731625557,0.0161422248929739,0.02957085520029068,0.036637865006923676,0.008007890544831753,0.016701694577932358,0.055597934871912,0.04307258129119873,0.10370683670043945,0.007500807289034128,0.024173958227038383,0.03394884616136551,0.12110166251659393,0.09687924385070801,0.042029719799757004,0.06131354346871376,0.017141612246632576,0.005755260586738586,0.01734570413827896,0.03318451717495918,0.15848249197006226,0.01211778074502945,0.021240508183836937,0.10834935307502747,0.010069704614579678,0.005413677543401718,0.00994443241506815,0.013567042537033558,0.11425097286701202,0.02340657263994217,0.0028072029817849398,0.025973528623580933,0.01732039824128151,0.012624259106814861,0.03156106919050217,0.0022451644763350487,0.0009722957038320601,0.055283643305301666,0.1311822086572647,0.013585112988948822,0.0020126840099692345,0.020122535526752472,0.06939159333705902,0.01935085840523243,0.028781138360500336,0.009586679749190807,0.012966369278728962,,,,,,,,,,,,,,,
unknown,使,298,299,359.55875,359.7984,0.99853516,,0.006409309338778257,0.0039156582206487656,0.005760998465120792,0.09843651205301285,0.2349858283996582,0.4298655092716217,0.015959011390805244,0.007565992884337902,0.02950238808989525,0.03275212645530701,0.004662979394197464,0.00865968782454729,0.06744623184204102,0.02998526208102703,0.20222507417201996,0.0036677576135843992,0.013604448176920414,0.01816590689122677,0.22662661969661713,0.2315463274717331,0.12130565941333771,0.07063260674476624,0.019125234335660934,0.003057199064642191,0.0254878718405962,0.01749213971197605,0.04450323432683945,0.00697984779253602,0.01711779274046421,0.027801383286714554,0.006528528407216072,0.0017605916364118457,0.01230818685144186,0.01673205755650997,0.03749909996986389,0.00878029502928257,0.0013401876203715801,0.015666404739022255,0.020093679428100586,0.006308816373348236,0.032462798058986664,0.0011662585893645883,0.0007624296122230589,0.05461505427956581,0.13038261234760284,0.006655675824731588,0.002482607727870345,0.03475610539317131,0.09111206978559494,0.009003295563161373,0.01250883936882019,0.01259186677634716,0.0073957121931016445,,,,,,,,,,,,,,,
unknown,い,300,301,359.7984,359.9981,0.99902344,,0.008278104476630688,0.006454318296164274,0.011473468504846096,0.16032764315605164,0.13770146667957306,0.2988141179084778,0.01689331606030464,0.010474332608282566,0.031878843903541565,0.039759259670972824,0.00863722339272499,0.014892056584358215,0.05976279452443123,0.040333092212677,0.16158068180084229,0.005857646465301514,0.023819265887141228,0.02720099315047264,0.15245163440704346,0.18474751710891724,0.09010808914899826,0.06028246134519577,0.01854633539915085,0.005665882024914026,0.02080380544066429,0.020490052178502083,0.08119048178195953,0.012346776202321053,0.016775334253907204,0.052625179290771484,0.00887849647551775,0.0022634188644587994,0.010497805662453175,0.019302750006318092,0.06840305030345917,0.017097048461437225,0.002371191745623946,0.022471707314252853,0.017427584156394005,0.0076952483505010605,0.03673643618822098,0.0012842793948948383,0.001486842054873705,0.04600255563855171,0.15189754962921143,0.009847493842244148,0.0042080446146428585,0.02648560330271721,0.07538162916898727,0.012127075344324112,0.015618753619492054,0.009197111241519451,0.009289476089179516,,,,,,,,,,,,,,,
unknown,切,302,303,359.9981,360.11792,0.9111328,,0.005111626349389553,0.00366116757504642,0.0066582923755049706,0.08630049973726273,0.2292213886976242,0.4262281358242035,0.02475910820066929,0.006673522759228945,0.043070290237665176,0.024233056232333183,0.004912395495921373,0.0066810715943574905,0.05916751176118851,0.032364945858716965,0.19427095353603363,0.0035495676565915346,0.015275025740265846,0.015851814299821854,0.2653197944164276,0.26323074102401733,0.14147917926311493,0.1017833724617958,0.023108210414648056,0.0026040736120194197,0.03796429932117462,0.02680109813809395,0.032369740307331085,0.006528907455503941,0.020020009949803352,0.020665716379880905,0.010855816304683685,0.0014761044876649976,0.018409203737974167,0.02486364357173443,0.03333352506160736,0.007198798470199108,0.001601717434823513,0.013192313723266125,0.032441992312669754,0.005436508450657129,0.0437547042965889,0.0011999646667391062,0.001123195281252265,0.08800428360700607,0.11899959295988083,0.005764729343354702,0.003215866396203637,0.04962291195988655,0.11857370287179947,0.008919451385736465,0.01810183934867382,0.01043004635721445,0.005172654055058956,,,,,,,,,,,,,,,
unknown,っ,304,305,360.11792,360.23773,0.99902344,,0.009905513375997543,0.010509629733860493,0.015602121129631996,0.09510233253240585,0.1298770308494568,0.32212886214256287,0.0468718484044075,0.01301382016390562,0.025968875735998154,0.03243113309144974,0.005350456107407808,0.01225046906620264,0.04830655828118324,0.036733612418174744,0.08024943619966507,0.007621341850608587,0.052415505051612854,0.018908223137259483,0.18521882593631744,0.1354108601808548,0.07786929607391357,0.11639602482318878,0.01833696849644184,0.009556653909385204,0.020324891433119774,0.010988417081534863,0.13887934386730194,0.013346263207495213,0.012315616942942142,0.14376869797706604,0.025335516780614853,0.0036661692429333925,0.01084832102060318,0.03059510514140129,0.07125841081142426,0.03169207647442818,0.00417424738407135,0.0716262012720108,0.029721364378929138,0.00801937934011221,0.03578410670161247,0.002504652598872781,0.0018114311387762427,0.056972529739141464,0.07206681370735168,0.013779440894722939,0.00401913421228528,0.021952707320451736,0.11254177987575531,0.024782732129096985,0.006131193600594997,0.013186214491724968,0.009266827255487442,,,,,,,,,,,,,,,
unknown,た,306,307,360.23773,360.73773,0.99609375,,0.021905995905399323,0.035934679210186005,0.01801568828523159,0.143979012966156,0.07754230499267578,0.1462031900882721,0.025705179199576378,0.01995609886944294,0.03112070821225643,0.026863792911171913,0.01308094710111618,0.016829414293169975,0.04947842285037041,0.032577551901340485,0.05483973026275635,0.025243552401661873,0.04972338303923607,0.039763182401657104,0.08122237026691437,0.05665655806660652,0.024182915687561035,0.06120886281132698,0.013365242630243301,0.04445802792906761,0.01570253074169159,0.020449580624699593,0.29726988077163696,0.02640702575445175,0.008529516868293285,0.27739062905311584,0.01261004339903593,0.008164777420461178,0.009205137379467487,0.013241519220173359,0.09309253841638565,0.1224115714430809,0.03206885606050491,0.0744338184595108,0.03454609215259552,0.02814890630543232,0.029817501083016396,0.005188596900552511,0.014243199490010738,0.04502517357468605,0.07029291987419128,0.0423007532954216,0.020266877487301826,0.015207271091639996,0.06941906362771988,0.04031287506222725,0.01364600844681263,0.014498407021164894,0.03480329364538193,,,,,,,,,,,,,,,
unknown,オ,308,309,362.15485,362.27466,0.99365234,,0.020359793677926064,0.03579787164926529,0.015673819929361343,0.15748074650764465,0.06928303837776184,0.14124779403209686,0.016956742852926254,0.01833478920161724,0.03258573263883591,0.033373575657606125,0.014979307539761066,0.01960226520895958,0.04562152549624443,0.03381720557808876,0.06081392616033554,0.02893642522394657,0.05880547687411308,0.05774490535259247,0.04588570445775986,0.04219873994588852,0.017126647755503654,0.03004634566605091,0.01259390264749527,0.04992809146642685,0.012404272332787514,0.009544078260660172,0.39466309547424316,0.02827683836221695,0.011413254775106907,0.35917630791664124,0.006033195648342371,0.009439380839467049,0.007827231660485268,0.005439516622573137,0.10762923210859299,0.15723209083080292,0.02946641854941845,0.060983091592788696,0.012232538312673569,0.03715258464217186,0.028557704761624336,0.004474236164242029,0.016288738697767258,0.019802669063210487,0.08626600354909897,0.04820115864276886,0.025648972019553185,0.011946027167141438,0.039267320185899734,0.042356688529253006,0.007302470505237579,0.014385856688022614,0.04458225518465042,,,,,,,,,,,,,,,
unknown,レ,310,311,362.27466,362.39447,0.99902344,,0.008311704732477665,0.010649662464857101,0.005371435545384884,0.08264350891113281,0.2476944923400879,0.31813621520996094,0.025977738201618195,0.00915724877268076,0.042604055255651474,0.016971265897154808,0.005095346365123987,0.00774557376280427,0.040234390646219254,0.016031550243496895,0.10965224355459213,0.0074881911277771,0.02067297324538231,0.030783189460635185,0.11872938275337219,0.1365698277950287,0.06885994970798492,0.08199381083250046,0.014896274544298649,0.013516481034457684,0.028137020766735077,0.013556322082877159,0.12233968824148178,0.009643930941820145,0.010670511052012444,0.10546191781759262,0.012193992733955383,0.0027926922775804996,0.016362100839614868,0.018304824829101562,0.03567919880151749,0.031031832098960876,0.008223352022469044,0.014623853377997875,0.026585210114717484,0.014079850167036057,0.033633556216955185,0.002490932121872902,0.005099797155708075,0.034737855195999146,0.09369371831417084,0.014468071982264519,0.013197112828493118,0.031071364879608154,0.11865343898534775,0.024321697652339935,0.009771320968866348,0.015736134722828865,0.017158227041363716,,,,,,,,,,,,,,,
unknown,ン,312,313,362.39447,362.51428,0.99609375,,0.010511069558560848,0.016781587153673172,0.009164180606603622,0.07450427860021591,0.17323660850524902,0.2224634289741516,0.02404095232486725,0.012043779715895653,0.03981596231460571,0.021586794406175613,0.009395654313266277,0.011101067997515202,0.03711044788360596,0.022411253303289413,0.0838003009557724,0.014217468909919262,0.04061070829629898,0.03336945176124573,0.09845124930143356,0.08887564390897751,0.0560019388794899,0.07428863644599915,0.011313307099044323,0.02062189392745495,0.025543175637722015,0.016310708597302437,0.15692254900932312,0.015511498786509037,0.009379726834595203,0.134746253490448,0.011070983484387398,0.0055895098485052586,0.020203521475195885,0.018872030079364777,0.05538981035351753,0.04815645143389702,0.0153390197083354,0.03746927157044411,0.031704895198345184,0.019206352531909943,0.034571316093206406,0.0035267991479486227,0.008361018262803555,0.04495595768094063,0.07111351937055588,0.02506444975733757,0.017557447776198387,0.03080296330153942,0.10138975083827972,0.030496902763843536,0.010734857060015202,0.01504496205598116,0.02165607362985611,,,,,,,,,,,,,,,
unknown,ジ,314,315,362.51428,363.01428,0.9980469,,0.009751353412866592,0.01800338551402092,0.007904465310275555,0.11166064441204071,0.1500203162431717,0.19788087904453278,0.034389860928058624,0.012399857863783836,0.05448988825082779,0.013958718627691269,0.007557029370218515,0.008178425021469593,0.044540513306856155,0.017429865896701813,0.06675134599208832,0.012925282120704651,0.041130032390356064,0.024773338809609413,0.07941863685846329,0.07963436841964722,0.05656459182500839,0.09629914164543152,0.013652337715029716,0.027913670986890793,0.03515653684735298,0.0170682854950428,0.16132983565330505,0.014616355299949646,0.007730273529887199,0.15586020052433014,0.019044728949666023,0.005900996271520853,0.02584560588002205,0.02956724725663662,0.04614083468914032,0.06057973951101303,0.01955758035182953,0.03382664546370506,0.036034051328897476,0.01728944294154644,0.03894363343715668,0.004648174624890089,0.010248721577227116,0.03839372098445892,0.10617171227931976,0.023714926093816757,0.021200181916356087,0.03414836525917053,0.1383056938648224,0.045395877212285995,0.011807500384747982,0.01587122119963169,0.021146506071090698,,,,,,,,,,,,,,,
unknown,富,316,317,368.3455,368.46533,0.99609375,,0.008044903166592121,0.009652387350797653,0.007574010640382767,0.09373541921377182,0.2546005845069885,0.2676912248134613,0.019456788897514343,0.010575034655630589,0.03323003277182579,0.012602871283888817,0.0042043118737638,0.0067770034074783325,0.03893397003412247,0.013144739903509617,0.12066292762756348,0.006861032918095589,0.035314787179231644,0.02639913372695446,0.10230258852243423,0.1578468680381775,0.10820511728525162,0.06964824348688126,0.0119674326851964,0.016118625178933144,0.02109444886445999,0.007604038342833519,0.14630571007728577,0.010022727772593498,0.011946238577365875,0.14105673134326935,0.013312945142388344,0.0031692497432231903,0.012136847712099552,0.03215983882546425,0.047383785247802734,0.02994597516953945,0.005240148399025202,0.015860816463828087,0.01411343552172184,0.011396151036024094,0.029383888468146324,0.0020964043214917183,0.0032028236892074347,0.024626828730106354,0.11840483546257019,0.015123157761991024,0.012976585887372494,0.025014614686369896,0.1487703025341034,0.033619027584791183,0.005922307260334492,0.006759911309927702,0.01659688539803028,,,,,,,,,,,,,,,
unknown,士,318,319,368.46533,368.6251,0.99560547,,0.005942947696894407,0.00677618570625782,0.007049646694213152,0.10652341693639755,0.293887197971344,0.3191336989402771,0.017615336924791336,0.006505976431071758,0.03800313547253609,0.0115128755569458,0.0042540570721030235,0.008418668992817402,0.03735637292265892,0.015327947214245796,0.16969969868659973,0.006517918314784765,0.03392355516552925,0.03400931507349014,0.10242772102355957,0.22108188271522522,0.14528170228004456,0.055536385625600815,0.014857200905680656,0.012048541568219662,0.023379378020763397,0.005450457334518433,0.14721977710723877,0.008516442030668259,0.01069789007306099,0.13176165521144867,0.012376372702419758,0.0021308755967766047,0.010460153222084045,0.03014790266752243,0.054294705390930176,0.023460377007722855,0.003847206709906459,0.017542662099003792,0.009618528187274933,0.013171474449336529,0.026566948741674423,0.001567208324559033,0.0029918928630650043,0.016081588342785835,0.11700228601694107,0.016165826469659805,0.01632179692387581,0.025700705125927925,0.12368343025445938,0.02405732125043869,0.004029606934636831,0.004083551466464996,0.01709257997572422,,,,,,,,,,,,,,,
unknown,山,320,321,368.6251,369.1251,0.91259766,,0.006289382465183735,0.00946086272597313,0.007863305509090424,0.09348911046981812,0.23971456289291382,0.2217048853635788,0.01732625998556614,0.0061419326812028885,0.02802519127726555,0.01476057805120945,0.006070327945053577,0.010717248544096947,0.033623289316892624,0.011316783726215363,0.12026255577802658,0.009572548791766167,0.050311844795942307,0.04762393608689308,0.054592981934547424,0.13771966099739075,0.0827224850654602,0.04953845962882042,0.009663880802690983,0.020192664116621017,0.010306057520210743,0.0037533121649175882,0.25967922806739807,0.00978937279433012,0.0060616107657551765,0.2368098795413971,0.014396410435438156,0.002731545362621546,0.0060851071029901505,0.024226590991020203,0.070339635014534,0.0371423065662384,0.00596974603831768,0.017330683767795563,0.0075348722748458385,0.01590503752231598,0.014527631923556328,0.0015453685773536563,0.0031741501297801733,0.011838898062705994,0.08774381130933762,0.021101247519254684,0.015641072764992714,0.01261160522699356,0.0752657875418663,0.019749794155359268,0.0029460450168699026,0.00414127204567194,0.022543689236044884,,,,,,,,,,,,,,,
unknown,ケ,322,323,376.94876,377.18845,0.59228516,,0.0076344250701367855,0.012892515398561954,0.009157613851130009,0.10763455182313919,0.09431379288434982,0.1681976169347763,0.0328206941485405,0.005777361802756786,0.026371465995907784,0.030684344470500946,0.013067042455077171,0.019707968458533287,0.025332892313599586,0.02039584144949913,0.06407339125871658,0.022212956100702286,0.08214139938354492,0.06733047962188721,0.06899987161159515,0.06372097879648209,0.03260478004813194,0.05705318972468376,0.012243895791471004,0.02238336205482483,0.011589585803449154,0.004848948679864407,0.3618277311325073,0.010760491713881493,0.004667109809815884,0.3567151725292206,0.019367640838027,0.005913532804697752,0.00875143613666296,0.013820298947393894,0.09350594878196716,0.06981372088193893,0.011442585848271847,0.055961623787879944,0.011408315971493721,0.024169525131583214,0.020499661564826965,0.004551182501018047,0.004150424152612686,0.023141561076045036,0.05925847589969635,0.04177316650748253,0.01067657396197319,0.012814422138035297,0.05140591785311699,0.02389167621731758,0.003825441235676408,0.010059894993901253,0.03368387371301651,,,,,,,,,,,,,,,
unknown,カ,324,325,377.18845,377.68845,0.6196289,,0.013721269555389881,0.024799076840281487,0.010548715479671955,0.10541653633117676,0.07884667068719864,0.10811503231525421,0.02773071825504303,0.008923438377678394,0.017276445403695107,0.019034504890441895,0.010789405554533005,0.016878707334399223,0.0241922065615654,0.017099201679229736,0.05491579696536064,0.023302491754293442,0.09052484482526779,0.06572816520929337,0.04139784723520279,0.043816134333610535,0.021717345342040062,0.04445565491914749,0.009938309900462627,0.03174193203449249,0.006218882743269205,0.005004416219890118,0.43906062841415405,0.012978538870811462,0.004593306221067905,0.44321784377098083,0.017963247373700142,0.009305709041655064,0.005176372826099396,0.012059916742146015,0.11336959898471832,0.10196378827095032,0.02224152162671089,0.05234374478459358,0.008855217136442661,0.0264865942299366,0.015385519713163376,0.004463606514036655,0.005356872454285622,0.017495302483439445,0.05120958015322685,0.04516291990876198,0.010341651737689972,0.0073902299627661705,0.041955895721912384,0.03006952442228794,0.004387225955724716,0.00611093919724226,0.03726697713136673,,,,,,,,,,,,,,,
unknown,ウ,326,327,380.7839,380.8638,0.98046875,,0.012645984999835491,0.018237365409731865,0.01234892476350069,0.10732544958591461,0.18039949238300323,0.18098315596580505,0.021767105907201767,0.008035991340875626,0.021638911217451096,0.011921306140720844,0.004294383339583874,0.008310961537063122,0.040172602981328964,0.013727298006415367,0.08577285706996918,0.01579524390399456,0.08868484944105148,0.03784952312707901,0.09464758634567261,0.09539550542831421,0.0570795014500618,0.06986444443464279,0.009954823181033134,0.027177898213267326,0.011869439855217934,0.005014339461922646,0.27874916791915894,0.01081374567002058,0.005948317237198353,0.25793859362602234,0.01607457734644413,0.006452420726418495,0.007082833442837,0.02401682548224926,0.061504632234573364,0.06892938911914825,0.01180228590965271,0.06210917979478836,0.018518712371587753,0.02843683585524559,0.016118070110678673,0.0027152462862432003,0.002883706009015441,0.03728194907307625,0.058185379952192307,0.0365559346973896,0.007899702526628971,0.013463686220347881,0.07664993405342102,0.02439306490123272,0.003260064637288451,0.0030932591762393713,0.03338401019573212,,,,,,,,,,,,,,,
unknown,ェ,328,329,380.8638,381.06354,0.94921875,,0.012037294916808605,0.026766337454319,0.015586628578603268,0.10869607329368591,0.08788307011127472,0.1032743901014328,0.01576291024684906,0.008338509127497673,0.020242393016815186,0.02463335543870926,0.009887393563985825,0.014569681137800217,0.03294898569583893,0.01484664622694254,0.06097053363919258,0.02885415218770504,0.13011735677719116,0.05034962296485901,0.0315844751894474,0.04182753711938858,0.027659805491566658,0.03433455154299736,0.0065763588063418865,0.050681617110967636,0.006116773933172226,0.00280673336237669,0.4247288107872009,0.017590172588825226,0.004021769389510155,0.41792044043540955,0.00975291058421135,0.007414672989398241,0.003860109718516469,0.01070872601121664,0.09184113144874573,0.12670806050300598,0.02178947627544403,0.06852327287197113,0.009161634370684624,0.03383287414908409,0.01262657344341278,0.0026301145553588867,0.00634610652923584,0.014656946063041687,0.042962461709976196,0.05365227162837982,0.015801792964339256,0.006643800530582666,0.029951147735118866,0.02372218482196331,0.001851715729571879,0.004513866268098354,0.041801437735557556,,,,,,,,,,,,,,,
unknown,デ,330,331,381.06354,381.1035,0.9980469,,0.013488703407347202,0.018355298787355423,0.025814197957515717,0.09084918349981308,0.1032518744468689,0.1509738564491272,0.01890793815255165,0.012490322813391685,0.03496516868472099,0.02233879268169403,0.019144602119922638,0.036379046738147736,0.056955501437187195,0.05215295031666756,0.11170908063650131,0.01715824007987976,0.07323843240737915,0.05818398296833038,0.053443603217601776,0.13347116112709045,0.10278164595365524,0.04153980687260628,0.017351116985082626,0.01850418746471405,0.015876932069659233,0.005774131044745445,0.20357200503349304,0.029355894774198532,0.006448457483202219,0.15086378157138824,0.016320986673235893,0.004280145280063152,0.008739388547837734,0.02889695018529892,0.13486327230930328,0.03537018224596977,0.011150030419230461,0.07779594510793686,0.009418600238859653,0.031031589955091476,0.02733851596713066,0.0017526006558910012,0.007142787799239159,0.016884695738554,0.06882748007774353,0.03457681089639664,0.03005150891840458,0.021428430452942848,0.050718847662210464,0.019184282049536705,0.00376392574980855,0.004638314247131348,0.02556949108839035,,,,,,,,,,,,,,,
unknown,ィ,332,333,381.1035,381.18338,0.99853516,,0.014961468987166882,0.024136776104569435,0.022271301597356796,0.08905836939811707,0.12183182686567307,0.2015504240989685,0.010399200953543186,0.010439408011734486,0.028820138424634933,0.038144562393426895,0.018572835251688957,0.019369037821888924,0.048239100724458694,0.03648499771952629,0.12171295285224915,0.02146361768245697,0.08522874861955643,0.04960761219263077,0.09048257023096085,0.13154847919940948,0.07083149999380112,0.029582636430859566,0.011941967532038689,0.018984120339155197,0.012914207763969898,0.0057605113834142685,0.22054436802864075,0.022136002779006958,0.011566009372472763,0.15560714900493622,0.004941384308040142,0.004364024847745895,0.008848524652421474,0.0095177898183465,0.0990038514137268,0.051197826862335205,0.016361214220523834,0.07772980630397797,0.00931368675082922,0.03592168539762497,0.020736392587423325,0.001609815750271082,0.008103251457214355,0.02857634797692299,0.06168075278401375,0.03644295036792755,0.025057746097445488,0.02034865692257881,0.039516787976026535,0.015229593962430954,0.004297621548175812,0.007139133755117655,0.02709127776324749,,,,,,,,,,,,,,,
unknown,ン,334,335,381.18338,381.30325,0.9926758,,0.01111993845552206,0.01772399991750717,0.02534409798681736,0.07218188047409058,0.1400451809167862,0.19109132885932922,0.013241060078144073,0.009374498389661312,0.0422404445707798,0.028854727745056152,0.021397003903985023,0.016557728871703148,0.03761398419737816,0.03901372849941254,0.15776294469833374,0.019229982048273087,0.06758740544319153,0.038748860359191895,0.07375753670930862,0.16631844639778137,0.14807413518428802,0.03902792930603027,0.012880180962383747,0.016086934134364128,0.01904168166220188,0.009096191264688969,0.12725959718227386,0.022157348692417145,0.01148189976811409,0.08429379761219025,0.007131547201424837,0.00447082007303834,0.011890162713825703,0.018699882552027702,0.07752077281475067,0.03308717906475067,0.01656484045088291,0.05161946266889572,0.013884779997169971,0.027239665389060974,0.026983322575688362,0.0019101835787296295,0.013613889925181866,0.031589310616254807,0.09798409044742584,0.030956009402871132,0.05503959581255913,0.032552845776081085,0.04690449684858322,0.01401927974075079,0.0060611567460000515,0.009557798504829407,0.019040290266275406,,,,,,,,,,,,,,,
unknown,グ,336,337,381.30325,381.4231,0.9980469,,0.015962671488523483,0.016603073105216026,0.025020992383360863,0.06845641136169434,0.10911450535058975,0.1911856085062027,0.013015158474445343,0.012929952703416348,0.038659002631902695,0.035867806524038315,0.023393964394927025,0.021343201398849487,0.036663614213466644,0.04706624895334244,0.14893990755081177,0.02136228419840336,0.04096117243170738,0.04403553903102875,0.11011652648448944,0.17756275832653046,0.1289198398590088,0.03765144571661949,0.017605578526854515,0.012651611119508743,0.020573535934090614,0.010502617806196213,0.12781746685504913,0.023311085999011993,0.011826969683170319,0.07828588038682938,0.007716337684541941,0.005047529470175505,0.01049408596009016,0.016222581267356873,0.0879414975643158,0.027216430753469467,0.012199181132018566,0.03339438885450363,0.014815655536949635,0.027498578652739525,0.035410281270742416,0.002373214578256011,0.009470655582845211,0.032145727425813675,0.10532990843057632,0.034984517842531204,0.037481289356946945,0.0332355760037899,0.06197058781981468,0.01894027180969715,0.007586445193737745,0.01413927972316742,0.02202778495848179,,,,,,,,,,,,,,,
unknown,ド,338,339,381.4231,381.54294,0.9838867,,0.013658128678798676,0.019650354981422424,0.022099362686276436,0.06994303315877914,0.13136723637580872,0.1858806312084198,0.01058363076299429,0.013073672540485859,0.03604456037282944,0.020892882719635963,0.020234469324350357,0.01565154269337654,0.03403396159410477,0.03911178186535835,0.1446000188589096,0.022305548191070557,0.0483822338283062,0.0417165644466877,0.08354686200618744,0.16023610532283783,0.13290412724018097,0.03521188348531723,0.012681890279054642,0.017817677929997444,0.02220374159514904,0.008364107459783554,0.11008640378713608,0.025067077949643135,0.01113020721822977,0.07510324567556381,0.006388592533767223,0.004364699125289917,0.013731067068874836,0.017188286408782005,0.06387252360582352,0.0313117615878582,0.018540263175964355,0.03493118658661842,0.014038125984370708,0.03774600103497505,0.038485147058963776,0.002315657213330269,0.014115259051322937,0.028379304334521294,0.09694566577672958,0.03926905617117882,0.05717115104198456,0.03832358494400978,0.05979739874601364,0.02011082135140896,0.00576263852417469,0.009639875963330269,0.026194274425506592,,,,,,,,,,,,,,,
unknown,レ,340,341,381.54294,381.66278,0.9946289,,0.01392657496035099,0.01801299676299095,0.03140130266547203,0.10315365344285965,0.0780128613114357,0.1731809675693512,0.009892408736050129,0.01633056439459324,0.04434799775481224,0.0182949248701334,0.025105852633714676,0.019500352442264557,0.03631221503019333,0.050871528685092926,0.12709444761276245,0.025859614834189415,0.03430438041687012,0.035623058676719666,0.08557876199483871,0.16362102329730988,0.13550186157226562,0.026728622615337372,0.013529064133763313,0.021011440083384514,0.04069662094116211,0.007655683439224958,0.10129205882549286,0.03131856024265289,0.011160945519804955,0.07757490873336792,0.0050851344130933285,0.004094770643860102,0.021503617987036705,0.015885964035987854,0.06638479232788086,0.03428211808204651,0.013899142853915691,0.033118993043899536,0.008606205694377422,0.04629570245742798,0.061038531363010406,0.003404247108846903,0.014010111801326275,0.02068512886762619,0.10267739742994308,0.052413541823625565,0.0731314942240715,0.058321330696344376,0.06645059585571289,0.03015894629061222,0.005797611549496651,0.008183849975466728,0.03116230107843876,,,,,,,,,,,,,,,
unknown,ス,342,343,381.66278,382.16278,0.9741211,,0.007857476361095905,0.007380502298474312,0.014936909079551697,0.09130892902612686,0.08166636526584625,0.24218407273292542,0.01822180114686489,0.010737062431871891,0.08290470391511917,0.01606973260641098,0.01906817965209484,0.031113240867853165,0.08050493150949478,0.06130345165729523,0.10451196879148483,0.008787764236330986,0.02284589223563671,0.04321960732340813,0.09212546795606613,0.20183084905147552,0.11596441268920898,0.035484861582517624,0.030944189056754112,0.006799910683184862,0.06012333557009697,0.005728521849960089,0.07638711482286453,0.02044079639017582,0.008969242684543133,0.05494570732116699,0.010930136777460575,0.0017463103868067265,0.022354066371917725,0.018872058019042015,0.0995219349861145,0.01234150119125843,0.004073226824402809,0.019908811897039413,0.005953543353825808,0.019217142835259438,0.08277466893196106,0.001795431599020958,0.006393111776560545,0.011569694615900517,0.0826307162642479,0.01987272873520851,0.03575793281197548,0.05574992671608925,0.1153450757265091,0.03447766229510307,0.004158272873610258,0.004952892195433378,0.014169150963425636,,,,,,,,,,,,,,,
unknown,デ,344,345,386.81625,386.97604,0.92041016,,0.0056937988847494125,0.0076131755486130714,0.015652518719434738,0.09113616496324539,0.0526895672082901,0.1972448229789734,0.024413857609033585,0.007260575424879789,0.08212865889072418,0.025024956092238426,0.02896607667207718,0.0380932055413723,0.0927543118596077,0.0662827417254448,0.06943932920694351,0.013286462053656578,0.03488773852586746,0.04900524020195007,0.08483676612377167,0.13233986496925354,0.06601234525442123,0.04085526242852211,0.02958482690155506,0.009994391351938248,0.045784588903188705,0.006573876831680536,0.09492270648479462,0.021121641620993614,0.006056712009012699,0.0745895728468895,0.01196861732751131,0.0018589391838759184,0.026444820687174797,0.014338245615363121,0.1075470969080925,0.017357366159558296,0.006852749735116959,0.026609374210238457,0.007963464595377445,0.019035886973142624,0.06650162488222122,0.0027780276723206043,0.009812983684241772,0.01603260077536106,0.06977405399084091,0.025323806330561638,0.04862316697835922,0.04709099233150482,0.08410101383924484,0.02577267773449421,0.004925628658384085,0.009473811835050583,0.015543369576334953,,,,,,,,,,,,,,,
unknown,バ,346,347,386.97604,387.13586,0.8222656,,0.00674158800393343,0.009894661605358124,0.020649615675210953,0.08756163716316223,0.018258851021528244,0.11736638098955154,0.021952716633677483,0.007478842046111822,0.07472903281450272,0.039559464901685715,0.06029604375362396,0.08072562515735626,0.11703488975763321,0.10613472014665604,0.045017726719379425,0.021277815103530884,0.040574636310338974,0.07976304739713669,0.03526202216744423,0.06329994648694992,0.02041446603834629,0.018082942813634872,0.03780059516429901,0.012710832059383392,0.021724365651607513,0.004249810706824064,0.17804180085659027,0.030246591195464134,0.005228763911873102,0.1343587189912796,0.007480740547180176,0.002190894912928343,0.013820551335811615,0.004127835854887962,0.20484061539173126,0.026843329891562462,0.009047582745552063,0.027431264519691467,0.0025742969010025263,0.022771239280700684,0.056452710181474686,0.0031779969576746225,0.01490095630288124,0.00608005840331316,0.049987323582172394,0.03534188121557236,0.06261282414197922,0.02099919319152832,0.03376243636012077,0.026580266654491425,0.003948829602450132,0.01181883830577135,0.019109897315502167,,,,,,,,,,,,,,,
unknown,ニ,348,349,387.13586,387.21576,0.9375,,0.0071954852901399136,0.008474531583487988,0.019710879772901535,0.062967948615551,0.02168157324194908,0.1336660087108612,0.030557384714484215,0.008748133666813374,0.06323854625225067,0.03893805295228958,0.060962777584791183,0.0989079624414444,0.1403455287218094,0.12184248864650726,0.04016486927866936,0.017666107043623924,0.035631339997053146,0.08309129625558853,0.0481204017996788,0.06341984868049622,0.020021917298436165,0.027892038226127625,0.04768167808651924,0.008100184611976147,0.02105415053665638,0.0043039098381996155,0.1347794234752655,0.02899029664695263,0.004911487456411123,0.10000601410865784,0.013292014598846436,0.002225680509582162,0.013315004296600819,0.006100102327764034,0.21079018712043762,0.017475422471761703,0.006672934163361788,0.0288968738168478,0.004127937834709883,0.020806889981031418,0.06720655411481857,0.0030109083745628595,0.009072648361325264,0.008950992487370968,0.04155222326517105,0.02911505103111267,0.030498499050736427,0.0211729034781456,0.0489397756755352,0.027897121384739876,0.0037628503050655127,0.012429811991751194,0.0174053106456995,,,,,,,,,,,,,,,
unknown,ラ,350,351,387.21576,387.71576,0.9970703,,0.007378892973065376,0.010406638495624065,0.02034526877105236,0.0752374529838562,0.03641880676150322,0.1614585667848587,0.02373437210917473,0.009504847228527069,0.058867231011390686,0.030078057199716568,0.06648161262273788,0.0883135050535202,0.11507141590118408,0.1214267686009407,0.07078737020492554,0.019258910790085793,0.02967214584350586,0.07972424477338791,0.053744178265333176,0.117693692445755,0.04214150831103325,0.023815354332327843,0.044102396816015244,0.011209761723876,0.021771952509880066,0.005801577121019363,0.12791156768798828,0.033051274716854095,0.005612006410956383,0.10026728361845016,0.010674646124243736,0.0022573519963771105,0.01481717824935913,0.008393704891204834,0.2051239162683487,0.01979932375252247,0.010134878568351269,0.03034442663192749,0.003163889516144991,0.02045757696032524,0.0680844634771347,0.003747163340449333,0.019183877855539322,0.008380096405744553,0.054615020751953125,0.03285227715969086,0.07654739171266556,0.02595781907439232,0.05793242156505585,0.02887265756726265,0.005395395681262016,0.010500263422727585,0.019500911235809326,,,,,,,,,,,,,,,
unknown,猫,352,353,392.33978,392.83978,0.9995117,,0.014267483726143837,0.020610136911273003,0.01840115338563919,0.08202680200338364,0.05260034278035164,0.12467928975820541,0.05543150380253792,0.01939474791288376,0.03807397559285164,0.02760649472475052,0.057377561926841736,0.07070212066173553,0.09885042905807495,0.11952823400497437,0.06610626727342606,0.024712514132261276,0.02613396756350994,0.0801234319806099,0.0583321712911129,0.07939477264881134,0.03674457594752312,0.07237164676189423,0.03413616493344307,0.014655686914920807,0.017127327620983124,0.016434907913208008,0.12800855934619904,0.03553643077611923,0.005161358043551445,0.12418752908706665,0.036665480583906174,0.00548264617100358,0.015995599329471588,0.023926226422190666,0.1469876617193222,0.0353824682533741,0.01951884664595127,0.05549303814768791,0.016425155103206635,0.033454153686761856,0.07081153988838196,0.006467850413173437,0.012160539627075195,0.04678354412317276,0.06780029833316803,0.03286082670092583,0.01732579618692398,0.026316462084650993,0.06642591953277588,0.027640962973237038,0.013359949924051762,0.013088203966617584,0.02778070792555809,,,,,,,,,,,,,,,
unknown,帰,354,355,399.48364,399.60336,0.72509766,,0.016870971769094467,0.023286232724785805,0.026945810765028,0.06475260853767395,0.03197209909558296,0.059926994144916534,0.05366512015461922,0.025342276319861412,0.022426625713706017,0.023478858172893524,0.10743645578622818,0.08600503206253052,0.09123541414737701,0.15155814588069916,0.05235086753964424,0.03457511216402054,0.022364618256688118,0.06634916365146637,0.042577292770147324,0.04863283410668373,0.02561582438647747,0.07683838903903961,0.02173636481165886,0.01641698367893696,0.008996672928333282,0.031153425574302673,0.10664228349924088,0.04340147227048874,0.0033454550430178642,0.09448223561048508,0.04389176145195961,0.007507767528295517,0.012229165062308311,0.034332118928432465,0.1571381539106369,0.03524581342935562,0.021778149530291557,0.08606234192848206,0.024336814880371094,0.029982877895236015,0.06287778913974762,0.009796644560992718,0.009648007340729237,0.06903024762868881,0.04515911638736725,0.038164570927619934,0.009182842448353767,0.01909431628882885,0.04863877221941948,0.019277488812804222,0.026730086654424667,0.012451739981770515,0.03173278272151947,,,,,,,,,,,,,,,
unknown,宅,356,357,399.60336,400.10336,0.953125,,0.032090142369270325,0.04250061884522438,0.03514520451426506,0.15063227713108063,0.04543444514274597,0.09949225932359695,0.01926121488213539,0.02969314157962799,0.0172697976231575,0.019297169521450996,0.05107831582427025,0.0468897819519043,0.0375266894698143,0.060206808149814606,0.06723549216985703,0.048447445034980774,0.03478870540857315,0.05606195330619812,0.04338745027780533,0.055061209946870804,0.038760699331760406,0.037076085805892944,0.008790562860667706,0.029584158211946487,0.01281904336065054,0.01375180296599865,0.22491896152496338,0.03633296489715576,0.005059529561549425,0.19849717617034912,0.012091552838683128,0.012302872724831104,0.008502915501594543,0.017636455595493317,0.13877716660499573,0.09073209017515182,0.029554905369877815,0.07511365413665771,0.013271004892885685,0.06080108508467674,0.05334804579615593,0.009265249595046043,0.008855371735990047,0.023495998233556747,0.0672336146235466,0.08808102458715439,0.014341769739985466,0.015457652509212494,0.04212864115834236,0.04439127445220947,0.012333099730312824,0.006973015610128641,0.05504738539457321,,,,,,,,,,,,,,,
unknown,お,358,359,404.53033,404.69012,0.99902344,,0.03268391638994217,0.041024815291166306,0.0299411378800869,0.12855370342731476,0.03002167120575905,0.08078277856111526,0.014217921532690525,0.026283977553248405,0.014041268266737461,0.02305830828845501,0.056151844561100006,0.056604936718940735,0.030732348561286926,0.04966568574309349,0.05517091602087021,0.06393396854400635,0.033366795629262924,0.10363657772541046,0.030991870909929276,0.03364143893122673,0.017295433208346367,0.019864659756422043,0.007711384445428848,0.03758455812931061,0.007171830162405968,0.007356475107371807,0.3651385009288788,0.03194450959563255,0.004821454174816608,0.348954439163208,0.006547742523252964,0.01754608005285263,0.0054084970615804195,0.005942200776189566,0.15635162591934204,0.12693700194358826,0.027424773201346397,0.048405565321445465,0.005613892804831266,0.08028990030288696,0.04349234700202942,0.012851080857217312,0.008307576179504395,0.013855610974133015,0.058331962674856186,0.11424408107995987,0.013336539268493652,0.008798795752227306,0.026047052815556526,0.04923674091696739,0.007838963530957699,0.008149231784045696,0.09195410460233688,,,,,,,,,,,,,,,
unknown,母,360,361,404.69012,404.9298,0.96972656,,0.026139268651604652,0.03708474338054657,0.02424100786447525,0.1325961947441101,0.040753692388534546,0.08347579091787338,0.028828490525484085,0.02304871566593647,0.017342889681458473,0.017631327733397484,0.04158707708120346,0.063238225877285,0.035908110439777374,0.049853142350912094,0.05678609386086464,0.03569326549768448,0.038212403655052185,0.10372575372457504,0.024152008816599846,0.043454524129629135,0.022660918533802032,0.03914559260010719,0.009822954423725605,0.02644069865345955,0.007054011337459087,0.010908080264925957,0.35453730821609497,0.02763066440820694,0.0037741931155323982,0.32992735505104065,0.02068326622247696,0.011040550656616688,0.005837362725287676,0.016403790563344955,0.18415701389312744,0.09592046588659286,0.027346784248948097,0.05874676629900932,0.008792423643171787,0.05130486935377121,0.04186756908893585,0.0069207195192575455,0.006342788692563772,0.015320617705583572,0.06119450926780701,0.062386106699705124,0.008541544899344444,0.00870751403272152,0.03562043234705925,0.03916814178228378,0.010168926790356636,0.0055369483307003975,0.05185411125421524,,,,,,,,,,,,,,,
unknown,さ,362,363,404.9298,405.04962,0.9848633,,0.02012087032198906,0.022425977513194084,0.0195492934435606,0.15858279168605804,0.057862285524606705,0.12909387052059174,0.03481382504105568,0.016443384811282158,0.022072751075029373,0.017476798966526985,0.03880542889237404,0.06976886093616486,0.03408325836062431,0.06777318567037582,0.09020508080720901,0.030727170407772064,0.03169218450784683,0.133815735578537,0.03724301606416702,0.07910171896219254,0.037298738956451416,0.046203531324863434,0.016380436718463898,0.017754819244146347,0.010540015064179897,0.015749787911772728,0.3137582242488861,0.021488383412361145,0.004901028238236904,0.24527651071548462,0.023603146895766258,0.009747281670570374,0.008666628040373325,0.01863374374806881,0.16377781331539154,0.06628410518169403,0.017779015004634857,0.05005539208650589,0.010194390080869198,0.04779320955276489,0.05797892436385155,0.00769782206043601,0.005043105687946081,0.017848333343863487,0.10363274067640305,0.05692889541387558,0.00794217549264431,0.01366530079394579,0.04065683111548424,0.031780045479536057,0.014805211685597897,0.007541697006672621,0.05249294638633728,,,,,,,,,,,,,,,
unknown,ん,364,365,405.04962,405.54962,0.96728516,,0.023255087435245514,0.021312518045306206,0.031940944492816925,0.14480642974376678,0.029719693586230278,0.13407114148139954,0.02913140319287777,0.017776161432266235,0.021701358258724213,0.02787894941866398,0.04742387309670448,0.09256947785615921,0.05322432890534401,0.09600930660963058,0.068025603890419,0.034411028027534485,0.02784634381532669,0.1087765321135521,0.03896550089120865,0.07545840740203857,0.025017838925123215,0.0322650708258152,0.02163967490196228,0.012916374020278454,0.009308635257184505,0.009037872776389122,0.3057180941104889,0.024467533454298973,0.004734962712973356,0.22958527505397797,0.014819998294115067,0.00876784510910511,0.0057894946075975895,0.009082351811230183,0.2069423794746399,0.060145240277051926,0.012257955968379974,0.06209304556250572,0.0059132701717317104,0.04732951149344444,0.0663929134607315,0.006789368111640215,0.003471486270427704,0.01328439824283123,0.07574833184480667,0.06048976629972458,0.005849401466548443,0.010385336354374886,0.03331703692674637,0.03542478755116463,0.008528986014425755,0.009104966185986996,0.04409318044781685,,,,,,,,,,,,,,,
unknown,暴,366,367,412.75916,412.91895,0.98291016,,0.01524422224611044,0.014003434218466282,0.014067168347537518,0.10844892263412476,0.162705659866333,0.2242814302444458,0.03437596932053566,0.016654280945658684,0.024127382785081863,0.017575111240148544,0.029392143711447716,0.05207816883921623,0.06725355237722397,0.0616091713309288,0.11894813179969788,0.015390307642519474,0.019848063588142395,0.09599301964044571,0.056072331964969635,0.12464125454425812,0.06454750895500183,0.08128050714731216,0.016833391040563583,0.012952781282365322,0.012121117673814297,0.023184675723314285,0.15276557207107544,0.01939542591571808,0.006554558873176575,0.10527045279741287,0.024460190907120705,0.004714139271527529,0.009194135665893555,0.0301349014043808,0.10913468897342682,0.030225690454244614,0.009525973349809647,0.024057921022176743,0.02430032379925251,0.028027895838022232,0.058228716254234314,0.0044916048645973206,0.004199913702905178,0.02505485899746418,0.10350895673036575,0.028370672836899757,0.00837459322065115,0.01810094714164734,0.06391511112451553,0.02290722355246544,0.018468530848622322,0.012085693888366222,0.034718338400125504,,,,,,,,,,,,,,,
unknown,力,368,369,412.91895,413.41895,0.90527344,,0.007909390144050121,0.007605568505823612,0.00736244348809123,0.0499107800424099,0.3359925448894501,0.35134899616241455,0.06828421354293823,0.012194461189210415,0.017051398754119873,0.015680264681577682,0.011617926880717278,0.03164771571755409,0.07268518209457397,0.03654787316918373,0.11204338818788528,0.007622245233505964,0.02439064346253872,0.07367315143346786,0.07622113078832626,0.13724566996097565,0.08247044682502747,0.21015848219394684,0.013358576223254204,0.01093336008489132,0.008446375839412212,0.0211921539157629,0.08009018003940582,0.013284563086926937,0.0049298848025500774,0.06876549869775772,0.0491226501762867,0.0031304946169257164,0.007106226868927479,0.05286156013607979,0.05385617911815643,0.013466018252074718,0.005186910275369883,0.011876791715621948,0.05538656562566757,0.011142498813569546,0.045447446405887604,0.004393220879137516,0.0025270150508731604,0.03797566518187523,0.04941334202885628,0.014721743762493134,0.007441328372806311,0.01358223706483841,0.08942430466413498,0.014933445490896702,0.011793292127549648,0.02160109207034111,0.01962161436676979,,,,,,,,,,,,,,,
unknown,月,370,371,417.88998,418.00998,0.37280273,,0.02237233705818653,0.012998164631426334,0.024326998740434647,0.05696965381503105,0.11329728364944458,0.26773980259895325,0.03568071871995926,0.02437017299234867,0.01726597733795643,0.04159754514694214,0.041091036051511765,0.06599041074514389,0.060809459537267685,0.08373429626226425,0.097294881939888,0.021047208458185196,0.021646585315465927,0.08662514388561249,0.09916706383228302,0.13296106457710266,0.059336721897125244,0.08381425589323044,0.01913568191230297,0.009601631201803684,0.010294582694768906,0.01776411011815071,0.11612190306186676,0.023120300844311714,0.008823312819004059,0.0817580446600914,0.019487176090478897,0.0061790673062205315,0.007039295043796301,0.01762840710580349,0.10962333530187607,0.020938361063599586,0.0053589195013046265,0.020748833194375038,0.023135550320148468,0.024422520771622658,0.08579491078853607,0.007799189072102308,0.0026789174880832434,0.037392593920230865,0.058241795748472214,0.03680536150932312,0.006784515455365181,0.01739923283457756,0.06490373611450195,0.028658032417297363,0.013478325679898262,0.026867719367146492,0.0328991636633873,,,,,,,,,,,,,,,
unknown,き,372,373,418.00998,418.12997,0.984375,,0.0308133102953434,0.0246644988656044,0.02467133104801178,0.0838804543018341,0.09128234535455704,0.21554352343082428,0.027027355507016182,0.02844032272696495,0.018508195877075195,0.035924382507801056,0.02684098482131958,0.04022786393761635,0.04848463833332062,0.051912788301706314,0.08285237848758698,0.021677587181329727,0.028924234211444855,0.06278727203607559,0.08161629736423492,0.10919193178415298,0.05069158971309662,0.062117017805576324,0.013901138678193092,0.015440947376191616,0.010906600393354893,0.014493844471871853,0.16453152894973755,0.025586875155568123,0.009391015395522118,0.1402248740196228,0.01476038247346878,0.006366539280861616,0.006188209168612957,0.015163902193307877,0.10767169296741486,0.03948115184903145,0.010594763793051243,0.02756967581808567,0.01663859747350216,0.028447553515434265,0.06453248113393784,0.006171208340674639,0.0042668720707297325,0.03182045742869377,0.055398453027009964,0.041045159101486206,0.011265135370194912,0.015534826554358006,0.06450891494750977,0.03742559626698494,0.011451263912022114,0.0151237603276968,0.03200969099998474,,,,,,,,,,,,,,,
unknown,焼,374,375,418.12997,418.25,0.9970703,,0.06787080317735672,0.04629126936197281,0.05577554553747177,0.09823727607727051,0.024817464873194695,0.11330292373895645,0.015047211199998856,0.04191751778125763,0.016647830605506897,0.029472477734088898,0.04843233898282051,0.0593726821243763,0.03895237669348717,0.05987436696887016,0.04066229984164238,0.04629621282219887,0.04385264962911606,0.08466005325317383,0.04831798002123833,0.04652963578701019,0.01564539037644863,0.02461649850010872,0.010664590634405613,0.024905528873205185,0.00800603162497282,0.01056157611310482,0.31217288970947266,0.036771100014448166,0.010157796554267406,0.23210296034812927,0.006242925301194191,0.01458190567791462,0.003837510710582137,0.004422217607498169,0.19240157306194305,0.08375817537307739,0.0183755774050951,0.03175274655222893,0.008650961332023144,0.047494519501924515,0.07546717673540115,0.011508658528327942,0.0071868570521473885,0.013658637180924416,0.036894217133522034,0.1013958603143692,0.017298730090260506,0.008527661673724651,0.03805796429514885,0.07795698940753937,0.009905331768095493,0.012024669907987118,0.05489959940314293,,,,,,,,,,,,,,,
unknown,き,376,377,418.25,418.75,0.9760742,,0.07725926488637924,0.04381711781024933,0.053258880972862244,0.11246208101511002,0.024464420974254608,0.09104283154010773,0.011111133731901646,0.05367518961429596,0.014870971441268921,0.018206890672445297,0.051021091639995575,0.06448934227228165,0.04287733882665634,0.07954681664705276,0.04547958821058273,0.05558600649237633,0.02748868800699711,0.08349747955799103,0.0390235036611557,0.047141171991825104,0.016441237181425095,0.019126182422041893,0.010892643593251705,0.029284466058015823,0.007993653416633606,0.013463807292282581,0.3138168752193451,0.041222792118787766,0.008387004025280476,0.21376076340675354,0.005112441256642342,0.018844449892640114,0.00387449748814106,0.00503887003287673,0.21192486584186554,0.09199392795562744,0.017581414431333542,0.03744904324412346,0.008264519274234772,0.05899019166827202,0.09118282794952393,0.016344917938113213,0.006928419228643179,0.010666316375136375,0.04049224779009819,0.1300596445798874,0.015239028260111809,0.0083011444658041,0.043978191912174225,0.11525312066078186,0.01263889204710722,0.00889261718839407,0.07999257743358612,,,,,,,,,,,,,,,
unknown,引,378,379,428.16998,428.33,0.36083984,,0.09865511208772659,0.049911316484212875,0.05069522559642792,0.12982065975666046,0.02950933948159218,0.09458784759044647,0.012854441069066525,0.07589636743068695,0.0149234589189291,0.012953744269907475,0.038919847458601,0.0526113398373127,0.041177406907081604,0.08598539978265762,0.05313291773200035,0.04665887728333473,0.016835618764162064,0.06147361174225807,0.04526577517390251,0.061794742941856384,0.02257457748055458,0.023330481722950935,0.01196674257516861,0.028947608545422554,0.010441713966429234,0.020130125805735588,0.2762738764286041,0.04452770575881004,0.009164956398308277,0.20517344772815704,0.007159202825278044,0.019265368580818176,0.004370838403701782,0.00869543943554163,0.19958436489105225,0.08842134475708008,0.018969332799315453,0.04699413478374481,0.010713168419897556,0.061153288930654526,0.10425134003162384,0.018473243340849876,0.006958964746445417,0.01334415189921856,0.05025378242135048,0.12027285993099213,0.014144076965749264,0.010536503978073597,0.06353288143873215,0.1424754112958908,0.01791127398610115,0.007804569788277149,0.07956553250551224,,,,,,,,,,,,,,,
unknown,起,380,381,428.33,428.44998,0.8652344,,0.09923943877220154,0.0597410686314106,0.06460906565189362,0.1616552621126175,0.012369171716272831,0.051615357398986816,0.011031841859221458,0.0721018984913826,0.01558327954262495,0.014311241917312145,0.04266302287578583,0.056827958673238754,0.04013902321457863,0.09987631440162659,0.03479721024632454,0.057676009833812714,0.025264883413910866,0.06157451868057251,0.025907449424266815,0.0323730893433094,0.011219442822039127,0.015553067438304424,0.010528186336159706,0.03685257211327553,0.008630115538835526,0.01672041229903698,0.37044093012809753,0.05465979501605034,0.007683274336159229,0.27533814311027527,0.005853551439940929,0.022350722923874855,0.0037415928672999144,0.005531964357942343,0.2577090263366699,0.12626779079437256,0.025262417271733284,0.07268644124269485,0.007952549494802952,0.06710883975028992,0.09088917076587677,0.016094589605927467,0.008955138735473156,0.010038468055427074,0.05119935795664787,0.13958849012851715,0.01595413126051426,0.007585668005049229,0.03671466186642647,0.1354369968175888,0.014704776927828789,0.006334261503070593,0.0795050784945488,,,,,,,,,,,,,,,
unknown,戸,382,383,428.44998,428.94998,0.9951172,,0.07356386631727219,0.03728971630334854,0.0427735336124897,0.14435440301895142,0.031287938356399536,0.10140756517648697,0.014970175921916962,0.0618680976331234,0.014466101303696632,0.010300233028829098,0.029835017397999763,0.053487520664930344,0.04015206918120384,0.07171489298343658,0.04374726116657257,0.03269384056329727,0.01777670346200466,0.06730816513299942,0.03560247644782066,0.05153295397758484,0.017473017796874046,0.026152344420552254,0.010102951899170876,0.024586763232946396,0.00881570391356945,0.015090378001332283,0.33830466866493225,0.03624257445335388,0.0076878988184034824,0.25494614243507385,0.00891842320561409,0.01269548200070858,0.0031239662785083055,0.009349869564175606,0.21915830671787262,0.0765281692147255,0.012046443298459053,0.038717206567525864,0.009368117898702621,0.056500144302845,0.08819267898797989,0.011367401108145714,0.004189641680568457,0.009519461542367935,0.05630727484822273,0.09671679139137268,0.00946885161101818,0.007413937710225582,0.06187022104859352,0.12902627885341644,0.012484991922974586,0.005755757447332144,0.0692266970872879,,,,,,,,,,,,,,,
unknown,ド,384,385,436.17322,436.29294,1.0,,0.07151060551404953,0.035985227674245834,0.044527120888233185,0.15447063744068146,0.02256280556321144,0.08500348776578903,0.012208884581923485,0.06126983463764191,0.016531269997358322,0.01271519809961319,0.0445023775100708,0.07018355280160904,0.0559120699763298,0.10639339685440063,0.04528448358178139,0.03372609615325928,0.018992286175489426,0.06237130984663963,0.02919759228825569,0.05210226774215698,0.016025323420763016,0.019403019919991493,0.01393110491335392,0.019562168046832085,0.008321451023221016,0.01442408561706543,0.27629485726356506,0.044298574328422546,0.007712089456617832,0.18517933785915375,0.007773499470204115,0.010544420219957829,0.0029400205239653587,0.008036729879677296,0.27850577235221863,0.06050657480955124,0.012406330555677414,0.050982940942049026,0.006988949608057737,0.049442075192928314,0.09374568611383438,0.008869566023349762,0.005289381369948387,0.007514254655689001,0.059898920357227325,0.0899539366364479,0.012272896245121956,0.007161417044699192,0.054620735347270966,0.11534491926431656,0.012668075039982796,0.0058648488484323025,0.056008100509643555,,,,,,,,,,,,,,,
unknown,ラ,386,387,436.29294,436.41263,1.0,,0.06382906436920166,0.04470709338784218,0.06981530785560608,0.16384801268577576,0.014318744651973248,0.06035595387220383,0.01598290726542473,0.06500739604234695,0.02012508735060692,0.014034440740942955,0.06491193920373917,0.07536319643259048,0.049355849623680115,0.1317882090806961,0.036658186465501785,0.044759951531887054,0.022051706910133362,0.04841252788901329,0.02852415293455124,0.04399340972304344,0.018840311095118523,0.025920819491147995,0.012172994203865528,0.02516091614961624,0.014641153626143932,0.023681411519646645,0.20250475406646729,0.0661926418542862,0.005764850415289402,0.13077662885189056,0.01104897353798151,0.011887047439813614,0.006022037472575903,0.01363316923379898,0.22216813266277313,0.06594926863908768,0.020989015698432922,0.10775872319936752,0.01175687275826931,0.0470057874917984,0.1056576743721962,0.012775382027029991,0.010307833552360535,0.013340138830244541,0.048262182623147964,0.10087872296571732,0.02031739614903927,0.012438979931175709,0.046262264251708984,0.08872059732675552,0.019656527787446976,0.007096439599990845,0.04920980706810951,,,,,,,,,,,,,,,
unknown,マ,388,389,436.41263,436.91263,0.99658203,,0.03868842124938965,0.025720492005348206,0.0529497005045414,0.12250293046236038,0.026897460222244263,0.1598547399044037,0.018068373203277588,0.03773809224367142,0.021580742672085762,0.04726877063512802,0.07522854954004288,0.07545361667871475,0.07854004949331284,0.14169465005397797,0.05421407148241997,0.04539526253938675,0.021431520581245422,0.04379424825310707,0.0663585439324379,0.07061256468296051,0.02518363669514656,0.03626881539821625,0.016812989488244057,0.01262453943490982,0.01450434885919094,0.019235365092754364,0.13381342589855194,0.045808736234903336,0.007004053797572851,0.07259859889745712,0.007612994406372309,0.010598709806799889,0.006386626046150923,0.00810622051358223,0.163809135556221,0.04122163727879524,0.01210717298090458,0.08794030547142029,0.017533300444483757,0.03716800734400749,0.08669325709342957,0.010686738416552544,0.005713114980608225,0.02491745539009571,0.0668942928314209,0.07555759698152542,0.010544617660343647,0.013709556311368942,0.04781289026141167,0.048509225249290466,0.014905496500432491,0.02342788688838482,0.03438585251569748,,,,,,,,,,,,,,,
unknown,お,390,391,445.80597,445.92572,0.99902344,,0.030259788036346436,0.02862822450697422,0.03918977081775665,0.12316306680440903,0.024027002975344658,0.15401725471019745,0.03280936926603317,0.029513638466596603,0.022114692255854607,0.0838564783334732,0.07951157540082932,0.07642322778701782,0.06324765086174011,0.10797466337680817,0.041142016649246216,0.0600256621837616,0.0294025931507349,0.05475546792149544,0.07368092983961105,0.04289467632770538,0.015672175213694572,0.057492807507514954,0.016112439334392548,0.01949538104236126,0.012857313267886639,0.021060699597001076,0.17196379601955414,0.04122461751103401,0.00580947007983923,0.1236984059214592,0.012338140979409218,0.012907139956951141,0.007721841800957918,0.007189100608229637,0.13495858013629913,0.07007573544979095,0.021484946832060814,0.0733778178691864,0.03304002061486244,0.041520971804857254,0.0703195258975029,0.013421528972685337,0.007517856080085039,0.04188716411590576,0.06609451770782471,0.08289855718612671,0.009491722099483013,0.013580862432718277,0.038896344602108,0.037495534867048264,0.015562772750854492,0.05336476489901543,0.03895331174135208,,,,,,,,,,,,,,,
unknown,化,392,393,445.92572,446.08542,0.9404297,,0.03600205481052399,0.029627341777086258,0.048119474202394485,0.10473974049091339,0.027163760736584663,0.15829314291477203,0.03281566500663757,0.03375917673110962,0.02540975995361805,0.06214084103703499,0.08366729319095612,0.07839369028806686,0.061803653836250305,0.15856891870498657,0.05761488899588585,0.06532876193523407,0.026469063013792038,0.04970898479223251,0.08951926976442337,0.06845924258232117,0.02585485391318798,0.05862000212073326,0.02071211114525795,0.015458865091204643,0.019993603229522705,0.027832314372062683,0.11858443170785904,0.047173310071229935,0.0066247740760445595,0.07399719953536987,0.012934577651321888,0.01844249665737152,0.011556261219084263,0.009947359561920166,0.1286107301712036,0.0525747574865818,0.020535701885819435,0.11611923575401306,0.03240596503019333,0.04062153398990631,0.12284918129444122,0.02023107372224331,0.008427096530795097,0.0544959120452404,0.05449457839131355,0.09297123551368713,0.011066852137446404,0.021651865914463997,0.04714829847216606,0.044415537267923355,0.019854774698615074,0.04088277742266655,0.038341373205184937,,,,,,,,,,,,,,,
unknown,け,394,395,446.08542,446.24512,0.90478516,,0.06272692233324051,0.0629260316491127,0.08687104284763336,0.11338865756988525,0.014488501474261284,0.09661927074193954,0.020608462393283844,0.04191932454705238,0.024341298267245293,0.08751314878463745,0.08296499401330948,0.07906121760606766,0.0746806263923645,0.10277952253818512,0.039573363959789276,0.08657917380332947,0.034368447959423065,0.04547032713890076,0.050162240862846375,0.04116477444767952,0.013810555450618267,0.0338248685002327,0.014752501621842384,0.022902216762304306,0.011800444684922695,0.015292122960090637,0.19677717983722687,0.060379140079021454,0.005388271063566208,0.12872882187366486,0.00828926358371973,0.022970426827669144,0.005513609386980534,0.005626399535685778,0.17925234138965607,0.10269071161746979,0.03901340067386627,0.10553908348083496,0.019046515226364136,0.051530610769987106,0.0677926316857338,0.011607850901782513,0.010094016790390015,0.03221374750137329,0.04067590832710266,0.11131788790225983,0.01122278068214655,0.010933905839920044,0.030429260805249214,0.04780091717839241,0.012273967266082764,0.026899052783846855,0.03796713426709175,,,,,,,,,,,,,,,
unknown,屋,396,397,446.24512,446.3649,0.99316406,,0.041745007038116455,0.05375739932060242,0.044936344027519226,0.10377216339111328,0.031477417796850204,0.1700630933046341,0.025057315826416016,0.02953847125172615,0.032712891697883606,0.10429855436086655,0.052789077162742615,0.05217522382736206,0.0780029222369194,0.08655235171318054,0.05268562585115433,0.054128486663103104,0.041272033005952835,0.04230314865708351,0.0728035420179367,0.05552622675895691,0.022564250975847244,0.05670468509197235,0.0175845418125391,0.01760805957019329,0.018902311101555824,0.020630452781915665,0.13467937707901,0.04819585755467415,0.00726496335119009,0.08014243096113205,0.008651073090732098,0.01572517491877079,0.009756568819284439,0.006537281908094883,0.10856042802333832,0.07126104831695557,0.04648521915078163,0.10653438419103622,0.03941591456532478,0.03967050462961197,0.07106885313987732,0.007956013083457947,0.014731564559042454,0.05120088532567024,0.05357646197080612,0.06515965610742569,0.01585160568356514,0.01849423721432686,0.03685014322400093,0.03345177322626114,0.014058850705623627,0.05232123285531998,0.025897664949297905,,,,,,,,,,,,,,,
unknown,敷,398,399,446.3649,446.8649,0.9941406,,0.031988829374313354,0.041925929486751556,0.037509236484766006,0.10198570787906647,0.030203737318515778,0.15633457899093628,0.0339074581861496,0.02591191790997982,0.03053891286253929,0.11364274471998215,0.05545412749052048,0.04846791550517082,0.09786368906497955,0.10123399645090103,0.04893152415752411,0.05796898528933525,0.05596453696489334,0.03784167766571045,0.08638763427734375,0.05175098776817322,0.022002708166837692,0.06575711071491241,0.020470725372433662,0.02014313079416752,0.01550590991973877,0.021710166707634926,0.14027830958366394,0.041646815836429596,0.007108516525477171,0.10928930342197418,0.011454978957772255,0.01438343245536089,0.010030289180576801,0.007889431901276112,0.12120950222015381,0.07481823861598969,0.035678669810295105,0.13360445201396942,0.04206428304314613,0.03753805160522461,0.06373514980077744,0.01080072671175003,0.011681649833917618,0.07454712688922882,0.05310297757387161,0.06887505948543549,0.01448533684015274,0.017390236258506775,0.041616301983594894,0.03419485688209534,0.014984725043177605,0.04665158689022064,0.028248470276594162,,,,,,,,,,,,,,,
unknown,白,400,401,452.39346,452.633,0.4501953,,0.0345798134803772,0.032674867659807205,0.07211828231811523,0.11301649361848831,0.007807869464159012,0.07761285454034805,0.034551411867141724,0.02791713923215866,0.03733716905117035,0.07979093492031097,0.12309195846319199,0.09686363488435745,0.09675275534391403,0.13988015055656433,0.025866853073239326,0.11795094609260559,0.03689821437001228,0.04687557741999626,0.04070708155632019,0.023617321625351906,0.010576045140624046,0.040820032358169556,0.018085874617099762,0.020674554631114006,0.017609508708119392,0.02237745188176632,0.17531977593898773,0.04424901679158211,0.00420355424284935,0.11358822137117386,0.010321232490241528,0.017086368054151535,0.008770843036472797,0.00541107589378953,0.1815718561410904,0.08944537490606308,0.02288493514060974,0.12833279371261597,0.03245135396718979,0.07104511559009552,0.0770881250500679,0.023269791156053543,0.006347115151584148,0.033118296414613724,0.028973758220672607,0.15023355185985565,0.008855767548084259,0.013839890249073505,0.02998007833957672,0.05532073229551315,0.016516435891389847,0.032497912645339966,0.047156259417533875,,,,,,,,,,,,,,,
unknown,く,402,403,452.633,452.75278,0.40283203,,0.024449719116091728,0.0407671295106411,0.06824274361133575,0.08503943681716919,0.01697198674082756,0.12299653142690659,0.023193128407001495,0.026526769623160362,0.02844000793993473,0.09414071589708328,0.11921174824237823,0.0702158734202385,0.06386885046958923,0.07441721111536026,0.031103983521461487,0.10671030730009079,0.049156129360198975,0.04976113885641098,0.05199180543422699,0.028392694890499115,0.014220408163964748,0.04351815581321716,0.00936056487262249,0.03405366465449333,0.013774900697171688,0.013771388679742813,0.17574144899845123,0.05295352265238762,0.003990136552602053,0.13285379111766815,0.006642535328865051,0.01740623079240322,0.00870827678591013,0.005154869984835386,0.11301695555448532,0.10873235762119293,0.04125751554965973,0.0959019586443901,0.031826265156269073,0.051937349140644073,0.05080883949995041,0.016311652958393097,0.014859584160149097,0.033040378242731094,0.02888212725520134,0.12123539298772812,0.019479436799883842,0.012946298345923424,0.03047368861734867,0.041167985647916794,0.009254257194697857,0.05305148661136627,0.0427655391395092,,,,,,,,,,,,,,,
unknown,マ,404,405,452.75278,453.25278,0.5961914,,0.017814982682466507,0.031403642147779465,0.0468207411468029,0.11256099492311478,0.028816280886530876,0.18613126873970032,0.023640457540750504,0.02370315231382847,0.03272185102105141,0.08754565566778183,0.06431702524423599,0.05784211680293083,0.08695011585950851,0.06470870971679688,0.032294221222400665,0.06141974404454231,0.064793162047863,0.04053583741188049,0.06513920426368713,0.03503703325986862,0.019855549558997154,0.0588582307100296,0.010854339227080345,0.03672188147902489,0.018906043842434883,0.011235138401389122,0.15194745361804962,0.0525989755988121,0.004368325229734182,0.1220245510339737,0.007480964530259371,0.009686065837740898,0.008616174571216106,0.00741794565692544,0.09556370973587036,0.08369920402765274,0.02976195700466633,0.100979745388031,0.04579412564635277,0.03502320870757103,0.05654351785778999,0.010494881309568882,0.016893483698368073,0.027768181636929512,0.03268331661820412,0.08488728106021881,0.031195688992738724,0.013852146454155445,0.047064974904060364,0.04871029034256935,0.006148671265691519,0.05629882961511612,0.034299276769161224,,,,,,,,,,,,,,,
unknown,サ,406,407,458.50186,458.66156,0.8222656,,0.040285155177116394,0.0570903979241848,0.058089934289455414,0.09040934592485428,0.026618190109729767,0.14442969858646393,0.01854790188372135,0.03765178471803665,0.027325384318828583,0.05741195008158684,0.05951617658138275,0.0660732164978981,0.10430337488651276,0.08521145582199097,0.03472897410392761,0.0590473935008049,0.0632009506225586,0.061008378863334656,0.05743875354528427,0.036737360060214996,0.01305184606462717,0.038670919835567474,0.01529221422970295,0.033385541290044785,0.013262826018035412,0.010935704223811626,0.20212970674037933,0.06676385551691055,0.00673941895365715,0.14149029552936554,0.0062463367357850075,0.015685537829995155,0.006560016423463821,0.004653105046600103,0.14636483788490295,0.08885890990495682,0.04525476694107056,0.09227084368467331,0.023603061214089394,0.04898713901638985,0.06050414964556694,0.008878245949745178,0.02183551713824272,0.024179205298423767,0.03448580205440521,0.08806442469358444,0.031594276428222656,0.011093102395534515,0.040153488516807556,0.060639504343271255,0.007425275631248951,0.029152793809771538,0.040894608944654465,,,,,,,,,,,,,,,
unknown,イ,408,409,458.66156,458.78134,0.82177734,,0.02574756368994713,0.029495978727936745,0.04817649722099304,0.09616367518901825,0.02777162566781044,0.15467387437820435,0.019072310999035835,0.03087286651134491,0.02748085744678974,0.0488043949007988,0.062106721103191376,0.07042794674634933,0.11768992245197296,0.10234581679105759,0.03495502099394798,0.05210161209106445,0.06342343986034393,0.055953338742256165,0.058477822691202164,0.040649548172950745,0.016780927777290344,0.04051879048347473,0.016175977885723114,0.03044976480305195,0.014277421869337559,0.010740941390395164,0.16169580817222595,0.05932943522930145,0.006074384320527315,0.11272314190864563,0.006745263934135437,0.0099224504083395,0.006356805097311735,0.0060059973038733006,0.14903858304023743,0.060253437608480453,0.020109733566641808,0.08020462840795517,0.024571195244789124,0.04005406051874161,0.0641869530081749,0.010362215340137482,0.01429520733654499,0.020365525037050247,0.03648841753602028,0.08735603839159012,0.03495413064956665,0.011557826772332191,0.04774724319577217,0.06079117953777313,0.006790940649807453,0.026098117232322693,0.04069684073328972,,,,,,,,,,,,,,,
unknown,勢,410,411,458.78134,459.28134,0.3947754,,0.020699648186564445,0.014999930746853352,0.04213347285985947,0.10200399160385132,0.027045609429478645,0.16597257554531097,0.014514821581542492,0.03590163215994835,0.027623455971479416,0.06549519300460815,0.06890305876731873,0.06596658378839493,0.15077675879001617,0.1011563241481781,0.04204730689525604,0.04075424373149872,0.03146793693304062,0.033943258225917816,0.07983244210481644,0.0614422969520092,0.023218996822834015,0.030819019302725792,0.018926512449979782,0.025737490504980087,0.013202152214944363,0.007508414331823587,0.11973375827074051,0.059319812804460526,0.005810467526316643,0.0931616872549057,0.00601457292214036,0.005700180772691965,0.004352200776338577,0.0069529893808066845,0.14268648624420166,0.04066253453493118,0.005951958242803812,0.03977193310856819,0.011567805893719196,0.021309010684490204,0.06921439617872238,0.011270413175225258,0.006992613431066275,0.01699664071202278,0.05128001421689987,0.0715687945485115,0.02783825807273388,0.011657162569463253,0.07448303699493408,0.07089081406593323,0.005345790181308985,0.02360890805721283,0.033967845141887665,,,,,,,,,,,,,,,
unknown,キ,412,413,465.18665,465.30646,0.9248047,,0.03246624022722244,0.021994996815919876,0.05012691393494606,0.14492465555667877,0.0219424981623888,0.12747879326343536,0.011219542473554611,0.039156291633844376,0.0285671167075634,0.047666035592556,0.05493120476603508,0.06388449668884277,0.1520751714706421,0.1042419821023941,0.04001782089471817,0.0400121845304966,0.03946085274219513,0.037468791007995605,0.05666011944413185,0.04787683114409447,0.018279317766427994,0.0217992402613163,0.01898742839694023,0.026806257665157318,0.01361529715359211,0.007585932034999132,0.1583923101425171,0.06019158661365509,0.008168426342308521,0.11332671344280243,0.004764770623296499,0.006273009814321995,0.0037665111012756824,0.005473483819514513,0.18251875042915344,0.056586384773254395,0.007803415413945913,0.05544450879096985,0.009631138294935226,0.03196258470416069,0.06282372027635574,0.008079090155661106,0.00785787682980299,0.012780938297510147,0.05282501503825188,0.07776258140802383,0.02848614566028118,0.010095962323248386,0.053787168115377426,0.07851200550794601,0.005837106145918369,0.011040914803743362,0.039244987070560455,,,,,,,,,,,,,,,
unknown,の,414,415,465.30646,465.4263,0.6176758,,0.03745882213115692,0.023753084242343903,0.053151898086071014,0.11908634006977081,0.03701873496174812,0.16217473149299622,0.00938456505537033,0.043429646641016006,0.021229958161711693,0.040428515523672104,0.05848652869462967,0.05603884160518646,0.11184855550527573,0.07548670470714569,0.045520249754190445,0.044939689338207245,0.0337313637137413,0.03732984885573387,0.07293100655078888,0.05839402973651886,0.024645645171403885,0.025057340040802956,0.011959027498960495,0.027803638949990273,0.012347306124866009,0.008540162816643715,0.1613185703754425,0.05225896090269089,0.008120822720229626,0.1125793308019638,0.00438610278069973,0.007761194370687008,0.0038264289032667875,0.006954630836844444,0.1676531881093979,0.05831047147512436,0.00778992660343647,0.045284420251846313,0.012210873886942863,0.036016952246427536,0.057794831693172455,0.009978434070944786,0.006294553633779287,0.014430769719183445,0.044255927205085754,0.09337689727544785,0.023404274135828018,0.010240075178444386,0.06802424043416977,0.08576252311468124,0.006707928609102964,0.009561651386320591,0.04724089428782463,,,,,,,,,,,,,,,
unknown,こ,416,417,465.4263,465.9263,0.63964844,,0.0271623358130455,0.01942240633070469,0.0448402501642704,0.13082735240459442,0.014018905349075794,0.09552401304244995,0.013151784427464008,0.028589537367224693,0.02405775897204876,0.04737577214837074,0.07129610329866409,0.09304710477590561,0.117902971804142,0.09800755977630615,0.030718861147761345,0.07165614515542984,0.04887141287326813,0.07615035027265549,0.03541268780827522,0.023510154336690903,0.009224550798535347,0.018886713311076164,0.016253681853413582,0.0374019593000412,0.010085846297442913,0.005669929087162018,0.22134648263454437,0.05099895969033241,0.00636614765971899,0.16396640241146088,0.004796817898750305,0.008696888573467731,0.0037713535130023956,0.0032306076027452946,0.17507034540176392,0.07739653438329697,0.009083603508770466,0.0469294935464859,0.010537871159613132,0.07219614833593369,0.04588086158037186,0.013567216694355011,0.006384972482919693,0.009929490275681019,0.04136212542653084,0.13394460082054138,0.021966377273201942,0.007968975231051445,0.029545962810516357,0.06437505781650543,0.004565238021314144,0.016273677349090576,0.08247315883636475,,,,,,,,,,,,,,,
unknown,道,418,419,470.5787,470.8583,0.9916992,,0.022920971736311913,0.01273415982723236,0.04961955174803734,0.11362361907958984,0.016294846311211586,0.10463472455739975,0.015991469845175743,0.023116422817111015,0.0364765040576458,0.042647652328014374,0.10384536534547806,0.0999567061662674,0.11381764709949493,0.14532247185707092,0.041424497961997986,0.05496012046933174,0.03246193006634712,0.059998247772455215,0.054383404552936554,0.0468035452067852,0.018734706565737724,0.027653031051158905,0.02129325643181801,0.014112149365246296,0.022280041128396988,0.011765333823859692,0.09986196458339691,0.04463726282119751,0.00632263720035553,0.05079477280378342,0.008262154646217823,0.007207903545349836,0.007635768968611956,0.007244735024869442,0.16065964102745056,0.028620699420571327,0.005593897774815559,0.06382609158754349,0.016269832849502563,0.05129944905638695,0.07568803429603577,0.01295870915055275,0.004972539376467466,0.01734515093266964,0.050910115242004395,0.09859517216682434,0.018179984763264656,0.017757613211870193,0.03832155093550682,0.04273371770977974,0.009375765919685364,0.013702557422220707,0.051043231040239334,,,,,,,,,,,,,,,
unknown,路,420,421,470.8583,471.3583,0.98583984,,0.01694762520492077,0.009686128236353397,0.03225928544998169,0.10903415083885193,0.01346349436789751,0.10223469883203506,0.011565277352929115,0.014354716055095196,0.03391453996300697,0.04911062493920326,0.13549454510211945,0.17373239994049072,0.12032973021268845,0.1549968272447586,0.047607775777578354,0.062207113951444626,0.024586381390690804,0.11734786629676819,0.03837433457374573,0.04503478854894638,0.012178534641861916,0.01606001704931259,0.02556014060974121,0.010060789063572884,0.013111172243952751,0.009758677333593369,0.14097225666046143,0.03494905307888985,0.0042357840575277805,0.0566534623503685,0.005272948183119297,0.005581216886639595,0.005941965617239475,0.0037258926313370466,0.213039830327034,0.025550374761223793,0.005637043155729771,0.053343985229730606,0.008033712394535542,0.058048464357852936,0.06607399135828018,0.009839413687586784,0.00411750003695488,0.008989439345896244,0.0534975491464138,0.10220294445753098,0.012469400651752949,0.011260973289608955,0.029602600261569023,0.03260432928800583,0.009669766761362553,0.011473354883491993,0.06121252104640007,,,,,,,,,,,,,,,
unknown,黒,422,423,476.74246,477.24246,0.99853516,,0.015966329723596573,0.011470751836895943,0.036251746118068695,0.10176219046115875,0.034234143793582916,0.14195466041564941,0.016423845663666725,0.01549315545707941,0.03394267335534096,0.047219015657901764,0.08553647994995117,0.08968702703714371,0.10153383761644363,0.11669553071260452,0.06834561377763748,0.07118719071149826,0.03335149586200714,0.08396065980195999,0.08028293401002884,0.06288477778434753,0.030796077102422714,0.03728261962532997,0.02002907544374466,0.0175617728382349,0.022197864949703217,0.013975369744002819,0.12210960686206818,0.03551410883665085,0.005368406418710947,0.058975402265787125,0.007675945293158293,0.007769789546728134,0.011960538104176521,0.008990204893052578,0.10965054482221603,0.0369548574090004,0.006970127113163471,0.06614787131547928,0.028010092675685883,0.07214625179767609,0.061616428196430206,0.012189927510917187,0.004200652241706848,0.029368674382567406,0.059567131102085114,0.11303920298814774,0.012364929541945457,0.024285806342959404,0.04062345623970032,0.027569102123379707,0.010245302692055702,0.015644872561097145,0.07473974674940109,,,,,,,,,,,,,,,
unknown,わ,424,425,484.12704,484.2468,0.5126953,,0.012538345530629158,0.010017783381044865,0.027683263644576073,0.0843115970492363,0.04955153539776802,0.1687808334827423,0.015027034096419811,0.015867743641138077,0.035226866602897644,0.06393806636333466,0.06885023415088654,0.06784193962812424,0.1418408900499344,0.10499700903892517,0.09120695292949677,0.045234765857458115,0.024882590398192406,0.06572660803794861,0.09590032696723938,0.08824936300516129,0.041581254452466965,0.037521690130233765,0.026828249916434288,0.01689165085554123,0.0183991938829422,0.010481785051524639,0.08994927257299423,0.03775344789028168,0.00636898260563612,0.051614779978990555,0.007112113293260336,0.0051199570298194885,0.01032603345811367,0.008762625977396965,0.09366253763437271,0.028690464794635773,0.00626405468210578,0.03252681344747543,0.019795704632997513,0.03953959792852402,0.04920489713549614,0.006667374167591333,0.005556988064199686,0.03181377798318863,0.07492344826459885,0.05951967462897301,0.017379561439156532,0.025845814496278763,0.046343810856342316,0.02085723914206028,0.007733670994639397,0.027972133830189705,0.045326974242925644,,,,,,,,,,,,,,,
unknown,ざ,426,427,484.2468,484.7468,0.45776367,,0.014365927316248417,0.01270628534257412,0.0379728265106678,0.1287836730480194,0.027470719069242477,0.10670989751815796,0.010979918763041496,0.01815352961421013,0.034595243632793427,0.04625687375664711,0.06658526510000229,0.08529110252857208,0.1322375386953354,0.1178344190120697,0.07725484669208527,0.058423686772584915,0.027344882488250732,0.0826818197965622,0.05104861781001091,0.06072830408811569,0.02947240322828293,0.022226864472031593,0.02294152043759823,0.024832338094711304,0.018210185691714287,0.00747267622500658,0.13862378895282745,0.048705797642469406,0.005360716488212347,0.07883423566818237,0.005455780774354935,0.005949852988123894,0.010365167632699013,0.007112990599125624,0.10701651126146317,0.045470692217350006,0.007540988735854626,0.048299774527549744,0.011166702024638653,0.07528823614120483,0.048592280596494675,0.006289709359407425,0.005190419033169746,0.017513293772935867,0.0879983901977539,0.0868387445807457,0.015782708302140236,0.02294389344751835,0.03156759589910507,0.024403756484389305,0.005817005876451731,0.014996969141066074,0.07394684851169586,,,,,,,,,,,,,,,
unknown,ハ,428,429,488.375,488.49503,0.9995117,,0.01657579094171524,0.014451999217271805,0.04224533587694168,0.16319099068641663,0.017685379832983017,0.0914677232503891,0.012145176529884338,0.01872086152434349,0.04590178653597832,0.056321751326322556,0.06083904579281807,0.06682778149843216,0.10711099207401276,0.12344302982091904,0.062414009124040604,0.0707954615354538,0.03149804845452309,0.06597114354372025,0.059107452630996704,0.05052294209599495,0.02749118022620678,0.022944975644350052,0.025552550330758095,0.029115330427885056,0.030068188905715942,0.008653505705296993,0.1403394490480423,0.04904874041676521,0.006506923586130142,0.08582217246294022,0.005147928837686777,0.006385225336998701,0.01477255392819643,0.006023599300533533,0.0987275242805481,0.060851406306028366,0.009399386122822762,0.06387470662593842,0.014313815161585808,0.08829357475042343,0.06310106068849564,0.007604300044476986,0.0066710710525512695,0.024537522345781326,0.08667425066232681,0.10398449003696442,0.020775938406586647,0.03294454142451286,0.03139390051364899,0.030386999249458313,0.0061598606407642365,0.021703818812966347,0.07252582162618637,,,,,,,,,,,,,,,
unknown,ワ,430,431,488.49503,488.575,0.9980469,,0.017232876271009445,0.01479823887348175,0.0358920581638813,0.1831161081790924,0.02169025130569935,0.11950252950191498,0.011668102815747261,0.018803706392645836,0.05086956173181534,0.06186717376112938,0.04248370602726936,0.04494454711675644,0.10742343217134476,0.11731527745723724,0.0785139873623848,0.05381844565272331,0.02850104495882988,0.03830156475305557,0.07263612747192383,0.08094140887260437,0.042644206434488297,0.02088303118944168,0.03317413479089737,0.02553694322705269,0.03554702177643776,0.0077960435301065445,0.12228643894195557,0.044698573648929596,0.007939954288303852,0.08109685778617859,0.00479116290807724,0.005072211846709251,0.013425633311271667,0.006533541716635227,0.09429644793272018,0.056628383696079254,0.009420583955943584,0.054714083671569824,0.010712161660194397,0.05619341507554054,0.07722469419240952,0.00673358840867877,0.008016030304133892,0.019680844619870186,0.10753107815980911,0.08651109784841537,0.02984057553112507,0.035086918622255325,0.04413587972521782,0.04130522161722183,0.005640972871333361,0.019330861046910286,0.04734506085515022,,,,,,,,,,,,,,,
unknown,イ,432,433,488.575,489.075,0.9995117,,0.025487788021564484,0.01948072575032711,0.04072487726807594,0.16592448949813843,0.025409862399101257,0.14704810082912445,0.008252384141087532,0.021670270711183548,0.042796939611434937,0.08319876343011856,0.047405146062374115,0.04352988302707672,0.10588758438825607,0.11667346954345703,0.08588632941246033,0.05165688320994377,0.02656722441315651,0.04212845116853714,0.08013230562210083,0.08875207602977753,0.032790087163448334,0.015873080119490623,0.031110623851418495,0.01855211891233921,0.02361404150724411,0.007356405258178711,0.1340828388929367,0.043896082788705826,0.012054565362632275,0.07855913043022156,0.0029355932492762804,0.00528827914968133,0.008080394007265568,0.0036304332315921783,0.11312660574913025,0.05900293216109276,0.009989656507968903,0.052431415766477585,0.0081850690767169,0.051679834723472595,0.07249905914068222,0.005337448325008154,0.008296330459415913,0.02061864361166954,0.09984628856182098,0.07561028003692627,0.023800687864422798,0.023806463927030563,0.039207492023706436,0.041165195405483246,0.005885900463908911,0.016588810831308365,0.04079039767384529,,,,,,,,,,,,,,,
unknown,ペ,434,435,494.015,494.095,0.9902344,,0.030619913712143898,0.019793478772044182,0.034384243190288544,0.19260163605213165,0.018337933346629143,0.10106173902750015,0.007136269472539425,0.02916661463677883,0.03806968033313751,0.06324578076601028,0.03646882250905037,0.03575470298528671,0.12532109022140503,0.1147218570113182,0.06799869239330292,0.056116294115781784,0.021028706803917885,0.03365686163306236,0.06489734351634979,0.06740444153547287,0.026346268132328987,0.012333184480667114,0.029920130968093872,0.02848205715417862,0.02092153951525688,0.007073110435158014,0.18694256246089935,0.04297812283039093,0.010334116406738758,0.13329894840717316,0.002491734689101577,0.00597311882302165,0.007201595697551966,0.0034549676347523928,0.13129015266895294,0.08806260675191879,0.008653498254716396,0.06890835613012314,0.006250050850212574,0.05963851511478424,0.0728440061211586,0.008028835989534855,0.006016179919242859,0.016390401870012283,0.09178949892520905,0.09081646800041199,0.01817227713763714,0.020221885293722153,0.046498771756887436,0.07430734485387802,0.005753660574555397,0.015134697780013084,0.060422997921705246,,,,,,,,,,,,,,,
unknown,ン,436,437,494.095,494.255,0.87939453,,0.027825679630041122,0.015995897352695465,0.03489541634917259,0.18792219460010529,0.01172266248613596,0.07431060075759888,0.008484636433422565,0.029372088611125946,0.04701365903019905,0.04672013223171234,0.04579651728272438,0.04506729915738106,0.1274239718914032,0.13635610044002533,0.05087162181735039,0.06622305512428284,0.02664661779999733,0.03496365249156952,0.05700579658150673,0.04988214746117592,0.022551707923412323,0.013148554600775242,0.032284192740917206,0.027939079329371452,0.030214397236704826,0.008965625427663326,0.1654874086380005,0.04445513337850571,0.009512007236480713,0.10654165595769882,0.0030739849898964167,0.006885555572807789,0.010689720511436462,0.00415013125166297,0.1385611593723297,0.07053885608911514,0.0071659088134765625,0.0939236581325531,0.007816920056939125,0.06742216646671295,0.09260247647762299,0.013118221424520016,0.005766361951828003,0.014678112231194973,0.07394145429134369,0.1167675256729126,0.02102268487215042,0.025734173133969307,0.05346660688519478,0.09857920557260513,0.007232746109366417,0.014893586747348309,0.07194635272026062,,,,,,,,,,,,,,,
unknown,キ,438,439,494.255,494.755,0.99365234,,0.024559175595641136,0.017290694639086723,0.031933046877384186,0.1880810409784317,0.021014412865042686,0.11072467267513275,0.00903466995805502,0.016369150951504707,0.04395601525902748,0.06386879086494446,0.04361340403556824,0.037574391812086105,0.09144018590450287,0.08699638396501541,0.06992584466934204,0.06413584202528,0.05250594764947891,0.04351183399558067,0.057596590369939804,0.05823272839188576,0.025232762098312378,0.013171626254916191,0.024886738508939743,0.022863127291202545,0.019990146160125732,0.00696574617177248,0.2057839334011078,0.02923811972141266,0.013326967135071754,0.13429339230060577,0.0030504667665809393,0.0067615872249007225,0.008550237864255905,0.0032762836199253798,0.15692465007305145,0.08232668042182922,0.008579447865486145,0.044029176235198975,0.007073164451867342,0.066163569688797,0.05428244546055794,0.007716827560216188,0.005075510125607252,0.013236240483820438,0.09165123105049133,0.11154507100582123,0.018652968108654022,0.018992429599165916,0.03404932841658592,0.054269399493932724,0.006474859546869993,0.008803916163742542,0.054549891501665115,,,,,,,,,,,,,,,
unknown,ド,440,441,500.415,500.535,1.0,,0.032962437719106674,0.0292271189391613,0.04197971150279045,0.18139764666557312,0.015983272343873978,0.06375743448734283,0.007305216509848833,0.023760078474879265,0.037294138222932816,0.029067736119031906,0.04536784440279007,0.029619568958878517,0.0817379504442215,0.07533113658428192,0.05256054550409317,0.08224374800920486,0.07124783098697662,0.04245685413479805,0.04115982726216316,0.03971068933606148,0.018903877586126328,0.01056080311536789,0.017698224633932114,0.05411296710371971,0.016957977786660194,0.006471383851021528,0.25114402174949646,0.04399624466896057,0.013278069905936718,0.18570494651794434,0.0027805825229734182,0.007434071972966194,0.00877559743821621,0.003242982318624854,0.15757958590984344,0.1263105869293213,0.016639679670333862,0.03903995826840401,0.006349444389343262,0.09131746739149094,0.04466027393937111,0.008009163662791252,0.010967614129185677,0.010849629528820515,0.06278125941753387,0.15453732013702393,0.0441913902759552,0.01807081513106823,0.02867474965751171,0.06064264848828316,0.006172060966491699,0.0058006481267511845,0.07519787549972534,,,,,,,,,,,,,,,
unknown,ラ,442,443,500.535,500.65503,0.9995117,,0.018945274874567986,0.019327038899064064,0.035724103450775146,0.1409887671470642,0.014510109089314938,0.05921171233057976,0.01460185181349516,0.017489928752183914,0.03472699970006943,0.03911716863512993,0.08145999908447266,0.0355248749256134,0.06654367595911026,0.08656322211027145,0.044100020080804825,0.14966893196105957,0.05015644431114197,0.043368760496377945,0.03956518694758415,0.02486470527946949,0.013735818676650524,0.019539156928658485,0.014338629320263863,0.06062617152929306,0.01724393665790558,0.008707346394658089,0.20273573696613312,0.036825306713581085,0.006119743920862675,0.1575666218996048,0.004739002324640751,0.013864217326045036,0.01099838875234127,0.0038937749341130257,0.09603076428174973,0.14985311031341553,0.016454225406050682,0.058014579117298126,0.016476500779390335,0.10201772302389145,0.05161741003394127,0.0235893577337265,0.008341140113770962,0.020857172086834908,0.05273846909403801,0.20889873802661896,0.019614584743976593,0.01858733408153057,0.023137463256716728,0.04723319038748741,0.006720679812133312,0.017029808834195137,0.1056886538863182,,,,,,,,,,,,,,,
unknown,マ,444,445,500.65503,501.15503,0.99902344,,0.02422230690717697,0.017175039276480675,0.043711479753255844,0.16669973731040955,0.007151106838136911,0.052753325551748276,0.011550703085958958,0.02164752036333084,0.04127603396773338,0.05061507225036621,0.08262799680233002,0.058517780154943466,0.1162172257900238,0.11613984405994415,0.03820233792066574,0.1221759021282196,0.02060939557850361,0.04129650071263313,0.04051477089524269,0.026965614408254623,0.010721481405198574,0.014044474810361862,0.025265099480748177,0.03751831129193306,0.0206442903727293,0.0070557137951254845,0.17350256443023682,0.04656483978033066,0.004317419603466988,0.10895780473947525,0.004208647646009922,0.009227271191775799,0.007646879646927118,0.0030916889663785696,0.11417596787214279,0.1015300303697586,0.011483130045235157,0.04963040351867676,0.010511040687561035,0.08899439871311188,0.061240971088409424,0.016559703275561333,0.006320697255432606,0.013387114740908146,0.06015421077609062,0.17101241648197174,0.014188430272042751,0.0171575378626585,0.028076032176613808,0.055113278329372406,0.005777986720204353,0.017197396606206894,0.0881684198975563,,,,,,,,,,,,,,,
unknown,山,446,447,507.75,508.25,0.91503906,,0.035354699939489365,0.01808815449476242,0.03428395092487335,0.24812117218971252,0.008887901902198792,0.0655895471572876,0.007253087125718594,0.03286192938685417,0.049740493297576904,0.037907522171735764,0.0433150939643383,0.04750689119100571,0.1399698555469513,0.103037990629673,0.049092140048742294,0.059180259704589844,0.012685290537774563,0.03551696985960007,0.043032750487327576,0.04946700111031532,0.017482908442616463,0.009199538268148899,0.0317520909011364,0.03054528310894966,0.028873182833194733,0.006304097827523947,0.1925296038389206,0.046803444623947144,0.006840432528406382,0.13619853556156158,0.0030942419543862343,0.006038568448275328,0.007124146446585655,0.0035821523051708937,0.149649977684021,0.07946710288524628,0.007415451109409332,0.03577359765768051,0.004420691169798374,0.07404109835624695,0.07135620713233948,0.010404407978057861,0.005414227955043316,0.007265659514814615,0.10676565766334534,0.1151842549443245,0.01932671293616295,0.01970556192100048,0.04924602061510086,0.10093928873538971,0.00610774802044034,0.008990632370114326,0.07795938104391098,,,,,,,,,,,,,,,
unknown,透,448,449,512.11,512.39,0.99316406,,0.037041373550891876,0.019582444801926613,0.02969006821513176,0.2917053997516632,0.007297238800674677,0.039510954171419144,0.007390574086457491,0.035408489406108856,0.034619495272636414,0.02292797900736332,0.029718386009335518,0.045659199357032776,0.12193600088357925,0.09409642219543457,0.03859708458185196,0.06140606850385666,0.017963245511054993,0.041258301585912704,0.030881553888320923,0.03146258741617203,0.012684229761362076,0.009524996392428875,0.02600727416574955,0.045725345611572266,0.02099630981683731,0.005482043605297804,0.2708163559436798,0.04616311192512512,0.004538713488727808,0.21016840636730194,0.004207650199532509,0.008117775432765484,0.006319407373666763,0.004686844535171986,0.1576656848192215,0.11199679225683212,0.008671730756759644,0.05866624042391777,0.004709362983703613,0.08269114792346954,0.06586730480194092,0.010381089523434639,0.0040093655698001385,0.006546178366988897,0.094575896859169,0.13428007066249847,0.012341526336967945,0.014615696854889393,0.043966785073280334,0.11451182514429092,0.00493976753205061,0.00651694368571043,0.10933398455381393,,,,,,,,,,,,,,,
unknown,明,450,451,512.39,512.89,0.99902344,,0.049333587288856506,0.027881748974323273,0.04522157087922096,0.2174420803785324,0.007460857275873423,0.04456416517496109,0.009622974321246147,0.035361915826797485,0.030657052993774414,0.027826040983200073,0.0563000924885273,0.057219114154577255,0.1124761551618576,0.12974479794502258,0.042126283049583435,0.08836515992879868,0.023975444957613945,0.043153759092092514,0.032796382904052734,0.03428402170538902,0.011534487828612328,0.010545918717980385,0.028842449188232422,0.03393997997045517,0.015900617465376854,0.006273148115724325,0.24194598197937012,0.05074683576822281,0.005762333050370216,0.15840689837932587,0.004941954277455807,0.011735317297279835,0.005860929377377033,0.003762864740565419,0.18895326554775238,0.11071573197841644,0.012314600870013237,0.062263019382953644,0.005030901171267033,0.08575592935085297,0.06889936327934265,0.0117989806458354,0.005005464423447847,0.008428270928561687,0.07248542457818985,0.1581985503435135,0.0119211096316576,0.013323706574738026,0.0297017153352499,0.08173833787441254,0.006157789379358292,0.007165311370044947,0.08490782976150513,,,,,,,,,,,,,,,
unknown,気,452,453,518.3149,518.5144,0.6308594,,0.07348033040761948,0.05280622839927673,0.07371044158935547,0.20193105936050415,0.00855211354792118,0.04476258531212807,0.00948130153119564,0.05585383251309395,0.023808125406503677,0.03935166820883751,0.06324531137943268,0.03800515830516815,0.085990309715271,0.15498198568820953,0.048194970935583115,0.10710756480693817,0.04466859996318817,0.028977490961551666,0.039946649223566055,0.035919658839702606,0.012863985262811184,0.012529280968010426,0.02382083050906658,0.05133390054106712,0.012175284326076508,0.007993515580892563,0.21072624623775482,0.08188718557357788,0.010893710888922215,0.15323151648044586,0.004730608314275742,0.01858873851597309,0.004844850394874811,0.0039027126040309668,0.16232509911060333,0.1626279354095459,0.025080427527427673,0.10173109173774719,0.0076230308040976524,0.0646558478474617,0.07556859403848648,0.012318242341279984,0.012853930704295635,0.019552281126379967,0.08646896481513977,0.1533726155757904,0.021884867921471596,0.012772300280630589,0.023602787405252457,0.07040911167860031,0.0070735556073486805,0.009640227071940899,0.06164512783288956,,,,,,,,,,,,,,,
unknown,き,454,455,518.5144,519.0144,0.36572266,,0.053622353821992874,0.0345148965716362,0.06969902664422989,0.11767182499170303,0.0157909132540226,0.07139863073825836,0.01691504754126072,0.05065584555268288,0.02616647444665432,0.04015444591641426,0.08668970316648483,0.05565328150987625,0.1281026154756546,0.2439134269952774,0.0675472542643547,0.10205794870853424,0.03960231691598892,0.04370966553688049,0.06747284531593323,0.062334563583135605,0.020810216665267944,0.024923523887991905,0.037578992545604706,0.03861364349722862,0.013958686031401157,0.015755437314510345,0.12930947542190552,0.08641598373651505,0.012827008962631226,0.0760388970375061,0.007406389340758324,0.01829639822244644,0.009251963347196579,0.005609739106148481,0.13620306551456451,0.08529714494943619,0.017048414796590805,0.05750036984682083,0.014552469365298748,0.05214801803231239,0.10992326587438583,0.018332231789827347,0.012300542555749416,0.03701234981417656,0.07588756829500198,0.13223430514335632,0.023111779242753983,0.021646663546562195,0.03083118051290512,0.04958119988441467,0.012907338328659534,0.01909531094133854,0.056802209466695786,,,,,,,,,,,,,,,
unknown,山,456,457,525.33905,525.45874,0.99658203,,0.05626309663057327,0.04034296050667763,0.09126415103673935,0.19371415674686432,0.004477887414395809,0.029296061024069786,0.011953219771385193,0.06463623046875,0.023982403799891472,0.03153026103973389,0.07184041291475296,0.04933769628405571,0.07235553860664368,0.1624341607093811,0.02890603616833687,0.12853309512138367,0.03910163789987564,0.033009517937898636,0.02748599275946617,0.019400060176849365,0.007920333184301853,0.012874478474259377,0.01924479566514492,0.0769529640674591,0.01390878763049841,0.006223683711141348,0.2489844709634781,0.10008686780929565,0.007239774335175753,0.20605194568634033,0.00596041651442647,0.016907885670661926,0.005272082053124905,0.004065593238919973,0.1652684360742569,0.18069714307785034,0.018004553392529488,0.09376273304224014,0.006803364027291536,0.07665737718343735,0.08946365118026733,0.017308304086327553,0.011400842107832432,0.014145993627607822,0.052135493606328964,0.19482921063899994,0.022311683744192123,0.012484191916882992,0.022050611674785614,0.09475681930780411,0.004669678397476673,0.011970629915595055,0.07980469614267349,,,,,,,,,,,,,,,
unknown,の,458,459,525.45874,525.5785,0.99853516,,0.06889991462230682,0.042538028210401535,0.09699741750955582,0.17837315797805786,0.004761477001011372,0.034956686198711395,0.013684832490980625,0.05711229518055916,0.030609777197241783,0.03054080344736576,0.06564710289239883,0.05288231000304222,0.08765669912099838,0.16757899522781372,0.032629091292619705,0.10168381780385971,0.038064222782850266,0.03209748491644859,0.030232969671487808,0.028636867180466652,0.010149057023227215,0.01276774425059557,0.028269896283745766,0.04908657819032669,0.016173113137483597,0.005573864560574293,0.22003750503063202,0.08838832378387451,0.008091295138001442,0.1672457903623581,0.007272755261510611,0.015483026392757893,0.004759902134537697,0.004263577051460743,0.1862698346376419,0.13780148327350616,0.016859546303749084,0.08231941610574722,0.005199306644499302,0.06392887234687805,0.10016686469316483,0.015090016648173332,0.011430159211158752,0.01162419468164444,0.05278521776199341,0.1699218451976776,0.026400607079267502,0.013300477527081966,0.024707138538360596,0.09748604148626328,0.004606242757290602,0.008440150879323483,0.059989675879478455,,,,,,,,,,,,,,,
unknown,中,460,461,525.5785,526.0785,0.99853516,,0.04998212680220604,0.026869887486100197,0.10902697592973709,0.14235880970954895,0.004634123295545578,0.03956817835569382,0.01356747467070818,0.07013227790594101,0.027664924040436745,0.04671873524785042,0.09612134844064713,0.07118452340364456,0.09020962566137314,0.25036582350730896,0.03442230075597763,0.09340015053749084,0.0222688727080822,0.02815643884241581,0.04376873001456261,0.03302840515971184,0.009749069809913635,0.015422469936311245,0.02854626253247261,0.03297004848718643,0.016717571765184402,0.004951649811118841,0.160543292760849,0.11933605372905731,0.0070936232805252075,0.1124337688088417,0.008763347752392292,0.012323129922151566,0.004796879831701517,0.00560733349993825,0.16780108213424683,0.07998711615800858,0.0074281287379562855,0.10192517936229706,0.005397298373281956,0.04954133182764053,0.1304573267698288,0.010930236428976059,0.0071490369737148285,0.018473200500011444,0.056333381682634354,0.12749888002872467,0.01341064553707838,0.015107170678675175,0.028390079736709595,0.07026363164186478,0.003544557373970747,0.012386983260512352,0.048144854605197906,,,,,,,,,,,,,,,
unknown,建,462,463,531.3032,531.58276,0.9995117,,0.062414150685071945,0.03942285478115082,0.18917369842529297,0.14343014359474182,0.0017240308225154877,0.016355855390429497,0.00675844494253397,0.0771280974149704,0.019690537825226784,0.03943242132663727,0.11283304542303085,0.08359834551811218,0.08142540603876114,0.24071083962917328,0.02489893138408661,0.17735417187213898,0.02387513965368271,0.03514331579208374,0.017378950491547585,0.013025074265897274,0.0039442251436412334,0.006780816242098808,0.02018340304493904,0.05588265135884285,0.009100186638534069,0.0025059261824935675,0.22108972072601318,0.16714078187942505,0.004422537051141262,0.13476251065731049,0.003964415285736322,0.02000783197581768,0.0023031325545161963,0.0023713086266070604,0.16912446916103363,0.14761482179164886,0.013906523585319519,0.1317489743232727,0.003141474910080433,0.09244983643293381,0.08486700803041458,0.010148064233362675,0.00946330651640892,0.009372884407639503,0.04077538475394249,0.20835921168327332,0.012072334997355938,0.0076314653269946575,0.011632127687335014,0.06543470919132233,0.0017836398910731077,0.009861844591796398,0.07837919890880585,,,,,,,,,,,,,,,
unknown,物,464,465,531.58276,532.08276,0.9980469,,0.08326952159404755,0.04263673722743988,0.2317294478416443,0.11422567069530487,0.002136220457032323,0.01709074340760708,0.006664557382464409,0.10966523736715317,0.017963740974664688,0.03267814218997955,0.12068398296833038,0.06541715562343597,0.08957550674676895,0.25265148282051086,0.02873520366847515,0.15761585533618927,0.02034914493560791,0.020731713622808456,0.018402501940727234,0.018125636503100395,0.00533876521512866,0.006985745392739773,0.02113524079322815,0.047603365033864975,0.00741155818104744,0.002710025990381837,0.18304522335529327,0.17962409555912018,0.005783573724329472,0.10965423285961151,0.0046560331247746944,0.02378046326339245,0.001760191866196692,0.0032708572689443827,0.19022786617279053,0.12817519903182983,0.010612154379487038,0.09398988634347916,0.0027947418857365847,0.06272666156291962,0.08754562586545944,0.009970944374799728,0.007775006350129843,0.00944726075977087,0.04462926462292671,0.18171459436416626,0.01011380460113287,0.006892143748700619,0.015486491844058037,0.08190962672233582,0.002094732830300927,0.006369657814502716,0.05469382926821709,,,,,,,,,,,,,,,
unknown,牛,466,467,542.66254,543.16254,0.82177734,,0.08423922955989838,0.04688512906432152,0.1489930897951126,0.23137736320495605,0.001274141133762896,0.013107798993587494,0.003165406407788396,0.0811910405755043,0.020045055076479912,0.03132890537381172,0.06560016423463821,0.041252218186855316,0.056787069886922836,0.11497478932142258,0.02074282243847847,0.137512668967247,0.03575387969613075,0.020021554082632065,0.009040170349180698,0.009840520098805428,0.00350168882869184,0.002854755846783519,0.011691325344145298,0.054391685873270035,0.007932465523481369,0.0016268000472337008,0.32897526025772095,0.10501053929328918,0.006820157635957003,0.2283637970685959,0.0017207516357302666,0.018912499770522118,0.0016285822493955493,0.0014077175874263048,0.24800175428390503,0.1906532645225525,0.010445107705891132,0.07862134277820587,0.0011318973265588284,0.08816282451152802,0.06051838397979736,0.0071894023567438126,0.004738216288387775,0.0029198159463703632,0.051977310329675674,0.21558132767677307,0.0110031021758914,0.004735530819743872,0.012578243389725685,0.13547003269195557,0.001598467119038105,0.0031714895740151405,0.06534457951784134,,,,,,,,,,,,,,,
unknown,僕,468,469,549.777,550.05676,0.6689453,,0.06282364577054977,0.045091692358255386,0.1193484291434288,0.21331565082073212,0.0022528741974383593,0.021752582862973213,0.0037200581282377243,0.05606845021247864,0.016627302393317223,0.048118699342012405,0.07174175977706909,0.04511166736483574,0.054970771074295044,0.06701241433620453,0.022406138479709625,0.16309881210327148,0.03300876170396805,0.026477321982383728,0.009796222671866417,0.009059024043381214,0.003454223508015275,0.004223854746669531,0.007219685707241297,0.05777939781546593,0.0063193985261023045,0.0014485802967101336,0.3306986093521118,0.075189508497715,0.004083940293639898,0.24119561910629272,0.0017566236201673746,0.025814106687903404,0.001346404431387782,0.0013612544862553477,0.16773419082164764,0.21198029816150665,0.013107333332300186,0.08496497571468353,0.00192156620323658,0.11815828084945679,0.03398384526371956,0.009127496741712093,0.003589921398088336,0.0037934405263513327,0.05148235708475113,0.23180323839187622,0.007153108716011047,0.0035867702681571245,0.010054629296064377,0.08347176015377045,0.0013524863170459867,0.007463318761438131,0.09289716929197311,,,,,,,,,,,,,,,
unknown,月,470,471,550.05676,550.55676,0.66064453,,0.06516162306070328,0.06889135390520096,0.15953636169433594,0.15169060230255127,0.0017846269765868783,0.01827414333820343,0.011829563416540623,0.07717461884021759,0.029071083292365074,0.02948005124926567,0.07007533311843872,0.04952414333820343,0.10388296842575073,0.16706480085849762,0.013612565584480762,0.13665995001792908,0.03942209109663963,0.03009660169482231,0.014245802536606789,0.006434634793549776,0.002174990950152278,0.009903238154947758,0.018711132928729057,0.08693723380565643,0.011715518310666084,0.003975958563387394,0.2677781879901886,0.1500428020954132,0.00593347754329443,0.2216995656490326,0.004198290407657623,0.025714611634612083,0.0028886760119348764,0.0017831212608143687,0.15632368624210358,0.23158137500286102,0.03915753960609436,0.15414412319660187,0.00619654031470418,0.09601232409477234,0.06884453445672989,0.013904641382396221,0.027622802183032036,0.01131089124828577,0.03309119865298271,0.17320996522903442,0.026754820719361305,0.00692564295604825,0.014209054410457611,0.10403168946504593,0.0026831456925719976,0.016102449968457222,0.07084887474775314,,,,,,,,,,,,,,,
unknown,テ,472,473,554.46857,554.58844,0.9995117,,0.05923442915081978,0.05869496986269951,0.13402888178825378,0.26549631357192993,0.0013424934586510062,0.014153668656945229,0.005578217562288046,0.06553367525339127,0.023404831066727638,0.030207479372620583,0.046191755682229996,0.030122902244329453,0.07573869079351425,0.11871563643217087,0.014520294032990932,0.11037752777338028,0.03217466548085213,0.018163761124014854,0.013513910584151745,0.007215438410639763,0.0023581874556839466,0.005775244440883398,0.013608848676085472,0.07838982343673706,0.010062113404273987,0.002319006249308586,0.287462055683136,0.12006711214780807,0.004380472935736179,0.25456055998802185,0.002848615637049079,0.020470410585403442,0.001787831075489521,0.001741265645250678,0.16288422048091888,0.25021427869796753,0.03186853602528572,0.17036031186580658,0.0032452386803925037,0.07199268043041229,0.04999486356973648,0.00803432147949934,0.018978573381900787,0.008672515861690044,0.06366059929132462,0.14941856265068054,0.020925091579556465,0.005012799985706806,0.014125882647931576,0.1036953255534172,0.0016772524686530232,0.008246071636676788,0.05634855106472969,,,,,,,,,,,,,,,
unknown,ス,474,475,554.58844,554.6684,0.99902344,,0.08213181793689728,0.07310493290424347,0.13855521380901337,0.2594655156135559,0.0016572668682783842,0.015187847428023815,0.0058772931806743145,0.08186928182840347,0.025935370475053787,0.023217331618070602,0.04241335391998291,0.03150375559926033,0.08598755300045013,0.1357904076576233,0.016870791092514992,0.0859682559967041,0.029165159910917282,0.017806842923164368,0.014587352983653545,0.009976881556212902,0.00344108697026968,0.006363396067172289,0.01626025326550007,0.06177208572626114,0.012761631049215794,0.0030999344307929277,0.24829010665416718,0.13384902477264404,0.0053683859296143055,0.1967439204454422,0.003380360547453165,0.02045818231999874,0.0021137516014277935,0.002341745188459754,0.16766592860221863,0.20038314163684845,0.03300470486283302,0.1762075424194336,0.0033766317646950483,0.07146602123975754,0.05742429196834564,0.0076143331825733185,0.02094230055809021,0.008940374478697777,0.07111266255378723,0.12972673773765564,0.026401715353131294,0.006636467296630144,0.016469614580273628,0.11026091128587723,0.0023839843925088644,0.006421212572604418,0.05041534826159477,,,,,,,,,,,,,,,
unknown,ト,476,477,554.6684,555.1684,0.9970703,,0.0914810374379158,0.06335192173719406,0.16634410619735718,0.22206686437129974,0.0009332730551250279,0.00978508684784174,0.0030104804318398237,0.09015842527151108,0.014810413122177124,0.020717063918709755,0.04458978399634361,0.043338343501091,0.07567864656448364,0.12435893714427948,0.013821798376739025,0.11297254264354706,0.039676692336797714,0.02720681019127369,0.00933306384831667,0.005111078266054392,0.0017096782103180885,0.002908925525844097,0.010234375484287739,0.07447493076324463,0.006955438293516636,0.0013903059298172593,0.33220553398132324,0.13951140642166138,0.005916723515838385,0.26837465167045593,0.0014727143570780754,0.023218313232064247,0.0015580975450575352,0.00098587351385504,0.20255640149116516,0.21519805490970612,0.01698777638375759,0.13387547433376312,0.0013042844366282225,0.1092933863401413,0.05109407380223274,0.0075188591144979,0.008375024423003197,0.004031384829431772,0.037605080753564835,0.19389969110488892,0.013306677341461182,0.004137126728892326,0.00887224543839693,0.10754488408565521,0.0012450771173462272,0.0036834741476923227,0.08806177228689194,,,,,,,,,,,,,,,
unknown,6,478,479,560.6643,560.9441,0.94091797,,0.054310403764247894,0.04944819584488869,0.1232440248131752,0.2086380124092102,0.0012304673437029123,0.011791982688009739,0.0037446680944412947,0.052721694111824036,0.017812004312872887,0.0300802830606699,0.04807376116514206,0.04074279963970184,0.06582631170749664,0.09552618861198425,0.015139278024435043,0.1106482446193695,0.05082686245441437,0.027191927656531334,0.010092547163367271,0.005622779484838247,0.0020584145095199347,0.0036284017842262983,0.009250333532691002,0.06663844734430313,0.007201434578746557,0.0012310765450820327,0.3309887647628784,0.10081055015325546,0.004771367181092501,0.28944435715675354,0.0018824426224455237,0.01800323650240898,0.0018514451803639531,0.0011899940436705947,0.1848858892917633,0.20548447966575623,0.017203109338879585,0.12266678363084793,0.0015266032423824072,0.10241357982158661,0.0441436804831028,0.005942268762737513,0.007549341302365065,0.0044896043837070465,0.04053452983498573,0.17392770946025848,0.01208659540861845,0.004460264928638935,0.00856881495565176,0.07532517611980438,0.0010955561883747578,0.0036158845759928226,0.07524903118610382,,,,,,,,,,,,,,,
unknown,月,480,481,560.9441,561.4441,0.99853516,,0.07748568803071976,0.06180573254823685,0.2564009428024292,0.14971742033958435,0.0018293928587809205,0.010676171630620956,0.005747683346271515,0.0938553512096405,0.01267433911561966,0.021932484582066536,0.11459720879793167,0.08084125071763992,0.03726549819111824,0.12694109976291656,0.02219361811876297,0.3021124005317688,0.057520605623722076,0.054401006549596786,0.007512327283620834,0.005262490827590227,0.0035080991219729185,0.0051668742671608925,0.006144029553979635,0.16386984288692474,0.00819661095738411,0.0019910838454961777,0.3211418688297272,0.19669006764888763,0.004701913800090551,0.24135605990886688,0.0029844874516129494,0.0480215959250927,0.0026002456434071064,0.0021913147065788507,0.15351636707782745,0.24593620002269745,0.01931964047253132,0.07847604155540466,0.0028319116681814194,0.19287104904651642,0.05919995531439781,0.024122456088662148,0.011838197708129883,0.004458300303667784,0.02435215935111046,0.45986470580101013,0.025538362562656403,0.006119629368185997,0.005816683638840914,0.08075501024723053,0.001490835682488978,0.005894480738788843,0.1898002177476883,,,,,,,,,,,,,,,
unknown,ご,482,483,568.9535,569.11334,0.9814453,,0.06618264317512512,0.04803391918540001,0.19365428388118744,0.1871030181646347,0.0010257887188345194,0.009192760102450848,0.005018925294280052,0.07457654178142548,0.012976685538887978,0.030661605298519135,0.10684149712324142,0.07672596722841263,0.03772773593664169,0.13160647451877594,0.015576235018670559,0.2757296562194824,0.05680383741855621,0.04322776198387146,0.008687124587595463,0.004009631462395191,0.0022497307509183884,0.004398678429424763,0.0068309674970805645,0.12109208852052689,0.008330975659191608,0.0017280707834288478,0.3411427140235901,0.15398533642292023,0.0037768788170069456,0.2639440894126892,0.002353616524487734,0.0365397185087204,0.002240945352241397,0.0014971147757023573,0.19075115025043488,0.2385859340429306,0.016037238761782646,0.13856813311576843,0.0024075815454125404,0.1490027755498886,0.05787590891122818,0.020208263769745827,0.009041371755301952,0.0046765971928834915,0.019778234884142876,0.4106614291667938,0.019913453608751297,0.005139447748661041,0.006478719413280487,0.09265898168087006,0.001266866340301931,0.007563190534710884,0.1454952508211136,,,,,,,,,,,,,,,
unknown,は,484,485,569.11334,569.61334,0.7441406,,0.06167285516858101,0.04045572876930237,0.18206465244293213,0.13236352801322937,0.001862920238636434,0.018213612958788872,0.007301510777324438,0.07654093205928802,0.016123905777931213,0.03266983851790428,0.1302134096622467,0.08376377075910568,0.04881546273827553,0.1713336855173111,0.017576023936271667,0.2287132292985916,0.03989342600107193,0.046762485057115555,0.015647172927856445,0.0073189628310501575,0.0037634989712387323,0.0073934574611485004,0.010167555883526802,0.07360627502202988,0.01196866575628519,0.002875201404094696,0.24716955423355103,0.13706910610198975,0.004742783028632402,0.17087066173553467,0.0029025503899902105,0.03327718749642372,0.0033829608000814915,0.0019195624627172947,0.17763403058052063,0.15936540067195892,0.014622095972299576,0.12093126028776169,0.0036408365704119205,0.12897545099258423,0.09040746092796326,0.02790895104408264,0.010843422263860703,0.007903202436864376,0.022485310211777687,0.342905193567276,0.02474391646683216,0.008224817924201488,0.012095682322978973,0.11838313192129135,0.002069061389192939,0.012532378546893597,0.11995148658752441,,,,,,,,,,,,,,,
unknown,フ,486,487,572.4708,572.5108,0.93310547,,0.050779957324266434,0.03662978857755661,0.15786568820476532,0.19373492896556854,0.0031806700862944126,0.03149440139532089,0.01337056141346693,0.06008719652891159,0.055883608758449554,0.023792067542672157,0.07707640528678894,0.05603218823671341,0.07968901097774506,0.1293005645275116,0.023227088153362274,0.13390092551708221,0.06493693590164185,0.03303326666355133,0.028860943391919136,0.020877357572317123,0.013221686705946922,0.010835247114300728,0.022049853578209877,0.07121171802282333,0.04902246966958046,0.0029443283565342426,0.22788187861442566,0.12192054092884064,0.006923574488610029,0.18788395822048187,0.0060654086992144585,0.027070801705121994,0.010651119984686375,0.004827137105166912,0.22307954728603363,0.12472902983427048,0.011942824348807335,0.05225174129009247,0.0025528655387461185,0.07660426944494247,0.1066475659608841,0.027129072695970535,0.016571611166000366,0.005995672196149826,0.039458077400922775,0.27996429800987244,0.09205594658851624,0.024153150618076324,0.03612660616636276,0.22314077615737915,0.0024371438194066286,0.00590126309543848,0.0665031373500824,,,,,,,,,,,,,,,
unknown,ェ,488,489,572.5108,572.63074,0.9770508,,0.06235010549426079,0.06491047143936157,0.12101822346448898,0.11218804121017456,0.0031217681244015694,0.019427461549639702,0.007113583851605654,0.0708126425743103,0.018486961722373962,0.01897355541586876,0.0795389860868454,0.06030691787600517,0.052802037447690964,0.1520846039056778,0.019945397973060608,0.1447831094264984,0.08783736079931259,0.06346998363733292,0.012363404966890812,0.0085612703114748,0.003850831650197506,0.0058680628426373005,0.011404304765164852,0.1043681874871254,0.008691657334566116,0.0023129030596464872,0.36038264632225037,0.16166150569915771,0.00654348311945796,0.3119499683380127,0.0026624570600688457,0.03732791915535927,0.003113766200840473,0.0015356037765741348,0.24132078886032104,0.1815876066684723,0.026464149355888367,0.09643788635730743,0.0018711339216679335,0.0974089652299881,0.06281294673681259,0.01858546771109104,0.033439166843891144,0.005408733617514372,0.023538190871477127,0.26296454668045044,0.0908917784690857,0.00630161864683032,0.011409065686166286,0.13152442872524261,0.0018300955416634679,0.005480807274580002,0.09588709473609924,,,,,,,,,,,,,,,
unknown,リ,490,491,572.63074,572.7506,0.91308594,,0.06007925420999527,0.051551878452301025,0.09752875566482544,0.12290066480636597,0.002674809191375971,0.02205539308488369,0.005904631223529577,0.08810624480247498,0.015775233507156372,0.028633827343583107,0.055845532566308975,0.04009869322180748,0.07846952974796295,0.15861713886260986,0.014545666985213757,0.12880219519138336,0.0704781711101532,0.03281343728303909,0.03430381044745445,0.009350553154945374,0.0036960754077881575,0.007391928695142269,0.01434191782027483,0.09764464944601059,0.010022963397204876,0.002385556697845459,0.3519235849380493,0.14627164602279663,0.006037590559571981,0.32574933767318726,0.002143915044143796,0.028390133753418922,0.003222143044695258,0.0016825052443891764,0.20718631148338318,0.19206637144088745,0.019509274512529373,0.24608851969242096,0.002841253997758031,0.05979570001363754,0.0845145657658577,0.021114381030201912,0.021920330822467804,0.013271472416818142,0.019613835960626602,0.21851104497909546,0.04620781168341637,0.0071023935452103615,0.028132198378443718,0.22217044234275818,0.0016562952660024166,0.00842797476798296,0.0850541964173317,,,,,,,,,,,,,,,
unknown,ー,492,493,572.7506,573.2506,0.7792969,,0.047658175230026245,0.03476640582084656,0.08499284088611603,0.19237634539604187,0.0022251978516578674,0.01828482747077942,0.008041891269385815,0.07690480351448059,0.03420579060912132,0.01756308600306511,0.04093605652451515,0.0430217981338501,0.07107342779636383,0.12365268170833588,0.01180710643529892,0.09792090952396393,0.06375785171985626,0.043944958597421646,0.021334853023290634,0.007006692700088024,0.00382194179110229,0.007426643278449774,0.015253731980919838,0.11038058996200562,0.026283670216798782,0.0028788589406758547,0.38216713070869446,0.11513502150774002,0.007295098155736923,0.39834779500961304,0.003066492034122348,0.026397842913866043,0.005858986638486385,0.002301114611327648,0.2378472089767456,0.18376865983009338,0.012584073469042778,0.12594203650951385,0.002337602898478508,0.08003786206245422,0.11882706731557846,0.03050983138382435,0.020726853981614113,0.006712573580443859,0.02629927173256874,0.23383165895938873,0.07585357129573822,0.011446196585893631,0.03582455962896347,0.3690686523914337,0.002053166041150689,0.00617977837100625,0.11173678934574127,,,,,,,,,,,,,,,
unknown,ふ,494,495,578.866,578.98596,0.75390625,,0.029883265495300293,0.04481803998351097,0.1324901133775711,0.22331126034259796,0.0015780777903273702,0.013396712951362133,0.007468008436262608,0.035843681544065475,0.03119206242263317,0.026428276672959328,0.05157119035720825,0.03532698377966881,0.0434531606733799,0.09284579753875732,0.01449922937899828,0.1203063502907753,0.1376446634531021,0.03520461916923523,0.00747694680467248,0.005072213709354401,0.0031022264156490564,0.005030334927141666,0.008291472680866718,0.11337681114673615,0.013143755495548248,0.001365522388368845,0.40953418612480164,0.10885276645421982,0.005469288676977158,0.4187782108783722,0.0025486680679023266,0.028337659314274788,0.003721813904121518,0.0014683851040899754,0.22435615956783295,0.24725116789340973,0.0187513567507267,0.11017372459173203,0.0011874015908688307,0.06803497672080994,0.048645492643117905,0.010815075598657131,0.021329641342163086,0.0039070844650268555,0.029002618044614792,0.20739556849002838,0.06641300767660141,0.006106543820351362,0.006978706456720829,0.09858687222003937,0.001014675828628242,0.0042704385705292225,0.057937975972890854,,,,,,,,,,,,,,,
unknown,り,496,497,578.98596,579.1059,0.97314453,,0.03669546917080879,0.05352773889899254,0.12118418514728546,0.16341128945350647,0.004435651935636997,0.030416229739785194,0.008420638740062714,0.034593041986227036,0.03294236212968826,0.03714347258210182,0.06298749893903732,0.0359620600938797,0.05493835359811783,0.09383929520845413,0.022455809637904167,0.10134603083133698,0.11198733747005463,0.03546299412846565,0.013933454640209675,0.011377323418855667,0.005665707401931286,0.007351933512836695,0.009745171293616295,0.06762775778770447,0.010895425453782082,0.0022041669581085443,0.39418765902519226,0.08628813922405243,0.00821405928581953,0.3523755967617035,0.0027922785375267267,0.021389616653323174,0.0037541911005973816,0.0018342264229431748,0.23831333220005035,0.21353764832019806,0.022997526451945305,0.11883316189050674,0.002135440707206726,0.06441770493984222,0.04002488777041435,0.00749453017488122,0.021525738760828972,0.006547996774315834,0.032011643052101135,0.1536421924829483,0.05207528546452522,0.006980016827583313,0.010579015128314495,0.07373383641242981,0.0017391415312886238,0.006173969712108374,0.04542303457856178,,,,,,,,,,,,,,,
unknown,か,498,499,579.1059,579.26575,0.93603516,,0.0560544952750206,0.0671221911907196,0.20496602356433868,0.12730082869529724,0.001190778217278421,0.01139743346720934,0.007767508737742901,0.04985971003770828,0.023665854707360268,0.03121047466993332,0.0866943746805191,0.058808378875255585,0.06764070689678192,0.16261669993400574,0.014344291761517525,0.11687122285366058,0.12785695493221283,0.04395745322108269,0.007817739620804787,0.004951699171215296,0.0020278138108551502,0.0046180859208106995,0.015692612156271935,0.059463199228048325,0.006366610527038574,0.0012888027122244239,0.32435357570648193,0.15355627238750458,0.0076110162772238255,0.25991547107696533,0.0031508360989391804,0.023055873811244965,0.001989529235288501,0.0010465465020388365,0.29561248421669006,0.18477046489715576,0.028026431798934937,0.1221274733543396,0.0013233448844403028,0.05711335688829422,0.03946186602115631,0.005379960872232914,0.028756195679306984,0.004839401226490736,0.02041233703494072,0.1474200189113617,0.04464827477931976,0.004343660082668066,0.005400230176746845,0.059144262224435806,0.0010750519577413797,0.00427428912371397,0.036972369998693466,,,,,,,,,,,,,,,
unknown,け,500,501,579.26575,579.76575,0.9794922,,0.07538338750600815,0.08243873715400696,0.20870770514011383,0.21231019496917725,0.0010683119762688875,0.009720939211547375,0.004101588390767574,0.06571213155984879,0.021661104634404182,0.023087235167622566,0.06247839331626892,0.044555697590112686,0.05787338316440582,0.12200073897838593,0.01474099699407816,0.11309640109539032,0.09730250388383865,0.042049650102853775,0.005841957405209541,0.0046242605894804,0.0018174819415435195,0.002762783784419298,0.011065062135457993,0.08059727400541306,0.005950465798377991,0.0014217812567949295,0.41460222005844116,0.1551741510629654,0.008843790739774704,0.3454137444496155,0.0017851098673418164,0.025925638154149055,0.001235435949638486,0.0008484889403916895,0.30500680208206177,0.25318053364753723,0.031054312363266945,0.11317118257284164,0.0009212434524670243,0.076304130256176,0.03705311194062233,0.005836176685988903,0.03206902742385864,0.0034226111602038145,0.03251690790057182,0.16722716391086578,0.055903349071741104,0.00309459725394845,0.005721852649003267,0.09517192840576172,0.001335245673544705,0.0024030173663049936,0.05348816514015198,,,,,,,,,,,,,,,
unknown,ラ,502,503,584.1518,584.31146,0.9711914,,0.03470823913812637,0.05659495294094086,0.13040600717067719,0.19013535976409912,0.00142143783159554,0.0119304358959198,0.006468929350376129,0.0340750515460968,0.03400734066963196,0.02229154482483864,0.058930933475494385,0.03924806788563728,0.06989935785531998,0.098508320748806,0.012393740005791187,0.11100344359874725,0.08795812726020813,0.03921809792518616,0.006669027265161276,0.004218365531414747,0.0020274645648896694,0.004197212867438793,0.011264617554843426,0.08309034258127213,0.010931788943707943,0.001380976289510727,0.4063207507133484,0.10388345271348953,0.004623830784112215,0.37925490736961365,0.002222855808213353,0.02394501119852066,0.0027255993336439133,0.0010706867324188352,0.24858854711055756,0.2489515244960785,0.032091863453388214,0.1467350721359253,0.001155019155703485,0.08388490974903107,0.04067032039165497,0.007831656374037266,0.033782657235860825,0.003919145092368126,0.025333788245916367,0.17002621293067932,0.06354659795761108,0.004874903243035078,0.007633973844349384,0.10089201480150223,0.0011508173774927855,0.0035847218241542578,0.0582541786134243,,,,,,,,,,,,,,,
unknown,ベ,504,505,584.31146,584.3913,0.9946289,,0.018970763310790062,0.03709154576063156,0.09051995724439621,0.1509041041135788,0.0017606772016733885,0.013671387918293476,0.00784708745777607,0.020827453583478928,0.03300483897328377,0.03220108523964882,0.06849107146263123,0.04664585366845131,0.06611323356628418,0.07882032543420792,0.013442336581647396,0.11830208450555801,0.08459797501564026,0.04838236793875694,0.005390312988311052,0.0034594691824167967,0.001801909995265305,0.004806553013622761,0.008205732330679893,0.0729876384139061,0.008072463795542717,0.0011921348050236702,0.41942793130874634,0.07359983772039413,0.0028588594868779182,0.4162161350250244,0.002160122850909829,0.026637347415089607,0.0024834631476551294,0.0009584166691638529,0.2160382866859436,0.23016192018985748,0.022329049184918404,0.1265879124403,0.001206781598739326,0.0806097462773323,0.032546769827604294,0.009305395185947418,0.01910156011581421,0.0039524296298623085,0.022539645433425903,0.16423296928405762,0.03287982940673828,0.0037314221262931824,0.005970556288957596,0.0701116994023323,0.0009574904106557369,0.004542981274425983,0.06536762416362762,,,,,,,,,,,,,,,
unknown,ン,506,507,584.3913,584.51105,0.99853516,,0.022473543882369995,0.04738963022828102,0.08136273920536041,0.11795860528945923,0.00223035947419703,0.013270404189825058,0.006402227096259594,0.01934906281530857,0.024135056883096695,0.029543619602918625,0.09629756212234497,0.05587054789066315,0.04061199352145195,0.060023531317710876,0.016323154792189598,0.18220949172973633,0.06589935719966888,0.07421156018972397,0.003680233610793948,0.003111150348559022,0.0018032519146800041,0.004091257695108652,0.004884911235421896,0.08464516699314117,0.005382863339036703,0.0015942391473799944,0.443913072347641,0.060838617384433746,0.0024757161736488342,0.4062478840351105,0.0015481418231502175,0.0344262421131134,0.0022077469620853662,0.000727842329069972,0.19487160444259644,0.27580446004867554,0.04134689271450043,0.08111120015382767,0.0014114935183897614,0.13782423734664917,0.02705497108399868,0.013507106341421604,0.02264595590531826,0.0033296486362814903,0.018075888976454735,0.23772534728050232,0.035945307463407516,0.0031588952988386154,0.004245332442224026,0.05611911416053772,0.00147219595964998,0.006971780676394701,0.10138163715600967,,,,,,,,,,,,,,,
unknown,ダ,508,509,584.51105,584.5909,0.9995117,,0.034360237419605255,0.06427683681249619,0.12394518405199051,0.14719083905220032,0.0014591902727261186,0.009384248405694962,0.0037834281101822853,0.02692950703203678,0.023167919367551804,0.027060311287641525,0.10455679893493652,0.0530209019780159,0.04006674885749817,0.05659705400466919,0.01681143417954445,0.1844147890806198,0.06189410760998726,0.0540287010371685,0.002474685665220022,0.0030036703683435917,0.001654506428167224,0.0023690408561378717,0.00457110907882452,0.08560810983181,0.004726676270365715,0.0013554281322285533,0.4219680428504944,0.08025573194026947,0.0031719133257865906,0.35273265838623047,0.0010707933688536286,0.03259628638625145,0.001482123276218772,0.0006195548921823502,0.21937425434589386,0.29350417852401733,0.04801264405250549,0.081810362637043,0.000850242911837995,0.1305686980485916,0.021799691021442413,0.009306970983743668,0.026407213881611824,0.0020068793091923,0.020153243094682693,0.2317875176668167,0.04269087314605713,0.0025973666924983263,0.0035077263601124287,0.05908915773034096,0.00145893229637295,0.004508207552134991,0.08454909175634384,,,,,,,,,,,,,,,
unknown,ー,510,511,584.5909,585.0909,0.9560547,,0.047586601227521896,0.0849151536822319,0.13839979469776154,0.12396547943353653,0.0016121965600177646,0.009525839239358902,0.003698860527947545,0.03503517434000969,0.018827717751264572,0.026184162124991417,0.11179939657449722,0.04784943535923958,0.028347667306661606,0.047124333679676056,0.017840251326560974,0.19875165820121765,0.039524681866168976,0.05251576378941536,0.002711088629439473,0.0033038437832146883,0.0016597112407907844,0.00240718643181026,0.0035213271621614695,0.08339076489210129,0.003976926673203707,0.0015659312484785914,0.4378470480442047,0.07837020605802536,0.0031930196564644575,0.38220280408859253,0.0010649384930729866,0.040034182369709015,0.0011741283815354109,0.0006147160893306136,0.19855868816375732,0.32016676664352417,0.05534929037094116,0.07606088370084763,0.000908228917978704,0.15113326907157898,0.020030688494443893,0.010793921537697315,0.024490181356668472,0.0024687820114195347,0.01605387218296528,0.23725473880767822,0.0320134162902832,0.002331289229914546,0.003434515558183193,0.057671450078487396,0.001745137618854642,0.004595237318426371,0.095525823533535,,,,,,,,,,,,,,,
unknown,心,512,513,591.09717,591.59717,0.7265625,,0.037054140120744705,0.0737299770116806,0.07635481655597687,0.10634598135948181,0.0015210711862891912,0.00828707404434681,0.006151162087917328,0.03065715730190277,0.01519843377172947,0.028089405968785286,0.08034572750329971,0.03867318481206894,0.023108039051294327,0.04334360733628273,0.014823826029896736,0.14459435641765594,0.04727094620466232,0.042691171169281006,0.002764699514955282,0.0029299547895789146,0.0017722008051350713,0.003438663901761174,0.0032540757674723864,0.08337792754173279,0.0030089220963418484,0.0018306737765669823,0.4963383674621582,0.056563422083854675,0.0021672104485332966,0.5438912510871887,0.0016777543351054192,0.03915456682443619,0.0014845003606751561,0.0008008258882910013,0.2214987874031067,0.3078039288520813,0.046961646527051926,0.07355818897485733,0.0009016671683639288,0.0837402269244194,0.021138954907655716,0.012071860954165459,0.014963377267122269,0.002879939042031765,0.01226358488202095,0.18217255175113678,0.020109761506319046,0.002153172390535474,0.003574761562049389,0.05519084259867668,0.0019547613337635994,0.005906985606998205,0.07059347629547119,,,,,,,,,,,,,,,
unknown,お,514,515,596.30505,596.42505,0.9716797,,0.03242197632789612,0.06933199614286423,0.054960254579782486,0.1149754747748375,0.002140477066859603,0.012556138448417187,0.004328881856054068,0.025146005675196648,0.016521088778972626,0.04384347423911095,0.0952039435505867,0.02782556228339672,0.02994733862578869,0.0471314862370491,0.01717423088848591,0.13775315880775452,0.043925557285547256,0.031059570610523224,0.004776687361299992,0.004046773072332144,0.0018935301341116428,0.0031071663834154606,0.003618221962824464,0.061392173171043396,0.0028780356515198946,0.0016028032405301929,0.46226441860198975,0.04595435410737991,0.002521373564377427,0.4927574694156647,0.0010218071984127164,0.030017800629138947,0.001646018004976213,0.0005550735513679683,0.20949989557266235,0.31863659620285034,0.04681067168712616,0.09014548361301422,0.0008679853635840118,0.06481483578681946,0.023037878796458244,0.008303547278046608,0.015267329290509224,0.004237701650708914,0.015014046803116798,0.1498802751302719,0.016114383935928345,0.002336365170776844,0.004547122400254011,0.05099622905254364,0.001777456607669592,0.007082132622599602,0.05189180746674538,,,,,,,,,,,,,,,
unknown,辞,516,517,596.42505,596.585,0.7207031,,0.018747735768556595,0.03233829513192177,0.09114556759595871,0.12006722390651703,0.014621755108237267,0.03466889634728432,0.004894783720374107,0.0218669343739748,0.013759160414338112,0.024530528113245964,0.06710994243621826,0.03989127650856972,0.02658471092581749,0.042799558490514755,0.05757424980401993,0.11514560878276825,0.08334915339946747,0.06221558898687363,0.007221593521535397,0.017098579555749893,0.014445976354181767,0.006702439393848181,0.003089738544076681,0.13040998578071594,0.002887449227273464,0.0018155040452256799,0.4493093490600586,0.061972539871931076,0.0038497433997690678,0.43174609541893005,0.001980958506464958,0.02741084434092045,0.0014996082754805684,0.003043974284082651,0.14766550064086914,0.2115899622440338,0.018309511244297028,0.04064054787158966,0.0018702808301895857,0.06480249017477036,0.017703717574477196,0.009097280912101269,0.015007765963673592,0.0036351701710373163,0.04407244548201561,0.184628427028656,0.057702213525772095,0.0032171839848160744,0.0062394035048782825,0.03324490785598755,0.001431307173334062,0.006276744417846203,0.0924966037273407,,,,,,,,,,,,,,,
unknown,儀,518,519,596.585,597.085,0.7861328,,0.025980891659855843,0.039717353880405426,0.10063746571540833,0.12083543092012405,0.024615954607725143,0.06002552807331085,0.00858177337795496,0.024294815957546234,0.015786059200763702,0.02929741144180298,0.05365941673517227,0.04216500371694565,0.02505311369895935,0.0440143384039402,0.06719256192445755,0.12731055915355682,0.06893391907215118,0.0735548585653305,0.013457337394356728,0.024355407804250717,0.018828289583325386,0.01288149505853653,0.003517045872285962,0.11807069182395935,0.005203091539442539,0.0034977903123944998,0.4237149953842163,0.06010832637548447,0.005002977326512337,0.3895549178123474,0.0029722019098699093,0.032416559755802155,0.002001833403483033,0.004120612051337957,0.12302747368812561,0.2024727314710617,0.02023533545434475,0.05419108644127846,0.004670306108891964,0.10230141878128052,0.017575303092598915,0.013238606974482536,0.01404091902077198,0.008068458177149296,0.034895364195108414,0.21337467432022095,0.05106440559029579,0.0047675310634076595,0.007458965294063091,0.029830021783709526,0.002337974263355136,0.009106907993555069,0.11624570935964584,,,,,,,,,,,,,,,
