Id,Text,BeginTime,EndTime,Confidence,SpeakerConfidence,Admiration,Adoration,Aesthetic Appreciation,Amusement,Anger,Anxiety,Awe,Awkwardness,Boredom,Calmness,Concentration,Contemplation,Confusion,Contempt,Contentment,Craving,Determination,Disappointment,Disgust,Distress,Doubt,Ecstasy,Embarrassment,Empathic Pain,Entrancement,Envy,Excitement,Fear,Guilt,Horror,Interest,Joy,Love,Nostalgia,Pain,Pride,Realization,Relief,Romance,Sadness,Satisfaction,Desire,Shame,Surprise (negative),Surprise (positive),Sympathy,Tiredness,Triumph
unknown,感 情,2.6964753,3.3962142,0.9716797,,0.005115445237606764,0.004138952121138573,0.0024610920809209347,0.022994861006736755,0.046466581523418427,0.06079843267798424,0.0055176871828734875,0.08024542778730392,0.07932235300540924,0.13286466896533966,0.02319396287202835,0.023197589442133904,0.09220108389854431,0.028817715123295784,0.015786731615662575,0.007857019081711769,0.03581315279006958,0.08245983719825745,0.04169071838259697,0.10380304604768753,0.11295557022094727,0.005433191545307636,0.03048243559896946,0.030826276168227196,0.00542892049998045,0.0069375294260680676,0.011801051907241344,0.04721590131521225,0.03522853925824165,0.015504884533584118,0.022031225264072418,0.008891263045370579,0.006788290571421385,0.011140882968902588,0.06705791503190994,0.007559726480394602,0.05278690159320831,0.025812393054366112,0.011051362380385399,0.07323221117258072,0.01719050109386444,0.02071307599544525,0.04004732146859169,0.033502764999866486,0.014449131675064564,0.030826332047581673,0.10926391929388046,0.006088494323194027
unknown,赤,8.049478,8.549478,0.97021484,,0.016693439334630966,0.009806102141737938,0.014494713395833969,0.04026971757411957,0.022635580971837044,0.017113352194428444,0.01929394155740738,0.034498512744903564,0.07926690578460693,0.19440343976020813,0.03873778134584427,0.020031439140439034,0.04489003121852875,0.018693342804908752,0.05854030326008797,0.014686305075883865,0.04605391249060631,0.034767381846904755,0.021225102245807648,0.02292957901954651,0.02755013108253479,0.009326931089162827,0.013978386297821999,0.006519750226289034,0.009728818200528622,0.013699168339371681,0.034648362547159195,0.013197903521358967,0.010732564143836498,0.005209258757531643,0.05940619111061096,0.03534002602100372,0.014771134592592716,0.021060528233647346,0.015152731910347939,0.013680675998330116,0.04433164373040199,0.04447287321090698,0.014982636086642742,0.025279967114329338,0.05420380458235741,0.03498297184705734,0.011277767829596996,0.020071936771273613,0.028950519859790802,0.010773231275379658,0.05321405455470085,0.02076810598373413
unknown,両 生 分,14.4011755,15.300653,0.536499,,0.017080403864383698,0.005746650509536266,0.0072182477451860905,0.021961776539683342,0.06326789408922195,0.025453507900238037,0.010614253580570221,0.020854352042078972,0.05613735318183899,0.27642565965652466,0.15022824704647064,0.04083819314837456,0.01713901199400425,0.04028113931417465,0.06336047500371933,0.009375791996717453,0.22527344524860382,0.03744933009147644,0.014204353094100952,0.025359028950333595,0.02702248841524124,0.009572021663188934,0.008381268009543419,0.005518855061382055,0.014732573181390762,0.010634268634021282,0.04788694530725479,0.016953449696302414,0.008478655479848385,0.005792019888758659,0.0955154225230217,0.027133217081427574,0.00760764442384243,0.018065068870782852,0.008939160965383053,0.0401768684387207,0.03645402938127518,0.04547250270843506,0.006202399265021086,0.013985050842165947,0.06241581216454506,0.008337115868926048,0.008842232637107372,0.0210261233150959,0.020218968391418457,0.011189907789230347,0.017948346212506294,0.022871114313602448
unknown,扉,20.087866,20.587866,0.59033203,,0.01619911938905716,0.00920880027115345,0.008902408182621002,0.04259444773197174,0.031821951270103455,0.02066413126885891,0.022146182134747505,0.024892577901482582,0.17696692049503326,0.1495407074689865,0.045101895928382874,0.029420126229524612,0.03213091567158699,0.00960267148911953,0.021199816837906837,0.013197052292525768,0.05927291139960289,0.023903485387563705,0.010425468906760216,0.03396026790142059,0.016336936503648758,0.02024613320827484,0.005143960006535053,0.0034580323845148087,0.02390943467617035,0.00444029550999403,0.04109768941998482,0.03254976496100426,0.005886799655854702,0.024140577763319016,0.02952958643436432,0.037557315081357956,0.01033611036837101,0.041455019265413284,0.014136960729956627,0.020603330805897713,0.01854305900633335,0.041046127676963806,0.009118345566093922,0.026437396183609962,0.025803986936807632,0.026204142719507217,0.005963181611150503,0.01713421940803528,0.012724749743938446,0.006750226952135563,0.13738465309143066,0.012819115072488785
unknown,青,25.95909,26.45909,0.99902344,,0.0040124100632965565,0.005190559662878513,0.003387689823284745,0.01967024803161621,0.021429454907774925,0.035702016204595566,0.015806134790182114,0.14457841217517853,0.021016230806708336,0.020953062921762466,0.004424307029694319,0.004127946216613054,0.1004553735256195,0.027768544852733612,0.007338815834373236,0.0018436640966683626,0.00617133267223835,0.05526003614068031,0.05557922273874283,0.059870392084121704,0.03050600178539753,0.0036807656288146973,0.05733465775847435,0.013155718334019184,0.00472880806773901,0.0113477548584342,0.00558262225240469,0.02657260000705719,0.02260681241750717,0.01932651549577713,0.014685394242405891,0.005549998488277197,0.004218191374093294,0.005261869635432959,0.07390482723712921,0.0028172489255666733,0.11124920845031738,0.02019612118601799,0.007782443892210722,0.0222906693816185,0.011847523972392082,0.02278105542063713,0.02403603494167328,0.1284380853176117,0.042387671768665314,0.009876808151602745,0.015360942110419273,0.004273661877959967
unknown,全 部,31.964952,32.74452,0.99902344,,0.032679781317710876,0.01196629274636507,0.013705436140298843,0.03446171060204506,0.008741109631955624,0.011181124486029148,0.026986196637153625,0.01584436744451523,0.045547597110271454,0.20918403565883636,0.10338906943798065,0.052076734602451324,0.03578184172511101,0.006844797637313604,0.04325670376420021,0.007412146311253309,0.08293168991804123,0.014263329096138477,0.0041725533083081245,0.013563125394284725,0.022382952272892,0.015348944813013077,0.004165292717516422,0.002712233690544963,0.022376572713255882,0.007726904936134815,0.03957117348909378,0.012769393622875214,0.002883331850171089,0.007892869412899017,0.09242567420005798,0.023801300674676895,0.009986145421862602,0.033295102417469025,0.0037815836258232594,0.03439277410507202,0.05345054715871811,0.03379884362220764,0.008245093747973442,0.010774496011435986,0.03750154748558998,0.010670017451047897,0.004556681029498577,0.027302617207169533,0.057204294949769974,0.004597512073814869,0.011522920802235603,0.026960594579577446
unknown,酷 上,37.795914,38.615417,0.41796875,,0.01271025650203228,0.009303719736635685,0.007487566210329533,0.027247870340943336,0.020590441301465034,0.07668481767177582,0.021494055166840553,0.05103365331888199,0.040856942534446716,0.11612085998058319,0.030917607247829437,0.019757678732275963,0.04473680257797241,0.011926927603781223,0.01278737373650074,0.015387879684567451,0.037113532423973083,0.027464263141155243,0.012697828933596611,0.07781744748353958,0.03424842283129692,0.013815691694617271,0.022753911092877388,0.024689501151442528,0.013577744364738464,0.007455276325345039,0.045544032007455826,0.08123607188463211,0.03865572437644005,0.03034817799925804,0.043729234486818314,0.026810050010681152,0.009139993228018284,0.0184766948223114,0.05137978494167328,0.009403378702700138,0.024675341323018074,0.02746293693780899,0.012676239013671875,0.0784694030880928,0.02104847878217697,0.017465144395828247,0.032035112380981445,0.03237997367978096,0.027257835492491722,0.020384013652801514,0.03071163408458233,0.010381138883531094
unknown,黒,44.241158,44.741158,0.99902344,,0.019172951579093933,0.005687801167368889,0.010278685949742794,0.04140184447169304,0.0625252053141594,0.016341837123036385,0.006433811970055103,0.08019165694713593,0.11983375251293182,0.13421395421028137,0.04533999413251877,0.01728888973593712,0.017818761989474297,0.11049329489469528,0.055040393024683,0.0053600831888616085,0.07159049063920975,0.12925569713115692,0.0869397446513176,0.042277708649635315,0.03473302721977234,0.003801952116191387,0.026833347976207733,0.012935619801282883,0.0037482306361198425,0.026618992909789085,0.017138827592134476,0.00727465795353055,0.029711874201893806,0.00450549554079771,0.03665817156434059,0.010466627776622772,0.007267176639288664,0.00503391632810235,0.029452111572027206,0.02443593740463257,0.024878280237317085,0.055005960166454315,0.005109354387968779,0.035728052258491516,0.04574069008231163,0.014462197199463844,0.02675032615661621,0.02092796005308628,0.010908301919698715,0.034767910838127136,0.07960157841444016,0.025298994034528732
unknown,帽 子,49.753063,50.492714,0.9421387,,0.02796168439090252,0.009673180989921093,0.013923618011176586,0.014117001555860043,0.04290381446480751,0.034392472356557846,0.018713073804974556,0.06277697533369064,0.10010690987110138,0.1733122020959854,0.03501245751976967,0.05504234507679939,0.06710308790206909,0.027587465941905975,0.014375738799571991,0.017283620312809944,0.0411502942442894,0.07202926278114319,0.04894673451781273,0.04104360193014145,0.04533768817782402,0.007633992936462164,0.015542569570243359,0.020269472151994705,0.012777876108884811,0.020339440554380417,0.02030225470662117,0.024570230394601822,0.015099288895726204,0.01844603382050991,0.04664361849427223,0.008845297619700432,0.011820598505437374,0.020541688427329063,0.030089015141129494,0.012322342954576015,0.04164323955774307,0.018130015581846237,0.015773266553878784,0.06357545405626297,0.017100447788834572,0.030268210917711258,0.029900532215833664,0.036754220724105835,0.017049698159098625,0.03188055381178856,0.04712609946727753,0.008728393353521824
unknown,図 書 館,55.59973,56.45945,0.9996745,,0.01819419302046299,0.009770112112164497,0.00778034795075655,0.055216725915670395,0.023565256968140602,0.016398010775446892,0.01002589799463749,0.03643323481082916,0.08100663870573044,0.14515884220600128,0.03414924070239067,0.017354315146803856,0.03324909880757332,0.01193910837173462,0.019819986075162888,0.01024165004491806,0.04615392908453941,0.021787725389003754,0.010892177931964397,0.020072156563401222,0.029715020209550858,0.007064115256071091,0.006030722055584192,0.007265391759574413,0.008879953995347023,0.011419855058193207,0.0444728285074234,0.0103748869150877,0.005330145359039307,0.0077986204996705055,0.05700547993183136,0.03262011706829071,0.012075641192495823,0.019248398020863533,0.00522179901599884,0.01931590400636196,0.02815844863653183,0.011307570151984692,0.005654608830809593,0.01496062520891428,0.030581437051296234,0.01041899062693119,0.005267353728413582,0.017046557739377022,0.023962369188666344,0.013574349693953991,0.027288438752293587,0.011640731245279312
unknown,植 物,61.91478,62.734528,0.9934082,,0.021834924817085266,0.011070420034229755,0.01383328065276146,0.03372650220990181,0.0501994825899601,0.019537460058927536,0.010849134996533394,0.03716201335191727,0.05212802439928055,0.20461030304431915,0.08769538998603821,0.031234191730618477,0.03002624586224556,0.04831068962812424,0.022442998364567757,0.010697631165385246,0.08546116203069687,0.028658302500844002,0.03519390895962715,0.024400196969509125,0.04523433372378349,0.008818035013973713,0.019206203520298004,0.008314261212944984,0.008064674213528633,0.014202363789081573,0.033436860889196396,0.021151741966605186,0.021662255749106407,0.011309465393424034,0.05707361549139023,0.02820092812180519,0.013308240100741386,0.014659443870186806,0.015008654445409775,0.025880903005599976,0.0216724444180727,0.01188400574028492,0.008518173359334469,0.024716736748814583,0.026188282296061516,0.014536533504724503,0.020033065229654312,0.012666665017604828,0.009273244068026543,0.016903677955269814,0.01920364238321781,0.012435030192136765
unknown,扉,68.325005,68.825005,0.99902344,,0.01713431626558304,0.009629218839108944,0.011069663800299168,0.04442106559872627,0.07191073149442673,0.03494827449321747,0.01705229841172695,0.031628843396902084,0.13843458890914917,0.1255129724740982,0.046644989401102066,0.02734368108212948,0.03930637240409851,0.025066759437322617,0.022000322118401527,0.011085785925388336,0.0704292356967926,0.059850871562957764,0.02558143064379692,0.06443812698125839,0.027188852429389954,0.015600945800542831,0.013211081735789776,0.010317690670490265,0.014214301481842995,0.013114145025610924,0.028932254761457443,0.04491475224494934,0.010786902159452438,0.023028334602713585,0.02325787954032421,0.03967833146452904,0.013439699076116085,0.03391300141811371,0.03386799991130829,0.019052766263484955,0.03172175958752632,0.03747618570923805,0.014203368686139584,0.04436406493186951,0.02750294841825962,0.03178652748465538,0.01632237248122692,0.022904755547642708,0.012815478257834911,0.014884227886795998,0.09390813112258911,0.013866669498383999
unknown,動 物,74.165,74.865,0.95874023,,0.02283432148396969,0.010525090619921684,0.008914846926927567,0.021562237292528152,0.03113820031285286,0.019637178629636765,0.011846669018268585,0.03674229979515076,0.09860590100288391,0.15202391147613525,0.042515430599451065,0.02280794456601143,0.020252179354429245,0.04912147298455238,0.026008429005742073,0.012024208903312683,0.038385920226573944,0.06526296585798264,0.041238438338041306,0.03331642225384712,0.015866007655858994,0.0069159939885139465,0.024168841540813446,0.032262589782476425,0.01086311787366867,0.017686404287815094,0.018786409869790077,0.024602705612778664,0.037669990211725235,0.01580137014389038,0.04126853495836258,0.011451991274952888,0.012492538429796696,0.017422514036297798,0.03295101225376129,0.013967733830213547,0.03237389400601387,0.023881061002612114,0.01654702238738537,0.06458228081464767,0.029214734211564064,0.031492240726947784,0.03343707695603371,0.020829837769269943,0.010173000395298004,0.0386374332010746,0.04666166752576828,0.012405275367200375
unknown,羽,79.805,80.305,0.3840332,,0.025248704478144646,0.01620757207274437,0.00971913617104292,0.04159105569124222,0.03570936992764473,0.02860664390027523,0.021850617602467537,0.04157647863030434,0.06925024837255478,0.11517076939344406,0.04749857634305954,0.016019601374864578,0.036367837339639664,0.02521209977567196,0.026502244174480438,0.012840703129768372,0.05977422744035721,0.034823909401893616,0.02239692397415638,0.03855505585670471,0.041897550225257874,0.013499759137630463,0.021316563710570335,0.0076638152822852135,0.015705974772572517,0.022581379860639572,0.026449264958500862,0.03234938159584999,0.020614497363567352,0.013098154217004776,0.044632378965616226,0.02674820087850094,0.02242393232882023,0.01762031577527523,0.017317961901426315,0.02055702917277813,0.02738185226917267,0.036292508244514465,0.035708218812942505,0.020510241389274597,0.02908315137028694,0.07315704226493835,0.01906747929751873,0.022187061607837677,0.025065608322620392,0.00968242809176445,0.04887644574046135,0.014432655647397041
unknown,だ だ,85.9766,86.79637,0.77978516,,0.03360511735081673,0.013554598204791546,0.01422735583037138,0.041654374450445175,0.06936865299940109,0.008685369044542313,0.019643666222691536,0.016476040706038475,0.20989736914634705,0.28817129135131836,0.060952987521886826,0.013616043142974377,0.016534537076950073,0.0592745840549469,0.08494876325130463,0.012315278872847557,0.11154443770647049,0.058130960911512375,0.03963002935051918,0.014434926211833954,0.020005851984024048,0.01508248783648014,0.014816459268331528,0.004958420991897583,0.01461671944707632,0.016812816262245178,0.019644644111394882,0.008382096886634827,0.01617293991148472,0.0047031887806952,0.04297816380858421,0.037775181233882904,0.022872133180499077,0.013099214993417263,0.013595576398074627,0.06807170063257217,0.02094087563455105,0.11054050177335739,0.020967181771993637,0.02658102847635746,0.1164255440235138,0.06200260668992996,0.015552708879113197,0.01481762807816267,0.015662183985114098,0.011118165217339993,0.11810202151536942,0.0587737075984478
unknown,火,92.49193,92.99193,0.26342773,,0.025227688252925873,0.013021265156567097,0.016152676194906235,0.0222970899194479,0.028564773499965668,0.03860149905085564,0.029687773436307907,0.059656772762537,0.08416767418384552,0.11101891845464706,0.03488117828965187,0.03240625932812691,0.06505332887172699,0.033078912645578384,0.024484697729349136,0.011051277630031109,0.01806764304637909,0.04422220215201378,0.07322296500205994,0.07028862088918686,0.032171107828617096,0.007432330399751663,0.011919794604182243,0.023890243843197823,0.019968239590525627,0.02100515179336071,0.011977826245129108,0.04053149372339249,0.00853949598968029,0.026622407138347626,0.04040002450346947,0.014083079993724823,0.012199051678180695,0.02014811523258686,0.02844797447323799,0.0073347873985767365,0.034900326281785965,0.03306186944246292,0.02885458990931511,0.041181910783052444,0.019927509129047394,0.04751955717802048,0.016149058938026428,0.04359298571944237,0.02215159311890602,0.018181899562478065,0.04731835424900055,0.004577781539410353
unknown,水 泳,97.945,98.725,0.94262695,,0.04780273139476776,0.021591639146208763,0.011540623381733894,0.025948185473680496,0.011656452901661396,0.018078496679663658,0.01974768377840519,0.04958295449614525,0.10990744829177856,0.1453498899936676,0.021236641332507133,0.015503973700106144,0.01770717278122902,0.03686656057834625,0.03406406193971634,0.016246099025011063,0.023901600390672684,0.11270606517791748,0.025833992287516594,0.029880663380026817,0.014387036673724651,0.013924725353717804,0.017378775402903557,0.012916999869048595,0.028763819485902786,0.025537719950079918,0.01748530939221382,0.015376967377960682,0.02169632725417614,0.007177296094596386,0.056562721729278564,0.025813955813646317,0.020787810906767845,0.03897207975387573,0.01777458004653454,0.013585266657173634,0.028449365869164467,0.04881272464990616,0.04240531474351883,0.05814773216843605,0.04862437769770622,0.06251917779445648,0.02195514738559723,0.017031893134117126,0.0205752681940794,0.013175955042243004,0.06093190982937813,0.013104167766869068
unknown,ふ,104.225,104.725,0.64501953,,0.007485294248908758,0.0070862234570086,0.005044952966272831,0.04244736582040787,0.03438405320048332,0.044160109013319016,0.012562780641019344,0.08311080187559128,0.07587582617998123,0.07854937016963959,0.018546927720308304,0.011430449783802032,0.09897634387016296,0.024746419861912727,0.01693117432296276,0.007213279604911804,0.01790056936442852,0.0557306706905365,0.04741382226347923,0.0676926001906395,0.04128417372703552,0.008578002452850342,0.02693999744951725,0.016622398048639297,0.00855501089245081,0.01038406603038311,0.013629582710564137,0.03666265308856964,0.017606426030397415,0.015044068917632103,0.022688649594783783,0.018858104944229126,0.009631658904254436,0.008259907364845276,0.055709872394800186,0.00787779875099659,0.029548296704888344,0.026179064065217972,0.011959558352828026,0.05126096308231354,0.015922384336590767,0.03259625285863876,0.02065455913543701,0.04721501097083092,0.023009832948446274,0.009373768232762814,0.05462781339883804,0.008338565938174725
unknown,本 ん 当,109.585,110.485,0.5147298,,0.012449085712432861,0.007390066981315613,0.005196738056838512,0.02278694324195385,0.061778727918863297,0.04258624464273453,0.008142993785440922,0.057306356728076935,0.07208919525146484,0.1323990672826767,0.03609740361571312,0.013408253900706768,0.05145418643951416,0.026993760839104652,0.02005271427333355,0.011873363517224789,0.07214614003896713,0.05355174466967583,0.02325402945280075,0.061415545642375946,0.04123895242810249,0.009174970909953117,0.03294345363974571,0.010106281377375126,0.008006309159100056,0.010679385624825954,0.02166605554521084,0.030237074941396713,0.023542799055576324,0.01288549043238163,0.02303873747587204,0.02511601522564888,0.011658553034067154,0.00968389492481947,0.0471438504755497,0.013026139698922634,0.022865422070026398,0.031197266653180122,0.018500246107578278,0.04994857311248779,0.024875996634364128,0.04274763911962509,0.025289995595812798,0.019108230248093605,0.011196376755833626,0.010167839005589485,0.0978517234325409,0.015786338597536087
unknown,建 物,116.19169,117.01116,0.99731445,,0.017749130725860596,0.009392627514898777,0.009244844317436218,0.02320806123316288,0.019002024084329605,0.015741974115371704,0.012802284210920334,0.012664683163166046,0.13759353756904602,0.19524767994880676,0.09425126016139984,0.02591629885137081,0.010516859591007233,0.01145337987691164,0.01944803074002266,0.015299724414944649,0.16772741079330444,0.013163811527192593,0.008870018646121025,0.014175287447869778,0.01737840473651886,0.015498388558626175,0.0072042616084218025,0.0034849008079618216,0.00994761474430561,0.00708370003849268,0.04715615510940552,0.015562739223241806,0.007266131229698658,0.00688944524154067,0.06185616925358772,0.041601188480854034,0.015916088595986366,0.013361229561269283,0.008431926369667053,0.024281175807118416,0.02335531637072563,0.027427246794104576,0.009988833218812943,0.019541360437870026,0.030503151938319206,0.021943289786577225,0.007409871090203524,0.007394983433187008,0.011700148694217205,0.00940180104225874,0.06684740632772446,0.01494618970900774
unknown,海,128.19157,128.69157,0.99853516,,0.016424285247921944,0.014493686147034168,0.009677667170763016,0.04298228397965431,0.030948178842663765,0.036377690732479095,0.013162867166101933,0.08475490659475327,0.10148367285728455,0.10564983636140823,0.03468681126832962,0.017523808404803276,0.0383647121489048,0.021547529846429825,0.018061457201838493,0.025698222219944,0.06389857083559036,0.03380294516682625,0.029692143201828003,0.047573842108249664,0.02352326177060604,0.014519970864057541,0.024112597107887268,0.00966233853250742,0.023375462740659714,0.008608801290392876,0.028575565665960312,0.036275383085012436,0.015440371818840504,0.009435296058654785,0.054217543452978134,0.024551760405302048,0.020884927362203598,0.012755239382386208,0.036650240421295166,0.023561308160424232,0.02136271260678768,0.01917475461959839,0.044029779732227325,0.03392573818564415,0.02638198435306549,0.0983683317899704,0.022653134539723396,0.019008204340934753,0.01606612280011177,0.009848295710980892,0.07746662944555283,0.017550861462950706
unknown,ダ ン ス,134.18742,135.04716,0.99658203,,0.026774680241942406,0.005682431161403656,0.012725042179226875,0.027064267545938492,0.06670114398002625,0.015601315535604954,0.016407784074544907,0.017612015828490257,0.10844634473323822,0.16832664608955383,0.042996007949113846,0.03001455031335354,0.018424522131681442,0.082791768014431,0.08550641685724258,0.005110633559525013,0.11076632142066956,0.09525930136442184,0.04748737812042236,0.021289831027388573,0.02406451478600502,0.008242256939411163,0.011309053748846054,0.005809012800455093,0.010832201689481735,0.013993501663208008,0.01560471672564745,0.014002595096826553,0.014113260433077812,0.007214857265353203,0.03331899642944336,0.014491192996501923,0.006707384251058102,0.010173247195780277,0.017450744286179543,0.04692123085260391,0.05449602007865906,0.0674859881401062,0.00807355809956789,0.031687308102846146,0.08210781216621399,0.01400165818631649,0.014360640197992325,0.014694234356284142,0.017551647499203682,0.009001110680401325,0.0609247200191021,0.04580335319042206
unknown,失 敗 い,140.83739,141.81699,0.75358075,,0.0562075711786747,0.022130103781819344,0.020543193444609642,0.1129348874092102,0.04025951772928238,0.016901997849345207,0.03535027429461479,0.05835007131099701,0.09528734534978867,0.11189346015453339,0.02560696378350258,0.012353363446891308,0.02509964071214199,0.032263342291116714,0.05215650424361229,0.031401388347148895,0.03068062663078308,0.03726266697049141,0.028129206970334053,0.02625178173184395,0.010635759681463242,0.02730250358581543,0.00731103029102087,0.004572966136038303,0.01810007356107235,0.03392593190073967,0.07415265589952469,0.012871109880506992,0.010760705918073654,0.008045460097491741,0.08624377101659775,0.05899699032306671,0.022194117307662964,0.04561244696378708,0.015229451470077038,0.020812515169382095,0.027929600328207016,0.04788744077086449,0.018543515354394913,0.014903821051120758,0.08175484836101532,0.05347519367933273,0.010359144769608974,0.026450181379914284,0.03956260159611702,0.004456571768969297,0.030240150168538094,0.03182801604270935
unknown,ノ ー ト,146.31284,147.13257,0.9866536,,0.013089251704514027,0.009259302169084549,0.00746171036735177,0.03815732151269913,0.03159100189805031,0.025032849982380867,0.014574190601706505,0.041420090943574905,0.04487987980246544,0.14439909160137177,0.04631086438894272,0.0176810622215271,0.07600393891334534,0.014313166961073875,0.033579371869564056,0.00856761634349823,0.06087019667029381,0.024570172652602196,0.010422030463814735,0.036740731447935104,0.036540791392326355,0.009037520736455917,0.010989956557750702,0.007706379052251577,0.00776943564414978,0.00929455365985632,0.0387367382645607,0.022131435573101044,0.009569274261593819,0.009836994111537933,0.05765808746218681,0.032275207340717316,0.008900735527276993,0.011520571075379848,0.01748143881559372,0.01819758489727974,0.03577310964465141,0.03162863105535507,0.011168038472533226,0.022587796673178673,0.0369873046875,0.025092437863349915,0.009933969005942345,0.030604688450694084,0.028533069416880608,0.011017140932381153,0.033648476004600525,0.01975265145301819
unknown,出 会 い,152.0833,152.90308,0.9342448,,0.014946809969842434,0.004924943204969168,0.006371235940605402,0.014003065414726734,0.06826850026845932,0.031136181205511093,0.011653455905616283,0.025306692346930504,0.0815805122256279,0.1307910680770874,0.04987748712301254,0.021615099161863327,0.06943047791719437,0.04588237777352333,0.011006386950612068,0.004068261012434959,0.04927007481455803,0.058326058089733124,0.025003666058182716,0.051522087305784225,0.05493081361055374,0.004542405717074871,0.012582097202539444,0.01247598510235548,0.01047922670841217,0.01121874526143074,0.011302432976663113,0.0353255458176136,0.015094034373760223,0.01816338673233986,0.022691182792186737,0.007853636518120766,0.004308788571506739,0.014360921457409859,0.031194180250167847,0.010116714984178543,0.033502813428640366,0.01669423095881939,0.011595480144023895,0.040427494794130325,0.01481866929680109,0.02035488188266754,0.017161069437861443,0.034308478236198425,0.009848284535109997,0.006778303533792496,0.047459620982408524,0.00927242636680603
unknown,す,157.87912,158.37912,0.65625,,0.017652561888098717,0.01086481660604477,0.012595151551067829,0.09601263701915741,0.021961143240332603,0.03529192879796028,0.03019489161670208,0.08323734253644943,0.02331673540174961,0.061827950179576874,0.031877752393484116,0.020175611600279808,0.09800141304731369,0.015166801400482655,0.02468070015311241,0.007296392694115639,0.03613738715648651,0.02402021549642086,0.0269171055406332,0.042203452438116074,0.03549479693174362,0.021882306784391403,0.01680787280201912,0.0076254988089203835,0.015334922820329666,0.01281922310590744,0.06045503541827202,0.02272617071866989,0.008208266459405422,0.015392753295600414,0.07584245502948761,0.04111995920538902,0.008414777927100658,0.01229984313249588,0.013085135258734226,0.02028457634150982,0.05177818238735199,0.021733062341809273,0.009776552207767963,0.014769644476473331,0.03153800964355469,0.021887119859457016,0.00855254102498293,0.07661589235067368,0.073482945561409,0.0070543354377150536,0.020678570494055748,0.02056610956788063
unknown,乗 り 物,164.69,165.47,0.98583984,,0.022442011162638664,0.015972359105944633,0.012623021379113197,0.025988265872001648,0.01997489668428898,0.009156814776360989,0.006702562794089317,0.030233755707740784,0.08911098539829254,0.29743120074272156,0.08357436209917068,0.02454095520079136,0.005582171492278576,0.014924627728760242,0.01951649971306324,0.02671520784497261,0.14403404295444489,0.01721416413784027,0.012328208424150944,0.0179423987865448,0.011572868563234806,0.009209804236888885,0.010813899338245392,0.007571422029286623,0.016840346157550812,0.0071184514090418816,0.022947028279304504,0.014278260059654713,0.015814943239092827,0.01052841730415821,0.04519825801253319,0.040882211178541183,0.027384251356124878,0.012463022954761982,0.014793690294027328,0.02745792642235756,0.007342861033976078,0.01329922117292881,0.016566958278417587,0.03209826722741127,0.031208815053105354,0.040850382298231125,0.017580172047019005,0.0028209607116878033,0.0038666350301355124,0.019079959020018578,0.06277589499950409,0.014344275929033756
unknown,登 る,170.29,170.98999,0.9421387,,0.004920560400933027,0.003163532353937626,0.004281137138605118,0.024410603567957878,0.07906988263130188,0.04455551505088806,0.00880651455372572,0.040314994752407074,0.07714197039604187,0.07471722364425659,0.04415852203965187,0.02409222349524498,0.08447591215372086,0.05479130521416664,0.0226970836520195,0.0031079621985554695,0.04800426959991455,0.0727536603808403,0.026386383920907974,0.09498755633831024,0.04463144391775131,0.003046759869903326,0.02617759071290493,0.013668348081409931,0.004189372528344393,0.007733758073300123,0.010614804923534393,0.040515754371881485,0.018153173848986626,0.016464998945593834,0.01459239237010479,0.006212510168552399,0.0031306887976825237,0.008231827057898045,0.030087964609265327,0.015555060468614101,0.056718409061431885,0.030363626778125763,0.0038969581946730614,0.06178353726863861,0.01719895750284195,0.004945007152855396,0.02436383254826069,0.06149953976273537,0.017427174374461174,0.010000514797866344,0.03077537938952446,0.008216548711061478
unknown,男,176.12999,176.62999,0.9472656,,0.014464521780610085,0.01622997596859932,0.009241629391908646,0.05862437188625336,0.01886768452823162,0.029743880033493042,0.01914176158607006,0.03254549950361252,0.07482205331325531,0.15847165882587433,0.04209677875041962,0.017601214349269867,0.0660216212272644,0.007111898623406887,0.022701634094119072,0.009690715000033379,0.0552743524312973,0.01497967541217804,0.008168439380824566,0.05297645181417465,0.0352008156478405,0.020646559074521065,0.011304263025522232,0.014039410278201103,0.01643984764814377,0.011385904625058174,0.05614239349961281,0.036052849143743515,0.01774429902434349,0.017463598400354385,0.0646587610244751,0.06709468364715576,0.023243537172675133,0.029159672558307648,0.02656327188014984,0.013703804463148117,0.021615032106637955,0.0194918941706419,0.019966401159763336,0.04921798035502434,0.021356618031859398,0.02803952246904373,0.01398334838449955,0.026774724945425987,0.03162262961268425,0.016981277614831924,0.05513283610343933,0.01523127406835556
unknown,睡 眠,181.985,182.80501,0.7753906,,0.023432187736034393,0.015643885359168053,0.010821288451552391,0.03052772767841816,0.02030828408896923,0.048974715173244476,0.020424986258149147,0.0654401108622551,0.16085000336170197,0.1818244606256485,0.044059284031391144,0.03678189218044281,0.04851510375738144,0.025182155892252922,0.03721350431442261,0.06238514184951782,0.050663191825151443,0.06865069270133972,0.027625618502497673,0.04890596866607666,0.03785981610417366,0.02124565653502941,0.030338315293192863,0.01669296808540821,0.04222220927476883,0.016522005200386047,0.019216034561395645,0.05793747305870056,0.04647434875369072,0.01964615285396576,0.06468866765499115,0.019552435725927353,0.024291612207889557,0.020403219386935234,0.047262150794267654,0.02054598554968834,0.03673846274614334,0.03300086036324501,0.05479763448238373,0.07743511348962784,0.02899864688515663,0.10722434520721436,0.046938661485910416,0.021643877029418945,0.01820736564695835,0.00885757151991129,0.0878605991601944,0.011139282956719398
unknown,植 物,187.825,188.645,0.9880371,,0.049469444900751114,0.020486395806074142,0.020267637446522713,0.06900306046009064,0.010556571185588837,0.018035458400845528,0.022353991866111755,0.0432550385594368,0.059140246361494064,0.1480826437473297,0.04928106442093849,0.028964562341570854,0.02797294594347477,0.020430823788046837,0.030472278594970703,0.014128810726106167,0.04640991613268852,0.01804005354642868,0.009012483060359955,0.01550289150327444,0.0386897511780262,0.019206149503588676,0.011944634839892387,0.006236045155674219,0.01303431298583746,0.010677561163902283,0.06510979682207108,0.022092843428254128,0.014734577387571335,0.008273610845208168,0.12401369214057922,0.06335724890232086,0.01902836747467518,0.02469569444656372,0.010073096491396427,0.02878432348370552,0.017972754314541817,0.01918196864426136,0.015345139428973198,0.019183911383152008,0.051327530294656754,0.019207458943128586,0.009237405844032764,0.010449552908539772,0.034981679171323776,0.011932211928069592,0.02674204483628273,0.016544444486498833
unknown,注 意,194.51813,195.29794,0.9873047,,0.014660001732409,0.008506756275892258,0.010270758531987667,0.03499867394566536,0.033911559730768204,0.0236845463514328,0.011391502805054188,0.046288732439279556,0.05888953432440758,0.15183711051940918,0.05109907314181328,0.055699482560157776,0.03533892706036568,0.04901342839002609,0.023378320038318634,0.009608433581888676,0.05972407013177872,0.06701856106519699,0.04655943810939789,0.035468101501464844,0.02550864964723587,0.007908197119832039,0.019372867420315742,0.019878732040524483,0.011024324223399162,0.02102002315223217,0.02455269545316696,0.009285454638302326,0.013525114394724369,0.0071994587779045105,0.06231122836470604,0.01303065288811922,0.00722724013030529,0.015904275700449944,0.013664946891367435,0.010550224222242832,0.1357194036245346,0.013642155565321445,0.009871410205960274,0.038246721029281616,0.020067790523171425,0.018523402512073517,0.018798192963004112,0.04016588628292084,0.028636252507567406,0.019968215376138687,0.025521932169795036,0.009981570765376091
unknown,食 事,200.03459,200.89436,0.99902344,,0.10040631145238876,0.058763537555933,0.07442781329154968,0.21724851429462433,0.004239984322339296,0.01313887070864439,0.03745119273662567,0.04276401549577713,0.035903770476579666,0.15415380895137787,0.02756459452211857,0.016702160239219666,0.009796950034797192,0.008197296410799026,0.1084548681974411,0.019217364490032196,0.03597275912761688,0.00895423348993063,0.005908599589020014,0.009935447946190834,0.012052401900291443,0.07511287927627563,0.013270795345306396,0.005313071422278881,0.02242444083094597,0.015605821274220943,0.21550612151622772,0.011290254071354866,0.01499275490641594,0.004478167742490768,0.14600999653339386,0.3394738435745239,0.07058458030223846,0.010986695066094398,0.004927293863147497,0.0860014408826828,0.013595892116427422,0.06725192070007324,0.017637383192777634,0.00908143725246191,0.1900833398103714,0.03312542662024498,0.008755449205636978,0.0059406813234090805,0.061106935143470764,0.01596071384847164,0.012594237923622131,0.07584577798843384
unknown,入 れ 物,205.83089,206.65068,0.796875,,0.01260615698993206,0.006596619263291359,0.006398884579539299,0.0118217458948493,0.0256816316395998,0.015952862799167633,0.0046964664943516254,0.017537102103233337,0.11495500802993774,0.2669162452220917,0.10697976499795914,0.02321997843682766,0.01939697563648224,0.012235518544912338,0.013704809360206127,0.006884904112666845,0.19686923921108246,0.01313945185393095,0.009404342621564865,0.02556784637272358,0.02803097479045391,0.005692660342901945,0.008327740244567394,0.0041910503059625626,0.0063004270195961,0.0026256442070007324,0.025960858911275864,0.02264796942472458,0.00775879854336381,0.009603834711015224,0.03995164483785629,0.02027878910303116,0.00935539323836565,0.009806141257286072,0.010624295100569725,0.014528040774166584,0.014451415278017521,0.00928250141441822,0.005915454588830471,0.024454239755868912,0.018777085468173027,0.011697519570589066,0.010330403223633766,0.0066293072886765,0.006076344754546881,0.00622297590598464,0.0401330292224884,0.011691214516758919
unknown,感 情,212.20152,213.06128,0.89453125,,0.015027128159999847,0.00869812536984682,0.006254523526877165,0.01856621354818344,0.0378168560564518,0.02237122878432274,0.008914759382605553,0.04182417690753937,0.101710744202137,0.17840106785297394,0.03315681591629982,0.019494734704494476,0.04979283735156059,0.02808389998972416,0.010440770536661148,0.0106259910389781,0.026097463443875313,0.05731460079550743,0.03245154395699501,0.04193958267569542,0.05902165174484253,0.0067283837124705315,0.018710512667894363,0.019022459164261818,0.010154975578188896,0.009053255431354046,0.008839220739901066,0.023692650720477104,0.02181939035654068,0.013265356421470642,0.02915940061211586,0.012535937130451202,0.009819183498620987,0.014475181698799133,0.04739793762564659,0.007532783318310976,0.02283313125371933,0.013453916646540165,0.016799788922071457,0.04546796530485153,0.017044730484485626,0.033289626240730286,0.01887771487236023,0.02285182848572731,0.009999658912420273,0.01668478548526764,0.09830789268016815,0.00411350978538394
unknown,恐 怖,218.43716,219.21698,0.89941406,,0.018682032823562622,0.007278876379132271,0.010491623543202877,0.03176675736904144,0.0962044820189476,0.02075396478176117,0.010420911945402622,0.033804893493652344,0.08323569595813751,0.1450408697128296,0.1028754785656929,0.01599249243736267,0.041626106947660446,0.04326467961072922,0.026286564767360687,0.011680933646857738,0.13533256947994232,0.03293665125966072,0.03298113867640495,0.043279748409986496,0.031572408974170685,0.009464045986533165,0.01752411760389805,0.008883558213710785,0.010821028612554073,0.028469286859035492,0.02977157011628151,0.034794148057699203,0.012034800834953785,0.015462434850633144,0.05933641642332077,0.024129359051585197,0.00763253029435873,0.015458503738045692,0.021583443507552147,0.03813648596405983,0.014961903914809227,0.027690958231687546,0.009522862732410431,0.027060842141509056,0.034032873809337616,0.02620718628168106,0.014892425388097763,0.026902256533503532,0.011976250447332859,0.018031693994998932,0.04203829541802406,0.022468145936727524
unknown,1,224.13,224.63,0.54248047,,0.01303988229483366,0.009361262433230877,0.00742278853431344,0.06022206321358681,0.02039945311844349,0.05903768539428711,0.012683650478720665,0.06649626791477203,0.049054164439439774,0.11147470027208328,0.025734668597579002,0.021177975460886955,0.04991927370429039,0.015232023783028126,0.018993984907865524,0.018816117197275162,0.04115169495344162,0.039124369621276855,0.0218335147947073,0.0733751580119133,0.037600625306367874,0.013689763844013214,0.01752319745719433,0.02100643701851368,0.016214922070503235,0.013853739947080612,0.04913577064871788,0.049446456134319305,0.016050094738602638,0.020926479250192642,0.04117216914892197,0.029890356585383415,0.010046104900538921,0.027615593746304512,0.039435550570487976,0.011752479709684849,0.033514395356178284,0.033437591046094894,0.02083633840084076,0.04281514510512352,0.021184761077165604,0.035475727170705795,0.023811601102352142,0.03672078251838684,0.029980286955833435,0.020650483667850494,0.040428727865219116,0.010202828794717789
unknown,赤,230.61,231.11,0.9765625,,0.015063085593283176,0.012466555461287498,0.010660955682396889,0.05531300976872444,0.01595456153154373,0.022344760596752167,0.026270216330885887,0.05045592784881592,0.04532993957400322,0.10655874758958817,0.04702211171388626,0.02612576074898243,0.07979679852724075,0.012621911242604256,0.024664634838700294,0.023920319974422455,0.048767440021038055,0.023802226409316063,0.012599237263202667,0.03168833628296852,0.041598521173000336,0.01692432537674904,0.013026238419115543,0.00968052726238966,0.015992892906069756,0.00790481735020876,0.05361216887831688,0.028682226315140724,0.011784305796027184,0.01317571010440588,0.07252993434667587,0.04234274849295616,0.017725206911563873,0.034140851348638535,0.011513850651681423,0.012213394977152348,0.03781616687774658,0.02558840997517109,0.016862107440829277,0.025347718968987465,0.027936328202486038,0.04702058434486389,0.009952354244887829,0.030128510668873787,0.037044085562229156,0.015875503420829773,0.03079046495258808,0.0126713328063488
unknown,人,237.585,238.085,0.86279297,,0.006980737205594778,0.0048642996698617935,0.005443128757178783,0.02914123423397541,0.17796362936496735,0.05808904021978378,0.011419447138905525,0.04080570489168167,0.025701196864247322,0.04834112524986267,0.0801706463098526,0.012463320046663284,0.10263310372829437,0.03401925787329674,0.016964327543973923,0.007937591522932053,0.19082240760326385,0.03445132449269295,0.04724034667015076,0.07308536767959595,0.06035969778895378,0.011915302835404873,0.018551848828792572,0.005779831670224667,0.0057709477841854095,0.010681713931262493,0.057372283190488815,0.054293207824230194,0.011142999865114689,0.024724720045924187,0.061273012310266495,0.016087466850876808,0.004871136508882046,0.013695002533495426,0.015910115092992783,0.02810816466808319,0.02791762538254261,0.0208432599902153,0.004967561457306147,0.015929071232676506,0.01901242509484291,0.013068528845906258,0.015477659180760384,0.06847648322582245,0.02664598636329174,0.007590780034661293,0.027683349326252937,0.028129801154136658
unknown,鳥,242.345,242.845,0.9658203,,0.0129174143075943,0.006409118417650461,0.006543976720422506,0.036893099546432495,0.05338461697101593,0.031691014766693115,0.00917704589664936,0.05201927199959755,0.07768402993679047,0.13856571912765503,0.0998179242014885,0.01868559792637825,0.05332466959953308,0.028746875002980232,0.020881444215774536,0.007886096835136414,0.1636757254600525,0.027946412563323975,0.026127014309167862,0.04324815422296524,0.0371270626783371,0.007517100777477026,0.011737207882106304,0.007427795324474573,0.011771316640079021,0.010385328903794289,0.030019192025065422,0.038329094648361206,0.011477059684693813,0.011268489062786102,0.04696046933531761,0.018200397491455078,0.005519687198102474,0.010524953715503216,0.011853029020130634,0.03042054921388626,0.01741420477628708,0.028970347717404366,0.006449564825743437,0.01510127354413271,0.03097645565867424,0.013220623135566711,0.012349926866590977,0.02001230977475643,0.016798164695501328,0.013078195042908192,0.045233115553855896,0.021668611094355583
unknown,新 米,248.145,248.88501,0.71765137,,0.02301168069243431,0.020129289478063583,0.008409037254750729,0.06011803075671196,0.033267345279455185,0.028812812641263008,0.016668494790792465,0.10039073973894119,0.025378713384270668,0.06481471657752991,0.014661254361271858,0.0783066600561142,0.09707234054803848,0.04911424219608307,0.01667775586247444,0.015012942254543304,0.016392691060900688,0.05965670943260193,0.07647071033716202,0.03491976112127304,0.044889021664857864,0.005594355054199696,0.05488932505249977,0.023777440190315247,0.016264451667666435,0.03462699055671692,0.015086665749549866,0.025627760216593742,0.03662116825580597,0.018409794196486473,0.046663615852594376,0.012607822194695473,0.019120294600725174,0.04279005154967308,0.01501595601439476,0.014135461300611496,0.1300387978553772,0.007452449761331081,0.01961929351091385,0.05249197781085968,0.018407471477985382,0.031169459223747253,0.07887628674507141,0.04066898301243782,0.03179750218987465,0.03545594960451126,0.009434719569981098,0.007707471959292889
unknown,皮,254.18996,254.68996,0.8178711,,0.01798909530043602,0.013524244539439678,0.018381314352154732,0.04222707450389862,0.012312037870287895,0.009784350171685219,0.015116316266357899,0.04207988455891609,0.05411263555288315,0.17726613581180573,0.027679016813635826,0.02452426217496395,0.031015293672680855,0.014035644009709358,0.02856539562344551,0.013005444779992104,0.02691526710987091,0.010882663540542126,0.01189367938786745,0.016960062086582184,0.01994834467768669,0.011356922797858715,0.008235054090619087,0.006489900406450033,0.01699836179614067,0.0035222824662923813,0.03200777247548103,0.013115341775119305,0.0087932413443923,0.005962205585092306,0.04658770561218262,0.04712769389152527,0.013972162269055843,0.012687639333307743,0.007538191508501768,0.00910140946507454,0.021438034251332283,0.021061932668089867,0.01715812273323536,0.00808560848236084,0.03588289022445679,0.04627152904868126,0.006829405669122934,0.010112608782947063,0.01868940144777298,0.01390891708433628,0.03593773394823074,0.00603471789509058
unknown,鉛 筆,260.21692,260.99634,0.99658203,,0.08334958553314209,0.031098833307623863,0.04234575480222702,0.03297179564833641,0.015272699296474457,0.008982425555586815,0.02847231738269329,0.025828855112195015,0.04235474765300751,0.21918419003486633,0.060644570738077164,0.031689755618572235,0.016465701162815094,0.021556489169597626,0.04544944688677788,0.022971708327531815,0.03846822306513786,0.026528742164373398,0.0206294022500515,0.011255997233092785,0.012514260597527027,0.013006935827434063,0.01144603081047535,0.012510658241808414,0.020523861050605774,0.023146677762269974,0.04059126228094101,0.0072202133014798164,0.007490268908441067,0.005573426838964224,0.0803215280175209,0.03559083491563797,0.02952101081609726,0.012626314535737038,0.008882960304617882,0.012886129319667816,0.03510879725217819,0.01695271208882332,0.016958236694335938,0.016924085095524788,0.061460334807634354,0.03781035915017128,0.012561822310090065,0.013746648095548153,0.023555360734462738,0.013504205271601677,0.018934398889541626,0.011133581399917603
unknown,安 心,266.78238,267.56216,0.998291,,0.029518645256757736,0.01922277733683586,0.005166428629308939,0.013346284627914429,0.028624730184674263,0.05094027891755104,0.012969846837222576,0.04702826216816902,0.04983265697956085,0.1306086927652359,0.022250274196267128,0.04136166349053383,0.030906183645129204,0.016965551301836967,0.012690708972513676,0.02500215917825699,0.035339370369911194,0.09007828682661057,0.018275415524840355,0.06591411679983139,0.017825055867433548,0.00505003472790122,0.014074418693780899,0.03993746265769005,0.015897981822490692,0.02150096371769905,0.012026646174490452,0.021130826324224472,0.02010248973965645,0.008541807532310486,0.02450183406472206,0.013633678667247295,0.0353461354970932,0.03828286752104759,0.06664532423019409,0.007872674614191055,0.04970743507146835,0.033183753490448,0.03228713572025299,0.1414707452058792,0.012888148427009583,0.028576072305440903,0.034743644297122955,0.020891105756163597,0.010876239277422428,0.03246019780635834,0.03973037376999855,0.005999121814966202
unknown,肉 辱,273.77692,274.59665,0.5461426,,0.0475739911198616,0.02008211612701416,0.017234837636351585,0.10459104925394058,0.037392307072877884,0.051843639463186264,0.019257282838225365,0.10524971038103104,0.06970256567001343,0.07055196911096573,0.02322426810860634,0.013869952410459518,0.0314493365585804,0.048370763659477234,0.021623121574521065,0.012916065752506256,0.016437022015452385,0.059302572160959244,0.05695658177137375,0.05306033417582512,0.041934624314308167,0.012204515747725964,0.04351331293582916,0.024759657680988312,0.008257242850959301,0.024629268795251846,0.0333893857896328,0.04406404495239258,0.05889244005084038,0.027225440368056297,0.04229364171624184,0.03881922364234924,0.02024662308394909,0.017072241753339767,0.04422898590564728,0.018523963168263435,0.02476593665778637,0.01864904724061489,0.025153061375021935,0.06154287979006767,0.0342872329056263,0.025782717391848564,0.03985990583896637,0.04882798716425896,0.02818826399743557,0.022412097081542015,0.048837486654520035,0.009466463699936867
unknown,虐 待,278.47,279.33,0.86743164,,0.0097467927262187,0.004925242625176907,0.005540354643017054,0.021059410646557808,0.07855921238660812,0.02251242846250534,0.006705468520522118,0.02467421069741249,0.1331971138715744,0.22102968394756317,0.10662078857421875,0.02155640721321106,0.025538263842463493,0.04575604945421219,0.020318610593676567,0.008665597066283226,0.1470024734735489,0.06255341321229935,0.025556879118084908,0.02743377909064293,0.04285594820976257,0.0046995654702186584,0.014274952001869678,0.013042076490819454,0.007363488432019949,0.01133011281490326,0.020698998123407364,0.019232552498579025,0.019580604508519173,0.011263258755207062,0.058149874210357666,0.012359611690044403,0.006132445298135281,0.020678749307990074,0.019062412902712822,0.023073190823197365,0.03197379410266876,0.016736077144742012,0.005439485423266888,0.055421218276023865,0.023006442934274673,0.009335361421108246,0.02029545232653618,0.017055517062544823,0.005799270235002041,0.020733369514346123,0.05310323089361191,0.013906295411288738
unknown,選 択,290.11,290.93,0.6520996,,0.020566264167428017,0.015586414374411106,0.014575863257050514,0.028507201001048088,0.014044864103198051,0.02051999606192112,0.014327866956591606,0.019035223871469498,0.07692712545394897,0.1695617437362671,0.052430570125579834,0.025807920843362808,0.020393699407577515,0.011672344990074635,0.023752721026539803,0.015417980030179024,0.058133676648139954,0.03923137113451958,0.00867464393377304,0.03866565600037575,0.02241157554090023,0.009725604206323624,0.011862791143357754,0.015046249143779278,0.01311096828430891,0.005896414630115032,0.030362019315361977,0.03584916517138481,0.013849511742591858,0.011246858164668083,0.04405871778726578,0.05520813912153244,0.024510009214282036,0.024227282032370567,0.030991453677415848,0.013576675206422806,0.013636941090226173,0.03359945863485336,0.017341595143079758,0.05432499200105667,0.03037104941904545,0.026696819812059402,0.01393421832472086,0.012812516652047634,0.01607215590775013,0.025351669639348984,0.08066955953836441,0.011673945933580399
unknown,悲 し い,296.5181,297.33768,0.9791667,,0.03457380086183548,0.013678384944796562,0.02164243906736374,0.011570886708796024,0.011107187718153,0.02316218614578247,0.017883235588669777,0.02898305468261242,0.08210863173007965,0.2011166214942932,0.08137301355600357,0.05968758836388588,0.030276944860816002,0.01221111323684454,0.016181981191039085,0.02120569720864296,0.06099560111761093,0.03144555911421776,0.016862858086824417,0.02945379912853241,0.05046280473470688,0.012467168271541595,0.012697788886725903,0.016580700874328613,0.017734576016664505,0.015049728564918041,0.025209371000528336,0.01735450141131878,0.014264983125030994,0.010539165697991848,0.07326281070709229,0.013282014057040215,0.013689481653273106,0.027138076722621918,0.020956529304385185,0.008048171177506447,0.07865718752145767,0.030575957149267197,0.02460317872464657,0.05655600130558014,0.01851264014840126,0.06089116260409355,0.019460441544651985,0.013581987470388412,0.015221280977129936,0.01958671770989895,0.046949584037065506,0.00700365100055933
unknown,食 事,302.27008,303.12958,0.99902344,,0.016687778756022453,0.01020082738250494,0.00885069277137518,0.05089703947305679,0.014796722680330276,0.016074610874056816,0.009125405922532082,0.03615925833582878,0.052186597138643265,0.20141474902629852,0.03506922349333763,0.020210832357406616,0.05469729006290436,0.013367301784455776,0.027300646528601646,0.0077530331909656525,0.03510957956314087,0.02757245860993862,0.010680032894015312,0.026603054255247116,0.04068192094564438,0.009606008417904377,0.012495548464357853,0.004877564962953329,0.007806591689586639,0.004395744297653437,0.036220695823431015,0.017194043844938278,0.01403023675084114,0.010166351683437824,0.04565306007862091,0.04906311631202698,0.014886071905493736,0.023370083421468735,0.010312778875231743,0.01868392899632454,0.01756381429731846,0.023641811683773994,0.00797036848962307,0.02222629263997078,0.036542292684316635,0.015688199549913406,0.011982567608356476,0.01819525472819805,0.025716165080666542,0.008080611005425453,0.02820056490600109,0.011991112492978573
unknown,選 択,307.92,308.78,0.95458984,,0.028287578374147415,0.015055966563522816,0.01419813372194767,0.0179933812469244,0.015674220398068428,0.010738394223153591,0.01861460879445076,0.014470862224698067,0.044023722410202026,0.19068515300750732,0.11049994826316833,0.035725224763154984,0.01155725959688425,0.015043574385344982,0.025545353069901466,0.016398247331380844,0.09209667891263962,0.026625974103808403,0.009322688914835453,0.0247357115149498,0.011540158651769161,0.009745567105710506,0.004206604324281216,0.008126088418066502,0.016851050779223442,0.005090621300041676,0.03333165869116783,0.014815844595432281,0.004336357582360506,0.006735125556588173,0.08105695992708206,0.035399992018938065,0.014347165822982788,0.02585657685995102,0.010199847631156445,0.01484241895377636,0.011991062201559544,0.021242830902338028,0.011929359287023544,0.018559807911515236,0.03688698261976242,0.021244091913104057,0.00628235749900341,0.010304824449121952,0.01871473342180252,0.018392127007246017,0.04429299011826515,0.010659489780664444
unknown,規 則,315.0,315.62,0.9797363,,0.01445305161178112,0.00723393214866519,0.012059594504535198,0.056060437113046646,0.041629139333963394,0.029448164626955986,0.014201796613633633,0.05199741944670677,0.03313879296183586,0.11422527581453323,0.05373618006706238,0.01929493248462677,0.06980305165052414,0.01491351705044508,0.016083553433418274,0.01403124537318945,0.05801178887486458,0.03248973190784454,0.030175557360053062,0.06664399802684784,0.03762329742312431,0.0134102962911129,0.014364263042807579,0.010735208168625832,0.012516445480287075,0.012097293511033058,0.05427282676100731,0.031991761177778244,0.011220277287065983,0.023811865597963333,0.05681680887937546,0.02973826974630356,0.007603062782436609,0.014222141355276108,0.01820174790918827,0.016307253390550613,0.02357092872262001,0.017556997016072273,0.011942203156650066,0.023868681862950325,0.022300196811556816,0.03141137585043907,0.01738915592432022,0.040948253124952316,0.021898996084928513,0.014634335413575172,0.03366542235016823,0.01461120042949915
unknown,街,321.09268,321.59268,0.47070312,,0.02682439796626568,0.010950006544589996,0.013440503738820553,0.049151960760354996,0.01635097526013851,0.017241979017853737,0.016360998153686523,0.027937259525060654,0.057651348412036896,0.13814453780651093,0.04102262109518051,0.02241441421210766,0.02264467440545559,0.01162166241556406,0.04351865500211716,0.016910426318645477,0.07218434661626816,0.02136347070336342,0.01476815715432167,0.026038968935608864,0.0164802148938179,0.016460519284009933,0.006900242995470762,0.006992064416408539,0.014636266976594925,0.013160305097699165,0.0801430270075798,0.011883229948580265,0.010148993693292141,0.006821615155786276,0.06669720262289047,0.03282928094267845,0.012341399677097797,0.01790579780936241,0.014210766181349754,0.024046098813414574,0.0731353908777237,0.050953641533851624,0.012711773626506329,0.018032001331448555,0.05575329810380936,0.02303379587829113,0.010938855819404125,0.016696155071258545,0.040202923119068146,0.011141744442284107,0.03787462040781975,0.021630490198731422
unknown,食 塩,326.32883,327.18857,0.8913574,,0.01680491492152214,0.011170628480613232,0.01677672006189823,0.06487488001585007,0.028686413541436195,0.02156604640185833,0.015580488368868828,0.04910818859934807,0.08604011684656143,0.19898852705955505,0.051382243633270264,0.020366938784718513,0.0379011332988739,0.02903144806623459,0.030763788148760796,0.016639411449432373,0.04857217147946358,0.023882491514086723,0.03035949356853962,0.027004368603229523,0.02610383927822113,0.01744641363620758,0.01577322743833065,0.007369205355644226,0.0161888524889946,0.01050250418484211,0.044600922614336014,0.025033701211214066,0.011851008981466293,0.01255270466208458,0.06144922226667404,0.04356420040130615,0.013878067024052143,0.018816692754626274,0.010644648224115372,0.018074320629239082,0.012263733893632889,0.014463935047388077,0.011878426186740398,0.02218616008758545,0.0438244491815567,0.027050651609897614,0.01796596124768257,0.017686137929558754,0.018182333558797836,0.00946748722344637,0.024126341566443443,0.012340085580945015
unknown,請 求 書,332.2595,333.31906,0.8540039,,0.0597299225628376,0.025477269664406776,0.032404348254203796,0.0759875625371933,0.04211881756782532,0.016149748116731644,0.022067023441195488,0.04154511168599129,0.0392337292432785,0.17873963713645935,0.04697335883975029,0.02671356499195099,0.04460110887885094,0.06695886701345444,0.05021335557103157,0.02471625618636608,0.057308245450258255,0.04412328451871872,0.04344165697693825,0.021018318831920624,0.015856023877859116,0.014558619819581509,0.019449103623628616,0.00803462229669094,0.014919009059667587,0.03182119131088257,0.039822861552238464,0.016542889177799225,0.013682352378964424,0.010484637692570686,0.06233265623450279,0.025126280263066292,0.024504369124770164,0.030475569888949394,0.009045043960213661,0.05828030779957771,0.03413014113903046,0.0330372229218483,0.037317823618650436,0.020682157948613167,0.08075540512800217,0.04772172123193741,0.016217228025197983,0.024243058636784554,0.028683217242360115,0.008923722431063652,0.009913821704685688,0.015308492816984653
unknown,安 華 な,344.25067,345.165,0.81966144,,0.009787418879568577,0.004488732665777206,0.003418447682633996,0.014149821363389492,0.06263935565948486,0.039574719965457916,0.0037489510141313076,0.06619752198457718,0.0845881924033165,0.1582602709531784,0.052524250000715256,0.01797703094780445,0.06457441300153732,0.05942656844854355,0.008370302617549896,0.008678684942424297,0.09751257300376892,0.10167994350194931,0.06369747221469879,0.0552993007004261,0.09267319738864899,0.003386034397408366,0.03428489714860916,0.024657240137457848,0.003885997924953699,0.012884917668998241,0.008929811418056488,0.025629788637161255,0.024196960031986237,0.01078796572983265,0.024188121780753136,0.01168550830334425,0.009964771568775177,0.006433714646846056,0.03677027300000191,0.009912317618727684,0.024073461070656776,0.009371756576001644,0.013011063449084759,0.05405353754758835,0.010624676011502743,0.022429538890719414,0.030399028211832047,0.023697365075349808,0.003906684461981058,0.03684483841061592,0.06158877909183502,0.007348711136728525
unknown,唇,350.14157,350.64157,0.96777344,,0.015407481230795383,0.009487681090831757,0.009440531954169273,0.03453889116644859,0.06484177708625793,0.03831847384572029,0.012364286929368973,0.05966489389538765,0.07919463515281677,0.2089913934469223,0.06000330299139023,0.023092789575457573,0.05927279219031334,0.03775209188461304,0.021490858867764473,0.00438945647329092,0.07012255489826202,0.04282379522919655,0.03418963402509689,0.06201862543821335,0.058830369263887405,0.01049466710537672,0.01627831533551216,0.009561555460095406,0.010092911310493946,0.006820757873356342,0.030164141207933426,0.03608042374253273,0.026548398658633232,0.017047587782144547,0.04064710810780525,0.026939572766423225,0.012476055882871151,0.010474316775798798,0.01995830237865448,0.035414766520261765,0.023183142766356468,0.017236458137631416,0.009862355887889862,0.02497502788901329,0.030083106830716133,0.01564883068203926,0.02371876873075962,0.01918429508805275,0.016391655430197716,0.006774396635591984,0.03352709487080574,0.00925072655081749
unknown,歌 シ,356.5771,357.237,0.45898438,,0.014708672650158405,0.00744544668123126,0.008714409545063972,0.04660618305206299,0.025196276605129242,0.02511746622622013,0.009172054007649422,0.07149121910333633,0.07048742473125458,0.14063094556331635,0.06285489350557327,0.041185975074768066,0.05254702642560005,0.030362870544195175,0.02783946879208088,0.012938830070197582,0.07053603231906891,0.04139401391148567,0.02797822095453739,0.03181032836437225,0.045788101851940155,0.007456223946064711,0.01753416284918785,0.015907002612948418,0.01092110201716423,0.018306341022253036,0.020153552293777466,0.025004249066114426,0.02330363169312477,0.0115962540730834,0.05486316606402397,0.014937692321836948,0.008512945845723152,0.02402237057685852,0.022573867812752724,0.017847705632448196,0.04903328791260719,0.0326145775616169,0.01909738965332508,0.05034951493144035,0.03588457778096199,0.02521796151995659,0.02246003784239292,0.0259944386780262,0.016007088124752045,0.02803182043135166,0.038299091160297394,0.01415397971868515
unknown,境 界,362.3481,363.16788,0.6809082,,0.022708186879754066,0.005479754414409399,0.008852126076817513,0.029377449303865433,0.04235292598605156,0.008772776462137699,0.012164507061243057,0.01881198026239872,0.30857643485069275,0.3404460549354553,0.1379750818014145,0.028751399368047714,0.04288914054632187,0.038334961980581284,0.014640022069215775,0.009093062952160835,0.06705950200557709,0.036795102059841156,0.01993807777762413,0.019438698887825012,0.02931101806461811,0.005283210426568985,0.007352704647928476,0.01002957858145237,0.01187193300575018,0.006098323967307806,0.024321556091308594,0.012659957632422447,0.013885358348488808,0.012660365551710129,0.05619039759039879,0.013085348531603813,0.004680235870182514,0.02442551776766777,0.010210243053734303,0.01642758585512638,0.030223526060581207,0.021683908998966217,0.004005634691566229,0.023881519213318825,0.03042697161436081,0.010913936421275139,0.009239044971764088,0.02031661942601204,0.009836590848863125,0.014766517095267773,0.08214126527309418,0.007939266040921211
unknown,子 供,368.4639,369.12378,0.8852539,,0.014891616068780422,0.012382608838379383,0.009392449632287025,0.026388322934508324,0.01269286498427391,0.017866790294647217,0.012639079242944717,0.021727528423070908,0.13127322494983673,0.15921294689178467,0.05726164951920509,0.030524088069796562,0.027235858142375946,0.006832690443843603,0.02478870563209057,0.013981773518025875,0.08678003400564194,0.015315154567360878,0.004694374278187752,0.01531748566776514,0.04264306649565697,0.014933522790670395,0.012033549137413502,0.005607516039162874,0.013724274933338165,0.007983580231666565,0.03985349088907242,0.031150173395872116,0.01269521377980709,0.011397838592529297,0.06324564665555954,0.03469057381153107,0.018268482759594917,0.02276003174483776,0.014852692373096943,0.01932675577700138,0.019263887777924538,0.018500639125704765,0.020640848204493523,0.02885996177792549,0.02331351302564144,0.040551189333200455,0.011154444888234138,0.012923487462103367,0.017140043899416924,0.007816502824425697,0.06261282414197922,0.016193529590964317
unknown,正 し き,374.55426,375.3337,0.86621094,,0.02642977610230446,0.017517870292067528,0.011960555799305439,0.028812846168875694,0.013848376460373402,0.04324719309806824,0.023757176473736763,0.07847493141889572,0.14977818727493286,0.149790957570076,0.01970856823027134,0.04838910698890686,0.1034194603562355,0.016428843140602112,0.016170913353562355,0.010296965017914772,0.024013418704271317,0.07442788779735565,0.009428972378373146,0.05575864762067795,0.10711609572172165,0.01426403596997261,0.03711501136422157,0.028062887489795685,0.021081145852804184,0.021829677745699883,0.032571520656347275,0.02036881260573864,0.06121690571308136,0.014791596680879593,0.031015679240226746,0.03671552240848541,0.015884175896644592,0.04879903420805931,0.03872550278902054,0.014837071299552917,0.06260238587856293,0.06271208077669144,0.026613157242536545,0.1042860820889473,0.022516073659062386,0.04684910178184509,0.047218967229127884,0.04159557446837425,0.02348456159234047,0.034940823912620544,0.05823559686541557,0.004640751983970404
unknown,変,380.46268,380.96268,0.93847656,,0.030363988131284714,0.020223287865519524,0.009684594348073006,0.03600674867630005,0.018148962408304214,0.03646580129861832,0.028247909620404243,0.04421895742416382,0.10924497246742249,0.1424993872642517,0.04421711713075638,0.03123360686004162,0.052993450313806534,0.017788035795092583,0.04560915753245354,0.015787571668624878,0.03857046738266945,0.0507236048579216,0.016998471692204475,0.05876891314983368,0.03464893624186516,0.014201908372342587,0.018850700929760933,0.0224807970225811,0.033395253121852875,0.01782604306936264,0.017705487087368965,0.033427976071834564,0.0210920050740242,0.014837346039712429,0.06346167623996735,0.02220102585852146,0.026394469663500786,0.04525873810052872,0.027186304330825806,0.015630779787898064,0.03679559379816055,0.041664909571409225,0.04390791058540344,0.04774335026741028,0.028843412175774574,0.04236242175102234,0.025019243359565735,0.026789916679263115,0.03396138921380043,0.02151845395565033,0.049566712230443954,0.010832134634256363
unknown,新 し い,386.45096,387.27032,0.9895833,,0.047978684306144714,0.012416698969900608,0.01839308999478817,0.01762189157307148,0.032101988792419434,0.04059271886944771,0.021444985643029213,0.029517577961087227,0.11362357437610626,0.21957945823669434,0.06806088984012604,0.047094762325286865,0.05535535141825676,0.013664299622178078,0.0342758409678936,0.010239269584417343,0.0667584165930748,0.03755881264805794,0.014209290966391563,0.044391512870788574,0.036444492638111115,0.011390486732125282,0.018313344568014145,0.014872118830680847,0.022365327924489975,0.011330792680382729,0.031581517308950424,0.02492017298936844,0.02192317508161068,0.014158256351947784,0.052236463874578476,0.026517245918512344,0.016225336119532585,0.055758677423000336,0.023855911567807198,0.026468783617019653,0.04478342458605766,0.05629876255989075,0.017691558226943016,0.05448227748274803,0.044866930693387985,0.0256692823022604,0.025074802339076996,0.021773286163806915,0.022871416062116623,0.015171687118709087,0.06271043419837952,0.01057349517941475
unknown,植 物,392.37445,393.27368,0.9975586,,0.020231522619724274,0.013310148380696774,0.013546986505389214,0.029548492282629013,0.026064176112413406,0.024954168125987053,0.010070671327412128,0.01892823539674282,0.03627310320734978,0.23907320201396942,0.10465654730796814,0.0339299738407135,0.0186156015843153,0.015905585139989853,0.02873843163251877,0.02439071796834469,0.09154163300991058,0.018350059166550636,0.012466165237128735,0.023501049727201462,0.020904889330267906,0.010948022827506065,0.0065277498215436935,0.006771679501980543,0.012631254270672798,0.010429570451378822,0.06063560023903847,0.025445908308029175,0.008588582277297974,0.009144352748990059,0.07896927744150162,0.03665706887841225,0.014049212448298931,0.018328405916690826,0.018039923161268234,0.02256091870367527,0.01288609392940998,0.014289959333837032,0.009264292195439339,0.026972679421305656,0.029539091512560844,0.01078001782298088,0.00887833721935749,0.011446947231888771,0.011653870344161987,0.010852755047380924,0.03592744097113609,0.012206354178488255
unknown,葉 っ ぱ,399.32095,400.1004,0.98095703,,0.02050272934138775,0.011024609208106995,0.01033695600926876,0.06459160149097443,0.01783173531293869,0.027278847992420197,0.017227793112397194,0.07215400785207748,0.05922397971153259,0.11722306162118912,0.015440816059708595,0.02027285099029541,0.07669726014137268,0.016123121604323387,0.026944544166326523,0.009601008147001266,0.026355721056461334,0.03831033036112785,0.01441886555403471,0.04265228286385536,0.05087932199239731,0.013199973851442337,0.021815788000822067,0.01247731689363718,0.014226912520825863,0.00997060164809227,0.03638535365462303,0.02351737767457962,0.021046120673418045,0.01842346042394638,0.05032305791974068,0.05134985223412514,0.023187091574072838,0.019056929275393486,0.02308591827750206,0.012689072638750076,0.02929684706032276,0.017066286876797676,0.020407535135746002,0.038934070616960526,0.022579308599233627,0.043979622423648834,0.018716907128691673,0.032149285078048706,0.023461615666747093,0.012675239704549313,0.039381686598062515,0.00969536043703556
unknown,こ,403.07367,403.57367,0.51904297,,0.014247430488467216,0.01594536378979683,0.013589725829660892,0.06587469577789307,0.04149801284074783,0.05254018306732178,0.02063245140016079,0.040714021772146225,0.0539759062230587,0.08682603389024734,0.026956986635923386,0.018106484785676003,0.05681365728378296,0.022998003289103508,0.02539335936307907,0.007660462986677885,0.05693300440907478,0.04006334766745567,0.025650890544056892,0.061161018908023834,0.031951140612363815,0.012684958986938,0.014602558687329292,0.015781182795763016,0.0156260896474123,0.01351693645119667,0.050405651330947876,0.045499347150325775,0.019005849957466125,0.02302711457014084,0.04333494231104851,0.045127805322408676,0.01492361444979906,0.009390562772750854,0.04297512024641037,0.017718732357025146,0.04857845976948738,0.04016292095184326,0.013261644169688225,0.06333987414836884,0.034466035664081573,0.01651492528617382,0.017429260537028313,0.04047909006476402,0.0322636254131794,0.010291894897818565,0.048157092183828354,0.023355092853307724
unknown,古 い,404.31128,404.985,0.99609375,,0.01160941831767559,0.00931619480252266,0.009637884795665741,0.06116584688425064,0.023418966680765152,0.06915468722581863,0.017891747877001762,0.09196913242340088,0.05877992510795593,0.129153773188591,0.01969115063548088,0.020432405173778534,0.08266011625528336,0.01873396523296833,0.01773991994559765,0.0063009802252054214,0.018864499405026436,0.042384471744298935,0.02277737855911255,0.08721999078989029,0.03699016943573952,0.010454680770635605,0.023555412888526917,0.02538312040269375,0.011261064559221268,0.008405545726418495,0.023263880982995033,0.05295044183731079,0.025310244411230087,0.024709757417440414,0.025523534044623375,0.023102378472685814,0.009677012450993061,0.005982543807476759,0.029709624126553535,0.006180566269904375,0.03484639897942543,0.024509670212864876,0.009435391053557396,0.053194560110569,0.017890673130750656,0.01875162683427334,0.03247729316353798,0.04759510979056358,0.02306654118001461,0.017059331759810448,0.028794482350349426,0.008234454318881035
unknown,大 根,411.40018,412.21994,0.85913086,,0.02677185647189617,0.014513400383293629,0.0196389090269804,0.04051964730024338,0.03881896659731865,0.013384469784796238,0.025577055290341377,0.019493211060762405,0.1062961220741272,0.21089737117290497,0.06980971992015839,0.0204473789781332,0.0294206440448761,0.019645661115646362,0.03332575783133507,0.02997617796063423,0.0810999721288681,0.03698796406388283,0.027328798547387123,0.028643812984228134,0.01928730681538582,0.020027121528983116,0.005402447655797005,0.008988023735582829,0.024682417511940002,0.011294994503259659,0.037058088928461075,0.021344352513551712,0.013297402299940586,0.014409331604838371,0.06517947465181351,0.02815890684723854,0.017636127769947052,0.025314362719655037,0.01884586364030838,0.0269459281116724,0.020209217444062233,0.036990419030189514,0.01695644110441208,0.022333985194563866,0.049664001911878586,0.03514835238456726,0.010635707527399063,0.017364265397191048,0.019277041777968407,0.0073783015832304955,0.07737629115581512,0.02833414450287819
unknown,信 号,416.75616,417.65588,0.92285156,,0.03101637214422226,0.018306810408830643,0.008484682068228722,0.04041149839758873,0.019055139273405075,0.0034653281327337027,0.01014504861086607,0.015533565543591976,0.13463467359542847,0.17767861485481262,0.019679058343172073,0.011321870610117912,0.025167450308799744,0.006382860708981752,0.01358882337808609,0.011308918707072735,0.026556730270385742,0.02280549518764019,0.006520039401948452,0.008916039019823074,0.00503771984949708,0.009192767553031445,0.003526776097714901,0.003016113303601742,0.011129486374557018,0.011199391447007656,0.028580820187926292,0.004222230985760689,0.00952502153813839,0.006027763243764639,0.04554060101509094,0.05187620595097542,0.02339809574186802,0.035416632890701294,0.00806780718266964,0.013415792025625706,0.036466535180807114,0.03138989955186844,0.008031709119677544,0.029743343591690063,0.020357875153422356,0.018736815080046654,0.004348007030785084,0.010799280367791653,0.02061212621629238,0.006573986262083054,0.03287240490317345,0.009586542844772339
unknown,糸,422.08142,422.58142,0.9892578,,0.007758512161672115,0.004889701027423143,0.007129690144211054,0.042949315160512924,0.06812581419944763,0.023210396990180016,0.011982847936451435,0.04121266305446625,0.04555961862206459,0.09409399330615997,0.11301180720329285,0.01284563448280096,0.04437866434454918,0.027132390066981316,0.019329734146595,0.004200293682515621,0.11575596034526825,0.04311428964138031,0.024631977081298828,0.04322991147637367,0.039145197719335556,0.01149202510714531,0.015440147370100021,0.005812115967273712,0.005290150176733732,0.008362307213246822,0.06762167066335678,0.02310611493885517,0.009124130941927433,0.010136241093277931,0.06428835541009903,0.027892140671610832,0.00388597440905869,0.015390422195196152,0.014727894216775894,0.017889510840177536,0.023169919848442078,0.017632273957133293,0.004605134017765522,0.016028473153710365,0.025796860456466675,0.01012454554438591,0.010390915907919407,0.029131097719073296,0.01840168423950672,0.006953014992177486,0.02806655317544937,0.017830273136496544
unknown,花 の 湖,428.6663,429.48557,0.7270508,,0.01402551494538784,0.007969270460307598,0.011056886054575443,0.026341641321778297,0.032796479761600494,0.01709728129208088,0.01185675710439682,0.01710185594856739,0.059196919202804565,0.18109583854675293,0.0839933454990387,0.021950915455818176,0.03405577316880226,0.014101891778409481,0.007913818582892418,0.005969121120870113,0.04482334479689598,0.01893841102719307,0.021493779495358467,0.02200964279472828,0.018861770629882812,0.007110220845788717,0.005210531875491142,0.0048018586821854115,0.010968929156661034,0.004585589747875929,0.01849440671503544,0.011076162569224834,0.00854551699012518,0.009231600910425186,0.05832517147064209,0.017399704083800316,0.02088109217584133,0.009488360956311226,0.009691630490124226,0.010029375553131104,0.01542866975069046,0.00791699718683958,0.010184312239289284,0.02036525309085846,0.007836819626390934,0.024735119193792343,0.005762652959674597,0.011074196547269821,0.007731771096587181,0.006388149689882994,0.02762618288397789,0.008149606175720692
unknown,理 解,435.435,436.135,0.9489746,,0.009745913557708263,0.0039777751080691814,0.008058497682213783,0.028362730517983437,0.0715186670422554,0.021559439599514008,0.009448088705539703,0.025589274242520332,0.06508670002222061,0.156764954328537,0.1003011092543602,0.018310725688934326,0.06895588338375092,0.03459763899445534,0.015360673889517784,0.008758146315813065,0.09144920855760574,0.03798386827111244,0.03113645687699318,0.04622093215584755,0.0776708573102951,0.006987541448324919,0.016231562942266464,0.009593909606337547,0.009398192167282104,0.009134147316217422,0.026063887402415276,0.03517400100827217,0.018521225079894066,0.01795531064271927,0.04403046518564224,0.015523933805525303,0.005166114307940006,0.011294814758002758,0.023538246750831604,0.011354738846421242,0.02866881899535656,0.019860176369547844,0.006755113136023283,0.026199497282505035,0.01651671528816223,0.011463077738881111,0.01444240566343069,0.0319848395884037,0.01151855569332838,0.009641596116125584,0.04724559560418129,0.01055861171334982
unknown,透 明,440.23502,441.095,0.93530273,,0.019140474498271942,0.016059162095189095,0.006055542733520269,0.059709541499614716,0.06808488070964813,0.03739454597234726,0.02259630151093006,0.03794387727975845,0.0664469376206398,0.07796555757522583,0.020898379385471344,0.008434886112809181,0.0539047010242939,0.04144211858510971,0.011315970681607723,0.013127277605235577,0.02391115203499794,0.1440933793783188,0.05299584940075874,0.10740068554878235,0.03820246830582619,0.009922035969793797,0.03456467390060425,0.030234074220061302,0.017016399651765823,0.033218491822481155,0.009137105196714401,0.07449433207511902,0.03348875790834427,0.04577559232711792,0.01789003610610962,0.014900370500981808,0.018376968801021576,0.017085842788219452,0.0745503306388855,0.019284563139081,0.014942854642868042,0.041559848934412,0.03352740779519081,0.10116846859455109,0.018483763560652733,0.05248197913169861,0.03572143241763115,0.061087388545274734,0.01706796884536743,0.022788001224398613,0.09167150408029556,0.012019439600408077
unknown,月 日,446.5671,447.42664,0.91625977,,0.047931939363479614,0.02308432012796402,0.028564143925905228,0.13204070925712585,0.015001733787357807,0.030105266720056534,0.0220772847533226,0.14415782690048218,0.09171974658966064,0.1350078284740448,0.026777319610118866,0.024716340005397797,0.04504785314202309,0.03659483790397644,0.027184590697288513,0.032993607223033905,0.02307550422847271,0.037155598402023315,0.07984930276870728,0.04754754155874252,0.028561685234308243,0.021547038108110428,0.045276395976543427,0.03662418946623802,0.017609618604183197,0.018779708072543144,0.03815896809101105,0.0467221699655056,0.034053366631269455,0.03646945580840111,0.03682008385658264,0.04672478511929512,0.025958385318517685,0.017983639612793922,0.042689062654972076,0.017478177323937416,0.029768241569399834,0.028957346454262733,0.028020650148391724,0.055379390716552734,0.04867494851350784,0.1454208791255951,0.047761283814907074,0.03319907933473587,0.01878526248037815,0.02728540264070034,0.04328933730721474,0.009231369942426682
unknown,れ し い,452.9986,453.81815,0.87141925,,0.0398218035697937,0.019194653257727623,0.029024265706539154,0.031981080770492554,0.020440779626369476,0.02539609745144844,0.029773524031043053,0.022882815450429916,0.09983281046152115,0.18847233057022095,0.03939756751060486,0.03185219690203667,0.024425944313406944,0.020510224625468254,0.043336253613233566,0.01572338305413723,0.049853578209877014,0.055300481617450714,0.015551455318927765,0.03834495320916176,0.03249222785234451,0.01904057338833809,0.01182729471474886,0.013167135417461395,0.028123540803790092,0.017910657450556755,0.049995869398117065,0.02775789611041546,0.01869412511587143,0.011664316058158875,0.09110290557146072,0.05476072430610657,0.021158650517463684,0.01589227095246315,0.028741635382175446,0.018139369785785675,0.053505510091781616,0.06848778575658798,0.027645017951726913,0.053656432777643204,0.05204731971025467,0.035225510597229004,0.016459180042147636,0.01748955249786377,0.03397846221923828,0.016787609085440636,0.060024987906217575,0.011847526766359806
unknown,電 気,458.39142,459.2909,0.5662842,,0.03429686650633812,0.012639756314456463,0.015378592535853386,0.03664226457476616,0.049280885607004166,0.01857667602598667,0.010759652592241764,0.035914234817028046,0.14596843719482422,0.20457154512405396,0.04107116535305977,0.019360538572072983,0.052081771194934845,0.03630096837878227,0.06392832100391388,0.013219531625509262,0.07295051217079163,0.042973946779966354,0.024600042030215263,0.030296310782432556,0.06281407922506332,0.009394228458404541,0.016164608299732208,0.00805028434842825,0.01357950083911419,0.03366192430257797,0.019890859723091125,0.013202356174588203,0.009099405258893967,0.006552593316882849,0.04811323806643486,0.029292644932866096,0.014495380222797394,0.00964592956006527,0.01325182430446148,0.025293149054050446,0.03225504234433174,0.08333040028810501,0.012171857059001923,0.020410684868693352,0.067713163793087,0.022806299850344658,0.01729464717209339,0.017632311210036278,0.01456435490399599,0.00960114412009716,0.05734172835946083,0.024727417156100273
unknown,心,464.75415,465.25415,0.92822266,,0.01990085281431675,0.010891258716583252,0.009085722267627716,0.03625372052192688,0.019548775628209114,0.01992124132812023,0.015623087994754314,0.030095096677541733,0.0655139833688736,0.1488959640264511,0.05533023178577423,0.018971458077430725,0.04020390287041664,0.010449832305312157,0.02833075448870659,0.003868755651637912,0.04739790037274361,0.01586798205971718,0.011334771290421486,0.026911387220025063,0.019560029730200768,0.009657504968345165,0.007318081799894571,0.009861678816378117,0.01170974038541317,0.0055710319429636,0.04380646347999573,0.02024872601032257,0.010037471540272236,0.009416529908776283,0.052655309438705444,0.0344420000910759,0.011636327020823956,0.015243817120790482,0.010397202335298061,0.017782866954803467,0.027414534240961075,0.022374803200364113,0.006646113004535437,0.021792592480778694,0.028756918385624886,0.009573675692081451,0.0068866293877363205,0.017427092418074608,0.030533606186509132,0.011639307253062725,0.021605730056762695,0.013724704273045063
unknown,勘 長,470.90152,471.76077,0.3100586,,0.008966528810560703,0.006590895354747772,0.00512826070189476,0.018040329217910767,0.04786856472492218,0.027738753706216812,0.005860632751137018,0.047643356025218964,0.1183488741517067,0.19166968762874603,0.030824225395917892,0.02053508348762989,0.057940736413002014,0.036169253289699554,0.010661281645298004,0.016112666577100754,0.02729370817542076,0.08425136655569077,0.06059224531054497,0.05264321714639664,0.06332909315824509,0.005466766655445099,0.02131035551428795,0.026204252615571022,0.007970845326781273,0.011813456192612648,0.00859803520143032,0.023463381454348564,0.02744361199438572,0.012153341434895992,0.025083163753151894,0.012632843106985092,0.010233160108327866,0.012195749208331108,0.06937307119369507,0.005124752409756184,0.02797146886587143,0.015024980530142784,0.01761411875486374,0.06971607357263565,0.013653234578669071,0.03141460567712784,0.024490458890795708,0.020902464166283607,0.00781297031790018,0.023253541439771652,0.1353716105222702,0.0036326537374407053
unknown,ツ,477.5834,478.0834,0.8989258,,0.016216685995459557,0.008785899728536606,0.010802239179611206,0.050413258373737335,0.03945871442556381,0.023374509066343307,0.01709955558180809,0.06090393289923668,0.07207852602005005,0.06439581513404846,0.04050624370574951,0.022666653618216515,0.042383257299661636,0.029841646552085876,0.04894460737705231,0.008909783326089382,0.062260810285806656,0.031106002628803253,0.01923719421029091,0.032323118299245834,0.029245343059301376,0.0147551279515028,0.01506614126265049,0.005781829357147217,0.015144454315304756,0.006480086129158735,0.06125535070896149,0.017827820032835007,0.01018342562019825,0.006876984611153603,0.05519542843103409,0.05082503706216812,0.011314122937619686,0.02891748771071434,0.013808390125632286,0.022382978349924088,0.04150160029530525,0.026890505105257034,0.013519800268113613,0.020767616108059883,0.05184127390384674,0.012808660045266151,0.009144297800958157,0.018190661445260048,0.022498425096273422,0.005623793229460716,0.031258028000593185,0.019758984446525574
unknown,大 人,482.2546,482.9143,0.8886719,,0.015892183408141136,0.008593589998781681,0.007648007944226265,0.014651148580014706,0.10637365281581879,0.04983595386147499,0.009979166090488434,0.07682207971811295,0.11649492383003235,0.1567787379026413,0.06585933268070221,0.03020418807864189,0.08705653250217438,0.03801519423723221,0.016115961596369743,0.005202483851462603,0.0947369709610939,0.047416869550943375,0.033927008509635925,0.06057068333029747,0.04054746404290199,0.009889943525195122,0.032912205904722214,0.017806241288781166,0.007947403006255627,0.00946630910038948,0.022056210786104202,0.03312256187200546,0.017067689448595047,0.016426466405391693,0.033621646463871,0.015897301957011223,0.013747332617640495,0.023347971960902214,0.04175804927945137,0.02143106982111931,0.029978252947330475,0.016997531056404114,0.012216283939778805,0.06553804129362106,0.019043032079935074,0.03831147775053978,0.03339655324816704,0.023599347099661827,0.0058657508343458176,0.022202059626579285,0.06114260479807854,0.012661705724895
unknown,四 気,488.40305,489.10266,0.5600586,,0.036569688469171524,0.022224795073270798,0.02117394097149372,0.07578838616609573,0.005879916250705719,0.024326764047145844,0.035989124327898026,0.031836457550525665,0.029765788465738297,0.12718980014324188,0.05625440552830696,0.04766188561916351,0.03768875077366829,0.005048826802521944,0.04528212919831276,0.025279736146330833,0.08227380365133286,0.01158145535737276,0.006665909197181463,0.02295425720512867,0.03618448227643967,0.041959118098020554,0.005604290869086981,0.007653222884982824,0.022635862231254578,0.014248467050492764,0.16901937127113342,0.023102128878235817,0.008099743165075779,0.009082810953259468,0.1566980630159378,0.08904469013214111,0.01718248426914215,0.025375207886099815,0.007251812610775232,0.04178953170776367,0.056933701038360596,0.03810414671897888,0.009844389744102955,0.014795959927141666,0.05883665755391121,0.02626630663871765,0.01014567632228136,0.016847476363182068,0.0692349299788475,0.01106572151184082,0.013671784661710262,0.030234646052122116
unknown,氷,495.0028,495.5028,0.9868164,,0.02017463929951191,0.014141075313091278,0.015581537038087845,0.05918041616678238,0.026291970163583755,0.009603998623788357,0.015672408044338226,0.032237038016319275,0.08286204934120178,0.19852854311466217,0.04489495977759361,0.01378023810684681,0.0255133006721735,0.017496801912784576,0.03063439205288887,0.017740361392498016,0.04120761901140213,0.014211445115506649,0.031473807990550995,0.020107081159949303,0.010138260200619698,0.011712274514138699,0.005983727052807808,0.00711784465238452,0.014420747756958008,0.008544345386326313,0.03957432508468628,0.010378917679190636,0.008092476986348629,0.005898214410990477,0.0529065802693367,0.034376274794340134,0.01759330742061138,0.013108494691550732,0.01749727688729763,0.023198405280709267,0.02328643761575222,0.02537434734404087,0.0106678931042552,0.01696181483566761,0.04191542789340019,0.0359543114900589,0.008179699070751667,0.008486393839120865,0.014794674701988697,0.007421812973916531,0.04230368137359619,0.01665472611784935
unknown,る,501.54672,502.04672,0.46801758,,0.008792605251073837,0.004195911344140768,0.0056576235219836235,0.01610846444964409,0.025687115266919136,0.02914162166416645,0.007856834679841995,0.04829975590109825,0.058945201337337494,0.12989118695259094,0.07885172963142395,0.031216289848089218,0.04155326262116432,0.02643454447388649,0.021754417568445206,0.00458534574136138,0.10192364454269409,0.03657121956348419,0.011718477122485638,0.04449455440044403,0.054391853511333466,0.0038020717911422253,0.014384301379323006,0.00528397411108017,0.0063592358492314816,0.008851693011820316,0.021016983315348625,0.026324234902858734,0.011087622493505478,0.008495138958096504,0.03730878233909607,0.010916629806160927,0.004035428632050753,0.011544113047420979,0.014402312226593494,0.014590111561119556,0.03689594939351082,0.023114709183573723,0.005902004428207874,0.023448200896382332,0.020569022744894028,0.007976677268743515,0.011494298465549946,0.018500568345189095,0.014954960905015469,0.00621171435341239,0.030744748190045357,0.008653275668621063
unknown,道,512.2,512.7,0.98291016,,0.015914734452962875,0.009051009081304073,0.009162652306258678,0.035952698439359665,0.016987865790724754,0.03330008313059807,0.015098067000508308,0.046549562364816666,0.06651892513036728,0.18508267402648926,0.04211438074707985,0.03664074465632439,0.057716209441423416,0.008844379335641861,0.02946084551513195,0.016489528119564056,0.06861365586519241,0.02523856982588768,0.008365665562450886,0.04562217742204666,0.04739261418581009,0.0188757311552763,0.013824510388076305,0.008250846527516842,0.01700751855969429,0.008917695842683315,0.05707762762904167,0.029303904622793198,0.023433931171894073,0.010155201889574528,0.061271678656339645,0.032840240746736526,0.01158837042748928,0.021267123520374298,0.025673871859908104,0.01947547309100628,0.04080475494265556,0.03927416354417801,0.016283951699733734,0.04679044708609581,0.02891477756202221,0.027956198900938034,0.01979202963411808,0.017771581187844276,0.038652509450912476,0.008118410594761372,0.0544147789478302,0.015994835644960403
unknown,呼 吸,519.00824,519.74786,0.8840332,,0.029077928513288498,0.02144734561443329,0.009483668021857738,0.1087164655327797,0.02034347504377365,0.026880865916609764,0.0204558614641428,0.07236664742231369,0.07803191244602203,0.11756537854671478,0.020171180367469788,0.008285913616418839,0.04960988089442253,0.014317772351205349,0.02850094623863697,0.009435703977942467,0.03157639876008034,0.020827677100896835,0.019734440371394157,0.03664278984069824,0.03176480159163475,0.019729331135749817,0.016522713005542755,0.013519065454602242,0.011609882116317749,0.010996159166097641,0.06439605355262756,0.03384104743599892,0.02548345737159252,0.02058892510831356,0.0645669475197792,0.06556165218353271,0.016743429005146027,0.009682116098701954,0.015355445444583893,0.017993774265050888,0.019970858469605446,0.02366139180958271,0.012496891431510448,0.03125450760126114,0.03922896459698677,0.021887388080358505,0.01550557091832161,0.026862861588597298,0.044932495802640915,0.017604222521185875,0.026124514639377594,0.015561751089990139
unknown,食 事,524.4795,525.3389,0.99975586,,0.011204687878489494,0.007062914781272411,0.00667552137747407,0.028371049091219902,0.011982256546616554,0.052554886788129807,0.005521375685930252,0.057600025087594986,0.08492805808782578,0.11599592864513397,0.024980898946523666,0.013728312216699123,0.04941132664680481,0.011437044478952885,0.01335621252655983,0.008192388340830803,0.027119148522615433,0.0501515194773674,0.009977977722883224,0.04870885610580444,0.050815399736166,0.010020561516284943,0.028082555159926414,0.0101856654509902,0.0036955922842025757,0.0033979618456214666,0.041108764708042145,0.04593901336193085,0.04797787964344025,0.01616021990776062,0.032128360122442245,0.05018436536192894,0.008667821995913982,0.01353338360786438,0.016689972952008247,0.009932233020663261,0.011693846434354782,0.018596883863210678,0.006670801900327206,0.05392621457576752,0.01889556460082531,0.009478856809437275,0.02633448876440525,0.01958668790757656,0.013110809028148651,0.012183304876089096,0.05020260810852051,0.004627689719200134
unknown,牛 乳,530.6872,531.467,0.95214844,,0.050796136260032654,0.02192155085504055,0.010261531919240952,0.03697701916098595,0.04372960329055786,0.013170139864087105,0.035833075642585754,0.027933701872825623,0.09721977263689041,0.16753730177879333,0.14419743418693542,0.027141164988279343,0.02752467431128025,0.03721027448773384,0.03618679195642471,0.013614500872790813,0.1285262405872345,0.03374692052602768,0.01873207278549671,0.021664800122380257,0.020152846351265907,0.01893708109855652,0.009742251597344875,0.01146844681352377,0.03265133127570152,0.047318439930677414,0.029746854677796364,0.015716031193733215,0.011413986794650555,0.011990353465080261,0.08416308462619781,0.03196365013718605,0.019323112443089485,0.02825276367366314,0.01693544164299965,0.03848636522889137,0.04926047846674919,0.0646386668086052,0.028185559436678886,0.026923876255750656,0.053301211446523666,0.04241342842578888,0.012302138842642307,0.02372501976788044,0.046425797045230865,0.0176460612565279,0.04251286759972572,0.0365150161087513
unknown,光,536.36255,536.86255,0.98828125,,0.025669412687420845,0.016096845269203186,0.011315247043967247,0.10626709461212158,0.019629020243883133,0.011322014965116978,0.015029039233922958,0.0496668815612793,0.03831154480576515,0.11468659341335297,0.025931676849722862,0.014294357970356941,0.026403281837701797,0.025754880160093307,0.013319305144250393,0.04895772784948349,0.03767240792512894,0.03372607380151749,0.05370305851101875,0.024706384167075157,0.013452454470098019,0.017256448045372963,0.019044825807213783,0.016575153917074203,0.014410147443413734,0.01573670282959938,0.0488014779984951,0.014458726160228252,0.02231607213616371,0.017350541427731514,0.04488922655582428,0.03218555077910423,0.01959090121090412,0.023020537570118904,0.019509799778461456,0.015278788283467293,0.03081176057457924,0.01666325516998768,0.013177525252103806,0.026769880205392838,0.031458813697099686,0.03762016445398331,0.027704667299985886,0.02822066657245159,0.017654970288276672,0.018036188557744026,0.02867276221513748,0.012085647322237492
unknown,張 力,542.33496,543.07495,0.95458984,,0.026117250323295593,0.007198738399893045,0.00806125346571207,0.023073799908161163,0.004945375956594944,0.009960136376321316,0.006317307241261005,0.008471406996250153,0.042753349989652634,0.3518560826778412,0.16011784970760345,0.01778150349855423,0.003933267667889595,0.0033644328359514475,0.017622213810682297,0.008011983707547188,0.08351845294237137,0.004938559606671333,0.00213013868778944,0.011094233021140099,0.004681794438511133,0.005455252714455128,0.003448841394856572,0.006195481866598129,0.006490176077932119,0.0008450269233435392,0.04916681721806526,0.01058779563754797,0.007216408383101225,0.008072846569120884,0.05451972782611847,0.03478119149804115,0.00695175863802433,0.0173084307461977,0.0055611939169466496,0.03370846435427666,0.007504577282816172,0.025155438110232353,0.0021837055683135986,0.015188505873084068,0.0723792314529419,0.0029167579486966133,0.005566970445215702,0.0028151259757578373,0.00800562184303999,0.011505266651511192,0.042654190212488174,0.01188498642295599
unknown,ペ ッ ト,548.615,549.435,0.67749023,,0.018520724028348923,0.008336338214576244,0.009339270181953907,0.06690753996372223,0.05700064077973366,0.028905270621180534,0.02407721057534218,0.0451500304043293,0.030923563987016678,0.06203271076083183,0.044384025037288666,0.01847788505256176,0.05188515782356262,0.02622673474252224,0.03215504810214043,0.0057156700640916824,0.10752132534980774,0.03543473780155182,0.02341756410896778,0.04081764072179794,0.05125932767987251,0.015877529978752136,0.016488920897245407,0.005978882312774658,0.010695744305849075,0.009595796465873718,0.08560062199831009,0.034351300448179245,0.010758377611637115,0.01432022824883461,0.05536045879125595,0.03887001797556877,0.007147269323468208,0.011782914400100708,0.014845608733594418,0.02570190653204918,0.04841424524784088,0.05661880597472191,0.006645725108683109,0.013898639939725399,0.046401649713516235,0.012374099344015121,0.010161619633436203,0.04523254558444023,0.04991164803504944,0.008474348112940788,0.033956095576286316,0.043759189546108246
unknown,雪,554.495,554.995,0.90478516,,0.03305399790406227,0.01562967337667942,0.012911712750792503,0.056793875992298126,0.027551686391234398,0.029034879058599472,0.02048487961292267,0.04862355440855026,0.03473806381225586,0.11393196880817413,0.05516323447227478,0.017990468069911003,0.05138465389609337,0.014986580237746239,0.02253699116408825,0.005598146468400955,0.06532005220651627,0.01841474138200283,0.013351117260754108,0.035919975489377975,0.026933003216981888,0.016595302149653435,0.010174901224672794,0.008772697299718857,0.015738192945718765,0.00849995482712984,0.09648521989583969,0.0190933495759964,0.006135326344519854,0.011170736514031887,0.11001495271921158,0.054895516484975815,0.010632787831127644,0.027701174840331078,0.007911848835647106,0.01923850178718567,0.035241689532995224,0.027301257476210594,0.010036060586571693,0.015644831582903862,0.03218028321862221,0.01232225727289915,0.008801235817372799,0.02578805387020111,0.05191054940223694,0.011081387288868427,0.020889146253466606,0.012349744327366352
unknown,銀 行,560.3826,561.28204,0.9602051,,0.016783006489276886,0.008250581100583076,0.012138361111283302,0.06065719947218895,0.02701118402183056,0.024044115096330643,0.011233825236558914,0.0445096455514431,0.1570054143667221,0.20822934806346893,0.05966337397694588,0.02313401736319065,0.06767736375331879,0.013157406821846962,0.01691710762679577,0.010789705440402031,0.05121505260467529,0.07038509845733643,0.018317220732569695,0.05151566490530968,0.052170995622873306,0.009713651612401009,0.0205779280513525,0.014974947087466717,0.010396778583526611,0.010681269690394402,0.025642160326242447,0.030547935515642166,0.024135908111929893,0.01470328401774168,0.050283633172512054,0.036645691841840744,0.009747546166181564,0.013160389848053455,0.0278948824852705,0.018820399418473244,0.022152133285999298,0.01604382134974003,0.007584923412650824,0.034866515547037125,0.02034989558160305,0.009268105961382389,0.022036466747522354,0.033941078931093216,0.01922549121081829,0.012690198607742786,0.09013893455266953,0.009522909298539162
unknown,戦 争,566.4935,567.35297,0.9038086,,0.02452676184475422,0.011253323405981064,0.010896057821810246,0.024555468931794167,0.027463950216770172,0.03318483754992485,0.019831953570246696,0.026606526225805283,0.06628909707069397,0.09386978298425674,0.04253338649868965,0.028583308681845665,0.040892116725444794,0.03179812803864479,0.020903626456856728,0.027121935039758682,0.04024939984083176,0.07994779944419861,0.026402032002806664,0.05625534802675247,0.023934967815876007,0.012013917788863182,0.017880873754620552,0.009314441122114658,0.017186785116791725,0.013506087474524975,0.028689036145806313,0.03904921934008598,0.013311512768268585,0.017938898876309395,0.040870171040296555,0.0203731507062912,0.014644032344222069,0.03633786365389824,0.029217436909675598,0.008961685933172703,0.04539072513580322,0.03288426250219345,0.023327743634581566,0.044478822499513626,0.02794099785387516,0.049053989350795746,0.01771492511034012,0.031625136733055115,0.02384922467172146,0.017818637192249298,0.04547279700636864,0.010451986454427242
unknown,海,572.81915,573.31915,0.8779297,,0.007846489548683167,0.008430073037743568,0.006909574847668409,0.050882335752248764,0.02536756359040737,0.03356502950191498,0.008272930048406124,0.09062115103006363,0.06190337985754013,0.11786134541034698,0.02484421245753765,0.023852726444602013,0.07634508609771729,0.013334554620087147,0.010424736887216568,0.007411499507725239,0.02357182279229164,0.030152278020977974,0.02475220523774624,0.06283430755138397,0.03109031729400158,0.010069809854030609,0.017175577580928802,0.019202478229999542,0.01116950623691082,0.0024122274480760098,0.028752639889717102,0.03656792640686035,0.013331679627299309,0.020786451175808907,0.036676909774541855,0.02658468671143055,0.010465167462825775,0.013169100508093834,0.02869163081049919,0.00623761210590601,0.02916042134165764,0.012807108461856842,0.01592135988175869,0.04077849164605141,0.014577147550880909,0.03526414930820465,0.02571513131260872,0.03345193713903427,0.013688146136701107,0.013945486396551132,0.03951296582818031,0.005726524628698826
unknown,病 院,578.6506,579.3902,0.9995117,,0.01985189877450466,0.013982115313410759,0.01064387895166874,0.05096304789185524,0.0264077540487051,0.022544395178556442,0.017402276396751404,0.05276668071746826,0.15359175205230713,0.17097152769565582,0.0415763258934021,0.05036163702607155,0.05086971074342728,0.02729332633316517,0.019653985276818275,0.013707179576158524,0.021477462723851204,0.0521746389567852,0.034008730202913284,0.05718591436743736,0.037514157593250275,0.008638879284262657,0.01932181417942047,0.02213558368384838,0.017854351550340652,0.012157488614320755,0.016548946499824524,0.02842375636100769,0.01226692646741867,0.01457909494638443,0.031171157956123352,0.02401268482208252,0.010014945641160011,0.027972184121608734,0.028482962399721146,0.00965248141437769,0.03436115011572838,0.018164627254009247,0.02011779323220253,0.035997916013002396,0.027794696390628815,0.034087665379047394,0.021958667784929276,0.020841684192419052,0.012538525275886059,0.015809103846549988,0.051056887954473495,0.006899651605635881
unknown,自 身,584.54,585.24,0.8564453,,0.009139062836766243,0.004557450767606497,0.004434862639755011,0.022192349657416344,0.045132946223020554,0.06373077630996704,0.009809489361941814,0.06437547504901886,0.07482602447271347,0.12092436105012894,0.04062538221478462,0.05015605315566063,0.06129749119281769,0.03939149156212807,0.01086620893329382,0.0076052225194871426,0.03016640990972519,0.10822562873363495,0.06371460109949112,0.09222766011953354,0.056217119097709656,0.0045075127854943275,0.019207684323191643,0.021411927416920662,0.008206257596611977,0.019000165164470673,0.013755197636783123,0.0362195186316967,0.021128570660948753,0.01859057880938053,0.02322486788034439,0.009094634093344212,0.00599475996568799,0.01854349859058857,0.03781132400035858,0.0073043243028223515,0.04338047280907631,0.014657058753073215,0.007874098606407642,0.08566747605800629,0.009283578023314476,0.012772422283887863,0.03798450902104378,0.03826931118965149,0.01198611594736576,0.0213162899017334,0.04980058595538139,0.006486327387392521
unknown,貧 乏,590.66,591.48,0.9951172,,0.040648240596055984,0.017922673374414444,0.0247019175440073,0.11274678260087967,0.015064959414303303,0.006064860615879297,0.03476093336939812,0.020507803186774254,0.06926283240318298,0.1438877284526825,0.0733400210738182,0.020670082420110703,0.06081121042370796,0.009452353231608868,0.02225164696574211,0.009904745034873486,0.03995242714881897,0.011147875338792801,0.013965938240289688,0.009259030222892761,0.016499413177371025,0.022907163947820663,0.003725751070305705,0.0034778283443301916,0.029051296412944794,0.007164433598518372,0.0781187042593956,0.013074532151222229,0.0024836272932589054,0.012099596671760082,0.09375422447919846,0.07859258353710175,0.011469677090644836,0.013024714775383472,0.005525805987417698,0.030144626274704933,0.016085684299468994,0.015127789229154587,0.008084267377853394,0.006288487929850817,0.0509629026055336,0.01433192752301693,0.00312086776830256,0.018441708758473396,0.03860650956630707,0.003570691216737032,0.017837533727288246,0.030741358175873756
unknown,手 袋,596.1006,596.7601,0.9975586,,0.023423098027706146,0.0075587197206914425,0.007368899416178465,0.026614736765623093,0.03234871104359627,0.012704465538263321,0.008360260166227818,0.022392334416508675,0.059134095907211304,0.14717748761177063,0.08734367042779922,0.03538224846124649,0.039938610047101974,0.015237356536090374,0.023548008874058723,0.004653944168239832,0.09246905148029327,0.02608678862452507,0.009677390567958355,0.018900340422987938,0.03169309347867966,0.005874571390450001,0.005977977067232132,0.004152442794293165,0.005711126606911421,0.014826323837041855,0.03734145313501358,0.011770040728151798,0.004290381446480751,0.003879737574607134,0.048418574035167694,0.02516184374690056,0.01324728224426508,0.02343204990029335,0.006469246465712786,0.02805894799530506,0.014934157952666283,0.02607172168791294,0.005807004403322935,0.01622951030731201,0.029027076438069344,0.006052704527974129,0.004328518640249968,0.008336308412253857,0.013314440846443176,0.007711417973041534,0.020411452278494835,0.009222202934324741
