Id,Text,BeginPosition,EndPosition,BeginTime,EndTime,Confidence,SpeakerConfidence,Admiration,Adoration,Aesthetic Appreciation,Amusement,Anger,Annoyance,Anxiety,Awe,Awkwardness,Boredom,Calmness,Concentration,Confusion,Contemplation,Contempt,Contentment,Craving,Determination,Disappointment,Disapproval,Disgust,Distress,Doubt,Ecstasy,Embarrassment,Empathic Pain,Enthusiasm,Entrancement,Envy,Excitement,Fear,Gratitude,Guilt,Horror,Interest,Joy,Love,Nostalgia,Pain,Pride,Realization,Relief,Romance,Sadness,Sarcasm,Satisfaction,Desire,Shame,Surprise (negative),Surprise (positive),Sympathy,Tiredness,Triumph,1,2,3,4,5,6,7,8,9,toxic,severe_toxic,obscene,threat,insult,identity_hate
unknown,黒,0,1,1.62,1.86,0.9995117,,0.004107553977519274,0.0018349882448092103,0.008752617985010147,0.02504091151058674,0.1552402824163437,0.23308883607387543,0.009609433822333813,0.008019757457077503,0.04100237786769867,0.03106088563799858,0.04229019209742546,0.010957632213830948,0.034952059388160706,0.011824467219412327,0.16018010675907135,0.011631486937403679,0.0014929072931408882,0.014044245705008507,0.09988682717084885,0.2397906333208084,0.28514713048934937,0.05532239004969597,0.01171918399631977,0.003325373400002718,0.02086404711008072,0.01740354299545288,0.00867440178990364,0.005647383630275726,0.004821474198251963,0.00582470279186964,0.00874076597392559,0.0011072291526943445,0.008155366405844688,0.03518422320485115,0.020152688026428223,0.004816272761672735,0.0011453073238953948,0.0004805477801710367,0.024905651807785034,0.006682479754090309,0.045584775507450104,0.004403007682412863,0.0010584231931716204,0.025271978229284286,0.05332883447408676,0.01387822162359953,0.006818288937211037,0.043731939047575,0.1724853664636612,0.01513124629855156,0.01700596883893013,0.015599642880260944,0.010134113021194935,,,,,,,,,,,,,,,
unknown,い,2,3,1.86,2.3600001,0.97753906,,0.00394337996840477,0.0018891297513619065,0.004397390875965357,0.026073291897773743,0.28775033354759216,0.3198224604129791,0.011483622714877129,0.00732931075617671,0.048333682119846344,0.010061218403279781,0.01212703250348568,0.0033534879330545664,0.03518783673644066,0.0075911167077720165,0.21829642355442047,0.005094061139971018,0.0008026968571357429,0.007161624263972044,0.14790372550487518,0.3675917983055115,0.405356228351593,0.07863018661737442,0.013856159523129463,0.0022233687341213226,0.03384868800640106,0.025199566036462784,0.00680023618042469,0.003309787716716528,0.005833539180457592,0.004860185086727142,0.009560024365782738,0.00075890077278018,0.011006071232259274,0.05078316852450371,0.012476284988224506,0.003766342531889677,0.0012737598735839128,0.00032817956525832415,0.02834254689514637,0.005795114208012819,0.0404503308236599,0.002452071523293853,0.0009480039589107037,0.03582034260034561,0.06349430978298187,0.007063639350235462,0.005359944421797991,0.06444354355335236,0.27164795994758606,0.01422849204391241,0.021977005526423454,0.008073202334344387,0.005744370631873608,,,,,,,,,,,,,,,
unknown,猫,4,5,7.62,8.12,0.90771484,,0.0031703892163932323,0.0017560727428644896,0.0036352300085127354,0.0313027985394001,0.09646019339561462,0.21148571372032166,0.03656129166483879,0.005955937318503857,0.053221847862005234,0.034228455275297165,0.021680684760212898,0.007294171489775181,0.04419123753905296,0.013021991588175297,0.08285126090049744,0.004327586852014065,0.001199785154312849,0.0072970204055309296,0.12002073973417282,0.17628680169582367,0.12806902825832367,0.15639039874076843,0.01654592528939247,0.0016003274358808994,0.024346008896827698,0.05191178247332573,0.008614152669906616,0.003820300567895174,0.0025221125688403845,0.006208471953868866,0.03142460808157921,0.0005761742359027267,0.01027942169457674,0.04727346450090408,0.019185904413461685,0.003209133865311742,0.0013894670410081744,0.0007499643252231181,0.07015054672956467,0.002885842463001609,0.04749299958348274,0.0029739374294877052,0.0007335123373195529,0.0777488499879837,0.06294240057468414,0.004483858589082956,0.002109155058860779,0.039125919342041016,0.19895265996456146,0.008905264548957348,0.0468965508043766,0.02214982733130455,0.0032869852147996426,,,,,,,,,,,,,,,
unknown,海,6,7,13.792319,14.292319,0.8432617,,0.0036919654812663794,0.002157642040401697,0.0071925632655620575,0.025647176429629326,0.04688999429345131,0.09629429131746292,0.04366457834839821,0.00855616107583046,0.04904676228761673,0.014957239851355553,0.025101395323872566,0.0044155544601380825,0.024383481591939926,0.016331937164068222,0.0420355424284935,0.00461495341733098,0.001228547072969377,0.00384337967261672,0.1523526906967163,0.10579194128513336,0.08702779561281204,0.1897735595703125,0.009744243696331978,0.002066862303763628,0.034013863652944565,0.09944924712181091,0.007793111260980368,0.005001242738217115,0.0026025488041341305,0.006274881307035685,0.0393257699906826,0.0007566178683191538,0.0191302839666605,0.06817041337490082,0.018836073577404022,0.003926977980881929,0.0016173517797142267,0.001950647565536201,0.10784459859132767,0.0026272134855389595,0.05725478380918503,0.004113038070499897,0.0009887253399938345,0.20609058439731598,0.03925154358148575,0.004523093346506357,0.0018527536885812879,0.061806369572877884,0.20163673162460327,0.008509498089551926,0.08293186873197556,0.01104099303483963,0.0028138107154518366,,,,,,,,,,,,,,,
unknown,選,8,9,20.022923,20.3025,0.9941406,,0.0024005151353776455,0.0016502139624208212,0.0030163247138261795,0.03794452175498009,0.07191981375217438,0.1555081158876419,0.08487224578857422,0.0043257661163806915,0.07194425165653229,0.010411138646304607,0.016798807308077812,0.00363263301551342,0.026357099413871765,0.018741294741630554,0.06972438842058182,0.004059214144945145,0.0011605618055909872,0.003979718312621117,0.1688005030155182,0.1461542397737503,0.11270120739936829,0.2454104870557785,0.017095213755965233,0.0012220846256241202,0.06680627167224884,0.12278161197900772,0.005973891355097294,0.0026913664769381285,0.002540240064263344,0.0048249829560518265,0.06332356482744217,0.0009211857104673982,0.04263058677315712,0.08089545369148254,0.013025199994444847,0.0032386004459112883,0.002069650450721383,0.002174678724259138,0.12233652174472809,0.0032245691400021315,0.0651545599102974,0.005156496074050665,0.0008053853525780141,0.2090919464826584,0.06863273680210114,0.0043034423142671585,0.0011342589277774096,0.09546546638011932,0.19485999643802643,0.006078418344259262,0.10875803977251053,0.01396245788782835,0.002523777075111866,,,,,,,,,,,,,,,
unknown,挙,10,11,20.3025,20.8025,0.9926758,,0.0025295282248407602,0.001977410400286317,0.003732533659785986,0.04812338948249817,0.06395305693149567,0.17589063942432404,0.11320916563272476,0.004887301940470934,0.07842704653739929,0.01358953956514597,0.01479893084615469,0.004130841698497534,0.02655523456633091,0.025487136095762253,0.07615546137094498,0.004361407365649939,0.0020632443483918905,0.00367551576346159,0.20218989253044128,0.16814103722572327,0.13411815464496613,0.25751206278800964,0.02238989807665348,0.001583899836987257,0.0738249272108078,0.11715789884328842,0.007370675913989544,0.0034815745893865824,0.0034633667673915625,0.007353031076490879,0.079703688621521,0.000976345909293741,0.04066557064652443,0.09294837713241577,0.015183177776634693,0.0041740648448467255,0.002427505562081933,0.004369338508695364,0.12373416125774384,0.002759108552709222,0.08284204453229904,0.006432846188545227,0.001229124958626926,0.21176458895206451,0.06573712825775146,0.0049192593432962894,0.0018826386658474803,0.09513406455516815,0.21510103344917297,0.007891369052231312,0.09676728397607803,0.01595967449247837,0.002411386463791132,,,,,,,,,,,,,,,
unknown,人,12,13,25.830002,26.330002,0.9819336,,0.002624885644763708,0.00184639822691679,0.003014098387211561,0.04684534668922424,0.0596931129693985,0.17748317122459412,0.10423769056797028,0.004202751908451319,0.08711868524551392,0.01700933463871479,0.01749924011528492,0.006261351518332958,0.042225584387779236,0.0383102111518383,0.07473984360694885,0.004238730762153864,0.0023996818345040083,0.00497425626963377,0.18992391228675842,0.1529168039560318,0.10032092779874802,0.22580863535404205,0.031553249806165695,0.0011819034116342664,0.08375783264636993,0.11201127618551254,0.0060135964304208755,0.0037068871315568686,0.003438858548179269,0.005053357221186161,0.06592164933681488,0.0010500774951651692,0.044907096773386,0.06418383121490479,0.018987270072102547,0.003088113386183977,0.002447029808536172,0.007066882681101561,0.1144832968711853,0.003201696090400219,0.09370048344135284,0.006119208876043558,0.0014756929595023394,0.1920979768037796,0.0664496049284935,0.004769460763782263,0.0023163820151239634,0.10177572071552277,0.16982154548168182,0.006748262792825699,0.0931357741355896,0.02158462442457676,0.0026744850911200047,,,,,,,,,,,,,,,
unknown,辛,14,15,32.47,32.71,0.875,,0.0025032670237123966,0.001924752607010305,0.0025794105604290962,0.03751614689826965,0.11173108220100403,0.2710861265659332,0.0812695324420929,0.003929816652089357,0.08167979121208191,0.015464571304619312,0.010605338960886002,0.004571122117340565,0.04225599020719528,0.023576676845550537,0.08749087154865265,0.0035011451691389084,0.0023681852035224438,0.00543690612539649,0.21469871699810028,0.17101378738880157,0.11798002570867538,0.22349371016025543,0.022889401763677597,0.0011782541405409575,0.082327701151371,0.07967457175254822,0.006514519453048706,0.003093046834692359,0.0038067330606281757,0.005449375137686729,0.04008249565958977,0.0009978637099266052,0.04204767569899559,0.05134778097271919,0.013590059243142605,0.003189055947586894,0.0022866472136229277,0.0048913853242993355,0.11713819950819016,0.0036182100884616375,0.07955147325992584,0.004503530450165272,0.0012773824855685234,0.17006263136863708,0.057203102856874466,0.004320892971009016,0.0021665836684405804,0.09571406245231628,0.18911318480968475,0.007487030699849129,0.05832234397530556,0.020178157836198807,0.0027794730849564075,,,,,,,,,,,,,,,
unknown,い,16,17,32.71,33.21,0.99121094,,0.00235928688198328,0.0018045541364699602,0.0025348071940243244,0.034219637513160706,0.10925605893135071,0.28535518050193787,0.10222836583852768,0.003693247679620981,0.08079563081264496,0.01680574379861355,0.008656437508761883,0.00427097687497735,0.04025500640273094,0.024551693350076675,0.08813885599374771,0.003260116558521986,0.0021853563375771046,0.005263299215584993,0.24047189950942993,0.17238086462020874,0.12341684848070145,0.27088043093681335,0.02616753615438938,0.0011213748948648572,0.08803397417068481,0.07692919671535492,0.006027433089911938,0.0030023555736988783,0.0036327792331576347,0.005110832396894693,0.047060027718544006,0.0009635158348828554,0.041624195873737335,0.05067525804042816,0.01051349751651287,0.003026033518835902,0.0021912353113293648,0.004966734442859888,0.1436932533979416,0.00352089898660779,0.07995624095201492,0.0042180404998362064,0.0011720545589923859,0.20931024849414825,0.05306784063577652,0.0038010310381650925,0.0018357742810621858,0.10456401854753494,0.17200665175914764,0.006009208038449287,0.050905659794807434,0.032067619264125824,0.002564030233770609,,,,,,,,,,,,,,,
unknown,子,18,19,38.27,38.43,0.9692383,,0.0028445643838495016,0.0026393351145088673,0.0028835521079599857,0.0399368479847908,0.10999816656112671,0.2604987323284149,0.09330511838197708,0.004305913578718901,0.08910638093948364,0.013370843604207039,0.008751322515308857,0.004903790075331926,0.044549208134412766,0.025134263560175896,0.08321423083543777,0.003871674882248044,0.0032922395039349794,0.007262012455612421,0.22407206892967224,0.15168695151805878,0.11988227814435959,0.25188666582107544,0.02417568862438202,0.0016285441815853119,0.11717558652162552,0.07224370539188385,0.007231839466840029,0.0039407117292284966,0.004258268978446722,0.00621083052828908,0.04303572326898575,0.0011511645279824734,0.07109261304140091,0.050934500992298126,0.011117616668343544,0.003906829282641411,0.003408347722142935,0.007281120400875807,0.14262792468070984,0.0060546789318323135,0.07867947965860367,0.004054854158312082,0.0016911537386476994,0.19411227107048035,0.05217040702700615,0.0048309192061424255,0.0028953510336577892,0.1450212299823761,0.15282775461673737,0.006533802021294832,0.04836612567305565,0.028254825621843338,0.0037325264420360327,,,,,,,,,,,,,,,
unknown,供,20,21,38.43,38.93,0.890625,,0.0019561543595045805,0.0017915925709530711,0.0024953519459813833,0.0375077947974205,0.11382929980754852,0.2958291172981262,0.0852719321846962,0.0035094416234642267,0.08014427125453949,0.015782147645950317,0.006942414212971926,0.004115926567465067,0.0413825660943985,0.02038596197962761,0.09221752732992172,0.003619654104113579,0.002460348652675748,0.005882452242076397,0.2502562701702118,0.16101686656475067,0.15645445883274078,0.2648325264453888,0.02209036611020565,0.001432845601812005,0.11844298243522644,0.05395175889134407,0.006347626447677612,0.0031058909371495247,0.0029926535207778215,0.005569770932197571,0.03709764778614044,0.0011063828133046627,0.07171712070703506,0.05354970321059227,0.00778327789157629,0.0034031360410153866,0.002284384099766612,0.005805167835205793,0.15247011184692383,0.005480617750436068,0.07015828043222427,0.0038661311846226454,0.0009150124387815595,0.19518253207206726,0.060060713440179825,0.004433250054717064,0.001679554465226829,0.152332603931427,0.16194123029708862,0.005741930566728115,0.033644940704107285,0.04239628091454506,0.0035984658170491457,,,,,,,,,,,,,,,
unknown,大,22,23,44.685,44.925,0.97802734,,0.002006133319810033,0.0017656702548265457,0.0023729405365884304,0.04358207806944847,0.11647048592567444,0.32541707158088684,0.11567549407482147,0.004113791510462761,0.07239311188459396,0.016900556161999702,0.005522899329662323,0.004149673040956259,0.03472287580370903,0.017232758924365044,0.08661849051713943,0.0033911867067217827,0.0016805316554382443,0.006677279248833656,0.24896083772182465,0.15244285762310028,0.14224869012832642,0.33861738443374634,0.02033931203186512,0.0018057870911434293,0.10845720022916794,0.053978271782398224,0.008580483496189117,0.0030420098919421434,0.0024903053417801857,0.008534005843102932,0.05313030630350113,0.0012430535862222314,0.05477309972047806,0.06185800954699516,0.006206194404512644,0.004369767382740974,0.0020376553293317556,0.004567993339151144,0.16644294559955597,0.005570218898355961,0.06374137848615646,0.004747980739921331,0.0007052599103190005,0.21804070472717285,0.07182352989912033,0.004203041549772024,0.0011840744409710169,0.1265728771686554,0.1705554723739624,0.005998493637889624,0.03248686343431473,0.07139839231967926,0.004134318791329861,,,,,,,,,,,,,,,
unknown,事,24,25,44.925,45.425,0.9946289,,0.002038436010479927,0.0020148681942373514,0.0027148425579071045,0.034482114017009735,0.12111427634954453,0.34074482321739197,0.084271140396595,0.0038535387720912695,0.07092751562595367,0.023416372016072273,0.006279704160988331,0.003794336225837469,0.039421893656253815,0.01842592842876911,0.09456803649663925,0.003369329497218132,0.002084463369101286,0.005405965261161327,0.2807745337486267,0.17329931259155273,0.15485909581184387,0.2647925615310669,0.02009289152920246,0.001516661373898387,0.10254690796136856,0.04250883311033249,0.006797999609261751,0.0033904637675732374,0.003289869287982583,0.006631233263760805,0.03298373892903328,0.000917563505936414,0.053870394825935364,0.04501471668481827,0.006527425721287727,0.003828813787549734,0.0022799610160291195,0.006126780994236469,0.12198236584663391,0.004897473379969597,0.06144469976425171,0.0032513588666915894,0.0009393568034283817,0.21771374344825745,0.05011473596096039,0.0036897265817970037,0.0016340645961463451,0.13631561398506165,0.1476033627986908,0.004949117079377174,0.026437480002641678,0.05864021182060242,0.0031569877173751593,,,,,,,,,,,,,,,
unknown,細,26,27,50.405,50.565,0.9838867,,0.0023724704515188932,0.0022153561003506184,0.002995103830471635,0.042679015547037125,0.11326975375413895,0.33724066615104675,0.10149583220481873,0.00387066463008523,0.07692739367485046,0.027610287070274353,0.008524538017809391,0.006515779532492161,0.0464106947183609,0.02507854625582695,0.09495634585618973,0.004022417590022087,0.0030453267972916365,0.008044066838920116,0.2425031065940857,0.17139942944049835,0.13690750300884247,0.2486935555934906,0.026060009375214577,0.0015560786705464125,0.09798777103424072,0.03957827016711235,0.00903268251568079,0.0038773776032030582,0.0035629579797387123,0.008623036555945873,0.043945424258708954,0.0011228583753108978,0.05155593156814575,0.04695442318916321,0.010831841267645359,0.0042157662101089954,0.0024453899823129177,0.007926933467388153,0.0983094647526741,0.005592947825789452,0.06777267158031464,0.003873009467497468,0.001069162623025477,0.17286553978919983,0.05865722894668579,0.004712691996246576,0.001974155195057392,0.11791271716356277,0.14117936789989471,0.005976218730211258,0.026441071182489395,0.05095363408327103,0.0037300693802535534,,,,,,,,,,,,,,,
unknown,い,28,29,50.565,51.065,0.9951172,,0.003461396088823676,0.0035846089012920856,0.004073712974786758,0.044424671679735184,0.09538669139146805,0.3192744255065918,0.09346961975097656,0.0052060713060200214,0.06881044805049896,0.03338465094566345,0.010247418656945229,0.007790773641318083,0.05117012560367584,0.026573995128273964,0.07914535701274872,0.005682908929884434,0.004074151627719402,0.009046811610460281,0.25063976645469666,0.1421044021844864,0.10413701832294464,0.23590613901615143,0.023849517107009888,0.0021602141205221415,0.08365879207849503,0.03730091452598572,0.012818071991205215,0.005023533012717962,0.0036378956865519285,0.012854432687163353,0.03824186325073242,0.0019096927717328072,0.05200916528701782,0.03862231597304344,0.013356462121009827,0.006599904969334602,0.003879958763718605,0.011435252614319324,0.09739713370800018,0.00738569488748908,0.06975100189447403,0.004867251496762037,0.0013158784713596106,0.1948113590478897,0.05779297649860382,0.006595288403332233,0.0020042245741933584,0.10551848262548447,0.144125834107399,0.008151287212967873,0.02567771077156067,0.0563281774520874,0.004825594834983349,,,,,,,,,,,,,,,
unknown,心,30,31,56.179756,56.679756,0.99609375,,0.011736185289919376,0.016345670446753502,0.009084689430892467,0.05492081865668297,0.05304431542754173,0.21223817765712738,0.11032209545373917,0.013157191686332226,0.05182709917426109,0.032204870134592056,0.015286936424672604,0.015346672385931015,0.05272714048624039,0.033764880150556564,0.04680684953927994,0.013350127264857292,0.007825929671525955,0.018374241888523102,0.17351163923740387,0.07534009218215942,0.044096484780311584,0.2355857640504837,0.018955042585730553,0.006842880975455046,0.053078487515449524,0.05930451676249504,0.04251131787896156,0.011593872681260109,0.0032190941274166107,0.046178460121154785,0.044088076800107956,0.009254351258277893,0.05011280998587608,0.0315953753888607,0.025746095925569534,0.02449527010321617,0.01970379240810871,0.02876633033156395,0.10835915058851242,0.015432666055858135,0.07750000059604645,0.012999814003705978,0.0036455094814300537,0.21319113671779633,0.05222836509346962,0.01658039726316929,0.003166272072121501,0.06721574068069458,0.1216684877872467,0.01928122527897358,0.04337040334939957,0.06608635187149048,0.011311553418636322,,,,,,,,,,,,,,,
unknown,神,32,33,61.696228,62.196228,0.8461914,,0.02604369819164276,0.03500790894031525,0.010769134387373924,0.0473225936293602,0.06310397386550903,0.20778299868106842,0.06797187030315399,0.02812912128865719,0.034438446164131165,0.030973738059401512,0.014157316647469997,0.011992368847131729,0.04944342374801636,0.033207181841135025,0.05468011647462845,0.019899092614650726,0.009336257353425026,0.018673378974199295,0.20767974853515625,0.07317694276571274,0.03672328218817711,0.17103174328804016,0.01469030138105154,0.01062636636197567,0.03213230520486832,0.05102168023586273,0.07558199763298035,0.015908295288681984,0.0048948596231639385,0.08630818873643875,0.02419605292379856,0.028797075152397156,0.040702935308218,0.020928774029016495,0.03161830082535744,0.044881511479616165,0.027058159932494164,0.029915740713477135,0.06859718263149261,0.023784078657627106,0.07054419815540314,0.01641910895705223,0.003097844310104847,0.25741520524024963,0.06672391295433044,0.024416573345661163,0.001989813521504402,0.05173815041780472,0.13385330140590668,0.03154049813747406,0.0424974150955677,0.04506627097725868,0.017102612182497978,,,,,,,,,,,,,,,
unknown,大,34,35,68.29201,68.53185,0.93847656,,0.01596921682357788,0.019902940839529037,0.00713368970900774,0.024625808000564575,0.06931231170892715,0.17317397892475128,0.06753649562597275,0.018728800117969513,0.02162962779402733,0.02739366702735424,0.008375480771064758,0.007065133191645145,0.04152233153581619,0.029003413394093513,0.051930736750364304,0.00818027276545763,0.004262248054146767,0.011418639682233334,0.23640477657318115,0.07682638615369797,0.03631618991494179,0.266110360622406,0.010694180615246296,0.004673549439758062,0.022011656314134598,0.08632417023181915,0.03235282003879547,0.010390314273536205,0.0029235603287816048,0.030552783980965614,0.025439998134970665,0.010925374925136566,0.03334055840969086,0.025643719360232353,0.017877528443932533,0.015100369229912758,0.015746289864182472,0.022389324381947517,0.11178843677043915,0.013247550465166569,0.04396364837884903,0.006113079376518726,0.0013602821854874492,0.5421523451805115,0.052538979798555374,0.008030609227716923,0.0007319728611037135,0.050988081842660904,0.10227318108081818,0.007440471090376377,0.06439399719238281,0.06204597279429436,0.007721735630184412,,,,,,,,,,,,,,,
unknown,事,36,37,68.53185,69.03185,0.9135742,,0.01657426916062832,0.019678985700011253,0.007705290336161852,0.041648659855127335,0.06231085956096649,0.16972170770168304,0.06284093856811523,0.022542137652635574,0.030752720311284065,0.028700286522507668,0.011596066877245903,0.010821901261806488,0.046949177980422974,0.02915951982140541,0.0467967763543129,0.011996438726782799,0.004891403950750828,0.01915031485259533,0.18322335183620453,0.06481894850730896,0.033451057970523834,0.18095694482326508,0.012678842060267925,0.008594694547355175,0.028017845004796982,0.05380159243941307,0.0624467097222805,0.012683713808655739,0.0035814542789012194,0.07502636313438416,0.025531768798828125,0.009456741623580456,0.02938108891248703,0.022998658940196037,0.028438201174139977,0.028495581820607185,0.01370240282267332,0.01803668960928917,0.06940291821956635,0.02294633351266384,0.054709870368242264,0.008442483842372894,0.001921197515912354,0.287340372800827,0.05778700113296509,0.014586897566914558,0.0015016054967418313,0.04736912623047829,0.12236746400594711,0.01906891167163849,0.04162432253360748,0.04204457625746727,0.015585183165967464,,,,,,,,,,,,,,,
unknown,は,38,39,73.385,73.585,0.69091797,,0.01705039292573929,0.022244786843657494,0.009219526313245296,0.047269806265830994,0.053018733859062195,0.1593552678823471,0.05952587351202965,0.02520778775215149,0.03441688045859337,0.0342569425702095,0.0151234595105052,0.013055146671831608,0.05120643228292465,0.031138669699430466,0.04318086430430412,0.01473492942750454,0.006403137464076281,0.020169606432318687,0.16304205358028412,0.05670889839529991,0.03231947124004364,0.16311495006084442,0.012662338092923164,0.011152924038469791,0.03015289641916752,0.050640981644392014,0.07307633757591248,0.015651097521185875,0.003632080042734742,0.08832888305187225,0.02343612350523472,0.01139637641608715,0.0341176800429821,0.021347690373659134,0.03520996868610382,0.0354733020067215,0.01594598777592182,0.018341872841119766,0.06297850608825684,0.023069975897669792,0.057065725326538086,0.008989018388092518,0.0024958110880106688,0.22829872369766235,0.053257253021001816,0.017533021047711372,0.002143941354006529,0.048277854919433594,0.11451061815023422,0.023064881563186646,0.039013322442770004,0.05181926116347313,0.016427863389253616,,,,,,,,,,,,,,,
unknown,針,40,41,73.585,74.085,0.43359375,,0.015515007078647614,0.016047053039073944,0.012452157214283943,0.06520646065473557,0.06180854141712189,0.13944317400455475,0.052001629024744034,0.02506115473806858,0.03672649338841438,0.014755196869373322,0.009112759493291378,0.013051149435341358,0.06653980910778046,0.0344846211373806,0.048895370215177536,0.011495338752865791,0.011412725783884525,0.02178429439663887,0.16332252323627472,0.0760059505701065,0.05498681217432022,0.1837184876203537,0.013039065524935722,0.014507533982396126,0.03808261454105377,0.06443369388580322,0.07775062322616577,0.017355885356664658,0.0040236045606434345,0.07741785794496536,0.031215080991387367,0.008229514583945274,0.04814472049474716,0.04749378189444542,0.04302317649126053,0.025267397984862328,0.008972213603556156,0.014277417212724686,0.08659455180168152,0.022394707426428795,0.06166205555200577,0.0069852182641625404,0.0016740121645852923,0.17337603867053986,0.06880596280097961,0.01953980326652527,0.002762273885309696,0.06070670112967491,0.14997060596942902,0.024996237829327583,0.04450056701898575,0.02228577248752117,0.019107772037386894,,,,,,,,,,,,,,,
unknown,高,42,43,80.785,81.065,0.8701172,,0.015712689608335495,0.012837747111916542,0.01304177287966013,0.07394318282604218,0.05529314652085304,0.1752575933933258,0.042839571833610535,0.023172268643975258,0.04520341753959656,0.02766038477420807,0.013170667923986912,0.014828567393124104,0.07297057658433914,0.035184506326913834,0.05755768343806267,0.013484969735145569,0.007893314585089684,0.01929810643196106,0.2058587670326233,0.10511844605207443,0.0639737993478775,0.13403142988681793,0.01714303344488144,0.010148526169359684,0.042683493345975876,0.042313918471336365,0.07312685996294022,0.014688747003674507,0.004888584837317467,0.07658910006284714,0.023170845583081245,0.006438882555812597,0.036352504044771194,0.03429406136274338,0.051235996186733246,0.02323053777217865,0.005811889655888081,0.013245164416730404,0.049407150596380234,0.023185567930340767,0.06620737910270691,0.007349060848355293,0.0012745221611112356,0.15543566644191742,0.07639150321483612,0.021765783429145813,0.002647802699357271,0.06200993061065674,0.18193985521793365,0.03071390651166439,0.03389710932970047,0.024645037949085236,0.018364660441875458,,,,,,,,,,,,,,,
unknown,い,44,45,81.065,81.565,0.8964844,,0.020326042547822,0.01665157452225685,0.015739955008029938,0.07369980961084366,0.0416688546538353,0.14457471668720245,0.044573429971933365,0.028389258310198784,0.04196789860725403,0.031639210879802704,0.01674976386129856,0.019655389711260796,0.08230233192443848,0.04256909713149071,0.04690917581319809,0.01836232841014862,0.009875829331576824,0.025678513571619987,0.17839692533016205,0.07983100414276123,0.043625473976135254,0.1224244236946106,0.018796227872371674,0.014035464264452457,0.03358929976820946,0.042241234332323074,0.1013723611831665,0.018633555620908737,0.004907737951725721,0.10821595788002014,0.02292070910334587,0.008517357520759106,0.03050217591226101,0.026647713035345078,0.0651029571890831,0.03227726370096207,0.007530734874308109,0.015570719726383686,0.047870174050331116,0.03016474097967148,0.06990780681371689,0.009679499082267284,0.0016071801073849201,0.1510116159915924,0.0686836913228035,0.029307657852768898,0.003007493680343032,0.04959842935204506,0.16051536798477173,0.03851445019245148,0.03429179638624191,0.027203144505620003,0.025365781038999557,,,,,,,,,,,,,,,
unknown,s,46,47,88.35379,88.85379,0.5498047,,0.019396258518099785,0.0144934868440032,0.016000835224986076,0.08605728298425674,0.05196724832057953,0.17444568872451782,0.03676480054855347,0.026579761877655983,0.03664721921086311,0.03296065703034401,0.013229203410446644,0.017315559089183807,0.06950925290584564,0.030329730361700058,0.05311502143740654,0.017204323783516884,0.008208763785660267,0.025262750685214996,0.16719366610050201,0.08816459029912949,0.04992015287280083,0.11160742491483688,0.014633077196776867,0.014685463160276413,0.029617710039019585,0.02961045317351818,0.10589256137609482,0.01594606041908264,0.005088276229798794,0.12007793039083481,0.019866975024342537,0.0066039287485182285,0.019245721399784088,0.026641083881258965,0.054339565336704254,0.033296387642621994,0.005681195762008429,0.012741065584123135,0.042261313647031784,0.035637788474559784,0.05888371914625168,0.008705124258995056,0.0012327269650995731,0.12088201195001602,0.07890164852142334,0.03069603629410267,0.002882392378523946,0.03989927098155022,0.1589348465204239,0.03885292261838913,0.023143205791711807,0.02423236332833767,0.03042076900601387,,,,,,,,,,,,,,,
unknown,p,48,49,91.38953,91.42947,0.7705078,,0.014410297386348248,0.012598884291946888,0.014493059366941452,0.10782845318317413,0.060595035552978516,0.1689285933971405,0.04253767058253288,0.02162068895995617,0.030355922877788544,0.02604156732559204,0.007990303449332714,0.014188527129590511,0.05600771680474281,0.020514419302344322,0.054022714495658875,0.014871426858007908,0.011661503463983536,0.027529271319508553,0.12440448254346848,0.07137424498796463,0.05315301939845085,0.12287017703056335,0.01223962102085352,0.024894848465919495,0.025737358257174492,0.019426776096224785,0.11941812187433243,0.015311072580516338,0.004745530895888805,0.16168701648712158,0.024211879819631577,0.005308409221470356,0.015420282259583473,0.030100567266345024,0.038646433502435684,0.04080083966255188,0.0054789260029792786,0.007977987639605999,0.04412895068526268,0.0346052348613739,0.04232398793101311,0.007771264296025038,0.001312390435487032,0.07915668934583664,0.09111557900905609,0.030345290899276733,0.00408591702580452,0.032617274671792984,0.1187375858426094,0.032134585082530975,0.014012216590344906,0.0253195371478796,0.03608308732509613,,,,,,,,,,,,,,,
unknown,e,50,51,91.42947,91.5493,0.7739258,,0.026139836758375168,0.01989341899752617,0.02011120691895485,0.1070442646741867,0.05134449899196625,0.14436182379722595,0.029867978766560555,0.03925265744328499,0.02586926519870758,0.028335334733128548,0.010375099256634712,0.01594489999115467,0.06741852313280106,0.02429538033902645,0.0535556860268116,0.018751179799437523,0.00994099397212267,0.023349175229668617,0.11421992629766464,0.06989109516143799,0.04776209592819214,0.09258010983467102,0.011009142734110355,0.029523305594921112,0.01962602324783802,0.019589612260460854,0.13142375648021698,0.022666819393634796,0.00516158901154995,0.17075280845165253,0.0186472125351429,0.00827813521027565,0.011149891652166843,0.027552558109164238,0.05023597925901413,0.050188783556222916,0.006665934342890978,0.009916970506310463,0.03642820566892624,0.039165690541267395,0.042737655341625214,0.009061913937330246,0.0013926987303420901,0.07222266495227814,0.09560241550207138,0.037454754114151,0.0036499882116913795,0.02607131376862526,0.12172278016805649,0.04608834907412529,0.014871900901198387,0.022170156240463257,0.04221575707197189,,,,,,,,,,,,,,,
unknown,n,52,53,91.5493,91.749016,0.7680664,,0.016123266890645027,0.014411402866244316,0.015268613584339619,0.08997433632612228,0.05766639485955238,0.16349802911281586,0.050234150141477585,0.025938162580132484,0.026892060413956642,0.029995637014508247,0.010861973278224468,0.017763474956154823,0.057169605046510696,0.023886727169156075,0.050789061933755875,0.0192307960242033,0.009934422560036182,0.02964131534099579,0.12813875079154968,0.06430298089981079,0.04625716060400009,0.14129991829395294,0.01148797944188118,0.02612176351249218,0.022627515718340874,0.02163408324122429,0.11440674960613251,0.018086669966578484,0.003653618972748518,0.1577608585357666,0.02912716381251812,0.00780989695340395,0.014934022910892963,0.032505396753549576,0.03780048340559006,0.04313681274652481,0.006675439421087503,0.009872538037598133,0.053629320114851,0.03812263160943985,0.043856874108314514,0.011192924343049526,0.0013632681220769882,0.1023930162191391,0.07928448915481567,0.035574864596128464,0.003179493360221386,0.030422398820519447,0.11778439581394196,0.032303906977176666,0.014830985106527805,0.03379257768392563,0.04125741124153137,,,,,,,,,,,,,,,
unknown,t,54,55,91.749016,92.249016,0.7680664,,0.01071764063090086,0.008099483326077461,0.011907578445971012,0.07111146301031113,0.07857351750135422,0.20836041867733002,0.06698671728372574,0.017986394464969635,0.023871295154094696,0.027328085154294968,0.010690001770853996,0.02015186846256256,0.04964292794466019,0.025108998641371727,0.061348918825387955,0.017787670716643333,0.01033465564250946,0.039899054914712906,0.15568120777606964,0.0750834196805954,0.05387603119015694,0.18046934902668,0.0133975176140666,0.020053429529070854,0.020251236855983734,0.023346874862909317,0.10045148432254791,0.01304850447922945,0.003786073997616768,0.12847855687141418,0.038577646017074585,0.0070327757857739925,0.01625853218138218,0.037422601133584976,0.031124696135520935,0.029062863439321518,0.003951482940465212,0.006386999972164631,0.06804823875427246,0.035031091421842575,0.042849380522966385,0.013453342951834202,0.000866928428877145,0.11197738349437714,0.09122175723314285,0.03359696641564369,0.002322895685210824,0.03165647014975548,0.12041482329368591,0.02371864765882492,0.015866830945014954,0.04143928363919258,0.0428495816886425,,,,,,,,,,,,,,,
unknown,る,56,57,98.75366,99.25366,0.71777344,,0.030317310243844986,0.020007075741887093,0.030039604753255844,0.10004792362451553,0.030917145311832428,0.15544161200523376,0.04774075001478195,0.039538659155368805,0.027776770293712616,0.041260797530412674,0.0180478785187006,0.033561766147613525,0.059331849217414856,0.04913114756345749,0.06611673533916473,0.030440716072916985,0.0115849943831563,0.04345197603106499,0.11715370416641235,0.07558577507734299,0.04120193421840668,0.09395810216665268,0.020278004929423332,0.02461126819252968,0.02168283611536026,0.01994657702744007,0.11570911109447479,0.03150488808751106,0.006745444610714912,0.11765638738870621,0.024653872475028038,0.013302929699420929,0.013817464001476765,0.01841161958873272,0.041543345898389816,0.03988916054368019,0.007608920335769653,0.009012164548039436,0.03503427654504776,0.05684773996472359,0.05579120293259621,0.015212207101285458,0.001704852911643684,0.07215471565723419,0.1347987949848175,0.05120079219341278,0.00418545538559556,0.03423197194933891,0.06543567031621933,0.02791811339557171,0.015733862295746803,0.06564666330814362,0.053127508610486984,,,,,,,,,,,,,,,
unknown,洗,58,59,103.54255,103.782,0.9580078,,0.054697249084711075,0.038137126713991165,0.0541679784655571,0.14813609421253204,0.012342648580670357,0.07764148712158203,0.026869377121329308,0.06293436884880066,0.024151522666215897,0.02094019576907158,0.022707423195242882,0.033849917352199554,0.04393286630511284,0.041732363402843475,0.03740310296416283,0.060403548181056976,0.02543315850198269,0.046061888337135315,0.067326121032238,0.04062853381037712,0.03019086830317974,0.04639579728245735,0.012111877091228962,0.05689575895667076,0.021238241344690323,0.015248832292854786,0.21760135889053345,0.04262016341090202,0.006111519411206245,0.23053236305713654,0.014433425851166248,0.029299328103661537,0.013837246224284172,0.013893400318920612,0.07379711419343948,0.09735763818025589,0.014713001437485218,0.013202609494328499,0.01892051473259926,0.09584811329841614,0.06744389981031418,0.034625809639692307,0.0026589033659547567,0.03394383192062378,0.11193867772817612,0.13866987824440002,0.008895378559827805,0.025984207168221474,0.06820302456617355,0.09205170720815659,0.014075844548642635,0.02509942092001438,0.0988600105047226,,,,,,,,,,,,,,,
unknown,濯,60,61,103.782,104.10125,0.9814453,,0.09196987003087997,0.05515624210238457,0.09136513620615005,0.09983719885349274,0.009203029796481133,0.05929553881287575,0.013505260460078716,0.11818435788154602,0.01595555804669857,0.0139060253277421,0.026157798245549202,0.03627915680408478,0.05266778543591499,0.049717944115400314,0.030346589162945747,0.06388943642377853,0.0368368923664093,0.04887716844677925,0.05929885804653168,0.03256959840655327,0.0230829156935215,0.02517060749232769,0.009608405642211437,0.07004138082265854,0.012600823305547237,0.010158059187233448,0.2553905248641968,0.06944878399372101,0.008956155739724636,0.24105244874954224,0.006493377033621073,0.04406353458762169,0.009733472019433975,0.008184060454368591,0.10458835959434509,0.09976141899824142,0.012395505793392658,0.013344140723347664,0.008471734821796417,0.08136613667011261,0.06424417346715927,0.0353289395570755,0.002875635167583823,0.0230113435536623,0.06720242649316788,0.15500235557556152,0.011426779441535473,0.01749497838318348,0.06367652118206024,0.14580276608467102,0.010471916757524014,0.014113732613623142,0.1018557921051979,,,,,,,,,,,,,,,
unknown,機,62,63,104.10125,104.60125,0.98291016,,0.0915374755859375,0.057346127927303314,0.048539403825998306,0.10917730629444122,0.016358790919184685,0.07960842549800873,0.013126623816788197,0.10351017117500305,0.01298124622553587,0.015973981469869614,0.017683640122413635,0.02824002504348755,0.0373411700129509,0.032401274889707565,0.035494834184646606,0.07921702414751053,0.027048181742429733,0.06086620315909386,0.04823436960577965,0.021907728165388107,0.014142349362373352,0.022120120003819466,0.008022350259125233,0.10498663038015366,0.00976417027413845,0.006225300021469593,0.30883800983428955,0.0525575615465641,0.009627253748476505,0.3818102777004242,0.0052860495634377,0.05872826650738716,0.005079916212707758,0.004688904155045748,0.0742078647017479,0.17343787848949432,0.016835233196616173,0.010341960936784744,0.010577668435871601,0.13449698686599731,0.058943867683410645,0.047405678778886795,0.003714589402079582,0.015645470470190048,0.06933622062206268,0.2039228230714798,0.009722285903990269,0.010864597745239735,0.052333589643239975,0.18234600126743317,0.005557640455663204,0.017279909923672676,0.19518466293811798,,,,,,,,,,,,,,,
unknown,ハ,64,65,109.768105,109.887825,0.97753906,,0.0729040652513504,0.05348578840494156,0.06170747056603432,0.07605145871639252,0.018324321135878563,0.05115804448723793,0.01006417628377676,0.07816097885370255,0.00965156964957714,0.021630406379699707,0.015898659825325012,0.03787924349308014,0.029263241216540337,0.027977891266345978,0.052137501537799835,0.07300182431936264,0.02329023741185665,0.11591159552335739,0.02042645774781704,0.020342350006103516,0.013245171867311,0.016348110511898994,0.006014163605868816,0.09819653630256653,0.004736743867397308,0.0041243149898946285,0.4065439999103546,0.0553254596889019,0.007156741339713335,0.4147028923034668,0.004813459236174822,0.04610105976462364,0.0032897857017815113,0.004270420875400305,0.06735090166330338,0.1518547087907791,0.013108531944453716,0.009329344145953655,0.006482388824224472,0.2081524133682251,0.024080859497189522,0.015322424471378326,0.001879967632703483,0.011997935362160206,0.07277940213680267,0.1468757838010788,0.004428982734680176,0.007525814231485128,0.016927512362599373,0.0508430041372776,0.0036392330657690763,0.01635458506643772,0.2414374202489853,,,,,,,,,,,,,,,
unknown,ン,66,67,109.887825,110.00755,0.99609375,,0.0958360955119133,0.06037481501698494,0.06316057592630386,0.06747828423976898,0.019367709755897522,0.04823817312717438,0.011636911891400814,0.11027557402849197,0.011518264189362526,0.019350841641426086,0.021544424816966057,0.054499510675668716,0.04508242756128311,0.04433573782444,0.062337350100278854,0.07838499546051025,0.021006667986512184,0.1307344138622284,0.02314622700214386,0.029606621712446213,0.019865114241838455,0.01948307268321514,0.009758464060723782,0.08347687870264053,0.0061801462434232235,0.007971570827066898,0.3828956186771393,0.07219167053699493,0.0069593265652656555,0.3178153336048126,0.006496117915958166,0.06045476347208023,0.0059493593871593475,0.006824596785008907,0.08626837283372879,0.11404629796743393,0.013748572207987309,0.009488062933087349,0.006919402163475752,0.20483814179897308,0.03163192421197891,0.018498988822102547,0.001696470775641501,0.01261358242481947,0.07910580188035965,0.15233273804187775,0.004360267426818609,0.011708316393196583,0.024354079738259315,0.06548858433961868,0.007886724546551704,0.01726260408759117,0.24377629160881042,,,,,,,,,,,,,,,
unknown,カ,68,69,110.00755,110.167175,0.9975586,,0.06353718787431717,0.04280261695384979,0.04167741537094116,0.07200442999601364,0.07966093719005585,0.09345752000808716,0.01020016148686409,0.06635274738073349,0.012047999538481236,0.0146379629150033,0.012900962494313717,0.04274825006723404,0.046447232365608215,0.03188338875770569,0.11794767528772354,0.04227099195122719,0.034636177122592926,0.14134712517261505,0.029714275151491165,0.06361788511276245,0.05463529750704765,0.02693917416036129,0.008888659067451954,0.06808897107839584,0.007320566568523645,0.00667183194309473,0.29320111870765686,0.05336126685142517,0.010318799875676632,0.22025126218795776,0.007398592308163643,0.026032961905002594,0.006445665378123522,0.013389669358730316,0.0672890916466713,0.07267186790704727,0.009629746899008751,0.00886992271989584,0.008189939893782139,0.14420726895332336,0.027066363021731377,0.008154847659170628,0.0020307546947151423,0.01203177310526371,0.08537609130144119,0.09946887195110321,0.009020037949085236,0.015511909499764442,0.031433165073394775,0.04103654995560646,0.005886626895517111,0.009133508428931236,0.18320032954216003,,,,,,,,,,,,,,,
unknown,チ,70,71,110.167175,110.667175,0.99560547,,0.08502308279275894,0.06458771973848343,0.04575488343834877,0.09392980486154556,0.029540469869971275,0.06379704177379608,0.0087279649451375,0.0686899796128273,0.011077322997152805,0.011269059963524342,0.012604361400008202,0.03668086603283882,0.050871916115283966,0.03002271242439747,0.07116208225488663,0.05576872453093529,0.024982010945677757,0.10217355936765671,0.027328286319971085,0.04401371628046036,0.025812586769461632,0.01588084176182747,0.009442449547350407,0.06337595731019974,0.007028806488960981,0.005182638298720121,0.3737204670906067,0.046511825174093246,0.006236682180315256,0.3193931579589844,0.005031862761825323,0.03941776603460312,0.0060538481920957565,0.006686503998935223,0.08832298219203949,0.11199741810560226,0.01720947027206421,0.010010149329900742,0.004009418189525604,0.1718030422925949,0.03196457400918007,0.011443604715168476,0.0017632587114349008,0.009239421226084232,0.08300107717514038,0.13585519790649414,0.004882926121354103,0.011501656845211983,0.03312833979725838,0.0730522871017456,0.00593949668109417,0.004676788114011288,0.1855371594429016,,,,,,,,,,,,,,,
unknown,痛,72,73,128.075,128.27501,0.9921875,,0.06959491223096848,0.041262172162532806,0.08312084525823593,0.07020416110754013,0.011674018576741219,0.036951035261154175,0.0068992855958640575,0.067192442715168,0.011187116615474224,0.015163945965468884,0.02821076288819313,0.09453500062227249,0.07842829823493958,0.051660168915987015,0.03521916642785072,0.11287858337163925,0.03122456558048725,0.13570936024188995,0.011444895528256893,0.012307986617088318,0.008456881158053875,0.01210033055394888,0.0063324919901788235,0.0943671241402626,0.004715551156550646,0.006994285620748997,0.3873830735683441,0.06299389153718948,0.004314734134823084,0.2396165430545807,0.0025832601822912693,0.04726514220237732,0.004349566996097565,0.0030814153142273426,0.10192631185054779,0.13122382760047913,0.009924903512001038,0.012673480436205864,0.010610559023916721,0.24260687828063965,0.036679454147815704,0.01933007314801216,0.0011708135716617107,0.004867000039666891,0.03167397156357765,0.25732484459877014,0.00307754916138947,0.006263785529881716,0.016453325748443604,0.07194836437702179,0.006007172632962465,0.008678141050040722,0.31930938363075256,,,,,,,,,,,,,,,
unknown,い,74,75,128.27501,128.77501,0.9526367,,0.06996092200279236,0.03558092191815376,0.07544433325529099,0.07047772407531738,0.015829255804419518,0.04849870130419731,0.0072525134310126305,0.06453516334295273,0.012743519619107246,0.015591311268508434,0.028455404564738274,0.09220889210700989,0.0844382643699646,0.048124924302101135,0.04091329500079155,0.10759466141462326,0.026922613382339478,0.14156250655651093,0.012235649861395359,0.015040666796267033,0.01027635857462883,0.012029016390442848,0.007789551746100187,0.08830021321773529,0.004891542252153158,0.005809115245938301,0.3785475790500641,0.05826183408498764,0.005067744757980108,0.23766055703163147,0.002825483912602067,0.04132876917719841,0.0031083261128515005,0.003064812393859029,0.10347585380077362,0.12575994431972504,0.008084580302238464,0.00860261544585228,0.009466511197388172,0.23866315186023712,0.03427500277757645,0.02157268486917019,0.0013575325720012188,0.003954696469008923,0.03551527112722397,0.26129570603370667,0.004558289423584938,0.005770671647042036,0.019617611542344093,0.08770038187503815,0.005034121219068766,0.007448284421116114,0.3204149901866913,,,,,,,,,,,,,,,
unknown,読,76,77,133.435,133.63501,0.5996094,,0.060637444257736206,0.03300247713923454,0.0985291600227356,0.07569482922554016,0.010646253824234009,0.049502044916152954,0.013755586929619312,0.06041079759597778,0.0207794401794672,0.031138263642787933,0.05311204493045807,0.1404762864112854,0.1087401956319809,0.07926265150308609,0.03887898847460747,0.11101725697517395,0.030698824673891068,0.13643835484981537,0.01539991982281208,0.016707930713891983,0.009427571669220924,0.016993239521980286,0.013950989581644535,0.05884837731719017,0.007478916551917791,0.007042192853987217,0.2698119878768921,0.07783538103103638,0.005815044976770878,0.15955689549446106,0.005809206515550613,0.033854447305202484,0.0044957357458770275,0.003905950579792261,0.11758752912282944,0.09008985757827759,0.008175711147487164,0.00955982692539692,0.010353830642998219,0.16821156442165375,0.04602426290512085,0.0211726576089859,0.0019878530874848366,0.006601381115615368,0.04191860929131508,0.21384254097938538,0.005491550546139479,0.008507384918630123,0.019924083724617958,0.06410960853099823,0.00647286931052804,0.010393055155873299,0.19353586435317993,,,,,,,,,,,,,,,
unknown,む,78,79,133.63501,134.13501,0.6645508,,0.059893328696489334,0.029650427401065826,0.08599149435758591,0.06898606568574905,0.010472549125552177,0.039783939719200134,0.012642749585211277,0.055961575359106064,0.01973079703748226,0.025986062362790108,0.0661284476518631,0.15454420447349548,0.1287354975938797,0.09738963842391968,0.04476568475365639,0.1279434710741043,0.03121003694832325,0.15182681381702423,0.013686083257198334,0.01658746227622032,0.00899974163621664,0.015603923238813877,0.015996335074305534,0.05459814891219139,0.00627393601462245,0.00871322676539421,0.24493446946144104,0.07551227509975433,0.005399609915912151,0.12013527750968933,0.0056277005933225155,0.04716943949460983,0.004952066577970982,0.0038643707521259785,0.11978015303611755,0.07929374277591705,0.008036386221647263,0.011342529207468033,0.010549676604568958,0.1601835936307907,0.043140824884176254,0.02565368451178074,0.001879835152067244,0.006619071122258902,0.04417645186185837,0.2243892252445221,0.004952315241098404,0.008458510972559452,0.016705214977264404,0.052670128643512726,0.008565915748476982,0.012773368507623672,0.21438850462436676,,,,,,,,,,,,,,,
unknown,た,80,81,139.40355,139.60312,0.88427734,,0.028300471603870392,0.01206614077091217,0.04668348282575607,0.05837148800492287,0.01179410982877016,0.07026509195566177,0.013248053379356861,0.03241733834147453,0.01785128004848957,0.04395007714629173,0.06544496864080429,0.19193392992019653,0.1173800677061081,0.08909566700458527,0.03921779617667198,0.10599607229232788,0.013364464044570923,0.17555607855319977,0.023461060598492622,0.01782546192407608,0.008678464218974113,0.020180143415927887,0.014651451259851456,0.03546420484781265,0.00745125999674201,0.007624629884958267,0.1931261420249939,0.04366056248545647,0.0033237403258681297,0.09989376366138458,0.004564454313367605,0.019955001771450043,0.005428129341453314,0.003036081325262785,0.08052844554185867,0.05094589665532112,0.0035864124074578285,0.009811916388571262,0.014726109802722931,0.1750231832265854,0.05719882249832153,0.028255484998226166,0.0009121111361309886,0.00869833119213581,0.0331805981695652,0.198310986161232,0.002651006216183305,0.009893808513879776,0.022454801946878433,0.04232393205165863,0.006439476739615202,0.031777605414390564,0.249887153506279,,,,,,,,,,,,,,,
unknown,め,82,83,139.60312,139.76277,0.98583984,,0.03549650311470032,0.014021022245287895,0.05685081332921982,0.07057169079780579,0.007994632236659527,0.05270800739526749,0.008983113802969456,0.03360395506024361,0.013916434720158577,0.04822676256299019,0.05433376505970955,0.205903097987175,0.11178269982337952,0.08645546436309814,0.038819730281829834,0.09046805649995804,0.016244210302829742,0.1777740716934204,0.017490742728114128,0.016159003600478172,0.006956892553716898,0.011408989317715168,0.014308937825262547,0.03140401840209961,0.004914472810924053,0.0043266285210847855,0.24900533258914948,0.04528940096497536,0.003766164882108569,0.13634070754051208,0.0032773425336927176,0.017228754237294197,0.003365837037563324,0.0021465192548930645,0.11246073991060257,0.05706877261400223,0.0033734191674739122,0.011025987565517426,0.005688481032848358,0.15739314258098602,0.04854383319616318,0.016049372032284737,0.0007468790863640606,0.005237359553575516,0.036433685570955276,0.1774723380804062,0.00215378450229764,0.006628562230616808,0.016038745641708374,0.04050127789378166,0.00435669394209981,0.01810705102980137,0.22236868739128113,,,,,,,,,,,,,,,
unknown,る,84,85,139.76277,140.26277,0.82177734,,0.029325995594263077,0.012310110963881016,0.04582039639353752,0.09264392405748367,0.010740159079432487,0.07973865419626236,0.010136766359210014,0.023412629961967468,0.017948219552636147,0.07576771080493927,0.04779950529336929,0.23133599758148193,0.13078893721103668,0.08314342796802521,0.04841317608952522,0.07453132420778275,0.01967482641339302,0.22795279324054718,0.017108330503106117,0.019198443740606308,0.006768704392015934,0.012396590784192085,0.01705734245479107,0.02607605792582035,0.004887987393885851,0.0038698087446391582,0.28772085905075073,0.041070468723773956,0.004268495365977287,0.14684952795505524,0.003157618921250105,0.0140023622661829,0.002618261147290468,0.0015978767769411206,0.1238853707909584,0.05093982070684433,0.0030073318630456924,0.008541603572666645,0.005462477449327707,0.14820073544979095,0.03529128432273865,0.009798710234463215,0.000742574455216527,0.004473352339118719,0.055356238037347794,0.14173917472362518,0.0024756405036896467,0.005508418194949627,0.012232502922415733,0.025450797751545906,0.0037268055602908134,0.025508439168334007,0.1893116682767868,,,,,,,,,,,,,,,
unknown,い,86,87,145.82944,145.94917,0.94921875,,0.03303566202521324,0.011882342398166656,0.06605678796768188,0.11248201131820679,0.008193809539079666,0.0640195980668068,0.009373794309794903,0.027789240702986717,0.026670923456549644,0.0514337383210659,0.04149110987782478,0.21243532001972198,0.15510371327400208,0.06927767395973206,0.035598039627075195,0.0540245845913887,0.010699348524212837,0.12935176491737366,0.013627481646835804,0.019534751772880554,0.008561239577829838,0.011670336127281189,0.018254918977618217,0.02294902130961418,0.00864673312753439,0.004250398371368647,0.22727204859256744,0.0410677008330822,0.0037157097831368446,0.11879058927297592,0.003940727096050978,0.00771547295153141,0.0022300665732473135,0.003009532345458865,0.1402606964111328,0.049161624163389206,0.002959414152428508,0.013271825388073921,0.006321115419268608,0.11889450252056122,0.04136652499437332,0.007994507439434528,0.0010028594406321645,0.0028618599753826857,0.03703288361430168,0.11882317811250687,0.0037801144644618034,0.006370965391397476,0.022412506863474846,0.0513305738568306,0.003907729871571064,0.014267945662140846,0.140080526471138,,,,,,,,,,,,,,,
unknown,や,88,89,145.94917,146.44917,0.9921875,,0.03749668225646019,0.017582381144165993,0.07667310535907745,0.12007590383291245,0.0105241434648633,0.07067853212356567,0.008622677996754646,0.028334004804491997,0.02373345196247101,0.06372097879648209,0.04226721450686455,0.1300455927848816,0.10036298632621765,0.0610748752951622,0.04621449485421181,0.06521070003509521,0.018661528825759888,0.10108275711536407,0.018610112369060516,0.02569643035531044,0.012301178649067879,0.011946454644203186,0.014300335198640823,0.028020022436976433,0.008461423218250275,0.003834161441773176,0.23990170657634735,0.042466141283512115,0.005352875217795372,0.1441972851753235,0.003519620979204774,0.009885654784739017,0.0026292800903320312,0.0030497999396175146,0.12592068314552307,0.06825639307498932,0.004925588611513376,0.021020080894231796,0.006260917987674475,0.11759878695011139,0.03432222083210945,0.007518452126532793,0.0015767135191708803,0.004707042593508959,0.046261053532361984,0.12409169226884842,0.00585571676492691,0.007745927665382624,0.017536960542201996,0.038918741047382355,0.0034532526042312384,0.01882205531001091,0.11913831532001495,,,,,,,,,,,,,,,
unknown,美,90,91,151.8318,151.95157,0.9057617,,0.07525021582841873,0.03174754977226257,0.1668136864900589,0.11953841894865036,0.010486429557204247,0.06203705072402954,0.008935180492699146,0.04984471946954727,0.018213534727692604,0.03152835741639137,0.030552010983228683,0.1250382661819458,0.07779966294765472,0.05391437187790871,0.03884630650281906,0.06405340135097504,0.03323980048298836,0.1306728571653366,0.014298751018941402,0.020805932581424713,0.01075912918895483,0.013989959843456745,0.009828084148466587,0.038176458328962326,0.006440069526433945,0.006025228649377823,0.3351338505744934,0.05667579174041748,0.009786807931959629,0.16967973113059998,0.004053359851241112,0.015601899474859238,0.002157879061996937,0.003900502109900117,0.15201853215694427,0.08720745146274567,0.006927357986569405,0.01447687204927206,0.00969900656491518,0.1445550173521042,0.03259426727890968,0.00681640487164259,0.0016306074103340507,0.004500579554587603,0.049406591802835464,0.14766567945480347,0.005345973186194897,0.005872372072190046,0.017098836600780487,0.05215026065707207,0.005242267623543739,0.009904922917485237,0.12969504296779633,,,,,,,,,,,,,,,
unknown,味,92,93,151.95157,152.11127,0.9008789,,0.05520758032798767,0.03048543818295002,0.13834479451179504,0.12843488156795502,0.019566230475902557,0.09897363185882568,0.012113705277442932,0.037615787237882614,0.018637672066688538,0.0265051256865263,0.02133764512836933,0.08374746888875961,0.06183348223567009,0.04067337140440941,0.04538976773619652,0.05764361843466759,0.07959481328725815,0.11446978896856308,0.017423026263713837,0.026879312470555305,0.018391095101833344,0.021962663158774376,0.0076625715009868145,0.04200334846973419,0.006915152072906494,0.007556256838142872,0.37640470266342163,0.04279610514640808,0.011454518884420395,0.20552733540534973,0.004770678002387285,0.01958661898970604,0.003299201838672161,0.005581652745604515,0.1503598988056183,0.09923451393842697,0.007354008965194225,0.013264219276607037,0.015259038656949997,0.11900286376476288,0.02559254877269268,0.006599942222237587,0.001347950310446322,0.005661980248987675,0.06075187772512436,0.14392688870429993,0.005326671991497278,0.006284425035119057,0.020363109186291695,0.04992559924721718,0.005952096078544855,0.007303676567971706,0.09482482820749283,,,,,,,,,,,,,,,
unknown,し,94,95,152.11127,152.23105,1.0,,0.04362702742218971,0.032689549028873444,0.1421915590763092,0.14299140870571136,0.011648987419903278,0.07543990761041641,0.017866797745227814,0.03775845468044281,0.028095800429582596,0.038208939135074615,0.040111977607011795,0.0983506515622139,0.06510740518569946,0.055687230080366135,0.03429795056581497,0.07504770159721375,0.08765896409749985,0.09690164774656296,0.0173207838088274,0.021141404286026955,0.016231494024395943,0.026525679975748062,0.008754425682127476,0.04839707538485527,0.010604734532535076,0.011117753572762012,0.31794846057891846,0.055455707013607025,0.008714566938579082,0.19132743775844574,0.007031378336250782,0.021644918248057365,0.005761738866567612,0.006922428961843252,0.15517696738243103,0.11641201376914978,0.01210580300539732,0.021287286654114723,0.021729087457060814,0.09499599039554596,0.031332433223724365,0.009487863630056381,0.002878136932849884,0.00858975388109684,0.061999402940273285,0.14359767735004425,0.008689661510288715,0.008899793960154057,0.02028118446469307,0.04849168658256531,0.008631499484181404,0.011891891248524189,0.07429762929677963,,,,,,,,,,,,,,,
unknown,い,96,97,152.23105,152.73105,0.9609375,,0.04037974774837494,0.033132001757621765,0.11752546578645706,0.1469377726316452,0.013971448875963688,0.07604659348726273,0.022679738700389862,0.03489159047603607,0.033593688160181046,0.03297476842999458,0.03891034424304962,0.09513388574123383,0.06897047162055969,0.0620911605656147,0.038585685193538666,0.07584749162197113,0.07847069203853607,0.11680035293102264,0.021400438621640205,0.02433707006275654,0.01873384416103363,0.032347530126571655,0.011814206838607788,0.054385844618082047,0.014974229037761688,0.013245606794953346,0.30418652296066284,0.057609859853982925,0.008287460543215275,0.1902235895395279,0.009459792636334896,0.022147778421640396,0.008994555100798607,0.00823324266821146,0.13696344196796417,0.11606607586145401,0.015618122182786465,0.02086118794977665,0.02458280697464943,0.1060912162065506,0.036684148013591766,0.011157194152474403,0.004373726900666952,0.011368882842361927,0.06832577288150787,0.14408528804779053,0.012711280956864357,0.013236886821687222,0.022144408896565437,0.04644111916422844,0.010100508108735085,0.014253220520913601,0.08578319847583771,,,,,,,,,,,,,,,
unknown,い,98,99,158.97833,159.13805,0.90234375,,0.04347863793373108,0.03257798030972481,0.11374929547309875,0.15680405497550964,0.015686489641666412,0.08434328436851501,0.020486272871494293,0.03367904946208,0.03874446451663971,0.02824593149125576,0.03707246109843254,0.08987132459878922,0.08671177923679352,0.06980545073747635,0.039007049053907394,0.06384741514921188,0.0789891704916954,0.10366430133581161,0.022992821410298347,0.025307266041636467,0.018813898786902428,0.029574647545814514,0.013083241879940033,0.04536154866218567,0.01672062836587429,0.015121984295547009,0.2961764335632324,0.054766636341810226,0.009785064496099949,0.17311261594295502,0.007773885503411293,0.022903328761458397,0.008810186758637428,0.007582143880426884,0.1643354296684265,0.1111953929066658,0.015071733854711056,0.0250714048743248,0.025156667456030846,0.08872031420469284,0.03598839044570923,0.01051037386059761,0.005273324903100729,0.010251197963953018,0.0718168094754219,0.1279658079147339,0.015163171105086803,0.012785178609192371,0.025234811007976532,0.05519925802946091,0.011464104987680912,0.011243720538914204,0.07021814584732056,,,,,,,,,,,,,,,
unknown,な,100,101,159.13805,159.29774,0.9794922,,0.05508122593164444,0.044573280960321426,0.15044108033180237,0.1515941321849823,0.011299369856715202,0.06664766371250153,0.019022628664970398,0.04411463066935539,0.04592927172780037,0.024255091324448586,0.040812719613313675,0.07111256569623947,0.06691204011440277,0.07870711386203766,0.029786571860313416,0.07614098489284515,0.07722152769565582,0.07242035120725632,0.028312021866440773,0.024534597992897034,0.02040734328329563,0.03335844725370407,0.011097889393568039,0.0525963269174099,0.02703983150422573,0.020497702062129974,0.2700614035129547,0.07091087847948074,0.009382214397192001,0.1602991670370102,0.008071303367614746,0.022411810234189034,0.013517200946807861,0.009349060244858265,0.17441846430301666,0.1190309226512909,0.022513369098305702,0.04329528659582138,0.03812064975500107,0.09858924150466919,0.05054999515414238,0.010662738233804703,0.008708550594747066,0.01659800298511982,0.04809542000293732,0.15484216809272766,0.0249201487749815,0.020172737538814545,0.03047085553407669,0.06807409226894379,0.012955250218510628,0.011488501913845539,0.0623294860124588,,,,,,,,,,,,,,,
unknown,い,102,103,159.29774,159.79774,0.98583984,,0.06680090725421906,0.05262518674135208,0.16290783882141113,0.14506834745407104,0.010427877306938171,0.06578899919986725,0.026064617559313774,0.046904366463422775,0.0494726188480854,0.02097862958908081,0.02524193748831749,0.048926763236522675,0.04544462263584137,0.06810802966356277,0.030423304066061974,0.06679901480674744,0.08389255404472351,0.05653868615627289,0.03505552187561989,0.028957214206457138,0.02858906053006649,0.039177056401968,0.012096977792680264,0.047563549131155014,0.04134930297732353,0.019658558070659637,0.2686220705509186,0.06427375972270966,0.012052603997290134,0.1808081567287445,0.01065314095467329,0.021765388548374176,0.01756739243865013,0.011569089256227016,0.14797665178775787,0.11743485182523727,0.02185407094657421,0.04375742748379707,0.033717937767505646,0.10390347242355347,0.06488168239593506,0.011881252750754356,0.007188356947153807,0.021094854921102524,0.04372177645564079,0.15661954879760742,0.022983364760875702,0.03010895848274231,0.034759681671857834,0.0838172510266304,0.012619540095329285,0.008719053119421005,0.055629197508096695,,,,,,,,,,,,,,,
unknown,開,104,105,164.08871,164.24841,0.9482422,,0.05130932107567787,0.04049580544233322,0.14543284475803375,0.1334117352962494,0.009639699943363667,0.052170101553201675,0.0204171035438776,0.03867129236459732,0.040103763341903687,0.015933096408843994,0.02616662159562111,0.06256728619337082,0.04558543488383293,0.060816437005996704,0.02475219964981079,0.07351362705230713,0.11439845710992813,0.07540906220674515,0.026911187916994095,0.021031679585576057,0.022029420360922813,0.030761616304516792,0.008860703557729721,0.057944413274526596,0.0317075178027153,0.014648751355707645,0.3414206802845001,0.05737967789173126,0.008836117573082447,0.23653832077980042,0.008546238765120506,0.02077653259038925,0.017732057720422745,0.010509933345019817,0.1807127445936203,0.12140728533267975,0.01628846675157547,0.052003759890794754,0.02455206960439682,0.11641209572553635,0.05358545854687691,0.011912195943295956,0.004879389423877001,0.013962186872959137,0.02890150435268879,0.19182297587394714,0.019622623920440674,0.02317260578274727,0.031099235638976097,0.0866459310054779,0.009855839423835278,0.0054255640134215355,0.07770510017871857,,,,,,,,,,,,,,,
unknown,け,106,107,164.24841,164.40811,0.9746094,,0.04438737779855728,0.03745511919260025,0.14418776333332062,0.11654741317033768,0.0070460825227200985,0.04971393942832947,0.018825648352503777,0.03312214836478233,0.03975306823849678,0.02189015969634056,0.03284759074449539,0.0637199655175209,0.04726565256714821,0.0599152073264122,0.020634865388274193,0.0830584242939949,0.12012693285942078,0.08830712735652924,0.025263985618948936,0.01574062369763851,0.011255670338869095,0.024663610383868217,0.00880990456789732,0.05575148016214371,0.020479727536439896,0.012411152943968773,0.4170229434967041,0.05063861235976219,0.009002904407680035,0.2847396731376648,0.006292957812547684,0.027154013514518738,0.01463137287646532,0.004984271712601185,0.2069670557975769,0.1470506191253662,0.015500201843678951,0.03641804680228233,0.0174481812864542,0.09678050875663757,0.04188700020313263,0.01134620513767004,0.004517627414315939,0.013462766073644161,0.02783428691327572,0.17544202506542206,0.014530668035149574,0.015574007295072079,0.02183425985276699,0.07055772095918655,0.009189733304083347,0.007679733447730541,0.06762288510799408,,,,,,,,,,,,,,,
unknown,る,108,109,164.40811,164.90811,0.97314453,,0.053963616490364075,0.04396933689713478,0.1424662321805954,0.13129599392414093,0.007135713938623667,0.04770559445023537,0.02010408043861389,0.03532752767205238,0.043162621557712555,0.02203063666820526,0.030369941145181656,0.06671611219644547,0.06015719100832939,0.06551484018564224,0.023249797523021698,0.08265025913715363,0.1059919148683548,0.0994681566953659,0.024984490126371384,0.01804223470389843,0.01099396776407957,0.02334287203848362,0.011628342792391777,0.06410689651966095,0.01998942159116268,0.013145177625119686,0.45707038044929504,0.05687510222196579,0.009176152758300304,0.31449103355407715,0.006749460939317942,0.02771489880979061,0.012248476967215538,0.00485727796331048,0.21694959700107574,0.16152743995189667,0.01903938688337803,0.03587223216891289,0.014576207846403122,0.09501463919878006,0.03984862565994263,0.012379700317978859,0.006245953496545553,0.012544911354780197,0.03198501840233803,0.17324505746364594,0.020712729543447495,0.014809388667345047,0.02130073867738247,0.07317463308572769,0.010092834010720253,0.00882128905504942,0.07326865941286087,,,,,,,,,,,,,,,
unknown,よ,110,111,172.25078,172.3706,0.7421875,,0.062050119042396545,0.053510792553424835,0.15138372778892517,0.1481037437915802,0.00588985625654459,0.036877408623695374,0.01645488664507866,0.04253785312175751,0.04253820329904556,0.024981757625937462,0.028542248532176018,0.04762754589319229,0.05260802060365677,0.06993847340345383,0.02412550337612629,0.07154489308595657,0.10523244738578796,0.06454215198755264,0.025193285197019577,0.019270246848464012,0.01257189828902483,0.020963022485375404,0.011701351962983608,0.06425118446350098,0.020260341465473175,0.013190723024308681,0.41246548295021057,0.06595069915056229,0.010687993839383125,0.29526257514953613,0.006783867720514536,0.024570738896727562,0.012352687306702137,0.005725051276385784,0.21054138243198395,0.17349453270435333,0.02325678989291191,0.04497898370027542,0.014603515155613422,0.07231272011995316,0.04482286795973778,0.008318623527884483,0.008169291540980339,0.015622139908373356,0.04484911635518074,0.13481083512306213,0.021793300285935402,0.016890008002519608,0.02105662412941456,0.06945943087339401,0.00995346438139677,0.008212268352508545,0.05246745049953461,,,,,,,,,,,,,,,
unknown,い,112,113,172.3706,172.8706,0.9951172,,0.06668728590011597,0.06030861288309097,0.17826402187347412,0.1560637205839157,0.0031797706615179777,0.022305771708488464,0.013295735232532024,0.04239971563220024,0.04174700006842613,0.017115330323576927,0.03039858676493168,0.05355040729045868,0.04188903421163559,0.06771167367696762,0.018848611041903496,0.10076023638248444,0.09689372777938843,0.07437500357627869,0.013389544561505318,0.011470671743154526,0.008450089953839779,0.013464146293699741,0.009851621463894844,0.08135379105806351,0.020826710388064384,0.009803814813494682,0.4319421052932739,0.07158931344747543,0.00781207624822855,0.31402960419654846,0.005157581064850092,0.029189931228756905,0.010691851377487183,0.003840167075395584,0.21292679011821747,0.20852850377559662,0.02992657944560051,0.042151372879743576,0.010044892318546772,0.11044567823410034,0.05100581422448158,0.011384458281099796,0.010103988461196423,0.008456220850348473,0.03001430258154869,0.20441266894340515,0.028008263558149338,0.014108224771916866,0.01430854108184576,0.08751187473535538,0.007586103864014149,0.005926846992224455,0.07641453295946121,,,,,,,,,,,,,,,
unknown,も,114,115,176.68414,176.88385,0.9609375,,0.059405889362096786,0.04866395518183708,0.17065781354904175,0.13979406654834747,0.005919835064560175,0.040514346212148666,0.03310351446270943,0.04342811927199364,0.0667434111237526,0.019088871777057648,0.03299541398882866,0.05167054757475853,0.06363962590694427,0.09283760190010071,0.024475641548633575,0.10183795541524887,0.08206651359796524,0.06972075253725052,0.03504263609647751,0.02231377549469471,0.01997501589357853,0.03977471962571144,0.019353820011019707,0.07258133590221405,0.045794881880283356,0.023491375148296356,0.31177210807800293,0.07266054302453995,0.009054805152118206,0.20889034867286682,0.013074353337287903,0.032036758959293365,0.029161078855395317,0.009522566571831703,0.15892601013183594,0.16603203117847443,0.028436748310923576,0.03981025144457817,0.03607088699936867,0.10358210653066635,0.06808823347091675,0.019309092313051224,0.010005212388932705,0.02571389451622963,0.0402548611164093,0.19342748820781708,0.027298038825392723,0.03770586848258972,0.029742462560534477,0.0870533213019371,0.014789530076086521,0.014299706555902958,0.06996458768844604,,,,,,,,,,,,,,,
unknown,の,116,117,176.88385,177.38385,0.71484375,,0.09809678792953491,0.0790538415312767,0.2510039806365967,0.12892107665538788,0.002951881615445018,0.0179001297801733,0.012104975059628487,0.08101356029510498,0.04017547890543938,0.0102995615452528,0.024349277839064598,0.04854120314121246,0.04729229211807251,0.08258165419101715,0.018997324630618095,0.0854828730225563,0.07418646663427353,0.05114508047699928,0.016232408583164215,0.015438605099916458,0.016344904899597168,0.014111747033894062,0.01086210273206234,0.10479293018579483,0.028949260711669922,0.012537162750959396,0.3502393364906311,0.11750451475381851,0.008746623992919922,0.2643541097640991,0.005389722064137459,0.030371898785233498,0.016609501093626022,0.006841242779046297,0.21759746968746185,0.18517950177192688,0.03260517120361328,0.03620786592364311,0.009059448726475239,0.09641004353761673,0.07081018388271332,0.012911716476082802,0.014235638082027435,0.008916348218917847,0.024867841973900795,0.20619209110736847,0.05280560627579689,0.0239481832832098,0.024042025208473206,0.13840878009796143,0.009050541557371616,0.00507974112406373,0.06800252944231033,,,,,,,,,,,,,,,
unknown,頭,118,119,181.29256,181.49228,0.9814453,,0.06599341332912445,0.04237087443470955,0.11130707710981369,0.12688471376895905,0.014158172532916069,0.07293195277452469,0.03732367232441902,0.047794830054044724,0.06947711855173111,0.013090401887893677,0.028546513989567757,0.04194404184818268,0.09395790100097656,0.07485955208539963,0.0252783615142107,0.09365308284759521,0.06026953086256981,0.07450256496667862,0.04743197560310364,0.022310534492135048,0.01910977065563202,0.062300652265548706,0.017339764162898064,0.08505059033632278,0.047992244362831116,0.03344458341598511,0.29465022683143616,0.05905221402645111,0.00915106013417244,0.18106575310230255,0.01293187402188778,0.05128428339958191,0.029053058475255966,0.009321938268840313,0.11572687327861786,0.18313351273536682,0.023290108889341354,0.018996229395270348,0.08358176052570343,0.10655874013900757,0.06927071511745453,0.03268738090991974,0.008520700968801975,0.028157904744148254,0.05077828839421272,0.20512454211711884,0.021252959966659546,0.03561113029718399,0.04362638294696808,0.11921866983175278,0.018116578459739685,0.01861543022096157,0.09174120426177979,,,,,,,,,,,,,,,
unknown,部,120,121,181.49228,181.99228,0.8496094,,0.09297247231006622,0.07358720898628235,0.13960567116737366,0.12706415355205536,0.003143317298963666,0.023937905207276344,0.01164994202554226,0.05391780659556389,0.03428458794951439,0.025040065869688988,0.04637667164206505,0.055949728935956955,0.057429082691669464,0.09223520010709763,0.02282467857003212,0.13069406151771545,0.09168343991041183,0.07196193188428879,0.015247412025928497,0.012217061594128609,0.006314076483249664,0.009865967556834221,0.014639508910477161,0.07462798058986664,0.013015873730182648,0.006366519257426262,0.3513178825378418,0.08818516880273819,0.010271749459207058,0.2349548190832138,0.003977361135184765,0.03233480826020241,0.007245908956974745,0.0020414337050169706,0.19551785290241241,0.20043587684631348,0.034681372344493866,0.02468179538846016,0.005704071838408709,0.09821861237287521,0.06723486632108688,0.014916670508682728,0.01332884281873703,0.007858531549572945,0.03827279433608055,0.23249924182891846,0.03230930492281914,0.011850254610180855,0.013880780898034573,0.09681525081396103,0.006071076728403568,0.00840669870376587,0.07237952947616577,,,,,,,,,,,,,,,
unknown,け,122,123,188.24318,188.74318,0.6196289,,0.08779633790254593,0.07752379775047302,0.15167741477489471,0.11655063182115555,0.0026698110159486532,0.019983192905783653,0.008915729820728302,0.056020744144916534,0.03214616701006889,0.02317245490849018,0.05080922320485115,0.04615101218223572,0.05851489305496216,0.09303697198629379,0.020308662205934525,0.13988718390464783,0.10434197634458542,0.05704181641340256,0.01474080141633749,0.010312993079423904,0.005478367675095797,0.008289436809718609,0.012129037640988827,0.08271889388561249,0.011373646557331085,0.005862923804670572,0.3281623423099518,0.09707079082727432,0.010321302339434624,0.21668753027915955,0.00293760746717453,0.03231342136859894,0.0074371336959302425,0.0017638475401327014,0.19244781136512756,0.21318605542182922,0.03856106474995613,0.02964766137301922,0.005467256065458059,0.08654345571994781,0.0630832239985466,0.013590464368462563,0.016365276649594307,0.008513170294463634,0.03159552440047264,0.23156234622001648,0.03742421045899391,0.011296158656477928,0.013511580415070057,0.09520675987005234,0.005509540904313326,0.007146674674004316,0.06296981126070023,,,,,,,,,,,,,,,
unknown,狭,124,125,193.556,193.91551,0.49243164,,0.10492271929979324,0.1204225942492485,0.17576825618743896,0.12385941296815872,0.003914886619895697,0.023275120183825493,0.006285264156758785,0.06619014590978622,0.023856597021222115,0.015511509031057358,0.027977230027318,0.02074744738638401,0.046519048511981964,0.03680505231022835,0.020642952993512154,0.12530598044395447,0.11355321854352951,0.0308054368942976,0.01296174805611372,0.010271218605339527,0.007566901855170727,0.007215794641524553,0.006700522266328335,0.13171663880348206,0.008230832405388355,0.0037037013098597527,0.41164448857307434,0.08538612723350525,0.010599709115922451,0.33347755670547485,0.0019601015374064445,0.035171378403902054,0.004624475724995136,0.0016922574723139405,0.19289501011371613,0.31326380372047424,0.05392996594309807,0.012315395288169384,0.004304388538002968,0.0722331777215004,0.028165709227323532,0.007943697273731232,0.015509923920035362,0.00459776446223259,0.02664363943040371,0.2253967523574829,0.045418109744787216,0.007412288337945938,0.014033506624400616,0.11216264963150024,0.0033143493346869946,0.005085129756480455,0.04767323657870293,,,,,,,,,,,,,,,
unknown,い,126,127,193.91551,194.31,0.78222656,,0.12296023964881897,0.1507396697998047,0.1770886927843094,0.09353727102279663,0.0027510160580277443,0.014257197268307209,0.004575502127408981,0.06928745657205582,0.013217081315815449,0.012687847949564457,0.030661428347229958,0.019383784383535385,0.030350446701049805,0.03532792627811432,0.018178187310695648,0.15041784942150116,0.10889291763305664,0.03548911213874817,0.008966156281530857,0.0067687793634831905,0.0038374103605747223,0.004478123039007187,0.004762281198054552,0.14624884724617004,0.0035247427877038717,0.0028921186458319426,0.47285863757133484,0.0851513221859932,0.009616116993129253,0.420064240694046,0.0014021949609741569,0.03975659981369972,0.0022365746553987265,0.0009550907998345792,0.2118251770734787,0.350811243057251,0.07058113068342209,0.013658213429152966,0.0024829686153680086,0.08280714601278305,0.022309454157948494,0.008381218649446964,0.01805098168551922,0.004381232429295778,0.01722240261733532,0.2511851191520691,0.04206091910600662,0.003854878479614854,0.008397870697081089,0.09044989943504333,0.002940273843705654,0.0034208116121590137,0.058321770280599594,,,,,,,,,,,,,,,
unknown,よ,128,129,200.8812,201.04099,0.58203125,,0.12951600551605225,0.1620016098022461,0.22423727810382843,0.11079190671443939,0.0013024755753576756,0.009460085071623325,0.00330644310452044,0.07878531515598297,0.010326316580176353,0.0122440280392766,0.037299707531929016,0.017289869487285614,0.02455969527363777,0.0397801548242569,0.014169715344905853,0.17525528371334076,0.10609973967075348,0.02763175033032894,0.006962514948099852,0.004463476128876209,0.0022713025100529194,0.003057560883462429,0.004030569456517696,0.1448524445295334,0.0028872170951217413,0.0021876629907637835,0.4642139673233032,0.09706299006938934,0.008954466320574284,0.4038587510585785,0.0009782655397430062,0.044663991779088974,0.0018340806709602475,0.0006238272762857378,0.21655626595020294,0.3993314802646637,0.08151621371507645,0.020395800471305847,0.001848738407716155,0.07536863535642624,0.023776208981871605,0.007561278995126486,0.01797585003077984,0.0036923722364008427,0.01656019315123558,0.2606598436832428,0.029270818457007408,0.0030320349615067244,0.005796461831778288,0.09198437631130219,0.00221977848559618,0.003894508583471179,0.05268509313464165,,,,,,,,,,,,,,,
unknown,く,130,131,201.04099,201.16083,0.9995117,,0.11202617734670639,0.1346944123506546,0.20930014550685883,0.11536246538162231,0.0016263932920992374,0.013078701682388783,0.004606335423886776,0.06651338189840317,0.01245857123285532,0.014648634940385818,0.039127953350543976,0.021324841305613518,0.032432906329631805,0.04759499430656433,0.01627834141254425,0.1663300096988678,0.11014558374881744,0.033030033111572266,0.009201115928590298,0.005907756742089987,0.0028990223072469234,0.004110217094421387,0.00565836438909173,0.12068934738636017,0.0034275082871317863,0.002580454805865884,0.45757851004600525,0.0863708108663559,0.0089494027197361,0.3842933475971222,0.0013045556843280792,0.04397452995181084,0.002307584509253502,0.0007679084083065391,0.20531392097473145,0.36750298738479614,0.06787392497062683,0.020454542711377144,0.002289051190018654,0.07624389231204987,0.02680467627942562,0.008519916795194149,0.014481048099696636,0.004635199438780546,0.022004155442118645,0.25018250942230225,0.024007219821214676,0.0037024745251983404,0.006997291464358568,0.08545143902301788,0.0026298537850379944,0.004402119666337967,0.05302680656313896,,,,,,,,,,,,,,,
unknown,な,132,133,201.16083,201.32062,0.99902344,,0.11872243136167526,0.13688863813877106,0.25104328989982605,0.13196833431720734,0.0011688731610774994,0.010270949453115463,0.003701837733387947,0.07340648770332336,0.012674936093389988,0.013163559138774872,0.04013320803642273,0.021025745198130608,0.02893499657511711,0.05908907577395439,0.017206760123372078,0.16105300188064575,0.1309116631746292,0.031000489369034767,0.008963759057223797,0.006422461476176977,0.0032007794361561537,0.003187582129612565,0.006575306877493858,0.1177920401096344,0.0037710091564804316,0.0022860097233206034,0.4452907145023346,0.10403109341859818,0.011261251755058765,0.35204267501831055,0.0011842063395306468,0.03572271019220352,0.0026576542295515537,0.000764538359362632,0.21464648842811584,0.3585931360721588,0.06528852880001068,0.024831652641296387,0.001729414565488696,0.06898036599159241,0.031488291919231415,0.006239838898181915,0.0158635713160038,0.004090685397386551,0.02445347048342228,0.24039912223815918,0.02661750093102455,0.0044554537162184715,0.0062341103330254555,0.08181643486022949,0.002381619531661272,0.0035248922649770975,0.04610247537493706,,,,,,,,,,,,,,,
unknown,い,134,135,201.32062,201.82062,0.9995117,,0.10859318822622299,0.128115713596344,0.2107488065958023,0.12290070950984955,0.0014394472818821669,0.010466353967785835,0.004884508438408375,0.0679829940199852,0.014163241721689701,0.012914933264255524,0.03840545564889908,0.021938497200608253,0.03257355839014053,0.054032716900110245,0.01660197414457798,0.16349808871746063,0.1238066554069519,0.03585517778992653,0.007922978140413761,0.00572797330096364,0.002943247091025114,0.003912110347300768,0.00662680109962821,0.13853882253170013,0.003630812978371978,0.0027429950423538685,0.4768899083137512,0.09906896203756332,0.00933659914880991,0.4011985957622528,0.0015951431123539805,0.040072087198495865,0.002299949526786804,0.0008851696038618684,0.21310590207576752,0.3676430881023407,0.0639064610004425,0.02005193568766117,0.0022233412601053715,0.07432117313146591,0.027302095666527748,0.008455446921288967,0.017348255962133408,0.004171825014054775,0.024779651314020157,0.25034043192863464,0.03188920393586159,0.0038701125886291265,0.0066086295992136,0.08462865650653839,0.002763466676697135,0.003460526466369629,0.05532136932015419,,,,,,,,,,,,,,,
unknown,便,136,137,206.91313,207.2327,0.99316406,,0.10092279314994812,0.12004822492599487,0.21535059809684753,0.12523844838142395,0.002007086295634508,0.013802331872284412,0.0054805888794362545,0.08560564368963242,0.010964158922433853,0.01208113506436348,0.04354601353406906,0.026548707857728004,0.030368322506546974,0.07178808748722076,0.016876228153705597,0.16311797499656677,0.20049332082271576,0.036014676094055176,0.011252066120505333,0.006869480013847351,0.004058689810335636,0.005582036450505257,0.005231976974755526,0.15298707783222198,0.004079062957316637,0.003845745464786887,0.4262244999408722,0.11819058656692505,0.012276251800358295,0.36950162053108215,0.0017987857572734356,0.03649332374334335,0.0034800791181623936,0.0014517774106934667,0.23314134776592255,0.31058621406555176,0.05149037018418312,0.04029030725359917,0.0030697775073349476,0.06852948665618896,0.037279896438121796,0.01200993824750185,0.01643403060734272,0.006963960826396942,0.021527927368879318,0.2780250906944275,0.04162611439824104,0.004967737942934036,0.009244188666343689,0.09834098815917969,0.0036056481767445803,0.0037175039760768414,0.0575375109910965,,,,,,,,,,,,,,,
unknown,利,138,139,207.2327,207.7327,0.8779297,,0.04281395301222801,0.07495613396167755,0.07438052445650101,0.11653267592191696,0.004115248564630747,0.024191604927182198,0.011385017074644566,0.039703208953142166,0.01940273493528366,0.02064599096775055,0.043507613241672516,0.028675727546215057,0.05905868113040924,0.06219926476478577,0.015112149529159069,0.12701070308685303,0.22596609592437744,0.03495669364929199,0.01722021959722042,0.007271283771842718,0.0050637125968933105,0.013527150265872478,0.006990104913711548,0.1844879537820816,0.005729874595999718,0.0075942957773804665,0.3642446994781494,0.08059468865394592,0.0066454350017011166,0.3556784987449646,0.003000135300680995,0.020186828449368477,0.004899241030216217,0.0021228825207799673,0.17029915750026703,0.262861043214798,0.05910367891192436,0.04460574686527252,0.01088488008826971,0.04502839967608452,0.037547215819358826,0.018987227231264114,0.030242156237363815,0.011882894672453403,0.018146371468901634,0.22055445611476898,0.09769023954868317,0.006181739270687103,0.016447801142930984,0.08136691153049469,0.006106394808739424,0.01065809465944767,0.053900085389614105,,,,,,,,,,,,,,,
unknown,暖,140,141,212.08298,212.4827,0.6254883,,0.04962291568517685,0.05485839396715164,0.10459654033184052,0.05481284111738205,0.0016805565683171153,0.012055615894496441,0.017091596499085426,0.05044446885585785,0.017418915405869484,0.019469380378723145,0.12855938076972961,0.08070368319749832,0.05576787516474724,0.21526950597763062,0.013785606250166893,0.1781904697418213,0.09439195692539215,0.05216125771403313,0.013297335244715214,0.005880704149603844,0.0025290565099567175,0.015506386756896973,0.012105405330657959,0.09374909102916718,0.004585284739732742,0.019889317452907562,0.21091625094413757,0.12950734794139862,0.0045784940011799335,0.12667380273342133,0.005225986707955599,0.023984303697943687,0.0034480763133615255,0.002044006483629346,0.1676277220249176,0.11393337696790695,0.04680594056844711,0.0934310108423233,0.018205000087618828,0.04141921550035477,0.08060955256223679,0.04247283190488815,0.03466145694255829,0.01678518019616604,0.01270549837499857,0.23488862812519073,0.0669967532157898,0.005936290603131056,0.009857418946921825,0.047280844300985336,0.014711680822074413,0.02311241813004017,0.061683040112257004,,,,,,,,,,,,,,,
unknown,か,142,143,212.4827,212.64258,0.9995117,,0.07035079598426819,0.06117278337478638,0.2050478607416153,0.04168606922030449,0.0019620538223534822,0.01473279483616352,0.01364554837346077,0.07782290130853653,0.017308585345745087,0.016337212175130844,0.13542963564395905,0.11752334982156754,0.07679735869169235,0.3488559126853943,0.021063264459371567,0.14090801775455475,0.05324731767177582,0.0651170089840889,0.015609780326485634,0.01141795888543129,0.003752985969185829,0.013249418698251247,0.020529406145215034,0.055048782378435135,0.00483905803412199,0.01381505187600851,0.1488775610923767,0.1952262669801712,0.006955637130886316,0.0653064176440239,0.005398549605160952,0.022776693105697632,0.004388971719890833,0.0022802017629146576,0.16533350944519043,0.08135738223791122,0.038319554179906845,0.04783592000603676,0.01048776414245367,0.05083073675632477,0.11726086586713791,0.01348163466900587,0.027864623814821243,0.01610615663230419,0.019616421312093735,0.16422583162784576,0.032604191452264786,0.008911739103496075,0.009320621378719807,0.031860172748565674,0.010506968013942242,0.017386293038725853,0.044959474354982376,,,,,,,,,,,,,,,
unknown,い,144,145,212.64258,213.14258,0.9980469,,0.04823483154177666,0.05654199793934822,0.13436093926429749,0.03410812094807625,0.001185144647024572,0.009701242670416832,0.013622568920254707,0.05498064309358597,0.011741245165467262,0.017933044582605362,0.1883040815591812,0.06776486337184906,0.03870943561196327,0.33425480127334595,0.014884264208376408,0.25090503692626953,0.11317293345928192,0.0515965111553669,0.016576219350099564,0.005125084426254034,0.001858434872701764,0.012048808857798576,0.011981871910393238,0.072110615670681,0.003096704138442874,0.013334367424249649,0.16687418520450592,0.14150597155094147,0.006116923410445452,0.08913206309080124,0.0034247806761413813,0.03203248605132103,0.004308479838073254,0.0011093426728621125,0.1382112205028534,0.1297777146100998,0.050191935151815414,0.11804048717021942,0.012584432028234005,0.040460966527462006,0.13185888528823853,0.03357330337166786,0.03341696038842201,0.028509950265288353,0.009252826683223248,0.24972309172153473,0.032247431576251984,0.006569403223693371,0.006588933523744345,0.03676354140043259,0.00925389863550663,0.01936967857182026,0.047822725027799606,,,,,,,,,,,,,,,
unknown,死,146,147,217.9188,218.11865,1.0,,0.02318360097706318,0.02818114310503006,0.057477328926324844,0.04195389151573181,0.002039333339780569,0.018384352326393127,0.017715945839881897,0.03362283110618591,0.022497080266475677,0.025657309219241142,0.19183869659900665,0.042323507368564606,0.04544803500175476,0.254803866147995,0.017684513702988625,0.25822946429252625,0.08123967796564102,0.03789621591567993,0.040139585733413696,0.007747469004243612,0.0036003340501338243,0.022627362981438637,0.012990595772862434,0.06188393384218216,0.00908732134848833,0.0242881141602993,0.11366073787212372,0.08062442392110825,0.00427002040669322,0.059119731187820435,0.0035075258929282427,0.04266175255179405,0.014070896431803703,0.0016153303440660238,0.07454182207584381,0.10417357087135315,0.03205865994095802,0.10067658126354218,0.0293570626527071,0.03000541590154171,0.16731268167495728,0.08729653060436249,0.021350417286157608,0.05759561061859131,0.01550936046987772,0.2523900866508484,0.02791089005768299,0.016533950343728065,0.014709731563925743,0.04833371192216873,0.015783781185746193,0.053920112550258636,0.05357544496655464,,,,,,,,,,,,,,,
unknown,ぬ,148,149,218.11865,218.61865,0.9980469,,0.020267091691493988,0.02614591270685196,0.06724441051483154,0.049054790288209915,0.0029770382679998875,0.028784645721316338,0.03542952239513397,0.02339962311089039,0.04496529698371887,0.02682483196258545,0.07454933226108551,0.0364343523979187,0.11022066324949265,0.2910982370376587,0.022895898669958115,0.10245353728532791,0.12493020296096802,0.04027780517935753,0.0550362765789032,0.015387427061796188,0.0060658082365989685,0.03903062641620636,0.03888430446386337,0.04249512404203415,0.01356012187898159,0.02311151847243309,0.10589563846588135,0.08228606730699539,0.008123583160340786,0.051004789769649506,0.007963054813444614,0.015959052368998528,0.01842574030160904,0.0024448514450341463,0.07484783977270126,0.06220854073762894,0.024868248030543327,0.055473893880844116,0.035726308822631836,0.023079782724380493,0.1291513592004776,0.020088322460651398,0.021498290821909904,0.07136675715446472,0.026293683797121048,0.1023784801363945,0.03706341236829758,0.02536691725254059,0.01372484490275383,0.020277203992009163,0.014034188352525234,0.04367828741669655,0.02437727339565754,,,,,,,,,,,,,,,
unknown,第,150,151,224.93,225.43,0.99121094,,0.018012499436736107,0.0345856174826622,0.07118399441242218,0.0680164247751236,0.003501402447000146,0.02577568031847477,0.026715606451034546,0.022143883630633354,0.03798205778002739,0.03014262206852436,0.05395882949233055,0.028401220217347145,0.07163378596305847,0.14779050648212433,0.01881364919245243,0.11220266669988632,0.24339860677719116,0.044348545372486115,0.03441743552684784,0.009274755604565144,0.004770169500261545,0.02951386384665966,0.017939120531082153,0.09892816096544266,0.010664787143468857,0.01012857723981142,0.2033146172761917,0.087227962911129,0.008410976268351078,0.1491568684577942,0.0061755673959851265,0.015704186633229256,0.0129927983507514,0.002233167877420783,0.0805685967206955,0.12201433628797531,0.03216863051056862,0.0542435459792614,0.02281150408089161,0.031071234494447708,0.06988570094108582,0.014801396057009697,0.027186065912246704,0.04131240397691727,0.026199646294116974,0.13069503009319305,0.061724953353405,0.0163913331925869,0.010420527309179306,0.023402461782097816,0.005940604489296675,0.03072868473827839,0.03454424440860748,,,,,,,,,,,,,,,
unknown,水,152,153,230.01,230.51,0.9873047,,0.013303962536156178,0.020007319748401642,0.038035422563552856,0.066376693546772,0.006139392964541912,0.0526750348508358,0.02523786574602127,0.013580135069787502,0.05405785143375397,0.04241045191884041,0.031740907579660416,0.030263694003224373,0.09479175508022308,0.0890858992934227,0.020942140370607376,0.07341378182172775,0.14575956761837006,0.044340431690216064,0.04637717083096504,0.013903485611081123,0.006389860063791275,0.031410686671733856,0.018179534003138542,0.05032062903046608,0.016844408586621284,0.006788089405745268,0.19248177111148834,0.04560869559645653,0.005857938900589943,0.1450968235731125,0.005126734729856253,0.01330525241792202,0.013592750765383244,0.0020694187842309475,0.07285264879465103,0.07354278862476349,0.014894233085215092,0.04027094319462776,0.018723582848906517,0.03385016322135925,0.06150227412581444,0.01334490068256855,0.0098582087084651,0.028866684064269066,0.030706625431776047,0.10824447125196457,0.03308848291635513,0.01813979633152485,0.017041239887475967,0.02825360745191574,0.004215217661112547,0.034312643110752106,0.03680729120969772,,,,,,,,,,,,,,,
unknown,塩,154,155,236.0242,236.5242,0.96435547,,0.007930748164653778,0.012465433217585087,0.017531340941786766,0.04768095538020134,0.0072265020571649075,0.058044180274009705,0.04321042448282242,0.006639709230512381,0.05050398409366608,0.05164627358317375,0.038252558559179306,0.029462572187185287,0.07219559699296951,0.0738966315984726,0.02072049304842949,0.08108019828796387,0.09631816297769547,0.060759421437978745,0.0616149976849556,0.012133775278925896,0.006643739528954029,0.05923057720065117,0.019860995933413506,0.03573903068900108,0.022630300372838974,0.010448864661157131,0.11522704362869263,0.02617390640079975,0.003370712511241436,0.08056046068668365,0.006942485459148884,0.013130255043506622,0.027982980012893677,0.0018180129118263721,0.03529520332813263,0.04952225089073181,0.016745993867516518,0.02708754502236843,0.03792021796107292,0.038059402257204056,0.06061400845646858,0.02408442087471485,0.008250211365520954,0.06064953655004501,0.025487203150987625,0.1043156087398529,0.026740536093711853,0.032544929534196854,0.013046667911112309,0.013335353694856167,0.006291627883911133,0.1286109983921051,0.042945582419633865,,,,,,,,,,,,,,,
unknown,飛,156,157,241.89551,242.01532,0.99365234,,0.008970496244728565,0.00915199238806963,0.02268587425351143,0.07284913212060928,0.007852023467421532,0.07204894721508026,0.04198359698057175,0.006891992408782244,0.051338303834199905,0.04640026390552521,0.03794248402118683,0.04305797442793846,0.0653347596526146,0.10615915060043335,0.02673129178583622,0.05999422073364258,0.10956043004989624,0.09415128827095032,0.0720682293176651,0.02083110436797142,0.00938152614980936,0.05163850635290146,0.026232196018099785,0.027333952486515045,0.022175664082169533,0.01252259872853756,0.1445804238319397,0.02734520100057125,0.005432565696537495,0.09138333797454834,0.008074731566011906,0.008376430720090866,0.0196540430188179,0.0022852879483252764,0.0626225546002388,0.03466780111193657,0.008152654394507408,0.02529037743806839,0.025722287595272064,0.03205876052379608,0.07145956158638,0.021942103281617165,0.007055689115077257,0.04679335653781891,0.03740984573960304,0.09956030547618866,0.040848374366760254,0.02830006554722786,0.015184246003627777,0.014944598078727722,0.00812706258147955,0.07031479477882385,0.04167864844202995,,,,,,,,,,,,,,,
unknown,ん,158,159,242.01532,242.09521,0.99853516,,0.014516251161694527,0.01620045304298401,0.03468066826462746,0.07725822925567627,0.005418085493147373,0.055230703204870224,0.046239223331213,0.011540370993316174,0.03935801610350609,0.04154415801167488,0.03806908801198006,0.04055093973875046,0.10978611558675766,0.1509653776884079,0.02235526032745838,0.05788764730095863,0.14259928464889526,0.06746969372034073,0.06580537557601929,0.019917605444788933,0.006681679282337427,0.044438812881708145,0.03792383521795273,0.03014894761145115,0.012425588443875313,0.009616300463676453,0.17146863043308258,0.038703449070453644,0.0067486208863556385,0.1301216334104538,0.010142742656171322,0.008768458850681782,0.010861068964004517,0.002276872517541051,0.0978412926197052,0.049094945192337036,0.012736334465444088,0.04511960223317146,0.016634339466691017,0.03009040094912052,0.060845062136650085,0.014985022135078907,0.00903606042265892,0.054943837225437164,0.03825504332780838,0.08496436476707458,0.03546454384922981,0.017248673364520073,0.015410610474646091,0.018246520310640335,0.006671048700809479,0.04099700227379799,0.030417917296290398,,,,,,,,,,,,,,,
unknown,で,160,161,242.09521,242.25497,0.99902344,,0.011667043901979923,0.01107775792479515,0.023715881630778313,0.07568471133708954,0.00585175259038806,0.07168889045715332,0.05198860540986061,0.008337180130183697,0.05180097371339798,0.05792417749762535,0.04027290269732475,0.031759023666381836,0.10705352574586868,0.12768323719501495,0.023064827546477318,0.053701695054769516,0.12256495654582977,0.05246659368276596,0.08515885472297668,0.021800115704536438,0.007375664077699184,0.055808961391448975,0.03935916721820831,0.018164165318012238,0.01746620237827301,0.013291002251207829,0.12061230838298798,0.026176631450653076,0.00702084181830287,0.07926386594772339,0.010304870083928108,0.00773880397900939,0.014102998189628124,0.0021380307152867317,0.08807183057069778,0.030738890171051025,0.008143781684339046,0.022475676611065865,0.025011565536260605,0.02351393923163414,0.060781463980674744,0.016274765133857727,0.005317785777151585,0.06188727170228958,0.04352082684636116,0.07648643851280212,0.02659337781369686,0.02172822318971157,0.018189704045653343,0.015893666073679924,0.00972895510494709,0.05835245922207832,0.02152693085372448,,,,,,,,,,,,,,,
unknown,く,162,163,242.25497,242.37479,0.9794922,,0.010638528503477573,0.011204791255295277,0.025857049971818924,0.0828150287270546,0.0037393420934677124,0.04364389181137085,0.04597862437367439,0.007153937593102455,0.06370379030704498,0.05852237343788147,0.04928348585963249,0.03840858116745949,0.076698899269104,0.09637834131717682,0.020224306732416153,0.097130186855793,0.09473887085914612,0.0704292356967926,0.04015395790338516,0.012286878190934658,0.004523382987827063,0.035328224301338196,0.03068717196583748,0.026504918932914734,0.0186445452272892,0.0079120472073555,0.1987769901752472,0.025169258937239647,0.0041697220876812935,0.13324880599975586,0.00918111577630043,0.01563263311982155,0.014372370205819607,0.0015486424090340734,0.08463321626186371,0.0559777207672596,0.00964971724897623,0.020527943968772888,0.014244998805224895,0.04633761942386627,0.05500618740916252,0.022253287956118584,0.004438998643308878,0.029498983174562454,0.0469132699072361,0.13168680667877197,0.01758117787539959,0.018281394615769386,0.011406883597373962,0.01949007622897625,0.006103341467678547,0.05345967411994934,0.04308319836854935,,,,,,,,,,,,,,,
unknown,る,164,165,242.37479,242.87479,0.9975586,,0.00812468584626913,0.010139232501387596,0.018739785999059677,0.10226539522409439,0.004117933567613363,0.052773527801036835,0.05278237164020538,0.005932563450187445,0.08108200132846832,0.056977976113557816,0.047464530915021896,0.03766295313835144,0.07418908178806305,0.07408347725868225,0.019009005278348923,0.08460633456707001,0.08332018554210663,0.07595972716808319,0.04019027203321457,0.011705568060278893,0.004337701015174389,0.03936828672885895,0.02782725915312767,0.0260069128125906,0.02588643692433834,0.0073661585338413715,0.1907421499490738,0.022654321044683456,0.0033119013532996178,0.13659296929836273,0.010053609497845173,0.014331025071442127,0.01807866431772709,0.0016362314345315099,0.07372672855854034,0.051354363560676575,0.010364408604800701,0.016032369807362556,0.01358784269541502,0.043365076184272766,0.05127301067113876,0.0232880599796772,0.005261698272079229,0.025116847828030586,0.0542743057012558,0.11935558170080185,0.02217181958258152,0.02050076797604561,0.013218065723776817,0.019875800237059593,0.00576415890827775,0.0677189752459526,0.041535716503858566,,,,,,,,,,,,,,,
unknown,花,166,167,248.04639,248.54639,0.76904297,,0.010196433402597904,0.013290788978338242,0.04856438189744949,0.09732139855623245,0.0017706813523545861,0.03768870607018471,0.04100898653268814,0.0071454173885285854,0.09651502966880798,0.06648333370685577,0.08070598542690277,0.05028058961033821,0.0632147416472435,0.08177704364061356,0.014638429507613182,0.14869482815265656,0.08767369389533997,0.07143530994653702,0.030750565230846405,0.007971681654453278,0.0030222833156585693,0.022058121860027313,0.020947901532053947,0.026643121615052223,0.03452625870704651,0.004427241627126932,0.22453759610652924,0.02992696687579155,0.0036551025696098804,0.15040412545204163,0.0060260361060500145,0.021222878247499466,0.024266542866826057,0.0009662615484558046,0.0930834487080574,0.06984894722700119,0.009790189564228058,0.02288145199418068,0.006659564562141895,0.0729043036699295,0.058406978845596313,0.02859160490334034,0.004279715940356255,0.016218068078160286,0.030574021860957146,0.20034798979759216,0.01726013608276844,0.02393471635878086,0.009244434535503387,0.0270084161311388,0.0038184591103345156,0.04897652566432953,0.04995138198137283,,,,,,,,,,,,,,,
unknown,第,168,169,254.68878,254.84846,0.9873047,,0.014282956719398499,0.024386214092373848,0.07698027044534683,0.10656118392944336,0.002491044346243143,0.038974177092313766,0.058182090520858765,0.01178781408816576,0.07244789600372314,0.04659682884812355,0.04538001865148544,0.053712666034698486,0.04981488734483719,0.09453149139881134,0.01383314561098814,0.08585439622402191,0.11730889976024628,0.09254094958305359,0.033428724855184555,0.008905519731342793,0.0036708919797092676,0.03627355396747589,0.021025199443101883,0.03589383140206337,0.03452984243631363,0.00683525251224637,0.27401721477508545,0.04723099246621132,0.005445918533951044,0.21933099627494812,0.011160619556903839,0.016827402636408806,0.025004973635077477,0.0019747051410377026,0.10531214624643326,0.08649375289678574,0.0204885546118021,0.054018229246139526,0.011063489131629467,0.07482559233903885,0.05347362533211708,0.013317652978003025,0.009623170830309391,0.03194352984428406,0.029762335121631622,0.12314797937870026,0.02369825728237629,0.02612490952014923,0.009636718779802322,0.0209817998111248,0.004607395734637976,0.042585402727127075,0.042184725403785706,,,,,,,,,,,,,,,
unknown,1,170,171,254.84846,255.34846,0.64404297,,0.02459992840886116,0.04346028342843056,0.11782617121934891,0.12123625725507736,0.002482421463355422,0.03278358653187752,0.041265081614255905,0.020960528403520584,0.056259848177433014,0.03614392876625061,0.04310132935643196,0.04832831770181656,0.039316579699516296,0.07507424056529999,0.012878280133008957,0.10113102942705154,0.09746414422988892,0.08116034418344498,0.026986662298440933,0.008176486007869244,0.003875868860632181,0.028796017169952393,0.013486295007169247,0.05461973324418068,0.03348841518163681,0.006358089856803417,0.34141212701797485,0.064199298620224,0.0057450211606919765,0.291792094707489,0.008615434169769287,0.020432688295841217,0.021118314936757088,0.002142098266631365,0.124314084649086,0.1305169016122818,0.029537145048379898,0.06567862629890442,0.008618082851171494,0.09882290661334991,0.05016741156578064,0.01290571317076683,0.011981002986431122,0.027252260595560074,0.021234184503555298,0.15230870246887207,0.028451209887862206,0.023218944668769836,0.009995737113058567,0.031629737466573715,0.0042619286105036736,0.03403959423303604,0.0518379770219326,,,,,,,,,,,,,,,
unknown,植,172,173,262.55325,262.8327,0.99658203,,0.014957812614738941,0.03308577463030815,0.11213434487581253,0.1234697476029396,0.002028040587902069,0.022366061806678772,0.043286386877298355,0.015032727271318436,0.06677782535552979,0.030752032995224,0.04587861895561218,0.03689516335725784,0.03366798534989357,0.06438402086496353,0.011401021853089333,0.1263696551322937,0.11619177460670471,0.06542882323265076,0.01949222944676876,0.00602292362600565,0.00407863175496459,0.03200613334774971,0.01014977041631937,0.07593246549367905,0.03722044825553894,0.00646104384213686,0.3389185965061188,0.05796521157026291,0.0034567893017083406,0.2851906716823578,0.009477087296545506,0.022652000188827515,0.026325341314077377,0.002674455987289548,0.09465116262435913,0.16730622947216034,0.030578410252928734,0.07270015776157379,0.012367231771349907,0.09171223640441895,0.04184063896536827,0.014853634871542454,0.012071976438164711,0.028640491887927055,0.02077237330377102,0.16679053008556366,0.026118941605091095,0.02490454539656639,0.007966835051774979,0.026922253891825676,0.003822574159130454,0.030985698103904724,0.0525006465613842,,,,,,,,,,,,,,,
unknown,物,174,175,262.8327,263.3327,0.97802734,,0.02124040387570858,0.0521581768989563,0.13890188932418823,0.13165538012981415,0.0017013691831380129,0.01584387570619583,0.04636546969413757,0.020918244495987892,0.07307221740484238,0.02065098099410534,0.040323104709386826,0.04073401167988777,0.026191256940364838,0.05934489145874977,0.010995297692716122,0.1220412477850914,0.10629693418741226,0.07314633578062057,0.011443107388913631,0.005150147248059511,0.004173680674284697,0.02784700319170952,0.009036289528012276,0.1073770672082901,0.045778412371873856,0.005607267376035452,0.35238176584243774,0.09021632373332977,0.003102943766862154,0.33371075987815857,0.012476825155317783,0.02440355159342289,0.02094174362719059,0.003306844038888812,0.10290465503931046,0.18497484922409058,0.04635147377848625,0.06725649535655975,0.009143179282546043,0.11933565884828568,0.03852338716387749,0.013763075694441795,0.025151723995804787,0.018382394686341286,0.017835071310400963,0.1832515001296997,0.06373777985572815,0.02477603778243065,0.006223199889063835,0.02970990538597107,0.0031035912688821554,0.01958594284951687,0.05729161202907562,,,,,,,,,,,,,,,
unknown,嫌,176,177,267.55734,267.71698,0.9609375,,0.03790048137307167,0.05511865392327309,0.16478683054447174,0.14308950304985046,0.00543397618457675,0.049864768981933594,0.02092643640935421,0.02677832543849945,0.04033445939421654,0.047176238149404526,0.06275753676891327,0.046400588005781174,0.032478418201208115,0.10411275178194046,0.029385428875684738,0.14390242099761963,0.09105682373046875,0.05754254385828972,0.046315040439367294,0.024203162640333176,0.012849912978708744,0.029063640162348747,0.010846863500773907,0.050824396312236786,0.03085244446992874,0.011005963198840618,0.2359495311975479,0.08011410385370255,0.006069834344089031,0.14499372243881226,0.00644284300506115,0.02617805451154709,0.018598873168230057,0.0041386703960597515,0.09715690463781357,0.13675887882709503,0.04535219818353653,0.17305293679237366,0.01761515811085701,0.08586985617876053,0.06829194724559784,0.016455484554171562,0.018631918355822563,0.044819582253694534,0.037696804851293564,0.1902545839548111,0.035891372710466385,0.029061535373330116,0.012366347014904022,0.028069956228137016,0.006712715607136488,0.03165645897388458,0.05634639412164688,,,,,,,,,,,,,,,
unknown,い,178,179,267.71698,268.21698,0.99316406,,0.02867014892399311,0.04055946320295334,0.12886205315589905,0.1244451031088829,0.007854186929762363,0.07348816096782684,0.024374285712838173,0.020738640800118446,0.03561463579535484,0.06265322864055634,0.0696173906326294,0.05016870051622391,0.03571522608399391,0.10885532200336456,0.033689823001623154,0.14327670633792877,0.0719565749168396,0.05661999061703682,0.06657812744379044,0.03205427527427673,0.014163775369524956,0.0370868556201458,0.012207952328026295,0.03798065707087517,0.02504311129450798,0.0118724899366498,0.2170327752828598,0.059645406901836395,0.0049081225879490376,0.13495612144470215,0.0072484142147004604,0.022812286391854286,0.014907379634678364,0.00447956845164299,0.0882025957107544,0.12310539186000824,0.03689145669341087,0.19942720234394073,0.02331894263625145,0.07238610833883286,0.0714828222990036,0.01921341009438038,0.013873759657144547,0.061542872339487076,0.03563150763511658,0.17448455095291138,0.021607914939522743,0.02485414780676365,0.016424795612692833,0.02656552381813526,0.006938645616173744,0.03620552644133568,0.05549616366624832,,,,,,,,,,,,,,,
unknown,取,180,181,272.067,272.2665,0.44189453,,0.01373493392020464,0.021740982308983803,0.09045363962650299,0.1043175533413887,0.008929799310863018,0.11009055376052856,0.040219713002443314,0.0101790064945817,0.06894433498382568,0.07627104967832565,0.05383745953440666,0.035176388919353485,0.03026965633034706,0.07620181143283844,0.031509652733802795,0.10667196661233902,0.0712963342666626,0.05430907756090164,0.10785230249166489,0.03661929443478584,0.017729926854372025,0.05775628611445427,0.013969061896204948,0.02321929857134819,0.06231766566634178,0.01055604126304388,0.1549483835697174,0.03579653427004814,0.005572150927037001,0.09789454936981201,0.009482158347964287,0.013866747729480267,0.04299316555261612,0.004445311147719622,0.05194687098264694,0.07754064351320267,0.020611677318811417,0.1001928299665451,0.03275938704609871,0.0704914778470993,0.07375279814004898,0.014934921637177467,0.007782065309584141,0.07907170802354813,0.033297374844551086,0.12939925491809845,0.01549843605607748,0.05878760293126106,0.018769552931189537,0.01727147586643696,0.005913258995860815,0.04694626107811928,0.040319815278053284,,,,,,,,,,,,,,,
unknown,る,182,183,272.2665,272.7665,0.9277344,,0.01668218895792961,0.027232468128204346,0.10898718982934952,0.1045895516872406,0.006989181507378817,0.08104386925697327,0.03634784370660782,0.012325397692620754,0.06562028080224991,0.07407538592815399,0.057055648416280746,0.04009152948856354,0.03102768585085869,0.09139762073755264,0.031518060714006424,0.1139003187417984,0.06721912324428558,0.0593528151512146,0.07615948468446732,0.03111601434648037,0.014097092673182487,0.04713545739650726,0.015567727386951447,0.02833721414208412,0.04929385334253311,0.0097478237003088,0.16899330914020538,0.04854099452495575,0.0055528441444039345,0.10453952103853226,0.009388026781380177,0.01489475928246975,0.03125770390033722,0.003885928075760603,0.05877644941210747,0.0836203321814537,0.02648654580116272,0.09546161442995071,0.026156926527619362,0.07899221032857895,0.07174966484308243,0.012382223270833492,0.011798026971518993,0.06532401591539383,0.03595659136772156,0.13279978930950165,0.022140035405755043,0.04753530025482178,0.013816424645483494,0.015553080476820469,0.00534594664350152,0.0502912737429142,0.042010579258203506,,,,,,,,,,,,,,,
unknown,美,184,185,278.22873,278.34857,0.9140625,,0.04339045286178589,0.054525792598724365,0.2529657781124115,0.13152949512004852,0.0027486386243253946,0.03746800869703293,0.021171655505895615,0.023895645514130592,0.05420342832803726,0.04133998602628708,0.06972485035657883,0.03943353891372681,0.026875099167227745,0.0901765525341034,0.026984818279743195,0.20064686238765717,0.054150864481925964,0.05275135487318039,0.03764110803604126,0.02040676213800907,0.010669191367924213,0.02127639763057232,0.011418876238167286,0.03799697756767273,0.04500281438231468,0.006309757474809885,0.22075355052947998,0.06841198354959488,0.005512314848601818,0.12730152904987335,0.005904948338866234,0.03440520912408829,0.019322944805026054,0.0027746506966650486,0.07969680428504944,0.14747773110866547,0.03773730620741844,0.11367561668157578,0.010814524255692959,0.1587994545698166,0.06834467500448227,0.017820416018366814,0.010867464356124401,0.03395416960120201,0.033982355147600174,0.25590062141418457,0.019408902153372765,0.03526083379983902,0.008596226572990417,0.028412271291017532,0.004084505140781403,0.023984301835298538,0.06633923202753067,,,,,,,,,,,,,,,
unknown,味,186,187,278.34857,278.50833,0.8852539,,0.04484633728861809,0.051907844841480255,0.22103917598724365,0.12756070494651794,0.004372002091258764,0.05069377273321152,0.025253377854824066,0.01981530338525772,0.062017977237701416,0.03238296881318092,0.04332324489951134,0.031542614102363586,0.02406875044107437,0.07542987912893295,0.03281228244304657,0.1777518093585968,0.07805180549621582,0.06365342438220978,0.04491426423192024,0.02630731649696827,0.01686299405992031,0.024944467470049858,0.012095313519239426,0.03368987515568733,0.06157686561346054,0.007499963045120239,0.24548515677452087,0.04807131364941597,0.008441813290119171,0.14179450273513794,0.00607725465670228,0.039303556084632874,0.03362872451543808,0.003124555107206106,0.07664913684129715,0.14389507472515106,0.03324789181351662,0.09213270246982574,0.011772128753364086,0.19580738246440887,0.07561078667640686,0.020874101668596268,0.0073224278166890144,0.0352083221077919,0.03764771670103073,0.27634483575820923,0.016634797677397728,0.050727229565382004,0.01026735920459032,0.03439212590456009,0.0050910464487969875,0.017248990014195442,0.07682551443576813,,,,,,,,,,,,,,,
unknown,し,188,189,278.50833,278.62817,0.98339844,,0.05975629761815071,0.06815841048955917,0.2616383731365204,0.1334860473871231,0.0031630555167794228,0.035385120660066605,0.013955963775515556,0.029114188626408577,0.03811728209257126,0.028046859428286552,0.04821799322962761,0.029901057481765747,0.019051216542720795,0.06835579127073288,0.026736140251159668,0.2117580771446228,0.07429690659046173,0.05681923031806946,0.033016834408044815,0.018650107085704803,0.01141910906881094,0.015108530409634113,0.007513059768825769,0.04408129304647446,0.032894544303417206,0.007500607054680586,0.34730052947998047,0.05378606170415878,0.00721488194540143,0.20313547551631927,0.0033788306172937155,0.054861947894096375,0.020144496113061905,0.002348721493035555,0.1078709214925766,0.21242105960845947,0.040444694459438324,0.12197864055633545,0.007967509329319,0.16834382712841034,0.06363902986049652,0.02267659641802311,0.007197797764092684,0.02532489039003849,0.029438350349664688,0.31260865926742554,0.01295714732259512,0.026603711768984795,0.010006546974182129,0.052643563598394394,0.0054372320882976055,0.014359774999320507,0.08341953903436661,,,,,,,,,,,,,,,
unknown,い,190,191,278.62817,279.12817,0.98291016,,0.05741634964942932,0.06677302718162537,0.2469947785139084,0.14167141914367676,0.0037323457654565573,0.04720298945903778,0.018122654408216476,0.024275079369544983,0.050347812473773956,0.03039322793483734,0.04708850011229515,0.03789675235748291,0.022752664983272552,0.07439526170492172,0.02725614421069622,0.17997512221336365,0.0688081830739975,0.08185076713562012,0.03857095167040825,0.021455934271216393,0.010948311537504196,0.018439896404743195,0.010455976240336895,0.0347522497177124,0.040666159242391586,0.0091035645455122,0.37615451216697693,0.04928590729832649,0.008011716417968273,0.20034697651863098,0.004048124421387911,0.0468946173787117,0.023987766355276108,0.002212343504652381,0.11411768943071365,0.19440795481204987,0.04334178939461708,0.10247354209423065,0.00914109218865633,0.17913921177387238,0.07682178169488907,0.018693208694458008,0.008082359097898006,0.027079056948423386,0.032952453941106796,0.27559125423431396,0.01275559514760971,0.030393706634640694,0.011258920654654503,0.049086444079875946,0.006808402482420206,0.015822917222976685,0.07975470274686813,,,,,,,,,,,,,,,
unknown,歌,192,193,285.05936,285.55936,0.82958984,,0.04535719379782677,0.06119393929839134,0.17355795204639435,0.17087186872959137,0.005655044224113226,0.058652374893426895,0.020624345168471336,0.020914718508720398,0.05165226757526398,0.03074324131011963,0.02859368734061718,0.045676250010728836,0.03972485661506653,0.05869471654295921,0.02646486833691597,0.07706466317176819,0.07290538400411606,0.0773010104894638,0.025006618350744247,0.02278980053961277,0.00966969970613718,0.01942341774702072,0.0103822723031044,0.03207444027066231,0.027558375149965286,0.005901734344661236,0.4379187226295471,0.04854120314121246,0.006189580541104078,0.2962980270385742,0.005988764576613903,0.03089161030948162,0.011796105653047562,0.00311384629458189,0.1549447476863861,0.1583874225616455,0.032932985574007034,0.10378088802099228,0.005396765191107988,0.0992652028799057,0.044388506561517715,0.009071437641978264,0.008677210658788681,0.014752918854355812,0.04485911875963211,0.13470827043056488,0.016878480091691017,0.015879401937127113,0.011779132299125195,0.03792625293135643,0.0046405186876654625,0.010284876450896263,0.04944455623626709,,,,,,,,,,,,,,,
unknown,ダ,194,195,289.73294,289.93268,0.8691406,,0.04261193424463272,0.05442217364907265,0.16716940701007843,0.18840345740318298,0.006907783914357424,0.0716852992773056,0.019023146480321884,0.022236334159970284,0.03921098634600639,0.03211399167776108,0.027513235807418823,0.04186548292636871,0.035735826939344406,0.04927865043282509,0.02742091566324234,0.0830230787396431,0.05824979767203331,0.07050895690917969,0.02722267434000969,0.022874217480421066,0.009920927695930004,0.019700996577739716,0.00856539886444807,0.03616246581077576,0.022478358820080757,0.005472572986036539,0.49639803171157837,0.0405459925532341,0.005352755542844534,0.36437469720840454,0.0051029943861067295,0.03650805354118347,0.009052926674485207,0.0030808746814727783,0.15157392621040344,0.19215576350688934,0.02683858573436737,0.08999066054821014,0.0052114264108240604,0.09555235505104065,0.04491894692182541,0.011781347915530205,0.005766304209828377,0.013823182322084904,0.04952935874462128,0.14850355684757233,0.010400517843663692,0.012108341790735722,0.014378787949681282,0.05278480798006058,0.004285651724785566,0.012094289064407349,0.05843963101506233,,,,,,,,,,,,,,,
unknown,ン,196,197,289.93268,290.1324,0.7988281,,0.032626695930957794,0.03876180574297905,0.1205863505601883,0.217873677611351,0.009772748686373234,0.10450424998998642,0.026188114657998085,0.015819566324353218,0.06109593063592911,0.030879415571689606,0.02714436501264572,0.03790048882365227,0.042846910655498505,0.05206943303346634,0.035052746534347534,0.06824936717748642,0.045003075152635574,0.07010394334793091,0.037141069769859314,0.03568660095334053,0.014084752649068832,0.02411225251853466,0.013553605414927006,0.023754287511110306,0.03905029594898224,0.005799167323857546,0.4481208920478821,0.02836848422884941,0.006124925799667835,0.32334214448928833,0.006862187758088112,0.03198953717947006,0.014804967679083347,0.0036658691242337227,0.13908615708351135,0.1505584865808487,0.019468484446406364,0.06681308150291443,0.0048700482584536076,0.10254046320915222,0.05450572445988655,0.011803828179836273,0.004367610439658165,0.014686320908367634,0.0842643529176712,0.12705595791339874,0.008597279898822308,0.019396981224417686,0.019265424460172653,0.053563375025987625,0.0051103257574141026,0.01170277502387762,0.05403942987322807,,,,,,,,,,,,,,,
unknown,ス,198,199,290.1324,290.6324,0.8457031,,0.05344397574663162,0.061938222497701645,0.1514490395784378,0.19222812354564667,0.008360627107322216,0.068916916847229,0.016233406960964203,0.021695531904697418,0.03443511947989464,0.018260367214679718,0.03782103955745697,0.051310617476701736,0.030123496428132057,0.048959098756313324,0.030794529244303703,0.0814681351184845,0.05824684351682663,0.1029273048043251,0.022492200136184692,0.02622283808887005,0.00878455676138401,0.01584484986960888,0.00813116692006588,0.02782125398516655,0.01902998425066471,0.005864404141902924,0.49106934666633606,0.03644275292754173,0.005903454497456551,0.31544655561447144,0.005332497879862785,0.03984875604510307,0.007330760359764099,0.0029232713859528303,0.1687564253807068,0.1650170534849167,0.03239290043711662,0.08002950996160507,0.0037057646550238132,0.11312545090913773,0.04827703908085823,0.013370211236178875,0.007415296509861946,0.010168055072426796,0.06023001670837402,0.16223028302192688,0.012787427753210068,0.01050889864563942,0.013282901607453823,0.05536681413650513,0.006223396863788366,0.004898993298411369,0.07050030678510666,,,,,,,,,,,,,,,
unknown,大,200,201,298.25455,298.5341,0.84375,,0.0413874126970768,0.05199798569083214,0.1374070793390274,0.1554042100906372,0.008921518921852112,0.06621565669775009,0.016586408019065857,0.02101348340511322,0.024465888738632202,0.018762508407235146,0.029461102560162544,0.0475359782576561,0.027423815801739693,0.04349047690629959,0.0278305783867836,0.08510605990886688,0.07586639374494553,0.11768724769353867,0.02159184031188488,0.02159348875284195,0.008365120738744736,0.017903104424476624,0.006326740141957998,0.03912995383143425,0.01330158207565546,0.0041120657697319984,0.5434556603431702,0.035349290817976,0.004547809716314077,0.3945178687572479,0.00513490242883563,0.04143403470516205,0.0061885761097073555,0.002794250613078475,0.15078236162662506,0.18123002350330353,0.025189466774463654,0.07435547560453415,0.004024377558380365,0.11564405262470245,0.036419253796339035,0.012481313198804855,0.004849338438361883,0.011428220197558403,0.04568970203399658,0.164284348487854,0.009274514392018318,0.008302797563374043,0.011037233285605907,0.04784476011991501,0.003640916896983981,0.0066133406944572926,0.08154498040676117,,,,,,,,,,,,,,,
unknown,事,202,203,298.5341,299.0341,0.9824219,,0.058936573565006256,0.06982936710119247,0.20603442192077637,0.1756075620651245,0.004786365199834108,0.04255826771259308,0.013340958394110203,0.02702639251947403,0.030148480087518692,0.015953226014971733,0.03874683007597923,0.05235283821821213,0.02538467012345791,0.046354301273822784,0.02495880052447319,0.10075511783361435,0.05652986466884613,0.1091889962553978,0.015770159661769867,0.01855260133743286,0.006842597387731075,0.01157098077237606,0.006563026458024979,0.03921942785382271,0.015864305198192596,0.00450839102268219,0.5605403184890747,0.045955002307891846,0.004691725131124258,0.3758006989955902,0.004449447151273489,0.04391711950302124,0.0060758511535823345,0.002361363498494029,0.18769773840904236,0.2046876698732376,0.031616125255823135,0.058750733733177185,0.002631210954859853,0.1272466480731964,0.03721165657043457,0.011544664390385151,0.006531966384500265,0.007696214132010937,0.03987988084554672,0.1886317878961563,0.011724615469574928,0.008572961203753948,0.00924369040876627,0.055793922394514084,0.004606117494404316,0.004550223704427481,0.07625097781419754,,,,,,,,,,,,,,,
unknown,探,204,205,302.0084,302.3678,0.9765625,,0.043781012296676636,0.0539071261882782,0.1381213217973709,0.20869848132133484,0.0061645410023629665,0.04274086654186249,0.011948232538998127,0.025562342256307602,0.01788748987019062,0.016157586127519608,0.025024056434631348,0.0339234434068203,0.013631680980324745,0.02574792504310608,0.030082516372203827,0.12062714248895645,0.07175520807504654,0.08036830276250839,0.012566326186060905,0.015478923916816711,0.010607206262648106,0.012634934857487679,0.0036022213753312826,0.06541645526885986,0.01210531685501337,0.0036339510697871447,0.53424471616745,0.03487561643123627,0.003987169358879328,0.43706196546554565,0.004292513709515333,0.0490991473197937,0.005981299094855785,0.0033228546380996704,0.12452879548072815,0.2507091462612152,0.028456950560212135,0.03866439685225487,0.00372874503955245,0.14098265767097473,0.026817763224244118,0.015407314524054527,0.0032823579385876656,0.006525526754558086,0.05766969546675682,0.2379141002893448,0.007569953333586454,0.007775144651532173,0.008968858979642391,0.05482300743460655,0.003388823941349983,0.006612603552639484,0.10437146574258804,,,,,,,,,,,,,,,
unknown,す,206,207,302.3678,302.8678,0.9980469,,0.0687139704823494,0.07502024620771408,0.2749204635620117,0.1690143495798111,0.0028291051276028156,0.024311598390340805,0.010727065615355968,0.04136166721582413,0.020529037341475487,0.014837455935776234,0.04150606319308281,0.04808048531413078,0.019118836149573326,0.04617924615740776,0.021273154765367508,0.13768287003040314,0.057145096361637115,0.08457403630018234,0.011209279298782349,0.009977850131690502,0.005189734976738691,0.009064950048923492,0.004373061005026102,0.0572357214987278,0.011600235477089882,0.004376376047730446,0.5516536831855774,0.05672875791788101,0.00515970541164279,0.4194856584072113,0.003727013012394309,0.06326863169670105,0.005058532115072012,0.0023936775978654623,0.19352732598781586,0.25941404700279236,0.03192596510052681,0.06034614145755768,0.002959461649879813,0.14119228720664978,0.0336005836725235,0.014389262534677982,0.00543444138020277,0.007586347870528698,0.0363401398062706,0.2354934811592102,0.008324981667101383,0.0068647307343780994,0.007731237914413214,0.06641028076410294,0.004194333683699369,0.004931311123073101,0.09239539504051208,,,,,,,,,,,,,,,
unknown,見,208,209,308.37997,308.53998,0.8208008,,0.06131725385785103,0.08005101978778839,0.2119319885969162,0.17417067289352417,0.0039044436998665333,0.03871644288301468,0.014349928125739098,0.03241347894072533,0.029861196875572205,0.03456231206655502,0.0454409159719944,0.04377175495028496,0.022206302732229233,0.04491376131772995,0.025248270481824875,0.12475159764289856,0.047728247940540314,0.06436081230640411,0.017590269446372986,0.014346623793244362,0.006443783640861511,0.013116894289851189,0.006356801372021437,0.03916265815496445,0.015555174089968204,0.005628492683172226,0.477094441652298,0.048504095524549484,0.005179222207516432,0.3559493124485016,0.004668928682804108,0.052911218255758286,0.006526420824229717,0.0025738636031746864,0.1620972752571106,0.2517542541027069,0.04614933207631111,0.07358642667531967,0.004926759749650955,0.11684550344944,0.03769686073064804,0.0114130899310112,0.006807434372603893,0.012747840955853462,0.05270237848162651,0.17757263779640198,0.006912099663168192,0.009461099281907082,0.010436140932142735,0.05508337542414665,0.005213800352066755,0.009319072589278221,0.06319421529769897,,,,,,,,,,,,,,,
unknown,る,210,211,308.53998,309.03998,0.99072266,,0.05043129622936249,0.07106795907020569,0.15274815261363983,0.16839110851287842,0.00348019041121006,0.03835999593138695,0.01930810697376728,0.025674747303128242,0.04383449628949165,0.035558465868234634,0.05119244381785393,0.04846213012933731,0.025921275839209557,0.05105834826827049,0.02211456000804901,0.1176912784576416,0.04900592193007469,0.08349666744470596,0.01886388473212719,0.012602592818439007,0.004873118828982115,0.013987094163894653,0.009212483651936054,0.03688118979334831,0.02063014544546604,0.006083682645112276,0.486729234457016,0.04586762189865112,0.005315204616636038,0.36612826585769653,0.0054398952051997185,0.04560135304927826,0.009031926281750202,0.001988510135561228,0.16667687892913818,0.23479609191417694,0.047353003174066544,0.06625335663557053,0.004595285281538963,0.113959401845932,0.042990174144506454,0.012369990348815918,0.009767520241439342,0.012690874747931957,0.04347798973321915,0.16662666201591492,0.01061316765844822,0.011627458035945892,0.010173521004617214,0.052341386675834656,0.005812769290059805,0.011776559054851532,0.061856966465711594,,,,,,,,,,,,,,,
unknown,待,212,213,314.02,314.21997,0.9428711,,0.06870551407337189,0.06643019616603851,0.24479247629642487,0.17006757855415344,0.003278274554759264,0.03211650997400284,0.023834502324461937,0.030538637191057205,0.043952826410532,0.020123688504099846,0.031039465218782425,0.050871558487415314,0.023841617628932,0.05518242344260216,0.025478648021817207,0.09215555340051651,0.0678693875670433,0.10274190455675125,0.015251366421580315,0.014184369705617428,0.006958372890949249,0.014062144793570042,0.011063874699175358,0.033628348261117935,0.02325604110956192,0.005812111310660839,0.5292691588401794,0.047872621566057205,0.008666003122925758,0.3780539631843567,0.007721961010247469,0.05361383408308029,0.008001046255230904,0.0028201043605804443,0.19173108041286469,0.19772836565971375,0.026212573051452637,0.041910771280527115,0.003697584383189678,0.12048327922821045,0.042623016983270645,0.011239757761359215,0.005822849925607443,0.009535515680909157,0.057278770953416824,0.16509997844696045,0.009120534174144268,0.012235294096171856,0.008912120014429092,0.058859311044216156,0.0057934061624109745,0.0048681641928851604,0.06296628713607788,,,,,,,,,,,,,,,
unknown,つ,214,215,314.21997,314.71997,0.9692383,,0.06212647631764412,0.05775913596153259,0.21148468554019928,0.14020377397537231,0.0036291584838181734,0.03596585616469383,0.030794603750109673,0.02802981063723564,0.04684222862124443,0.01893160492181778,0.029520127922296524,0.056433796882629395,0.022219080477952957,0.05157339572906494,0.02239217609167099,0.08547012507915497,0.05657340586185455,0.12914243340492249,0.018214808776974678,0.013383306562900543,0.006274957209825516,0.017475375905632973,0.011846722103655338,0.02996918559074402,0.027451064437627792,0.007512965239584446,0.5502555966377258,0.03995427489280701,0.008336253464221954,0.4021519422531128,0.009171999990940094,0.056752510368824005,0.010121459141373634,0.0028896129224449396,0.18928585946559906,0.18258650600910187,0.024091487750411034,0.03826236352324486,0.00449069868773222,0.1280910074710846,0.047823868691921234,0.014857237227261066,0.005318131297826767,0.011284314095973969,0.044968970119953156,0.16127713024616241,0.007887378334999084,0.013770995661616325,0.011004897765815258,0.06864997744560242,0.007550491020083427,0.005243554245680571,0.07152804732322693,,,,,,,,,,,,,,,
unknown,精,216,217,319.79236,320.23178,0.9580078,,0.06124809384346008,0.05547047033905983,0.24217583239078522,0.1434057205915451,0.00612059747800231,0.056527625769376755,0.022667458280920982,0.03285367041826248,0.02716778963804245,0.019461648538708687,0.028532184660434723,0.05530091002583504,0.02125958912074566,0.0542667992413044,0.029151342809200287,0.0865069255232811,0.06577292084693909,0.10601884126663208,0.028995200991630554,0.023665940389037132,0.011080187745392323,0.01988806203007698,0.008408425375819206,0.029824810102581978,0.018339084461331367,0.0072389389388263226,0.537493109703064,0.04041087627410889,0.007818813435733318,0.38673412799835205,0.00786600075662136,0.05322220176458359,0.008238387294113636,0.004493907559663057,0.18455804884433746,0.17645034193992615,0.0205667894333601,0.06471364945173264,0.005000143311917782,0.10651136189699173,0.05131795257329941,0.015089044347405434,0.0035405047237873077,0.01477643009275198,0.05157589912414551,0.16893251240253448,0.005418266635388136,0.011658976785838604,0.016331056132912636,0.07146388292312622,0.006730605848133564,0.004663760308176279,0.07063468545675278,,,,,,,,,,,,,,,
unknown,進,218,219,320.23178,320.73178,0.9296875,,0.05936679244041443,0.04938884451985359,0.14284732937812805,0.1427089124917984,0.032519977539777756,0.12414069473743439,0.038597799837589264,0.04258925840258598,0.023868529126048088,0.013418461196124554,0.013082297518849373,0.03865465521812439,0.04201458394527435,0.06418304890394211,0.0603899322450161,0.03976038843393326,0.06370800733566284,0.07005728036165237,0.06280660629272461,0.08779162913560867,0.046167127788066864,0.05494610592722893,0.015927910804748535,0.029640642926096916,0.01771344244480133,0.010747172869741917,0.4017937481403351,0.041595663875341415,0.010260183364152908,0.32206153869628906,0.024309596046805382,0.028843790292739868,0.0088137686252594,0.0246982853859663,0.1518465280532837,0.11730203032493591,0.017950482666492462,0.07435425370931625,0.010390669107437134,0.05895150080323219,0.06387969851493835,0.01022631861269474,0.003572756890207529,0.029765116050839424,0.09373047202825546,0.08973760902881622,0.006232074461877346,0.017082717269659042,0.05919841304421425,0.07941600680351257,0.008028358221054077,0.0040613748133182526,0.04759709909558296,,,,,,,,,,,,,,,
unknown,ベ,220,221,325.8644,326.0242,0.99121094,,0.05031716078519821,0.038190193474292755,0.10410293936729431,0.15130281448364258,0.015572956763207912,0.10138272494077682,0.027494847774505615,0.03200707957148552,0.034831270575523376,0.02395174838602543,0.045475613325834274,0.0658593624830246,0.04862400144338608,0.09161204844713211,0.0517418310046196,0.04943924769759178,0.051277343183755875,0.0732421725988388,0.053199924528598785,0.07018591463565826,0.02619006484746933,0.028983579948544502,0.021282082423567772,0.015842771157622337,0.019010843709111214,0.008224372752010822,0.29003557562828064,0.04017815366387367,0.008844811469316483,0.2044108659029007,0.017642689868807793,0.021958578377962112,0.008323968388140202,0.011530133895576,0.20328189432621002,0.08315456658601761,0.01556943729519844,0.06824254244565964,0.005693402141332626,0.05245434492826462,0.07578017562627792,0.009936295449733734,0.005105325486510992,0.01944831945002079,0.09746841341257095,0.09496697783470154,0.00933032389730215,0.016554156318306923,0.04298076406121254,0.06332186609506607,0.008266041986644268,0.004391354508697987,0.03816494345664978,,,,,,,,,,,,,,,
unknown,ッ,222,223,326.0242,326.2639,0.9609375,,0.04542175680398941,0.0281315129250288,0.09488346427679062,0.10182372480630875,0.02508903108537197,0.12161635607481003,0.026815157383680344,0.02675229124724865,0.021031992509961128,0.023711830377578735,0.050484951585531235,0.12178263813257217,0.0426519550383091,0.11269638687372208,0.07141236215829849,0.05291309580206871,0.03704086318612099,0.16486294567584991,0.04733343794941902,0.07698686420917511,0.02613936737179756,0.03061985969543457,0.020110512152314186,0.013786149211227894,0.010329877026379108,0.00989533867686987,0.3395666480064392,0.03539346158504486,0.007772567216306925,0.19181394577026367,0.015709972009062767,0.024521363899111748,0.006631574593484402,0.009606771171092987,0.21131457388401031,0.06330060958862305,0.010995207354426384,0.03957046940922737,0.00628837663680315,0.07122941315174103,0.07989300787448883,0.009771972894668579,0.0030612479895353317,0.01681811362504959,0.08762087672948837,0.10418305546045303,0.0051604690961539745,0.012721866369247437,0.030208516865968704,0.040072400122880936,0.009641272947192192,0.006215532310307026,0.0610898956656456,,,,,,,,,,,,,,,
unknown,ド,224,225,326.2639,326.7639,0.99902344,,0.02814130112528801,0.016752315685153008,0.06616351008415222,0.12790954113006592,0.04158788174390793,0.14826758205890656,0.03209215775132179,0.019166994839906693,0.03005828708410263,0.01662020944058895,0.037311580032110214,0.10747404396533966,0.05169316381216049,0.10355058312416077,0.10689596086740494,0.03347400948405266,0.037109021097421646,0.15809763967990875,0.05696887522935867,0.13702425360679626,0.06315506994724274,0.04053188115358353,0.028783490881323814,0.011802176013588905,0.01666097529232502,0.010231374762952328,0.24269039928913116,0.030968664214015007,0.007478943094611168,0.1317172348499298,0.02738839201629162,0.013990220613777637,0.009860608726739883,0.022525351494550705,0.18826647102832794,0.03530946746468544,0.007274399511516094,0.01981237158179283,0.006812678650021553,0.051570825278759,0.07995140552520752,0.0070594074204564095,0.0029098540544509888,0.014076068997383118,0.14314693212509155,0.07894344627857208,0.008761472068727016,0.02064940519630909,0.04704896733164787,0.03301654011011124,0.009718649089336395,0.004525054711848497,0.048485346138477325,,,,,,,,,,,,,,,
unknown,泳,226,227,331.6968,331.9365,0.9477539,,0.032628949731588364,0.019734790548682213,0.06080246716737747,0.12217143923044205,0.0257794801145792,0.11582954227924347,0.02896205335855484,0.022540731355547905,0.020812619477510452,0.009038454852998257,0.02818947099149227,0.09113383293151855,0.041417479515075684,0.08751585334539413,0.06554803997278214,0.025370564311742783,0.03849298506975174,0.12609273195266724,0.04095190390944481,0.09426324814558029,0.034513477236032486,0.029117081314325333,0.02312130108475685,0.010940643027424812,0.01218134630471468,0.00628329673781991,0.2959343492984772,0.0277161356061697,0.006657376419752836,0.20070645213127136,0.023817678913474083,0.011743280105292797,0.006646436173468828,0.016575731337070465,0.2343372255563736,0.034410376101732254,0.007361266762018204,0.025342993438243866,0.0030963586177676916,0.04856916517019272,0.0745844766497612,0.006971537135541439,0.0026771153789013624,0.008533761836588383,0.1070183664560318,0.0754830464720726,0.009003345854580402,0.012822387740015984,0.051594171673059464,0.05250074714422226,0.006810937542468309,0.0022840984165668488,0.042669814079999924,,,,,,,,,,,,,,,
unknown,ぐ,228,229,331.9365,332.4365,0.98876953,,0.028646569699048996,0.01860031858086586,0.053456082940101624,0.11911747604608536,0.022347869351506233,0.10299816727638245,0.028000781312584877,0.022259414196014404,0.019728966057300568,0.010409023612737656,0.03711820766329765,0.10366283357143402,0.0486670583486557,0.11567952483892441,0.06256524473428726,0.023543434217572212,0.042159851640462875,0.13652969896793365,0.03932575881481171,0.08176058530807495,0.02720390446484089,0.026849154382944107,0.026713810861110687,0.01002756878733635,0.009074721485376358,0.007626875303685665,0.29043471813201904,0.02997072972357273,0.007224098313599825,0.19157598912715912,0.021899759769439697,0.010156548582017422,0.006442431826144457,0.013884107582271099,0.2781734764575958,0.03253324329853058,0.007863789796829224,0.027963105589151382,0.0031485287472605705,0.03611543029546738,0.07670660316944122,0.005886950064450502,0.003382990835234523,0.009782413952052593,0.10983423888683319,0.060469500720500946,0.008794287219643593,0.01123873982578516,0.04844549298286438,0.04575179144740105,0.008541273884475231,0.0026097875088453293,0.03450632840394974,,,,,,,,,,,,,,,
unknown,作,230,231,337.57977,338.01877,0.671875,,0.026004189625382423,0.013028914108872414,0.03705062344670296,0.1013357937335968,0.032890595495700836,0.19395442306995392,0.03538583964109421,0.014201799407601357,0.02637072280049324,0.019352680072188377,0.029345549643039703,0.08088499307632446,0.0482659749686718,0.08671087771654129,0.07572358846664429,0.02424168772995472,0.03039661794900894,0.13863098621368408,0.10743339359760284,0.1236783117055893,0.033716462552547455,0.03913750499486923,0.03566792234778404,0.005628150887787342,0.015855934470891953,0.008867178112268448,0.23918229341506958,0.01655852235853672,0.008510767482221127,0.14268295466899872,0.0200656745582819,0.010533228516578674,0.008729309774935246,0.010192870162427425,0.18524233996868134,0.023522647097706795,0.005131957586854696,0.02335108257830143,0.005241320934146643,0.04289761930704117,0.07849377393722534,0.008367805741727352,0.0017686381470412016,0.020809181034564972,0.11084534227848053,0.06059649586677551,0.005155171267688274,0.017665550112724304,0.06591694802045822,0.03848922252655029,0.010070454329252243,0.005458487197756767,0.03803500905632973,,,,,,,,,,,,,,,
unknown,る,232,233,338.01877,338.51877,0.9453125,,0.055058203637599945,0.036131929606199265,0.10118105262517929,0.12947997450828552,0.014342092908918858,0.09221208095550537,0.018146758899092674,0.032028596848249435,0.01477421447634697,0.011995197273790836,0.03170574828982353,0.06497856974601746,0.033219411969184875,0.10057372599840164,0.053365036845207214,0.04147537797689438,0.05459655821323395,0.11130715906620026,0.05233151093125343,0.06033334508538246,0.01732286810874939,0.018901614472270012,0.01759031042456627,0.013948772102594376,0.00797736831009388,0.005921350326389074,0.3713265061378479,0.035437725484371185,0.010892065241932869,0.2553269863128662,0.010378018952906132,0.018984857946634293,0.004529278725385666,0.006757071241736412,0.23326823115348816,0.06312152743339539,0.012583853676915169,0.05223800614476204,0.0033271252177655697,0.06808222830295563,0.06457687169313431,0.007525259163230658,0.003522145329043269,0.015828154981136322,0.10197707265615463,0.10093848407268524,0.007064448669552803,0.009442700073122978,0.03494643047451973,0.051662627607584,0.006300092674791813,0.002744130091741681,0.05003628134727478,,,,,,,,,,,,,,,
unknown,ノ,234,235,343.56613,343.64597,0.9375,,0.05023721978068352,0.03879338502883911,0.06748520582914352,0.14353814721107483,0.01200671773403883,0.07168063521385193,0.020550163462758064,0.028617013245821,0.01878340169787407,0.010963133536279202,0.029891032725572586,0.07447979599237442,0.03953632339835167,0.10803183168172836,0.04091541841626167,0.03844047710299492,0.07815257459878922,0.13830578327178955,0.040133800357580185,0.04287996143102646,0.012209462933242321,0.01857098378241062,0.021225672215223312,0.019044550135731697,0.009512247517704964,0.006759045645594597,0.4311405420303345,0.039757415652275085,0.009729903191328049,0.29695606231689453,0.011333762668073177,0.016867926344275475,0.005857704672962427,0.005691519007086754,0.26496538519859314,0.06625282764434814,0.016730910167098045,0.06519083678722382,0.0035801290068775415,0.06256124377250671,0.06707116961479187,0.0077799526043236256,0.006374898366630077,0.012121354229748249,0.06791801005601883,0.09967481344938278,0.014763233251869678,0.009595091454684734,0.0303487591445446,0.056234054267406464,0.007240811828523874,0.003295518457889557,0.05581481754779816,,,,,,,,,,,,,,,
unknown,ー,236,237,343.64597,343.7657,0.7519531,,0.03488713875412941,0.026039596647024155,0.05338989943265915,0.11824510991573334,0.008584067225456238,0.07398223876953125,0.033778849989175797,0.022111404687166214,0.021537069231271744,0.016620520502328873,0.04752960428595543,0.12077389657497406,0.04873998090624809,0.14937274158000946,0.03561745584011078,0.04368290677666664,0.03392024710774422,0.1742350161075592,0.04089433327317238,0.03652946278452873,0.008128395304083824,0.022998923435807228,0.03374891355633736,0.013594219461083412,0.009206016547977924,0.007893108762800694,0.39963704347610474,0.03500670939683914,0.0051831272430717945,0.2724880278110504,0.015638522803783417,0.017043787986040115,0.005585852079093456,0.004330842290073633,0.2487826943397522,0.05743600055575371,0.014949451200664043,0.05625540763139725,0.004183249548077583,0.05712839215993881,0.0766235738992691,0.010884039103984833,0.00558763463050127,0.013425914570689201,0.06256161630153656,0.08918513357639313,0.008564499206840992,0.008867152035236359,0.027098488062620163,0.046662669628858566,0.0080402921885252,0.008142606355249882,0.05518002808094025,,,,,,,,,,,,,,,
unknown,ム,238,239,343.7657,344.2657,0.6152344,,0.02842540107667446,0.016272103413939476,0.03942447900772095,0.12597022950649261,0.01149823423475027,0.09665742516517639,0.02867717295885086,0.016106262803077698,0.02074928767979145,0.021842828020453453,0.0546712689101696,0.14194099605083466,0.045962125062942505,0.14215059578418732,0.04650508984923363,0.038357630372047424,0.031248459592461586,0.19413824379444122,0.04299144446849823,0.04736807942390442,0.010041884146630764,0.021362395957112312,0.0318477526307106,0.0076554943807423115,0.008764499798417091,0.005472351796925068,0.36716026067733765,0.024732543155550957,0.005084469448775053,0.21375155448913574,0.014399603009223938,0.012273228727281094,0.004736907780170441,0.004084836225956678,0.24499034881591797,0.037831295281648636,0.006552926730364561,0.046812742948532104,0.0031817806884646416,0.06123848631978035,0.07377634197473526,0.007517269812524319,0.00212623062543571,0.010846930555999279,0.0820012092590332,0.08158254623413086,0.003953706007450819,0.008485972881317139,0.0236559696495533,0.03307986259460449,0.006093624047935009,0.006257176399230957,0.05645597726106644,,,,,,,,,,,,,,,
unknown,つ,240,241,349.4901,349.72974,0.89697266,,0.02273155190050602,0.01590399257838726,0.037023138254880905,0.14905127882957458,0.01170180831104517,0.08876269310712814,0.02750263176858425,0.012976428493857384,0.021325113251805305,0.024929922074079514,0.04525750130414963,0.12333644926548004,0.03801017627120018,0.09957314282655716,0.04564478620886803,0.03924354165792465,0.043531157076358795,0.17864760756492615,0.027015119791030884,0.0366131030023098,0.009909015148878098,0.01938718371093273,0.021868180483579636,0.009833096526563168,0.007674308959394693,0.0038803324569016695,0.4278176724910736,0.022337717935442924,0.004296496976166964,0.28433969616889954,0.013829403556883335,0.013398725539445877,0.0037827801425009966,0.004287934862077236,0.24566885828971863,0.04893582686781883,0.007144294213503599,0.046533793210983276,0.002749229781329632,0.06115701049566269,0.04892294481396675,0.00701924366876483,0.0020786046516150236,0.007384945638477802,0.0986427515745163,0.08551790565252304,0.004454730078577995,0.006422459613531828,0.019034339115023613,0.03200343996286392,0.004234697669744492,0.0057808891870081425,0.055856335908174515,,,,,,,,,,,,,,,
unknown,く,242,243,349.72974,350.22974,0.98779297,,0.043305933475494385,0.02881600335240364,0.06405020505189896,0.22857406735420227,0.015522001311182976,0.09858375042676926,0.015074806287884712,0.024023300036787987,0.02442137710750103,0.019167210906744003,0.03361821919679642,0.08212463557720184,0.03965088352560997,0.08983796089887619,0.059321772307157516,0.030100921168923378,0.03293867036700249,0.1214851662516594,0.03178690746426582,0.06100519374012947,0.016971100121736526,0.016778642311692238,0.017799345776438713,0.010773907415568829,0.012348785065114498,0.004909517243504524,0.37731292843818665,0.03330455347895622,0.007849041372537613,0.21558533608913422,0.009948407299816608,0.00977370236068964,0.0036881326232105494,0.006463280878961086,0.20946666598320007,0.05080704763531685,0.009658275172114372,0.07720575481653214,0.003080653725191951,0.07955163717269897,0.051518525928258896,0.0037109870463609695,0.003092648461461067,0.008564133197069168,0.13871842622756958,0.07145465910434723,0.0072323232889175415,0.009581073187291622,0.02370518632233143,0.034737978130578995,0.005191062577068806,0.0042414311319589615,0.054065048694610596,,,,,,,,,,,,,,,
unknown,高,244,245,355.6008,355.92032,0.9814453,,0.06277279555797577,0.03297564014792442,0.10826295614242554,0.24072366952896118,0.006088591646403074,0.08153660595417023,0.005055231042206287,0.042720355093479156,0.028269067406654358,0.05196255072951317,0.04097547382116318,0.06805738061666489,0.0673823282122612,0.06798119097948074,0.045018039643764496,0.0498177707195282,0.01903936080634594,0.046697162091732025,0.029852543026208878,0.04960720241069794,0.013569253496825695,0.006553033832460642,0.012865307740867138,0.012679744511842728,0.013679406605660915,0.001874929410405457,0.33511441946029663,0.046362586319446564,0.006505046505481005,0.19890442490577698,0.002482105977833271,0.011660882271826267,0.0021928134374320507,0.0027131333481520414,0.19340164959430695,0.06545287370681763,0.005561370402574539,0.059485264122486115,0.001198573037981987,0.08741404861211777,0.06524596363306046,0.004470838699489832,0.0015359038952738047,0.004795202519744635,0.11416669934988022,0.11168480664491653,0.0046578929759562016,0.007724227383732796,0.0314255990087986,0.08582353591918945,0.0021531512029469013,0.0041797286830842495,0.05991204455494881,,,,,,,,,,,,,,,
unknown,い,246,247,355.92032,356.42032,0.99609375,,0.06550479680299759,0.030407410115003586,0.095396988093853,0.23745588958263397,0.0074318828992545605,0.09604512155056,0.003962019458413124,0.04620284587144852,0.03163885697722435,0.05377331003546715,0.03138482943177223,0.06857108324766159,0.08772388845682144,0.0657314881682396,0.05846547335386276,0.03447075933218002,0.019135046750307083,0.04922913759946823,0.028113534674048424,0.06536327302455902,0.01742199994623661,0.00520552322268486,0.017765967175364494,0.011721777729690075,0.012518742121756077,0.0016072322614490986,0.31121858954429626,0.048998814076185226,0.01066951360553503,0.18004776537418365,0.0019260609988123178,0.007259642705321312,0.0017522474518045783,0.002327458932995796,0.21006213128566742,0.05135722830891609,0.004389430861920118,0.033574461936950684,0.0008620854350738227,0.07705341279506683,0.056731563061475754,0.002681674202904105,0.0016395138809457421,0.0031227879226207733,0.14002417027950287,0.08354060351848602,0.0069567481987178326,0.007658333983272314,0.03470512479543686,0.088593490421772,0.001946635078638792,0.004161974880844355,0.049818918108940125,,,,,,,,,,,,,,,
unknown,す,248,249,362.40262,362.56223,0.99560547,,0.06059196591377258,0.024961140006780624,0.08426538854837418,0.24904724955558777,0.007582562975585461,0.07599733769893646,0.0040234848856925964,0.03645868971943855,0.024643730372190475,0.03615115210413933,0.024935206398367882,0.048005636781454086,0.07276467233896255,0.057767029851675034,0.05376823991537094,0.03291637822985649,0.0377921387553215,0.05162356048822403,0.027275020256638527,0.05552160367369652,0.016752326861023903,0.005381828639656305,0.015713714063167572,0.013674345798790455,0.009544254280626774,0.0014351090649142861,0.32409948110580444,0.037729837000370026,0.013444903306663036,0.1974196583032608,0.0021993438713252544,0.007183265406638384,0.001746842754073441,0.002420892473310232,0.20655496418476105,0.052608683705329895,0.0035464861430227757,0.02864946611225605,0.000919231039006263,0.06917612999677658,0.04576185718178749,0.0030227317474782467,0.0013095709728077054,0.0033473700750619173,0.1584201157093048,0.08876034617424011,0.007596237119287252,0.007003617938607931,0.027444202452898026,0.07736758887767792,0.00180346448905766,0.0029026081319898367,0.05320057272911072,,,,,,,,,,,,,,,
unknown,ぐ,250,251,362.56223,362.72183,0.9980469,,0.05438843369483948,0.028664948418736458,0.07606346905231476,0.2993508577346802,0.005243775434792042,0.05532049387693405,0.005420160014182329,0.03721221163868904,0.026768434792757034,0.018985969945788383,0.018171146512031555,0.044990863651037216,0.04956071078777313,0.04846696928143501,0.03036411851644516,0.03234425559639931,0.057815130800008774,0.08050867170095444,0.02110716886818409,0.027124740183353424,0.008890544064342976,0.005997585132718086,0.012680944986641407,0.022888509556651115,0.012795498594641685,0.001436697319149971,0.43992292881011963,0.042890846729278564,0.011489871889352798,0.3133981227874756,0.0028161676600575447,0.00890469178557396,0.0020389382261782885,0.0021329864393919706,0.20877984166145325,0.07133536785840988,0.0051976898685097694,0.025575781241059303,0.0010572579922154546,0.07547680288553238,0.052706848829984665,0.004291021265089512,0.0025383727625012398,0.0028359065763652325,0.13275963068008423,0.10582177340984344,0.014059724286198616,0.0062521700747311115,0.02573995105922222,0.11886834353208542,0.0016878430033102632,0.002060017781332135,0.06846179068088531,,,,,,,,,,,,,,,
unknown,に,252,253,362.72183,362.88144,0.9941406,,0.036585431545972824,0.019987648352980614,0.06264127790927887,0.20981985330581665,0.006542614661157131,0.10823759436607361,0.00878504104912281,0.027785297483205795,0.02925979718565941,0.025196418166160583,0.038481757044792175,0.057132720947265625,0.054548900574445724,0.09897591918706894,0.03408338502049446,0.04950621724128723,0.03738342225551605,0.07695741951465607,0.06024451553821564,0.04147911071777344,0.009865366853773594,0.009733119048178196,0.019583595916628838,0.013595836237072945,0.019143743440508842,0.002711920067667961,0.30674150586128235,0.034137237817049026,0.01036926731467247,0.19449031352996826,0.0029025310650467873,0.011455651372671127,0.004822158720344305,0.0017563214059919119,0.1687885969877243,0.05853695794939995,0.005867708008736372,0.042953815311193466,0.0020411319565027952,0.07116706669330597,0.10801089555025101,0.010135996155440807,0.0032722814939916134,0.007714993320405483,0.10584841668605804,0.12724746763706207,0.011063095182180405,0.011451479978859425,0.03835366666316986,0.10830918699502945,0.00295564834959805,0.005943935830146074,0.06089664623141289,,,,,,,,,,,,,,,
unknown,か,254,255,362.88144,363.04105,0.6479492,,0.07548787444829941,0.036229394376277924,0.11781281232833862,0.16009493172168732,0.0034115889575332403,0.04661102220416069,0.009112455882132053,0.056084081530570984,0.01883123442530632,0.01921422965824604,0.03810882940888405,0.07380599528551102,0.059078000485897064,0.11029800772666931,0.02489868365228176,0.05841095745563507,0.03112882375717163,0.09117430448532104,0.028429144993424416,0.024032263085246086,0.006093956064432859,0.008011330850422382,0.021117931231856346,0.020494457334280014,0.009190977551043034,0.002221050439402461,0.37696874141693115,0.05975087359547615,0.00881748553365469,0.2525113821029663,0.004383697174489498,0.016514906659722328,0.002246933290734887,0.0019223488634452224,0.20667991042137146,0.07742077112197876,0.008822271600365639,0.033467892557382584,0.0018034852109849453,0.10047812759876251,0.07785286009311676,0.00878110434859991,0.0034153873566538095,0.005757871083915234,0.08794557303190231,0.13722528517246246,0.008374318480491638,0.006712541449815035,0.025653699412941933,0.11945848912000656,0.0024606226943433285,0.0048445831052958965,0.08010868728160858,,,,,,,,,,,,,,,
unknown,つ,256,257,363.04105,363.54105,0.9824219,,0.050526972860097885,0.029314205050468445,0.08119498938322067,0.17090687155723572,0.0027269315905869007,0.04580412432551384,0.00669771758839488,0.03129032999277115,0.01630910485982895,0.017209487035870552,0.047261036932468414,0.07811228930950165,0.040297575294971466,0.11533910036087036,0.02549857087433338,0.06975138187408447,0.04773077741265297,0.12596765160560608,0.023042844608426094,0.016697000712156296,0.0033928127959370613,0.004591909237205982,0.016794478520751,0.016732098534703255,0.006703083869069815,0.0017412814777344465,0.45325765013694763,0.04168372601270676,0.009924978949129581,0.3017531633377075,0.0024139033630490303,0.01613008789718151,0.002594545017927885,0.0008232099935412407,0.259038507938385,0.08277580887079239,0.009226649068295956,0.036464396864175797,0.0010440562618896365,0.11382880806922913,0.06499429047107697,0.0072260587476193905,0.003268301486968994,0.0038005744572728872,0.07785051316022873,0.16265860199928284,0.00731034716591239,0.0049897609278559685,0.01439131610095501,0.07848437875509262,0.0022065448574721813,0.003249390749260783,0.08157580345869064,,,,,,,,,,,,,,,
unknown,4,258,259,368.66708,368.78677,0.6191406,,0.025611750781536102,0.013552301563322544,0.06534165143966675,0.11579277366399765,0.005167142953723669,0.06995618343353271,0.01024461816996336,0.024245833978056908,0.014555132947862148,0.047117024660110474,0.07944214344024658,0.11230519413948059,0.03522786870598793,0.1061740517616272,0.0360022597014904,0.07485627382993698,0.03486059606075287,0.12602190673351288,0.02768350951373577,0.022750437259674072,0.005659444257616997,0.00834567565470934,0.013527927920222282,0.012595142237842083,0.0046906853094697,0.0015597464516758919,0.3207787871360779,0.0361417755484581,0.005964248441159725,0.22384466230869293,0.0044010840356349945,0.01694805733859539,0.0016511079156771302,0.0016331420047208667,0.179632306098938,0.04981687292456627,0.004222285933792591,0.026085950434207916,0.0017204044852405787,0.07143744081258774,0.05485723540186882,0.010537146590650082,0.001703370362520218,0.005864309147000313,0.12243657559156418,0.13195641338825226,0.0038143228739500046,0.004065577406436205,0.017030159011483192,0.05273626744747162,0.0017655080882832408,0.007371243089437485,0.07368239015340805,,,,,,,,,,,,,,,
unknown,い,260,261,368.78677,369.28677,0.72802734,,0.04064813628792763,0.03144588693976402,0.09680259227752686,0.09966246038675308,0.003758786479011178,0.04089820384979248,0.008685948327183723,0.03172409161925316,0.01711789146065712,0.033159494400024414,0.1246865913271904,0.0981317088007927,0.0248809102922678,0.12041011452674866,0.033764660358428955,0.13741683959960938,0.053995903581380844,0.12402379512786865,0.016912227496504784,0.014750702306628227,0.0042349486611783504,0.006345233879983425,0.009871751070022583,0.021687136963009834,0.005451641511172056,0.002335101133212447,0.32941296696662903,0.056438978761434555,0.007546348497271538,0.21019229292869568,0.003379307920113206,0.03306524455547333,0.0023888119030743837,0.0012531874235719442,0.18072867393493652,0.07944033294916153,0.014011464081704617,0.04300304874777794,0.0020513529889285564,0.11523396521806717,0.06419390439987183,0.015428227372467518,0.0066179852001369,0.0060746148228645325,0.08116955310106277,0.2156357765197754,0.011631499044597149,0.004959954414516687,0.010020190849900246,0.05380147323012352,0.0026738957967609167,0.006989719346165657,0.0931558609008789,,,,,,,,,,,,,,,
unknown,打,262,263,374.0702,374.2698,0.9814453,,0.0356147326529026,0.011737098917365074,0.03822481259703636,0.13887356221675873,0.008834121748805046,0.08873727172613144,0.005760139785706997,0.016419261693954468,0.023691382259130478,0.02931889332830906,0.10184232145547867,0.11499109119176865,0.05156785249710083,0.09657076746225357,0.07382328808307648,0.0917772427201271,0.01589827425777912,0.141056090593338,0.022039463743567467,0.04778091982007027,0.011161234229803085,0.005244805011898279,0.02313423901796341,0.008203503675758839,0.0074083236977458,0.0019177064532414079,0.23594817519187927,0.02448357082903385,0.006291146390140057,0.10254738479852676,0.002924654632806778,0.012087509967386723,0.0019681008998304605,0.001335394335910678,0.1965799182653427,0.03011341765522957,0.004110133741050959,0.007887586019933224,0.0013026088709011674,0.1348908245563507,0.05988537520170212,0.010204303078353405,0.0016485066153109074,0.0021323412656784058,0.16721050441265106,0.20836837589740753,0.007644246332347393,0.006182740442454815,0.019518617540597916,0.05538981035351753,0.0027570812962949276,0.005742852110415697,0.11144143342971802,,,,,,,,,,,,,,,
unknown,歌,264,265,374.2698,374.7698,0.8935547,,0.013621637597680092,0.006273155100643635,0.03437606990337372,0.11641420423984528,0.015539183281362057,0.13778091967105865,0.010200547985732555,0.007437659427523613,0.027692250907421112,0.041417788714170456,0.10706618428230286,0.1206158921122551,0.0444738008081913,0.08720902353525162,0.09526171535253525,0.0726635605096817,0.016354819759726524,0.11794976890087128,0.03065231628715992,0.07634720951318741,0.02058178372681141,0.009719264693558216,0.019714457914233208,0.005538918077945709,0.007907262071967125,0.0024548450019210577,0.2343146800994873,0.01458515040576458,0.003299533622339368,0.10563018918037415,0.005345099605619907,0.013868525624275208,0.00307624158449471,0.002901982283219695,0.19430121779441833,0.0236385315656662,0.002836148254573345,0.011129647493362427,0.0017239941516891122,0.07361543923616409,0.04765219986438751,0.010192225687205791,0.000967681291513145,0.003268050029873848,0.1987529993057251,0.14307530224323273,0.004085809923708439,0.006950331386178732,0.022167712450027466,0.02954014763236046,0.003224867396056652,0.00707405898720026,0.06798997521400452,,,,,,,,,,,,,,,
unknown,す,266,267,379.89914,380.05884,0.98583984,,0.011631978675723076,0.006609514821320772,0.036189865320920944,0.11399586498737335,0.012113391421735287,0.11891336739063263,0.010333582758903503,0.006848560646176338,0.030217409133911133,0.07097163051366806,0.1391865313053131,0.11703664809465408,0.05060092359781265,0.1002836748957634,0.07776101678609848,0.07349448651075363,0.025135057047009468,0.12505750358104706,0.03602930158376694,0.06421780586242676,0.014811243861913681,0.010061831213533878,0.02212277613580227,0.006603714544326067,0.006211424712091684,0.003486083820462227,0.2759073078632355,0.016644570976495743,0.00418449193239212,0.12003937363624573,0.004098040983080864,0.008832823485136032,0.00322788767516613,0.002022373955696821,0.21237435936927795,0.029107652604579926,0.0032634520903229713,0.013079308904707432,0.002124898601323366,0.0478380061686039,0.05189361423254013,0.007274962496012449,0.0013932102592661977,0.005251499358564615,0.1364070028066635,0.11032923310995102,0.004458942450582981,0.006521226838231087,0.018090054392814636,0.023419825360178947,0.004778330679982901,0.00988716445863247,0.0501314215362072,,,,,,,,,,,,,,,
unknown,る,268,269,380.05884,380.55884,0.9526367,,0.006803535856306553,0.005699653644114733,0.03011314384639263,0.15440653264522552,0.0062085590325295925,0.07969937473535538,0.014485817402601242,0.0053207725286483765,0.037577882409095764,0.07770579308271408,0.12602226436138153,0.10252410173416138,0.05126287415623665,0.08313232660293579,0.04946451261639595,0.07646381109952927,0.025199253112077713,0.13228939473628998,0.023311154916882515,0.03213632106781006,0.007117757108062506,0.010490846820175648,0.019922543317079544,0.010161982849240303,0.005982664413750172,0.0029047138523310423,0.38045626878738403,0.016306011006236076,0.002725126687437296,0.21321076154708862,0.004590849857777357,0.007152804639190435,0.0034131910651922226,0.0015549524687230587,0.19096264243125916,0.04442346841096878,0.003951165825128555,0.010488985106348991,0.0019355451222509146,0.04638848826289177,0.04203321784734726,0.007045550737529993,0.0015406771562993526,0.00485538225620985,0.1538330614566803,0.10004161298274994,0.0037844819016754627,0.005292598158121109,0.014179741032421589,0.0214463509619236,0.003959846682846546,0.014528742991387844,0.0510048009455204,,,,,,,,,,,,,,,
unknown,ナ,270,271,392.28812,392.44772,0.7182617,,0.007886450737714767,0.0069208149798214436,0.03008071519434452,0.16925792396068573,0.006462511140853167,0.09183856099843979,0.013279539532959461,0.006000860128551722,0.05317889153957367,0.09202101826667786,0.09672917425632477,0.0696018785238266,0.06101850047707558,0.07543221116065979,0.043561339378356934,0.0725347101688385,0.03250187635421753,0.0824432224035263,0.03567197173833847,0.037874866276979446,0.00853006262332201,0.011245457455515862,0.018583856523036957,0.011835982091724873,0.011474705301225185,0.0028720484115183353,0.33794209361076355,0.017306596040725708,0.0040796492248773575,0.21423670649528503,0.0037563194055110216,0.005081765819340944,0.006139911245554686,0.001633841311559081,0.16708028316497803,0.05042121559381485,0.004158976953476667,0.018638791516423225,0.0023994401562958956,0.050696440041065216,0.05603474751114845,0.006827265955507755,0.0018410311313346028,0.006789115257561207,0.11856739223003387,0.10328130424022675,0.0055779628455638885,0.009609890170395374,0.01945227012038231,0.028525378555059433,0.003520859405398369,0.01451993640512228,0.04731522873044014,,,,,,,,,,,,,,,
unknown,ム,272,273,392.44772,392.60733,0.8935547,,0.008539042435586452,0.005576191004365683,0.035977017134428024,0.17963643372058868,0.004054847173392773,0.08754372596740723,0.010925152339041233,0.006615843158215284,0.04710068926215172,0.09879804402589798,0.1389102339744568,0.08317393064498901,0.05391087755560875,0.09847147762775421,0.04165354743599892,0.09473136812448502,0.022480115294456482,0.080128975212574,0.040688931941986084,0.03649294748902321,0.007185865193605423,0.009803221561014652,0.0185764841735363,0.007246094290167093,0.012979244813323021,0.0028551879804581404,0.22912734746932983,0.017367113381624222,0.003675286890938878,0.11767599731683731,0.003262924961745739,0.006092207971960306,0.006166134495288134,0.001326554687693715,0.14344799518585205,0.03482796996831894,0.0028826589696109295,0.019441574811935425,0.002295965328812599,0.06580838561058044,0.07108855247497559,0.009347452782094479,0.0011002124520018697,0.008677801117300987,0.1479148268699646,0.12543612718582153,0.00321086123585701,0.010759998112916946,0.018024619668722153,0.025756757706403732,0.0036844781134277582,0.013916121795773506,0.0511445552110672,,,,,,,,,,,,,,,
unknown,コ,274,275,392.60733,393.10733,0.625,,0.007699433248490095,0.00607196893543005,0.037170592695474625,0.1641572266817093,0.0057008955627679825,0.10328485816717148,0.009012996219098568,0.006146915722638369,0.04469006508588791,0.18151281774044037,0.14211875200271606,0.08439195156097412,0.06667209416627884,0.06532403826713562,0.03911920636892319,0.0934537798166275,0.0554719902575016,0.060401033610105515,0.031179262325167656,0.03030201978981495,0.008536816574633121,0.010083898901939392,0.011817941442131996,0.008780229836702347,0.010167358443140984,0.001807219348847866,0.20111683011054993,0.018148578703403473,0.0032384328078478575,0.11140899360179901,0.0027369523886591196,0.0078021627850830555,0.004199333488941193,0.001481057028286159,0.146644726395607,0.03735145926475525,0.002785039134323597,0.02457031048834324,0.0023545604199171066,0.039946991950273514,0.054254014045000076,0.010152368806302547,0.0011856802739202976,0.006493499502539635,0.11559449881315231,0.12559279799461365,0.0046419124118983746,0.007050771266222,0.017723355442285538,0.030490610748529434,0.0021811367478221655,0.015235709957778454,0.04148051515221596,,,,,,,,,,,,,,,
unknown,付,276,277,397.75494,397.91455,0.8881836,,0.011898688971996307,0.009395678527653217,0.03848845139145851,0.13295142352581024,0.006933250464498997,0.08151713758707047,0.006384292151778936,0.007895132526755333,0.028240881860256195,0.13888052105903625,0.12801796197891235,0.0956912711262703,0.062457744032144547,0.05843410640954971,0.04404943063855171,0.10784351080656052,0.06615102291107178,0.1007177010178566,0.0234207846224308,0.0256346482783556,0.006683087907731533,0.006747671868652105,0.011498024687170982,0.012549157254397869,0.005109578836709261,0.0014853576431050897,0.2940201163291931,0.01968914270401001,0.004171628039330244,0.17072835564613342,0.002044040709733963,0.010152649134397507,0.0029668763745576143,0.0010388368973508477,0.18423916399478912,0.05919041484594345,0.004108337685465813,0.01927492395043373,0.0016391841927543283,0.06102481484413147,0.03534069284796715,0.007376544177532196,0.0012008256744593382,0.004765984136611223,0.08075574785470963,0.14297734200954437,0.0037900737952440977,0.004685650579631329,0.013135246932506561,0.02891428954899311,0.0020442106761038303,0.009556976146996021,0.0619218572974205,,,,,,,,,,,,,,,
unknown,き,278,279,397.91455,398.07416,0.9550781,,0.009630695916712284,0.00884187687188387,0.03724222257733345,0.13346461951732635,0.006029084790498018,0.08480221778154373,0.008073253557085991,0.006421228405088186,0.03811226412653923,0.15407520532608032,0.16555747389793396,0.1037432998418808,0.07674989849328995,0.0693293884396553,0.042625367641448975,0.10684545338153839,0.05789322033524513,0.08839064091444016,0.023575961589813232,0.028589243069291115,0.0064444588497281075,0.007622887846082449,0.014906685799360275,0.010091676376760006,0.005976477172225714,0.00173453229945153,0.2525005340576172,0.01970674656331539,0.0031540081836283207,0.13437509536743164,0.0025488913524895906,0.009949411265552044,0.003189514623954892,0.0011105197481811047,0.1868920475244522,0.05156259983778,0.005083462223410606,0.022815141826868057,0.0017902716062963009,0.04343526437878609,0.03902279585599899,0.0083933025598526,0.0018085077172145247,0.005017356015741825,0.08602676540613174,0.12368009239435196,0.004873668774962425,0.004882595036178827,0.013875898905098438,0.027756430208683014,0.0024266026448458433,0.012234488502144814,0.04488563910126686,,,,,,,,,,,,,,,
unknown,合,280,281,398.07416,398.2338,0.95947266,,0.009324942715466022,0.009171782992780209,0.02560380846261978,0.12465544790029526,0.007852194830775261,0.09316292405128479,0.00817015115171671,0.007399667985737324,0.032138146460056305,0.19845426082611084,0.16016285121440887,0.1053384467959404,0.07163102179765701,0.07825766503810883,0.05146639421582222,0.07749419659376144,0.041164759546518326,0.06964793056249619,0.021992996335029602,0.035793423652648926,0.007972272112965584,0.007459024433046579,0.015313916839659214,0.009924273937940598,0.0045156595297157764,0.0018225072417408228,0.24097943305969238,0.022592123597860336,0.0029895894695073366,0.1487651914358139,0.0027980676386505365,0.006638994440436363,0.0023649181239306927,0.0012955134734511375,0.2023419588804245,0.047121912240982056,0.005268213339149952,0.02761777676641941,0.001440132036805153,0.02428806945681572,0.04207838326692581,0.006400722078979015,0.002482309238985181,0.004055256024003029,0.08364173024892807,0.08307281136512756,0.006201632786542177,0.004219189286231995,0.013756184838712215,0.024384040385484695,0.0023805780801922083,0.017738521099090576,0.03156178444623947,,,,,,,,,,,,,,,
unknown,う,282,283,398.2338,398.7338,0.9614258,,0.004831178113818169,0.00488792359828949,0.018948642536997795,0.07283965498209,0.00770591851323843,0.08077070862054825,0.017474772408604622,0.005371098406612873,0.034472204744815826,0.17540061473846436,0.2637336254119873,0.16399909555912018,0.053768906742334366,0.10871168226003647,0.05233118683099747,0.07930304855108261,0.01971101015806198,0.11039930582046509,0.01618117280304432,0.029745252802968025,0.006652139127254486,0.010432355105876923,0.018014047294855118,0.007829951122403145,0.0037204634863883257,0.0021176408044993877,0.2185266613960266,0.02036500908434391,0.0017470918828621507,0.1487678736448288,0.006151674780994654,0.006063481327146292,0.002190746134147048,0.0016284346347674727,0.19278816878795624,0.0326974093914032,0.0033690526615828276,0.017032155767083168,0.0015976489521563053,0.020160658285021782,0.044789526611566544,0.009699750691652298,0.002480283845216036,0.00425012456253171,0.07039602100849152,0.06970128417015076,0.004771799314767122,0.00383303826674819,0.01064270082861185,0.015591583214700222,0.0025464266072958708,0.024093061685562134,0.03186047449707985,,,,,,,,,,,,,,,
unknown,全,284,285,403.71545,403.99478,0.9941406,,0.0044563403353095055,0.006085071247071028,0.01661366969347,0.08734681457281113,0.013639992102980614,0.15045291185379028,0.015636460855603218,0.005197780206799507,0.03659909591078758,0.22729982435703278,0.19345323741436005,0.08601538836956024,0.04755696281790733,0.07293311506509781,0.06889268010854721,0.06024867668747902,0.023294344544410706,0.05836860463023186,0.03534288331866264,0.06608624756336212,0.013719330541789532,0.012092648074030876,0.016383036971092224,0.008471405133605003,0.004777231719344854,0.0023035912308841944,0.2162429392337799,0.017016161233186722,0.0026884512044489384,0.17748185992240906,0.004893235396593809,0.003984075039625168,0.0033263664226979017,0.002060023369267583,0.15863388776779175,0.036135055124759674,0.004519072826951742,0.01746702380478382,0.001564605045132339,0.013420847244560719,0.0459982305765152,0.00714276684448123,0.0030431998893618584,0.005638023838400841,0.08696554601192474,0.05482961982488632,0.007017366588115692,0.005679607857018709,0.01927393674850464,0.017376350238919258,0.0029479586519300938,0.029899749904870987,0.02041027881205082,,,,,,,,,,,,,,,
unknown,体,286,287,403.99478,404.49478,0.9995117,,0.004248707089573145,0.003626218531280756,0.015227781608700752,0.0633733794093132,0.021081404760479927,0.24604958295822144,0.05792299285531044,0.004132941830903292,0.08556555956602097,0.16881603002548218,0.11550872027873993,0.0852571651339531,0.08555006235837936,0.07907752692699432,0.09022950381040573,0.030222447589039803,0.016418874263763428,0.04747401550412178,0.08845899999141693,0.19055414199829102,0.04339533671736717,0.04062901437282562,0.05744490027427673,0.0034214663319289684,0.017986813560128212,0.004604816436767578,0.08279087394475937,0.01335536502301693,0.0028643303085118532,0.05821007117629051,0.027230143547058105,0.0028146635740995407,0.007311069406569004,0.008472936227917671,0.12102397531270981,0.008154988288879395,0.002316531492397189,0.007466890849173069,0.0036996197886765003,0.008197597227990627,0.060835182666778564,0.00909277144819498,0.002110505010932684,0.01033268216997385,0.10202109068632126,0.0334663987159729,0.011001300066709518,0.017241615802049637,0.05065267160534859,0.015026315115392208,0.005687712226063013,0.037876229733228683,0.010844714939594269,,,,,,,,,,,,,,,
unknown,ミ,288,289,409.74066,409.90027,0.43896484,,0.0029440654907375574,0.0028388246428221464,0.012501934543251991,0.06169120594859123,0.022588418796658516,0.2739681005477905,0.08526893705129623,0.003462364664301276,0.07684913277626038,0.1845719814300537,0.09267998486757278,0.07793133705854416,0.07363727688789368,0.07231713831424713,0.07352280616760254,0.02965904027223587,0.030273044481873512,0.055176813155412674,0.12439601868391037,0.1501537561416626,0.04073282703757286,0.06655840575695038,0.05031701549887657,0.004070359282195568,0.019624345004558563,0.005267757922410965,0.08710191398859024,0.011804713867604733,0.003008888103067875,0.07237978279590607,0.035979509353637695,0.002753471489995718,0.010742416605353355,0.010395358316600323,0.09549617022275925,0.008064373396337032,0.0019638079684227705,0.009668856859207153,0.006706774700433016,0.008257757872343063,0.058158960193395615,0.01100954320281744,0.0016282368451356888,0.019821519032120705,0.09626726061105728,0.03369448706507683,0.009014246053993702,0.020485060289502144,0.05722760781645775,0.012830814346671104,0.005727763287723064,0.05428621172904968,0.011804315261542797,,,,,,,,,,,,,,,
unknown,ス,290,291,409.90027,410.40027,0.33862305,,0.003080379217863083,0.0028631482273340225,0.009069145657122135,0.04789967089891434,0.035475246608257294,0.30668017268180847,0.08516254276037216,0.003298599738627672,0.05068246275186539,0.1954628825187683,0.09746567904949188,0.0700947567820549,0.06799225509166718,0.08510871231555939,0.08903136104345322,0.028255324810743332,0.03363080322742462,0.04812191426753998,0.14371882379055023,0.15562401711940765,0.03963842615485191,0.07461881637573242,0.04781799018383026,0.002658161101862788,0.011783082038164139,0.0058454833924770355,0.0774788185954094,0.009387151338160038,0.0033048270270228386,0.06168998405337334,0.03911178931593895,0.0032729855738580227,0.007804307620972395,0.010943845845758915,0.10070385038852692,0.0074926745146512985,0.002002771245315671,0.019960734993219376,0.009002458304166794,0.008003268390893936,0.05536589398980141,0.010196640156209469,0.0011817379854619503,0.03332291916012764,0.10444370657205582,0.028938204050064087,0.004013471305370331,0.015478668734431267,0.05645553767681122,0.010465916246175766,0.00621033227071166,0.0380997434258461,0.010879497975111008,,,,,,,,,,,,,,,
unknown,非,292,293,416.59,416.75,0.5180664,,0.006542799528688192,0.006840847432613373,0.017934119328856468,0.053826045244932175,0.01708088628947735,0.20630793273448944,0.05561978742480278,0.007296205032616854,0.04082197695970535,0.28371018171310425,0.12098701298236847,0.05655723065137863,0.055752769112586975,0.05799943581223488,0.04090090095996857,0.050128329545259476,0.052012063562870026,0.029492074623703957,0.12010136991739273,0.06003760173916817,0.018643077462911606,0.05391404405236244,0.020967207849025726,0.007130908314138651,0.009544222615659237,0.006638550665229559,0.11700112372636795,0.015610050410032272,0.0038213622756302357,0.11379374563694,0.017420906573534012,0.007000334095209837,0.006330146919935942,0.006086580455303192,0.11515168100595474,0.022620873525738716,0.003613799810409546,0.022241666913032532,0.00987054593861103,0.007518326863646507,0.05876334756612778,0.023379642516374588,0.002052001655101776,0.034504275768995285,0.04661281779408455,0.05576125532388687,0.005815776996314526,0.010632488876581192,0.06078878417611122,0.02904941327869892,0.007153953425586224,0.036280710250139236,0.013454734347760677,,,,,,,,,,,,,,,
unknown,行,294,295,416.75,417.06998,0.99560547,,0.013185977004468441,0.018853478133678436,0.02931814268231392,0.08093950152397156,0.012775729410350323,0.1462397277355194,0.03557456657290459,0.010749578475952148,0.03392043709754944,0.1823762059211731,0.11921165883541107,0.0472407229244709,0.038239486515522,0.05424392968416214,0.039795584976673126,0.08135949820280075,0.08061681687831879,0.03097515180706978,0.06853420287370682,0.04232044890522957,0.014188318513333797,0.03256215155124664,0.011748391203582287,0.015112987719476223,0.007372185587882996,0.006549930665642023,0.20429900288581848,0.02346169203519821,0.004112903494387865,0.19086068868637085,0.009868709370493889,0.014636659063398838,0.004745943937450647,0.003953773528337479,0.13566634058952332,0.057990219444036484,0.011625517159700394,0.03986997902393341,0.008132329210639,0.012810127809643745,0.04768439009785652,0.025158734992146492,0.004982121754437685,0.022633761167526245,0.04689528048038483,0.09743297845125198,0.011911509558558464,0.007279170677065849,0.030682425945997238,0.03235912322998047,0.006898796185851097,0.02543349750339985,0.019052648916840553,,,,,,,,,,,,,,,
unknown,機,296,297,417.06998,417.56998,0.97753906,,0.024460535496473312,0.029888896271586418,0.04468356445431709,0.1402779519557953,0.006252705585211515,0.06630094349384308,0.018744036555290222,0.018499579280614853,0.02237221784889698,0.08572609722614288,0.08689538389444351,0.05437776818871498,0.0838722512125969,0.09136856347322464,0.027133675292134285,0.07036566734313965,0.1619594395160675,0.026775574311614037,0.03437570482492447,0.027538560330867767,0.008712605573236942,0.01871214620769024,0.014342425391077995,0.018520217388868332,0.005263535305857658,0.004269920755177736,0.23667742311954498,0.04247603192925453,0.004318375140428543,0.17170147597789764,0.008098780177533627,0.009297046810388565,0.0029725548811256886,0.004235792905092239,0.24407874047756195,0.06209152936935425,0.014955222606658936,0.15586309134960175,0.004930166527628899,0.016238471493124962,0.03213446959853172,0.009236262179911137,0.005003353580832481,0.013171740807592869,0.04383469745516777,0.09473669528961182,0.014237784780561924,0.004753920715302229,0.022614696994423866,0.03616658225655556,0.004521513357758522,0.009613702073693275,0.018384341150522232,,,,,,,,,,,,,,,
unknown,満,298,299,422.19,422.43,0.9897461,,0.025913475081324577,0.029790688306093216,0.05864401161670685,0.15931956470012665,0.0074828993529081345,0.10271914303302765,0.012865712866187096,0.023765072226524353,0.026405662298202515,0.10669104754924774,0.08611465990543365,0.05046245455741882,0.08451521396636963,0.06923555582761765,0.03807985037565231,0.05687933415174484,0.08649265766143799,0.018398236483335495,0.049720145761966705,0.07023507356643677,0.021075941622257233,0.016637930646538734,0.014462697319686413,0.016312556341290474,0.0067121186293661594,0.004268376622349024,0.20912517607212067,0.0432329960167408,0.004091020207852125,0.15290698409080505,0.006651472765952349,0.007198052946478128,0.003350986400619149,0.005946668330579996,0.2425747662782669,0.05214647576212883,0.01364381518214941,0.06586547940969467,0.0031656045466661453,0.012073949910700321,0.04132126271724701,0.0065327854827046394,0.004411503206938505,0.009067509323358536,0.07310090959072113,0.08010204136371613,0.01730223000049591,0.006231073290109634,0.04242774844169617,0.047921232879161835,0.005088344682008028,0.011507558636367321,0.013371661305427551,,,,,,,,,,,,,,,
unknown,腹,300,301,422.43,422.93,0.70703125,,0.04735963046550751,0.05213434249162674,0.058418452739715576,0.1877424269914627,0.007014420814812183,0.0567946694791317,0.005206798668950796,0.03839409351348877,0.016804061830043793,0.0630408227443695,0.037175171077251434,0.0297364704310894,0.06813277304172516,0.04249614477157593,0.03337182477116585,0.05990457162261009,0.13690774142742157,0.023767195641994476,0.02341495268046856,0.031279854476451874,0.011684359982609749,0.007408501114696264,0.006881060544401407,0.044501159340143204,0.003906617406755686,0.0023293416015803814,0.4351193308830261,0.05417532101273537,0.0060996199026703835,0.34614524245262146,0.001906904741190374,0.01309332624077797,0.002112995134666562,0.002243912313133478,0.27005091309547424,0.1267251819372177,0.014872950501739979,0.03998560458421707,0.001510186935774982,0.01922033540904522,0.02412378415465355,0.004470823332667351,0.0039131916128098965,0.00447995075955987,0.05400730296969414,0.10517734289169312,0.017879297956824303,0.0035037926863878965,0.021782569587230682,0.06996294111013412,0.0026773407589644194,0.006140157114714384,0.024155069142580032,,,,,,,,,,,,,,,
unknown,高,302,303,428.805,429.125,0.98535156,,0.038169559091329575,0.03181624785065651,0.04789107292890549,0.14174282550811768,0.0116764260455966,0.08461260795593262,0.008297493681311607,0.02886749804019928,0.024099627509713173,0.05892761051654816,0.06360872834920883,0.05783258005976677,0.08800595998764038,0.08306223899126053,0.057791560888290405,0.04687775671482086,0.09080464392900467,0.04804123193025589,0.03463289514183998,0.06495114415884018,0.016372254118323326,0.009990987367928028,0.017156634479761124,0.017138497903943062,0.004991432651877403,0.0034499431494623423,0.3071229159832001,0.0473291389644146,0.008014189079403877,0.1902005672454834,0.004279439337551594,0.010627825744450092,0.0027768996078521013,0.003488153452053666,0.2844773828983307,0.050562676042318344,0.009574759751558304,0.03861546888947487,0.0017958396347239614,0.02440599352121353,0.033676400780677795,0.0039254180155694485,0.0036024630535393953,0.006592158693820238,0.0987667366862297,0.07605763524770737,0.014255394227802753,0.005650271661579609,0.025712456554174423,0.04019676148891449,0.004598191939294338,0.005631884094327688,0.025073319673538208,,,,,,,,,,,,,,,
unknown,い,304,305,429.125,429.625,0.9980469,,0.03649042919278145,0.03382720425724983,0.06597065180540085,0.12839999794960022,0.008713789284229279,0.07760169357061386,0.007242619525641203,0.031071174889802933,0.02226298302412033,0.055787064135074615,0.05372976139187813,0.06552434712648392,0.10427568852901459,0.07947325706481934,0.041044753044843674,0.0474613681435585,0.09748784452676773,0.055195778608322144,0.0233062244951725,0.04167453944683075,0.009574834257364273,0.008227451704442501,0.012432379648089409,0.024479743093252182,0.003906697500497103,0.002136548049747944,0.392867773771286,0.05813835933804512,0.0073702079243958,0.262082040309906,0.002923054853454232,0.010346983559429646,0.0022385043557733297,0.0021077285055071115,0.28994202613830566,0.06418651342391968,0.008204525336623192,0.0291597917675972,0.0012323138071224093,0.028274590149521828,0.032811760902404785,0.0034236868377774954,0.0034153873566538095,0.004206610377877951,0.06655944138765335,0.08327490091323853,0.014031256549060345,0.00392762990668416,0.018072161823511124,0.042173415422439575,0.0026026868727058172,0.00552890170365572,0.028326887637376785,,,,,,,,,,,,,,,
unknown,海,306,307,434.245,434.745,0.9838867,,0.03387323394417763,0.020765235647559166,0.09091871231794357,0.22881938517093658,0.0024918646086007357,0.06838959455490112,0.006257561966776848,0.039801277220249176,0.030085096135735512,0.07135944813489914,0.08726406842470169,0.027658285573124886,0.09060676395893097,0.12086840718984604,0.028808897361159325,0.07324454933404922,0.041827622801065445,0.00808910932391882,0.07068442553281784,0.05683349072933197,0.01348622515797615,0.0076570468954741955,0.01782730035483837,0.012346741743385792,0.013567698188126087,0.002490445738658309,0.16224436461925507,0.050904907286167145,0.00622701458632946,0.10290886461734772,0.002595494734123349,0.011285517364740372,0.004735326394438744,0.0025853856932371855,0.21646122634410858,0.05850350484251976,0.004745200742036104,0.07562996447086334,0.001353824744001031,0.013020598329603672,0.09829602390527725,0.009890269488096237,0.002002270659431815,0.009332273155450821,0.09104741364717484,0.1077636182308197,0.006396798882633448,0.009761856868863106,0.048638686537742615,0.10827222466468811,0.002943288069218397,0.006838599685579538,0.014395046047866344,,,,,,,,,,,,,,,
unknown,嫌,308,309,441.1724,441.33203,0.98583984,,0.022141942754387856,0.02203954942524433,0.08000342547893524,0.1942695528268814,0.0042714145965874195,0.10071204602718353,0.01879969798028469,0.02711089514195919,0.030005060136318207,0.04918581619858742,0.06040036678314209,0.034688182175159454,0.077296681702137,0.105512835085392,0.0247948095202446,0.047705404460430145,0.08049336820840836,0.012845594435930252,0.07376977056264877,0.05601101741194725,0.013979543000459671,0.019626908004283905,0.01642029546201229,0.012873494997620583,0.013618127442896366,0.0032332309056073427,0.18652862310409546,0.04616944491863251,0.00484473817050457,0.14446528255939484,0.008122279308736324,0.011274175718426704,0.006351621821522713,0.005586066748946905,0.19939759373664856,0.054298412054777145,0.007466266863048077,0.10170956701040268,0.002442743396386504,0.009715637192130089,0.07477381080389023,0.009737946093082428,0.0028657943475991488,0.012907801195979118,0.07439762353897095,0.0794777050614357,0.007948990911245346,0.009672757238149643,0.048768844455480576,0.06553898751735687,0.0032613486982882023,0.006671646144241095,0.010815384797751904,,,,,,,,,,,,,,,
unknown,い,310,311,441.33203,441.83203,0.99658203,,0.01911148615181446,0.01639433018863201,0.07619521766901016,0.13670650124549866,0.01189141534268856,0.20948821306228638,0.024670755490660667,0.020941244438290596,0.025217747315764427,0.07572567462921143,0.07430877536535263,0.04942236840724945,0.08360249549150467,0.1516491323709488,0.04882359132170677,0.04195393621921539,0.05121852830052376,0.01841505989432335,0.13138212263584137,0.12814472615718842,0.0273562241345644,0.03541838750243187,0.022618627175688744,0.006339098326861858,0.011906077153980732,0.0063692363910377026,0.11457683891057968,0.03684428334236145,0.005840436089783907,0.06652338802814484,0.010635062120854855,0.009318250231444836,0.006419972516596317,0.00782958883792162,0.15808793902397156,0.030325569212436676,0.0061920639127492905,0.1162356585264206,0.005278563126921654,0.009906717576086521,0.09260982275009155,0.009042787365615368,0.0023048960138112307,0.03183186054229736,0.08975088596343994,0.05613240599632263,0.004674570634961128,0.012020600959658623,0.05481131002306938,0.03130773454904556,0.005829658359289169,0.012248104438185692,0.009851329028606415,,,,,,,,,,,,,,,
unknown,古,312,313,446.00195,446.28134,0.99902344,,0.019503895193338394,0.011424897238612175,0.04235239699482918,0.1570875495672226,0.007503556087613106,0.15802934765815735,0.02731126733124256,0.018424471840262413,0.0412476472556591,0.069952093064785,0.06887142360210419,0.04820068180561066,0.09107726812362671,0.15402135252952576,0.033922743052244186,0.0429985336959362,0.024853892624378204,0.019136350601911545,0.13411134481430054,0.07214623689651489,0.015491838566958904,0.03270452469587326,0.034174155443906784,0.00461000669747591,0.03268424794077873,0.006530141457915306,0.07549339532852173,0.02757027931511402,0.005375250242650509,0.043908871710300446,0.010788709856569767,0.00980166345834732,0.009701627306640148,0.005332792643457651,0.12001755088567734,0.024141378700733185,0.004574113059788942,0.12997648119926453,0.007120804395526648,0.017047040164470673,0.13400954008102417,0.015874488279223442,0.0021970125380903482,0.03370002657175064,0.07515464723110199,0.0643981322646141,0.004267430864274502,0.020786810666322708,0.05974578112363815,0.0506710410118103,0.005955464206635952,0.01597730815410614,0.01578253135085106,,,,,,,,,,,,,,,
unknown,い,314,315,446.28134,446.78134,0.8979492,,0.019112948328256607,0.011335366405546665,0.0435047410428524,0.1946764588356018,0.006121961399912834,0.14142625033855438,0.020367955788969994,0.017324209213256836,0.04482405260205269,0.07471221685409546,0.06652767211198807,0.051191192120313644,0.11560831218957901,0.15412768721580505,0.033567190170288086,0.03794974461197853,0.03005620837211609,0.01766226813197136,0.09530922025442123,0.06751171499490738,0.014185700565576553,0.022725991904735565,0.03555850684642792,0.004550714511424303,0.02871275320649147,0.005003484431654215,0.08034475892782211,0.028546595945954323,0.005589302629232407,0.04536982253193855,0.007984556257724762,0.00804161187261343,0.007150744087994099,0.004257403314113617,0.14804920554161072,0.023463955149054527,0.004301002249121666,0.12810246646404266,0.004574990831315517,0.015338923782110214,0.12230710685253143,0.011610202491283417,0.0023509624879807234,0.01936023309826851,0.08931463211774826,0.05968271568417549,0.005601097363978624,0.015855662524700165,0.05129602178931236,0.05350976437330246,0.004873984027653933,0.012446423061192036,0.014129765331745148,,,,,,,,,,,,,,,
unknown,そ,316,317,451.845,452.345,0.6347656,,0.022438742220401764,0.014307809993624687,0.04386810585856438,0.18659619987010956,0.00789362471550703,0.15520265698432922,0.021461252123117447,0.019646115601062775,0.04431974142789841,0.0717136412858963,0.05487446486949921,0.04642189294099808,0.11428277939558029,0.14734354615211487,0.03737279027700424,0.04212651774287224,0.034960296005010605,0.02044219709932804,0.10980439931154251,0.07315224409103394,0.01647130399942398,0.024565955623984337,0.03767181932926178,0.006276872009038925,0.03137841820716858,0.00531680416315794,0.0934147760272026,0.03169099614024162,0.007279295474290848,0.05709042400121689,0.007493435870856047,0.008439745754003525,0.008718990720808506,0.004250416066497564,0.13739803433418274,0.029090434312820435,0.005530699621886015,0.1412070095539093,0.0052565159276127815,0.02099277451634407,0.11272843927145004,0.012258236296474934,0.0030460574198514223,0.02364141121506691,0.07939497381448746,0.06751350313425064,0.00791245885193348,0.019422482699155807,0.05397115647792816,0.05615419149398804,0.005006587132811546,0.015097047202289104,0.017827102914452553,,,,,,,,,,,,,,,
unknown,罰,318,319,457.96503,458.46503,0.62109375,,0.0336463563144207,0.028014114126563072,0.04785091429948807,0.29704949259757996,0.006343243643641472,0.075881227850914,0.012744893319904804,0.027453962713479996,0.032299455255270004,0.03853163495659828,0.03252800926566124,0.025350335985422134,0.07765782624483109,0.08275139331817627,0.025342561304569244,0.05833843722939491,0.09007716178894043,0.023679634556174278,0.07152266055345535,0.03605930134654045,0.010510455816984177,0.016468193382024765,0.015711618587374687,0.029437780380249023,0.021999541670084,0.004628095775842667,0.2521854043006897,0.0431041456758976,0.006941108964383602,0.20129847526550293,0.00460705254226923,0.013576735742390156,0.008831915445625782,0.003550128545612097,0.15733952820301056,0.10333546251058578,0.009931562468409538,0.1591273844242096,0.004105469211935997,0.024750588461756706,0.05845320224761963,0.014002097770571709,0.004379020072519779,0.01821451261639595,0.05263986811041832,0.11981497704982758,0.015656953677535057,0.013286424800753593,0.03752584755420685,0.08058963716030121,0.004186253063380718,0.006349058821797371,0.033367082476615906,,,,,,,,,,,,,,,
unknown,広,320,321,463.765,464.08502,0.93652344,,0.04132401570677757,0.03633647412061691,0.06111396104097366,0.22428317368030548,0.010540296323597431,0.09492294490337372,0.010690157301723957,0.029834747314453125,0.026168176904320717,0.06666664034128189,0.05417447164654732,0.025701500475406647,0.05060746148228645,0.06385073065757751,0.03837865591049194,0.08971136063337326,0.06675735861063004,0.021076912060379982,0.08161668479442596,0.048073552548885345,0.015973791480064392,0.017135685309767723,0.009870205074548721,0.03115697205066681,0.01583232916891575,0.005955560598522425,0.23316574096679688,0.042980629950761795,0.007518927566707134,0.17883548140525818,0.003831759560853243,0.0187566876411438,0.00756634958088398,0.0038922212552279234,0.14910566806793213,0.11923561990261078,0.014192474074661732,0.11231914907693863,0.005886659026145935,0.028637206181883812,0.04381483420729637,0.015949703752994537,0.004985693842172623,0.022914180532097816,0.0552067831158638,0.1464919000864029,0.014642640948295593,0.013076101429760456,0.033536262810230255,0.058396074920892715,0.005743269342929125,0.011341826990246773,0.03566789627075195,,,,,,,,,,,,,,,
unknown,い,322,323,464.08502,464.58502,0.96533203,,0.04947761073708534,0.03527647256851196,0.05874500796198845,0.2506573498249054,0.014668283984065056,0.11128361523151398,0.008877593092620373,0.0335378497838974,0.028958026319742203,0.06296154856681824,0.04866984859108925,0.023362483829259872,0.06299180537462234,0.07302138954401016,0.054643310606479645,0.0679679811000824,0.04064003750681877,0.019013844430446625,0.1007140725851059,0.07759975641965866,0.023037880659103394,0.016517944633960724,0.013852047733962536,0.02556966245174408,0.016695447266101837,0.008119328878819942,0.20488175749778748,0.043645214289426804,0.009868006221950054,0.14215685427188873,0.0037397968117147684,0.013968300074338913,0.006383204832673073,0.004563383292406797,0.1550220102071762,0.09798111021518707,0.01275933999568224,0.08853927254676819,0.006558938883244991,0.025656333193182945,0.04481051489710808,0.011099644936621189,0.005811939015984535,0.02386627532541752,0.0852380245923996,0.11118233948945999,0.017607662826776505,0.014386973343789577,0.04195903241634369,0.05512503534555435,0.008033289574086666,0.011318697594106197,0.031214194372296333,,,,,,,,,,,,,,,
unknown,友,324,325,470.98,471.26,0.98828125,,0.04225802794098854,0.019524410367012024,0.05006362125277519,0.17828939855098724,0.024420294910669327,0.1722577065229416,0.009052173234522343,0.025425134226679802,0.020502163097262383,0.06396199017763138,0.04578704014420509,0.049695421010255814,0.03692474961280823,0.06003062427043915,0.07620924711227417,0.08956649899482727,0.02598433941602707,0.06736547499895096,0.11339844763278961,0.08876100927591324,0.027296628803014755,0.016524454578757286,0.010783560574054718,0.024184683337807655,0.014851478859782219,0.006826143246144056,0.3199317157268524,0.028279708698391914,0.008163169957697392,0.20798365771770477,0.002852614503353834,0.023893337696790695,0.006351681426167488,0.0034713519271463156,0.12455067783594131,0.08286098390817642,0.005397774279117584,0.05372326448559761,0.0047176009975373745,0.05848263204097748,0.058804191648960114,0.029037779197096825,0.002057288773357868,0.017105568200349808,0.0781867727637291,0.19270767271518707,0.008370665833353996,0.014141802676022053,0.03923199325799942,0.061421800404787064,0.007045158185064793,0.017215121537446976,0.10530824214220047,,,,,,,,,,,,,,,
unknown,人,326,327,471.26,471.76,0.9892578,,0.03685079887509346,0.020689692348241806,0.04622204974293709,0.18554502725601196,0.009849555790424347,0.075463205575943,0.011826776899397373,0.020934751257300377,0.018853051587939262,0.06728510558605194,0.05343122035264969,0.043256450444459915,0.026822002604603767,0.06057092547416687,0.04701691493391991,0.15708746016025543,0.04605453088879585,0.08286885917186737,0.05781896412372589,0.028250522911548615,0.010188506916165352,0.014317472465336323,0.008356427773833275,0.043308552354574203,0.009264867752790451,0.0075981710106134415,0.4352787733078003,0.026852617040276527,0.00699073588475585,0.32081139087677,0.002837793668732047,0.0391690693795681,0.005612527951598167,0.001943542156368494,0.1291910707950592,0.16073480248451233,0.00821424089372158,0.055727627128362656,0.005862596444785595,0.07289096713066101,0.0457269661128521,0.050274547189474106,0.0024310555309057236,0.01927829720079899,0.06623319536447525,0.2736147344112396,0.0070921690203249454,0.009208117611706257,0.01746009849011898,0.05478166788816452,0.007498166058212519,0.022143352776765823,0.14061720669269562,,,,,,,,,,,,,,,
unknown,試,328,329,476.22,476.42,0.9848633,,0.03649365156888962,0.02290244959294796,0.04601657763123512,0.29521358013153076,0.013778370805084705,0.10624390840530396,0.008098511025309563,0.024164363741874695,0.03380189090967178,0.08790610730648041,0.04773295298218727,0.030575206503272057,0.05825795605778694,0.06300291419029236,0.05761776491999626,0.08521723747253418,0.053074292838573456,0.035149168223142624,0.09405538439750671,0.0635967031121254,0.021173857152462006,0.012701521627604961,0.01276261918246746,0.030351106077432632,0.017666364088654518,0.006103161722421646,0.2960625886917114,0.03398199379444122,0.009576879441738129,0.22231724858283997,0.002931714290753007,0.01869303174316883,0.006759654264897108,0.0036097487900406122,0.16285939514636993,0.1155242770910263,0.007899237796664238,0.08456017076969147,0.004264895338565111,0.03217132017016411,0.04864015057682991,0.019448280334472656,0.004208617843687534,0.018359456211328506,0.11082743853330612,0.14996059238910675,0.01571817882359028,0.013563573360443115,0.04205609858036041,0.07466668635606766,0.006590769626200199,0.011069235391914845,0.057959266006946564,,,,,,,,,,,,,,,
unknown,験,330,331,476.42,476.92,0.8120117,,0.030248040333390236,0.01641225628554821,0.037132423371076584,0.3771665394306183,0.012774500995874405,0.11134263873100281,0.008434157818555832,0.02238502912223339,0.04903757944703102,0.07616658508777618,0.0371924452483654,0.023011740297079086,0.058000825345516205,0.055148642510175705,0.06579453498125076,0.07248450815677643,0.052413418889045715,0.02234319970011711,0.09886197745800018,0.08041274547576904,0.03681269288063049,0.012646468356251717,0.015583397820591927,0.02345043234527111,0.03852149099111557,0.005943257361650467,0.20038416981697083,0.027579819783568382,0.010365687310695648,0.15086016058921814,0.003211668226867914,0.020117294043302536,0.011796818114817142,0.005172956734895706,0.13319768011569977,0.0897936150431633,0.0052551040425896645,0.06875394284725189,0.0035817900206893682,0.03014751337468624,0.05996370688080788,0.023957818746566772,0.002606139052659273,0.014697507955133915,0.16388055682182312,0.14785070717334747,0.014374354854226112,0.023944607004523277,0.05807104706764221,0.10478764027357101,0.0069268629886209965,0.008722360245883465,0.05012847110629082,,,,,,,,,,,,,,,
unknown,大,332,333,482.11502,482.27502,0.97802734,,0.03649255633354187,0.017087282612919807,0.03851543366909027,0.36134108901023865,0.011601111851632595,0.09481152892112732,0.0076958597637712955,0.024095458909869194,0.04061474651098251,0.08228065073490143,0.03867095708847046,0.028454752638936043,0.0585748590528965,0.05044543743133545,0.06441900879144669,0.10084842890501022,0.029995828866958618,0.03066101484000683,0.08094571530818939,0.061208996921777725,0.0243644118309021,0.011299150995910168,0.013130498118698597,0.02890247106552124,0.029758574441075325,0.005019289441406727,0.2563543915748596,0.0281338132917881,0.006511450745165348,0.1861753910779953,0.002828107448294759,0.034556057304143906,0.008377647958695889,0.003915905486792326,0.11770006269216537,0.11508262157440186,0.005217085126787424,0.07260986417531967,0.0034893841948360205,0.047429751604795456,0.04462144896388054,0.03370524197816849,0.001784077612683177,0.013357115909457207,0.158114954829216,0.1906231939792633,0.007437511812895536,0.01773981563746929,0.04080037400126457,0.09187061339616776,0.005742182489484549,0.012999377213418484,0.09029945731163025,,,,,,,,,,,,,,,
unknown,人,334,335,482.27502,482.77502,0.96777344,,0.04113059490919113,0.02103336527943611,0.05684146285057068,0.3114134967327118,0.014977782964706421,0.10734646022319794,0.005468674004077911,0.025017298758029938,0.03697320073843002,0.08645851165056229,0.044209323823451996,0.025720711797475815,0.025229496881365776,0.039472319185733795,0.0736810490489006,0.10539568960666656,0.04310706630349159,0.03698204830288887,0.09045540541410446,0.06740309298038483,0.03320958837866783,0.010386334732174873,0.007148209027945995,0.031176693737506866,0.03280171751976013,0.005953555926680565,0.2669418752193451,0.029696941375732422,0.012064050883054733,0.18861575424671173,0.002055169316008687,0.03012620471417904,0.009991404600441456,0.003907480277121067,0.10431426763534546,0.11531966924667358,0.005896632093936205,0.0622590072453022,0.004037133418023586,0.062409691512584686,0.05267933011054993,0.02981259487569332,0.0027432767674326897,0.01682225801050663,0.14992502331733704,0.21467982232570648,0.013817409984767437,0.02296268753707409,0.034654662013053894,0.0783979669213295,0.00672896858304739,0.009736055508255959,0.09741754829883575,,,,,,,,,,,,,,,
unknown,開,336,337,487.755,487.915,0.9633789,,0.0508623830974102,0.024476736783981323,0.058469392359256744,0.4027225077152252,0.004882721230387688,0.04267887771129608,0.004626945126801729,0.028719011694192886,0.04547073692083359,0.07644302397966385,0.04976409673690796,0.030320167541503906,0.041154246777296066,0.04216062277555466,0.0473448745906353,0.12850292026996613,0.024831881746649742,0.032350681722164154,0.03687334805727005,0.031087426468729973,0.012208524160087109,0.0052735460922122,0.008573660627007484,0.0368657186627388,0.023086106404662132,0.004929965827614069,0.360368937253952,0.03282654657959938,0.006215611007064581,0.27043387293815613,0.001840000506490469,0.03930814564228058,0.004291207529604435,0.0024297707714140415,0.1647913008928299,0.16705618798732758,0.0071732038632035255,0.08037923276424408,0.0021758645307272673,0.06400676816701889,0.03843367472290993,0.033882468938827515,0.002977987751364708,0.00799215491861105,0.13472025096416473,0.23345431685447693,0.011466688476502895,0.010299273766577244,0.02563786320388317,0.1138668954372406,0.006337066646665335,0.006725035607814789,0.1110268086194992,,,,,,,,,,,,,,,
unknown,け,338,339,487.915,488.11502,0.9951172,,0.057776469737291336,0.025778857991099358,0.05386005714535713,0.338676393032074,0.00820128433406353,0.05485234037041664,0.007408165838569403,0.03341367468237877,0.050805650651454926,0.0634014755487442,0.0478217750787735,0.03514065966010094,0.06228634715080261,0.0533832311630249,0.06172609329223633,0.0920240581035614,0.016429517418146133,0.041766632348299026,0.04323059692978859,0.04887314513325691,0.015550188720226288,0.008469213731586933,0.013964027166366577,0.028089918196201324,0.020907552912831306,0.0055504366755485535,0.3339548110961914,0.03630337119102478,0.006722703576087952,0.24693211913108826,0.004026129841804504,0.03532882034778595,0.004370076581835747,0.0038981949910521507,0.16363567113876343,0.12669998407363892,0.00677333353087306,0.056478675454854965,0.0029095662757754326,0.07000352442264557,0.032621219754219055,0.019482431933283806,0.0025106261018663645,0.011084808968007565,0.20627740025520325,0.15315458178520203,0.007866914384067059,0.01204293966293335,0.027250610291957855,0.07116162776947021,0.006945301778614521,0.007968373596668243,0.09777478128671646,,,,,,,,,,,,,,,
unknown,る,340,341,488.11502,488.61502,0.9892578,,0.03926525637507439,0.024271026253700256,0.0454641617834568,0.34312570095062256,0.007105281576514244,0.052715279161930084,0.008151363581418991,0.023622611537575722,0.06160823628306389,0.08165772259235382,0.051149237900972366,0.028138425201177597,0.04478926211595535,0.04717693850398064,0.05737343430519104,0.09794729202985764,0.027020173147320747,0.04513018950819969,0.038904499262571335,0.03876104950904846,0.013238917104899883,0.008571366779506207,0.011457501910626888,0.031665850430727005,0.02260425128042698,0.005851028952747583,0.34537672996520996,0.0330951064825058,0.007586824242025614,0.2747325897216797,0.003511505201458931,0.03739074990153313,0.0061070299707353115,0.0029607489705085754,0.14991776645183563,0.13611245155334473,0.00837588869035244,0.05284785106778145,0.002921051811426878,0.06443733721971512,0.028384627774357796,0.01998263970017433,0.0036873104982078075,0.013552595861256123,0.20478256046772003,0.14591935276985168,0.012740776874125004,0.013100417330861092,0.019390413537621498,0.05136637017130852,0.0072572119534015656,0.011031842790544033,0.08281192928552628,,,,,,,,,,,,,,,
unknown,よ,342,343,494.69,494.81,0.82714844,,0.03866865485906601,0.02429516799747944,0.049847930669784546,0.3557753264904022,0.006707187741994858,0.049325019121170044,0.007153429556638002,0.027996471151709557,0.051876842975616455,0.06595340371131897,0.057351525872945786,0.036060068756341934,0.05466220900416374,0.05451187118887901,0.05112869665026665,0.08940336853265762,0.025846727192401886,0.049705132842063904,0.03740718588232994,0.03736284747719765,0.012191521935164928,0.008086523972451687,0.012148777954280376,0.039133477956056595,0.01774919219315052,0.006920778192579746,0.3519458770751953,0.040981464087963104,0.007163576316088438,0.2749537527561188,0.0033381900284439325,0.029824651777744293,0.005043864715844393,0.0031621588859707117,0.17408603429794312,0.14407800137996674,0.010574843734502792,0.05219293385744095,0.003096027299761772,0.04598657786846161,0.0323198102414608,0.01887332648038864,0.0064997863955795765,0.01063348725438118,0.19995896518230438,0.13443376123905182,0.019715135917067528,0.010581772774457932,0.023785248398780823,0.06403708457946777,0.008637416176497936,0.0117474514991045,0.07771650701761246,,,,,,,,,,,,,,,
unknown,く,344,345,494.81,494.97,0.9995117,,0.030963152647018433,0.02146168239414692,0.040923673659563065,0.3103233575820923,0.008100727573037148,0.052913036197423935,0.00915386900305748,0.021953875198960304,0.048575710505247116,0.07109176367521286,0.05212413892149925,0.03798670321702957,0.04230618104338646,0.04744294658303261,0.056293785572052,0.10012286901473999,0.030638959258794785,0.06884030997753143,0.03308713063597679,0.03358210250735283,0.011834834702312946,0.008982555009424686,0.011305115185678005,0.04590906947851181,0.015127927996218204,0.0057102590799331665,0.4031165540218353,0.035747092217206955,0.006471429485827684,0.34786856174468994,0.003885626560077071,0.03530547395348549,0.00486290268599987,0.0029229209758341312,0.1495622992515564,0.15316925942897797,0.009540386497974396,0.03821350261569023,0.002949382411316037,0.05682394281029701,0.029457205906510353,0.02373364008963108,0.0056481193751096725,0.010203826241195202,0.19230715930461884,0.1527578979730606,0.01919219270348549,0.009790857322514057,0.01831980049610138,0.0521690733730793,0.006847184617072344,0.01271572895348072,0.10211852937936783,,,,,,,,,,,,,,,
unknown,な,346,347,494.97,495.12997,0.9995117,,0.04545265808701515,0.03440241143107414,0.056824661791324615,0.34970542788505554,0.008408905938267708,0.05513720214366913,0.004880859050899744,0.03075433149933815,0.045937683433294296,0.060779597610235214,0.050453927367925644,0.02868528664112091,0.04263364523649216,0.0474245585501194,0.06099690869450569,0.0927920714020729,0.03289297968149185,0.03853490576148033,0.03697465732693672,0.045104753226041794,0.016183748841285706,0.006508053746074438,0.009121165610849857,0.04152645543217659,0.01812604069709778,0.005505538545548916,0.3399050831794739,0.04345801845192909,0.008433368988335133,0.273642897605896,0.0023381663486361504,0.028333893045783043,0.005453776102513075,0.003115770872682333,0.15549391508102417,0.16120699048042297,0.013331280089914799,0.06136626377701759,0.0025948688853532076,0.06034472584724426,0.03938977047801018,0.014115478843450546,0.0068190130405128,0.00964342150837183,0.18476644158363342,0.15152965486049652,0.0207046065479517,0.011877229437232018,0.02341320365667343,0.06509367376565933,0.006744333542883396,0.006034379824995995,0.08047035336494446,,,,,,,,,,,,,,,
unknown,い,348,349,495.12997,495.62997,0.99853516,,0.05069439113140106,0.04757096245884895,0.06299249827861786,0.34282687306404114,0.007985265925526619,0.037791185081005096,0.0049369074404239655,0.035567011684179306,0.03942783176898956,0.03997226059436798,0.0481114387512207,0.024912051856517792,0.03773866221308708,0.0526667945086956,0.05736766755580902,0.09358849376440048,0.05790029093623161,0.03618578612804413,0.030247455462813377,0.038403093814849854,0.01646517962217331,0.00617527449503541,0.009452427737414837,0.0631941556930542,0.015147137455642223,0.005563012324273586,0.3416160047054291,0.05782463774085045,0.010406404733657837,0.30490103363990784,0.002912855474278331,0.020604057237505913,0.005136375781148672,0.004051020368933678,0.173000767827034,0.19131161272525787,0.023134738206863403,0.0894710049033165,0.002846541116014123,0.05853533372282982,0.03239733725786209,0.010951511561870575,0.015407109633088112,0.009870374575257301,0.1415029913187027,0.15276648104190826,0.04745037108659744,0.011666931211948395,0.020948398858308792,0.06209385395050049,0.006421314552426338,0.004113373346626759,0.07430398464202881,,,,,,,,,,,,,,,
unknown,収,350,351,500.37,500.56998,0.4025879,,0.034610163420438766,0.024694323539733887,0.03679347410798073,0.3249231278896332,0.01394142396748066,0.08341971039772034,0.007450798060745001,0.024236666038632393,0.06947992742061615,0.052880726754665375,0.057409074157476425,0.022125113755464554,0.0445403978228569,0.06203576549887657,0.07677341252565384,0.09499296545982361,0.026929505169391632,0.033491410315036774,0.07612822949886322,0.06546120345592499,0.027187766507267952,0.010420979000627995,0.014691159129142761,0.032618191093206406,0.03769868239760399,0.008582680486142635,0.22064518928527832,0.03388945758342743,0.010917306877672672,0.18072113394737244,0.0033913569059222937,0.024843988940119743,0.011561156250536442,0.004354710225015879,0.11824707686901093,0.12893767654895782,0.013283083215355873,0.06987457722425461,0.005234119947999716,0.0562911331653595,0.05861108750104904,0.024018017575144768,0.010802894830703735,0.020342495292425156,0.2196296602487564,0.1534256637096405,0.03306332230567932,0.02630813792347908,0.03865506500005722,0.07331223040819168,0.009676453657448292,0.009945440106093884,0.0750027745962143,,,,,,,,,,,,,,,
unknown,め,352,353,500.56998,500.72998,0.984375,,0.02287433110177517,0.01721491478383541,0.02944282256066799,0.2661530673503876,0.024135364219546318,0.13083693385124207,0.008878888562321663,0.019333815202116966,0.07397376000881195,0.05353531613945961,0.037146225571632385,0.018071917816996574,0.060253240168094635,0.050233546644449234,0.07775939255952835,0.05159229785203934,0.01892242766916752,0.02499711886048317,0.12576119601726532,0.09545561671257019,0.046725083142519,0.019987765699625015,0.014135342091321945,0.023244328796863556,0.051637399941682816,0.012051762081682682,0.14826925098896027,0.02699390798807144,0.00762903643772006,0.11349940299987793,0.003946456126868725,0.015332167968153954,0.016286499798297882,0.007467236835509539,0.07653747498989105,0.0790591761469841,0.009675377048552036,0.07162274420261383,0.010539509356021881,0.0331818088889122,0.056886933743953705,0.01689480058848858,0.007702277973294258,0.034822672605514526,0.19507288932800293,0.08552945405244827,0.02549811452627182,0.03792203962802887,0.06194489449262619,0.055271171033382416,0.011321833357214928,0.015380660071969032,0.04766272380948067,,,,,,,,,,,,,,,
unknown,る,354,355,500.72998,501.22998,0.9902344,,0.018524091690778732,0.017068346962332726,0.029772503301501274,0.3085176348686218,0.01745317131280899,0.11376602202653885,0.010647404938936234,0.015476918779313564,0.09675105661153793,0.053906284272670746,0.03807396814227104,0.01842898316681385,0.0662030503153801,0.052308958023786545,0.06792508065700531,0.053507249802351,0.02556755021214485,0.026562776416540146,0.09143241494894028,0.0742875412106514,0.03607925772666931,0.01729413866996765,0.01645493321120739,0.024890419095754623,0.058248333632946014,0.009749130345880985,0.1646672934293747,0.02775486931204796,0.007564190775156021,0.13430942595005035,0.004136885516345501,0.013665236532688141,0.017928894609212875,0.005978684406727552,0.08684252947568893,0.08621683716773987,0.010603761300444603,0.0646437481045723,0.00790554378181696,0.035411491990089417,0.05193936079740524,0.014900904148817062,0.009415666572749615,0.025380847975611687,0.20244206488132477,0.08829238265752792,0.03402489051222801,0.03620501980185509,0.048071786761283875,0.052172575145959854,0.0093603590503335,0.012503593228757381,0.043178725987672806,,,,,,,,,,,,,,,
unknown,r,356,357,506.33,506.83,0.62939453,,0.016479378566145897,0.015705639496445656,0.020267978310585022,0.2561318874359131,0.04575492441654205,0.09446227550506592,0.011416532099246979,0.020682206377387047,0.051642999053001404,0.03703761473298073,0.021742768585681915,0.02320384420454502,0.06627121567726135,0.044711750000715256,0.1054721400141716,0.049682095646858215,0.022016964852809906,0.05100896209478378,0.057120900601148605,0.07591515779495239,0.0585639663040638,0.024722352623939514,0.013498679734766483,0.06625866144895554,0.027236398309469223,0.009488793089985847,0.22214223444461823,0.03515100106596947,0.005501891486346722,0.22674819827079773,0.007025591563433409,0.012674691155552864,0.012034750543534756,0.01586637832224369,0.06319350749254227,0.11616719514131546,0.01126578263938427,0.055831968784332275,0.012549919076263905,0.048773523420095444,0.038544271141290665,0.013569300994277,0.008852542378008366,0.02246689796447754,0.20854328572750092,0.08765918016433716,0.030358724296092987,0.028208468109369278,0.0520172193646431,0.046736184507608414,0.007136499974876642,0.016528775915503502,0.10191161930561066,,,,,,,,,,,,,,,
unknown,食,358,359,511.7771,511.93674,0.99853516,,0.02633349411189556,0.030016474425792694,0.027261866256594658,0.2935824692249298,0.017057018354535103,0.0583304762840271,0.010450052097439766,0.02189778722822666,0.06899655610322952,0.03676529973745346,0.023699315264821053,0.016439320519566536,0.05206981673836708,0.040246959775686264,0.0716995969414711,0.0618596076965332,0.04118287190794945,0.036612577736377716,0.04720912128686905,0.05092611163854599,0.032237373292446136,0.01568353734910488,0.013703973032534122,0.061615366488695145,0.03285956010222435,0.009084063582122326,0.2908370792865753,0.035156816244125366,0.00748361274600029,0.28965282440185547,0.005113262217491865,0.02306203544139862,0.01481016818434,0.008105468936264515,0.08770383894443512,0.15447571873664856,0.02196951024234295,0.08746279031038284,0.007180369459092617,0.05295579507946968,0.03076762706041336,0.012254113331437111,0.012401883490383625,0.020918726921081543,0.19752782583236694,0.09711338579654694,0.03941022977232933,0.02752135694026947,0.033890075981616974,0.0513741597533226,0.008783619850873947,0.01411316730082035,0.071651391685009,,,,,,,,,,,,,,,
unknown,べ,360,361,511.93674,512.1363,0.9951172,,0.028419485315680504,0.02925419993698597,0.031855303794145584,0.29308372735977173,0.01611807383596897,0.06420475989580154,0.009065154008567333,0.022757088765501976,0.06956207007169724,0.03655421361327171,0.024304315447807312,0.01780034601688385,0.06702007353305817,0.05002954974770546,0.06884746998548508,0.05239155888557434,0.03905634582042694,0.038142550736665726,0.06262452155351639,0.05810695141553879,0.030588865280151367,0.015653099864721298,0.016928501427173615,0.04972432181239128,0.03481727093458176,0.00935426726937294,0.2541385889053345,0.03793296590447426,0.009085558354854584,0.2296195775270462,0.004711915738880634,0.01680860109627247,0.015458760783076286,0.007440770044922829,0.08788301050662994,0.125258669257164,0.021018600091338158,0.0899900496006012,0.008510896004736423,0.05490811914205551,0.033614322543144226,0.008762871846556664,0.013193348422646523,0.02521611750125885,0.20755189657211304,0.08263663947582245,0.03864583373069763,0.031045250594615936,0.03682375326752663,0.04540921002626419,0.009045337326824665,0.013646065257489681,0.06493910402059555,,,,,,,,,,,,,,,
unknown,る,362,363,512.1363,512.6363,0.9980469,,0.019944339990615845,0.03199679031968117,0.030102159827947617,0.18388628959655762,0.004234178923070431,0.024791881442070007,0.011998542584478855,0.018226617947220802,0.036438047885894775,0.053580138832330704,0.0485796220600605,0.026878919452428818,0.059586286544799805,0.05916477367281914,0.02633325755596161,0.10276740044355392,0.06451483070850372,0.05593077838420868,0.022919822484254837,0.01059724297374487,0.004196684807538986,0.010220621712505817,0.011638371273875237,0.08236375451087952,0.007919604890048504,0.005794695112854242,0.4320177435874939,0.040498729795217514,0.004658835940063,0.4591577351093292,0.003533443436026573,0.02717750333249569,0.008842509239912033,0.0018050671787932515,0.14130035042762756,0.24716876447200775,0.034632761031389236,0.0614531971514225,0.004413040820509195,0.0452144593000412,0.02314867079257965,0.013653671368956566,0.013439003378152847,0.01692618615925312,0.07141810655593872,0.1108701154589653,0.01911153644323349,0.008940783329308033,0.012357733212411404,0.03558102622628212,0.006189149804413319,0.021362021565437317,0.06703947484493256,,,,,,,,,,,,,,,
unknown,終,364,365,517.96326,518.083,0.92626953,,0.017133938148617744,0.02673233672976494,0.019915252923965454,0.18784619867801666,0.004329917952418327,0.022906802594661713,0.011994659900665283,0.013568044640123844,0.03818897902965546,0.048339225351810455,0.03366059064865112,0.01817575842142105,0.046576958149671555,0.04260696470737457,0.026177970692515373,0.08889855444431305,0.04961435869336128,0.04847382381558418,0.023679370060563087,0.01083168014883995,0.004469989333301783,0.009691998362541199,0.01066093984991312,0.07740083336830139,0.008160864003002644,0.006116301286965609,0.46518850326538086,0.027496283873915672,0.003945394419133663,0.5211408138275146,0.0033729078713804483,0.02437303401529789,0.009261776693165302,0.0017767888493835926,0.1281491369009018,0.24964524805545807,0.03297104313969612,0.051435988396406174,0.003862830577418208,0.03694520145654678,0.02125326171517372,0.0158796776086092,0.011303238570690155,0.01662774384021759,0.079010508954525,0.10269751399755478,0.01733294688165188,0.008965528570115566,0.013938347809016705,0.03761795163154602,0.006864757277071476,0.020595505833625793,0.06596826016902924,,,,,,,,,,,,,,,
unknown,わ,366,367,518.083,518.2426,0.9716797,,0.01468430832028389,0.019068608060479164,0.01844255067408085,0.1931995153427124,0.006145494058728218,0.032415829598903656,0.01256175059825182,0.01272339653223753,0.044338274747133255,0.05545249581336975,0.03332601487636566,0.022198323160409927,0.060455162078142166,0.04424025118350983,0.03187009319663048,0.07629254460334778,0.04523603245615959,0.055258817970752716,0.0267435722053051,0.015461580827832222,0.005973453633487225,0.010839897207915783,0.012688384391367435,0.06371357291936874,0.008909744210541248,0.005102303810417652,0.44474169611930847,0.025967292487621307,0.0038153445348143578,0.4869213104248047,0.00403938302770257,0.023159457370638847,0.008843818679451942,0.002199961105361581,0.13513179123401642,0.19897933304309845,0.019168904051184654,0.035944536328315735,0.0035737231373786926,0.03312762454152107,0.024035492911934853,0.014938809908926487,0.0076692611910402775,0.013794134370982647,0.10784891992807388,0.09491202235221863,0.014572803862392902,0.009062743745744228,0.01722765527665615,0.039738550782203674,0.005668895784765482,0.019123883917927742,0.06547799706459045,,,,,,,,,,,,,,,
unknown,る,368,369,518.2426,518.7426,0.99609375,,0.021361393854022026,0.030205145478248596,0.03191370144486427,0.17192025482654572,0.002552459482103586,0.02093764767050743,0.01395599078387022,0.01653897762298584,0.057573627680540085,0.05955898389220238,0.03463873267173767,0.029084311798214912,0.058129459619522095,0.04659738764166832,0.02162115089595318,0.09567614644765854,0.034431081265211105,0.050350889563560486,0.010966893285512924,0.00764052290469408,0.0029615589883178473,0.00763726606965065,0.012823913246393204,0.04989834502339363,0.01100151613354683,0.002833510981872678,0.4974239468574524,0.032039985060691833,0.0028220107778906822,0.524691104888916,0.003492047544568777,0.03753961995244026,0.006052033044397831,0.0011541120475158095,0.16860812902450562,0.2483365386724472,0.024418171495199203,0.04331158474087715,0.0023013169411569834,0.06175176426768303,0.02411804161965847,0.009868551045656204,0.005946222692728043,0.007112329360097647,0.059570278972387314,0.10528191179037094,0.007077786140143871,0.0067842258140444756,0.009180343709886074,0.050423312932252884,0.002806895412504673,0.016548439860343933,0.05943953990936279,,,,,,,,,,,,,,,
unknown,お,370,371,524.60583,524.76556,0.65722656,,0.02791779115796089,0.03514920175075531,0.03871884569525719,0.1662631332874298,0.0023593229707330465,0.017169618979096413,0.01167712826281786,0.02287180721759796,0.04313628003001213,0.05082903057336807,0.04041805863380432,0.03131446987390518,0.055859699845314026,0.06226038560271263,0.021733256056904793,0.10699112713336945,0.039191074669361115,0.052597660571336746,0.010416592471301556,0.0069827972911298275,0.0027272929437458515,0.0066473595798015594,0.012964186258614063,0.05591781809926033,0.008627154864370823,0.0029351431876420975,0.4920102655887604,0.040334198623895645,0.0036395678762346506,0.5075011253356934,0.0032690297812223434,0.03771663084626198,0.004978209733963013,0.0011339503107592463,0.18587976694107056,0.2681206464767456,0.02539999783039093,0.059989091008901596,0.0023576782550662756,0.06985414773225784,0.02741064690053463,0.009907331317663193,0.006835615262389183,0.007867553271353245,0.05302710458636284,0.11468707025051117,0.007404977455735207,0.006228609010577202,0.008482654578983784,0.054635338485240936,0.002859144238755107,0.0144336624071002,0.06767458468675613,,,,,,,,,,,,,,,
unknown,た,372,373,524.76556,524.88544,0.6479492,,0.024100840091705322,0.030965670943260193,0.035313524305820465,0.1775212287902832,0.003194877179339528,0.025573184713721275,0.009336560033261776,0.023875458166003227,0.035392217338085175,0.05771329626441002,0.05174840986728668,0.038015276193618774,0.06812215596437454,0.0775827169418335,0.02452140301465988,0.08822484314441681,0.044610727578401566,0.050552912056446075,0.017891736701130867,0.011163509450852871,0.003963811788707972,0.0069676972925662994,0.013760915026068687,0.060419511049985886,0.007594825699925423,0.0036311685107648373,0.4104268252849579,0.047033630311489105,0.004533024970442057,0.44336554408073425,0.002600665669888258,0.019779039546847343,0.004794859793037176,0.0013039371697232127,0.19502036273479462,0.2120164930820465,0.024113627150654793,0.06775327771902084,0.0024815008509904146,0.043011147528886795,0.035527873784303665,0.010587877593934536,0.012551565654575825,0.009263637475669384,0.04937855899333954,0.1038040742278099,0.020043980330228806,0.006714151706546545,0.013233888894319534,0.056026000529527664,0.0035513241309672594,0.021311666816473007,0.05655017867684364,,,,,,,,,,,,,,,
unknown,玉,374,375,524.88544,525.04517,0.6699219,,0.01537980418652296,0.02118823677301407,0.023404637351632118,0.17557552456855774,0.005881716962903738,0.041405078023672104,0.017826972529292107,0.01311634760349989,0.03975566849112511,0.07507529854774475,0.03679145500063896,0.03188331052660942,0.04024313762784004,0.03933831676840782,0.025176748633384705,0.08887621015310287,0.05027826130390167,0.07030966132879257,0.02287929318845272,0.01005706749856472,0.00397659232839942,0.014240933582186699,0.009107358753681183,0.04837822914123535,0.01000320352613926,0.003907601349055767,0.47832757234573364,0.02359766699373722,0.0034974487498402596,0.522840142250061,0.004516614601016045,0.035485971719026566,0.007172052748501301,0.0017340255435556173,0.13003648817539215,0.2118207812309265,0.016862347722053528,0.052666399627923965,0.00459257373586297,0.05197657272219658,0.02465972863137722,0.016127226874232292,0.004536804277449846,0.015429203398525715,0.06738504022359848,0.10730145126581192,0.006435407791286707,0.0073807137086987495,0.012996356934309006,0.04148494452238083,0.0037510283291339874,0.028620805591344833,0.07326377183198929,,,,,,,,,,,,,,,
unknown,じ,376,377,525.04517,525.20496,0.3725586,,0.021826621145009995,0.039273906499147415,0.025559650734066963,0.17630711197853088,0.010553601197898388,0.060986097902059555,0.01899033412337303,0.024205569177865982,0.04578864574432373,0.060592010617256165,0.0335395447909832,0.02884126640856266,0.05114101618528366,0.03478361666202545,0.02491631917655468,0.07470199465751648,0.04505721852183342,0.04610586538910866,0.0289614237844944,0.014626927673816681,0.008186853490769863,0.01942870020866394,0.008984043262898922,0.07668587565422058,0.018352296203374863,0.004371800925582647,0.36355888843536377,0.04106459021568298,0.003449507988989353,0.48010891675949097,0.005406462587416172,0.02478066086769104,0.009541254490613937,0.0032685846090316772,0.12214935570955276,0.2176222801208496,0.031010838225483894,0.05771278589963913,0.005825432017445564,0.047580815851688385,0.03262218460440636,0.01615346409380436,0.013762963935732841,0.014344240538775921,0.043628353625535965,0.10943526029586792,0.028044208884239197,0.011873318813741207,0.026167165488004684,0.07436675578355789,0.003437994746491313,0.028329994529485703,0.06074223294854164,,,,,,,,,,,,,,,
unknown,く,378,379,525.20496,525.36475,0.52441406,,0.016393272206187248,0.029398150742053986,0.020732540637254715,0.19103915989398956,0.010367443785071373,0.06315767765045166,0.01911502331495285,0.01937553845345974,0.04736561328172684,0.05170980095863342,0.029092937707901,0.0243771281093359,0.05266780033707619,0.028757814317941666,0.023535165935754776,0.07241979241371155,0.03692375496029854,0.042012423276901245,0.03126132860779762,0.015214285813272,0.008379182778298855,0.020176520571112633,0.008460896089673042,0.08009493350982666,0.020548421889543533,0.0043515102006495,0.36210060119628906,0.03209467977285385,0.002688521519303322,0.49567365646362305,0.005055636167526245,0.02296934835612774,0.011604435741901398,0.0033451132476329803,0.10422283411026001,0.21387432515621185,0.024965304881334305,0.0464630201458931,0.00548840407282114,0.04454053193330765,0.033267490565776825,0.020006338134407997,0.010156971402466297,0.014171177521348,0.04493940249085426,0.11263638734817505,0.02326081693172455,0.012756858952343464,0.030704054981470108,0.07793847471475601,0.0035785380750894547,0.028675580397248268,0.06649324297904968,,,,,,,,,,,,,,,
unknown,し,380,381,525.36475,525.86475,0.8876953,,0.02046843431890011,0.023314757272601128,0.021117620170116425,0.1298568695783615,0.014522332698106766,0.08514692634344101,0.03393631428480148,0.019998475909233093,0.04879332333803177,0.05460020527243614,0.034063391387462616,0.028606554493308067,0.06377920508384705,0.06063651666045189,0.028225861489772797,0.0640937015414238,0.03415578603744507,0.05244957655668259,0.0814918726682663,0.023751085624098778,0.011312865652143955,0.04489341005682945,0.015542462468147278,0.04650410637259483,0.02846648544073105,0.016428476199507713,0.2694476544857025,0.027241796255111694,0.005143919959664345,0.3149774968624115,0.008083224296569824,0.02182362973690033,0.02554919943213463,0.004540476016700268,0.09612215310335159,0.13268299400806427,0.017957232892513275,0.06484704464673996,0.020313924178481102,0.045721691101789474,0.05174461379647255,0.025869915261864662,0.006963464431464672,0.05664313584566116,0.04193989560008049,0.09164244681596756,0.013299870304763317,0.02745375595986843,0.03802825137972832,0.05095832422375679,0.012301376089453697,0.07255793362855911,0.06249656155705452,,,,,,,,,,,,,,,
unknown,悲,382,383,530.118,530.3177,0.9975586,,0.005761359818279743,0.005886206869035959,0.01101282611489296,0.08153935521841049,0.015464800409972668,0.09777670353651047,0.03236162289977074,0.0068307900801301,0.034508418291807175,0.1031801700592041,0.028674496337771416,0.01527686882764101,0.03964734077453613,0.04476867988705635,0.027747418731451035,0.05637176334857941,0.029340142384171486,0.04827160760760307,0.07924965023994446,0.015660453587770462,0.007453659549355507,0.06300140172243118,0.00940652284771204,0.028718365356326103,0.012174512259662151,0.015881070867180824,0.1912776678800583,0.011008315719664097,0.003862532554194331,0.2034270018339157,0.0049056559801101685,0.0199821125715971,0.014172423630952835,0.0023256021086126566,0.04054609686136246,0.08747759461402893,0.005337855778634548,0.025628887116909027,0.032324764877557755,0.0237509123980999,0.041436854749917984,0.03680012747645378,0.0022042898926883936,0.1322287619113922,0.0869845524430275,0.06019100174307823,0.003834878094494343,0.015487117692828178,0.022366689518094063,0.01955140382051468,0.01020416896790266,0.1781555414199829,0.04944165050983429,,,,,,,,,,,,,,,
unknown,し,384,385,530.3177,530.51746,0.9926758,,0.008743487298488617,0.010278481990098953,0.0190212931483984,0.12072309106588364,0.008928967639803886,0.05762910842895508,0.02177370898425579,0.011744402348995209,0.0334327332675457,0.0594453327357769,0.021756960079073906,0.012686168774962425,0.0692049041390419,0.04612729325890541,0.01889168843626976,0.05931631103157997,0.033594097942113876,0.0315995030105114,0.05246204137802124,0.011336144059896469,0.00502736633643508,0.039340727031230927,0.010136043652892113,0.04895097762346268,0.010599354282021523,0.007531797979027033,0.27512067556381226,0.01758730597794056,0.0035239560529589653,0.3188033699989319,0.004329617600888014,0.015577801503241062,0.010181300342082977,0.0022987178526818752,0.05768108740448952,0.14911988377571106,0.006955435033887625,0.04421696066856384,0.018288470804691315,0.03863801807165146,0.032451827079057693,0.016406551003456116,0.002160603879019618,0.09352428466081619,0.07672611624002457,0.06616681069135666,0.0034319194965064526,0.011676399037241936,0.02341384068131447,0.029057679697871208,0.004763676784932613,0.06671719253063202,0.05529404804110527,,,,,,,,,,,,,,,
unknown,く,386,387,530.51746,531.01746,0.87841797,,0.008295556530356407,0.010370902717113495,0.011389841325581074,0.10805501788854599,0.004709454253315926,0.03432595357298851,0.03381112590432167,0.008153212256729603,0.03351227939128876,0.07308235764503479,0.025476036593317986,0.008481603115797043,0.035936787724494934,0.0487104095518589,0.01575525663793087,0.06071877107024193,0.013687081634998322,0.025221943855285645,0.06136440113186836,0.008357146754860878,0.002997151343151927,0.05354144424200058,0.011952286586165428,0.03415365144610405,0.012707594782114029,0.015024690888822079,0.1802573949098587,0.013731899671256542,0.0024453699588775635,0.2184586375951767,0.005717811640352011,0.013694840483367443,0.012538671493530273,0.0015816049417480826,0.0355415903031826,0.11611364781856537,0.013704847544431686,0.04440343379974365,0.027069739997386932,0.03199998661875725,0.030798781663179398,0.022155435755848885,0.004115944728255272,0.2326921969652176,0.08102156221866608,0.050998274236917496,0.00420012790709734,0.01655815728008747,0.014438951388001442,0.012456011027097702,0.009733660146594048,0.22054974734783173,0.04090515524148941,,,,,,,,,,,,,,,
unknown,カ,388,389,536.3637,536.8637,0.86035156,,0.009307708591222763,0.014004182070493698,0.014673604629933834,0.1072874516248703,0.007906557992100716,0.06463675945997238,0.029146218672394753,0.007816789671778679,0.04117967188358307,0.12257786095142365,0.022502075880765915,0.011121300980448723,0.047584835439920425,0.048576291650533676,0.01925056427717209,0.03842354193329811,0.03430107235908508,0.02949916385114193,0.10477079451084137,0.015612274408340454,0.004983572755008936,0.046004340052604675,0.01561094168573618,0.021100902929902077,0.0153571842238307,0.009821241721510887,0.20730385184288025,0.015800757333636284,0.00492886221036315,0.2519608438014984,0.005405618343502283,0.006619190331548452,0.013685238547623158,0.0017426018603146076,0.059518005698919296,0.08454800397157669,0.012238833121955395,0.04564805328845978,0.01498816255480051,0.02570957876741886,0.03758661821484566,0.008238284848630428,0.0046597374603152275,0.19381454586982727,0.06564176827669144,0.038211505860090256,0.006474227178841829,0.019338902086019516,0.023541368544101715,0.015577095560729504,0.007426640950143337,0.06188110634684563,0.024313539266586304,,,,,,,,,,,,,,,
unknown,食,390,391,542.6702,542.8698,0.9345703,,0.011545207351446152,0.017338326200842857,0.013617129996418953,0.08024026453495026,0.009104226715862751,0.05874564126133919,0.03173597902059555,0.00904258992522955,0.04048416391015053,0.07706185430288315,0.02442569099366665,0.0083810705691576,0.0606178380548954,0.06112688407301903,0.0190228633582592,0.03608030080795288,0.044388022273778915,0.0193643756210804,0.15674088895320892,0.021101264283061028,0.006856744177639484,0.0646323636174202,0.01848413050174713,0.016078321263194084,0.017967423424124718,0.019565952941775322,0.12852327525615692,0.01620185375213623,0.0049014026299119,0.13847744464874268,0.006858954671770334,0.007272342219948769,0.019461287185549736,0.0027669542469084263,0.06176276504993439,0.0607491210103035,0.018042422831058502,0.0783204585313797,0.024334510788321495,0.01719297096133232,0.040962476283311844,0.009092103689908981,0.006812285631895065,0.36093711853027344,0.04759817570447922,0.03364158049225807,0.009231179021298885,0.02624371461570263,0.038669403642416,0.016035234555602074,0.015152772888541222,0.04054565355181694,0.01503260713070631,,,,,,,,,,,,,,,
unknown,べ,392,393,542.8698,543.0295,0.94140625,,0.00950824934989214,0.010688301175832748,0.014721949584782124,0.09049978852272034,0.006172184832394123,0.0560208298265934,0.027186544612050056,0.007279630750417709,0.04360668733716011,0.09308858960866928,0.020923439413309097,0.007898200303316116,0.04568294435739517,0.0602673701941967,0.016919314861297607,0.02717883698642254,0.025830112397670746,0.020371532067656517,0.1339561939239502,0.01718565635383129,0.004934763535857201,0.05488226190209389,0.015649816021323204,0.010381927713751793,0.019450610503554344,0.02161334827542305,0.11660455912351608,0.01222791988402605,0.0061668287962675095,0.11717156320810318,0.004533589817583561,0.005608180072158575,0.01874641142785549,0.001670371275395155,0.05646177753806114,0.04463407024741173,0.008764686994254589,0.045430924743413925,0.02003498002886772,0.019430052489042282,0.04148957133293152,0.007762697525322437,0.0035385002847760916,0.38104748725891113,0.07153698056936264,0.0256698839366436,0.004989054054021835,0.02681647799909115,0.0278168972581625,0.011586491949856281,0.017150143161416054,0.0506904274225235,0.014058101922273636,,,,,,,,,,,,,,,
unknown,る,394,395,543.0295,543.5295,0.9814453,,0.01611989736557007,0.0193893201649189,0.02155774086713791,0.11988383531570435,0.004554852843284607,0.03796696662902832,0.026179004460573196,0.01192357949912548,0.055691227316856384,0.05017026886343956,0.02164318412542343,0.00929910596460104,0.06046046316623688,0.052728407084941864,0.01370665431022644,0.0341428704559803,0.023151379078626633,0.030823757871985435,0.08907471597194672,0.012928677722811699,0.0037987043615430593,0.04360100254416466,0.017033079639077187,0.02139854058623314,0.02314828336238861,0.024929869920015335,0.19036811590194702,0.01832825317978859,0.0062258136458694935,0.19535335898399353,0.0047363657504320145,0.007602385710924864,0.0205853134393692,0.0017383017111569643,0.07657799124717712,0.07475043088197708,0.015932779759168625,0.02919226512312889,0.015086636878550053,0.036175668239593506,0.037458691745996475,0.00954356323927641,0.00643911911174655,0.2641332149505615,0.06838476657867432,0.03779483586549759,0.010107431560754776,0.026618752628564835,0.030717944726347923,0.02095160447061062,0.02251715585589409,0.03418784961104393,0.024106837809085846,,,,,,,,,,,,,,,
unknown,男,396,397,548.25824,548.75824,0.9458008,,0.008682843297719955,0.010511171072721481,0.00894753448665142,0.0746256560087204,0.02303619310259819,0.12160814553499222,0.030224304646253586,0.006296480540186167,0.046526748687028885,0.05463843047618866,0.016802040860056877,0.008949789218604565,0.04286589100956917,0.032335054129362106,0.027835126966238022,0.022681353613734245,0.019216416403651237,0.052270952612161636,0.12801146507263184,0.023128198459744453,0.008108047768473625,0.08185716718435287,0.013105107471346855,0.010503415018320084,0.022270098328590393,0.058810755610466,0.127496138215065,0.008672748692333698,0.0069786133244633675,0.09377390891313553,0.003532400820404291,0.0065774922259151936,0.02639435976743698,0.0018486679764464498,0.04218108579516411,0.04115517809987068,0.01251611765474081,0.010213552974164486,0.03555869311094284,0.026456516236066818,0.03402208536863327,0.009322799742221832,0.004147560801357031,0.27945244312286377,0.06259211152791977,0.025364426895976067,0.005895049311220646,0.02962869219481945,0.03654045611619949,0.012729623354971409,0.049717195332050323,0.049133073538541794,0.019627483561635017,,,,,,,,,,,,,,,
unknown,た,398,399,553.9804,554.14,0.66552734,,0.006716880016028881,0.007992178201675415,0.009659790433943272,0.08923976123332977,0.01491629146039486,0.11083868145942688,0.039346110075712204,0.005796510726213455,0.06576470285654068,0.07708283513784409,0.026524383574724197,0.015946408733725548,0.06317241489887238,0.03976290673017502,0.024516889825463295,0.03369596600532532,0.016449514776468277,0.0660540983080864,0.12001430988311768,0.02079254947602749,0.006284438073635101,0.0660938024520874,0.01963174156844616,0.012170050293207169,0.028186017647385597,0.027846593409776688,0.16223131120204926,0.009828015230596066,0.004723777994513512,0.1453496813774109,0.004969531670212746,0.0074223801493644714,0.028495559468865395,0.001778065925464034,0.05262138321995735,0.05018678307533264,0.008751208893954754,0.010371383279561996,0.01962474174797535,0.03387261927127838,0.04406294971704483,0.013880535028874874,0.0032129185274243355,0.17999805510044098,0.05841415002942085,0.0370255708694458,0.004806686658412218,0.030673306435346603,0.04074373096227646,0.019731970503926277,0.02532126195728779,0.05114906653761864,0.029510390013456345,,,,,,,,,,,,,,,
unknown,だ,400,401,554.14,554.3795,0.50878906,,0.005547050852328539,0.004359427839517593,0.01047254167497158,0.07466108351945877,0.014464985579252243,0.14441907405853271,0.038094665855169296,0.0048818099312484264,0.06020238250494003,0.1315452754497528,0.05092031881213188,0.025896457955241203,0.04682429879903793,0.06119837239384651,0.033845722675323486,0.06256226450204849,0.009736520238220692,0.06291136890649796,0.1548808217048645,0.02941715158522129,0.008940493687987328,0.06312736123800278,0.021031664684414864,0.009748391807079315,0.03475460782647133,0.021527839824557304,0.10746544599533081,0.009528391994535923,0.0033241750206798315,0.08190394192934036,0.005036382470279932,0.010468059219419956,0.03009911999106407,0.0017627469496801496,0.040182020515203476,0.04024909809231758,0.004739347379654646,0.01601603254675865,0.027194151654839516,0.03746539726853371,0.06209975481033325,0.031115613877773285,0.0020854948088526726,0.1498798131942749,0.05726058781147003,0.06285247951745987,0.0035611470229923725,0.038971446454524994,0.0325796864926815,0.01668710634112358,0.016548804938793182,0.13773290812969208,0.042081378400325775,,,,,,,,,,,,,,,
unknown,し,402,403,554.3795,554.8795,0.99609375,,0.016277899965643883,0.011256003752350807,0.02470247820019722,0.11993161588907242,0.006600464228540659,0.06765454262495041,0.0330645926296711,0.011264982633292675,0.056803833693265915,0.10316353291273117,0.057881712913513184,0.026472842320799828,0.04801902920007706,0.0644519105553627,0.02759849838912487,0.11041917651891708,0.007946589961647987,0.06509929895401001,0.07243400067090988,0.018738742917776108,0.005875029135495424,0.038534827530384064,0.02062620408833027,0.023385697975754738,0.0251481793820858,0.018178675323724747,0.2109956592321396,0.016869232058525085,0.0038891141302883625,0.1770578771829605,0.005056152585893869,0.01931123249232769,0.014002548530697823,0.0015009832568466663,0.06279125809669495,0.10778996348381042,0.009740041568875313,0.019218608736991882,0.017621902748942375,0.08351925015449524,0.048918742686510086,0.04179376736283302,0.0033577207941561937,0.09764913469552994,0.06450476497411728,0.11184021830558777,0.005242606624960899,0.02371128834784031,0.021614396944642067,0.029936568811535835,0.01465674303472042,0.1290387511253357,0.07830804586410522,,,,,,,,,,,,,,,
unknown,受,404,405,560.40564,560.56525,0.88623047,,0.007011174224317074,0.006187901832163334,0.013707487843930721,0.0873912125825882,0.013924616388976574,0.09340176731348038,0.044456999748945236,0.006872266530990601,0.06497033685445786,0.07773130387067795,0.03695584833621979,0.018395056948065758,0.08748569339513779,0.06108446046710014,0.02932451292872429,0.049453675746917725,0.013737000524997711,0.0432739295065403,0.10333842039108276,0.02280738390982151,0.010188587941229343,0.09272050857543945,0.02313690260052681,0.012409412302076817,0.03377263620495796,0.03295024484395981,0.08793341368436813,0.011767040938138962,0.0035165383014827967,0.06382008641958237,0.00831659510731697,0.013116412796080112,0.035448674112558365,0.003660879796370864,0.03968637064099312,0.04269609972834587,0.007001121528446674,0.016668738797307014,0.04830891638994217,0.04218198359012604,0.04778717830777168,0.02085481770336628,0.0020832689478993416,0.2199166864156723,0.09469053149223328,0.04635409265756607,0.0030323234386742115,0.04188894107937813,0.03390577435493469,0.015041005797684193,0.024640919640660286,0.11165047436952591,0.034658972173929214,,,,,,,,,,,,,,,
unknown,け,406,407,560.56525,560.76483,0.9770508,,0.00812768004834652,0.006567921489477158,0.012065386399626732,0.0925084799528122,0.020101424306631088,0.12521548569202423,0.04774770885705948,0.0061973873525857925,0.07373644411563873,0.06929311901330948,0.023586565628647804,0.016434838995337486,0.0874723568558693,0.06089413911104202,0.03835215047001839,0.031152276322245598,0.01749918796122074,0.04241124168038368,0.14475589990615845,0.03545833379030228,0.015246561728417873,0.10114558786153793,0.03119286522269249,0.00849525909870863,0.04522557184100151,0.03648691624403,0.08017630130052567,0.010258435271680355,0.005387414712458849,0.05504533648490906,0.009842940606176853,0.010645898059010506,0.039362773299217224,0.004330178257077932,0.041535090655088425,0.03228839859366417,0.006831023842096329,0.016797611489892006,0.05077768862247467,0.03316217660903931,0.05197928845882416,0.013139276765286922,0.0022765123285353184,0.21180707216262817,0.11100207269191742,0.03364086523652077,0.0036125327460467815,0.05261776223778725,0.038622885942459106,0.013719211332499981,0.02745904214680195,0.07937893271446228,0.02483852207660675,,,,,,,,,,,,,,,
unknown,る,408,409,560.76483,561.26483,0.99658203,,0.006873706821352243,0.00697430782020092,0.00793777871876955,0.08794835954904556,0.019667496904730797,0.13984617590904236,0.04765749350190163,0.00519475806504488,0.10456867516040802,0.07868100702762604,0.016205139458179474,0.010688687674701214,0.07147137075662613,0.058242470026016235,0.040926627814769745,0.020928068086504936,0.019008764997124672,0.0277883131057024,0.17794248461723328,0.03971128165721893,0.017536157742142677,0.09294679760932922,0.035140134394168854,0.006965002045035362,0.0749942809343338,0.036946043372154236,0.05234110727906227,0.010447872802615166,0.007402838207781315,0.04088006913661957,0.007926907390356064,0.007376422639936209,0.057516422122716904,0.0035423310473561287,0.029951540753245354,0.022851668298244476,0.008718420751392841,0.020822249352931976,0.04508953168988228,0.018327750265598297,0.07270298898220062,0.012279629707336426,0.00538610341027379,0.2192448377609253,0.09945572167634964,0.023418407887220383,0.009974534623324871,0.08037415891885757,0.0408642552793026,0.012918854132294655,0.026919445022940636,0.09960221499204636,0.014698456972837448,,,,,,,,,,,,,,,
unknown,幽,410,411,566.05286,566.3327,0.98876953,,0.006766987964510918,0.00707603432238102,0.009108589962124825,0.09692106395959854,0.020886704325675964,0.1327453851699829,0.056750860065221786,0.0057829092256724834,0.10941705107688904,0.07087606191635132,0.020973894745111465,0.016911720857024193,0.06079063192009926,0.05959008261561394,0.0366891473531723,0.02569945715367794,0.024383781477808952,0.04070870205760002,0.17506062984466553,0.03565964847803116,0.019268540665507317,0.11000309139490128,0.029453465715050697,0.00979815237224102,0.09464515000581741,0.037038061767816544,0.06165521964430809,0.013148285448551178,0.0056614321656525135,0.053853295743465424,0.012568405829370022,0.00939240027219057,0.06714557111263275,0.00625377893447876,0.03484927862882614,0.025421565398573875,0.009058874100446701,0.03530040755867958,0.0580766536295414,0.022474708035588264,0.08204048126935959,0.020100293681025505,0.0071486737579107285,0.21100211143493652,0.08332684636116028,0.03422509878873825,0.015352858230471611,0.08832819759845734,0.05069044232368469,0.018026351928710938,0.023891843855381012,0.07955918461084366,0.0231923907995224,,,,,,,,,,,,,,,
unknown,霊,412,413,566.3327,566.8327,0.93066406,,0.007867279462516308,0.007255292497575283,0.0067826625891029835,0.11459925025701523,0.015819257125258446,0.08974988758563995,0.08733516186475754,0.007277106866240501,0.08660880476236343,0.04861845076084137,0.028142739087343216,0.02501961961388588,0.09385517984628677,0.07822106778621674,0.028018422424793243,0.03714121878147125,0.012193452566862106,0.04241962730884552,0.1482042372226715,0.0245544221252203,0.014292378909885883,0.14783143997192383,0.03768172487616539,0.013506672345101833,0.08435841649770737,0.04325854778289795,0.06431771069765091,0.01430545561015606,0.0018198613543063402,0.06644684821367264,0.02958248369395733,0.022423606365919113,0.05540943145751953,0.011505113914608955,0.035597123205661774,0.03554631024599075,0.011996439658105373,0.07930780202150345,0.079007089138031,0.025544533506035805,0.09495862573385239,0.06538742035627365,0.006798430811613798,0.22447437047958374,0.08147116750478745,0.05013256147503853,0.009745864197611809,0.06913618743419647,0.06263802945613861,0.029091136530041695,0.026359032839536667,0.11729307472705841,0.04306572303175926,,,,,,,,,,,,,,,
unknown,す,414,415,571.7691,571.92896,0.99658203,,0.007383052725344896,0.008510448969900608,0.008495503105223179,0.0715777575969696,0.014729506336152554,0.1079784631729126,0.07804185897111893,0.006823940202593803,0.08870084583759308,0.06669404357671738,0.029744939878582954,0.020681779831647873,0.10312413424253464,0.06232358515262604,0.019896704703569412,0.02902858331799507,0.012936481274664402,0.032953038811683655,0.16187343001365662,0.0216328427195549,0.00848368089646101,0.1231895238161087,0.03636684641242027,0.009132598526775837,0.06856375187635422,0.0240681953728199,0.07178980112075806,0.012702329084277153,0.0025853440165519714,0.07336799800395966,0.018946008756756783,0.010433328337967396,0.05308859422802925,0.0055047194473445415,0.036401744931936264,0.036958593875169754,0.011857094243168831,0.06322804093360901,0.05821404606103897,0.02808467485010624,0.084923654794693,0.01993565820157528,0.004924427717924118,0.2199634611606598,0.04820140451192856,0.031150566413998604,0.004197658505290747,0.06335627287626266,0.05829620733857155,0.022912921383976936,0.01637439616024494,0.08824276924133301,0.02698792889714241,,,,,,,,,,,,,,,
unknown,る,416,417,571.92896,572.42896,0.9970703,,0.004161084070801735,0.004559614229947329,0.007254906464368105,0.10417721420526505,0.011309786699712276,0.1090189591050148,0.07416906207799911,0.00441591115668416,0.10964162647724152,0.10607938468456268,0.03812215104699135,0.03233638405799866,0.08810023963451385,0.05909857153892517,0.022423477843403816,0.039060093462467194,0.012866716831922531,0.049208883196115494,0.12134072184562683,0.019220076501369476,0.008619238622486591,0.08617649972438812,0.03289351984858513,0.009835421107709408,0.08203179389238358,0.013081135228276253,0.10124628990888596,0.010988332331180573,0.0019457931630313396,0.10667351633310318,0.01599998027086258,0.00928129069507122,0.066979318857193,0.004462802316993475,0.043889496475458145,0.039384517818689346,0.005390706472098827,0.03460009768605232,0.027588892728090286,0.03463629260659218,0.08098430931568146,0.02234824001789093,0.0022977881599217653,0.10632209479808807,0.05953041836619377,0.04586511477828026,0.0031483278144150972,0.06663067638874054,0.04410340264439583,0.022500742226839066,0.00952970702201128,0.08956143260002136,0.03639337792992592,,,,,,,,,,,,,,,
unknown,3,418,419,578.6594,578.9792,0.91259766,,0.005908690392971039,0.006797086913138628,0.00861834455281496,0.10955789685249329,0.01503401342779398,0.09764447808265686,0.06848608702421188,0.006341163069009781,0.09783259779214859,0.0705423504114151,0.030722331255674362,0.02190258726477623,0.08955918252468109,0.04760616645216942,0.02523903176188469,0.039864081889390945,0.010347289964556694,0.03855827450752258,0.1212497353553772,0.02431316487491131,0.01227536704391241,0.10141067206859589,0.030002901330590248,0.013247465714812279,0.0783318430185318,0.01586737670004368,0.10849183797836304,0.01190903689712286,0.001826432184316218,0.1166381686925888,0.019797982648015022,0.012026229873299599,0.06752225011587143,0.007180759217590094,0.03900996968150139,0.051960431039333344,0.007941160351037979,0.027907205745577812,0.03180678188800812,0.04078257083892822,0.07731462270021439,0.021077243611216545,0.0023554181680083275,0.13817960023880005,0.07761968672275543,0.04664752259850502,0.0027816444635391235,0.0706738606095314,0.057464223355054855,0.027110183611512184,0.012213669717311859,0.062362417578697205,0.038969311863183975,,,,,,,,,,,,,,,
unknown,番,420,421,578.9792,579.4792,0.68359375,,0.003690768498927355,0.0034501163754612207,0.00673151109367609,0.09189014136791229,0.025801001116633415,0.17061243951320648,0.07574494183063507,0.005901053547859192,0.0718943402171135,0.060045577585697174,0.032079558819532394,0.0314997099339962,0.07057981193065643,0.0476909838616848,0.025972288101911545,0.03619063273072243,0.0093306303024292,0.05525437742471695,0.1904805451631546,0.025982730090618134,0.014275046065449715,0.13389290869235992,0.024261625483632088,0.011388091370463371,0.09213915467262268,0.014608487486839294,0.09625308960676193,0.009632398374378681,0.0018140029860660434,0.10760663449764252,0.020336586982011795,0.009349631145596504,0.08399856835603714,0.008869939483702183,0.03467399254441261,0.03901609033346176,0.0035176549572497606,0.02220975235104561,0.041970688849687576,0.03979353606700897,0.1203199177980423,0.029312530532479286,0.001237321412190795,0.13504773378372192,0.05225319042801857,0.054112985730171204,0.0016450638649985194,0.08100022375583649,0.09671042859554291,0.038166485726833344,0.009703881107270718,0.06592213362455368,0.051016420125961304,,,,,,,,,,,,,,,
unknown,戦,422,423,584.1355,584.5352,0.97314453,,0.005642123986035585,0.004346946254372597,0.010663911700248718,0.12787435948848724,0.01090683601796627,0.09752363711595535,0.04366197809576988,0.006132358685135841,0.058977071195840836,0.0713246613740921,0.035979315638542175,0.037970006465911865,0.09074313193559647,0.05112377926707268,0.01953204907476902,0.061193570494651794,0.011653391644358635,0.061372216790914536,0.12439864128828049,0.015429711900651455,0.00682102283462882,0.06222054362297058,0.022097928449511528,0.017514968290925026,0.04848986119031906,0.00729067949578166,0.2032991200685501,0.010595956817269325,0.0013776677660644054,0.22735272347927094,0.01112353801727295,0.014724220149219036,0.033488065004348755,0.004093003924936056,0.062709741294384,0.07724934071302414,0.0032526215072721243,0.03805644437670708,0.01883034035563469,0.0591985322535038,0.08817919343709946,0.034361619502305984,0.0008984062005765736,0.07499653846025467,0.04597264528274536,0.09796658903360367,0.0012922234600409865,0.03484013304114342,0.05655757710337639,0.052200086414813995,0.005093675572425127,0.04085467755794525,0.08769548684358597,,,,,,,,,,,,,,,
unknown,争,424,425,584.5352,585.0352,0.95751953,,0.005059834569692612,0.0034446725621819496,0.008749430067837238,0.1371457576751709,0.015626486390829086,0.1467854082584381,0.03590678051114082,0.006024601403623819,0.049536947160959244,0.08984224498271942,0.03143647313117981,0.041653361171483994,0.13056448101997375,0.06434579193592072,0.021014537662267685,0.0325041301548481,0.01635044813156128,0.05812046676874161,0.16069486737251282,0.021876724436879158,0.00724703399464488,0.06145359203219414,0.028051046654582024,0.012170304544270039,0.033747635781764984,0.005777125712484121,0.16796691715717316,0.011238489300012589,0.0022035762667655945,0.18586675822734833,0.009812207892537117,0.005471889395266771,0.019456220790743828,0.0036073492374271154,0.086830735206604,0.045061275362968445,0.002130740787833929,0.03101237304508686,0.015411777421832085,0.03097514994442463,0.08818548917770386,0.01413300633430481,0.0010594086488708854,0.06378940492868423,0.052995890378952026,0.05560455471277237,0.0021851821802556515,0.025545839220285416,0.06920348107814789,0.043147601187229156,0.003822832368314266,0.040886249393224716,0.047028783708810806,,,,,,,,,,,,,,,
unknown,る,426,427,590.6108,591.1108,0.76416016,,0.004456437658518553,0.003248733002692461,0.009563102386891842,0.1527995765209198,0.009558291174471378,0.09319545328617096,0.04126747325062752,0.005434814374893904,0.07251576334238052,0.0962754562497139,0.02799759805202484,0.036814264953136444,0.14161986112594604,0.06783785670995712,0.01947914995253086,0.03398189693689346,0.013630131259560585,0.05367875099182129,0.13582833111286163,0.018629176542162895,0.0069212038069963455,0.05973014235496521,0.03492249920964241,0.014401338063180447,0.04540741816163063,0.0057509769685566425,0.17372319102287292,0.012572819367051125,0.0018385419389232993,0.19448517262935638,0.011548889800906181,0.005038287956267595,0.02562880702316761,0.0038336131256073713,0.07294405996799469,0.0510529987514019,0.002179001923650503,0.03083200566470623,0.015146172605454922,0.03329262509942055,0.0819643959403038,0.011988002806901932,0.0011415855260565877,0.0742989256978035,0.05979166924953461,0.05048737674951553,0.002187502570450306,0.03466275334358215,0.05561210587620735,0.03433140367269516,0.0036442666314542294,0.04835151508450508,0.04630603641271591,,,,,,,,,,,,,,,
unknown,開,428,429,595.9801,596.1799,0.91015625,,0.005737990606576204,0.0039797211065888405,0.01366125512868166,0.17756982147693634,0.006019920576363802,0.058716315776109695,0.031324390321969986,0.006644034292548895,0.06161241978406906,0.0832267478108406,0.03198404982686043,0.04814726114273071,0.12978723645210266,0.05328638479113579,0.015091675333678722,0.04861333966255188,0.008918368257582188,0.06199166923761368,0.0627053901553154,0.010695659555494785,0.003851393237709999,0.037193167954683304,0.022391607984900475,0.023144904524087906,0.029520325362682343,0.003488528309389949,0.2581167221069336,0.014561108313500881,0.0011301753111183643,0.31077373027801514,0.009713771753013134,0.0061267358250916,0.010178417898714542,0.0031269765459001064,0.08932578563690186,0.08067061752080917,0.002257215091958642,0.03302920609712601,0.009710143320262432,0.05805434286594391,0.05863509327173233,0.014928122982382774,0.001061788178049028,0.037293367087841034,0.04645683243870735,0.07763692736625671,0.00202768761664629,0.016640279442071915,0.039194025099277496,0.04461337625980377,0.002196437679231167,0.03148571029305458,0.08234352618455887,,,,,,,,,,,,,,,
unknown,け,430,431,596.1799,596.37964,0.9897461,,0.00550713250413537,0.004224355798214674,0.013288204558193684,0.16323664784431458,0.00417792284861207,0.04419393837451935,0.023323846980929375,0.006108338013291359,0.0569436252117157,0.09671172499656677,0.037376951426267624,0.04490656405687332,0.123154416680336,0.047759976238012314,0.01347328256815672,0.05926205590367317,0.00720252888277173,0.053732503205537796,0.04596198350191116,0.008396696299314499,0.0026131565682590008,0.02416362054646015,0.01968548633158207,0.02442597970366478,0.02107011154294014,0.002419703872874379,0.280819296836853,0.01414454635232687,0.0008401981322094798,0.3423851430416107,0.006572879385203123,0.0069372826255857944,0.007355332840234041,0.0019429817330092192,0.09001356363296509,0.0992557555437088,0.0025626199785619974,0.03355059772729874,0.005599378142505884,0.05432262644171715,0.05245372653007507,0.01562878116965294,0.0010791548993438482,0.02652013674378395,0.037042804062366486,0.08303238451480865,0.0017597619444131851,0.011766282841563225,0.029795827344059944,0.04467345401644707,0.0017057651421055198,0.02923470549285412,0.08371787518262863,,,,,,,,,,,,,,,
unknown,る,432,433,596.37964,596.87964,0.87109375,,0.008833136409521103,0.007108982186764479,0.022117888554930687,0.21913127601146698,0.0027371207252144814,0.036983922123909,0.0198174100369215,0.008512919768691063,0.0657738596200943,0.07471662759780884,0.03740685433149338,0.11662472039461136,0.13165761530399323,0.06325897574424744,0.015422108583152294,0.05788944289088249,0.016329608857631683,0.09267938882112503,0.015620463527739048,0.008196664974093437,0.0031074760481715202,0.012927941977977753,0.024226827546954155,0.030127743259072304,0.023532595485448837,0.0017338269390165806,0.36071956157684326,0.026801329106092453,0.0011519743129611015,0.34555014967918396,0.00644228421151638,0.007012930698692799,0.006807378493249416,0.001860854565165937,0.1532191038131714,0.09606609493494034,0.0038692522794008255,0.04071623086929321,0.0027427829336375,0.06879957020282745,0.051833830773830414,0.009138166904449463,0.001878499984741211,0.0034276398364454508,0.029884617775678635,0.10430403053760529,0.005209631752222776,0.009646043181419373,0.016683178022503853,0.05297975614666939,0.0013106096303090453,0.023594483733177185,0.09025169163942337,,,,,,,,,,,,,,,
