Id,Text,BeginPosition,EndPosition,BeginTime,EndTime,Confidence,SpeakerConfidence,Admiration,Adoration,Aesthetic Appreciation,Amusement,Anger,Annoyance,Anxiety,Awe,Awkwardness,Boredom,Calmness,Concentration,Confusion,Contemplation,Contempt,Contentment,Craving,Determination,Disappointment,Disapproval,Disgust,Distress,Doubt,Ecstasy,Embarrassment,Empathic Pain,Enthusiasm,Entrancement,Envy,Excitement,Fear,Gratitude,Guilt,Horror,Interest,Joy,Love,Nostalgia,Pain,Pride,Realization,Relief,Romance,Sadness,Sarcasm,Satisfaction,Desire,Shame,Surprise (negative),Surprise (positive),Sympathy,Tiredness,Triumph,1,2,3,4,5,6,7,8,9,toxic,severe_toxic,obscene,threat,insult,identity_hate
unknown,青,0,1,1.2591486,1.4989865,0.99609375,,0.011545567773282528,0.0043202731758356094,0.03269219025969505,0.010753843933343887,0.003993447404354811,0.03827196732163429,0.003930137492716312,0.004160204902291298,0.030420096591114998,0.16531945765018463,0.2704305946826935,0.031963471323251724,0.07613377273082733,0.02923801727592945,0.03269829973578453,0.09022143483161926,0.0031763396691530943,0.016476040706038475,0.034754250198602676,0.021456105634570122,0.0050711920484900475,0.006443861406296492,0.02252044528722763,0.0018213597359135747,0.003561013611033559,0.005494438577443361,0.009640995413064957,0.00696771964430809,0.003942506853491068,0.0025902162306010723,0.001606541802175343,0.01083309855312109,0.0022081956267356873,0.0005917403614148498,0.03692581504583359,0.009141407907009125,0.004481325391680002,0.0016985785914584994,0.0048305499367415905,0.007540046703070402,0.02644527517259121,0.015026831068098545,0.0017633712850511074,0.016143735498189926,0.026658430695533752,0.04692476615309715,0.0026974468491971493,0.007350888568907976,0.018571484833955765,0.009610472247004509,0.013776768930256367,0.038320623338222504,0.012191111221909523,,,,,,,,,,,,,,,
unknown,い,2,3,1.4989865,1.9989865,0.9116211,,0.011266348883509636,0.00354755693115294,0.022966396063566208,0.009365417994558811,0.0030222644563764334,0.03079031966626644,0.003583814948797226,0.0034606652334332466,0.024883225560188293,0.1389184296131134,0.3775589168071747,0.027721280232071877,0.042691539973020554,0.04532657191157341,0.035108815878629684,0.10924386978149414,0.0024560526944696903,0.01837683655321598,0.02990092895925045,0.019965648651123047,0.004260384477674961,0.005866020917892456,0.019697509706020355,0.0009627707186155021,0.0027327353600412607,0.011644776910543442,0.009794512763619423,0.004939869046211243,0.00375760393217206,0.0020838507916778326,0.0012261803494766355,0.011161651462316513,0.002349978080019355,0.0003813490329775959,0.053513817489147186,0.00696957390755415,0.0038324787747114897,0.0013094607274979353,0.005346996709704399,0.010804244317114353,0.03445187956094742,0.014713002368807793,0.0010195511858910322,0.02210135944187641,0.03803442791104317,0.052598562091588974,0.0012479856377467513,0.006668612360954285,0.012716498225927353,0.00700097531080246,0.02955460734665394,0.0295352041721344,0.010587490163743496,,,,,,,,,,,,,,,
unknown,青,4,5,3.6975,4.1975,0.9995117,,0.02757868729531765,0.010231884196400642,0.0655125305056572,0.03135927766561508,0.00290646287612617,0.0211737472563982,0.003688110737130046,0.010326286777853966,0.03293585032224655,0.08752194792032242,0.2793053984642029,0.026455901563167572,0.04416954889893532,0.03778615966439247,0.02836529165506363,0.08530266582965851,0.003142312867566943,0.017976466566324234,0.023085350170731544,0.017673930153250694,0.0053891511633992195,0.007493899669498205,0.010042380541563034,0.0024634948931634426,0.005856814328581095,0.010823128744959831,0.021190959960222244,0.012667125090956688,0.005337476264685392,0.005375590641051531,0.0019544181413948536,0.008405082859098911,0.0028355754911899567,0.0010376300197094679,0.0638749897480011,0.017795009538531303,0.006382856052368879,0.002414537826552987,0.006130536086857319,0.02835826389491558,0.029878107830882072,0.006002360954880714,0.0015807616291567683,0.026040218770503998,0.06960663199424744,0.05051935836672783,0.001844194601289928,0.010866294614970684,0.012825812213122845,0.009131001308560371,0.020823335275053978,0.010989123024046421,0.015949618071317673,,,,,,,,,,,,,,,
unknown,海,6,7,15.184438,15.684438,0.9995117,,0.055917855352163315,0.02926333248615265,0.26735547184944153,0.023072872310876846,0.0005451522301882505,0.003925497177988291,0.0017530968179926276,0.02945416048169136,0.008516141213476658,0.016678953543305397,0.3571958541870117,0.015740511938929558,0.014279453083872795,0.03955341503024101,0.010418341495096684,0.123241126537323,0.0021982176695019007,0.005345467012375593,0.006092467810958624,0.00392567552626133,0.0014959168620407581,0.002686857944354415,0.0017792255384847522,0.0062101613730192184,0.0015947595238685608,0.007812710478901863,0.03776906430721283,0.030863044783473015,0.0025121602229774,0.010418880730867386,0.0009155361913144588,0.0223934855312109,0.0009555202559567988,0.000736627378500998,0.08957509696483612,0.05756201967597008,0.018657293170690536,0.006705835927277803,0.0022559124045073986,0.016787750646471977,0.01628251001238823,0.008014194667339325,0.003731770673766732,0.011524110101163387,0.027274392545223236,0.06560688465833664,0.0016708868788555264,0.0030014575459063053,0.0042708381079137325,0.011045674793422222,0.015228725038468838,0.0036881244741380215,0.010685206390917301,,,,,,,,,,,,,,,
unknown,家,8,9,26.287987,26.44775,0.7348633,,0.023763371631503105,0.017975687980651855,0.09899237006902695,0.032831814140081406,0.002093580085784197,0.018866298720240593,0.005401825997978449,0.013835116289556026,0.019786588847637177,0.034311190247535706,0.22720861434936523,0.018603788688778877,0.02014867402613163,0.04794755205512047,0.015216602943837643,0.058290995657444,0.005717817228287458,0.011367538943886757,0.02672789990901947,0.01404598169028759,0.003936323337256908,0.009738381020724773,0.004706551320850849,0.003227151930332184,0.005631560925394297,0.010812731459736824,0.03967302292585373,0.018541369587183,0.0035630986094474792,0.013949158601462841,0.002719725016504526,0.008467921987175941,0.0035748258233070374,0.0016237254021689296,0.08383473753929138,0.030196374282240868,0.014735257253050804,0.015070009045302868,0.005867809988558292,0.016640985384583473,0.033808037638664246,0.005427715368568897,0.0040452447719872,0.03514234721660614,0.042690664529800415,0.037224043160676956,0.002500087022781372,0.00918545201420784,0.012251784093677998,0.01122820470482111,0.017459074035286903,0.005083768628537655,0.008791975677013397,,,,,,,,,,,,,,,
unknown,族,10,11,26.44775,26.94775,0.9057617,,0.01124188955873251,0.009238474071025848,0.021120361983776093,0.04810722544789314,0.00688202353194356,0.035230379551649094,0.029915742576122284,0.006109748501330614,0.05104008689522743,0.011683336459100246,0.05715746432542801,0.005077044013887644,0.013925019651651382,0.024990282952785492,0.02069016546010971,0.015985652804374695,0.0043942807242274284,0.00655636191368103,0.06412450969219208,0.030377686023712158,0.013227473013103008,0.061636410653591156,0.007046675309538841,0.0015115694841369987,0.034919705241918564,0.051444776356220245,0.01754186488687992,0.005339278839528561,0.0035085496492683887,0.009035896509885788,0.01714012585580349,0.003805960528552532,0.016362816095352173,0.010221585631370544,0.03243313729763031,0.011380098760128021,0.010033315978944302,0.012703570537269115,0.03466203436255455,0.014827277511358261,0.04440384358167648,0.006454145070165396,0.002156761707738042,0.18075981736183167,0.06673452258110046,0.015122507698833942,0.0019938957411795855,0.0414002425968647,0.03489759564399719,0.007495034020394087,0.06287536770105362,0.004017253406345844,0.005176087375730276,,,,,,,,,,,,,,,
unknown,い,12,13,32.739998,32.86,0.71728516,,0.01470282580703497,0.012150987982749939,0.03189629316329956,0.05308135971426964,0.004991485737264156,0.03182554617524147,0.023670990020036697,0.00701708672568202,0.051322031766176224,0.014267055317759514,0.07539700716733932,0.0076113599352538586,0.01824933849275112,0.036785028874874115,0.019610067829489708,0.0230283010751009,0.006489655002951622,0.008817309513688087,0.05823279917240143,0.028626497834920883,0.011121232993900776,0.043347958475351334,0.00847826711833477,0.0019094437593594193,0.0307814609259367,0.03937140852212906,0.024300815537571907,0.007543839979916811,0.003947575576603413,0.011558732949197292,0.012586826458573341,0.004363266285508871,0.014567689038813114,0.00689975218847394,0.047585856169462204,0.014540550298988819,0.012366333976387978,0.0196860171854496,0.024653343483805656,0.020623570308089256,0.048187896609306335,0.00653247581794858,0.0030029795598238707,0.14244045317173004,0.06185133755207062,0.021889720112085342,0.00307147903367877,0.03650403022766113,0.027910806238651276,0.008851678110659122,0.04884203523397446,0.004128276836127043,0.006744862534105778,,,,,,,,,,,,,,,
unknown,ら,14,15,32.86,32.98,0.9819336,,0.016784876585006714,0.013370487838983536,0.04334534704685211,0.04800567030906677,0.0051372358575463295,0.037608951330184937,0.022355837747454643,0.007758899126201868,0.04953928291797638,0.017861802130937576,0.0793619453907013,0.009894764050841331,0.023472987115383148,0.047339413315057755,0.022840281948447227,0.025784354656934738,0.009546744637191296,0.00960518978536129,0.06453285366296768,0.03676992654800415,0.013412297703325748,0.03800392895936966,0.011315991170704365,0.0021508829668164253,0.02633148618042469,0.030446765944361687,0.027127070352435112,0.009845348075032234,0.004912658128887415,0.012464361265301704,0.011618000455200672,0.00460421945899725,0.01250177901238203,0.006273252423852682,0.05510279908776283,0.014376400969922543,0.011676998808979988,0.023122569546103477,0.020198065787553787,0.019057324156165123,0.050710540264844894,0.006354694254696369,0.0035380679182708263,0.11216292530298233,0.056336190551519394,0.02463396266102791,0.004285348113626242,0.03308407962322235,0.026234528049826622,0.009462120942771435,0.037562329322099686,0.00439270818606019,0.006920224521309137,,,,,,,,,,,,,,,
unknown,な,16,17,32.98,33.059998,0.9951172,,0.03023267351090908,0.02434004284441471,0.107520192861557,0.051179371774196625,0.0029282968025654554,0.026322035118937492,0.013416423462331295,0.017257237806916237,0.03165767714381218,0.02388720028102398,0.13057160377502441,0.02048785425722599,0.033367350697517395,0.09972570091485977,0.021848201751708984,0.050519417971372604,0.014663850888609886,0.012163136154413223,0.041078925132751465,0.02874772436916828,0.009293715469539165,0.019978651776909828,0.01240716502070427,0.004944855812937021,0.012683664448559284,0.017370818182826042,0.045648764818906784,0.028056543320417404,0.005550813395529985,0.019320784136652946,0.00745117012411356,0.007651968393474817,0.006826477590948343,0.0040648034773766994,0.08898498862981796,0.02811730094254017,0.017923587933182716,0.04453696310520172,0.011551371775567532,0.023260001093149185,0.05859014391899109,0.006451397202908993,0.006980045698583126,0.05654067546129227,0.05139122158288956,0.042802631855010986,0.006800740025937557,0.01855815015733242,0.015698684379458427,0.01294781919568777,0.020149346441030502,0.0062263342551887035,0.010172886773943901,,,,,,,,,,,,,,,
unknown,い,18,19,33.059998,33.559998,0.97314453,,0.03238782659173012,0.024784795939922333,0.09947808086872101,0.06304583698511124,0.0029963504057377577,0.02997298538684845,0.01446942426264286,0.016315054148435593,0.03538002073764801,0.0239694956690073,0.12126554548740387,0.025951607152819633,0.039948564022779465,0.1209484338760376,0.02349185384809971,0.04850766435265541,0.02197183668613434,0.015356507152318954,0.04341389983892441,0.03272002190351486,0.010236443020403385,0.019273683428764343,0.016588836908340454,0.004608599003404379,0.014981512911617756,0.017775937914848328,0.05086159706115723,0.028866855427622795,0.006696559023112059,0.02079964056611061,0.007993483915925026,0.007124744355678558,0.008118999190628529,0.004148903302848339,0.12038125097751617,0.024683089926838875,0.017473725602030754,0.05213896557688713,0.010329114273190498,0.02517705038189888,0.0666474774479866,0.006376552861183882,0.007357015740126371,0.0466652475297451,0.055648982524871826,0.04736601561307907,0.009288523346185684,0.019913721829652786,0.01706673391163349,0.014918386936187744,0.021308669820427895,0.0055419462732970715,0.010463839396834373,,,,,,,,,,,,,,,
unknown,話,20,21,37.86,38.36,0.9892578,,0.016501285135746002,0.012131262570619583,0.06821901351213455,0.06542535126209259,0.003306342987343669,0.03725859150290489,0.01628432795405388,0.010551301762461662,0.03858495503664017,0.05162379518151283,0.1631394326686859,0.0306693147867918,0.046588651835918427,0.12123189866542816,0.025806525722146034,0.058021798729896545,0.01555804442614317,0.01648537442088127,0.036947641521692276,0.0316888801753521,0.008930799551308155,0.018642745912075043,0.01699758507311344,0.0037418336141854525,0.012742443010210991,0.010579371824860573,0.045021288096904755,0.022171402350068092,0.0042294692248106,0.02036682888865471,0.008374320343136787,0.006085043307393789,0.0053265453316271305,0.003594724228605628,0.10870208591222763,0.020754355937242508,0.008236880414187908,0.052869800478219986,0.008766314946115017,0.021833252161741257,0.05389861762523651,0.008562132716178894,0.004019855987280607,0.03938038647174835,0.06251679360866547,0.04740053787827492,0.005639803595840931,0.014065057970583439,0.015657490119338036,0.013547927141189575,0.011641225777566433,0.00920835230499506,0.011714187450706959,,,,,,,,,,,,,,,
unknown,b,22,23,43.350048,43.589653,0.3359375,,0.014913219027221203,0.013551361858844757,0.06395681202411652,0.08434745669364929,0.004885656293481588,0.03570854663848877,0.024941882118582726,0.012710330076515675,0.039914168417453766,0.043769750744104385,0.13561920821666718,0.04579765349626541,0.049407709389925,0.08181768655776978,0.024669986218214035,0.08121006190776825,0.021671464666724205,0.037242040038108826,0.03244844079017639,0.021907061338424683,0.00943666696548462,0.027248617261648178,0.014865544624626637,0.011213012970983982,0.015660777688026428,0.007703735493123531,0.10262956470251083,0.02707805298268795,0.0031292997300624847,0.06393928825855255,0.015283843502402306,0.008910534903407097,0.009302024729549885,0.006355795543640852,0.09792067855596542,0.04653080180287361,0.00980934128165245,0.03328194469213486,0.01161140762269497,0.051077745854854584,0.0460849367082119,0.011007099412381649,0.0031947412062436342,0.03071505017578602,0.06131588667631149,0.08067887276411057,0.004471443127840757,0.017767976969480515,0.01854243502020836,0.018718745559453964,0.00793725997209549,0.009336900897324085,0.03350750729441643,,,,,,,,,,,,,,,
unknown,ピ,24,25,43.589653,44.089653,0.5986328,,0.014787026681005955,0.014237948693335056,0.038644637912511826,0.07887030392885208,0.0072429184801876545,0.073032446205616,0.02428371086716652,0.01004240196198225,0.03510458767414093,0.06513430923223495,0.08903636038303375,0.04284093528985977,0.07022444158792496,0.07363414764404297,0.01942378096282482,0.04434351250529289,0.035627491772174835,0.03786039724946022,0.05974050611257553,0.01948670484125614,0.005186401307582855,0.029057277366518974,0.015036405995488167,0.006677599158138037,0.013340212404727936,0.005083790980279446,0.12198026478290558,0.0195122379809618,0.0051691047847270966,0.08446391671895981,0.009240662679076195,0.006615778431296349,0.008011731319129467,0.0029286600183695555,0.10958792269229889,0.04112088680267334,0.007565321400761604,0.06934355944395065,0.009013836272060871,0.03607703745365143,0.05280537158250809,0.0069137378595769405,0.0026187924668192863,0.03973323479294777,0.03753915801644325,0.05041756480932236,0.003136787563562393,0.013719669543206692,0.02118251472711563,0.018329186365008354,0.005516193341463804,0.009662508033216,0.024253934621810913,,,,,,,,,,,,,,,
unknown,教,26,27,51.296997,51.536606,0.50878906,,0.012823117896914482,0.01115359365940094,0.028511863201856613,0.09999199956655502,0.011098045855760574,0.08696123957633972,0.023637183010578156,0.008229549042880535,0.041979484260082245,0.046042487025260925,0.06832094490528107,0.03020724095404148,0.05871020630002022,0.06563825905323029,0.030257849022746086,0.040578581392765045,0.025705859065055847,0.034589432179927826,0.07130890339612961,0.03338059410452843,0.010090500116348267,0.03188838064670563,0.016809578984975815,0.007015779614448547,0.018096057698130608,0.00611921725794673,0.11202742904424667,0.015671486034989357,0.005096361506730318,0.07469094544649124,0.010708818212151527,0.005770538933575153,0.008336762897670269,0.0042865886352956295,0.08520917594432831,0.035754647105932236,0.007166986353695393,0.04729865491390228,0.011022304184734821,0.03915303573012352,0.05241897702217102,0.007948819547891617,0.003071252256631851,0.03908772021532059,0.07474754750728607,0.05217580497264862,0.005207291338592768,0.01788713037967682,0.026109836995601654,0.018391190096735954,0.0064491285011172295,0.010080955922603607,0.027019301429390907,,,,,,,,,,,,,,,
unknown,会,28,29,51.536606,52.036606,0.9638672,,0.014396741054952145,0.010997691191732883,0.02823721617460251,0.0776996985077858,0.0092833386734128,0.07854369282722473,0.03343549743294716,0.0092314463108778,0.04540080949664116,0.04735538363456726,0.09552256762981415,0.04487431049346924,0.06008198484778404,0.09013804793357849,0.027959853410720825,0.04132094606757164,0.023661166429519653,0.039086177945137024,0.07472522556781769,0.03384791314601898,0.010086691938340664,0.040886059403419495,0.02202083170413971,0.005247734487056732,0.021547893062233925,0.009973529726266861,0.08404491096735,0.01747351698577404,0.004600974265486002,0.049085456877946854,0.016787081956863403,0.007529979571700096,0.011866322718560696,0.0054130032658576965,0.09756853431463242,0.024971045553684235,0.007254894357174635,0.046685840934515,0.014157062396407127,0.030876504257321358,0.07131443917751312,0.010689252987504005,0.003166614565998316,0.045669473707675934,0.06179901212453842,0.05009184032678604,0.0049067228101193905,0.02264777570962906,0.027722174301743507,0.018010159954428673,0.010799271054565907,0.012659802101552486,0.022468045353889465,,,,,,,,,,,,,,,
unknown,美,30,31,63.629997,63.75,0.94677734,,0.018880758434534073,0.016487382352352142,0.05709301307797432,0.07953781634569168,0.005706178490072489,0.062986820936203,0.020995600149035454,0.014093546196818352,0.031152106821537018,0.056575022637844086,0.1156151071190834,0.05198284983634949,0.07701831310987473,0.1124650314450264,0.024305641651153564,0.05181213468313217,0.0334869921207428,0.03413693606853485,0.06015259400010109,0.02705022320151329,0.007013604044914246,0.02488020248711109,0.01827390119433403,0.00693717785179615,0.010896428488194942,0.005894165951758623,0.10781921446323395,0.027529314160346985,0.005314016714692116,0.06573750078678131,0.009686365723609924,0.007868202403187752,0.006580637767910957,0.003618459217250347,0.12616600096225739,0.037421129643917084,0.008963770233094692,0.07634009420871735,0.008035237900912762,0.032964035868644714,0.06134135276079178,0.007731233257800341,0.0035295512061566114,0.03897270932793617,0.05629708245396614,0.055767204612493515,0.004293494392186403,0.013314482755959034,0.02140039950609207,0.018775949254631996,0.006542930379509926,0.00966288149356842,0.021566983312368393,,,,,,,,,,,,,,,
unknown,味,32,33,63.75,63.91,0.9272461,,0.019248999655246735,0.020733501762151718,0.06216304749250412,0.09994113445281982,0.006869155913591385,0.07490020990371704,0.019970610737800598,0.013910057954490185,0.03287460654973984,0.06327187269926071,0.09658615291118622,0.04855552315711975,0.06367979198694229,0.09444645792245865,0.02599208429455757,0.0521635003387928,0.05838368460536003,0.03561001271009445,0.06171296164393425,0.02732492797076702,0.008653700351715088,0.024899432435631752,0.01412214059382677,0.008857157081365585,0.012895625084638596,0.005668274126946926,0.13098688423633575,0.02899482659995556,0.006820966023951769,0.08745477348566055,0.008278674446046352,0.0087415287271142,0.008991725742816925,0.0038456679321825504,0.13050419092178345,0.04909547045826912,0.012040447443723679,0.0986330509185791,0.008019044063985348,0.03446660190820694,0.05623698607087135,0.006903958041220903,0.0044567338190972805,0.038922019302845,0.05795295163989067,0.06127576157450676,0.006191108375787735,0.015253987163305283,0.02120046131312847,0.019286449998617172,0.006092507857829332,0.009555992670357227,0.0208082664757967,,,,,,,,,,,,,,,
unknown,し,34,35,63.91,64.03,1.0,,0.02889241650700569,0.028542745858430862,0.09346700459718704,0.0986476019024849,0.0044375015422701836,0.047620803117752075,0.01606634445488453,0.020819734781980515,0.026438336819410324,0.05170047655701637,0.10633405297994614,0.04788178950548172,0.06529522687196732,0.12054064124822617,0.024924589321017265,0.07087936997413635,0.05561007186770439,0.030360570177435875,0.047745849937200546,0.024503817781805992,0.007718630135059357,0.01855836808681488,0.014702261425554752,0.0122230788692832,0.009250313974916935,0.005330062471330166,0.14974714815616608,0.04049604386091232,0.006444020662456751,0.09743734449148178,0.007326791062951088,0.011260670609772205,0.00633095670491457,0.003603526623919606,0.147098109126091,0.06790803372859955,0.015448170714080334,0.11416172236204147,0.0064167180098593235,0.036704134196043015,0.05874389037489891,0.00746488431468606,0.0053690713830292225,0.03391914442181587,0.0515262596309185,0.0780031606554985,0.006496266461908817,0.012013532221317291,0.018040508031845093,0.023437127470970154,0.005665852688252926,0.008029356598854065,0.022681275382637978,,,,,,,,,,,,,,,
unknown,い,36,37,64.03,64.53,0.99609375,,0.032895028591156006,0.03185254707932472,0.10242300480604172,0.10014838725328445,0.0037976643070578575,0.041370879858732224,0.015176470391452312,0.022404925897717476,0.02640058659017086,0.045652661472558975,0.10852254927158356,0.0517285019159317,0.06542165577411652,0.12339910119771957,0.024037402123212814,0.08381090313196182,0.05324029549956322,0.03395574912428856,0.03993465378880501,0.021814296022057533,0.006981351878494024,0.01643766462802887,0.014962639659643173,0.014633864164352417,0.009182566776871681,0.0050896406173706055,0.16346290707588196,0.044976118952035904,0.005943629890680313,0.10178665816783905,0.006803965196013451,0.012936613522469997,0.006085170898586512,0.003164696739986539,0.1479855626821518,0.0766674131155014,0.01780666597187519,0.10046017915010452,0.005826770327985287,0.044031236320734024,0.059698134660720825,0.00847593229264021,0.006131617818027735,0.02784188650548458,0.049171850085258484,0.09446778148412704,0.00771931791678071,0.011521657928824425,0.01602085866034031,0.025559652596712112,0.005461987107992172,0.008358442224562168,0.026910314336419106,,,,,,,,,,,,,,,
unknown,し,38,39,67.24467,67.28464,0.99560547,,0.03993945196270943,0.03622068837285042,0.13338588178157806,0.10937835276126862,0.002817572094500065,0.034495823085308075,0.013236449100077152,0.025868646800518036,0.025326985865831375,0.037762150168418884,0.10886291414499283,0.05034228414297104,0.06156078353524208,0.1355792135000229,0.023459309712052345,0.0999988541007042,0.04288574308156967,0.03164313733577728,0.03672897070646286,0.021595340222120285,0.006770289037376642,0.01399142760783434,0.01521898154169321,0.016843950375914574,0.009452352300286293,0.005135058891028166,0.17086540162563324,0.051027603447437286,0.005509522277861834,0.10097462683916092,0.005892313551157713,0.01428083423525095,0.005689851474016905,0.0028609372675418854,0.14560823142528534,0.08888407796621323,0.020549118518829346,0.10070739686489105,0.0051575638353824615,0.050591908395290375,0.06633023917675018,0.009311331436038017,0.0068265534937381744,0.024657003581523895,0.04647589474916458,0.11454883962869644,0.008422978222370148,0.011487483978271484,0.014669097028672695,0.028615828603506088,0.005375941749662161,0.008345577865839005,0.029422616586089134,,,,,,,,,,,,,,,
unknown,ょ,40,41,67.28464,67.36458,0.9824219,,0.045151785016059875,0.04100748896598816,0.1271289587020874,0.10511287301778793,0.002711003180593252,0.03293635696172714,0.013447624631226063,0.029357880353927612,0.026906542479991913,0.04093586280941963,0.11516399681568146,0.05082748830318451,0.0668519139289856,0.15652166306972504,0.02422722801566124,0.11050084978342056,0.04276053607463837,0.03479471430182457,0.03509192168712616,0.01967269368469715,0.005766360554844141,0.01304924488067627,0.018262166529893875,0.018408898264169693,0.00902837235480547,0.005412131082266569,0.18082267045974731,0.05751221999526024,0.006401986815035343,0.10547386109828949,0.005443153902888298,0.018467748537659645,0.005792470183223486,0.002252233913168311,0.14709611237049103,0.10372140258550644,0.024597065523266792,0.10157345235347748,0.005223970394581556,0.05216178297996521,0.07139009982347488,0.010295553132891655,0.008827444165945053,0.025812381878495216,0.05200260132551193,0.11553724855184555,0.008875280618667603,0.011358975432813168,0.013655038550496101,0.03095356747508049,0.005661997478455305,0.010960482992231846,0.03127586841583252,,,,,,,,,,,,,,,
unknown,っ,42,43,67.36458,67.52445,0.91308594,,0.03959754481911659,0.035603273659944534,0.12245739996433258,0.10920451581478119,0.0028932257555425167,0.038086701184511185,0.013313318602740765,0.025306519120931625,0.027921365574002266,0.04410120099782944,0.11507339030504227,0.05330387130379677,0.06752311438322067,0.15779119729995728,0.02602340467274189,0.10765101760625839,0.044271934777498245,0.03591874986886978,0.03785667195916176,0.022977111861109734,0.00647337082773447,0.012986267916858196,0.01913372054696083,0.01658482663333416,0.009389039129018784,0.004913615062832832,0.17821213603019714,0.05291565880179405,0.006267177872359753,0.10114903748035431,0.005284569691866636,0.015927009284496307,0.005936130415648222,0.0022189521696418524,0.14961254596710205,0.09233222901821136,0.02102581225335598,0.09548485279083252,0.0046818871051073074,0.05005102977156639,0.07359225302934647,0.009634443558752537,0.007745840586721897,0.023697031661868095,0.05308794230222702,0.11568526178598404,0.008975056000053883,0.01164210494607687,0.01401771605014801,0.029338838532567024,0.005161553621292114,0.011079101823270321,0.029774026945233345,,,,,,,,,,,,,,,
unknown,ぱ,44,45,67.52445,67.60439,0.9848633,,0.027208736166357994,0.029533037915825844,0.08412700146436691,0.12241970002651215,0.004552156664431095,0.054052941501140594,0.014963807538151741,0.018076488748192787,0.03511399030685425,0.0538875088095665,0.09466993063688278,0.048033107072114944,0.07060807943344116,0.13523530960083008,0.03142711892724037,0.07629698514938354,0.050657834857702255,0.03548158332705498,0.03826838359236717,0.029829116538167,0.008627918548882008,0.014671689830720425,0.0203405749052763,0.013592353090643883,0.01052461564540863,0.004372900351881981,0.18726898729801178,0.04265774413943291,0.0063571748323738575,0.11296632885932922,0.005906837061047554,0.011526774615049362,0.0062656584195792675,0.0025753332301974297,0.15317727625370026,0.08037987351417542,0.018733805045485497,0.08988454937934875,0.0043929205276072025,0.041205134242773056,0.06298955529928207,0.0062392535619437695,0.0074950880371034145,0.020855257287621498,0.0732026994228363,0.0824655145406723,0.009719841182231903,0.011852726340293884,0.015275311656296253,0.024633517488837242,0.004546972922980785,0.010786428116261959,0.0228287223726511,,,,,,,,,,,,,,,
unknown,い,46,47,67.60439,68.10439,0.9941406,,0.027777163311839104,0.0293049905449152,0.09392926096916199,0.12012767046689987,0.004086775705218315,0.05155903846025467,0.013739465735852718,0.018370015546679497,0.035669878125190735,0.05409698188304901,0.10171128064393997,0.05295609310269356,0.07523608207702637,0.14382652938365936,0.031134510412812233,0.0841180756688118,0.049781203269958496,0.03783375024795532,0.03558843582868576,0.028944842517375946,0.008429414592683315,0.013329649344086647,0.020637543871998787,0.014258526265621185,0.010468347929418087,0.004418690223246813,0.18863825500011444,0.0451807975769043,0.00625623157247901,0.10725508630275726,0.0050934553146362305,0.011612145230174065,0.006266929674893618,0.0022979958448559046,0.15769249200820923,0.07981304824352264,0.018225569278001785,0.08495761454105377,0.00411768676713109,0.0458991602063179,0.06344486027956009,0.006524776108562946,0.007498407270759344,0.019090382382273674,0.07026848942041397,0.09077536314725876,0.01046602800488472,0.011804649606347084,0.014199372380971909,0.024679485708475113,0.004608205985277891,0.011648502200841904,0.024868933483958244,,,,,,,,,,,,,,,
unknown,水,48,49,73.1201,73.6201,0.9716797,,0.03719229996204376,0.038435198366642,0.13580450415611267,0.12021972239017487,0.003837048774585128,0.05209340527653694,0.014710047282278538,0.023597514256834984,0.03138900548219681,0.03942171111702919,0.09669410437345505,0.050784122198820114,0.06867244094610214,0.15741661190986633,0.02997707761824131,0.08295517414808273,0.08561968803405762,0.03724178299307823,0.04107089713215828,0.034584660083055496,0.010259781964123249,0.01411676499992609,0.020485425367951393,0.016732729971408844,0.010618830099701881,0.004464642144739628,0.1879168301820755,0.056201640516519547,0.008608323521912098,0.10883573442697525,0.005849020555615425,0.013181241229176521,0.006869378034025431,0.002813329454511404,0.17968061566352844,0.08000261336565018,0.021229665726423264,0.0878579393029213,0.0035150900948792696,0.03745243698358536,0.06982839852571487,0.007435638923197985,0.009922347031533718,0.020346147939562798,0.061470404267311096,0.10171568393707275,0.017962975427508354,0.012638912536203861,0.015733473002910614,0.03016037307679653,0.0047734989784657955,0.008203133940696716,0.02045173943042755,,,,,,,,,,,,,,,
unknown,シ,50,51,85.69,85.85,0.5698242,,0.04105710983276367,0.04085531085729599,0.09065303206443787,0.12109947949647903,0.005671123508363962,0.06749922037124634,0.016407201066613197,0.02207828499376774,0.03053892031311989,0.046583905816078186,0.0733022540807724,0.038800910115242004,0.06770393252372742,0.13141444325447083,0.029871903359889984,0.07215242832899094,0.09454616159200668,0.03519132733345032,0.06431269645690918,0.034998819231987,0.010023494251072407,0.018332025036215782,0.022819489240646362,0.014281273819506168,0.0121079683303833,0.005789690185338259,0.19643563032150269,0.04146314039826393,0.010458278469741344,0.12062963843345642,0.006102484185248613,0.01584801636636257,0.00783445592969656,0.0027794302441179752,0.16813984513282776,0.08417308330535889,0.023506028577685356,0.12420512735843658,0.0055313254706561565,0.03784584254026413,0.06881773471832275,0.008381095714867115,0.008803334087133408,0.03386887535452843,0.06261765956878662,0.09342053532600403,0.01355777308344841,0.013833638280630112,0.021084781736135483,0.034983888268470764,0.006173382047563791,0.009555007331073284,0.021968010812997818,,,,,,,,,,,,,,,
unknown,マ,52,53,85.85,85.97,0.47460938,,0.03290287405252457,0.03573969006538391,0.08558598160743713,0.19217874109745026,0.004187766928225756,0.05073358863592148,0.010970542207360268,0.02135353535413742,0.04092844948172569,0.0523395910859108,0.05342845618724823,0.037501826882362366,0.1089610606431961,0.10855456441640854,0.027287296950817108,0.05212980508804321,0.10847044736146927,0.025830313563346863,0.03671552985906601,0.03069681115448475,0.010549044236540794,0.011238622479140759,0.025085652247071266,0.018885547295212746,0.012800579890608788,0.0032273700926452875,0.2091526985168457,0.049074165523052216,0.009239199571311474,0.14191682636737823,0.004686974920332432,0.007446838077157736,0.00503608537837863,0.002989815315231681,0.19486521184444427,0.085431307554245,0.01854570209980011,0.1252996176481247,0.003070048987865448,0.031148923560976982,0.05103646591305733,0.004648982547223568,0.009914077818393707,0.013624736107885838,0.07395370304584503,0.0752529427409172,0.023699581623077393,0.010825947858393192,0.022393468767404556,0.04628799110651016,0.0034595869947224855,0.0060838074423372746,0.019480131566524506,,,,,,,,,,,,,,,
unknown,わ,54,55,85.97,86.13,0.38989258,,0.05549749732017517,0.052203092724084854,0.10365501791238785,0.20390470325946808,0.003993020858615637,0.04932335391640663,0.008163941092789173,0.03249521180987358,0.02929910644888878,0.041034799069166183,0.044581182301044464,0.02826504409313202,0.11571896821260452,0.11579027026891708,0.02466502971947193,0.05008280649781227,0.11676505208015442,0.020822644233703613,0.05428197979927063,0.03327925130724907,0.008902481757104397,0.010551940649747849,0.025211695581674576,0.021939879283308983,0.00939175859093666,0.004094812087714672,0.23260976374149323,0.05692749097943306,0.011971095576882362,0.14884229004383087,0.0035876957699656487,0.009470323100686073,0.003940345253795385,0.0025358463171869516,0.22421841323375702,0.10780220478773117,0.02475695312023163,0.1506257951259613,0.003422726644203067,0.02141139656305313,0.054459743201732635,0.004870657809078693,0.012585797347128391,0.0184059739112854,0.060010798275470734,0.0750427395105362,0.025373151525855064,0.008630032651126385,0.028637703508138657,0.06340497732162476,0.004362148232758045,0.005318287760019302,0.016498487442731857,,,,,,,,,,,,,,,
unknown,り,56,57,86.13,86.63,0.9140625,,0.02638714201748371,0.028701290488243103,0.0757068619132042,0.18735501170158386,0.003124910406768322,0.04755586013197899,0.016265064477920532,0.016776781529188156,0.038800813257694244,0.08784861862659454,0.06160780042409897,0.06218516826629639,0.1170811876654625,0.11731414496898651,0.025201087817549706,0.07438812404870987,0.11307572573423386,0.05111997202038765,0.02581157721579075,0.01764107309281826,0.005041676573455334,0.011493242345750332,0.02862689457833767,0.025615202262997627,0.008706215769052505,0.002749138278886676,0.27855348587036133,0.04776527360081673,0.00779840350151062,0.20371954143047333,0.00469268998131156,0.009990508668124676,0.004546825308352709,0.0014614149695262313,0.21693725883960724,0.11537845432758331,0.016944751143455505,0.0626177191734314,0.003202494466677308,0.037971172481775284,0.036267634481191635,0.005270029883831739,0.00746173644438386,0.009518896229565144,0.052080389112234116,0.09053169935941696,0.015666114166378975,0.007687474135309458,0.011219260282814503,0.03074926696717739,0.0026172760408371687,0.0185523871332407,0.02556302212178707,,,,,,,,,,,,,,,
unknown,悲,58,59,97.81309,97.97277,0.78027344,,0.047098558396101,0.04777391999959946,0.10609521716833115,0.18279340863227844,0.005361317191272974,0.05295513570308685,0.009282390587031841,0.02876209281384945,0.03182361647486687,0.07331299036741257,0.04831535369157791,0.01914745382964611,0.07885389775037766,0.08429944515228271,0.030902650207281113,0.09403448551893234,0.0695982575416565,0.020110290497541428,0.057850178331136703,0.025643974542617798,0.009042317047715187,0.015435882844030857,0.014396143145859241,0.03807404264807701,0.01176963560283184,0.005146846640855074,0.19387619197368622,0.05186689272522926,0.01217577513307333,0.1455957144498825,0.0026698706205934286,0.015472210943698883,0.005799650680273771,0.0019311790820211172,0.11515718698501587,0.16159267723560333,0.025657713413238525,0.08221012353897095,0.00783288013190031,0.05265418812632561,0.03953045234084129,0.007928086444735527,0.010527178645133972,0.04939742013812065,0.07815819978713989,0.10922417789697647,0.01986818201839924,0.013603734783828259,0.017306260764598846,0.031609077006578445,0.004228473640978336,0.021919570863246918,0.030380908399820328,,,,,,,,,,,,,,,
unknown,し,60,61,97.97277,98.13246,0.9394531,,0.06212836876511574,0.06739470362663269,0.12358324974775314,0.1890585720539093,0.002810671692714095,0.03180204704403877,0.0070852311328053474,0.037833720445632935,0.03345214203000069,0.09111341834068298,0.056442078202962875,0.017663512378931046,0.06705478578805923,0.10257932543754578,0.024849586188793182,0.10425010323524475,0.0738067626953125,0.020108908414840698,0.043872419744729996,0.015190785750746727,0.004951469134539366,0.01010185107588768,0.01431693322956562,0.043948229402303696,0.01116625964641571,0.004867834504693747,0.21351097524166107,0.07303088903427124,0.019236648455262184,0.15604235231876373,0.0017694548005238175,0.01566421054303646,0.0061896564438939095,0.0010376187274232507,0.13703060150146484,0.193439319729805,0.038676850497722626,0.09703534841537476,0.005788038484752178,0.055840544402599335,0.03627509996294975,0.005238355603069067,0.018655899912118912,0.05044509842991829,0.07893136888742447,0.09823410212993622,0.027186131104826927,0.014322344213724136,0.010849004611372948,0.02704700082540512,0.004198294598609209,0.03453495353460312,0.026636818423867226,,,,,,,,,,,,,,,
unknown,い,62,63,98.13246,98.63246,0.7080078,,0.07022038102149963,0.06913301348686218,0.12596994638442993,0.16446727514266968,0.0028601810336112976,0.03617578372359276,0.008364788256585598,0.038835376501083374,0.03307167813181877,0.07751449942588806,0.05954953283071518,0.016362518072128296,0.07009073346853256,0.1013074591755867,0.02268642745912075,0.10718774795532227,0.04398077353835106,0.019414639100432396,0.06687998026609421,0.017948441207408905,0.004910475108772516,0.01394625473767519,0.016027290374040604,0.036095257848501205,0.012804734520614147,0.006296659354120493,0.18815292418003082,0.06532149761915207,0.014638830907642841,0.12933841347694397,0.002048312686383724,0.017326699569821358,0.007079953793436289,0.0010400274768471718,0.12128815054893494,0.17445719242095947,0.04195016250014305,0.07322408258914948,0.007411043159663677,0.06165248155593872,0.039643850177526474,0.006123731378465891,0.01645638979971409,0.0834774523973465,0.07525504380464554,0.10066216439008713,0.021703142672777176,0.017325952649116516,0.014106879010796547,0.025746570900082588,0.0053967381827533245,0.04500090703368187,0.025970445945858955,,,,,,,,,,,,,,,
unknown,店,64,65,111.00354,111.50354,0.9394531,,0.04650991037487984,0.03993142023682594,0.10112956166267395,0.12911956012248993,0.004291745834052563,0.052746813744306564,0.015190103091299534,0.03231272101402283,0.029973864555358887,0.09329357743263245,0.0502961240708828,0.02137479931116104,0.052162230014801025,0.1297495812177658,0.0230767372995615,0.0656827986240387,0.05267665907740593,0.032704852521419525,0.13682834804058075,0.02308526448905468,0.006178523413836956,0.028259888291358948,0.020899808034300804,0.02032032608985901,0.015487540513277054,0.010051339864730835,0.17067477107048035,0.051961347460746765,0.01935381256043911,0.12267845124006271,0.004195495042949915,0.010650236159563065,0.009392958134412766,0.0017321258783340454,0.12030968070030212,0.10475506633520126,0.021037966012954712,0.07502398639917374,0.012487288564443588,0.04957465082406998,0.06526046246290207,0.005710497032850981,0.010915061458945274,0.21128924190998077,0.08516568690538406,0.0660678967833519,0.01224596705287695,0.024253712967038155,0.023086633533239365,0.023053444921970367,0.00797267071902752,0.030442245304584503,0.022118188440799713,,,,,,,,,,,,,,,
unknown,オ,66,67,116.474556,116.674225,0.47436523,,0.053814325481653214,0.04945739731192589,0.13560594618320465,0.13431133329868317,0.0029982891865074635,0.037937797605991364,0.010692429728806019,0.03447762131690979,0.026240956038236618,0.08481057733297348,0.05528834089636803,0.025081785395741463,0.05162033066153526,0.09481590986251831,0.019081667065620422,0.09524426609277725,0.05381892994046211,0.0447063148021698,0.07227896898984909,0.012620949186384678,0.0032734426204115152,0.01561901718378067,0.014206498861312866,0.03023570030927658,0.010309935547411442,0.004840766079723835,0.257750004529953,0.055592603981494904,0.016431713476777077,0.19221946597099304,0.002714546862989664,0.014269012957811356,0.006384364329278469,0.0009726898861117661,0.13470305502414703,0.16675199568271637,0.022742226719856262,0.050350748002529144,0.006369366310536861,0.08502042293548584,0.043058231472969055,0.005039730574935675,0.008297096937894821,0.09894052147865295,0.058397598564624786,0.0941220223903656,0.008666411973536015,0.014312135055661201,0.013122932985424995,0.02404501661658287,0.0042275493033230305,0.020718442276120186,0.035100989043712616,,,,,,,,,,,,,,,
unknown,女,68,69,116.674225,116.83397,0.85058594,,0.04226323217153549,0.039283450692892075,0.09961358457803726,0.10174538940191269,0.015814440324902534,0.10887525230646133,0.014182000420987606,0.022736458107829094,0.03012164495885372,0.12409179657697678,0.05165715143084526,0.03462839871644974,0.04684538394212723,0.09047780930995941,0.04709513857960701,0.052507687360048294,0.053384970873594284,0.0769537165760994,0.09888476133346558,0.035619985312223434,0.009498221799731255,0.028256943449378014,0.014909946359694004,0.014752443879842758,0.01159683894366026,0.008058472536504269,0.20582188665866852,0.042981717735528946,0.025699108839035034,0.12427610903978348,0.003968177363276482,0.010284594260156155,0.0066324202343821526,0.0017931407783180475,0.11357440054416656,0.0831332877278328,0.01687769964337349,0.03884756192564964,0.009834053926169872,0.07593229413032532,0.04335922747850418,0.0034665456041693687,0.008951650001108646,0.1292504221200943,0.10326375812292099,0.055230703204870224,0.010408421978354454,0.018701884895563126,0.014787977561354637,0.012339611537754536,0.006847953889518976,0.019064951688051224,0.028682328760623932,,,,,,,,,,,,,,,
unknown,の,70,71,116.83397,116.91383,0.57910156,,0.04345284402370453,0.04564843699336052,0.08347509056329727,0.11498209834098816,0.022967755794525146,0.12104316055774689,0.01156699750572443,0.02105862833559513,0.033712759613990784,0.09772196412086487,0.03504473716020584,0.020735252648591995,0.038627151399850845,0.05212433263659477,0.05247336998581886,0.035058457404375076,0.04295564815402031,0.04904146119952202,0.10313642770051956,0.049004264175891876,0.01620454341173172,0.032641615718603134,0.010450348258018494,0.014734731055796146,0.014729988761246204,0.012209111824631691,0.16386531293392181,0.03540867939591408,0.02193019725382328,0.10096042603254318,0.003868095576763153,0.008198540657758713,0.0059392317198216915,0.00305033172480762,0.07657356560230255,0.07383830845355988,0.022164342924952507,0.045484088361263275,0.014056053943932056,0.055421117693185806,0.03793170675635338,0.00348818046040833,0.01284337043762207,0.14232216775417328,0.12257620692253113,0.0421835221350193,0.01837031915783882,0.02015165239572525,0.021191192790865898,0.013087939471006393,0.010453615337610245,0.013895109295845032,0.023840980604290962,,,,,,,,,,,,,,,
unknown,人,72,73,116.91383,117.23331,0.98095703,,0.024401342496275902,0.020856428891420364,0.06832177937030792,0.09944625943899155,0.029609108343720436,0.16648511588573456,0.01767711713910103,0.013706712052226067,0.043570082634687424,0.08791116625070572,0.0330469012260437,0.024146653711795807,0.04402661323547363,0.06488364189863205,0.0769607424736023,0.034733716398477554,0.028008226305246353,0.05227534845471382,0.1238441914319992,0.08381950855255127,0.03366195410490036,0.04516729712486267,0.0158646609634161,0.009150374680757523,0.02255365625023842,0.015279491432011127,0.11913447827100754,0.024558432400226593,0.014531675726175308,0.06436062604188919,0.005687613505870104,0.008422359824180603,0.009176175110042095,0.0048230173997581005,0.0613083690404892,0.04489130526781082,0.010680039413273335,0.030404942110180855,0.01692803017795086,0.04821405187249184,0.04841768741607666,0.005071963183581829,0.005952107720077038,0.12838004529476166,0.14752495288848877,0.04185749590396881,0.010668494738638401,0.03017197549343109,0.025889966636896133,0.012140178121626377,0.011812420561909676,0.017787417396903038,0.02249808982014656,,,,,,,,,,,,,,,
unknown,危,74,75,121.925,122.045,0.98046875,,0.0453445166349411,0.03796161711215973,0.10197417438030243,0.12032170593738556,0.020522814244031906,0.12045913189649582,0.010379896499216557,0.026988230645656586,0.032728299498558044,0.06777050346136093,0.05402148514986038,0.042635947465896606,0.07749888300895691,0.09462223947048187,0.055721260607242584,0.04378523677587509,0.040722183883190155,0.06876563280820847,0.07796382904052734,0.05325568839907646,0.014588749036192894,0.023850511759519577,0.015198418870568275,0.013285685330629349,0.013080752454698086,0.010790820233523846,0.17773957550525665,0.04394000023603439,0.018648669123649597,0.0947473794221878,0.003668591845780611,0.012283030897378922,0.006604647263884544,0.003047321690246463,0.1337883621454239,0.07066382467746735,0.015836555510759354,0.04916556179523468,0.009282286278903484,0.06273296475410461,0.04773622006177902,0.004047876689583063,0.008554956875741482,0.07397854328155518,0.12497825175523758,0.053380563855171204,0.011225837282836437,0.01699012517929077,0.023153122514486313,0.020455872640013695,0.01008391473442316,0.010403262451291084,0.030160414054989815,,,,,,,,,,,,,,,
unknown,な,76,77,122.045,122.125,1.0,,0.04689667746424675,0.04878941923379898,0.12234208732843399,0.13848437368869781,0.012134842574596405,0.10070925951004028,0.011775609105825424,0.026589278131723404,0.037259917706251144,0.06811971962451935,0.05253750458359718,0.030829263851046562,0.05083566904067993,0.06207958981394768,0.03463299572467804,0.06232193857431412,0.04032789543271065,0.0610850565135479,0.07610424607992172,0.03145946189761162,0.009447837248444557,0.023773083463311195,0.010596533305943012,0.02008591592311859,0.01824626326560974,0.010852927342057228,0.21766594052314758,0.0407680980861187,0.015932448208332062,0.14183922111988068,0.0031181208323687315,0.017333142459392548,0.008406337350606918,0.0021752798929810524,0.11062169820070267,0.1158316433429718,0.02504376322031021,0.040494490414857864,0.009793894365429878,0.08457732200622559,0.0481041818857193,0.0070970370434224606,0.011611048132181168,0.0819890946149826,0.10610360652208328,0.07947983592748642,0.014556292444467545,0.01826060190796852,0.022691169753670692,0.029311230406165123,0.010267072357237339,0.012918062508106232,0.037054602056741714,,,,,,,,,,,,,,,
unknown,い,78,79,122.125,122.625,0.9980469,,0.017433667555451393,0.024003205820918083,0.03861795365810394,0.13176658749580383,0.014324971474707127,0.09037815779447556,0.015701835975050926,0.012275555171072483,0.0477999746799469,0.09637229144573212,0.046863723546266556,0.023172684013843536,0.04676194489002228,0.058644458651542664,0.03517783805727959,0.05015869066119194,0.05488964915275574,0.060330215841531754,0.06747773289680481,0.026511086151003838,0.009240783751010895,0.028863100335001945,0.012425956316292286,0.021211965009570122,0.01945943385362625,0.011967786587774754,0.19620589911937714,0.027316056191921234,0.012444380670785904,0.14684297144412994,0.003618441289290786,0.008882132358849049,0.012501584365963936,0.002018305938690901,0.08654343336820602,0.0865161120891571,0.017417602241039276,0.03706440329551697,0.010848332196474075,0.05390654876828194,0.04355282336473465,0.006752371322363615,0.01191053818911314,0.09181621670722961,0.0959261879324913,0.05800333246588707,0.021556871011853218,0.021650267764925957,0.018765658140182495,0.01810724474489689,0.010639398358762264,0.02348988689482212,0.03228861093521118,,,,,,,,,,,,,,,
unknown,骨,80,81,130.205,130.405,0.9765625,,0.006885034963488579,0.009629027917981148,0.01730579137802124,0.09344425052404404,0.023544147610664368,0.167485311627388,0.01657772623002529,0.004926569759845734,0.0452740453183651,0.21425960958003998,0.056268442422151566,0.0323689840734005,0.04829974099993706,0.053851284086704254,0.052546627819538116,0.04453134536743164,0.030518392100930214,0.0672767236828804,0.08253243565559387,0.037943046540021896,0.011729257181286812,0.03285731375217438,0.014643397182226181,0.01060248352587223,0.016315961256623268,0.008883001282811165,0.12099216878414154,0.015963014215230942,0.006454733200371265,0.07778330147266388,0.0030634060967713594,0.0058191572315990925,0.011158531531691551,0.0014312820276245475,0.05079393461346626,0.04721418395638466,0.009579860605299473,0.025731680914759636,0.012592311948537827,0.032579172402620316,0.04195542633533478,0.0070401993580162525,0.006394798401743174,0.0650489404797554,0.09463384747505188,0.0417754165828228,0.010752859525382519,0.019737258553504944,0.014490902423858643,0.008394196629524231,0.007442224305123091,0.06229924038052559,0.02797425165772438,,,,,,,,,,,,,,,
unknown,を,82,83,130.405,130.565,0.98535156,,0.010620074346661568,0.012933289632201195,0.022277606651186943,0.12120988219976425,0.020882807672023773,0.15904489159584045,0.013131538406014442,0.007590866181999445,0.04064261540770531,0.17553798854351044,0.07008616626262665,0.04398049786686897,0.0621560662984848,0.06834924221038818,0.053639963269233704,0.05432865768671036,0.02860463783144951,0.07086338102817535,0.08385995775461197,0.04322260618209839,0.012219585478305817,0.025925757363438606,0.015864092856645584,0.013626429252326488,0.01697244867682457,0.008724655024707317,0.12934210896492004,0.022621968761086464,0.006222579162567854,0.08136824518442154,0.002844043541699648,0.007466877810657024,0.011288423091173172,0.0015851515345275402,0.06767164915800095,0.05709442123770714,0.011658068746328354,0.03484431281685829,0.010386493057012558,0.03587518259882927,0.05346048250794411,0.009333789348602295,0.008056527003645897,0.04708492010831833,0.09049757570028305,0.05702455714344978,0.014004615135490894,0.019495949149131775,0.01711496338248253,0.013233678415417671,0.007820342667400837,0.052486542612314224,0.03614526242017746,,,,,,,,,,,,,,,
unknown,鳴,84,85,130.565,130.645,0.91259766,,0.007640620227903128,0.008119289763271809,0.017251186072826385,0.11950351297855377,0.020651036873459816,0.12582091987133026,0.020969143137335777,0.00712932925671339,0.0548098087310791,0.12484090030193329,0.07006830722093582,0.0380055196583271,0.08319380134344101,0.0724959746003151,0.04612746834754944,0.04607439786195755,0.019398191943764687,0.05366017296910286,0.08795485645532608,0.038960181176662445,0.013466534204781055,0.0436939038336277,0.0192357636988163,0.012422862462699413,0.025815842673182487,0.014100649394094944,0.08675720542669296,0.019967302680015564,0.004218502435833216,0.059332169592380524,0.006103210616856813,0.0069375294260680676,0.01464651059359312,0.003467699745669961,0.05894939601421356,0.04041414335370064,0.007590203545987606,0.03308352455496788,0.018380386754870415,0.0321819931268692,0.05800613760948181,0.01367346290498972,0.0065835993736982346,0.08159077167510986,0.10993988066911697,0.04913438484072685,0.012781972996890545,0.027128426358103752,0.026591943576931953,0.014163353480398655,0.01157379150390625,0.04517606645822525,0.03514351323246956,,,,,,,,,,,,,,,
unknown,ら,86,87,130.645,130.765,0.98291016,,0.004928870592266321,0.00562794366851449,0.011428809724748135,0.12358517199754715,0.018920129165053368,0.10895762592554092,0.021506382152438164,0.004716438241302967,0.05611143633723259,0.12189193814992905,0.059127338230609894,0.031528376042842865,0.06613364070653915,0.0545874759554863,0.04154632240533829,0.043943192809820175,0.015709280967712402,0.06066902354359627,0.07689959555864334,0.030285144224762917,0.01115372497588396,0.045659396797418594,0.014137283898890018,0.01247109193354845,0.02599182352423668,0.015612801536917686,0.09559278190135956,0.013768382370471954,0.0031692672055214643,0.06813760846853256,0.005285582505166531,0.006100399885326624,0.020350757986307144,0.0030599581077694893,0.04545645788311958,0.040080200880765915,0.006213279906660318,0.02430136874318123,0.018273478373885155,0.035758379846811295,0.046903643757104874,0.014674314297735691,0.004095404874533415,0.0942499041557312,0.12463800609111786,0.04662865400314331,0.00808732956647873,0.029642343521118164,0.02220931649208069,0.01010437123477459,0.013400524854660034,0.052584655582904816,0.04102218151092529,,,,,,,,,,,,,,,
unknown,す,88,89,130.765,131.005,0.8198242,,0.004666552878916264,0.005372881889343262,0.007894864305853844,0.09888362884521484,0.02527882345020771,0.13863760232925415,0.022308122366666794,0.0038144299760460854,0.05482194200158119,0.11792783439159393,0.04383407533168793,0.023705018684267998,0.06703902035951614,0.04646557196974754,0.04504936560988426,0.029581334441900253,0.014921258203685284,0.04987151920795441,0.08984854072332382,0.03683517128229141,0.01267414353787899,0.05162685737013817,0.015355724841356277,0.007862339727580547,0.02440885454416275,0.016920290887355804,0.07856037467718124,0.010032488033175468,0.003398722968995571,0.052908316254615784,0.004796724766492844,0.004883852321654558,0.01976790465414524,0.002621651394292712,0.04263751208782196,0.028240879997611046,0.006153324618935585,0.018448922783136368,0.018878890201449394,0.02534744329750538,0.041752804070711136,0.009491157718002796,0.0034745121374726295,0.09933651238679886,0.11430336534976959,0.030674228444695473,0.006976099219173193,0.028894370421767235,0.023035163059830666,0.007992362603545189,0.014874473214149475,0.05953804403543472,0.02521452121436596,,,,,,,,,,,,,,,
unknown,空,90,91,145.95515,146.2346,0.99902344,,0.00482539227232337,0.005623556673526764,0.008597815409302711,0.1022268608212471,0.030392352491617203,0.1418161243200302,0.025363368913531303,0.004900422412902117,0.05128474161028862,0.051140375435352325,0.025624314323067665,0.015741650015115738,0.062116336077451706,0.0425897017121315,0.04335527494549751,0.016147831454873085,0.01182930264621973,0.03817981109023094,0.10626386106014252,0.046782784163951874,0.01774190552532673,0.07661958783864975,0.013891840353608131,0.0067621623165905476,0.030908128246665,0.026426468044519424,0.05426468327641487,0.010241073556244373,0.003466120222583413,0.0376218780875206,0.007073804270476103,0.003643900388851762,0.02193043753504753,0.005226840730756521,0.03285258263349533,0.01976870186626911,0.006050384137779474,0.016341079026460648,0.027284832671284676,0.020068300887942314,0.050589852035045624,0.007308562286198139,0.003592571709305048,0.15470917522907257,0.13790549337863922,0.019754847511649132,0.007268823683261871,0.03601648285984993,0.0358394980430603,0.008062208071351051,0.021060023456811905,0.03232831507921219,0.017829742282629013,,,,,,,,,,,,,,,
unknown,気,92,93,146.2346,146.7346,0.9667969,,0.0033055655658245087,0.004223381634801626,0.008785379119217396,0.07522768527269363,0.04437699541449547,0.20650392770767212,0.0633842945098877,0.0041656107641756535,0.058130666613578796,0.04496704787015915,0.04640546813607216,0.045303307473659515,0.0745091438293457,0.06974483281373978,0.04459187388420105,0.01932939514517784,0.020673073828220367,0.09825349599123001,0.113480344414711,0.05571230500936508,0.01993531547486782,0.1319500207901001,0.02066408470273018,0.007016913499683142,0.04228312894701958,0.03531000390648842,0.05346634238958359,0.012030605226755142,0.0034530777484178543,0.03458685055375099,0.018746985122561455,0.004699380602687597,0.04724620282649994,0.009331965819001198,0.03933762013912201,0.014387550763785839,0.005194824654608965,0.021032800897955894,0.03705524280667305,0.02013337053358555,0.0751262679696083,0.017309971153736115,0.004338761325925589,0.12502819299697876,0.07378419488668442,0.025415612384676933,0.009872345253825188,0.04987950250506401,0.0415794737637043,0.009042449295520782,0.028324108570814133,0.03950577601790428,0.02490229159593582,,,,,,,,,,,,,,,
unknown,髪,94,95,151.805,152.045,0.7285156,,0.002976536052301526,0.00298608117736876,0.0066222031600773335,0.11070526391267776,0.05467965826392174,0.3232446014881134,0.048738185316324234,0.002912138821557164,0.06610531359910965,0.06951594352722168,0.026658188551664352,0.023971430957317352,0.04351486265659332,0.0376499742269516,0.062187302857637405,0.015774797648191452,0.017250413075089455,0.06494825333356857,0.11558764427900314,0.06858661025762558,0.02384301647543907,0.08460748195648193,0.016211656853556633,0.004749482497572899,0.049462564289569855,0.013842053711414337,0.06297285854816437,0.006633095908910036,0.006160074379295111,0.0449516661465168,0.009482522495090961,0.003330847015604377,0.02656891755759716,0.0043494985438883305,0.029699284583330154,0.015568429604172707,0.0022396445274353027,0.007602546364068985,0.0158681720495224,0.019451312720775604,0.06335075944662094,0.012454875744879246,0.0017770606791600585,0.06551459431648254,0.13017231225967407,0.02511078491806984,0.006042698863893747,0.041251882910728455,0.03545341640710831,0.009827600792050362,0.012481015175580978,0.032269079238176346,0.01998722180724144,,,,,,,,,,,,,,,
unknown,の,96,97,152.045,152.205,0.9135742,,0.0049280463717877865,0.006465567741543055,0.009975690394639969,0.11872167140245438,0.031145164743065834,0.18779191374778748,0.05668871849775314,0.0054579200223088264,0.04887520149350166,0.06466680765151978,0.024707095697522163,0.023545214906334877,0.03621561452746391,0.034492138773202896,0.03531412035226822,0.023739855736494064,0.026820259168744087,0.07562416791915894,0.08451421558856964,0.03088669665157795,0.012001676484942436,0.08690576255321503,0.0132681829854846,0.0134924640879035,0.03139687329530716,0.01650710217654705,0.15856479108333588,0.009997519664466381,0.006154950708150864,0.14811822772026062,0.010717432014644146,0.006280301604419947,0.028225025162100792,0.004006372299045324,0.04210997745394707,0.04872627556324005,0.005827553104609251,0.010590172372758389,0.0196194127202034,0.030580494552850723,0.05027513578534126,0.013952569104731083,0.0026097765658050776,0.08222565054893494,0.11202345043420792,0.03481527045369148,0.004976746626198292,0.03108658269047737,0.03217384219169617,0.016531432047486305,0.014566868543624878,0.04262226074934006,0.030274538323283195,,,,,,,,,,,,,,,
unknown,毛,98,99,152.205,152.705,0.9824219,,0.002748876577243209,0.003413783386349678,0.006465839687734842,0.14640076458454132,0.02213001810014248,0.2550428807735443,0.07553531974554062,0.0035160663537681103,0.08987585455179214,0.09533024579286575,0.029091285541653633,0.021964197978377342,0.040979545563459396,0.040736038237810135,0.034150030463933945,0.02142622508108616,0.013412687927484512,0.0456356517970562,0.10650095343589783,0.03405298665165901,0.010466639883816242,0.08560262620449066,0.019979333505034447,0.006520224269479513,0.06575870513916016,0.009233688935637474,0.09428708255290985,0.007443912327289581,0.00453713396564126,0.08986477553844452,0.011250765062868595,0.004850669763982296,0.03801048547029495,0.002912900410592556,0.027639931067824364,0.032960664480924606,0.0032957319635897875,0.011123346164822578,0.014725097455084324,0.019738631322979927,0.0892309620976448,0.015745138749480247,0.0019109032582491636,0.06327816843986511,0.14390425384044647,0.028089309111237526,0.0031451135873794556,0.04509226232767105,0.03907376900315285,0.017276985570788383,0.007769235409796238,0.08390194177627563,0.019537800922989845,,,,,,,,,,,,,,,
unknown,痛,100,101,157.485,157.645,0.99902344,,0.003310578875243664,0.004496126435697079,0.007177999243140221,0.1279040426015854,0.021555539220571518,0.2112291157245636,0.05642365664243698,0.0036227006930857897,0.08211848139762878,0.052301257848739624,0.022694390267133713,0.015140555799007416,0.053080543875694275,0.029411964118480682,0.02325982041656971,0.02133973315358162,0.016678161919116974,0.045005958527326584,0.07470884174108505,0.020701581612229347,0.006150220055133104,0.0859474390745163,0.01383607555180788,0.00993005745112896,0.0468088835477829,0.012772751972079277,0.10243163257837296,0.007196146063506603,0.004612843971699476,0.08639677613973618,0.0069740815088152885,0.004651675932109356,0.03428784757852554,0.0018807862652465701,0.02566850371658802,0.043958939611911774,0.004794647451490164,0.006381586194038391,0.024964913725852966,0.027182651683688164,0.06440433859825134,0.011646229773759842,0.0022077991161495447,0.06557071954011917,0.0934460312128067,0.029662100598216057,0.0037264099810272455,0.034039564430713654,0.0292153749614954,0.014925805851817131,0.009946746751666069,0.062242526561021805,0.02155272290110588,,,,,,,,,,,,,,,
unknown,い,102,103,157.645,158.145,0.9916992,,0.005456293933093548,0.0057313633151352406,0.010950679890811443,0.14698265492916107,0.01835569739341736,0.17236705124378204,0.03436260297894478,0.00398278096690774,0.08726748824119568,0.055441368371248245,0.029223307967185974,0.014556488022208214,0.05356874316930771,0.025396382436156273,0.026372568681836128,0.02848016284406185,0.011433541774749756,0.04846036434173584,0.07672242075204849,0.02456423081457615,0.006397412158548832,0.06021008640527725,0.012284978292882442,0.009153028950095177,0.04112422466278076,0.01273189764469862,0.11412186175584793,0.007061491254717112,0.00467200530692935,0.08206018060445786,0.005292964167892933,0.0057973479852080345,0.02192888967692852,0.0016709670890122652,0.029734350740909576,0.051132604479789734,0.0052089267410337925,0.006092033814638853,0.01981574110686779,0.03852640092372894,0.04924473166465759,0.01177779957652092,0.0020703731570392847,0.07423564046621323,0.11785053461790085,0.038523755967617035,0.00352224032394588,0.029020655900239944,0.026472166180610657,0.014146275818347931,0.011520091444253922,0.034579575061798096,0.027768796309828758,,,,,,,,,,,,,,,
unknown,勉,104,105,165.2585,165.57825,0.90478516,,0.0042688604444265366,0.00483310129493475,0.010729416273534298,0.14865504205226898,0.018717536702752113,0.15948067605495453,0.051250800490379333,0.00379922310821712,0.10194353759288788,0.05971258878707886,0.026153622195124626,0.016500599682331085,0.04793678969144821,0.02403828129172325,0.026738593354821205,0.028980545699596405,0.013110022060573101,0.05461905151605606,0.06861153990030289,0.021956929937005043,0.007101261988282204,0.07086905092000961,0.012462529353797436,0.011869657784700394,0.05583605542778969,0.009860469959676266,0.13028647005558014,0.007674176245927811,0.004533389117568731,0.11373337358236313,0.008132199756801128,0.005830734968185425,0.030865274369716644,0.0023359463084489107,0.028253069147467613,0.05357864126563072,0.0037776764947921038,0.005042607430368662,0.01666746288537979,0.043872345238924026,0.051017988473176956,0.013376452028751373,0.0016870240215212107,0.07023350894451141,0.11644025146961212,0.041681744158267975,0.0034001278690993786,0.037984274327754974,0.025794534012675285,0.014579694718122482,0.008547699078917503,0.03230588138103485,0.03251270577311516,,,,,,,,,,,,,,,
unknown,強,106,107,165.57825,166.07825,0.73828125,,0.008090931922197342,0.011754898354411125,0.021411031484603882,0.16364143788814545,0.03574194386601448,0.24319668114185333,0.041862603276968,0.0074931904673576355,0.06133274361491203,0.04681548848748207,0.037708528339862823,0.0448046512901783,0.04800529405474663,0.025692541152238846,0.03526408225297928,0.04072045534849167,0.03780428692698479,0.0702056959271431,0.02657141536474228,0.02656828984618187,0.012859410606324673,0.056991927325725555,0.007330387830734253,0.02936738356947899,0.02631799690425396,0.007350940722972155,0.20594514906406403,0.01736254245042801,0.003711013589054346,0.167635977268219,0.0097879096865654,0.012364608235657215,0.012514435686171055,0.003999627195298672,0.05733729153871536,0.0895686000585556,0.009326387196779251,0.007004150655120611,0.02143983356654644,0.04246905818581581,0.04039333015680313,0.014680369757115841,0.004212053958326578,0.007939177565276623,0.08555683493614197,0.08061476796865463,0.012526442296802998,0.013615308329463005,0.020169302821159363,0.025713860988616943,0.005255450028926134,0.030932385474443436,0.041759807616472244,,,,,,,,,,,,,,,
unknown,木,108,109,169.49503,169.99503,0.3425293,,0.004179177340120077,0.005397932603955269,0.012044647708535194,0.1714511662721634,0.06525596976280212,0.35696953535079956,0.041133664548397064,0.00406922772526741,0.06730254739522934,0.06052352488040924,0.04165828600525856,0.0459129735827446,0.033102888613939285,0.019190292805433273,0.055194191634655,0.03844063729047775,0.021647917106747627,0.08663913607597351,0.03639393299818039,0.04076946899294853,0.019521813839673996,0.06215456500649452,0.00647704629227519,0.01623355783522129,0.036600153893232346,0.005125377792865038,0.15519964694976807,0.010467713698744774,0.0028548187110573053,0.12141513079404831,0.011189831420779228,0.008089490234851837,0.014418816193938255,0.005169638432562351,0.039174918085336685,0.05224061384797096,0.004232802893966436,0.005345307756215334,0.018908046185970306,0.04575546458363533,0.039354078471660614,0.014422465115785599,0.0020740448962897062,0.007924369536340237,0.11507298052310944,0.0751137062907219,0.007626757025718689,0.017286015674471855,0.023238591849803925,0.017007943242788315,0.0037335800006985664,0.027013612911105156,0.04911999776959419,,,,,,,,,,,,,,,
unknown,悲,110,111,176.14383,176.3833,0.8876953,,0.0034915199503302574,0.005063130520284176,0.014993831515312195,0.14639930427074432,0.05971524491906166,0.2467370331287384,0.029552413150668144,0.0035305465571582317,0.058448322117328644,0.06435903161764145,0.03599967062473297,0.024871572852134705,0.03570103645324707,0.01689767651259899,0.060671959072351456,0.044176097959280014,0.02181953936815262,0.05214865133166313,0.046362318098545074,0.0431152880191803,0.02595299854874611,0.06534749269485474,0.005616351962089539,0.017300227656960487,0.034630268812179565,0.00493379682302475,0.11287511140108109,0.009576501324772835,0.0026567024178802967,0.0905393660068512,0.01056661643087864,0.008348275907337666,0.02265636995434761,0.007928918115794659,0.024934306740760803,0.05109645798802376,0.004426339641213417,0.008342689834535122,0.025191953405737877,0.06163809075951576,0.02519819512963295,0.009878112003207207,0.0013195411302149296,0.023189188912510872,0.1527315378189087,0.06835474073886871,0.003984914626926184,0.02699149213731289,0.02116500958800316,0.00899868831038475,0.0036362390965223312,0.026578066870570183,0.05063189938664436,,,,,,,,,,,,,,,
unknown,し,112,113,176.3833,176.50304,0.9277344,,0.004233839455991983,0.006416285410523415,0.015238940715789795,0.11860568076372147,0.03372400254011154,0.1740989238023758,0.023587487637996674,0.0033794711343944073,0.05425230786204338,0.07960683852434158,0.03489168733358383,0.013324229046702385,0.03324798867106438,0.0142698734998703,0.045530229806900024,0.044297296553850174,0.019588371738791466,0.03637932240962982,0.05885466933250427,0.03163934126496315,0.013800501823425293,0.05734644830226898,0.005945967044681311,0.01533456426113844,0.022584006190299988,0.007650669198483229,0.10522816330194473,0.007925296202301979,0.003671174170449376,0.0837710052728653,0.007101594470441341,0.008641274645924568,0.01869826950132847,0.004158427473157644,0.020497143268585205,0.05487225577235222,0.006957425270229578,0.008721484802663326,0.028122343122959137,0.055686015635728836,0.019738277420401573,0.010120759718120098,0.0017799866618588567,0.05356210097670555,0.1746053695678711,0.05192592367529869,0.0036950025241822004,0.023845171555876732,0.018077470362186432,0.006509402766823769,0.006813253741711378,0.03601286560297012,0.04178925231099129,,,,,,,,,,,,,,,
unknown,い,114,115,176.50304,177.00304,0.8378906,,0.004601428750902414,0.007357127498835325,0.013003086671233177,0.11311287432909012,0.030198264867067337,0.1831807941198349,0.019534097984433174,0.0037279471289366484,0.04252948239445686,0.061364561319351196,0.026483578607439995,0.010818536393344402,0.017821330577135086,0.009433020837605,0.0363510325551033,0.06626781076192856,0.018704243004322052,0.04795778915286064,0.04361037537455559,0.01998559758067131,0.011072623543441296,0.04822032153606415,0.0035411682911217213,0.03405310586094856,0.019887713715434074,0.0072394199669361115,0.1700412929058075,0.0070480890572071075,0.0033433802891522646,0.15928040444850922,0.0031924296636134386,0.010808415710926056,0.013782145455479622,0.0018866411410272121,0.017347101122140884,0.1052953377366066,0.009739345870912075,0.0046119410544633865,0.03230099380016327,0.08776886016130447,0.02225673757493496,0.019924398511648178,0.00257995561696589,0.03276698291301727,0.10620396584272385,0.09540063887834549,0.006991609465330839,0.017053691670298576,0.01575552485883236,0.013148270547389984,0.005291804205626249,0.06370028853416443,0.07678305357694626,,,,,,,,,,,,,,,
unknown,黒,116,117,181.13295,181.63295,0.9868164,,0.006018862593919039,0.006787880323827267,0.02325204759836197,0.22122345864772797,0.018345937132835388,0.12498916685581207,0.017075274139642715,0.008321346715092659,0.043896712362766266,0.06294719129800797,0.02900109440088272,0.01513751968741417,0.02731945924460888,0.020822402089834213,0.03306835889816284,0.08261465281248093,0.016995156183838844,0.03213964030146599,0.05982976779341698,0.01857064478099346,0.013239240273833275,0.049005016684532166,0.0037196355406194925,0.047764863818883896,0.03908291459083557,0.008131297305226326,0.17287279665470123,0.015130582265555859,0.002816080814227462,0.16417476534843445,0.0041331881657242775,0.0130339115858078,0.025711314752697945,0.00447291973978281,0.024850817397236824,0.12475255131721497,0.004534372128546238,0.015976442024111748,0.03487629443407059,0.08491635322570801,0.0377274788916111,0.023662248626351357,0.0012117252917960286,0.04989093169569969,0.12039634585380554,0.12835752964019775,0.003242927836254239,0.03022255375981331,0.02324018068611622,0.02048926055431366,0.004681314807385206,0.05385374277830124,0.0934000015258789,,,,,,,,,,,,,,,
unknown,冷,118,119,188.39713,188.71643,0.9785156,,0.007178917992860079,0.006350374314934015,0.01966007426381111,0.16615678369998932,0.03890557587146759,0.19284231960773468,0.017245417460799217,0.007697947323322296,0.03859080374240875,0.06414477527141571,0.03101392835378647,0.019254203885793686,0.023754816502332687,0.02592894434928894,0.053181152790784836,0.08058017492294312,0.019038770347833633,0.048808734863996506,0.0770886018872261,0.03318938612937927,0.02131088823080063,0.05447804555296898,0.004691010341048241,0.03338932618498802,0.030031254515051842,0.010279289446771145,0.19083911180496216,0.012284030206501484,0.003913890104740858,0.15104466676712036,0.004389967303723097,0.012339151464402676,0.01914372108876705,0.004733886569738388,0.031027082353830338,0.09848441928625107,0.0039184908382594585,0.015015124343335629,0.04154385253787041,0.09121030569076538,0.04985881224274635,0.022925375029444695,0.0011181437876075506,0.04630584269762039,0.12135446071624756,0.13981308043003082,0.0032304152846336365,0.027049262076616287,0.027650069445371628,0.02238922193646431,0.005572543013840914,0.04818376898765564,0.10260070860385895,,,,,,,,,,,,,,,
unknown,た,120,121,188.71643,188.79626,0.9746094,,0.00932434294372797,0.009340544231235981,0.02654154971241951,0.25371888279914856,0.018809612840414047,0.10467726737260818,0.01744869351387024,0.01081172190606594,0.04984064772725105,0.04516148567199707,0.03178178146481514,0.010763214901089668,0.023205509409308434,0.02323627658188343,0.03777033090591431,0.11239662021398544,0.015106101520359516,0.022093240171670914,0.0693654790520668,0.022693481296300888,0.01691778376698494,0.050384458154439926,0.0038586072623729706,0.06033505126833916,0.049412693828344345,0.01255775336176157,0.2100423276424408,0.01575419120490551,0.0030465321615338326,0.19280336797237396,0.004450046923011541,0.01997806504368782,0.027674052864313126,0.005674989428371191,0.027855196967720985,0.17750342190265656,0.005465974099934101,0.027946630492806435,0.038009002804756165,0.08963752537965775,0.05027014762163162,0.040367599576711655,0.0015073647955432534,0.06540433317422867,0.10693512111902237,0.18428653478622437,0.0038364999927580357,0.03594963997602463,0.02969912812113762,0.03302009031176567,0.006844629533588886,0.04113050550222397,0.10796768963336945,,,,,,,,,,,,,,,
unknown,い,122,123,188.79626,189.29626,0.9345703,,0.011075392365455627,0.010678990744054317,0.03567328676581383,0.17996205389499664,0.023866476491093636,0.1387251913547516,0.029853936284780502,0.012285941280424595,0.049756940454244614,0.03670180216431618,0.01783940941095352,0.02013920247554779,0.030350200831890106,0.03323435038328171,0.03889034688472748,0.04990947246551514,0.01693483628332615,0.04927239939570427,0.07415124773979187,0.031535107642412186,0.019003573805093765,0.09229830652475357,0.007095336448401213,0.03766592964529991,0.0380687341094017,0.022599807009100914,0.19288460910320282,0.02035282738506794,0.0037947464734315872,0.14411962032318115,0.00985321681946516,0.011404041200876236,0.01663173735141754,0.008797546848654747,0.030854692682623863,0.08341420441865921,0.006896988954395056,0.0251755453646183,0.08241821825504303,0.07900810241699219,0.04876742139458656,0.01620410941541195,0.0024024788290262222,0.08399311453104019,0.12013682723045349,0.0866720974445343,0.005834620911628008,0.028581837192177773,0.030865874141454697,0.01911201700568199,0.010046713054180145,0.055358484387397766,0.07387323677539825,,,,,,,,,,,,,,,
unknown,海,124,125,194.23843,194.73843,0.98095703,,0.010074527002871037,0.013737473636865616,0.05542013421654701,0.1259181648492813,0.007950265891849995,0.06502661854028702,0.03225070983171463,0.020373191684484482,0.05318612605333328,0.03417983651161194,0.05311703681945801,0.019365226849913597,0.023118004202842712,0.060555435717105865,0.02465127967298031,0.07519840449094772,0.013441421091556549,0.019034717231988907,0.08345091342926025,0.02370467223227024,0.01641356758773327,0.09077992290258408,0.0058140079490840435,0.03666815161705017,0.05027606710791588,0.032531093806028366,0.09011587500572205,0.04015996307134628,0.0021810298785567284,0.07417141646146774,0.013258921913802624,0.013984443619847298,0.028200458735227585,0.014141086488962173,0.02985384874045849,0.06467445939779282,0.011972498148679733,0.06977096945047379,0.0817144364118576,0.04210769757628441,0.07972056418657303,0.026520367711782455,0.005904981400817633,0.15151295065879822,0.06810498237609863,0.08957073092460632,0.010519810952246189,0.04547185078263283,0.03603906184434891,0.01946059614419937,0.01386643759906292,0.06629055738449097,0.03824060037732124,,,,,,,,,,,,,,,
unknown,さ,126,127,199.46596,199.58566,0.60253906,,0.01571212150156498,0.023083236068487167,0.1012110710144043,0.11951059103012085,0.005949793383479118,0.051391832530498505,0.0331697091460228,0.03702843561768532,0.04108377918601036,0.03260870277881622,0.07246747612953186,0.02121969684958458,0.02333236299455166,0.07465631514787674,0.021610869094729424,0.09454002976417542,0.011652081273496151,0.014127207919955254,0.06933218240737915,0.019291594624519348,0.012176214717328548,0.09483686089515686,0.004836697597056627,0.05303462594747543,0.03575602546334267,0.035472322255373,0.08657215535640717,0.0709158256649971,0.0020584522280842066,0.07501083612442017,0.015755197033286095,0.021369878202676773,0.016553696244955063,0.01645743101835251,0.031249813735485077,0.08556228876113892,0.019653936848044395,0.10823586583137512,0.09593643993139267,0.03910620138049126,0.07271918654441833,0.03142422437667847,0.010739840567111969,0.17714062333106995,0.060440585017204285,0.09727831184864044,0.012869446538388729,0.031712982803583145,0.03057493083178997,0.01974082551896572,0.013801642693579197,0.08134399354457855,0.036336254328489304,,,,,,,,,,,,,,,
unknown,ら,128,129,199.58566,200.08566,0.8051758,,0.02289833500981331,0.027685929089784622,0.1415710598230362,0.12193431705236435,0.006068039685487747,0.06003639101982117,0.03783191367983818,0.03601164370775223,0.03822651132941246,0.03302072733640671,0.07471302896738052,0.023413406684994698,0.021539077162742615,0.09313999116420746,0.025646906346082687,0.08475631475448608,0.01311554666608572,0.0208031814545393,0.07363276183605194,0.022967802360653877,0.010161989368498325,0.08726787567138672,0.006640139501541853,0.035084791481494904,0.029880937188863754,0.03837177902460098,0.09308331459760666,0.06992574036121368,0.004445042461156845,0.06360902637243271,0.016304533928632736,0.018499594181776047,0.012487819418311119,0.011039800941944122,0.0361797921359539,0.07633688300848007,0.020416995510458946,0.07881307601928711,0.07758043706417084,0.04847075790166855,0.06554170697927475,0.020887883380055428,0.01120576448738575,0.18945370614528656,0.08637543767690659,0.08401138335466385,0.011967839673161507,0.029091201722621918,0.019675159826874733,0.012554488144814968,0.017687859013676643,0.07140012830495834,0.031687427312135696,,,,,,,,,,,,,,,
unknown,パ,130,131,207.86658,207.9864,0.46875,,0.026884883642196655,0.023695463314652443,0.05617833882570267,0.1753522902727127,0.02150629833340645,0.13482627272605896,0.02597948908805847,0.022123167291283607,0.03822220489382744,0.05131347104907036,0.03107483498752117,0.022094855085015297,0.03524363040924072,0.06858151406049728,0.04186800494790077,0.04561762139201164,0.019364342093467712,0.03860427811741829,0.13081569969654083,0.04650478437542915,0.012588243931531906,0.06612987816333771,0.010785229504108429,0.020967984572052956,0.02714800275862217,0.023022383451461792,0.17476698756217957,0.032744865864515305,0.009342926554381847,0.12334782630205154,0.009963614866137505,0.00952110905200243,0.009345393627882004,0.00681333476677537,0.05801089107990265,0.07678916305303574,0.011526256799697876,0.10649414360523224,0.04339178651571274,0.060555871576070786,0.04913417249917984,0.009255846031010151,0.005383356940001249,0.16048896312713623,0.10942591726779938,0.061557307839393616,0.00745921116322279,0.02398195117712021,0.030720220878720284,0.016773071140050888,0.013239298947155476,0.03173404559493065,0.04187348112463951,,,,,,,,,,,,,,,
unknown,ー,132,133,207.9864,208.14618,0.6464844,,0.06551026552915573,0.05470355972647667,0.1027550995349884,0.20891624689102173,0.01634582132101059,0.11001447588205338,0.014983179047703743,0.04866547882556915,0.029308294877409935,0.04675576835870743,0.0339655801653862,0.02705484628677368,0.041653793305158615,0.07806240022182465,0.0360587015748024,0.05629879981279373,0.02252628654241562,0.040190406143665314,0.10905074328184128,0.039468031376600266,0.009770200587809086,0.040585532784461975,0.009496600367128849,0.03248830512166023,0.02172272279858589,0.017740989103913307,0.25327473878860474,0.0593489408493042,0.01208097767084837,0.17267203330993652,0.005883433390408754,0.014501053839921951,0.006490729283541441,0.004768057260662317,0.08946149051189423,0.13259416818618774,0.01961880549788475,0.14837057888507843,0.026715479791164398,0.0837172418832779,0.05040816217660904,0.007459038868546486,0.0081481346860528,0.11551585793495178,0.08777286112308502,0.08145654201507568,0.00996722187846899,0.018029265105724335,0.027947060763835907,0.02834615670144558,0.010824193246662617,0.02306281588971615,0.05159595236182213,,,,,,,,,,,,,,,
unknown,ツ,134,135,208.14618,208.64618,0.96875,,0.05425381660461426,0.042192380875349045,0.08589563518762589,0.22978757321834564,0.020280389115214348,0.14106260240077972,0.019964395090937614,0.0372861847281456,0.038302306085824966,0.04873841628432274,0.032476235181093216,0.03448846563696861,0.0402689054608345,0.060742512345314026,0.03861117362976074,0.06075524911284447,0.018907688558101654,0.05123068392276764,0.09450352936983109,0.040681142359972,0.011243929155170918,0.04189852625131607,0.00898763444274664,0.030967457219958305,0.029794175177812576,0.014829247258603573,0.3171148896217346,0.04294443875551224,0.009687716141343117,0.23799198865890503,0.007170805241912603,0.015174089930951595,0.006719856057316065,0.0053671118803322315,0.09788624942302704,0.136077418923378,0.013158227317035198,0.12122824788093567,0.02307598851621151,0.11035041511058807,0.0525624081492424,0.010579749941825867,0.005211733281612396,0.06736285239458084,0.07472499459981918,0.106577068567276,0.008691932074725628,0.017982257530093193,0.031510528177022934,0.03909984230995178,0.00907293800264597,0.020238596946001053,0.07043549418449402,,,,,,,,,,,,,,,
unknown,小,136,137,215.33589,215.57555,0.9970703,,0.1199103593826294,0.12186963856220245,0.10899089276790619,0.24431496858596802,0.01627226732671261,0.08522292971611023,0.015587391331791878,0.0690762847661972,0.04764891788363457,0.024937501177191734,0.022755948826670647,0.02862013317644596,0.04282236844301224,0.04628070443868637,0.029932281002402306,0.04089437797665596,0.02115320786833763,0.057058051228523254,0.05549027398228645,0.03066936321556568,0.006901988759636879,0.028456764295697212,0.009147350676357746,0.03797737509012222,0.030748287215828896,0.017516234889626503,0.44355952739715576,0.06612171232700348,0.013482512906193733,0.33254313468933105,0.006566275376826525,0.020708616822957993,0.0061158109456300735,0.0044462368823587894,0.14485850930213928,0.1883591264486313,0.036252353340387344,0.1437542885541916,0.013830339536070824,0.11840976029634476,0.043027106672525406,0.00543178478255868,0.013805798254907131,0.04337704926729202,0.06431910395622253,0.0772414579987526,0.015612398274242878,0.015198154374957085,0.028782252222299576,0.057824425399303436,0.012767312116920948,0.007553425617516041,0.060027021914720535,,,,,,,,,,,,,,,
unknown,さ,138,139,215.57555,215.65544,1.0,,0.11059170216321945,0.11646682769060135,0.09072114527225494,0.23255693912506104,0.02849000319838524,0.12677797675132751,0.014574522152543068,0.059308167546987534,0.042081527411937714,0.032519347965717316,0.018554769456386566,0.022280625998973846,0.03802713379263878,0.03647364303469658,0.04334906488656998,0.036154765635728836,0.01910649985074997,0.0539386160671711,0.06721394509077072,0.043631624430418015,0.00903087854385376,0.03048858605325222,0.00882701575756073,0.03171800822019577,0.026032516732811928,0.015757471323013306,0.4151025116443634,0.053350113332271576,0.016958316788077354,0.31147170066833496,0.005785900633782148,0.01888544298708439,0.0050363000482320786,0.0042373668402433395,0.11980929970741272,0.1752597987651825,0.03476419672369957,0.11927158385515213,0.01405504159629345,0.11224836856126785,0.032437920570373535,0.0042175957933068275,0.011427232064306736,0.04821043089032173,0.0780760645866394,0.06275706738233566,0.012257378548383713,0.014088226482272148,0.029178518801927567,0.044807568192481995,0.011725579388439655,0.008551648817956448,0.05322018265724182,,,,,,,,,,,,,,,
unknown,い,140,141,215.65544,215.97,0.9980469,,0.10289836674928665,0.09454359859228134,0.05271725729107857,0.1914345771074295,0.023761454969644547,0.1042737290263176,0.021702634170651436,0.045222897082567215,0.04654070362448692,0.03336677700281143,0.012526893988251686,0.01777235046029091,0.035759106278419495,0.025193989276885986,0.031714215874671936,0.039641305804252625,0.016284652054309845,0.06130727380514145,0.0797768160700798,0.028259992599487305,0.006820682901889086,0.03774619847536087,0.01164551917463541,0.03821446746587753,0.03457411378622055,0.014925329014658928,0.4759659767150879,0.03482259064912796,0.013008355163037777,0.40643423795700073,0.007225532550364733,0.02198999747633934,0.007743254769593477,0.0033031320199370384,0.09517460316419601,0.19729797542095184,0.032509829849004745,0.05988837033510208,0.017596382647752762,0.1395331174135208,0.03358761593699455,0.006879083812236786,0.008198773488402367,0.05391169711947441,0.06072639673948288,0.07406958937644958,0.009245852008461952,0.01865607127547264,0.032388992607593536,0.058431074023246765,0.011685882695019245,0.015261849388480186,0.07780393213033676,,,,,,,,,,,,,,,
unknown,楽,142,143,219.1432,219.30287,0.99902344,,0.05956104397773743,0.05682176351547241,0.04712224379181862,0.23277364671230316,0.02433045767247677,0.14031006395816803,0.013685368932783604,0.03025577776134014,0.05379379913210869,0.032861899584531784,0.020489947870373726,0.021250776946544647,0.033846575766801834,0.027077576145529747,0.039486587047576904,0.048099860548973083,0.017892656847834587,0.05198266729712486,0.08363114297389984,0.0354720838367939,0.009144912473857403,0.024459833279252052,0.009259085170924664,0.029365675523877144,0.04566097632050514,0.011393707245588303,0.3910779058933258,0.027520714327692986,0.012427798472344875,0.3166946470737457,0.0041468022391200066,0.018855974078178406,0.01160038635134697,0.0028790473006665707,0.09353610873222351,0.16751788556575775,0.02342480607330799,0.05784681811928749,0.012500365264713764,0.13610170781612396,0.04992741718888283,0.0086344163864851,0.007028740830719471,0.027881257236003876,0.0872773826122284,0.10156366974115372,0.009712548926472664,0.02324831299483776,0.03614740073680878,0.06560386717319489,0.010007667355239391,0.01163012906908989,0.08322976529598236,,,,,,,,,,,,,,,
unknown,し,144,145,219.30287,219.46252,0.96972656,,0.05961420759558678,0.052803780883550644,0.060014788061380386,0.19794519245624542,0.03530178964138031,0.19184941053390503,0.01605236530303955,0.02990623190999031,0.054282091557979584,0.05389498546719551,0.02054527960717678,0.024382907897233963,0.05635669082403183,0.046159595251083374,0.05878356471657753,0.03747822716832161,0.021135712042450905,0.05109873786568642,0.12188127636909485,0.058078814297914505,0.013357926160097122,0.03278542682528496,0.01560656726360321,0.02035692147910595,0.03715478628873825,0.015428343787789345,0.3188338875770569,0.03276696801185608,0.020177479833364487,0.21955151855945587,0.004584813490509987,0.014859288930892944,0.010513991117477417,0.003169069765135646,0.10257591307163239,0.12247765809297562,0.01930420473217964,0.06840577721595764,0.017752625048160553,0.09346728026866913,0.044444456696510315,0.004908022470772266,0.006951088085770607,0.04826168715953827,0.1041082814335823,0.06269440799951553,0.00855798926204443,0.02496480755507946,0.032567720860242844,0.036433324217796326,0.012251732870936394,0.0167081318795681,0.04982876405119896,,,,,,,,,,,,,,,
unknown,み,146,147,219.46252,219.96252,0.96777344,,0.07055104523897171,0.06469236314296722,0.07209806144237518,0.1973753422498703,0.03186824172735214,0.16688641905784607,0.014426618814468384,0.03326776996254921,0.05555436760187149,0.05105281248688698,0.020435750484466553,0.02163967303931713,0.05225493386387825,0.048882707953453064,0.06446248292922974,0.03946741297841072,0.02272200770676136,0.05419650301337242,0.11487986892461777,0.05826553702354431,0.01321226917207241,0.029020043089985847,0.017689233645796776,0.021755265071988106,0.03316660225391388,0.018003346398472786,0.35269948840141296,0.03671205788850784,0.02716926299035549,0.2158821076154709,0.003995249979197979,0.016965290531516075,0.010865800082683563,0.00273194070905447,0.1045054942369461,0.14440475404262543,0.02687227353453636,0.06071246787905693,0.017450006678700447,0.09872329235076904,0.040193092077970505,0.003891982138156891,0.009095831774175167,0.052682120352983475,0.1425674706697464,0.058262377977371216,0.008884642273187637,0.026041153818368912,0.027930980548262596,0.03192423656582832,0.015109690837562084,0.01830284856259823,0.04673200845718384,,,,,,,,,,,,,,,
unknown,遠,148,149,224.41193,224.69133,0.69628906,,0.06086582690477371,0.04909012094140053,0.06401257961988449,0.2174929678440094,0.04862270876765251,0.21262533962726593,0.010895829647779465,0.0358317606151104,0.060930561274290085,0.04132072255015373,0.020161304622888565,0.020592104643583298,0.05881606414914131,0.0562654547393322,0.08628176152706146,0.0339176319539547,0.01951252669095993,0.04405875876545906,0.1693384349346161,0.09595022350549698,0.02355276048183441,0.029948880895972252,0.019009564071893692,0.020538853481411934,0.04888216778635979,0.020738761872053146,0.25640034675598145,0.04094722121953964,0.027976807206869125,0.14995300769805908,0.003803268540650606,0.012332226149737835,0.013018877245485783,0.004473031964153051,0.09897235035896301,0.10001363605260849,0.019538087770342827,0.07728002220392227,0.020913388580083847,0.07963094115257263,0.050128575414419174,0.003998167812824249,0.01128362212330103,0.05561576411128044,0.14605553448200226,0.057040758430957794,0.014899167232215405,0.03583286702632904,0.04807855188846588,0.03970443457365036,0.015578867867588997,0.013875041157007217,0.04578833654522896,,,,,,,,,,,,,,,
unknown,許,150,151,224.69133,225.19133,0.41796875,,0.08531977981328964,0.07855303585529327,0.10351525992155075,0.22089289128780365,0.024571921676397324,0.1417476087808609,0.00778829213231802,0.050427261739969254,0.04858294129371643,0.0477619431912899,0.026941416785120964,0.02088053524494171,0.05336979776620865,0.07122761011123657,0.06192876398563385,0.04293596372008324,0.023794282227754593,0.0378335639834404,0.14530889689922333,0.06698164343833923,0.016308553516864777,0.022923700511455536,0.014502099715173244,0.026809068396687508,0.03765235096216202,0.024524522945284843,0.2669864594936371,0.06298968940973282,0.028296830132603645,0.14233803749084473,0.00227225455455482,0.01576041430234909,0.012387917377054691,0.002831075806170702,0.11076826602220535,0.13452252745628357,0.03210635483264923,0.12197882682085037,0.017819926142692566,0.07175000011920929,0.051667939871549606,0.004223700612783432,0.019905606284737587,0.06969542801380157,0.11716188490390778,0.061436086893081665,0.022586487233638763,0.031246811151504517,0.03174315020442009,0.03646491467952728,0.018227584660053253,0.02006162703037262,0.0392410047352314,,,,,,,,,,,,,,,
unknown,メ,152,153,232.33342,232.49332,0.91015625,,0.0869029238820076,0.08275828510522842,0.12064798921346664,0.21024705469608307,0.01593729667365551,0.0934123620390892,0.009151824750006199,0.05269169434905052,0.05051596835255623,0.04723486676812172,0.03380540385842323,0.030389780178666115,0.0569465197622776,0.08376779407262802,0.04717787355184555,0.05315777286887169,0.028644850477576256,0.051623594015836716,0.09682862460613251,0.044817402958869934,0.011965753510594368,0.021734820678830147,0.014629620127379894,0.0317186638712883,0.03484494239091873,0.021035607904195786,0.3326823115348816,0.07411631941795349,0.020300013944506645,0.17597979307174683,0.00296867941506207,0.020949436351656914,0.013669484294950962,0.0029469761066138744,0.13355451822280884,0.15836958587169647,0.034717049449682236,0.14913365244865417,0.016164736822247505,0.08449914306402206,0.05433689057826996,0.004555341321974993,0.018335189670324326,0.05615139752626419,0.09727944433689117,0.07234778255224228,0.018442735075950623,0.028440983965992928,0.02429269067943096,0.038370531052351,0.015568393282592297,0.020498141646385193,0.04873565584421158,,,,,,,,,,,,,,,
unknown,モ,154,155,232.49332,232.65321,0.9057617,,0.061060041189193726,0.06123856082558632,0.16778814792633057,0.2614232301712036,0.009570219554007053,0.06469665467739105,0.007180789951235056,0.0622372068464756,0.05010991916060448,0.029898766428232193,0.06053098663687706,0.03413146361708641,0.057111337780952454,0.09903689473867416,0.036341343075037,0.07153859734535217,0.01985868252813816,0.031085330992937088,0.051112204790115356,0.033530447632074356,0.010678725317120552,0.016117731109261513,0.010498639196157455,0.036574963480234146,0.037640828639268875,0.013784809038043022,0.23438605666160583,0.09734725207090378,0.009663058444857597,0.1288728266954422,0.0033026221208274364,0.027682412415742874,0.009455222636461258,0.0046815271489322186,0.12674090266227722,0.159029021859169,0.030803639441728592,0.19882267713546753,0.01102679967880249,0.07061971724033356,0.06535077095031738,0.008072080090641975,0.023811226710677147,0.033314406871795654,0.14182956516742706,0.09335817396640778,0.02359640970826149,0.020804645493626595,0.029117433354258537,0.06567083299160004,0.0098161231726408,0.013032191433012486,0.047414470463991165,,,,,,,,,,,,,,,
unknown,す,156,157,232.65321,232.77313,0.79296875,,0.06130264699459076,0.06458009779453278,0.17801415920257568,0.2284926474094391,0.005736683029681444,0.042016029357910156,0.005372741725295782,0.06681159138679504,0.032246071845293045,0.031031064689159393,0.07557828724384308,0.03191344067454338,0.05019548162817955,0.11214448511600494,0.02803158573806286,0.08552106469869614,0.01862187869846821,0.024157250300049782,0.04200703278183937,0.02334122732281685,0.006406616885215044,0.012348078191280365,0.007485053036361933,0.038137245923280716,0.020585812628269196,0.01314853597432375,0.24729004502296448,0.09754925966262817,0.007258771453052759,0.14595875144004822,0.0024055587127804756,0.02681673690676689,0.006400010082870722,0.003506907494738698,0.14006628096103668,0.1873621791601181,0.031299035996198654,0.30097225308418274,0.009238021448254585,0.06299228221178055,0.06465884298086166,0.008089680224657059,0.018844814971089363,0.03895256668329239,0.08659220486879349,0.09816799312829971,0.013578464277088642,0.013253657147288322,0.02280743606388569,0.060330476611852646,0.00937394704669714,0.010043943300843239,0.045941926538944244,,,,,,,,,,,,,,,
unknown,る,158,159,232.77313,233.27313,0.92822266,,0.058832909911870956,0.054060835391283035,0.08209697902202606,0.15460817515850067,0.008533034473657608,0.052790865302085876,0.009862635284662247,0.043499868363142014,0.04855291545391083,0.03697606921195984,0.037098780274391174,0.013829673640429974,0.05767284333705902,0.0842898041009903,0.027544856071472168,0.04146234691143036,0.014919152483344078,0.023189837113022804,0.10832860320806503,0.029306169599294662,0.0076352315954864025,0.028160234913229942,0.013533113524317741,0.022031765431165695,0.029142849147319794,0.05289585515856743,0.2048984318971634,0.04703228175640106,0.015172053128480911,0.11344115436077118,0.002542276866734028,0.012417169287800789,0.013987901620566845,0.0026222504675388336,0.11658308655023575,0.11309663206338882,0.028333213180303574,0.1061638668179512,0.023701781406998634,0.049183234572410583,0.05272552743554115,0.005356784909963608,0.01515633799135685,0.17312729358673096,0.08335138112306595,0.04514570161700249,0.013211900368332863,0.028516501188278198,0.03391912207007408,0.03436487168073654,0.04145122319459915,0.020469121634960175,0.024919310584664345,,,,,,,,,,,,,,,
unknown,大,160,161,239.32874,239.56857,0.94384766,,0.06623800843954086,0.053935229778289795,0.08135081827640533,0.1864168494939804,0.03509305417537689,0.15159299969673157,0.013340925797820091,0.07338593155145645,0.058260757476091385,0.038611240684986115,0.036312974989414215,0.03243698552250862,0.05449945479631424,0.08978081494569778,0.0693250223994255,0.03368315473198891,0.01794203370809555,0.032305747270584106,0.1250123381614685,0.0927828997373581,0.03066377155482769,0.030348239466547966,0.017160825431346893,0.02816016972064972,0.04359224811196327,0.02830755151808262,0.2666209638118744,0.07214890420436859,0.021335961297154427,0.18045076727867126,0.006223658099770546,0.012699593789875507,0.011034581810235977,0.009855082258582115,0.15077431499958038,0.10062197595834732,0.01686718314886093,0.13481149077415466,0.017565380781888962,0.03775322437286377,0.09565167129039764,0.006078439299017191,0.018552908673882484,0.04112766310572624,0.0922911986708641,0.05330847203731537,0.027038710191845894,0.030477162450551987,0.07675596326589584,0.0833607017993927,0.02039334923028946,0.017775719985365868,0.034305866807699203,,,,,,,,,,,,,,,
unknown,き,162,163,239.56857,239.68849,0.53125,,0.07620976865291595,0.06282772123813629,0.10315083712339401,0.2096722424030304,0.02239515632390976,0.11722534149885178,0.01001303642988205,0.0866294577717781,0.052629973739385605,0.03604939579963684,0.04420485347509384,0.03797435015439987,0.054505083709955215,0.09459128230810165,0.05442843958735466,0.041104402393102646,0.020127587020397186,0.031767066568136215,0.09136765450239182,0.0649200975894928,0.02126436121761799,0.02031688019633293,0.01385139487683773,0.03259413316845894,0.0397663451731205,0.020184079185128212,0.30059510469436646,0.08619816601276398,0.02006242610514164,0.21056810021400452,0.004566124174743891,0.015243224799633026,0.009759895503520966,0.007246215827763081,0.18513697385787964,0.12336112558841705,0.01723688840866089,0.14577539265155792,0.011156151071190834,0.04423374682664871,0.10552189499139786,0.0065832072868943214,0.018427670001983643,0.02645772509276867,0.08171351253986359,0.06874866783618927,0.026427406817674637,0.02445043995976448,0.0638202428817749,0.11073645204305649,0.015528487972915173,0.012145479209721088,0.039441484957933426,,,,,,,,,,,,,,,
unknown,な,164,165,239.68849,239.84839,0.8808594,,0.08586125820875168,0.07593866437673569,0.10988982021808624,0.22186675667762756,0.01617375947535038,0.0973576232790947,0.00906346458941698,0.08490166068077087,0.05554720386862755,0.03819651156663895,0.04557991400361061,0.031829897314310074,0.05799786373972893,0.0993104800581932,0.04683077335357666,0.04416327923536301,0.024759536609053612,0.0270851980894804,0.09272098541259766,0.05908135697245598,0.017028648406267166,0.017613787204027176,0.015613635070621967,0.03302355855703354,0.03878189995884895,0.018431972712278366,0.31046614050865173,0.08982592076063156,0.022089412435889244,0.21396711468696594,0.004085758700966835,0.013329090550541878,0.00952950119972229,0.00559646263718605,0.2027667909860611,0.1391080766916275,0.023100698366761208,0.17841382324695587,0.010584169067442417,0.0438070222735405,0.10073457658290863,0.005256438162177801,0.023586569353938103,0.028716692700982094,0.07467616349458694,0.0676087737083435,0.031008830294013023,0.02412230707705021,0.057554952800273895,0.10635463148355484,0.01440572738647461,0.012143321335315704,0.03375011309981346,,,,,,,,,,,,,,,
unknown,駅,166,167,239.84839,240.34839,0.24658203,,0.08450713008642197,0.0495244525372982,0.08054369688034058,0.16750498116016388,0.0034521897323429585,0.02350763790309429,0.0027355067431926727,0.07005433738231659,0.01464968640357256,0.012056451290845871,0.1607254296541214,0.07518559694290161,0.027418093755841255,0.2010786533355713,0.03990708291530609,0.16903778910636902,0.011506699025630951,0.052155379205942154,0.010529149323701859,0.015016602352261543,0.0037137302570044994,0.0029675110708922148,0.0066336472518742085,0.03302055597305298,0.004608884919434786,0.010999772697687149,0.4539738893508911,0.07698581367731094,0.004852380137890577,0.18359404802322388,0.0009754192433319986,0.06202772259712219,0.0021243258379399776,0.0010665844893082976,0.30928122997283936,0.19198639690876007,0.024333376437425613,0.16676832735538483,0.0020239788573235273,0.06228240579366684,0.09155134111642838,0.022610608488321304,0.012001215480268002,0.0031039793975651264,0.061420612037181854,0.24176086485385895,0.009986612014472485,0.0034117400646209717,0.010905411094427109,0.10692264139652252,0.01262109074741602,0.009515557438135147,0.09046522527933121,,,,,,,,,,,,,,,
unknown,ダ,168,169,249.0521,249.21179,0.82373047,,0.07792560011148453,0.05164686590433121,0.06380893290042877,0.15209157764911652,0.0028749543707817793,0.02776949480175972,0.0035942967515438795,0.045411236584186554,0.0186807569116354,0.01569233275949955,0.10777037590742111,0.0796874538064003,0.03820238262414932,0.15641054511070251,0.030023658648133278,0.1085924431681633,0.019039859995245934,0.06973152607679367,0.011417562142014503,0.01396467536687851,0.0029566523153334856,0.002964513376355171,0.009602468460798264,0.02285638079047203,0.005562266334891319,0.005930302198976278,0.468599796295166,0.05709090828895569,0.005733231082558632,0.2251696139574051,0.0010739036370068789,0.04181332513689995,0.0030931844376027584,0.0006998483440838754,0.3297114968299866,0.15945890545845032,0.024879293516278267,0.10622246563434601,0.0012012781808152795,0.06117815524339676,0.07944854348897934,0.012846262194216251,0.010027541778981686,0.0028163904789835215,0.045934394001960754,0.17379675805568695,0.009699780493974686,0.0041685220785439014,0.009934688918292522,0.0896911546587944,0.008097611367702484,0.006540559697896242,0.06578750163316727,,,,,,,,,,,,,,,
unknown,メ,170,171,249.21179,249.71179,0.8129883,,0.06763333827257156,0.047797586768865585,0.047738585621118546,0.17604771256446838,0.005197218153625727,0.04792869836091995,0.0062867519445717335,0.03967791050672531,0.03154465928673744,0.01591501757502556,0.08675066381692886,0.059068821370601654,0.04692124202847481,0.16301199793815613,0.03253272920846939,0.07854872196912766,0.027756400406360626,0.05825206637382507,0.02147207409143448,0.01848236657679081,0.0042734951712191105,0.0053108735010027885,0.01466310303658247,0.019211728125810623,0.012907357886433601,0.008627377450466156,0.3751932978630066,0.04905378818511963,0.010560577735304832,0.18737591803073883,0.0016566298436373472,0.037785496562719345,0.006379452534019947,0.0010062424698844552,0.29353615641593933,0.1357305496931076,0.02564513497054577,0.1260741800069809,0.0022665048018097878,0.05355464667081833,0.10212915390729904,0.0144304558634758,0.01568378135561943,0.00519626634195447,0.06534691900014877,0.13640959560871124,0.015911372378468513,0.008257151581346989,0.01641850546002388,0.10766272991895676,0.010761203244328499,0.007969177328050137,0.050759006291627884,,,,,,,,,,,,,,,
unknown,生,172,173,255.9589,256.23834,0.97753906,,0.06343038380146027,0.04928702861070633,0.033472366631031036,0.19809433817863464,0.009406575001776218,0.07882332801818848,0.008137778379023075,0.029849959537386894,0.04630429297685623,0.019939349964261055,0.08093312382698059,0.046009741723537445,0.0460146889090538,0.12586845457553864,0.04098886996507645,0.07195714861154556,0.02285878360271454,0.04995555803179741,0.030123857781291008,0.026518382132053375,0.006408083718270063,0.007880033925175667,0.014208747074007988,0.014514301903545856,0.02381749078631401,0.01201427448540926,0.3268955945968628,0.03447328507900238,0.010750659741461277,0.15175168216228485,0.0018362522823736072,0.04115873947739601,0.011154464446008205,0.0012006176402792335,0.23736126720905304,0.12834636867046356,0.031042374670505524,0.14456896483898163,0.003467694390565157,0.056558508425951004,0.09456024318933487,0.015455203130841255,0.015027428977191448,0.007067028898745775,0.08279234915971756,0.12314461916685104,0.015289492905139923,0.013666984625160694,0.018931712955236435,0.0903533473610878,0.015045052394270897,0.01413866225630045,0.045115165412425995,,,,,,,,,,,,,,,
unknown,活,174,175,256.23834,256.73834,0.9946289,,0.08290425688028336,0.05782926455140114,0.04410066083073616,0.14080458879470825,0.00983584113419056,0.06423830986022949,0.00827536080032587,0.04248268902301788,0.036393530666828156,0.021129030734300613,0.07429701089859009,0.06253261864185333,0.05333596095442772,0.17006781697273254,0.05272581800818443,0.10819810628890991,0.012760084122419357,0.07723914831876755,0.03496763855218887,0.033152829855680466,0.007752688601613045,0.009023097343742847,0.01926138438284397,0.02398671768605709,0.019044890999794006,0.014967555180191994,0.3542807996273041,0.04925963655114174,0.007821161299943924,0.16721542179584503,0.0020615223329514265,0.05710700899362564,0.011199038475751877,0.0013261719141155481,0.18867534399032593,0.17064587771892548,0.038082100450992584,0.1071823239326477,0.004987203516066074,0.09553775936365128,0.11843527853488922,0.018310949206352234,0.013912643305957317,0.009734316729009151,0.06431761384010315,0.162677600979805,0.010485706850886345,0.016387782990932465,0.01749304309487343,0.08176033198833466,0.016075288876891136,0.023085525259375572,0.0836757943034172,,,,,,,,,,,,,,,
unknown,服,176,177,265.965,266.465,0.62402344,,0.05849330499768257,0.040124211460351944,0.04625418037176132,0.20860758423805237,0.011306185275316238,0.07386414706707001,0.005451413802802563,0.03244367241859436,0.03307012468576431,0.020370516926050186,0.07271737605333328,0.09436067938804626,0.05554843693971634,0.14325594902038574,0.06819476932287216,0.07837042957544327,0.011759091168642044,0.10218285769224167,0.020399047061800957,0.03862038254737854,0.008483701385557652,0.005809152498841286,0.01692739501595497,0.01796051301062107,0.014175833202898502,0.008222837932407856,0.4059866964817047,0.045866820961236954,0.006228216923773289,0.1677156686782837,0.001704119611531496,0.03982280567288399,0.006090216338634491,0.0014340162742882967,0.2301761656999588,0.12831392884254456,0.022013163194060326,0.09213043749332428,0.0022324591409415007,0.09111842513084412,0.08145314455032349,0.010164043866097927,0.008585141971707344,0.0036490808706730604,0.11423841863870621,0.1340458244085312,0.008739039301872253,0.00978370476514101,0.015302188694477081,0.06601471453905106,0.010202200151979923,0.011625407263636589,0.08619901537895203,,,,,,,,,,,,,,,
unknown,い,178,179,274.885,275.005,0.5136719,,0.051533304154872894,0.03844265639781952,0.049648135900497437,0.2140933871269226,0.006477699149399996,0.05284272879362106,0.005372211337089539,0.028842298313975334,0.03653712570667267,0.021203285083174706,0.08237793296575546,0.08324402570724487,0.04436739161610603,0.1339426040649414,0.04675306752324104,0.09665737301111221,0.013941516168415546,0.09072861820459366,0.01489216834306717,0.021903477609157562,0.005110586062073708,0.0045984345488250256,0.012955919839441776,0.019673051312565804,0.01464749127626419,0.00783742219209671,0.46398892998695374,0.041180044412612915,0.005749729927629232,0.2120175063610077,0.001321239280514419,0.05129256099462509,0.006246054079383612,0.000922240549698472,0.2723744511604309,0.16587677597999573,0.021853933110833168,0.09116728603839874,0.0017687412910163403,0.08591227978467941,0.08497067540884018,0.013426725752651691,0.009221518412232399,0.0030224756337702274,0.0880061686038971,0.16048628091812134,0.008963601663708687,0.007988004945218563,0.01194850355386734,0.08574622869491577,0.009904628619551659,0.00981961190700531,0.07899779081344604,,,,,,,,,,,,,,,
unknown,家,180,181,275.005,275.505,0.6171875,,0.03880385309457779,0.02985130250453949,0.040526438504457474,0.20131830871105194,0.0075295730493962765,0.06464510411024094,0.009007060900330544,0.022917551919817924,0.05513531714677811,0.02471284195780754,0.10697624087333679,0.07806774228811264,0.04446321725845337,0.14117664098739624,0.05392095074057579,0.08975145220756531,0.013612370938062668,0.08207645267248154,0.01413657609373331,0.027244141325354576,0.0076758298091590405,0.0069481017999351025,0.01677619107067585,0.014491095207631588,0.017911724746227264,0.013140367344021797,0.35033050179481506,0.033813294023275375,0.006194686982780695,0.14454619586467743,0.0021442261058837175,0.04904169589281082,0.006784326396882534,0.0013131097657606006,0.25158828496932983,0.1196267381310463,0.021694893017411232,0.05442235991358757,0.0028031663969159126,0.06274488568305969,0.0966411754488945,0.017829928547143936,0.01255817525088787,0.0038402408827096224,0.14946624636650085,0.13241282105445862,0.013735434040427208,0.009491423144936562,0.014182360842823982,0.08078151941299438,0.016578514128923416,0.015173139050602913,0.05314028635621071,,,,,,,,,,,,,,,
unknown,名,182,183,277.73712,277.85696,0.50634766,,0.05500807985663414,0.040755368769168854,0.041422851383686066,0.22377365827560425,0.00908542238175869,0.07295117527246475,0.007554600015282631,0.02508026361465454,0.054775647819042206,0.023514490574598312,0.0880381390452385,0.07456247508525848,0.050336819142103195,0.10231408476829529,0.055935684591531754,0.07882363349199295,0.010557014495134354,0.08772139251232147,0.01297022309154272,0.027769014239311218,0.0067228530533611774,0.006084302440285683,0.01582731306552887,0.01424487680196762,0.01712605729699135,0.0089168855920434,0.4086171090602875,0.0337965190410614,0.006056904327124357,0.16962598264217377,0.0018485558684915304,0.04907762631773949,0.004661472048610449,0.001037209527567029,0.23967276513576508,0.13785749673843384,0.024253979325294495,0.04533505067229271,0.002180499956011772,0.07874316722154617,0.07504075020551682,0.012685916386544704,0.011564233340322971,0.0028363976161926985,0.14563041925430298,0.12398631870746613,0.011762618087232113,0.007758834399282932,0.013032721355557442,0.07809077948331833,0.01178902667015791,0.012568902224302292,0.06020043417811394,,,,,,,,,,,,,,,
unknown,登,184,185,277.85696,277.9768,0.83447266,,0.043081995099782944,0.030495982617139816,0.04817074164748192,0.20871081948280334,0.009004423394799232,0.07559085637331009,0.00721494946628809,0.023060351610183716,0.04421629756689072,0.025545448064804077,0.11435586959123611,0.08983384817838669,0.06054354086518288,0.11304112523794174,0.0613345205783844,0.0873095765709877,0.008058734238147736,0.06941007077693939,0.011874297633767128,0.031646501272916794,0.008445553481578827,0.006008730735629797,0.014882419258356094,0.011864646337926388,0.013083447702229023,0.007271377835422754,0.3479616641998291,0.032224949449300766,0.003906487952917814,0.14249145984649658,0.0020226403139531612,0.04507187381386757,0.0034447370562702417,0.0013702495489269495,0.26430270075798035,0.11121880263090134,0.015964845195412636,0.048293594270944595,0.0019295685924589634,0.07149730622768402,0.06411371380090714,0.013337383046746254,0.006491086445748806,0.0023494274355471134,0.13318949937820435,0.12771037220954895,0.007136350963264704,0.006008039228618145,0.013728954829275608,0.06949158757925034,0.009660337120294571,0.012356938794255257,0.05670236796140671,,,,,,,,,,,,,,,
unknown,り,186,187,277.9768,278.4768,0.8925781,,0.05546330288052559,0.03228416293859482,0.08959739655256271,0.25241363048553467,0.001955796731635928,0.023868447169661522,0.004446688108146191,0.04116671904921532,0.026354044675827026,0.02899082936346531,0.09101197868585587,0.07059642672538757,0.04824318736791611,0.1458529233932495,0.03337957710027695,0.15945422649383545,0.012416040524840355,0.049227312207221985,0.010193267837166786,0.012190232053399086,0.0038629481568932533,0.0034401940647512674,0.011923077516257763,0.0351954847574234,0.009926210157573223,0.003301120363175869,0.398815780878067,0.0606912299990654,0.00410490995272994,0.22781366109848022,0.0013408404774963856,0.04204324260354042,0.0027441729325801134,0.0009000494028441608,0.20572173595428467,0.20404264330863953,0.013205851428210735,0.09006320685148239,0.0014182598097249866,0.10727452486753464,0.0807952955365181,0.01759718544781208,0.005474671721458435,0.0030004638247191906,0.08310046792030334,0.2280721664428711,0.006982289720326662,0.005693650804460049,0.008767949417233467,0.08838478475809097,0.003464581910520792,0.014474519528448582,0.10205423831939697,,,,,,,,,,,,,,,
unknown,ダ,188,189,286.7654,286.9252,0.9580078,,0.04804922267794609,0.02912457473576069,0.07689157873392105,0.2638072073459625,0.002089215675368905,0.02176520973443985,0.005003123544156551,0.0375136062502861,0.02543620765209198,0.023101981729269028,0.10016004741191864,0.09212906658649445,0.03737254440784454,0.1413687765598297,0.03487635776400566,0.1645834594964981,0.013568351976573467,0.07655833661556244,0.007457350380718708,0.010907559655606747,0.003979185596108437,0.003694406244903803,0.01024623028934002,0.03845370188355446,0.010523034259676933,0.004190037027001381,0.4110426902770996,0.05870765075087547,0.0035250179935246706,0.22491827607154846,0.0016674314392730594,0.049188509583473206,0.003500932129099965,0.001101372530683875,0.20963992178440094,0.18483875691890717,0.01410366129130125,0.0669688954949379,0.0014846058329567313,0.127582386136055,0.0817728266119957,0.02212846465408802,0.005631305277347565,0.00242640171200037,0.09497694671154022,0.25765740871429443,0.008420511148869991,0.006027774419635534,0.0074762096628546715,0.08027329295873642,0.004616133403033018,0.014283350668847561,0.12854021787643433,,,,,,,,,,,,,,,
unknown,メ,190,191,286.9252,287.4252,0.90478516,,0.029977036640048027,0.02175348624587059,0.05058617889881134,0.2614288926124573,0.002755586290732026,0.032241784036159515,0.006221830379217863,0.0243545975536108,0.03014776110649109,0.03426622226834297,0.10416539013385773,0.09690679609775543,0.04021362587809563,0.129322811961174,0.03607196733355522,0.1378038227558136,0.015208532102406025,0.09048710018396378,0.00814563874155283,0.011379835195839405,0.0038799294270575047,0.00437392620369792,0.010591312311589718,0.031400956213474274,0.01041056215763092,0.004274540115147829,0.4224766492843628,0.045101363211870193,0.003619464812800288,0.2353217899799347,0.001560091506689787,0.03627794608473778,0.004109538625925779,0.0008884785347618163,0.20519328117370605,0.1661180704832077,0.012718094512820244,0.05180981010198593,0.0015544153284281492,0.09943107515573502,0.0738358125090599,0.019416900351643562,0.0056977467611432076,0.0024645840749144554,0.108228899538517,0.2009904831647873,0.008172037079930305,0.005961290560662746,0.00739581324160099,0.06377116590738297,0.004873211495578289,0.022331569343805313,0.10300758481025696,,,,,,,,,,,,,,,
unknown,角,192,193,289.8414,290.3414,0.30297852,,0.03881718963384628,0.026631349697709084,0.046523746103048325,0.17438820004463196,0.0021469981875270605,0.027992185205221176,0.005439038388431072,0.031582996249198914,0.020984189584851265,0.03836553171277046,0.21475644409656525,0.12627097964286804,0.031608946621418,0.16604456305503845,0.03467773273587227,0.20498447120189667,0.010418334975838661,0.11102383583784103,0.007226129993796349,0.008881479501724243,0.0025403897743672132,0.003510905196890235,0.010191580280661583,0.02443895861506462,0.00579063780605793,0.0038473200984299183,0.3725053369998932,0.052332792431116104,0.002794268075376749,0.18610486388206482,0.0013645963044837117,0.05367879942059517,0.002362219849601388,0.0005587541963905096,0.20583771169185638,0.16169218719005585,0.018068809062242508,0.054456885904073715,0.0014432681491598487,0.10516563802957535,0.07997629046440125,0.029536573216319084,0.0072091929614543915,0.0025537554174661636,0.0913422480225563,0.23829719424247742,0.006280587054789066,0.003911952022463083,0.006217807997018099,0.06581369787454605,0.004666050896048546,0.03451031446456909,0.11592260748147964,,,,,,,,,,,,,,,
unknown,登,194,195,295.735,295.85498,0.9838867,,0.029196184128522873,0.014796333387494087,0.04099028557538986,0.20140935480594635,0.0018975241109728813,0.028342878445982933,0.005661169998347759,0.026004798710346222,0.02403719536960125,0.04061517119407654,0.19272515177726746,0.15168200433254242,0.03609412536025047,0.1708359569311142,0.031798552721738815,0.18144291639328003,0.007628606166690588,0.12638624012470245,0.00793446134775877,0.008553811348974705,0.002472155960276723,0.0035031535662710667,0.011731485836207867,0.021012522280216217,0.007130160927772522,0.0031544994562864304,0.3945060074329376,0.043150369077920914,0.0024293020833283663,0.19833920896053314,0.0014019525842741132,0.03476821258664131,0.002235980937257409,0.0005799517966806889,0.2095365971326828,0.12760025262832642,0.00817522406578064,0.05143338814377785,0.001328855287283659,0.10933339595794678,0.08679687976837158,0.030049949884414673,0.003864326747134328,0.002186595229431987,0.09852360188961029,0.23603521287441254,0.004404141567647457,0.004094765987247229,0.007663390599191189,0.0746091976761818,0.0035663184244185686,0.03661295026540756,0.13998964428901672,,,,,,,,,,,,,,,
unknown,る,196,197,295.85498,296.35498,0.9975586,,0.02731495536863804,0.015014633536338806,0.046540267765522,0.23446732759475708,0.0013764380710199475,0.02119320258498192,0.004313659854233265,0.023472150787711143,0.026004472747445107,0.044789545238018036,0.17142538726329803,0.14034676551818848,0.03355797007679939,0.14530153572559357,0.02947363071143627,0.15146838128566742,0.010773694142699242,0.11243129521608353,0.005676913075149059,0.007443671114742756,0.00221307878382504,0.0024506431072950363,0.009971246123313904,0.02235160768032074,0.006268602795898914,0.0025223433040082455,0.4399704039096832,0.04596323147416115,0.0027498281560838223,0.23814573884010315,0.001177070545963943,0.02506084367632866,0.0017785262316465378,0.0005218153237365186,0.26008340716362,0.12379983067512512,0.00720199104398489,0.04707355797290802,0.0008310061530210078,0.08846607804298401,0.06940896064043045,0.018272073939442635,0.004129637964069843,0.0014183485182002187,0.08894697576761246,0.204899862408638,0.006039172876626253,0.003305658930912614,0.005903854966163635,0.06511586159467697,0.003080150345340371,0.02041115052998066,0.11163302510976791,,,,,,,,,,,,,,,
unknown,ペ,198,199,301.85498,301.97498,0.85253906,,0.012371893972158432,0.0085739865899086,0.027179868891835213,0.2213137000799179,0.0023855268955230713,0.03770345076918602,0.008944236673414707,0.011844179593026638,0.03210312873125076,0.0640358254313469,0.14596156775951385,0.15836970508098602,0.04988721385598183,0.1687694638967514,0.03052019700407982,0.12364029139280319,0.015872469171881676,0.11395177990198135,0.008595733903348446,0.008180470205843449,0.0026837594341486692,0.004757680464535952,0.014260722324252129,0.016911566257476807,0.009310197085142136,0.0023402641527354717,0.35142889618873596,0.03080601990222931,0.0022552069276571274,0.21287940442562103,0.0018850306514650583,0.022387325763702393,0.00362978084012866,0.0006710835150443017,0.215576633810997,0.10653183609247208,0.005392363760620356,0.07248911261558533,0.001368065131828189,0.06753599643707275,0.07693623751401901,0.020369628444314003,0.003122055670246482,0.0021964816842228174,0.0830191820859909,0.16206756234169006,0.0040457891300320625,0.004888333845883608,0.007024395279586315,0.05184021219611168,0.0024210065603256226,0.02863597497344017,0.08948948979377747,,,,,,,,,,,,,,,
unknown,ン,200,201,301.97498,302.09497,0.9897461,,0.017014551907777786,0.01030425913631916,0.03260497376322746,0.22632047533988953,0.0015791608020663261,0.024684187024831772,0.011073460802435875,0.014926276169717312,0.0361894816160202,0.045661747455596924,0.14412473142147064,0.2027938961982727,0.06602779030799866,0.17396104335784912,0.0221681147813797,0.11639386415481567,0.01160519104450941,0.11279057711362839,0.005492744501680136,0.005940127652138472,0.0017726976657286286,0.004520440939813852,0.01637481339275837,0.01788416877388954,0.008853960782289505,0.00259826029650867,0.3883344531059265,0.03783002123236656,0.0016979078063741326,0.24272087216377258,0.0029601396527141333,0.01986595243215561,0.0022726866882294416,0.000835190003272146,0.27947327494621277,0.09881569445133209,0.005523942410945892,0.07396495342254639,0.0012541671749204397,0.07593098282814026,0.06870211660861969,0.020615989342331886,0.003412333084270358,0.001399258035235107,0.05826163664460182,0.17187339067459106,0.004565867129713297,0.003457028418779373,0.007408612873405218,0.06715190410614014,0.0026484732516109943,0.015604137443006039,0.09952451288700104,,,,,,,,,,,,,,,
unknown,キ,202,203,302.09497,302.215,0.94384766,,0.019227392971515656,0.011018444783985615,0.04089328646659851,0.20432111620903015,0.0014775058953091502,0.021454041823744774,0.010082812048494816,0.018998701125383377,0.02483859658241272,0.051127977669239044,0.15000899136066437,0.1876855343580246,0.0561295785009861,0.1501787304878235,0.0217962097376585,0.1563359946012497,0.014710968360304832,0.12088840454816818,0.007146880030632019,0.005501254461705685,0.001793085946701467,0.00475848326459527,0.012504486367106438,0.029439302161335945,0.00612006476148963,0.0024446286261081696,0.42041894793510437,0.041973892599344254,0.0017096777446568012,0.30904409289360046,0.00276565202511847,0.027881823480129242,0.0017782500945031643,0.0008522645221091807,0.24825088679790497,0.12903738021850586,0.005459601525217295,0.06394166499376297,0.001491048140451312,0.07427333295345306,0.06134211644530296,0.03265991434454918,0.003141723806038499,0.002193107968196273,0.05345650389790535,0.2185024470090866,0.004627070855349302,0.0029143518768250942,0.00750880129635334,0.07114124298095703,0.0025401655584573746,0.01878446526825428,0.13419568538665771,,,,,,,,,,,,,,,
unknown,ン,204,205,302.215,302.715,0.38208008,,0.03389498591423035,0.02080661430954933,0.06545668840408325,0.20848798751831055,0.0016161445528268814,0.02006370760500431,0.007188444025814533,0.03164362162351608,0.02415189892053604,0.048953719437122345,0.13809415698051453,0.16843615472316742,0.056496985256671906,0.137916699051857,0.021665498614311218,0.14969927072525024,0.01821207068860531,0.09983505308628082,0.007017128635197878,0.005736482795327902,0.002066221321001649,0.0043545677326619625,0.009524550288915634,0.03857918456196785,0.006191683001816273,0.0032594420481473207,0.43035995960235596,0.06264279782772064,0.002660637954249978,0.3050759434700012,0.002065455075353384,0.027529455721378326,0.0015581152401864529,0.0009618209442123771,0.27078649401664734,0.14801083505153656,0.009074937552213669,0.08644578605890274,0.0018750546732917428,0.08599328994750977,0.05728093162178993,0.022879088297486305,0.005818421021103859,0.002518915105611086,0.04725078120827675,0.21590179204940796,0.00855900626629591,0.0029763055499643087,0.007903670892119408,0.07855632156133652,0.00324126030318439,0.016304491087794304,0.12676000595092773,,,,,,,,,,,,,,,
unknown,で,206,207,308.90857,308.9885,0.84033203,,0.03447289764881134,0.0200219564139843,0.06343625485897064,0.21372006833553314,0.0013612188631668687,0.01856791228055954,0.005610549356788397,0.028321657329797745,0.019173581153154373,0.04375931993126869,0.1288650929927826,0.1327366977930069,0.03959471359848976,0.13052906095981598,0.019918711856007576,0.15481741726398468,0.027909601107239723,0.08021841943264008,0.007567687425762415,0.005242596846073866,0.0019718981347978115,0.0035812347196042538,0.007388410158455372,0.032388895750045776,0.005756899248808622,0.0031224535778164864,0.4150990843772888,0.05086686089634895,0.0032662153244018555,0.2941398620605469,0.0016180623788386583,0.030270680785179138,0.001754258992150426,0.0008444064296782017,0.2988448143005371,0.13568198680877686,0.008613042533397675,0.1086932048201561,0.001680517802014947,0.07839258760213852,0.062179818749427795,0.02490176260471344,0.004688321612775326,0.002400498604401946,0.04509381949901581,0.24576711654663086,0.008103642612695694,0.0028632425237447023,0.007642772980034351,0.0858926996588707,0.0033086403273046017,0.012411386705935001,0.11314508318901062,,,,,,,,,,,,,,,
unknown,し,208,209,308.9885,309.02847,0.96240234,,0.01632089726626873,0.00955068226903677,0.03117760457098484,0.16732382774353027,0.002865539863705635,0.04679512232542038,0.007940638810396194,0.015297191217541695,0.02706597000360489,0.10025262087583542,0.1856810748577118,0.15426884591579437,0.04801597446203232,0.11910532414913177,0.03092302195727825,0.15408822894096375,0.011938999406993389,0.07891352474689484,0.016466442495584488,0.011144362390041351,0.003908121958374977,0.006177685223519802,0.009911654517054558,0.021709034219384193,0.008588157594203949,0.004140336066484451,0.2404874563217163,0.03267725929617882,0.002102134982123971,0.17313890159130096,0.00172837742138654,0.02581869252026081,0.0027345363050699234,0.0009082695469260216,0.19043883681297302,0.07964769005775452,0.00600742781534791,0.06273575872182846,0.00272981240414083,0.04883134365081787,0.07365033775568008,0.050029508769512177,0.004538251087069511,0.0035985196009278297,0.04737560451030731,0.21625715494155884,0.01014235895127058,0.004761192016303539,0.01168686430901289,0.06240334361791611,0.004204354248940945,0.06914862245321274,0.10194181650876999,,,,,,,,,,,,,,,
unknown,ょ,210,211,309.02847,309.52847,0.7519531,,0.01763843186199665,0.009866183623671532,0.03564060106873512,0.17904424667358398,0.0016787935746833682,0.029421409592032433,0.005710323806852102,0.01610100083053112,0.022405488416552544,0.0944390669465065,0.2250809520483017,0.15842728316783905,0.04443489387631416,0.1461767852306366,0.028855059295892715,0.18647678196430206,0.01269625872373581,0.08171705156564713,0.01019727811217308,0.008148085325956345,0.0025072649586945772,0.0037789291236549616,0.00977545790374279,0.020234692841768265,0.0054437932558357716,0.003374235238879919,0.26459330320358276,0.034828923642635345,0.0021484028548002243,0.1666497439146042,0.0013191045727580786,0.024337582290172577,0.002037620870396495,0.0006095671560615301,0.218571275472641,0.09455869346857071,0.006074950098991394,0.0640927106142044,0.0017765515949577093,0.056749213486909866,0.07320383191108704,0.03857024013996124,0.0036313356831669807,0.0027189720422029495,0.055625010281801224,0.23026160895824432,0.0060300747863948345,0.0034096415620297194,0.0078776516020298,0.05586834251880646,0.0038202854339033365,0.04272272437810898,0.10330173373222351,,,,,,,,,,,,,,,
unknown,根,212,213,310.98706,311.2269,0.5024414,,0.010592455044388771,0.006422835867851973,0.023344874382019043,0.1413603574037552,0.0023144837468862534,0.04416891187429428,0.0068025472573935986,0.00925090629607439,0.020853742957115173,0.11874311417341232,0.2198917120695114,0.15355300903320312,0.03941788896918297,0.1276675909757614,0.03166801482439041,0.17528147995471954,0.01608865149319172,0.08974248170852661,0.014253173023462296,0.009356864728033543,0.0024576138239353895,0.004240067210048437,0.010231774300336838,0.01522376574575901,0.004391644150018692,0.002340525621548295,0.2640489935874939,0.02251390367746353,0.002021725522354245,0.18106181919574738,0.0013625058345496655,0.02157769910991192,0.002108092652633786,0.0004920627106912434,0.20605134963989258,0.0766599029302597,0.004253455437719822,0.038673583418130875,0.0015591736882925034,0.04336639866232872,0.07262617349624634,0.03880622982978821,0.002478432608768344,0.002611352363601327,0.05861922726035118,0.2220224142074585,0.004464574623852968,0.0030530011281371117,0.008532275445759296,0.04794669896364212,0.0027525185141712427,0.03918863832950592,0.08970053493976593,,,,,,,,,,,,,,,
unknown,こ,214,215,311.2269,311.7269,0.60253906,,0.010180072858929634,0.00771123543381691,0.020034868270158768,0.12791404128074646,0.004884464666247368,0.07854580134153366,0.01134465541690588,0.00995966698974371,0.026817183941602707,0.17790110409259796,0.12005439400672913,0.13966085016727448,0.04580152779817581,0.08175171166658401,0.031176190823316574,0.08129178732633591,0.019627518951892853,0.10440244525671005,0.032277241349220276,0.019108112901449203,0.004272894002497196,0.00877635832875967,0.014779572375118732,0.016903556883335114,0.007380122318863869,0.0022537093609571457,0.2821069359779358,0.023877326399087906,0.0029540553223341703,0.25788819789886475,0.0029433260206133127,0.0060074650682508945,0.003233962459489703,0.0009894778486341238,0.16061173379421234,0.060527361929416656,0.004181395284831524,0.035308994352817535,0.0022824155166745186,0.04378576576709747,0.065730981528759,0.014769821427762508,0.0027784022968262434,0.005315068177878857,0.043083056807518005,0.11446408182382584,0.006871075835078955,0.006120231468230486,0.01580887660384178,0.03702782094478607,0.002382610458880663,0.04458999261260033,0.07558254152536392,,,,,,,,,,,,,,,
unknown,読,216,217,313.62515,313.78503,0.9477539,,0.008253136649727821,0.0067785209976136684,0.017365748062729836,0.1101023405790329,0.006712513510137796,0.1212402805685997,0.01735525391995907,0.008178194053471088,0.021839573979377747,0.19223593175411224,0.10666918009519577,0.1024141013622284,0.03607957437634468,0.10163988918066025,0.03384905681014061,0.1008126363158226,0.03973210230469704,0.09029624611139297,0.05746990442276001,0.02035587839782238,0.0051939236000180244,0.01529849972575903,0.015315438620746136,0.016248544678092003,0.008023864589631557,0.0033426659647375345,0.2205507606267929,0.020293835550546646,0.003925255499780178,0.18987804651260376,0.0033598183654248714,0.011350059881806374,0.005710280500352383,0.0009806897724047303,0.11595660448074341,0.06001696735620499,0.004829454701393843,0.040503282099962234,0.004894602578133345,0.03424528241157532,0.08111560344696045,0.02996756136417389,0.002751593943685293,0.011838718317449093,0.056558843702077866,0.1378406137228012,0.006322720553725958,0.008191565051674843,0.016577305272221565,0.033213090151548386,0.0031210631132125854,0.08129137754440308,0.06313832104206085,,,,,,,,,,,,,,,
unknown,む,218,219,313.78503,314.28503,0.9863281,,0.005531668663024902,0.0038556258659809828,0.01611531525850296,0.08024715632200241,0.006635711062699556,0.11656304448843002,0.013879300095140934,0.006080250721424818,0.015998389571905136,0.27904775738716125,0.1445390284061432,0.13478398323059082,0.022407932206988335,0.07899083197116852,0.03777880221605301,0.1156875416636467,0.02473442815244198,0.11693766713142395,0.05906001850962639,0.020554304122924805,0.005480993073433638,0.013118857517838478,0.010065402835607529,0.014062583446502686,0.005569511093199253,0.002332434756681323,0.22074642777442932,0.015837442129850388,0.0028769318014383316,0.19464096426963806,0.002739006420597434,0.00773951830342412,0.004754236899316311,0.000872688484378159,0.10813016444444656,0.04732133448123932,0.0023320806212723255,0.02152964659035206,0.003805661341175437,0.03460092097520828,0.06068229302763939,0.026830973103642464,0.0011787412222474813,0.010725262574851513,0.038276899605989456,0.14371830224990845,0.0032628923654556274,0.00730060413479805,0.013507286086678505,0.019409898668527603,0.0022362563759088516,0.10917538404464722,0.07518285512924194,,,,,,,,,,,,,,,
unknown,こ,220,221,321.07455,321.15442,0.75634766,,0.005186082329601049,0.004530758131295443,0.01627986691892147,0.07876748591661453,0.009292219765484333,0.12903830409049988,0.015319052152335644,0.006084161810576916,0.018127666786313057,0.24754789471626282,0.1412731409072876,0.09279117733240128,0.022317780181765556,0.06333336234092712,0.03862066939473152,0.1268720030784607,0.023654533550143242,0.08712518960237503,0.060696911066770554,0.020419497042894363,0.00657463725656271,0.017431320622563362,0.008034187369048595,0.01969636045396328,0.0071366108022630215,0.0028187723364681005,0.18331938982009888,0.016453487798571587,0.002756540896371007,0.17042917013168335,0.002878720173612237,0.009284277446568012,0.005600575357675552,0.001076962100341916,0.06893227994441986,0.057119470089673996,0.0034516125451773405,0.02427717298269272,0.006528000812977552,0.03598158061504364,0.056803297251462936,0.036501746624708176,0.002016460755839944,0.014280765317380428,0.039113499224185944,0.15092837810516357,0.005280878860503435,0.00888762902468443,0.013745337724685669,0.018883144482970238,0.002480179537087679,0.15088504552841187,0.08097395300865173,,,,,,,,,,,,,,,
unknown,れ,222,223,321.15442,321.2343,0.89697266,,0.004897521808743477,0.0034960354678332806,0.013673375360667706,0.08037833124399185,0.016567010432481766,0.21933893859386444,0.02451060339808464,0.005691058002412319,0.02676014043390751,0.2194303423166275,0.08695215731859207,0.09687531739473343,0.04166795313358307,0.08825895190238953,0.045556988567113876,0.05754343792796135,0.024041231721639633,0.09233995527029037,0.13281230628490448,0.04583381861448288,0.011152436025440693,0.032783858478069305,0.018782299011945724,0.009876420721411705,0.012991315685212612,0.004795018583536148,0.1306210607290268,0.015271992422640324,0.003937181551009417,0.10643960535526276,0.005553637631237507,0.0051078228279948235,0.00932035781443119,0.002007617149502039,0.07794082909822464,0.027376696467399597,0.002383824437856674,0.025950731709599495,0.010553753934800625,0.023501140996813774,0.0745764672756195,0.01943863183259964,0.0017782194772735238,0.027283843606710434,0.05403825640678406,0.07583009451627731,0.005237339995801449,0.015737269073724747,0.02941509522497654,0.017798366025090218,0.003845806699246168,0.11518540978431702,0.04520435258746147,,,,,,,,,,,,,,,
unknown,供,224,225,321.2343,321.31418,0.61279297,,0.003283923026174307,0.002831317950040102,0.007832960225641727,0.06862801313400269,0.019407125189900398,0.3028739094734192,0.024939971044659615,0.003847351297736168,0.028150372207164764,0.21645301580429077,0.06452895700931549,0.05844387039542198,0.050264231860637665,0.06592810899019241,0.03951787203550339,0.04812290146946907,0.03478465601801872,0.06860147416591644,0.16755227744579315,0.045889485627412796,0.011231599375605583,0.03779764473438263,0.018460523337125778,0.008258898742496967,0.012279652059078217,0.004705177154392004,0.11801216006278992,0.009506558068096638,0.0036111073568463326,0.09860935807228088,0.0037777472753077745,0.0053687202744185925,0.015192429535090923,0.00134095863904804,0.06959858536720276,0.026343639940023422,0.00240871449932456,0.013886957429349422,0.011040684767067432,0.014989012852311134,0.07018423080444336,0.018249021843075752,0.0012573822168633342,0.027448642998933792,0.04811239242553711,0.06475682556629181,0.003929078578948975,0.016098901629447937,0.038820650428533554,0.018896518275141716,0.003861138829961419,0.14952054619789124,0.028325773775577545,,,,,,,,,,,,,,,
unknown,も,226,227,321.31418,321.81418,0.7675781,,0.0036101050209254026,0.0028267193119972944,0.008873796090483665,0.07541411370038986,0.01832502707839012,0.2810026705265045,0.021454839035868645,0.004313578363507986,0.02766728773713112,0.21303291618824005,0.08020047843456268,0.07373546063899994,0.03617138788104057,0.06429632008075714,0.04556237533688545,0.05238315463066101,0.021634835749864578,0.07719395309686661,0.14625121653079987,0.04912202060222626,0.012935085222125053,0.03192074969410896,0.014488762244582176,0.007551507093012333,0.013315699994564056,0.005359588656574488,0.11921559274196625,0.009476803243160248,0.0032841621432453394,0.10069609433412552,0.0038334568962454796,0.006274000275880098,0.01391460932791233,0.001708235708065331,0.0669049322605133,0.026475826278328896,0.0024650846607983112,0.02020789310336113,0.010234865359961987,0.019616350531578064,0.07949628680944443,0.024605127051472664,0.0011946017621085048,0.02551325038075447,0.06134971231222153,0.07358350604772568,0.0032952295150607824,0.016844896599650383,0.038445137441158295,0.020341355353593826,0.004799830727279186,0.14303579926490784,0.03985292837023735,,,,,,,,,,,,,,,
unknown,し,228,229,326.50644,326.62625,0.5722656,,0.009382477030158043,0.006771155633032322,0.020836781710386276,0.12423577904701233,0.012956175021827221,0.18531647324562073,0.015313828364014626,0.008250224404036999,0.037908125668764114,0.13948585093021393,0.07195651531219482,0.09610118716955185,0.07425536960363388,0.09723826497793198,0.04271118715405464,0.050292860716581345,0.023133788257837296,0.07278202474117279,0.09011804312467575,0.051419634371995926,0.01233678124845028,0.022457504644989967,0.02050669677555561,0.009667237289249897,0.016959188506007195,0.005958871450275183,0.14970916509628296,0.019639143720269203,0.00370160979218781,0.09900380671024323,0.0038808078970760107,0.00620134687051177,0.010030517354607582,0.0021369089372456074,0.12498187273740768,0.03492413088679314,0.004585765767842531,0.042700860649347305,0.008779719471931458,0.030429545789957047,0.07966259121894836,0.010884515941143036,0.0025399629957973957,0.016794361174106598,0.062156591564416885,0.07626809924840927,0.006711780093610287,0.01546285580843687,0.03352750465273857,0.027174998074769974,0.004936209414154291,0.05627400055527687,0.038491468876600266,,,,,,,,,,,,,,,
unknown,い,230,231,326.62625,327.12625,0.5415039,,0.008542442694306374,0.005490133538842201,0.02032126858830452,0.11516216397285461,0.017400646582245827,0.20791669189929962,0.014857139438390732,0.009261333383619785,0.03881840407848358,0.09523235261440277,0.06162835657596588,0.11327538639307022,0.1212831512093544,0.1258527785539627,0.05026758834719658,0.03216114267706871,0.020820368081331253,0.07975409924983978,0.09857624024152756,0.07834761589765549,0.016094811260700226,0.024477643892169,0.03129104524850845,0.007518996950238943,0.01566399075090885,0.006204713135957718,0.1281367540359497,0.022681592032313347,0.0037874451372772455,0.07350683957338333,0.005118204280734062,0.004197794944047928,0.00874227937310934,0.003184352070093155,0.15080304443836212,0.021669594570994377,0.0033350831363350153,0.036170367151498795,0.008168764412403107,0.022551661357283592,0.08257824927568436,0.006508418824523687,0.0023533026687800884,0.01504878792911768,0.07666152715682983,0.052045390009880066,0.006890502758324146,0.014872606843709946,0.04842979460954666,0.02715088240802288,0.004955893382430077,0.0344197116792202,0.03006822243332863,,,,,,,,,,,,,,,
unknown,楽,232,233,331.57886,331.69867,0.95410156,,0.010987130925059319,0.0077924118377268314,0.03846044838428497,0.10754242539405823,0.004883537068963051,0.0969163104891777,0.010118715465068817,0.011210188269615173,0.028890762478113174,0.11545553803443909,0.09798942506313324,0.15601631999015808,0.10705618560314178,0.1607743203639984,0.028739575296640396,0.05436984822154045,0.031015589833259583,0.06783146411180496,0.042143166065216064,0.02628246508538723,0.005484346300363541,0.01116671971976757,0.018753143027424812,0.00828064326196909,0.00915655680000782,0.004333136137574911,0.18360643088817596,0.028762616217136383,0.003528259927406907,0.10281237214803696,0.0024625675287097692,0.006645758170634508,0.006393302697688341,0.0013653648784384131,0.23283858597278595,0.03663797676563263,0.0037562386132776737,0.0747796893119812,0.003843010636046529,0.03047274611890316,0.07524954527616501,0.006651273928582668,0.0018308039288967848,0.009213563986122608,0.04207952320575714,0.0755939781665802,0.0035670895595103502,0.008211658336222172,0.0203119907528162,0.028514046221971512,0.004015529993921518,0.021711250767111778,0.031094525009393692,,,,,,,,,,,,,,,
unknown,し,234,235,331.69867,331.77853,0.9482422,,0.013268218375742435,0.008728276938199997,0.04374656826257706,0.12258930504322052,0.004847563803195953,0.07322179526090622,0.010041727684438229,0.013953158631920815,0.026976479217410088,0.08402540534734726,0.09019717574119568,0.16641820967197418,0.09431909024715424,0.18438036739826202,0.031156478449702263,0.043851323425769806,0.025120841339230537,0.08218694478273392,0.031768254935741425,0.026663968339562416,0.00522705540060997,0.010268562473356724,0.01952282339334488,0.008291687816381454,0.008078150451183319,0.004918769933283329,0.22769227623939514,0.03389501944184303,0.0037836041301488876,0.12488951534032822,0.003155868500471115,0.006760891526937485,0.00520918658003211,0.001739070750772953,0.28867584466934204,0.039194438606500626,0.003791217226535082,0.07825980335474014,0.0029897980857640505,0.029890267178416252,0.07253719866275787,0.004786733537912369,0.002057669684290886,0.008477132767438889,0.0524480976164341,0.061768680810928345,0.003295979928225279,0.007281523663550615,0.018072467297315598,0.027700120583176613,0.004596992861479521,0.013564755208790302,0.030201392248272896,,,,,,,,,,,,,,,
unknown,い,236,237,331.77853,332.27853,0.9458008,,0.015271179378032684,0.00937605183571577,0.04700780659914017,0.120323047041893,0.002939754631370306,0.05082067474722862,0.012669232673943043,0.013328851200640202,0.0343904048204422,0.06558098644018173,0.08186225593090057,0.14463315904140472,0.11858164519071579,0.23500078916549683,0.022989308461546898,0.05245905742049217,0.02581355907022953,0.06440760940313339,0.030517423525452614,0.020317986607551575,0.0039808801375329494,0.010679733008146286,0.027465274557471275,0.008898728527128696,0.011205662041902542,0.005023953039199114,0.20410431921482086,0.036408159881830215,0.00314923538826406,0.10611630231142044,0.003814755007624626,0.007674221880733967,0.006618786137551069,0.0015309613663703203,0.279264360666275,0.04299532622098923,0.004613590892404318,0.10392075031995773,0.0035125031135976315,0.03033161349594593,0.08594457060098648,0.0061433156952261925,0.002597436308860779,0.008683503605425358,0.03672004118561745,0.07402866333723068,0.003971822559833527,0.008784976787865162,0.016165604814887047,0.03182964771986008,0.004244206938892603,0.014066523872315884,0.028902310878038406,,,,,,,,,,,,,,,
unknown,白,238,239,338.55002,338.83002,0.9941406,,0.014387437142431736,0.011853002943098545,0.07218682765960693,0.1028350293636322,0.005164794158190489,0.08351542800664902,0.01378148328512907,0.014278248883783817,0.035636261105537415,0.10896224528551102,0.10609553754329681,0.14889013767242432,0.1027764081954956,0.14659762382507324,0.027792882174253464,0.06791568547487259,0.02654326520860195,0.07382172346115112,0.046603213995695114,0.026201479136943817,0.005934986285865307,0.016342608258128166,0.0169727373868227,0.013243595138192177,0.010898008942604065,0.006533733569085598,0.18516500294208527,0.041903458535671234,0.0035036320332437754,0.10701645165681839,0.003981453832238913,0.008652024902403355,0.006018966436386108,0.002052954863756895,0.1986870914697647,0.05185897648334503,0.006749565247446299,0.05753028765320778,0.007581078447401524,0.03408552706241608,0.0701834112405777,0.008014232851564884,0.004050760995596647,0.015079738572239876,0.04011689871549606,0.08444342017173767,0.006278431508690119,0.009431733749806881,0.020137690007686615,0.02636103890836239,0.005366049706935883,0.02291920594871044,0.033779386430978775,,,,,,,,,,,,,,,
unknown,い,240,241,338.83002,339.33002,0.9995117,,0.013764307834208012,0.012097603641450405,0.06888680160045624,0.09524261206388474,0.006847105920314789,0.11660023778676987,0.013934671878814697,0.01385426428169012,0.038505155593156815,0.12180711328983307,0.08948580175638199,0.11410792917013168,0.10960830748081207,0.11052603274583817,0.029760969802737236,0.06448614597320557,0.02383979596197605,0.05620730668306351,0.06579122692346573,0.03346112370491028,0.008022534660995007,0.020063366740942,0.015202539972960949,0.014326468110084534,0.011928577907383442,0.007375707849860191,0.17475222051143646,0.03752479329705238,0.0034381558652967215,0.1048257052898407,0.0035295186098665,0.008373972028493881,0.00562344491481781,0.0022013697307556868,0.1545790284872055,0.052827417850494385,0.007117701694369316,0.05170350894331932,0.011227286420762539,0.030001113191246986,0.060580696910619736,0.009083490818738937,0.004236152861267328,0.018701905384659767,0.043467190116643906,0.08123747259378433,0.007348157931119204,0.009869106113910675,0.027244776487350464,0.028111150488257408,0.0056531997397542,0.03264112398028374,0.03135831281542778,,,,,,,,,,,,,,,
unknown,漫,242,243,345.39,345.67,0.8520508,,0.020922895520925522,0.01811760850250721,0.06559988111257553,0.10083790868520737,0.006726857740432024,0.10195719450712204,0.012326091527938843,0.017330551519989967,0.030129095539450645,0.12434951215982437,0.09230346977710724,0.07973164319992065,0.06283165514469147,0.1034303680062294,0.029814554378390312,0.10058826953172684,0.03588617965579033,0.05673932284116745,0.06776344776153564,0.02503535896539688,0.007202514912933111,0.017418919131159782,0.01211889274418354,0.01980370655655861,0.011504413560032845,0.0070454939268529415,0.21583278477191925,0.0367392972111702,0.005271114408969879,0.14124859869480133,0.0027147859800606966,0.01594037376344204,0.006916495505720377,0.0015522913308814168,0.1444726586341858,0.09179199486970901,0.01115314569324255,0.06693287938833237,0.010795407928526402,0.04374680295586586,0.0643954947590828,0.014303778298199177,0.005136372055858374,0.02447577752172947,0.042500659823417664,0.12345245480537415,0.007779035251587629,0.010973078198730946,0.021507006138563156,0.03663710877299309,0.005571386776864529,0.03897585719823837,0.042915571480989456,,,,,,,,,,,,,,,
unknown,画,244,245,345.67,346.17,0.5805664,,0.01543625257909298,0.012035509571433067,0.0620865672826767,0.09612072259187698,0.004974213894456625,0.09148040413856506,0.010556268505752087,0.011781583540141582,0.027023877948522568,0.16636498272418976,0.11916212737560272,0.11613813042640686,0.054619114845991135,0.09813987463712692,0.030924120917916298,0.11588641256093979,0.044092874974012375,0.06221039220690727,0.04711253196001053,0.022157715633511543,0.006956217344850302,0.01168853510171175,0.011893942020833492,0.01692497357726097,0.009148824028670788,0.004487250931560993,0.20891647040843964,0.030114969238638878,0.004451377782970667,0.1366637498140335,0.002274866448715329,0.014528721570968628,0.005313255358487368,0.0012465411564335227,0.16630198061466217,0.07242743670940399,0.007152298465371132,0.05022810772061348,0.005778314080089331,0.0392778180539608,0.0638837143778801,0.017590666189789772,0.0034531881101429462,0.01114304643124342,0.03755641356110573,0.15337643027305603,0.007633166387677193,0.008322914130985737,0.016302034258842468,0.03566721826791763,0.004301433451473713,0.032437313348054886,0.04684649035334587,,,,,,,,,,,,,,,
unknown,食,246,247,350.91815,351.27744,0.9951172,,0.018767034634947777,0.01642214134335518,0.05259539932012558,0.10005990415811539,0.00670629134401679,0.09893251955509186,0.013287665322422981,0.014778301119804382,0.027659021317958832,0.12424937635660172,0.10382633656263351,0.09055829793214798,0.05188864842057228,0.10181526094675064,0.032445237040519714,0.12044186890125275,0.04016217589378357,0.06417591869831085,0.06007715314626694,0.02707839198410511,0.00859160628169775,0.016084348782896996,0.013288728892803192,0.020333873108029366,0.011308910325169563,0.006673756055533886,0.21609242260456085,0.031034136191010475,0.004426572006195784,0.15264736115932465,0.002943002851679921,0.019204823300242424,0.0072234924882650375,0.0016591348685324192,0.15420548617839813,0.09141258895397186,0.012640729546546936,0.06619120389223099,0.008036896586418152,0.0429522804915905,0.08154235035181046,0.02358856424689293,0.0054971007630229,0.01841115951538086,0.039213504642248154,0.15936526656150818,0.009533246979117393,0.01073735672980547,0.022788770496845245,0.04941856488585472,0.005918039940297604,0.037917669862508774,0.05113232880830765,,,,,,,,,,,,,,,
unknown,器,248,249,351.27744,351.77744,0.9970703,,0.015083546750247478,0.012901276350021362,0.05682101473212242,0.09599112719297409,0.0035527541767805815,0.07275205850601196,0.017370978370308876,0.011876472271978855,0.020395126193761826,0.08106622099876404,0.07752057909965515,0.11120621114969254,0.052722152322530746,0.10053194314241409,0.023351682350039482,0.11929427087306976,0.05838824808597565,0.08863669633865356,0.04540305212140083,0.017984913662075996,0.0064115989953279495,0.0150930630043149,0.014615684747695923,0.02324105054140091,0.008790605701506138,0.004188306629657745,0.2764536440372467,0.02640385366976261,0.0030533429235219955,0.21436776220798492,0.0032253810204565525,0.01839221827685833,0.0071881418116390705,0.0013364327605813742,0.1589958518743515,0.09453774988651276,0.009402146562933922,0.06163320317864418,0.005239838734269142,0.04741821438074112,0.06850382685661316,0.026766367256641388,0.0028163765091449022,0.012115264311432838,0.026509830728173256,0.18399930000305176,0.006364643108099699,0.008726621977984905,0.016548970714211464,0.04635211080312729,0.0037776732351630926,0.03514654561877251,0.062443237751722336,,,,,,,,,,,,,,,
unknown,か,250,251,355.70856,355.86826,0.9628906,,0.030538111925125122,0.028130022808909416,0.09347640722990036,0.15282997488975525,0.004641317296773195,0.059774771332740784,0.01108451560139656,0.025707760825753212,0.031179115176200867,0.07881990075111389,0.06750498712062836,0.08165308088064194,0.06787804514169693,0.08662156015634537,0.029497627168893814,0.10168615728616714,0.03394203260540962,0.04782845452427864,0.0301230289041996,0.021550191566348076,0.009869426488876343,0.014600896276533604,0.012062146328389645,0.031230874359607697,0.014829239808022976,0.0062230369076132774,0.20872625708580017,0.05241675302386284,0.0041164495050907135,0.14280083775520325,0.0033824376296252012,0.01659366674721241,0.006165871396660805,0.0026782348286360502,0.13548585772514343,0.1094907894730568,0.0179548691958189,0.07257786393165588,0.008971864357590675,0.0679149180650711,0.051393888890743256,0.011617325246334076,0.006190787069499493,0.013045391999185085,0.05118369311094284,0.13943827152252197,0.012094487436115742,0.011661610566079617,0.017512444406747818,0.04062868654727936,0.005056227091699839,0.032271381467580795,0.05413922294974327,,,,,,,,,,,,,,,
unknown,わ,252,253,355.86826,356.02792,0.9741211,,0.012140926904976368,0.01105597522109747,0.04706453159451485,0.1013844907283783,0.006827140226960182,0.10520803928375244,0.026393964886665344,0.011371675878763199,0.03389279916882515,0.09420155733823776,0.06753319501876831,0.10287116467952728,0.04982627183198929,0.09039802849292755,0.030848722904920578,0.10871919244527817,0.034529633820056915,0.08410221338272095,0.04500319063663483,0.0200092401355505,0.010021335445344448,0.031294457614421844,0.013871915638446808,0.022155269980430603,0.019486520439386368,0.008384468033909798,0.1946633905172348,0.027008945122361183,0.0030186090152710676,0.1301686316728592,0.00492800073698163,0.021384896710515022,0.013740667141973972,0.0024033114314079285,0.09200526028871536,0.07412545382976532,0.009834734722971916,0.04823950305581093,0.01947002112865448,0.07169545441865921,0.06269915401935577,0.024745117872953415,0.0028365368489176035,0.019905874505639076,0.049192242324352264,0.1516505777835846,0.0055988868698477745,0.017006956040859222,0.01744997315108776,0.027983201667666435,0.005803982727229595,0.10113108158111572,0.06871406733989716,,,,,,,,,,,,,,,
unknown,い,254,255,356.02792,356.14767,0.6401367,,0.011464924551546574,0.011337618343532085,0.04781948775053024,0.12776871025562286,0.004870989825576544,0.08146078139543533,0.027606921270489693,0.012035025283694267,0.048000071197748184,0.09847921878099442,0.06506102532148361,0.12078782171010971,0.06668361276388168,0.11731094121932983,0.02672361582517624,0.08161866664886475,0.04009878262877464,0.08662381023168564,0.03844961151480675,0.019315600395202637,0.008717196993529797,0.028316302224993706,0.018671102821826935,0.02420215494930744,0.024637073278427124,0.009796996600925922,0.19150996208190918,0.03679724037647247,0.0033640835899859667,0.12902845442295074,0.005567129235714674,0.01264427974820137,0.014437651261687279,0.002630358561873436,0.10903380811214447,0.0645238608121872,0.010265522636473179,0.06134682893753052,0.0162613894790411,0.05544396489858627,0.07502587884664536,0.01811891235411167,0.005182345397770405,0.018236810341477394,0.04923843592405319,0.11560077965259552,0.01167971733957529,0.019128257408738136,0.017686991021037102,0.02838282100856304,0.0067025600001215935,0.08889299631118774,0.0544859953224659,,,,,,,,,,,,,,,
unknown,い,256,257,356.14767,356.64767,0.87060547,,0.010305219329893589,0.010756682604551315,0.0407806858420372,0.14305312931537628,0.004756978712975979,0.08893744647502899,0.025511259213089943,0.010100843384861946,0.055952318012714386,0.11184228956699371,0.06549964845180511,0.11275345087051392,0.068862184882164,0.11530301719903946,0.026379838585853577,0.07653146982192993,0.04401061683893204,0.07773831486701965,0.04217049852013588,0.02062583900988102,0.009389316663146019,0.027074700221419334,0.01920015551149845,0.020537707954645157,0.029783086851239204,0.009794380515813828,0.17275814712047577,0.03306214138865471,0.0033764392137527466,0.11386334151029587,0.005012608598917723,0.010540865361690521,0.017533322796225548,0.0024667957331985235,0.11472491919994354,0.05921780318021774,0.010777320712804794,0.0648781955242157,0.015893757343292236,0.049517951905727386,0.08187408745288849,0.01610228791832924,0.005684497766196728,0.01768188737332821,0.049386002123355865,0.10954340547323227,0.013870010152459145,0.021646462380886078,0.019266193732619286,0.028850870206952095,0.006777542643249035,0.08787916600704193,0.045086778700351715,,,,,,,,,,,,,,,
unknown,馬,258,259,363.34875,363.84875,0.8984375,,0.007293970789760351,0.007117033004760742,0.030449874699115753,0.14742714166641235,0.005282602272927761,0.11364519596099854,0.017053205519914627,0.0073414091020822525,0.05803651735186577,0.11901851743459702,0.09785721451044083,0.13592563569545746,0.1383112221956253,0.1308664232492447,0.030234545469284058,0.06224311515688896,0.056079406291246414,0.06604360044002533,0.02810337394475937,0.021915577352046967,0.007789288647472858,0.014060531742870808,0.022781826555728912,0.009792611002922058,0.015090185217559338,0.004838381428271532,0.16617493331432343,0.02591826766729355,0.0031665817368775606,0.09631906449794769,0.0033225526567548513,0.00892692245543003,0.007780091837048531,0.0015576931182295084,0.22086502611637115,0.040739282965660095,0.005006455350667238,0.04014258459210396,0.004925485700368881,0.026132602244615555,0.052788086235523224,0.010207279585301876,0.003273916430771351,0.006044507026672363,0.08086518198251724,0.08303947746753693,0.009861131198704243,0.00872162077575922,0.019890805706381798,0.032671861350536346,0.00459908926859498,0.02606845460832119,0.024168835952878,,,,,,,,,,,,,,,
unknown,将,260,261,368.70096,368.9406,0.99902344,,0.00952574796974659,0.014359829016029835,0.037064533680677414,0.20812000334262848,0.008692323230206966,0.07168827205896378,0.02406487613916397,0.011377966031432152,0.05505366250872612,0.08090084791183472,0.05952734500169754,0.07090876251459122,0.06787070631980896,0.07153405994176865,0.02961559407413006,0.08176569640636444,0.07981263846158981,0.0828782394528389,0.02615274116396904,0.01570473611354828,0.008639206178486347,0.02714587189257145,0.012709134258329868,0.05187945440411568,0.01913054846227169,0.009702999144792557,0.3023521900177002,0.036774151027202606,0.0044559296220541,0.24544519186019897,0.00643035676330328,0.009836779907345772,0.012742385268211365,0.003940775524824858,0.09759972244501114,0.1303367018699646,0.013991420157253742,0.05945979803800583,0.017806965857744217,0.057035885751247406,0.04542224854230881,0.012341461144387722,0.007642797660082579,0.016435855999588966,0.08194772154092789,0.11096242070198059,0.015623926185071468,0.014607973396778107,0.017747338861227036,0.029324322938919067,0.007352340035140514,0.03406680002808571,0.06569597870111465,,,,,,,,,,,,,,,
unknown,来,262,263,368.9406,369.4406,0.9995117,,0.009283159859478474,0.017040587961673737,0.04224487766623497,0.27390316128730774,0.0041639478877186775,0.03850089758634567,0.01896888203918934,0.009376504458487034,0.06830409914255142,0.0403447188436985,0.07397834211587906,0.07854726165533066,0.08266472071409225,0.08049032837152481,0.02192508988082409,0.07056756317615509,0.06772028654813766,0.09588292241096497,0.01203326229006052,0.0088883638381958,0.0037157409824430943,0.01455589197576046,0.013370555825531483,0.0408826544880867,0.016889898106455803,0.010689372196793556,0.3515660762786865,0.03739243000745773,0.003579068463295698,0.23898227512836456,0.004890058189630508,0.011271034367382526,0.011406457982957363,0.002472849329933524,0.14431561529636383,0.13998498022556305,0.021058136597275734,0.055299147963523865,0.007625662721693516,0.04960598424077034,0.04000275954604149,0.00949910655617714,0.012555762194097042,0.008524615317583084,0.09615083783864975,0.09525146335363388,0.016185833141207695,0.009861646220088005,0.012445463798940182,0.028629131615161896,0.011157557368278503,0.010853678919374943,0.053001437336206436,,,,,,,,,,,,,,,
unknown,牛,264,265,374.53247,374.81204,0.9580078,,0.009083202108740807,0.017587654292583466,0.031999874860048294,0.3197692930698395,0.0032514564227312803,0.05058109760284424,0.019021684303879738,0.009396972134709358,0.0799054279923439,0.08894971758127213,0.0740514025092125,0.06871627271175385,0.11914260685443878,0.06482069939374924,0.01884559541940689,0.08765698969364166,0.05903569236397743,0.07022742927074432,0.015983644872903824,0.00781866442412138,0.003234417177736759,0.012854497879743576,0.014992190524935722,0.04055894911289215,0.022797206416726112,0.005080937407910824,0.30723604559898376,0.03491964936256409,0.0030384985730051994,0.27300208806991577,0.003493371419608593,0.011913388036191463,0.012219185940921307,0.0013162418035790324,0.14138740301132202,0.1555057317018509,0.019220968708395958,0.041462838649749756,0.004471136257052422,0.05291547626256943,0.03456985205411911,0.011667728424072266,0.00982169434428215,0.007180424872785807,0.08504759520292282,0.11222530156373978,0.017685171216726303,0.010344268754124641,0.012679391540586948,0.03664040192961693,0.0051606763154268265,0.024686096236109734,0.04955892264842987,,,,,,,,,,,,,,,
unknown,乳,266,267,374.81204,375.31204,0.9951172,,0.01532897911965847,0.02162119559943676,0.049990516155958176,0.2981221079826355,0.0062372758984565735,0.08775430172681808,0.01352386362850666,0.01397597137838602,0.052544865757226944,0.06428617238998413,0.07394342124462128,0.09729606658220291,0.10864797234535217,0.08083668351173401,0.028073450550436974,0.06680361181497574,0.04623490571975708,0.07652009278535843,0.019304322078824043,0.016005968675017357,0.0059274593368172646,0.013305838219821453,0.01293497160077095,0.02197076566517353,0.02056882530450821,0.005353458691388369,0.24681663513183594,0.03704296052455902,0.0036679687909781933,0.17662465572357178,0.0033985155168920755,0.01297987625002861,0.008394148200750351,0.00199216534383595,0.15470390021800995,0.10860224068164825,0.015379756689071655,0.06876246631145477,0.004543172661215067,0.062099162489175797,0.05789288133382797,0.009383441880345345,0.006678129080682993,0.006745492573827505,0.08677582442760468,0.1056499183177948,0.011660529300570488,0.009532748721539974,0.016576291993260384,0.04164896532893181,0.005298534873872995,0.01192556507885456,0.050457537174224854,,,,,,,,,,,,,,,
unknown,教,268,269,381.9365,382.17612,0.9267578,,0.01663779653608799,0.022795019671320915,0.04436972737312317,0.2771127223968506,0.009588968008756638,0.09657103568315506,0.010161024518311024,0.014494495466351509,0.04943474009633064,0.03575284779071808,0.04200940206646919,0.06319121271371841,0.08687737584114075,0.060617804527282715,0.03549347445368767,0.05911111459136009,0.06432828307151794,0.09182039648294449,0.02544208988547325,0.02228129468858242,0.008603262715041637,0.0111415795981884,0.012380486354231834,0.031421463936567307,0.022922730073332787,0.004456639755517244,0.32778385281562805,0.03281794860959053,0.0059875077567994595,0.26335400342941284,0.002483499003574252,0.014727960340678692,0.01335061900317669,0.001999038504436612,0.15398278832435608,0.12294365465641022,0.014688637107610703,0.03858272731304169,0.00323241064324975,0.0873929038643837,0.058261532336473465,0.008653933182358742,0.00628221221268177,0.006439623888581991,0.09815353900194168,0.12234453111886978,0.015060754492878914,0.013171319849789143,0.021923305466771126,0.056546714156866074,0.004877165891230106,0.005568967666476965,0.0716693177819252,,,,,,,,,,,,,,,
unknown,会,270,271,382.17612,382.67612,0.9448242,,0.01618373766541481,0.017092827707529068,0.039611849933862686,0.21134889125823975,0.008557504042983055,0.09803930670022964,0.01604645885527134,0.013531981967389584,0.050768621265888214,0.04348670691251755,0.050441253930330276,0.08931336551904678,0.09788530319929123,0.09413310140371323,0.034698743373155594,0.044649992138147354,0.05560972914099693,0.11772211641073227,0.034154172986745834,0.025876358151435852,0.00785920862108469,0.014301099814474583,0.02203017845749855,0.018508180975914,0.021041681990027428,0.005848485045135021,0.2946842908859253,0.03175472468137741,0.006847412325441837,0.216578871011734,0.00401513883844018,0.011693378910422325,0.013709548860788345,0.0019130288856104016,0.19914311170578003,0.07617481797933578,0.009643517434597015,0.021750006824731827,0.003112300531938672,0.055466827005147934,0.06906890869140625,0.0069094751961529255,0.005173622630536556,0.008287266828119755,0.09702032804489136,0.08615066856145859,0.012143119238317013,0.014484891667962074,0.02205684594810009,0.04345366731286049,0.006586415693163872,0.006913259159773588,0.04520532116293907,,,,,,,,,,,,,,,
unknown,海,272,273,387.16867,387.66867,0.98828125,,0.028200384229421616,0.02960345335304737,0.07575197517871857,0.22400134801864624,0.008723021484911442,0.11000669747591019,0.012768805958330631,0.020676394924521446,0.06221327930688858,0.041269298642873764,0.040261831134557724,0.04352560266852379,0.09189736098051071,0.09669950604438782,0.031810298562049866,0.03756995126605034,0.11411344259977341,0.05727477744221687,0.05970678851008415,0.034045517444610596,0.011177990585565567,0.014899345114827156,0.020352380350232124,0.019341396167874336,0.03114313632249832,0.006794906686991453,0.24487856030464172,0.04533036798238754,0.02087348885834217,0.16434137523174286,0.0030828940216451883,0.008652693592011929,0.016477344557642937,0.0021127527579665184,0.19857598841190338,0.07813949137926102,0.012924871407449245,0.0471002496778965,0.004217600449919701,0.04144925996661186,0.07151519507169724,0.0050186170265078545,0.011210288852453232,0.01625950075685978,0.08991281688213348,0.07298673689365387,0.034459736198186874,0.022237274795770645,0.027765579521656036,0.04774345085024834,0.007092735730111599,0.005845584906637669,0.024954020977020264,,,,,,,,,,,,,,,
unknown,楽,274,275,393.34003,393.46002,1.0,,0.024014422670006752,0.03186286613345146,0.052014704793691635,0.2289344221353531,0.011541126295924187,0.08869880437850952,0.011138217523694038,0.018497776240110397,0.042166635394096375,0.028525860980153084,0.03865564242005348,0.03950272127985954,0.08686073869466782,0.0747666284441948,0.033193573355674744,0.04416154325008392,0.12910252809524536,0.07398129999637604,0.034403759986162186,0.02512185275554657,0.007712095510214567,0.01056448370218277,0.018163321539759636,0.03601060062646866,0.012960906140506268,0.004808415193110704,0.39714643359184265,0.040346596390008926,0.016205355525016785,0.3283051550388336,0.002905254950746894,0.009055853821337223,0.008635865524411201,0.001703853253275156,0.2630341053009033,0.1356876641511917,0.018281539902091026,0.024622851982712746,0.0026663693133741617,0.04264888912439346,0.044352952390909195,0.004587107803672552,0.015158494003117085,0.007763340603560209,0.07863686233758926,0.08529754728078842,0.04052911326289177,0.009964278899133205,0.02414277009665966,0.0587177649140358,0.005627544596791267,0.003526872955262661,0.03354429826140404,,,,,,,,,,,,,,,
unknown,し,276,277,393.46002,393.58002,1.0,,0.01550806313753128,0.021552110090851784,0.04389428719878197,0.25009751319885254,0.007770352531224489,0.07951129227876663,0.010142546147108078,0.01367274485528469,0.0571773499250412,0.03989056497812271,0.043355848640203476,0.04487694054841995,0.12382389605045319,0.10404857993125916,0.0394674688577652,0.027169665321707726,0.08375310152769089,0.05514221265912056,0.027586862444877625,0.03167492523789406,0.009073234163224697,0.0077377608977258205,0.02668878063559532,0.019495544955134392,0.01246712263673544,0.004100622609257698,0.3244628310203552,0.03850246220827103,0.01305017527192831,0.2580234706401825,0.002606308553367853,0.00480451388284564,0.007856834679841995,0.001556688454002142,0.302344411611557,0.09172754734754562,0.011626126244664192,0.020397735759615898,0.001395908067934215,0.02347596548497677,0.047588642686605453,0.002200260991230607,0.012004236690700054,0.005463722161948681,0.11446212232112885,0.045730650424957275,0.029904477298259735,0.010065603069961071,0.021609395742416382,0.04050714895129204,0.005011212080717087,0.003045621095225215,0.0165150985121727,,,,,,,,,,,,,,,
unknown,く,278,279,393.58002,393.7,0.9995117,,0.010387578047811985,0.013256508857011795,0.0349167101085186,0.275043249130249,0.008422554470598698,0.10998886823654175,0.011944252997636795,0.010713201947510242,0.08581816405057907,0.054667890071868896,0.03692919388413429,0.040825456380844116,0.1575285643339157,0.12531046569347382,0.05084868520498276,0.01785949617624283,0.050145648419857025,0.04095585644245148,0.037443481385707855,0.050637513399124146,0.013050813227891922,0.00906483456492424,0.04030877724289894,0.011133965104818344,0.02179538644850254,0.004971762653440237,0.2332477569580078,0.03227626904845238,0.015410009771585464,0.1651928573846817,0.002796231536194682,0.002924582688137889,0.014238688163459301,0.0017284778878092766,0.26000121235847473,0.059521693736314774,0.006803272292017937,0.014920484274625778,0.0013507450930774212,0.01756967417895794,0.05887593701481819,0.0013910740381106734,0.007372421212494373,0.006462740711867809,0.18062631785869598,0.026987042278051376,0.018434418365359306,0.017935700714588165,0.025648456066846848,0.02920594811439514,0.005947586614638567,0.004316659178584814,0.009984182193875313,,,,,,,,,,,,,,,
unknown,な,280,281,393.7,393.78003,0.99560547,,0.012451362796127796,0.0156512800604105,0.04150744155049324,0.2884114682674408,0.008362396620213985,0.10920888185501099,0.00923275575041771,0.013476626947522163,0.06876609474420547,0.04944509640336037,0.05628686025738716,0.049077264964580536,0.16245710849761963,0.11224934458732605,0.045219145715236664,0.023034166544675827,0.049640364944934845,0.035383205860853195,0.028918694704771042,0.04267421364784241,0.011957255192101002,0.008033987134695053,0.03476584702730179,0.012837810441851616,0.01607842743396759,0.004385343752801418,0.19388447701931,0.03853268548846245,0.011472546495497227,0.12946081161499023,0.0026551519986242056,0.003829482477158308,0.006674595642834902,0.0019275840604677796,0.2621062994003296,0.06287546455860138,0.009482525289058685,0.01900525577366352,0.0015918825520202518,0.015289273113012314,0.05721434950828552,0.002226403448730707,0.013110856525599957,0.004375287797302008,0.17090608179569244,0.03510430082678795,0.03113567642867565,0.010388785041868687,0.03130051866173744,0.04624653980135918,0.005337739363312721,0.005000193137675524,0.011489779688417912,,,,,,,,,,,,,,,
unknown,い,282,283,393.78003,394.28003,0.9995117,,0.008855734020471573,0.01030510850250721,0.03281231224536896,0.25575292110443115,0.005010128952562809,0.08712122589349747,0.008320674300193787,0.009462613612413406,0.07097781449556351,0.0607631653547287,0.0818139910697937,0.06534954905509949,0.19244961440563202,0.1226721704006195,0.03842439502477646,0.02802031859755516,0.03517701104283333,0.03342961519956589,0.01874331571161747,0.03183353692293167,0.008413679897785187,0.005802571307867765,0.03619762882590294,0.008679702877998352,0.013111035339534283,0.0033210148103535175,0.16761255264282227,0.03040141426026821,0.006216668989509344,0.10087937116622925,0.0020724341738969088,0.0036064155865460634,0.0059267934411764145,0.001221494865603745,0.28771498799324036,0.050646454095840454,0.006404168903827667,0.015290691517293453,0.0009898125426843762,0.014565102756023407,0.05410434305667877,0.0024768731091171503,0.007109876722097397,0.002638690173625946,0.13718408346176147,0.03758731484413147,0.016876306384801865,0.007960506714880466,0.02373438887298107,0.041275445371866226,0.004488997161388397,0.005167290568351746,0.01077825203537941,,,,,,,,,,,,,,,
unknown,洋,284,285,400.46002,400.7,0.87402344,,0.008638055063784122,0.011348315514624119,0.03343837335705757,0.1570766419172287,0.005164976231753826,0.10831207036972046,0.015544905327260494,0.008950446732342243,0.09559495002031326,0.09904521703720093,0.09728660434484482,0.06530886143445969,0.15673671662807465,0.14575444161891937,0.035101134330034256,0.03110276348888874,0.040068089962005615,0.036264583468437195,0.03034260682761669,0.0344298779964447,0.00817299634218216,0.009295620955526829,0.03760777786374092,0.006446775980293751,0.020867880433797836,0.004492809996008873,0.16243447363376617,0.028517503291368484,0.007994777522981167,0.10273077338933945,0.002897496335208416,0.005062323994934559,0.014985871501266956,0.0011412424501031637,0.26733067631721497,0.044834792613983154,0.006777179893106222,0.019648877903819084,0.0013998323120176792,0.01602497696876526,0.07709242403507233,0.003157371189445257,0.006143355276435614,0.005851504858583212,0.10486998409032822,0.03503736853599548,0.010905872099101543,0.015032505616545677,0.02112390100955963,0.03146127611398697,0.005785651970654726,0.00974902231246233,0.00896760169416666,,,,,,,,,,,,,,,
unknown,服,286,287,400.7,401.2,0.9848633,,0.01052191760390997,0.013090313412249088,0.050638750195503235,0.21282944083213806,0.005203251726925373,0.07937470823526382,0.011325019411742687,0.011982721276581287,0.06432633846998215,0.061392683535814285,0.06935667246580124,0.09096486866474152,0.12477809190750122,0.14380823075771332,0.037425462156534195,0.03136545419692993,0.053895846009254456,0.05553827062249184,0.018762288615107536,0.02958579547703266,0.008244173601269722,0.007194078527390957,0.030674844980239868,0.011922590434551239,0.017242152243852615,0.0031795944087207317,0.24155603349208832,0.04149175062775612,0.006896856240928173,0.1600039005279541,0.002640177495777607,0.006761522497981787,0.008531549945473671,0.0014849440194666386,0.311006635427475,0.05495429411530495,0.006815758533775806,0.032359275966882706,0.0009373940993100405,0.0199631005525589,0.06815002113580704,0.003347551915794611,0.008057263679802418,0.0032802389468997717,0.10395517945289612,0.04739316552877426,0.020174697041511536,0.010149476118385792,0.0188077911734581,0.0452733114361763,0.003750078147277236,0.0065744658932089806,0.015804585069417953,,,,,,,,,,,,,,,
unknown,ご,288,289,407.23254,407.35236,0.4567871,,0.010946049354970455,0.013955051079392433,0.049776654690504074,0.23956149816513062,0.005343031138181686,0.08851540088653564,0.011982394382357597,0.012266377918422222,0.07381994277238846,0.06701929122209549,0.055623382329940796,0.08252117037773132,0.14433051645755768,0.131062313914299,0.03375319391489029,0.02523643709719181,0.05145752802491188,0.05250821262598038,0.02100410684943199,0.029718510806560516,0.007508984301239252,0.007883031852543354,0.03448184207081795,0.011190599761903286,0.019827742129564285,0.0028463753405958414,0.2523336410522461,0.0426880307495594,0.007434474304318428,0.16881200671195984,0.0028296089731156826,0.005277787335216999,0.007988346740603447,0.0014666169881820679,0.3062184751033783,0.05623376742005348,0.00695713609457016,0.03253840655088425,0.0009925148915499449,0.018222210928797722,0.06508705765008926,0.0024046306498348713,0.008669166825711727,0.003476551501080394,0.10331863164901733,0.03803683817386627,0.019896991550922394,0.01021813414990902,0.021765829995274544,0.048579249531030655,0.0031969191040843725,0.006522017065435648,0.01326235756278038,,,,,,,,,,,,,,,
unknown,ま,290,291,407.35236,407.85236,0.53222656,,0.013775570318102837,0.017518620938062668,0.05880148708820343,0.24571208655834198,0.004071560688316822,0.06620891392230988,0.007040275726467371,0.01423107273876667,0.055872395634651184,0.04685928300023079,0.060031794011592865,0.08252477645874023,0.17000503838062286,0.12934960424900055,0.030327914282679558,0.02242567390203476,0.045605674386024475,0.051723361015319824,0.0133765684440732,0.021696876734495163,0.004597996361553669,0.004647993948310614,0.0302748940885067,0.010984072461724281,0.010084201581776142,0.0021412924397736788,0.2690180540084839,0.048991501331329346,0.007096907123923302,0.1698075383901596,0.0017878578510135412,0.005428244359791279,0.0032769334502518177,0.000943254679441452,0.35178664326667786,0.06399375945329666,0.008617301471531391,0.032909125089645386,0.0006126490770839155,0.015564950183033943,0.04861718416213989,0.001768314279615879,0.012431842274963856,0.0021426640450954437,0.1012999415397644,0.03363040089607239,0.022035634145140648,0.004975023679435253,0.017103973776102066,0.050442203879356384,0.002643100218847394,0.00353547022677958,0.012278643436729908,,,,,,,,,,,,,,,
unknown,士,292,293,411.26648,411.42624,0.36889648,,0.021233605220913887,0.02976962924003601,0.06921367347240448,0.23082369565963745,0.004918648861348629,0.06300614029169083,0.009517716243863106,0.016318852081894875,0.052284032106399536,0.04268341511487961,0.05202056095004082,0.08673393726348877,0.11631157249212265,0.08888337016105652,0.027387894690036774,0.027021974325180054,0.07802338153123856,0.0774364098906517,0.011051063425838947,0.01706506498157978,0.004251197911798954,0.006296727806329727,0.020447541028261185,0.01654139533638954,0.009901732206344604,0.00237636873498559,0.3714449107646942,0.053238097578287125,0.00729798711836338,0.24451667070388794,0.0024876489769667387,0.009402032941579819,0.0033248926047235727,0.0011183787137269974,0.3392786979675293,0.08117431402206421,0.013502324000000954,0.030713746324181557,0.00085462536662817,0.02330504171550274,0.0386253297328949,0.0021797516383230686,0.014224512502551079,0.002320111496374011,0.08221931755542755,0.04557007551193237,0.027941076084971428,0.004646328743547201,0.012643381953239441,0.04626661539077759,0.0029054617043584585,0.003872473491355777,0.01746855303645134,,,,,,,,,,,,,,,
unknown,別,294,295,411.42624,411.92624,0.9892578,,0.03319967910647392,0.046055685728788376,0.10550665110349655,0.22157472372055054,0.006758715491741896,0.0658445656299591,0.00705548282712698,0.028279932215809822,0.035377055406570435,0.02927914261817932,0.03680995851755142,0.061723846942186356,0.0797717496752739,0.06901003420352936,0.027139805257320404,0.03181660920381546,0.08799003809690475,0.06974737346172333,0.01343427412211895,0.017176296561956406,0.004588230513036251,0.006164852064102888,0.011548069305717945,0.03434472903609276,0.008801895193755627,0.002161086304113269,0.42219260334968567,0.07150276750326157,0.011919043958187103,0.3421085774898529,0.0021068474743515253,0.010327708907425404,0.003053390420973301,0.0013922157231718302,0.28562259674072266,0.11829748749732971,0.017270926386117935,0.040928009897470474,0.0011581708677113056,0.03941144049167633,0.0384046845138073,0.0029683252796530724,0.01959143951535225,0.0030696990434080362,0.07062412053346634,0.06515811383724213,0.04335767775774002,0.004869675729423761,0.015059956349432468,0.061255812644958496,0.002383212558925152,0.0030598104931414127,0.030911751091480255,,,,,,,,,,,,,,,
unknown,唇,296,297,416.2989,416.7989,0.9975586,,0.03611430525779724,0.054814666509628296,0.07699436694383621,0.21790499985218048,0.00883568823337555,0.05271032452583313,0.006636219564825296,0.028872154653072357,0.030621809884905815,0.012882599607110023,0.03376477211713791,0.03674635663628578,0.08145458996295929,0.09450100362300873,0.03095587156713009,0.021411599591374397,0.11072977632284164,0.05907895416021347,0.020282680168747902,0.023203952237963676,0.006482446566224098,0.007470376323908567,0.014605212025344372,0.03241565823554993,0.007365844212472439,0.0047145807184278965,0.3347597122192383,0.06822927296161652,0.0169315617531538,0.25867560505867004,0.002705669030547142,0.008540871553122997,0.0041417526081204414,0.0022496404126286507,0.30869898200035095,0.10718278586864471,0.03302736580371857,0.06258663535118103,0.0019405443454161286,0.023799747228622437,0.03720603510737419,0.002346182009205222,0.0456453301012516,0.0074434103444218636,0.0971197783946991,0.04343554005026817,0.08225719630718231,0.00642536673694849,0.020827675238251686,0.04798273742198944,0.005236948374658823,0.0020753368735313416,0.019034406170248985,,,,,,,,,,,,,,,
unknown,欲,298,299,423.95,424.39,0.546875,,0.023486919701099396,0.03492361307144165,0.06376179307699203,0.2964038848876953,0.011682463809847832,0.07536859810352325,0.010232961736619473,0.02478761412203312,0.0442800335586071,0.012737834826111794,0.02769334800541401,0.029172029346227646,0.12012746185064316,0.12538430094718933,0.03787399083375931,0.014731379225850105,0.14298145473003387,0.03777671605348587,0.040217962116003036,0.041567616164684296,0.013429178856313229,0.014213415794074535,0.025847312062978745,0.028973495587706566,0.013575713150203228,0.0076973214745521545,0.2091076672077179,0.06338214874267578,0.021446093916893005,0.156600683927536,0.005385756026953459,0.005153254140168428,0.007824239321053028,0.005558216944336891,0.24432341754436493,0.0742027759552002,0.024451076984405518,0.07344216108322144,0.004354959819465876,0.011838825419545174,0.06393272429704666,0.0024819711688905954,0.04917968809604645,0.013255550526082516,0.16746050119400024,0.030849697068333626,0.10817331075668335,0.012278994545340538,0.04275402054190636,0.049434639513492584,0.007313213311135769,0.0027195410802960396,0.011823086999356747,,,,,,,,,,,,,,,
unknown,る,300,301,424.39,424.89,0.9550781,,0.024149784818291664,0.029291272163391113,0.0698508620262146,0.2600857615470886,0.009548060595989227,0.07613598555326462,0.008394909091293812,0.022901277989149094,0.040842749178409576,0.016108131036162376,0.033300843089818954,0.03740626201033592,0.1175796166062355,0.1146572008728981,0.032569196075201035,0.01819148287177086,0.10951564460992813,0.049538884311914444,0.03245636448264122,0.031195051968097687,0.008591248653829098,0.009960566647350788,0.020638978108763695,0.024403691291809082,0.010828780010342598,0.005881621968001127,0.2837636172771454,0.05256911739706993,0.0205918550491333,0.20409376919269562,0.0031001768074929714,0.005754520650953054,0.006105483043938875,0.0027438716497272253,0.3104454576969147,0.07915928214788437,0.015227213501930237,0.04697810113430023,0.002638939768075943,0.017491154372692108,0.05174649879336357,0.002596683334559202,0.025004306808114052,0.008954151533544064,0.12499668449163437,0.03834010660648346,0.061865564435720444,0.008895499631762505,0.03286104276776314,0.05374455079436302,0.006169235799461603,0.0027400541584938765,0.015317882411181927,,,,,,,,,,,,,,,
unknown,ま,302,303,427.35,427.39,0.9863281,,0.023793773725628853,0.028187904506921768,0.0749695748090744,0.28870415687561035,0.009081379510462284,0.07503894716501236,0.007810122799128294,0.024231040850281715,0.05059000849723816,0.021473359316587448,0.026187019422650337,0.030593406409025192,0.1192721351981163,0.10662376880645752,0.03548877686262131,0.01729346625506878,0.09178487956523895,0.03844645246863365,0.034895576536655426,0.03177892044186592,0.010163151659071445,0.009292486123740673,0.02214842103421688,0.02583041787147522,0.015237749554216862,0.004850573372095823,0.25545501708984375,0.057407185435295105,0.02479805424809456,0.1932036429643631,0.0027508120983839035,0.005144362337887287,0.006813867948949337,0.0027316680643707514,0.25448882579803467,0.08336932957172394,0.013271021656692028,0.054575368762016296,0.0027535734698176384,0.019270027056336403,0.045404575765132904,0.0020849076099693775,0.024122975766658783,0.009468699805438519,0.14980754256248474,0.03391421586275101,0.06368929892778397,0.011863293126225471,0.031096113845705986,0.04897860065102577,0.004644764121621847,0.003915511537343264,0.01515843067318201,,,,,,,,,,,,,,,
unknown,あ,304,305,427.39,427.89,0.5678711,,0.02320016175508499,0.030889621004462242,0.08045848459005356,0.34132373332977295,0.008035260252654552,0.0658358708024025,0.007519389037042856,0.022412395104765892,0.0670669749379158,0.024560390040278435,0.027979271486401558,0.030313199386000633,0.09533429890871048,0.09314720332622528,0.03653499484062195,0.02240641601383686,0.07943417876958847,0.03667306527495384,0.024290157482028008,0.02785334177315235,0.010629957541823387,0.007858311757445335,0.01825607940554619,0.0323893204331398,0.021779075264930725,0.004769975785166025,0.28228509426116943,0.061135631054639816,0.020592207089066505,0.22206717729568481,0.0024476167745888233,0.006456315983086824,0.008342686109244823,0.0026599597185850143,0.25783583521842957,0.10606586188077927,0.016874896362423897,0.05211496725678444,0.0023627388291060925,0.024951886385679245,0.04452057555317879,0.002321883337572217,0.030947009101510048,0.0066619375720620155,0.16282059252262115,0.043828509747982025,0.08518264442682266,0.013583392836153507,0.0258160550147295,0.05338110774755478,0.004438171628862619,0.004323737230151892,0.017532221972942352,,,,,,,,,,,,,,,
unknown,嬉,306,307,438.152,438.35156,0.72753906,,0.03499005362391472,0.03356510400772095,0.10283122956752777,0.26645752787590027,0.008759274147450924,0.07512181252241135,0.013276039622724056,0.03164612874388695,0.09369459003210068,0.02953455224633217,0.032781314104795456,0.037062227725982666,0.08380217105150223,0.12221121042966843,0.04327961057424545,0.026010170578956604,0.06846140325069427,0.039370112121105194,0.038052208721637726,0.04047434777021408,0.018150992691516876,0.01463934127241373,0.02293240651488304,0.02646300196647644,0.04716040939092636,0.012237826362252235,0.20008809864521027,0.06821496784687042,0.031798750162124634,0.1334563046693802,0.004368631634861231,0.009023922495543957,0.017763463780283928,0.004787661600857973,0.1803871989250183,0.07907383143901825,0.015849310904741287,0.06922943145036697,0.00630020210519433,0.034317657351493835,0.08604223281145096,0.005051033105701208,0.027339249849319458,0.015580752864480019,0.17178206145763397,0.04929612949490547,0.07403955608606339,0.033781301230192184,0.03065376542508602,0.054294928908348083,0.011093426495790482,0.008722268976271152,0.021840455010533333,,,,,,,,,,,,,,,
unknown,し,308,309,438.35156,438.47128,0.99316406,,0.024537330493330956,0.027309512719511986,0.08503937721252441,0.2482496052980423,0.005540760233998299,0.05882631614804268,0.011406210251152515,0.02281242422759533,0.0804855078458786,0.04314794763922691,0.04421231895685196,0.04516741633415222,0.08028969913721085,0.14845848083496094,0.03624098375439644,0.03399164602160454,0.06225592643022537,0.043158311396837234,0.041193556040525436,0.0364057719707489,0.014397517777979374,0.013089388608932495,0.02309403382241726,0.023864537477493286,0.041237711906433105,0.010590745136141777,0.18880613148212433,0.06342972069978714,0.016722531989216805,0.12411460280418396,0.0037569659762084484,0.007904465310275555,0.021047623828053474,0.003636212320998311,0.17575836181640625,0.07586619257926941,0.017546210438013077,0.1167244017124176,0.005206405650824308,0.03286176919937134,0.09736303985118866,0.005472696386277676,0.024979842826724052,0.019130071625113487,0.12421845644712448,0.054559484124183655,0.061278022825717926,0.03414617106318474,0.02415323443710804,0.04080086573958397,0.009519525803625584,0.012816762551665306,0.023084094747900963,,,,,,,,,,,,,,,
unknown,い,310,311,438.47128,438.55112,0.99658203,,0.02212551049888134,0.02262883074581623,0.07503081858158112,0.23933307826519012,0.006881302688270807,0.0694204568862915,0.012044337578117847,0.019745567813515663,0.07509753853082657,0.04059058427810669,0.050554804503917694,0.056006815284490585,0.08852344751358032,0.16661036014556885,0.043585579842329025,0.039952352643013,0.052380822598934174,0.05426976829767227,0.039239514619112015,0.04357755184173584,0.01642552576959133,0.013819532468914986,0.026509946212172508,0.02316387929022312,0.03744589537382126,0.011093126609921455,0.1779531091451645,0.05724204331636429,0.013488507829606533,0.11062198132276535,0.003997545689344406,0.008357037790119648,0.018960444256663322,0.003721205983310938,0.17313571274280548,0.06909196078777313,0.016045819967985153,0.08919074386358261,0.005476087331771851,0.03999431058764458,0.11138848215341568,0.007280370686203241,0.02215692773461342,0.016461119055747986,0.13310429453849792,0.06716281920671463,0.05978293716907501,0.031733181327581406,0.024386288598179817,0.04164828360080719,0.01001080684363842,0.013559296727180481,0.029740696772933006,,,,,,,,,,,,,,,
unknown,怖,312,313,442.14307,442.38254,0.28637695,,0.024576369673013687,0.019574344158172607,0.08508235216140747,0.242281973361969,0.008477381430566311,0.05949462577700615,0.018853988498449326,0.024136435240507126,0.060680046677589417,0.019430844113230705,0.03440970927476883,0.06461310386657715,0.11498116701841354,0.15899312496185303,0.0406302735209465,0.03163560479879379,0.054734356701374054,0.06270691752433777,0.03395117446780205,0.044483669102191925,0.017370004206895828,0.019095368683338165,0.03265601024031639,0.02796492911875248,0.0301526989787817,0.006786246784031391,0.2057931125164032,0.0628141239285469,0.01147058792412281,0.15314656496047974,0.011188414879143238,0.006169342435896397,0.00994898471981287,0.008618244901299477,0.18522880971431732,0.057990945875644684,0.009271372109651566,0.07999155670404434,0.005266677588224411,0.047199297696352005,0.09705650061368942,0.006580710876733065,0.013810090720653534,0.011694415472447872,0.11622118949890137,0.06916350871324539,0.050644151866436005,0.022954415529966354,0.031109806150197983,0.049967873841524124,0.005577955394983292,0.005761653650552034,0.04169037565588951,,,,,,,,,,,,,,,
unknown,犬,314,315,442.38254,442.88254,0.96777344,,0.019737964496016502,0.020017430186271667,0.05830850824713707,0.2069208323955536,0.014788304455578327,0.07967795431613922,0.03968418389558792,0.0202992744743824,0.04965181276202202,0.0299675315618515,0.03547197952866554,0.07425986975431442,0.08965936303138733,0.13472017645835876,0.04552290588617325,0.03762946277856827,0.06426062434911728,0.08783843368291855,0.03780854493379593,0.04111446812748909,0.01648845337331295,0.035764873027801514,0.02864328771829605,0.03395640477538109,0.021037917584180832,0.007934394292533398,0.28418678045272827,0.05318327993154526,0.009659478440880775,0.26177456974983215,0.022502509877085686,0.007125916890799999,0.010036085732281208,0.010829995386302471,0.1838415116071701,0.07654216885566711,0.00934509839862585,0.05051523447036743,0.008447793312370777,0.049472395330667496,0.07742320746183395,0.006812770385295153,0.009400414302945137,0.01705648936331272,0.09510345011949539,0.07278396189212799,0.026982776820659637,0.01914849504828453,0.02654745616018772,0.03442268818616867,0.006080931518226862,0.008238116279244423,0.04432632401585579,,,,,,,,,,,,,,,
unknown,透,316,317,449.42145,449.70078,0.90185547,,0.020562542602419853,0.016920628026127815,0.05959351360797882,0.20635975897312164,0.017094839364290237,0.07446514815092087,0.01142691820859909,0.020568275824189186,0.02943591959774494,0.029690703377127647,0.03937820345163345,0.09040012210607529,0.0865619108080864,0.15927766263484955,0.0700468197464943,0.031420182436704636,0.05914270132780075,0.11662960797548294,0.025380760431289673,0.046178288757801056,0.015603099949657917,0.013291232287883759,0.02201968804001808,0.029124487191438675,0.00799162033945322,0.00606353348121047,0.32860463857650757,0.05643702670931816,0.013818196952342987,0.23703935742378235,0.00633829552680254,0.004741251934319735,0.004297483246773481,0.005237622652202845,0.24918486177921295,0.06881611794233322,0.006844345945864916,0.047604311257600784,0.0038399880286306143,0.044892337173223495,0.06226951256394386,0.0030196753796190023,0.008877184242010117,0.008192201144993305,0.10990191251039505,0.061469823122024536,0.025306474417448044,0.009887861087918282,0.017463136464357376,0.02620510943233967,0.0051309759728610516,0.004693616181612015,0.04774792492389679,,,,,,,,,,,,,,,
unknown,明,318,319,449.70078,450.20078,0.99121094,,0.03052723966538906,0.029694214463233948,0.12336821854114532,0.21449725329875946,0.004624535795301199,0.044552404433488846,0.01527402549982071,0.03428158536553383,0.03342430293560028,0.02182908169925213,0.04526114463806152,0.054270993918180466,0.06911683827638626,0.18562397360801697,0.02606198750436306,0.04713151976466179,0.09493556618690491,0.06279130280017853,0.039663564413785934,0.022371018305420876,0.007643073331564665,0.014984680339694023,0.01902875304222107,0.04583794251084328,0.014488876797258854,0.009387298487126827,0.3107163906097412,0.08146685361862183,0.017323985695838928,0.2631247937679291,0.005722919944673777,0.00858171097934246,0.008192675188183784,0.0035459049977362156,0.24445131421089172,0.11082150787115097,0.012902642600238323,0.07686395943164825,0.005224245600402355,0.034850671887397766,0.09634757786989212,0.008455535396933556,0.020883919671177864,0.018501920625567436,0.059813108295202255,0.09156631678342819,0.05572732537984848,0.01388046145439148,0.020862355828285217,0.05402565002441406,0.007648378144949675,0.005641377530992031,0.03447091579437256,,,,,,,,,,,,,,,
unknown,勝,320,321,454.5694,454.84872,0.99609375,,0.03137573227286339,0.027793630957603455,0.06674472987651825,0.2576626241207123,0.0072585223242640495,0.03415951505303383,0.010765429586172104,0.022155622020363808,0.031180720776319504,0.020130222663283348,0.025659162551164627,0.054206497967243195,0.055169813334941864,0.0722944363951683,0.02957841008901596,0.06169595941901207,0.07888074219226837,0.14995598793029785,0.012870115227997303,0.011467935517430305,0.004964353051036596,0.009744922630488873,0.011826522648334503,0.08704620599746704,0.009641760028898716,0.004864403512328863,0.4913073480129242,0.05118536204099655,0.012049137614667416,0.44747716188430786,0.003952031955122948,0.009548524394631386,0.0035004443489015102,0.0019761445000767708,0.2108464539051056,0.18083727359771729,0.013416120782494545,0.023899314925074577,0.004586551804095507,0.1217893436551094,0.03877734765410423,0.007488219067454338,0.013624659739434719,0.0062520927749574184,0.06667055934667587,0.145126610994339,0.04839063063263893,0.006941376253962517,0.009877371601760387,0.047659266740083694,0.004045652691274881,0.004931862931698561,0.12100836634635925,,,,,,,,,,,,,,,
unknown,理,322,323,454.84872,455.34872,0.66064453,,0.03805267810821533,0.04448520019650459,0.10056781023740768,0.22378882765769958,0.007119195070117712,0.0514361634850502,0.018141120672225952,0.03190449997782707,0.045211583375930786,0.032453011721372604,0.039090078324079514,0.04096804931759834,0.04758929833769798,0.10876962542533875,0.03029104322195053,0.07276861369609833,0.10243074595928192,0.0767565593123436,0.03571772947907448,0.01807798072695732,0.009625549428164959,0.02025572583079338,0.015782879665493965,0.07397416234016418,0.026687687262892723,0.011746687814593315,0.30371537804603577,0.0741114690899849,0.01998654380440712,0.26170942187309265,0.0052961730398237705,0.015485075302422047,0.012587280943989754,0.0033264781814068556,0.13777674734592438,0.1730480045080185,0.03224650025367737,0.09397374093532562,0.01340409554541111,0.08234841376543045,0.0647476464509964,0.013757136650383472,0.03775866702198982,0.026800373569130898,0.08254346251487732,0.12682569026947021,0.08825910836458206,0.022935057058930397,0.016286224126815796,0.050678156316280365,0.008755922317504883,0.022056393325328827,0.06692948192358017,,,,,,,,,,,,,,,
unknown,来,324,325,459.855,460.095,0.32348633,,0.038555871695280075,0.03765713423490524,0.09914475679397583,0.17966759204864502,0.005580432713031769,0.055126626044511795,0.01331547275185585,0.03233429417014122,0.02985832840204239,0.0619962252676487,0.0588596872985363,0.05448729172348976,0.05057961866259575,0.12602515518665314,0.031016701832413673,0.08742836862802505,0.07603383809328079,0.07092604041099548,0.037859056144952774,0.018389392644166946,0.007461156230419874,0.014436907134950161,0.015501273795962334,0.053937558084726334,0.01395280659198761,0.007584296632558107,0.298833966255188,0.0720517635345459,0.01596793159842491,0.24393302202224731,0.003409154247492552,0.01553294900804758,0.007115663029253483,0.001839921809732914,0.15904861688613892,0.1499088704586029,0.02046426758170128,0.07775717228651047,0.0076859151013195515,0.06344130635261536,0.061180341988801956,0.013160421513020992,0.02003929391503334,0.020396588370203972,0.06276264786720276,0.12817664444446564,0.04560130089521408,0.013868160545825958,0.01288473978638649,0.04336024075746536,0.0061640068888664246,0.03388582542538643,0.059152014553546906,,,,,,,,,,,,,,,
unknown,出,326,327,460.095,460.255,0.64160156,,0.04805796220898628,0.039246153086423874,0.1157572939991951,0.2808125615119934,0.005596688482910395,0.03656215965747833,0.008298860862851143,0.032823797315359116,0.03161827474832535,0.017685074359178543,0.02843601070344448,0.05351446941494942,0.0427081435918808,0.07876317203044891,0.029814640060067177,0.06865204870700836,0.0614357627928257,0.12504571676254272,0.01867101900279522,0.015011012554168701,0.006104238796979189,0.00867628213018179,0.0108193289488554,0.07367639988660812,0.015662111341953278,0.005182638298720121,0.4469429850578308,0.06862618774175644,0.013253660872578621,0.3749387860298157,0.003389888210222125,0.015062239952385426,0.004785255528986454,0.0021586448419839144,0.19294783473014832,0.16684028506278992,0.01581876166164875,0.04166940227150917,0.004025909584015608,0.1395334154367447,0.04859009012579918,0.009692307561635971,0.01574143022298813,0.007779464591294527,0.07901198416948318,0.16962072253227234,0.05300579592585564,0.010113497264683247,0.011501182802021503,0.05778120085597038,0.004564004018902779,0.004606731701642275,0.12485974282026291,,,,,,,,,,,,,,,
unknown,す,328,329,460.255,460.375,0.515625,,0.036093570291996,0.03164280205965042,0.0983344092965126,0.3096444606781006,0.007029823027551174,0.04328873008489609,0.01129547692835331,0.027294021099805832,0.04036891460418701,0.014815772883594036,0.021350476890802383,0.05565531924366951,0.05322631448507309,0.08602596074342728,0.03386010602116585,0.0478360541164875,0.047812674194574356,0.1353243887424469,0.02174033597111702,0.020268738269805908,0.007676731329411268,0.011099626310169697,0.014516434632241726,0.06262974441051483,0.022087620571255684,0.0049888878129422665,0.42562147974967957,0.06645636260509491,0.011293611489236355,0.37736546993255615,0.00516860606148839,0.010045195929706097,0.0061107478104531765,0.0031560296192765236,0.18249571323394775,0.1316336989402771,0.01272998284548521,0.039722990244627,0.0038426911924034357,0.13266389071941376,0.051335327327251434,0.006773411761969328,0.014550569467246532,0.008402392268180847,0.09512796998023987,0.1287863403558731,0.05078064277768135,0.013255944475531578,0.013888570480048656,0.04869961738586426,0.0040418412536382675,0.003574904054403305,0.11088487505912781,,,,,,,,,,,,,,,
unknown,る,330,331,460.375,460.875,0.8378906,,0.026006387546658516,0.023058351129293442,0.0923115462064743,0.2978244125843048,0.006917012855410576,0.047503869980573654,0.01408305298537016,0.02114741876721382,0.04019680619239807,0.018118437379598618,0.025833340361714363,0.07810094952583313,0.053755685687065125,0.09424003213644028,0.03426433727145195,0.051163166761398315,0.04330276697874069,0.16775190830230713,0.019141286611557007,0.018599314615130424,0.006864624097943306,0.012381967157125473,0.01481453888118267,0.05281282216310501,0.019746549427509308,0.004519135691225529,0.42757678031921387,0.05976124107837677,0.008634615689516068,0.369554340839386,0.006223451811820269,0.009227930568158627,0.005612269509583712,0.003125818446278572,0.18681545555591583,0.11563391238451004,0.009560611099004745,0.03456907346844673,0.0038915867917239666,0.14227484166622162,0.05078919976949692,0.0067412517964839935,0.010171305388212204,0.0075363474898040295,0.09366637468338013,0.13148321211338043,0.034642383456230164,0.011567628011107445,0.011877933517098427,0.03836008533835411,0.003535793861374259,0.0044180853292346,0.11532741039991379,,,,,,,,,,,,,,,
unknown,温,332,333,463.935,464.175,0.71972656,,0.021670376881957054,0.0199643075466156,0.06469329446554184,0.24844105541706085,0.017277244478464127,0.09758917987346649,0.029909420758485794,0.021481554955244064,0.04449855536222458,0.02405124343931675,0.0203335452824831,0.07187493145465851,0.056581903249025345,0.08729662746191025,0.03978938236832619,0.046233050525188446,0.07707960158586502,0.1296682208776474,0.033345527946949005,0.027288759127259254,0.016463901847600937,0.03879156336188316,0.013100139796733856,0.0574292428791523,0.02903570607304573,0.008507056161761284,0.3248516917228699,0.05384643375873566,0.009287276305258274,0.3011021316051483,0.012874790467321873,0.009712629951536655,0.012153880670666695,0.008051452226936817,0.13571344316005707,0.089931420981884,0.0079020531848073,0.03545434772968292,0.01635788567364216,0.10847754031419754,0.07201956957578659,0.009220106527209282,0.006517721340060234,0.015192381106317043,0.0883350744843483,0.13336461782455444,0.030484458431601524,0.02004535123705864,0.020712489262223244,0.03740980103611946,0.004656756762415171,0.010843561962246895,0.09411565214395523,,,,,,,,,,,,,,,
unknown,か,334,335,464.175,464.295,0.98339844,,0.02021556906402111,0.024742286652326584,0.06540178507566452,0.2560930550098419,0.022559909150004387,0.06545572727918625,0.029407143592834473,0.020336873829364777,0.04751123487949371,0.012081710621714592,0.02149730734527111,0.06702297180891037,0.05114990472793579,0.0844060629606247,0.05600574240088463,0.04563946649432182,0.05800490826368332,0.15339110791683197,0.01819857954978943,0.031757816672325134,0.02101646363735199,0.035748761147260666,0.013994053937494755,0.08378719538450241,0.02283645235002041,0.009112956002354622,0.3613347113132477,0.06837338209152222,0.005985065829008818,0.3124040365219116,0.02002934366464615,0.011536798439919949,0.010305380448698997,0.013230049051344395,0.13289710879325867,0.11505427956581116,0.015471194870769978,0.021409472450613976,0.013575643301010132,0.1036597415804863,0.05256030708551407,0.006442118436098099,0.014367673546075821,0.01033394131809473,0.12977252900600433,0.1211327612400055,0.04831227287650108,0.017726389691233635,0.015999533236026764,0.02704928256571293,0.004984643310308456,0.005814619828015566,0.0914357379078865,,,,,,,,,,,,,,,
unknown,い,336,337,464.295,464.795,0.97753906,,0.02216392569243908,0.02325880154967308,0.07738784700632095,0.2184862196445465,0.008623029105365276,0.042641401290893555,0.024535352364182472,0.020717494189739227,0.03743214160203934,0.013090795837342739,0.03587384149432182,0.11387690901756287,0.03952508419752121,0.13360072672367096,0.033749304711818695,0.0657602846622467,0.0647718533873558,0.23090095818042755,0.019887182861566544,0.019958414137363434,0.009290091693401337,0.02352760173380375,0.013285016641020775,0.0665251612663269,0.020368626341223717,0.010899607092142105,0.4245690405368805,0.0690852701663971,0.00588932354003191,0.3455515503883362,0.01320232730358839,0.011634654365479946,0.013302474282681942,0.006624695844948292,0.2097681313753128,0.11281629651784897,0.014813818968832493,0.04122933745384216,0.009339633397758007,0.13094669580459595,0.07910358160734177,0.00970067735761404,0.012841452844440937,0.011766664683818817,0.057163339108228683,0.1683712899684906,0.03722250461578369,0.017144978046417236,0.013373824767768383,0.0330401174724102,0.006858132779598236,0.0051846690475940704,0.11572103947401047,,,,,,,,,,,,,,,
unknown,ほ,338,339,472.78912,472.94897,0.79833984,,0.011195378378033638,0.011166591197252274,0.04810331389307976,0.2579374611377716,0.013326029293239117,0.07710745185613632,0.03689759224653244,0.01106891967356205,0.07152403891086578,0.02499026618897915,0.0310809388756752,0.09303177148103714,0.06428907066583633,0.1198178082704544,0.041798196732997894,0.05040805786848068,0.0621621236205101,0.18619270622730255,0.032447803765535355,0.02674664929509163,0.014695796184241772,0.035636384040117264,0.020864948630332947,0.05029168725013733,0.03678936883807182,0.009650890715420246,0.32710787653923035,0.04674704745411873,0.006466805934906006,0.2885250747203827,0.016562726348638535,0.006897313520312309,0.01735311932861805,0.007907260209321976,0.15108516812324524,0.08340318500995636,0.007662077900022268,0.031427789479494095,0.015152806416153908,0.10446719825267792,0.07021312415599823,0.009334328584372997,0.010368607938289642,0.016411010175943375,0.10532920062541962,0.12682566046714783,0.04258407652378082,0.02563134767115116,0.019707823172211647,0.027452761307358742,0.0053571551106870174,0.009793932549655437,0.09277019649744034,,,,,,,,,,,,,,,
unknown,男,340,341,472.94897,473.44897,0.78271484,,0.014869021251797676,0.01410003937780857,0.04938901215791702,0.20257805287837982,0.018903763964772224,0.08223426342010498,0.03624853119254112,0.01332002691924572,0.04757099598646164,0.02062249928712845,0.0339219830930233,0.0866134986281395,0.04856814444065094,0.07880302518606186,0.04002140462398529,0.07348348200321198,0.05210885778069496,0.21586424112319946,0.03818934038281441,0.024792268872261047,0.012796237133443356,0.041714176535606384,0.013682689517736435,0.06724143028259277,0.02395349182188511,0.009757185354828835,0.41517603397369385,0.04074757173657417,0.0045856330543756485,0.3740719258785248,0.017741285264492035,0.013433307409286499,0.01160559244453907,0.008244063705205917,0.1301760971546173,0.11994235962629318,0.009659143164753914,0.028679335489869118,0.019954366609454155,0.11521627008914948,0.058063045144081116,0.017572931945323944,0.008463346399366856,0.018152840435504913,0.07262234389781952,0.17962108552455902,0.026641791686415672,0.017122620716691017,0.02167513780295849,0.035506125539541245,0.005481806118041277,0.009340604767203331,0.1441248208284378,,,,,,,,,,,,,,,
unknown,夜,342,343,482.30145,482.80145,0.99072266,,0.01213728729635477,0.011199884116649628,0.034098122268915176,0.19573408365249634,0.010957169346511364,0.07942710071802139,0.019387878477573395,0.01020982675254345,0.03791070356965065,0.02703215181827545,0.031054288148880005,0.06108666583895683,0.04207471013069153,0.04814933240413666,0.02569921500980854,0.0691261887550354,0.055304836481809616,0.15953516960144043,0.03580735996365547,0.016157284379005432,0.006729485932737589,0.021046487614512444,0.008832570165395737,0.055478520691394806,0.016733121126890182,0.004921929910778999,0.45761996507644653,0.0251679215580225,0.004363479558378458,0.44716590642929077,0.005785148125141859,0.011762874200940132,0.008736683987081051,0.0025903084315359592,0.14599762856960297,0.12155961990356445,0.006091363728046417,0.014613867737352848,0.007066499441862106,0.08933600783348083,0.04959890618920326,0.01789051480591297,0.004523243755102158,0.010358297266066074,0.057250142097473145,0.18521201610565186,0.020790180191397667,0.010835477150976658,0.02068033069372177,0.04905230179429054,0.0037445586640387774,0.008071158081293106,0.1167706772685051,,,,,,,,,,,,,,,
unknown,ほ,344,345,491.715,491.835,0.77783203,,0.016496846452355385,0.01687626913189888,0.0368804857134819,0.18795619904994965,0.009852743707597256,0.09992761164903641,0.03825141489505768,0.011509430594742298,0.05434824526309967,0.06577368825674057,0.04838071018457413,0.08005283027887344,0.07165878266096115,0.1028849333524704,0.03377227857708931,0.06897257268428802,0.03826028108596802,0.13988877832889557,0.048581771552562714,0.021693089976906776,0.005893228109925985,0.02772354707121849,0.026484793052077293,0.027169564738869667,0.020378757268190384,0.007822997868061066,0.3571684658527374,0.031068746000528336,0.0066190301440656185,0.3225076496601105,0.009910893626511097,0.00925323087722063,0.008855385705828667,0.002355734584853053,0.14716747403144836,0.11133889108896255,0.011495719663798809,0.041076887398958206,0.009793580509722233,0.09114633500576019,0.058226391673088074,0.012100206688046455,0.007688063196837902,0.02138401009142399,0.06677047163248062,0.11179734021425247,0.014305828139185905,0.014266302809119225,0.017469916492700577,0.030043618753552437,0.0059809437952935696,0.018770553171634674,0.07285454124212265,,,,,,,,,,,,,,,
unknown,ら,346,347,491.835,492.335,0.4284668,,0.02898682840168476,0.02523854561150074,0.06309311836957932,0.2140839844942093,0.004076904151588678,0.047049570828676224,0.017528705298900604,0.018468357622623444,0.04378311336040497,0.04511088877916336,0.058157674968242645,0.08853495121002197,0.06740713119506836,0.12998953461647034,0.028320234268903732,0.09824495017528534,0.02754322439432144,0.12770235538482666,0.03039218857884407,0.01646682806313038,0.003992991056293249,0.011810130439698696,0.023856157436966896,0.035714853554964066,0.016544684767723083,0.005400069989264011,0.40896427631378174,0.04866814985871315,0.005385099444538355,0.3245965242385864,0.005314710084348917,0.011953149922192097,0.0062342979945242405,0.0015200757188722491,0.18108907341957092,0.14891847968101501,0.015811540186405182,0.06774282455444336,0.004587468691170216,0.1155218556523323,0.058911509811878204,0.011219734326004982,0.00990822073072195,0.011456537991762161,0.05340162292122841,0.15330833196640015,0.016128014773130417,0.011350375600159168,0.011890234425663948,0.03785184398293495,0.0045301103964447975,0.014553369022905827,0.09521987289190292,,,,,,,,,,,,,,,
unknown,サ,348,349,495.715,496.115,0.39892578,,0.03192657232284546,0.028799118474125862,0.058736834675073624,0.19906115531921387,0.0056832218542695045,0.05581315979361534,0.019545262679457664,0.019924871623516083,0.04326740652322769,0.047855108976364136,0.06048445776104927,0.07713494449853897,0.07115016877651215,0.13561618328094482,0.03517882898449898,0.08992549777030945,0.021155543625354767,0.11779545247554779,0.039750296622514725,0.024163341149687767,0.005394021514803171,0.014733221381902695,0.02981313318014145,0.03334372118115425,0.015423580072820187,0.006912140641361475,0.36075708270072937,0.050000909715890884,0.005832712631672621,0.2872714698314667,0.006624259985983372,0.00920566264539957,0.005326818209141493,0.001857578638009727,0.16083164513111115,0.13773073256015778,0.018925108015537262,0.05255693197250366,0.006005383096635342,0.10564401745796204,0.06164095550775528,0.00959821604192257,0.012625008821487427,0.016148103401064873,0.06101144105195999,0.13049505650997162,0.019252916797995567,0.012305458076298237,0.014412418007850647,0.03381417691707611,0.00578727200627327,0.016606856137514114,0.08264284580945969,,,,,,,,,,,,,,,
unknown,家,350,351,496.115,496.195,0.4892578,,0.0277198925614357,0.02179631218314171,0.047412239015102386,0.1948995441198349,0.010241538286209106,0.09337957203388214,0.0235250573605299,0.017006630077958107,0.050236642360687256,0.056059908121824265,0.05088118463754654,0.06902412325143814,0.07138454169034958,0.11286744475364685,0.0430389940738678,0.06057300418615341,0.02379712648689747,0.11601758003234863,0.05397794023156166,0.03478071838617325,0.008516228757798672,0.021732226014137268,0.030549420043826103,0.021772241219878197,0.019297931343317032,0.010446685366332531,0.32207363843917847,0.03601248562335968,0.008459318429231644,0.2253166139125824,0.007623037323355675,0.008563632145524025,0.007080050650984049,0.002430321415886283,0.14995458722114563,0.09524477273225784,0.012913892045617104,0.03529229015111923,0.00873457919806242,0.0783596932888031,0.060715578496456146,0.008485788479447365,0.008429615758359432,0.019170217216014862,0.09119017422199249,0.09263919293880463,0.015624447725713253,0.015395257622003555,0.018495922908186913,0.030552281066775322,0.009347724728286266,0.021508213132619858,0.06017271801829338,,,,,,,,,,,,,,,
unknown,ー,352,353,496.195,496.695,0.7788086,,0.01353211048990488,0.012006040662527084,0.028585420921444893,0.18997836112976074,0.012273046188056469,0.13418662548065186,0.050559572875499725,0.008360359817743301,0.07714493572711945,0.050061192363500595,0.04193655028939247,0.06050558388233185,0.08472523093223572,0.09945759922266006,0.03864409774541855,0.05382685735821724,0.02391669899225235,0.1280355453491211,0.07045719027519226,0.03267925605177879,0.00836852565407753,0.037563566118478775,0.03842946141958237,0.016628315672278404,0.034199025481939316,0.011313347145915031,0.29869115352630615,0.02030724473297596,0.0062253824435174465,0.23403289914131165,0.01176032517105341,0.009287332184612751,0.015059702098369598,0.0025622216053307056,0.12498455494642258,0.08149523288011551,0.009350054897367954,0.02144484408199787,0.01121702790260315,0.06959052383899689,0.07131659984588623,0.012918957509100437,0.005795401521027088,0.024310708045959473,0.09094781428575516,0.08641892671585083,0.010865068063139915,0.022005271166563034,0.022731591016054153,0.030665475875139236,0.00923364982008934,0.025470983237028122,0.052693407982587814,,,,,,,,,,,,,,,
unknown,花,354,355,501.77002,501.89,0.9604492,,0.06231958046555519,0.0612446665763855,0.14405010640621185,0.20433761179447174,0.006559887435287237,0.0714583471417427,0.02218136563897133,0.03160986304283142,0.04352681338787079,0.04065074771642685,0.053901176899671555,0.047680970281362534,0.045358654111623764,0.08582409471273422,0.02754405327141285,0.08374861627817154,0.037135183811187744,0.06706614792346954,0.050410982221364975,0.02218065969645977,0.006328031420707703,0.021097807213664055,0.01599564217031002,0.027627581730484962,0.025032782927155495,0.012609505094587803,0.37072935700416565,0.04805919900536537,0.01203345786780119,0.27260440587997437,0.006849230732768774,0.023682020604610443,0.008149784058332443,0.0027631097473204136,0.1609126478433609,0.17027226090431213,0.032957784831523895,0.0896611362695694,0.010270453989505768,0.10876157134771347,0.05439513176679611,0.012112623080611229,0.013137263245880604,0.028677359223365784,0.07181324064731598,0.12862369418144226,0.014398833736777306,0.015487403608858585,0.01911322958767414,0.05137982591986656,0.011861549690365791,0.01286048162728548,0.05867588520050049,,,,,,,,,,,,,,,
unknown,の,356,357,501.89,502.01,0.9946289,,0.045846641063690186,0.04903261363506317,0.1095249280333519,0.1961481273174286,0.007793432101607323,0.08767778426408768,0.021354801952838898,0.02503332495689392,0.04901361092925072,0.059343788772821426,0.06178809702396393,0.05496203899383545,0.05704477056860924,0.0868343636393547,0.030404258519411087,0.07184288650751114,0.03781961649656296,0.06513846665620804,0.0545106865465641,0.02454633265733719,0.007273116149008274,0.021233616396784782,0.017578167840838432,0.02097889967262745,0.02667056955397129,0.011751457117497921,0.30956998467445374,0.04379381611943245,0.011485730297863483,0.2196725755929947,0.006201668176800013,0.018838291987776756,0.010418218560516834,0.002725436119362712,0.1576758623123169,0.1321532130241394,0.029552839696407318,0.08122435212135315,0.009816044010221958,0.0872434601187706,0.056631866842508316,0.009505340829491615,0.012429874390363693,0.027217382565140724,0.08420698344707489,0.10213928669691086,0.013338605873286724,0.0178375206887722,0.02117248997092247,0.042450450360774994,0.011670073494315147,0.016730550676584244,0.04729912802577019,,,,,,,,,,,,,,,
unknown,子,358,359,502.01,502.51,0.83496094,,0.034330788999795914,0.03809858113527298,0.07272179424762726,0.22857952117919922,0.01161305233836174,0.1312834471464157,0.028431758284568787,0.022216200828552246,0.05589401349425316,0.04805376008152962,0.03899170085787773,0.057995062321424484,0.08396793901920319,0.08951548486948013,0.033949874341487885,0.04165784269571304,0.032348401844501495,0.06440123915672302,0.061751797795295715,0.03440466523170471,0.009899156168103218,0.029286161065101624,0.025348497554659843,0.015812454745173454,0.035351719707250595,0.009543451480567455,0.25555622577667236,0.039430320262908936,0.009724993258714676,0.19351357221603394,0.009265582077205181,0.012083630077540874,0.011624296195805073,0.0038562670815736055,0.14604569971561432,0.09500281512737274,0.021433383226394653,0.06844177097082138,0.00904147233814001,0.06847510486841202,0.06871312111616135,0.0065977550111711025,0.009799070656299591,0.022022465243935585,0.09388282150030136,0.06945918500423431,0.012388588860630989,0.0201914981007576,0.03030780330300331,0.045732565224170685,0.008690954186022282,0.01360011100769043,0.035603348165750504,,,,,,,,,,,,,,,
unknown,再,360,361,508.77002,509.05002,0.80126953,,0.0506923571228981,0.045716721564531326,0.15110698342323303,0.22286061942577362,0.004096719436347485,0.06837841123342514,0.011500983498990536,0.02664642222225666,0.036990199238061905,0.042698848992586136,0.05898691713809967,0.055279623717069626,0.039420947432518005,0.0901678204536438,0.02391044609248638,0.0873129665851593,0.04223398119211197,0.06555674225091934,0.057414744049310684,0.02040240541100502,0.006361077073961496,0.014588814228773117,0.012079552747309208,0.022361019626259804,0.02647492103278637,0.011548858135938644,0.3291650116443634,0.04205649346113205,0.010834858752787113,0.20144546031951904,0.00308912992477417,0.021793607622385025,0.01221169251948595,0.0018668954726308584,0.167033851146698,0.14359542727470398,0.027236487716436386,0.10738318413496017,0.008820850402116776,0.09905906021595001,0.07112208753824234,0.010868442244827747,0.009168184362351894,0.023237936198711395,0.06512749195098877,0.14233624935150146,0.011476735584437847,0.0176381878554821,0.018096795305609703,0.05148199200630188,0.011368075385689735,0.015520285815000534,0.0554891899228096,,,,,,,,,,,,,,,
unknown,下,362,363,509.05002,509.55002,0.57666016,,0.03360753506422043,0.03130492940545082,0.08678186684846878,0.15619005262851715,0.012171695940196514,0.13287176191806793,0.017816463485360146,0.023706788197159767,0.049124035984277725,0.05397811532020569,0.04395507648587227,0.04295041039586067,0.051247190684080124,0.08791346102952957,0.03143418952822685,0.04310423508286476,0.04972171038389206,0.04650157317519188,0.11341920495033264,0.03635793179273605,0.012804169207811356,0.03257790207862854,0.015663085505366325,0.015125129371881485,0.03954737260937691,0.014846120961010456,0.1827128380537033,0.038918592035770416,0.01499887928366661,0.11297564953565598,0.005370802246034145,0.015409979969263077,0.019109046086668968,0.003967322874814272,0.11841787397861481,0.0760994479060173,0.02116258442401886,0.10527661442756653,0.021094385534524918,0.04700370132923126,0.07659716159105301,0.008613514713943005,0.011891720816493034,0.048220109194517136,0.09689703583717346,0.06860163807868958,0.01536710187792778,0.030759768560528755,0.038226302713155746,0.04235376790165901,0.012215785682201385,0.023701388388872147,0.02983677014708519,,,,,,,,,,,,,,,
unknown,飛,364,365,512.4647,512.62463,0.91845703,,0.035491980612277985,0.03261641785502434,0.11354559659957886,0.1828368753194809,0.00388031592592597,0.050813380628824234,0.01130731776356697,0.02965383604168892,0.03758687525987625,0.04683920741081238,0.1147032305598259,0.05763210728764534,0.04273219779133797,0.1333579123020172,0.027225572615861893,0.13923189043998718,0.038980256766080856,0.04522186145186424,0.06723063439130783,0.023525118827819824,0.008799235336482525,0.014871361665427685,0.014070695266127586,0.031074022874236107,0.030669962987303734,0.013509634882211685,0.21586960554122925,0.0590234212577343,0.007364687044173479,0.12605571746826172,0.0031681670807302,0.021060161292552948,0.01963645964860916,0.002516053384169936,0.1538141667842865,0.11576684564352036,0.026384664699435234,0.1237364113330841,0.00941135361790657,0.06650575995445251,0.08766033500432968,0.020990850403904915,0.013653578236699104,0.027785006910562515,0.053849346935749054,0.18635277450084686,0.022347671911120415,0.02667776495218277,0.024848440662026405,0.05753569304943085,0.012557059526443481,0.031365830451250076,0.05596023052930832,,,,,,,,,,,,,,,
unknown,開,366,367,512.62463,513.12463,0.6699219,,0.04759109020233154,0.05232357978820801,0.14266763627529144,0.19132715463638306,0.0029565230943262577,0.0322205051779747,0.009978516027331352,0.04532770812511444,0.029850272461771965,0.023215293884277344,0.08930100500583649,0.04654465243220329,0.03499588742852211,0.10611531138420105,0.018312029540538788,0.1508517861366272,0.040548600256443024,0.04780502989888191,0.044127482920885086,0.013692191801965237,0.004853618331253529,0.01123065035790205,0.009661931544542313,0.06521584093570709,0.02147265337407589,0.01068060752004385,0.3783045709133148,0.07584434747695923,0.006795964203774929,0.2961937189102173,0.0029133250936865807,0.028230614960193634,0.013252205215394497,0.0021863046567887068,0.20101331174373627,0.2148321568965912,0.04250282421708107,0.12517604231834412,0.006459903437644243,0.08609946817159653,0.06898696720600128,0.021259821951389313,0.02219809591770172,0.020506320521235466,0.03900718316435814,0.22582747042179108,0.031571853905916214,0.01642748899757862,0.0245831161737442,0.09717965871095657,0.0094301151111722,0.017467888072133064,0.07432378083467484,,,,,,,,,,,,,,,
unknown,常,368,369,518.9799,519.2597,0.9326172,,0.08656793087720871,0.08605081588029861,0.22526425123214722,0.13132886588573456,0.0037423812318593264,0.0422758013010025,0.009777224622666836,0.08150602877140045,0.020595895126461983,0.024989353492856026,0.07389014214277267,0.042708706110715866,0.024013107642531395,0.10150521993637085,0.020677857100963593,0.11745553463697433,0.032252706587314606,0.04524875804781914,0.0624530166387558,0.020101847127079964,0.006686790846288204,0.014024722389876842,0.0075814612209796906,0.047142110764980316,0.01991986855864525,0.013049738481640816,0.3413749635219574,0.09094498306512833,0.01115606352686882,0.26191797852516174,0.002995259128510952,0.03341994434595108,0.013198002241551876,0.0026124913711100817,0.1651502251625061,0.19864705204963684,0.044199176132678986,0.1362377107143402,0.007283042185008526,0.0931573137640953,0.07578118145465851,0.016347814351320267,0.015699822455644608,0.036493297666311264,0.03400815278291702,0.17263178527355194,0.01639654114842415,0.019979361444711685,0.02547863870859146,0.08796551823616028,0.011918757110834122,0.014585379511117935,0.061256732791662216,,,,,,,,,,,,,,,
unknown,識,370,371,519.2597,519.7597,0.9926758,,0.05935622751712799,0.0655602216720581,0.2127528339624405,0.09833425283432007,0.0028211213648319244,0.03711894527077675,0.011328640393912792,0.04949290677905083,0.021291078999638557,0.029790347442030907,0.11400094628334045,0.051335353404283524,0.020558245480060577,0.0841030552983284,0.01839290000498295,0.19394701719284058,0.02491803839802742,0.04638240113854408,0.04156365990638733,0.013695486821234226,0.004893716890364885,0.0125393932685256,0.00628703786060214,0.042477019131183624,0.016910327598452568,0.007957527413964272,0.325586199760437,0.06777030229568481,0.005156091880053282,0.23415228724479675,0.002797597786411643,0.04512818157672882,0.01226446870714426,0.001765986904501915,0.14640824496746063,0.2054896205663681,0.04120419919490814,0.08636046946048737,0.005800625775009394,0.10685952752828598,0.07263071835041046,0.025067949667572975,0.010699576698243618,0.022908048704266548,0.021667759865522385,0.255209743976593,0.01036697719246149,0.01547554787248373,0.017649395391345024,0.07501260936260223,0.0073037827387452126,0.019127842038869858,0.07175681740045547,,,,,,,,,,,,,,,
unknown,戦,372,373,524.0162,524.33594,0.9794922,,0.052139271050691605,0.0425189845263958,0.15216273069381714,0.11831783503293991,0.003524400992318988,0.036027539521455765,0.008409852162003517,0.04030650109052658,0.022442320361733437,0.022070813924074173,0.08410077542066574,0.04018108919262886,0.03539123758673668,0.07667230069637299,0.0181901752948761,0.17962761223316193,0.03913827985525131,0.04244469478726387,0.046174392104148865,0.01400829292833805,0.004823087248951197,0.010230966843664646,0.008176297880709171,0.05395767465233803,0.014821971766650677,0.005074750632047653,0.3638527989387512,0.053519222885370255,0.005678853485733271,0.2584935426712036,0.0023395810276269913,0.036573734134435654,0.008817963302135468,0.0016163303516805172,0.1701945811510086,0.20646998286247253,0.02262411080300808,0.06961099803447723,0.004903420805931091,0.0890921801328659,0.07057387381792068,0.02854824997484684,0.008168300613760948,0.015309409238398075,0.02251778356730938,0.28601542115211487,0.013807919807732105,0.012226777151226997,0.023354146629571915,0.11668924987316132,0.004851600620895624,0.01141711138188839,0.08812601864337921,,,,,,,,,,,,,,,
unknown,争,374,375,524.33594,524.83594,0.9526367,,0.058309171348810196,0.05252838507294655,0.1636878103017807,0.12449818849563599,0.004319258499890566,0.030717482790350914,0.008068311028182507,0.046972379088401794,0.017495498061180115,0.019399674609303474,0.06490568071603775,0.04734635353088379,0.024819865822792053,0.0639481320977211,0.019645845517516136,0.15814897418022156,0.04622963070869446,0.04950781166553497,0.024963853880763054,0.011837732046842575,0.005322807468473911,0.009885893203318119,0.005184979643672705,0.07111682742834091,0.01151652354747057,0.005345694720745087,0.43297430872917175,0.05892695114016533,0.0055055576376616955,0.3405008316040039,0.0026049723383039236,0.03918087109923363,0.006325002759695053,0.0022911466658115387,0.17203445732593536,0.22355769574642181,0.025263739749789238,0.08258748799562454,0.00494930287823081,0.11678643524646759,0.059784404933452606,0.023085562512278557,0.00790221057832241,0.010804547928273678,0.0258756373077631,0.2849302887916565,0.013867509551346302,0.009092087857425213,0.017701411619782448,0.1040925681591034,0.004687675274908543,0.009562473744153976,0.11246510595083237,,,,,,,,,,,,,,,
unknown,声,376,377,531.59,531.83,0.40698242,,0.03160854056477547,0.03537442907691002,0.09121919423341751,0.15109096467494965,0.016374660655856133,0.10192426294088364,0.017539499327540398,0.021542320027947426,0.03302019089460373,0.025672897696495056,0.04212799668312073,0.04009203612804413,0.03200068324804306,0.05138062685728073,0.030884912237524986,0.08763307332992554,0.06638386100530624,0.06060586869716644,0.04242151230573654,0.02617011032998562,0.011481898836791515,0.022742070257663727,0.007439890876412392,0.05058163031935692,0.01901390217244625,0.007100357208400965,0.40634670853614807,0.03596412390470505,0.007977108471095562,0.3317212462425232,0.004728530999273062,0.020789042115211487,0.009138849563896656,0.003482822561636567,0.14203613996505737,0.16867753863334656,0.01999352127313614,0.053851306438446045,0.00923164188861847,0.08531754463911057,0.05521085858345032,0.016410889104008675,0.009121422655880451,0.013719527050852776,0.044937457889318466,0.18220402300357819,0.022197630256414413,0.013016898185014725,0.024902451783418655,0.06798753887414932,0.005406912881880999,0.013080247677862644,0.07415620982646942,,,,,,,,,,,,,,,
unknown,せ,378,379,531.83,531.95,0.40527344,,0.04405820742249489,0.04359078034758568,0.1810871958732605,0.09842061996459961,0.005121287424117327,0.03250719606876373,0.011707332916557789,0.029548997059464455,0.02576703019440174,0.015563268214464188,0.07175083458423615,0.04986466467380524,0.027646487578749657,0.06504517048597336,0.024132829159498215,0.19231519103050232,0.02688433788716793,0.08267920464277267,0.019299816340208054,0.012345582246780396,0.005219828337430954,0.012455826625227928,0.005762822926044464,0.06455037742853165,0.014116199687123299,0.006926431320607662,0.4423639476299286,0.04786214977502823,0.003976792097091675,0.28113773465156555,0.002854453632608056,0.05940898135304451,0.007435737643390894,0.0018893943633884192,0.11478759348392487,0.21466031670570374,0.023964617401361465,0.08077221363782883,0.006259490270167589,0.18673409521579742,0.04263673350214958,0.036072101444005966,0.007257102057337761,0.01311524398624897,0.023591170087456703,0.29789823293685913,0.01238176692277193,0.010696148499846458,0.009935812093317509,0.05752326175570488,0.0057805678807199,0.016008945181965828,0.16613465547561646,,,,,,,,,,,,,,,
unknown,ま,380,381,531.95,532.03,0.9741211,,0.06528454273939133,0.06655211001634598,0.20445062220096588,0.11581111699342728,0.004087633918970823,0.027585744857788086,0.00892761629074812,0.03936249762773514,0.029227247461676598,0.017115972936153412,0.06920835375785828,0.05587732791900635,0.05355479195713997,0.0877990573644638,0.02500917948782444,0.15179432928562164,0.022924086079001427,0.06597995012998581,0.018052956089377403,0.015225674957036972,0.0048559135757386684,0.009337996132671833,0.009300179779529572,0.0641482025384903,0.012975449673831463,0.006102307233959436,0.40480947494506836,0.07621948421001434,0.0037940843030810356,0.2508145868778229,0.002530946396291256,0.05055641755461693,0.005783283617347479,0.0017529027536511421,0.14837422966957092,0.2063479870557785,0.03817717730998993,0.11964932084083557,0.004197302274405956,0.1401909738779068,0.0392901636660099,0.020057685673236847,0.014787808991968632,0.011299791745841503,0.024934805929660797,0.21690772473812103,0.02213052287697792,0.009722945280373096,0.010288038291037083,0.05420023575425148,0.0052281771786510944,0.016220754012465477,0.119609534740448,,,,,,,,,,,,,,,
unknown,す,382,383,532.03,532.53,0.984375,,0.053395938128232956,0.06427700817584991,0.1928156465291977,0.11817502975463867,0.003483537817373872,0.024863099679350853,0.009485315531492233,0.03489982709288597,0.029711047187447548,0.015189128927886486,0.06539740413427353,0.05512348189949989,0.041104450821876526,0.08052007853984833,0.020681357011198997,0.13527731597423553,0.029296942055225372,0.07776990532875061,0.015103695914149284,0.01144117396324873,0.0035140379332005978,0.009020121768116951,0.007365432567894459,0.06747528165578842,0.012415708974003792,0.006189974024891853,0.4722549319267273,0.07367211580276489,0.0038720916491001844,0.31288135051727295,0.0023832295555621386,0.04806923121213913,0.0063553727231919765,0.001471958588808775,0.15986424684524536,0.20806825160980225,0.03725618124008179,0.11840134114027023,0.0035035721957683563,0.13334135711193085,0.035509370267391205,0.017779966816306114,0.015654243528842926,0.01081872545182705,0.02297268994152546,0.1995842456817627,0.023867595940828323,0.008725355379283428,0.008232111111283302,0.04745005443692207,0.005357148125767708,0.013461329974234104,0.11003749072551727,,,,,,,,,,,,,,,
unknown,な,384,385,538.92505,539.04504,0.94970703,,0.061588265001773834,0.0711337998509407,0.22410006821155548,0.10842011868953705,0.0025322947185486555,0.020301755517721176,0.006866607815027237,0.0453401580452919,0.02648782730102539,0.014640795066952705,0.09857618063688278,0.08021312206983566,0.03365904092788696,0.09020265936851501,0.020569952204823494,0.15963399410247803,0.01764288917183876,0.09386980533599854,0.01028585247695446,0.010035050101578236,0.002946097869426012,0.006223195232450962,0.006244320888072252,0.06958997249603271,0.009967426769435406,0.0078054992482066154,0.5014019012451172,0.09132712334394455,0.003327363869175315,0.29061612486839294,0.0016763266175985336,0.05230521410703659,0.0053446185775101185,0.00115082913544029,0.1758095920085907,0.21833975613117218,0.04440217465162277,0.09294035285711288,0.0026932735927402973,0.14210981130599976,0.04475390166044235,0.02101178467273712,0.019298981875181198,0.006623053457587957,0.023029673844575882,0.2281600683927536,0.024102095514535904,0.007369457744061947,0.0075691333040595055,0.05560688674449921,0.007601287215948105,0.015841443091630936,0.12733176350593567,,,,,,,,,,,,,,,
unknown,ん,386,387,539.04504,539.16504,0.9223633,,0.12950018048286438,0.09723861515522003,0.3012382686138153,0.11343586444854736,0.001334493514150381,0.012454699724912643,0.004874550271779299,0.08114626258611679,0.02102978527545929,0.010338710620999336,0.10949865728616714,0.0881851464509964,0.0336366668343544,0.09877550601959229,0.01781562902033329,0.16895458102226257,0.00675762165337801,0.0803382396697998,0.00814114324748516,0.009415023028850555,0.0022229545284062624,0.004032292403280735,0.006546332500874996,0.054459795355796814,0.009053303860127926,0.008509386330842972,0.5021764636039734,0.10769660025835037,0.003075983142480254,0.2609853446483612,0.0014388109557330608,0.05436338111758232,0.0034869771916419268,0.0009916771668940783,0.22017902135849,0.19550903141498566,0.03885532170534134,0.07574089616537094,0.001548182568512857,0.1943136751651764,0.04672817140817642,0.021653220057487488,0.01168553065508604,0.00479480717331171,0.01889912784099579,0.2616294026374817,0.013858716934919357,0.006263294257223606,0.007745455019176006,0.0768749788403511,0.010002130642533302,0.00976443663239479,0.149785116314888,,,,,,,,,,,,,,,
unknown,か,388,389,539.16504,539.66504,0.9741211,,0.05908820778131485,0.04528583958745003,0.26268574595451355,0.10608665645122528,0.0018195604206994176,0.017187781631946564,0.008490613661706448,0.05602428689599037,0.02063189260661602,0.01992659643292427,0.08141197264194489,0.09453995525836945,0.07823142409324646,0.1341850608587265,0.019548334181308746,0.1330837905406952,0.010441512800753117,0.05765613913536072,0.01364213414490223,0.012211314402520657,0.003595061134546995,0.007786178030073643,0.012306610122323036,0.056933872401714325,0.009451808407902718,0.0037643988616764545,0.316850870847702,0.11578188091516495,0.0024539921432733536,0.19721250236034393,0.003105871146544814,0.025930233299732208,0.0037798238918185234,0.0019212865736335516,0.15610526502132416,0.13858923316001892,0.018654005602002144,0.09398326277732849,0.002473082160577178,0.11851377785205841,0.04162507504224777,0.013884400017559528,0.007920387201011181,0.008073179982602596,0.02341063879430294,0.1788773536682129,0.012293683364987373,0.00819855835288763,0.009598408825695515,0.04354313760995865,0.003150264034047723,0.020865706726908684,0.10776285082101822,,,,,,,,,,,,,,,
unknown,全,390,391,546.085,546.325,0.98876953,,0.059542957693338394,0.04745114594697952,0.2501983940601349,0.10853181034326553,0.0023256209678947926,0.02158099226653576,0.01004847977310419,0.0479629710316658,0.02411208488047123,0.020621148869395256,0.048666976392269135,0.07660868763923645,0.08281683176755905,0.10854320228099823,0.018805665895342827,0.09559617191553116,0.014829638414084911,0.05551821365952492,0.02031237632036209,0.01546561811119318,0.00459405267611146,0.010620884597301483,0.013085681945085526,0.049026623368263245,0.012177351862192154,0.0038210072088986635,0.3513577878475189,0.0947045311331749,0.002725375583395362,0.2278088480234146,0.00381580856628716,0.02033110149204731,0.004583707079291344,0.0025185660924762487,0.15099748969078064,0.13226915895938873,0.017599159851670265,0.11369267851114273,0.0032229030039161444,0.11269267648458481,0.03965838626027107,0.008955670520663261,0.0062203360721468925,0.011852970346808434,0.022691814228892326,0.1456170380115509,0.010575300082564354,0.01016560010612011,0.01239792164415121,0.04233601689338684,0.0030299671925604343,0.013845219276845455,0.08897764980792999,,,,,,,,,,,,,,,
unknown,部,392,393,546.325,546.825,0.99121094,,0.10461729764938354,0.06156381219625473,0.19103102385997772,0.150272399187088,0.005056075751781464,0.046481601893901825,0.010093064047396183,0.058018531650304794,0.03551127389073372,0.021373633295297623,0.019605353474617004,0.0380847342312336,0.10017137974500656,0.0598350390791893,0.02723611891269684,0.042731188237667084,0.017317114397883415,0.03030654415488243,0.04652542248368263,0.04596693441271782,0.013741277158260345,0.01251673698425293,0.021870343014597893,0.03286898508667946,0.021539421752095222,0.0033344340045005083,0.31980401277542114,0.07081342488527298,0.006457738112658262,0.22400137782096863,0.004863908514380455,0.008895741775631905,0.004213517066091299,0.004177268128842115,0.16156046092510223,0.09536419808864594,0.013445083983242512,0.046188484877347946,0.0028144922107458115,0.06991073489189148,0.044699762016534805,0.004297161940485239,0.004840932320803404,0.009082707576453686,0.03606638312339783,0.09585139155387878,0.01648014783859253,0.015224075876176357,0.03473323583602905,0.0776638612151146,0.0030950778163969517,0.006630143616348505,0.047905098646879196,,,,,,,,,,,,,,,
unknown,野,394,395,547.645,547.805,0.82714844,,0.1251276582479477,0.07159420847892761,0.30622994899749756,0.11635633558034897,0.0032864026725292206,0.03971579298377037,0.0076138717122375965,0.0978231355547905,0.026288079097867012,0.03266466036438942,0.04494382068514824,0.038496553897857666,0.1011507660150528,0.0798199400305748,0.021797772496938705,0.05665470287203789,0.008548767305910587,0.01543630100786686,0.045097410678863525,0.03786008805036545,0.009646045044064522,0.011556293815374374,0.015086616389453411,0.025813985615968704,0.014687800779938698,0.0035449708811938763,0.18303585052490234,0.10628718137741089,0.00567633006721735,0.11797438561916351,0.0041504050604999065,0.00883320439606905,0.0022918793838471174,0.0038358671590685844,0.1408582478761673,0.08432408422231674,0.014203699305653572,0.05811889469623566,0.003524704836308956,0.05748910829424858,0.05097733810544014,0.005118752364069223,0.0059667425230145454,0.01455430407077074,0.03420016169548035,0.09024226665496826,0.012377985753118992,0.011220138520002365,0.03474459424614906,0.07451976090669632,0.0032066390849649906,0.0094246631488204,0.03470209613442421,,,,,,,,,,,,,,,
unknown,球,396,397,547.805,548.305,0.88134766,,0.048962607979774475,0.041271016001701355,0.23331105709075928,0.11001212894916534,0.0032225230243057013,0.06056472659111023,0.020551664754748344,0.050496477633714676,0.055354200303554535,0.04399491846561432,0.045199017971754074,0.04750147461891174,0.08844275772571564,0.0728972926735878,0.01880365051329136,0.05066421627998352,0.0094184260815382,0.02047799341380596,0.07980538159608841,0.04022160917520523,0.012823604047298431,0.02712133713066578,0.01725929044187069,0.01728939637541771,0.04547961801290512,0.005039997398853302,0.15969516336917877,0.07954535633325577,0.003649926045909524,0.1143549233675003,0.008836474269628525,0.008450131863355637,0.010761086829006672,0.0062825242057442665,0.10386832803487778,0.05453571304678917,0.011732704937458038,0.06558594852685928,0.007143259979784489,0.05090316757559776,0.059337079524993896,0.005889380816370249,0.004383837804198265,0.02596941404044628,0.029861440882086754,0.07377778738737106,0.008654760196805,0.0303597804158926,0.04640122130513191,0.04994480684399605,0.0038086797576397657,0.019261367619037628,0.02628045529127121,,,,,,,,,,,,,,,
unknown,破,398,399,553.77545,553.9752,0.7285156,,0.0487682968378067,0.04578578472137451,0.28685224056243896,0.14074937999248505,0.0016779262805357575,0.022834420204162598,0.008256436325609684,0.04861728474497795,0.06735768914222717,0.027558214962482452,0.04516525939106941,0.028808346018195152,0.11110278964042664,0.06970038264989853,0.017380807548761368,0.05263514071702957,0.011951448395848274,0.009107706137001514,0.04136785492300987,0.03087773360311985,0.017025507986545563,0.013230404816567898,0.012359204702079296,0.029574140906333923,0.04625021293759346,0.005712521728128195,0.11188541352748871,0.10712366551160812,0.0032159844413399696,0.06942374259233475,0.0037564393132925034,0.006753030698746443,0.011247331276535988,0.00620179483667016,0.10877420753240585,0.06344491243362427,0.017738675698637962,0.07112085819244385,0.0051902830600738525,0.03178909048438072,0.03697647154331207,0.004284076392650604,0.01109366212040186,0.01803583651781082,0.032266974449157715,0.07247482240200043,0.03721043840050697,0.03330749645829201,0.034104570746421814,0.042570147663354874,0.004376114346086979,0.012525240890681744,0.01718575321137905,,,,,,,,,,,,,,,
unknown,壊,400,401,553.9752,554.135,0.97753906,,0.05786918103694916,0.047513797879219055,0.29987192153930664,0.11351942270994186,0.0019934496376663446,0.023401156067848206,0.008845090866088867,0.060693349689245224,0.05271923169493675,0.027755722403526306,0.05592408776283264,0.030253563076257706,0.10835539549589157,0.08824823796749115,0.016888927668333054,0.05922691151499748,0.012276350520551205,0.009821229614317417,0.04258294403553009,0.028227053582668304,0.01293166633695364,0.014429678209125996,0.0124815097078681,0.027378249913454056,0.03446915000677109,0.005843147169798613,0.11200912296772003,0.11397167295217514,0.0041849021799862385,0.06796181201934814,0.004271075129508972,0.0075299544259905815,0.008056910708546638,0.005774897988885641,0.12158041447401047,0.0630747377872467,0.014789031818509102,0.08226978033781052,0.005711025558412075,0.03910950571298599,0.04473387077450752,0.0049481806345283985,0.009992963634431362,0.022978413850069046,0.027251608669757843,0.07887306809425354,0.02909877523779869,0.027207136154174805,0.033064134418964386,0.04522818326950073,0.004333518911153078,0.011959709227085114,0.020023861899971962,,,,,,,,,,,,,,,
unknown,い,402,403,554.135,554.635,0.64160156,,0.051610346883535385,0.047917429357767105,0.169549822807312,0.14152106642723083,0.003633600426837802,0.03744194284081459,0.011211127042770386,0.04782954603433609,0.05581807345151901,0.02777092531323433,0.03739431872963905,0.03619704768061638,0.13895373046398163,0.07858656346797943,0.01854153908789158,0.043514978140592575,0.016851315274834633,0.018522316589951515,0.05451277643442154,0.03654215484857559,0.01232082862406969,0.016937391832470894,0.01930832490324974,0.03713025152683258,0.030898701399564743,0.005189735442399979,0.18441057205200195,0.09422428905963898,0.004569966811686754,0.13933074474334717,0.005520559381693602,0.005242255050688982,0.007547624409198761,0.00540839834138751,0.15303555130958557,0.07866375893354416,0.018165942281484604,0.05928337946534157,0.005490529350936413,0.0405084602534771,0.0494718961417675,0.004187756683677435,0.013935597613453865,0.017221348360180855,0.02886471524834633,0.07325220853090286,0.04693097621202469,0.023148704320192337,0.04351871833205223,0.05726001784205437,0.003966358490288258,0.010822655633091927,0.025434663519263268,,,,,,,,,,,,,,,
unknown,過,404,405,563.36334,563.56305,0.5498047,,0.06313056498765945,0.057180412113666534,0.18866482377052307,0.1553734540939331,0.003939887508749962,0.036967068910598755,0.005638995673507452,0.04824365675449371,0.04905617982149124,0.02180316299200058,0.029545171186327934,0.03425193578004837,0.14190684258937836,0.06718996912240982,0.02276119962334633,0.02852439694106579,0.018492812290787697,0.020988833159208298,0.042932119220495224,0.046714458614587784,0.01335789542645216,0.009438308887183666,0.017501648515462875,0.033564165234565735,0.022657690569758415,0.003993202932178974,0.19317598640918732,0.10212641209363937,0.006801193580031395,0.1282162070274353,0.0030524565372616053,0.003178980899974704,0.0055480822920799255,0.0038693142123520374,0.18339838087558746,0.06463812291622162,0.01912773586809635,0.03599514439702034,0.0027622219640761614,0.03739447891712189,0.03498855233192444,0.0017335610464215279,0.016147933900356293,0.00894034095108509,0.036536481231451035,0.055004287511110306,0.07106366008520126,0.019169816747307777,0.03423077240586281,0.04342418536543846,0.0037042764015495777,0.006052181590348482,0.021199623122811317,,,,,,,,,,,,,,,
unknown,去,406,407,563.56305,564.06305,0.39453125,,0.06951625645160675,0.03600429743528366,0.16435185074806213,0.12344362586736679,0.006487436126917601,0.05660519748926163,0.007522826083004475,0.056236159056425095,0.06554009765386581,0.018395762890577316,0.036065734922885895,0.04344348609447479,0.1729249358177185,0.10584316402673721,0.03268797695636749,0.029219431802630424,0.011712239123880863,0.024297453463077545,0.08004914969205856,0.09252995997667313,0.023703083395957947,0.012972647324204445,0.031644437462091446,0.0218866765499115,0.03912924602627754,0.0063507892191410065,0.13896965980529785,0.09928230941295624,0.008151981048285961,0.0779176726937294,0.004538191948086023,0.004075659904628992,0.00694404449313879,0.006087891757488251,0.18728208541870117,0.034251246601343155,0.00924588181078434,0.04182823747396469,0.0036567661445587873,0.03464071825146675,0.06369408220052719,0.003924067597836256,0.013955364003777504,0.012231720611453056,0.038498252630233765,0.0630415827035904,0.08379965275526047,0.0296685378998518,0.06772501766681671,0.06997976452112198,0.005608303006738424,0.006504578981548548,0.0261298269033432,,,,,,,,,,,,,,,
unknown,人,408,409,566.9736,567.21326,0.7739258,,0.0667656809091568,0.04642794281244278,0.16356214880943298,0.11504944413900375,0.004456262104213238,0.035812899470329285,0.006957990117371082,0.054147567600011826,0.03564349561929703,0.030341539531946182,0.04629308357834816,0.057410065084695816,0.13444125652313232,0.09602559357881546,0.020808357745409012,0.044267576187849045,0.02496699057519436,0.032675448805093765,0.03502589464187622,0.029260246083140373,0.007897972129285336,0.009882237762212753,0.016945570707321167,0.03560299426317215,0.014258729293942451,0.0038448735140264034,0.22117021679878235,0.11050999164581299,0.006776608061045408,0.14547540247440338,0.0035333698615431786,0.005091935861855745,0.003172998782247305,0.003122796071693301,0.2140503078699112,0.06527978181838989,0.01303575187921524,0.060629330575466156,0.003411064622923732,0.04329575225710869,0.041923340409994125,0.003767573507502675,0.013517101295292377,0.00909913145005703,0.023682424798607826,0.0820438489317894,0.051611896604299545,0.011188619770109653,0.027488166466355324,0.05475008860230446,0.003176173660904169,0.007135577034205198,0.03576386719942093,,,,,,,,,,,,,,,
unknown,娠,410,411,567.21326,567.71326,0.79785156,,0.07124155014753342,0.045387689024209976,0.1784985512495041,0.08876027911901474,0.005538620986044407,0.05509764701128006,0.008782788179814816,0.05918217450380325,0.028576627373695374,0.04318412020802498,0.0728188082575798,0.09384413808584213,0.09527786821126938,0.11299263685941696,0.023968171328306198,0.057794101536273956,0.02902708575129509,0.04419535771012306,0.03160213306546211,0.031122742220759392,0.007618425413966179,0.010627004317939281,0.013498176820576191,0.025051908567547798,0.010738212615251541,0.004444760270416737,0.24377375841140747,0.09781806170940399,0.007688648998737335,0.15747326612472534,0.0039719161577522755,0.008924762718379498,0.002554032253101468,0.002974528120830655,0.2623524069786072,0.06315656006336212,0.009974265471100807,0.07552935183048248,0.003537941724061966,0.05080626532435417,0.05323884263634682,0.006020053289830685,0.00831251684576273,0.007424762472510338,0.019470063969492912,0.10340682417154312,0.02552606351673603,0.007803146727383137,0.023080680519342422,0.062381502240896225,0.0037672873586416245,0.007423838600516319,0.04024563729763031,,,,,,,,,,,,,,,
unknown,海,412,413,573.28455,573.44434,0.66748047,,0.08186202496290207,0.042239703238010406,0.1835881769657135,0.10831857472658157,0.00502378772944212,0.06259407103061676,0.009081104770302773,0.08607663214206696,0.044796597212553024,0.049741506576538086,0.06949871778488159,0.053841251879930496,0.09552498161792755,0.0996052473783493,0.02486715465784073,0.03944508358836174,0.01573214866220951,0.014003551565110683,0.047366827726364136,0.04951666668057442,0.014829818159341812,0.011359126307070255,0.016403766348958015,0.01515892893075943,0.021692615002393723,0.0045791552402079105,0.15291251242160797,0.0947127416729927,0.00903779175132513,0.11751806735992432,0.00527821434661746,0.007636543828994036,0.002834032755345106,0.005682877264916897,0.26308801770210266,0.048221148550510406,0.007039499934762716,0.07527311146259308,0.0029922404792159796,0.02685743197798729,0.07437499612569809,0.005763351451605558,0.007532546296715736,0.008683852851390839,0.03330248221755028,0.07033340632915497,0.024740105494856834,0.011870485730469227,0.05653431639075279,0.1213054209947586,0.004022958688437939,0.0053787920624017715,0.019177578389644623,,,,,,,,,,,,,,,
unknown,賊,414,415,573.44434,573.94434,0.5761719,,0.07527260482311249,0.04867023974657059,0.15119586884975433,0.10446576774120331,0.011810746975243092,0.09531935304403305,0.012652705423533916,0.0844465121626854,0.03710482269525528,0.049283165484666824,0.061820827424526215,0.051306307315826416,0.08967799693346024,0.06999408453702927,0.027515286579728127,0.041096966713666916,0.01784050278365612,0.01769716665148735,0.044911377131938934,0.03929173946380615,0.016899563372135162,0.022075161337852478,0.010668434202671051,0.020765163004398346,0.022554080933332443,0.007872098125517368,0.12181993573904037,0.08947977423667908,0.008865132927894592,0.09743985533714294,0.006861673668026924,0.012012104503810406,0.0036265933886170387,0.008107306435704231,0.17657150328159332,0.05574142932891846,0.011463039554655552,0.05277538299560547,0.0087468596175313,0.029590053483843803,0.06867779791355133,0.009098072536289692,0.010189072228968143,0.012428383342921734,0.03661702945828438,0.07377379387617111,0.026560399681329727,0.012708792462944984,0.055887285619974136,0.1068166196346283,0.0061464156024158,0.010664998553693295,0.024528803303837776,,,,,,,,,,,,,,,
unknown,い,416,417,580.45,580.61,0.69091797,,0.0674971342086792,0.05188528075814247,0.15801475942134857,0.12357629090547562,0.008578170090913773,0.06587237864732742,0.017598792910575867,0.07803703099489212,0.03894609585404396,0.037644822150468826,0.04916757345199585,0.04906544089317322,0.08759736269712448,0.06690327823162079,0.02108839526772499,0.03497029468417168,0.02760658599436283,0.019727710634469986,0.036148469895124435,0.03194740414619446,0.013825002126395702,0.024425651878118515,0.012304011732339859,0.02885061874985695,0.019757553935050964,0.008710267022252083,0.16065014898777008,0.09292292594909668,0.008494923822581768,0.1499895304441452,0.010582891292870045,0.010144932195544243,0.0035324632190167904,0.010175298899412155,0.20632289350032806,0.06851460039615631,0.014660830609500408,0.05279554799199104,0.008664043620228767,0.024025700986385345,0.062454260885715485,0.009123156778514385,0.014270388521254063,0.012106750160455704,0.03885561227798462,0.06739648431539536,0.03753245249390602,0.011142763309180737,0.056051045656204224,0.11520158499479294,0.007082066498696804,0.0078409593552351,0.022846179082989693,,,,,,,,,,,,,,,
unknown,家,418,419,580.61,581.11,0.49194336,,0.03252222761511803,0.029980123043060303,0.08567623049020767,0.10697014629840851,0.021487634629011154,0.1808156967163086,0.02717694640159607,0.03978898376226425,0.04583829641342163,0.07435009628534317,0.04399248585104942,0.03667353093624115,0.07791934162378311,0.059409502893686295,0.029868608340620995,0.0333973653614521,0.03385138511657715,0.018295560032129288,0.08795380592346191,0.05196557566523552,0.02335302159190178,0.050173573195934296,0.011806370690464973,0.02269350178539753,0.032985761761665344,0.009249421767890453,0.12478479743003845,0.0583697184920311,0.009966457262635231,0.11515369266271591,0.00955911260098219,0.008169709704816341,0.009094606153666973,0.009006320498883724,0.1217331811785698,0.05276525020599365,0.010337949730455875,0.047194913029670715,0.017672408372163773,0.017930258065462112,0.06808546930551529,0.0095758568495512,0.009683877229690552,0.023303519934415817,0.03650441765785217,0.056257765740156174,0.029486380517482758,0.021732555702328682,0.059478510171175,0.0638599619269371,0.006029171869158745,0.03678060695528984,0.01707170531153679,,,,,,,,,,,,,,,
unknown,花,420,421,584.08997,584.58997,0.8979492,,0.09604648500680923,0.0822969600558281,0.19873033463954926,0.14929133653640747,0.006813697051256895,0.07847848534584045,0.010847220197319984,0.09270430356264114,0.04184706509113312,0.050366710871458054,0.06542926281690598,0.04734744876623154,0.08205348253250122,0.07329454272985458,0.024141190573573112,0.03910323977470398,0.02009761519730091,0.018205249682068825,0.0371582955121994,0.036381177604198456,0.01052291039377451,0.014848867431282997,0.011047336272895336,0.0225018709897995,0.021820316091179848,0.007766935043036938,0.17274236679077148,0.1104537844657898,0.011748600751161575,0.13067618012428284,0.004469837993383408,0.01161208562552929,0.0039047328755259514,0.004302147775888443,0.21832293272018433,0.08102058619260788,0.0218273364007473,0.0551113598048687,0.004779834765940905,0.026050861924886703,0.06980376690626144,0.006093819625675678,0.018037647008895874,0.009704450145363808,0.041134368628263474,0.06382859498262405,0.03272236883640289,0.011668561026453972,0.040625862777233124,0.1032954528927803,0.007209206465631723,0.011325069703161716,0.01822112873196602,,,,,,,,,,,,,,,
unknown,よ,422,423,592.01,592.17,0.86572266,,0.048324957489967346,0.04054781049489975,0.12335176020860672,0.11995293945074081,0.008646907284855843,0.13189323246479034,0.021755656227469444,0.04507262632250786,0.04230600968003273,0.07927815616130829,0.06879851222038269,0.08644241839647293,0.09410949796438217,0.11400052160024643,0.029930610209703445,0.03886337950825691,0.019823433831334114,0.03935902938246727,0.05609029158949852,0.04611658677458763,0.00985764991492033,0.024312622845172882,0.021796509623527527,0.013508161529898643,0.02128320373594761,0.008710936643183231,0.1679556667804718,0.07223781943321228,0.009521851316094398,0.11437028646469116,0.006742769852280617,0.01191759668290615,0.005803920328617096,0.0034545178059488535,0.18522490561008453,0.05601673573255539,0.015055926516652107,0.05996033549308777,0.006582836154848337,0.027495555579662323,0.08540478348731995,0.008175459690392017,0.01103121880441904,0.014343409799039364,0.04804182052612305,0.05631575360894203,0.016456127166748047,0.013884443789720535,0.03409510478377342,0.05744561180472374,0.007816970348358154,0.03124311938881874,0.021062707528471947,,,,,,,,,,,,,,,
unknown,く,424,425,592.17,592.29,0.81396484,,0.10552582889795303,0.08514527976512909,0.30647140741348267,0.1616804152727127,0.0031869064550846815,0.052245959639549255,0.006980986800044775,0.09049578756093979,0.03176821768283844,0.053062815219163895,0.07139281183481216,0.04464316368103027,0.09897907823324203,0.13690373301506042,0.02465144172310829,0.052953463047742844,0.03833351284265518,0.016822637990117073,0.04813269153237343,0.03242652118206024,0.007516077719628811,0.009356886148452759,0.01837168075144291,0.025942189618945122,0.014314000494778156,0.006334612611681223,0.15476647019386292,0.14669501781463623,0.0195540189743042,0.09634382277727127,0.0027121177408844233,0.012587025761604309,0.0034249327145516872,0.002297476399689913,0.2195831835269928,0.09526057541370392,0.028292329981923103,0.0778021514415741,0.004107320681214333,0.025284543633461,0.06916861236095428,0.004813120700418949,0.02677765116095543,0.014150294475257397,0.05711822584271431,0.07190460711717606,0.04098683223128319,0.011164757423102856,0.025515493005514145,0.07156610488891602,0.006255528889596462,0.012827972881495953,0.0163701344281435,,,,,,,,,,,,,,,
unknown,あ,426,427,592.29,592.45,0.99121094,,0.10127454251050949,0.09707017987966537,0.2883050739765167,0.14509543776512146,0.0026266120839864016,0.04258178919553757,0.008943343535065651,0.09403249621391296,0.03699326142668724,0.06016780436038971,0.07446438074111938,0.048239484429359436,0.08312901109457016,0.12531769275665283,0.022283906117081642,0.05328446999192238,0.030840689316391945,0.017057154327630997,0.035673514008522034,0.02599909156560898,0.0072226328775286674,0.010250679217278957,0.017478983849287033,0.02632761001586914,0.016228292137384415,0.0071996888145804405,0.15940643846988678,0.1543533056974411,0.015012139454483986,0.1090187206864357,0.003448681440204382,0.013434060849249363,0.0040937867015600204,0.0025597126223146915,0.22077597677707672,0.0993628054857254,0.035816505551338196,0.0741119384765625,0.004245401825755835,0.0270313061773777,0.06584353744983673,0.0044787125661969185,0.02960352785885334,0.013803943060338497,0.04787427932024002,0.06564891338348389,0.03934552147984505,0.012276983819901943,0.023009415715932846,0.06570834666490555,0.006848811637610197,0.016267502680420876,0.01500185951590538,,,,,,,,,,,,,,,
unknown,る,428,429,592.45,592.95,0.98583984,,0.07841981202363968,0.08088663220405579,0.21281644701957703,0.13387133181095123,0.0030655767768621445,0.04934070259332657,0.010379018262028694,0.06617241352796555,0.0337442085146904,0.06292078644037247,0.08455406129360199,0.06461109220981598,0.08490058779716492,0.1574021577835083,0.022463025525212288,0.04833165183663368,0.05012863501906395,0.025752151384949684,0.03555770963430405,0.0261713657528162,0.006444581784307957,0.0109507255256176,0.019815640524029732,0.0204281248152256,0.013388706371188164,0.008563213050365448,0.16680912673473358,0.1287429928779602,0.015729716047644615,0.10332952439785004,0.0035714078694581985,0.011307725682854652,0.004657261539250612,0.002219446701928973,0.2710195481777191,0.07573206722736359,0.03586215898394585,0.09033947438001633,0.004303683526813984,0.023509332910180092,0.07538595795631409,0.0045665353536605835,0.032093171030282974,0.013627788983285427,0.043911878019571304,0.06217867508530617,0.045619454234838486,0.011000044643878937,0.021223274990916252,0.05442209541797638,0.008693383075296879,0.016114909201860428,0.013852187432348728,,,,,,,,,,,,,,,
unknown,よ,430,431,596.3035,596.423,0.65283203,,0.07895102351903915,0.08440933376550674,0.1915401667356491,0.1514424830675125,0.0034297341480851173,0.04643984138965607,0.009954515844583511,0.06929196417331696,0.040888186544179916,0.04669949412345886,0.0656660720705986,0.055240388959646225,0.10177134722471237,0.1418624222278595,0.022965488955378532,0.038721777498722076,0.04765520617365837,0.02433314546942711,0.031921252608299255,0.028435558080673218,0.007479218766093254,0.010400083847343922,0.022631928324699402,0.026152675971388817,0.015201243571937084,0.008051051758229733,0.1688661426305771,0.138980895280838,0.015511601231992245,0.11861078441143036,0.0039051345083862543,0.009432095102965832,0.004289047326892614,0.0026596609968692064,0.2770501673221588,0.07847031950950623,0.039267729967832565,0.08023808151483536,0.004035322926938534,0.021970607340335846,0.07226485759019852,0.004185021854937077,0.04826417565345764,0.010608179494738579,0.046079836785793304,0.05596909299492836,0.08353518694639206,0.011240432038903236,0.02508481778204441,0.06693461537361145,0.007840114645659924,0.013423307798802853,0.014227770268917084,,,,,,,,,,,,,,,
unknown,く,432,433,596.423,596.5823,0.9970703,,0.0740036740899086,0.0736294612288475,0.18018080294132233,0.14121751487255096,0.0037385548930615187,0.04848320037126541,0.01011818926781416,0.06872474402189255,0.03595302999019623,0.04761300981044769,0.05915151536464691,0.052171625196933746,0.10092707723379135,0.15133611857891083,0.022324848920106888,0.03328024968504906,0.054362427443265915,0.027000045403838158,0.04030245169997215,0.028749236837029457,0.006845652125775814,0.011511691845953465,0.0236460343003273,0.023117568343877792,0.013514785096049309,0.008482175879180431,0.17159011960029602,0.13203759491443634,0.01908334530889988,0.11933426558971405,0.0041602058336138725,0.0080190971493721,0.004560978151857853,0.0026770641561597586,0.2808496952056885,0.06837546825408936,0.030989129096269608,0.0771305039525032,0.004462269600480795,0.021373353898525238,0.06751886010169983,0.0034046631772071123,0.037270549684762955,0.01482847984880209,0.05146705359220505,0.047871071845293045,0.06272859871387482,0.011463019996881485,0.026280557736754417,0.05736943334341049,0.008235619403421879,0.010955136269330978,0.013592462055385113,,,,,,,,,,,,,,,
unknown,な,434,435,596.5823,596.6619,0.9975586,,0.054392848163843155,0.045466065406799316,0.1523064523935318,0.13388291001319885,0.004810204729437828,0.07060827314853668,0.015100842341780663,0.05397989973425865,0.04810067638754845,0.058827146887779236,0.05815642327070236,0.05561217665672302,0.11062457412481308,0.14275285601615906,0.023567892611026764,0.03514496609568596,0.04179563373327255,0.029380014166235924,0.05978698655962944,0.03553937003016472,0.008557157590985298,0.017018752172589302,0.03003275953233242,0.01862521655857563,0.021181825548410416,0.009446519427001476,0.1578022986650467,0.09732834249734879,0.01796393096446991,0.10963383316993713,0.005812622606754303,0.007792035583406687,0.006817811168730259,0.003374287858605385,0.238033264875412,0.05451444163918495,0.0187196247279644,0.05963823199272156,0.006328545976430178,0.02412470243871212,0.08040601760149002,0.005055704619735479,0.022106019780039787,0.017845163121819496,0.05608337000012398,0.051904577761888504,0.043816033750772476,0.01640925370156765,0.03871946409344673,0.06579530239105225,0.008790018036961555,0.016933176666498184,0.01621757261455059,,,,,,,,,,,,,,,
unknown,い,436,437,596.6619,597.1619,0.99365234,,0.06216532364487648,0.05551106855273247,0.15870589017868042,0.11694468557834625,0.004590254742652178,0.06329108774662018,0.014713378623127937,0.06167970225214958,0.045270681381225586,0.052881814539432526,0.06813183426856995,0.05126982182264328,0.10120154917240143,0.15583784878253937,0.023625066503882408,0.039647702127695084,0.039917394518852234,0.025321034714579582,0.06140424311161041,0.035126250237226486,0.008526592515408993,0.01698266714811325,0.02879290096461773,0.019815033301711082,0.02035718411207199,0.011656805872917175,0.13620129227638245,0.10997378081083298,0.017712214961647987,0.09522735327482224,0.005607422441244125,0.009955908171832561,0.007093546912074089,0.0033492078073322773,0.2303895205259323,0.05616317689418793,0.025790221989154816,0.07508151978254318,0.007266628090292215,0.02179710939526558,0.08776834607124329,0.006377696059644222,0.032776493579149246,0.021442905068397522,0.047726914286613464,0.0543360598385334,0.05555596947669983,0.016860898584127426,0.03781527280807495,0.06680140644311905,0.01085052452981472,0.018778378143906593,0.015427254140377045,,,,,,,,,,,,,,,
