Id,Text,BeginPosition,EndPosition,BeginTime,EndTime,Confidence,SpeakerConfidence,Admiration,Adoration,Aesthetic Appreciation,Amusement,Anger,Annoyance,Anxiety,Awe,Awkwardness,Boredom,Calmness,Concentration,Confusion,Contemplation,Contempt,Contentment,Craving,Determination,Disappointment,Disapproval,Disgust,Distress,Doubt,Ecstasy,Embarrassment,Empathic Pain,Enthusiasm,Entrancement,Envy,Excitement,Fear,Gratitude,Guilt,Horror,Interest,Joy,Love,Nostalgia,Pain,Pride,Realization,Relief,Romance,Sadness,Sarcasm,Satisfaction,Desire,Shame,Surprise (negative),Surprise (positive),Sympathy,Tiredness,Triumph,1,2,3,4,5,6,7,8,9,toxic,severe_toxic,obscene,threat,insult,identity_hate
unknown,道,0,1,5.66,6.16,0.9121094,,0.06744486093521118,0.021530654281377792,0.033421289175748825,0.03739970922470093,0.008265246637165546,0.05672696977853775,0.0016956343315541744,0.014912008307874203,0.06574203073978424,0.07823559641838074,0.108234703540802,0.01994774490594864,0.10626877099275589,0.013862216845154762,0.04925045743584633,0.09281424432992935,0.002395817544311285,0.01388248149305582,0.02643483690917492,0.028938405215740204,0.006866822484880686,0.002199387876316905,0.01693117246031761,0.005855639465153217,0.01311681792140007,0.0024354977067559958,0.05369644984602928,0.010506723076105118,0.00805699173361063,0.02177092246711254,0.0005578116979449987,0.044407982379198074,0.0032448871061205864,0.000495385262183845,0.052935946732759476,0.055621437728405,0.008725556544959545,0.0037931492552161217,0.0008706507505849004,0.027690472081303596,0.04293119162321091,0.023699384182691574,0.0029297438450157642,0.0029542900156229734,0.038703322410583496,0.1118989959359169,0.004575525876134634,0.01111379824578762,0.03550959751009941,0.08778517693281174,0.007762137334793806,0.008239024318754673,0.04764658957719803,,,,,,,,,,,,,,,
unknown,悲,2,3,8.78,8.98,0.9980469,,0.021726060658693314,0.011854462325572968,0.051876962184906006,0.03627526015043259,0.006956043653190136,0.026564093306660652,0.016487447544932365,0.021955043077468872,0.046055179089307785,0.046899858862161636,0.1508849859237671,0.0075400155037641525,0.048157308250665665,0.051591988652944565,0.024626223370432854,0.06581156700849533,0.0020550070330500603,0.004506338853389025,0.06077498942613602,0.026118045672774315,0.011094870045781136,0.05144282430410385,0.00948587991297245,0.008099788799881935,0.019980711862444878,0.03293890878558159,0.01744980551302433,0.02095041237771511,0.0033378074876964092,0.009682747535407543,0.00806149747222662,0.013022410683333874,0.010449159890413284,0.0061312527395784855,0.031441666185855865,0.03490002080798149,0.00791128259152174,0.009441056288778782,0.0441116988658905,0.018575165420770645,0.03498191013932228,0.013381938450038433,0.0032953915651887655,0.2564206123352051,0.05875372886657715,0.03260960057377815,0.0024256636388599873,0.035234320908784866,0.03012385033071041,0.010547323152422905,0.026683621108531952,0.03768191859126091,0.01114994939416647,,,,,,,,,,,,,,,
unknown,し,4,5,8.98,9.139999,0.99853516,,0.029239578172564507,0.013747647404670715,0.0435698926448822,0.05313750356435776,0.011679872870445251,0.05261759087443352,0.019454864785075188,0.023581307381391525,0.06977110356092453,0.0330858938395977,0.10426559299230576,0.006591320037841797,0.05804680660367012,0.04627669230103493,0.03599992021918297,0.051030050963163376,0.0017733077984303236,0.005025182384997606,0.09912516921758652,0.06299688667058945,0.019742047414183617,0.047411561012268066,0.01810539700090885,0.006150464061647654,0.030621135607361794,0.02984798513352871,0.02523253671824932,0.015752514824271202,0.0057022226974368095,0.016081273555755615,0.010138759389519691,0.010004718787968159,0.010834946297109127,0.007430017925798893,0.043941546231508255,0.0364094078540802,0.006577818654477596,0.005731361918151379,0.02566344477236271,0.023885944858193398,0.05102510005235672,0.012606183998286724,0.0027297805063426495,0.1839178502559662,0.08359628170728683,0.036341506987810135,0.002762516727671027,0.04261080548167229,0.07013027369976044,0.024608774110674858,0.028948094695806503,0.012497114948928356,0.011821432039141655,,,,,,,,,,,,,,,
unknown,い,6,7,9.139999,9.639999,0.97558594,,0.020309874787926674,0.008793771266937256,0.025741199031472206,0.04697733744978905,0.014731362462043762,0.08129671961069107,0.017845744267106056,0.014621134847402573,0.09585125744342804,0.04262679070234299,0.07919131219387054,0.008600777015089989,0.06795156747102737,0.053683821111917496,0.045963529497385025,0.032041676342487335,0.0018019286217167974,0.008596467785537243,0.1339530348777771,0.09319816529750824,0.023115692660212517,0.04334631562232971,0.02791001833975315,0.0031873127445578575,0.042649541050195694,0.03436851501464844,0.02188403159379959,0.011792697943747044,0.006976979784667492,0.011706192046403885,0.007201085798442364,0.005557083059102297,0.015082084573805332,0.00507836090400815,0.04538269340991974,0.017478790134191513,0.0045407600700855255,0.005374332889914513,0.018844740465283394,0.020487122237682343,0.06940245628356934,0.009077797643840313,0.0027553015388548374,0.18454773724079132,0.09016429632902145,0.02483060397207737,0.003745307447388768,0.05573659762740135,0.08042284101247787,0.019785340875387192,0.03566967695951462,0.015105288475751877,0.009915057569742203,,,,,,,,,,,,,,,
unknown,魚,8,9,13.62,14.12,0.99609375,,0.021672740578651428,0.01028912141919136,0.02200956828892231,0.06481365114450455,0.008033541031181812,0.049520332366228104,0.014868865720927715,0.011531367897987366,0.05905074253678322,0.04348219931125641,0.05648384243249893,0.0067394147627055645,0.045954629778862,0.03860550373792648,0.02309083752334118,0.028474215418100357,0.002477847971022129,0.01184049155563116,0.13644127547740936,0.04261372238397598,0.009043389931321144,0.04332124814391136,0.017946073785424232,0.003396744607016444,0.028917528688907623,0.03492845594882965,0.041242364794015884,0.00884000863879919,0.0050163124687969685,0.02219453454017639,0.005251852795481682,0.004250650759786367,0.011472281999886036,0.002798783825710416,0.05188431590795517,0.021949563175439835,0.00584053760394454,0.006744534708559513,0.016570186242461205,0.026088764891028404,0.05575229227542877,0.006847521290183067,0.0019979611970484257,0.32952606678009033,0.09224465489387512,0.024262428283691406,0.0024533492978662252,0.03796284273266792,0.0647813007235527,0.016209399327635765,0.04017220437526703,0.012967700138688087,0.01126834750175476,,,,,,,,,,,,,,,
unknown,お,10,11,20.303677,20.463333,0.99902344,,0.02715698443353176,0.014036542735993862,0.03081582300364971,0.07335829734802246,0.008017292246222496,0.04564700648188591,0.012122184038162231,0.01572919264435768,0.0501316599547863,0.05141593515872955,0.0659797266125679,0.007439383305609226,0.037896785885095596,0.053698524832725525,0.02876032330095768,0.03383709862828255,0.003561493707820773,0.010769572108983994,0.13400018215179443,0.04689589515328407,0.011405943892896175,0.03894325718283653,0.01678190566599369,0.00468819122761488,0.025744037702679634,0.03509039431810379,0.041097238659858704,0.014213607646524906,0.006947876885533333,0.02137434482574463,0.004850591532886028,0.004440570715814829,0.010519611649215221,0.003064139047637582,0.05384226515889168,0.02695656381547451,0.008364598266780376,0.011967078782618046,0.020527679473161697,0.02575739100575447,0.05805537477135658,0.005461541470140219,0.00370721030049026,0.321805864572525,0.10561882704496384,0.02658299170434475,0.004197676666080952,0.03918387368321419,0.047685690224170685,0.013350059278309345,0.03515097126364708,0.01860005222260952,0.011102498508989811,,,,,,,,,,,,,,,
unknown,腹,12,13,20.463333,20.963333,0.96484375,,0.03494597226381302,0.022844906896352768,0.03840743377804756,0.08332644402980804,0.007825879380106926,0.05102257803082466,0.012615588493645191,0.02026239223778248,0.03794889152050018,0.05643004924058914,0.0553765743970871,0.008544704876840115,0.03654753789305687,0.0487111434340477,0.02340874634683132,0.04063105583190918,0.008122570812702179,0.013713455758988857,0.13798768818378448,0.033782292157411575,0.008507446385920048,0.03894255682826042,0.012449102476239204,0.007916067726910114,0.021847758442163467,0.027646280825138092,0.06560726463794708,0.01890457235276699,0.007744425442069769,0.04049204662442207,0.004339796956628561,0.007123180199414492,0.010707913897931576,0.002628548536449671,0.057996101677417755,0.044816914945840836,0.012298769317567348,0.019026843830943108,0.019941018894314766,0.030207190662622452,0.05437676981091499,0.006694442592561245,0.004426486324518919,0.3120105564594269,0.08112943172454834,0.03691081330180168,0.004824924748390913,0.03056628443300724,0.04192584753036499,0.017138179391622543,0.02684454619884491,0.015971485525369644,0.014554590918123722,,,,,,,,,,,,,,,
unknown,本,14,15,26.25094,26.650085,0.92822266,,0.012699632905423641,0.008330777287483215,0.01861192286014557,0.08319379389286041,0.01319651585072279,0.08534379303455353,0.018289996311068535,0.008241519331932068,0.05797750502824783,0.06538008153438568,0.023981954902410507,0.008470169268548489,0.039895568042993546,0.02609749510884285,0.03086707554757595,0.02330469898879528,0.0033160524908453226,0.016357235610485077,0.19437119364738464,0.06530100852251053,0.014101066626608372,0.05521345138549805,0.01728721149265766,0.0048500592820346355,0.03948346525430679,0.018283654004335403,0.06953509151935577,0.008843548595905304,0.0032717296853661537,0.04513145238161087,0.0069018034264445305,0.0038443601224571466,0.016308093443512917,0.004644068889319897,0.03287762403488159,0.026143653318285942,0.005333784501999617,0.011244519613683224,0.016649501398205757,0.02516091614961624,0.053619060665369034,0.0056206900626420975,0.0013824055204167962,0.2663078308105469,0.10376353561878204,0.023253222927451134,0.0016117891063913703,0.0449838750064373,0.07739192992448807,0.015952037647366524,0.01862446591258049,0.014182806015014648,0.0159923043102026,,,,,,,,,,,,,,,
unknown,当,16,17,26.650085,27.150085,0.8964844,,0.024143973365426064,0.014247845858335495,0.037743743509054184,0.08143240213394165,0.008994490839540958,0.06577319651842117,0.011796061880886555,0.014478763565421104,0.03509009629487991,0.05684401094913483,0.04604922607541084,0.008253227919340134,0.035464394837617874,0.04974257946014404,0.02993437647819519,0.031258147209882736,0.005695481784641743,0.011439542286098003,0.17439360916614532,0.054381802678108215,0.013626362197101116,0.043692346662282944,0.011903229169547558,0.004903279710561037,0.02429364062845707,0.027393823489546776,0.05022016912698746,0.014479330740869045,0.005955718457698822,0.027555573731660843,0.004166779108345509,0.0042941938154399395,0.011985013261437416,0.0033288735430687666,0.05004243180155754,0.02700958400964737,0.007031537592411041,0.018184809014201164,0.020102577283978462,0.028503045439720154,0.04771130159497261,0.00446354690939188,0.0020488370209932327,0.34212183952331543,0.09466733783483505,0.028709592297673225,0.0027060818392783403,0.037321243435144424,0.04294649884104729,0.010183069854974747,0.02540111169219017,0.01633569970726967,0.01136827003210783,,,,,,,,,,,,,,,
unknown,高,18,19,31.418266,31.778004,0.99609375,,0.027447527274489403,0.01520274206995964,0.046301454305648804,0.17299973964691162,0.008323262445628643,0.10276130586862564,0.007539259735494852,0.01673399657011032,0.04739193245768547,0.10025172680616379,0.06217815354466438,0.008881640620529652,0.05867137014865875,0.04000098630785942,0.04086339473724365,0.05931693688035011,0.006771162152290344,0.008470943197607994,0.15795589983463287,0.08207720518112183,0.01822005771100521,0.022978076711297035,0.011891805566847324,0.006975654046982527,0.027977105230093002,0.011301013641059399,0.07689225673675537,0.015456552617251873,0.005961471237242222,0.043630968779325485,0.0022835026029497385,0.007818737998604774,0.009514621458947659,0.002431962639093399,0.060629796236753464,0.046718280762434006,0.005340568255633116,0.01394437812268734,0.006798530463129282,0.03353239223361015,0.05313490703701973,0.007772979326546192,0.0012859624112024903,0.12958647310733795,0.15346401929855347,0.06112513691186905,0.002751483116298914,0.028218744322657585,0.05400250479578972,0.02600909024477005,0.012715714052319527,0.015436398796737194,0.016407901421189308,,,,,,,,,,,,,,,
unknown,い,20,21,31.778004,32.278004,0.98779297,,0.029601402580738068,0.015843912959098816,0.05328253656625748,0.17353419959545135,0.00668877549469471,0.09343987703323364,0.007556182332336903,0.01822265423834324,0.047221001237630844,0.09868544340133667,0.057765617966651917,0.008770590648055077,0.0579875111579895,0.03891601786017418,0.035798411816358566,0.06048621982336044,0.006227191537618637,0.008898203261196613,0.16578097641468048,0.07251192629337311,0.01575956679880619,0.02319415658712387,0.011843855492770672,0.007619696669280529,0.028862861916422844,0.011305156163871288,0.0823054239153862,0.016377832740545273,0.0059943716041743755,0.04716743901371956,0.0021764945704489946,0.007737923879176378,0.009707329794764519,0.002168107545003295,0.05732404440641403,0.049090635031461716,0.005347254686057568,0.012410269118845463,0.0070064859464764595,0.0371348112821579,0.053890030831098557,0.0077979848720133305,0.00123241834808141,0.14220616221427917,0.14685599505901337,0.06267455220222473,0.0025712503120303154,0.02909308485686779,0.05298927053809166,0.026624225080013275,0.012573410756886005,0.017220087349414825,0.017516886815428734,,,,,,,,,,,,,,,
unknown,白,22,23,40.131912,40.411705,0.9951172,,0.04022893309593201,0.02061058022081852,0.08818795531988144,0.1617971956729889,0.008427493274211884,0.11184226721525192,0.006083435378968716,0.024074412882328033,0.03929487243294716,0.08867081254720688,0.05470956489443779,0.011960415169596672,0.052977968007326126,0.03481233865022659,0.037182506173849106,0.050018951296806335,0.005821063183248043,0.01125743705779314,0.16504690051078796,0.07784093916416168,0.020164616405963898,0.022942550480365753,0.008947491645812988,0.00781990122050047,0.028092514723539352,0.011014044284820557,0.07740093767642975,0.02068793773651123,0.007717396132647991,0.0445517934858799,0.0020731030963361263,0.005575618706643581,0.006748574320226908,0.002871899399906397,0.061253756284713745,0.04334472492337227,0.006224545184522867,0.013772907666862011,0.008760063908994198,0.053291551768779755,0.052757956087589264,0.006024833302944899,0.0017321587074548006,0.12574969232082367,0.12707212567329407,0.06353352963924408,0.004068647976964712,0.027337616309523582,0.058237429708242416,0.02848934382200241,0.01125236228108406,0.013260661624372005,0.02121599204838276,,,,,,,,,,,,,,,
unknown,い,24,25,40.411705,40.911705,0.9995117,,0.04224728047847748,0.021151497960090637,0.09845986217260361,0.15448400378227234,0.006573786959052086,0.08642847836017609,0.006894097663462162,0.025383278727531433,0.0378815159201622,0.0756755843758583,0.05624369904398918,0.012674189172685146,0.0513882040977478,0.03920191898941994,0.02999921329319477,0.05258418619632721,0.006688493303954601,0.013541034422814846,0.15979312360286713,0.05849307402968407,0.015711825340986252,0.024954229593276978,0.009173243306577206,0.008945653215050697,0.02817932888865471,0.01382132526487112,0.08395109325647354,0.02229812555015087,0.00849311612546444,0.048097457736730576,0.0022896346636116505,0.005450488068163395,0.007943508215248585,0.0027413065545260906,0.06693321466445923,0.04512772336602211,0.006508805323392153,0.013728657737374306,0.010597579181194305,0.06109011173248291,0.05145561695098877,0.006310788914561272,0.0018699606880545616,0.15411198139190674,0.11065371334552765,0.06651818752288818,0.00431574834510684,0.02955321967601776,0.05197439715266228,0.02653983235359192,0.01393025740981102,0.013580049388110638,0.023271216079592705,,,,,,,,,,,,,,,
unknown,飛,26,27,43.62438,43.784264,0.99853516,,0.049011893570423126,0.023954585194587708,0.12104249745607376,0.16823066771030426,0.004300556145608425,0.06397707760334015,0.006249563302844763,0.03371913358569145,0.028718002140522003,0.08053529262542725,0.08318153768777847,0.01972048729658127,0.054739490151405334,0.05969448387622833,0.02267036959528923,0.06468610465526581,0.010179923847317696,0.018851080909371376,0.1283242404460907,0.04096577689051628,0.008366601541638374,0.017536088824272156,0.008942501619458199,0.012509558349847794,0.018343733623623848,0.009548666886985302,0.1227715015411377,0.03487712889909744,0.009048049338161945,0.0732647106051445,0.0022099667694419622,0.004787544719874859,0.00591713422909379,0.0019825585186481476,0.10707510262727737,0.05606213957071304,0.0058326818980276585,0.019189920276403427,0.006184476427733898,0.05522645264863968,0.05585431307554245,0.006507915910333395,0.002330007031559944,0.10772207379341125,0.07500599324703217,0.08210750669240952,0.0056285555474460125,0.019339721649885178,0.03912205249071121,0.030999140813946724,0.010080056264996529,0.011180306784808636,0.02663644589483738,,,,,,,,,,,,,,,
unknown,行,28,29,43.784264,44.144,0.9921875,,0.05249173939228058,0.02573692984879017,0.11998280137777328,0.18428149819374084,0.005039017181843519,0.07345716655254364,0.0050437841564416885,0.03487711027264595,0.026492426171898842,0.08192981779575348,0.07166869938373566,0.018055269494652748,0.052640028297901154,0.059149716049432755,0.028344890102744102,0.06074206903576851,0.011189360171556473,0.019227704033255577,0.1370188295841217,0.05204498767852783,0.009472111240029335,0.014479830861091614,0.009777414612472057,0.013222983106970787,0.01574314944446087,0.007515687495470047,0.14195282757282257,0.03623984381556511,0.011552839539945126,0.08536643534898758,0.0018397340318188071,0.004115145653486252,0.0046605602838099,0.0017765691736713052,0.10789910703897476,0.05787049978971481,0.005945397075265646,0.019089294597506523,0.004719911143183708,0.05781302601099014,0.052696164697408676,0.004914309363812208,0.0025318108964711428,0.093108631670475,0.09571356326341629,0.08002429455518723,0.006526125129312277,0.017330799251794815,0.03913230821490288,0.030513230711221695,0.008267550729215145,0.010018480941653252,0.02743667922914028,,,,,,,,,,,,,,,
unknown,機,30,31,44.144,44.644,0.9663086,,0.05595671385526657,0.02917555347084999,0.13042326271533966,0.20400004088878632,0.0034473510459065437,0.05371684208512306,0.00478830561041832,0.04333503544330597,0.019841477274894714,0.07929471880197525,0.074296735227108,0.02638630010187626,0.05618248134851456,0.08064843714237213,0.023197855800390244,0.056053563952445984,0.029238175600767136,0.025487402454018593,0.08365093171596527,0.0338294617831707,0.005771783646196127,0.009763987734913826,0.010588803328573704,0.016897253692150116,0.008895806968212128,0.0042359777726233006,0.18995559215545654,0.05597826465964317,0.016666198149323463,0.120956189930439,0.002040077932178974,0.0029392256401479244,0.0028283793944865465,0.0014856938505545259,0.17474041879177094,0.05884052440524101,0.005776916164904833,0.023950863629579544,0.0027137768920511007,0.04417658597230911,0.046646978706121445,0.0034313658252358437,0.003404623828828335,0.04452582821249962,0.08267239481210709,0.08009444922208786,0.010539882816374302,0.009961394593119621,0.027804335579276085,0.034747492522001266,0.004942797590047121,0.006214418448507786,0.024457167834043503,,,,,,,,,,,,,,,
unknown,鼻,32,33,51.01903,51.51903,0.7441406,,0.04879359155893326,0.025802690535783768,0.10110605508089066,0.1900920867919922,0.006463266909122467,0.09515028446912766,0.006086515262722969,0.03208433836698532,0.024545924738049507,0.08068623393774033,0.059859681874513626,0.024412931874394417,0.06036904454231262,0.05854200944304466,0.028239013627171516,0.0473518967628479,0.02759569138288498,0.02702314779162407,0.09127426892518997,0.04376237839460373,0.009171455167233944,0.014166288077831268,0.009509256109595299,0.012617954984307289,0.012377806007862091,0.004929893650114536,0.15588848292827606,0.03772098198533058,0.0163971409201622,0.0948447585105896,0.0021457932889461517,0.0034255357459187508,0.0039187534712255,0.0016552574234083295,0.13381540775299072,0.048666100949048996,0.004965346772223711,0.01623329147696495,0.0037724992725998163,0.05098912492394447,0.04557529836893082,0.004113169386982918,0.002341159386560321,0.045171938836574554,0.09280862659215927,0.07575319707393646,0.009088204242289066,0.012754620052874088,0.030221473425626755,0.030595047399401665,0.005616861395537853,0.007930000312626362,0.024300970137119293,,,,,,,,,,,,,,,
unknown,財,34,35,55.495796,55.855534,0.9980469,,0.054364800453186035,0.029698701575398445,0.0902232900261879,0.1799224466085434,0.008020355366170406,0.1003948524594307,0.005539329722523689,0.03241366147994995,0.021336890757083893,0.07067403197288513,0.042706914246082306,0.01888631470501423,0.047301702201366425,0.03741539269685745,0.02793990634381771,0.05517708882689476,0.01816694252192974,0.03205538168549538,0.09431903064250946,0.03550121188163757,0.007629167754203081,0.01423952728509903,0.007536992896348238,0.0166013203561306,0.012088343501091003,0.004521139431744814,0.19929997622966766,0.030193857848644257,0.014518237672746181,0.13298529386520386,0.0016477141762152314,0.005092367064207792,0.0035795243456959724,0.0012939305743202567,0.09563972055912018,0.07206319272518158,0.006323017179965973,0.014429963193833828,0.004421892110258341,0.08826826512813568,0.0381719134747982,0.00503882160410285,0.002006064634770155,0.050987813621759415,0.08690090477466583,0.08979589492082596,0.005843206308782101,0.01198363583534956,0.02968527004122734,0.03439198434352875,0.0050862012431025505,0.009610340930521488,0.042283494025468826,,,,,,,,,,,,,,,
unknown,布,36,37,55.855534,56.355534,0.9921875,,0.056200381368398666,0.03300667926669121,0.12174052745103836,0.16080480813980103,0.006481305230408907,0.089471735060215,0.004316968377679586,0.03520237281918526,0.018254155293107033,0.09248807281255722,0.05778598412871361,0.021759193390607834,0.04643825814127922,0.048066847026348114,0.026914870366454124,0.053007978945970535,0.02200279012322426,0.028415394946932793,0.10763999819755554,0.03594667837023735,0.006966494023799896,0.012345434166491032,0.0070105851627886295,0.015159990638494492,0.008941112086176872,0.006042275577783585,0.18925189971923828,0.037297576665878296,0.01842287927865982,0.1170182004570961,0.001190416282042861,0.004367171786725521,0.0031858019065111876,0.0011392859742045403,0.11915039271116257,0.06580280512571335,0.007281751371920109,0.022237690165638924,0.0041566709987819195,0.05933128669857979,0.03738101199269295,0.004212637431919575,0.0030457156244665384,0.06864465773105621,0.07978704571723938,0.07470425963401794,0.007834294810891151,0.010526404716074467,0.029179278761148453,0.029012003913521767,0.007106180768460035,0.010352736338973045,0.02973977103829384,,,,,,,,,,,,,,,
unknown,猫,38,39,62.460392,62.960392,1.0,,0.056327935308218,0.035587090998888016,0.11091071367263794,0.15217532217502594,0.006150600966066122,0.07061327993869781,0.007908441126346588,0.03508139029145241,0.02165095880627632,0.07990141957998276,0.057784948498010635,0.02056218311190605,0.04178977757692337,0.05468564108014107,0.024024788290262222,0.0647628977894783,0.01732330396771431,0.03111042082309723,0.09156621247529984,0.026520568877458572,0.005998676642775536,0.019684717059135437,0.00726656848564744,0.016866108402609825,0.0122159318998456,0.010780896991491318,0.18253587186336517,0.03559054806828499,0.014668863266706467,0.11839690804481506,0.001981587614864111,0.006461462005972862,0.0049946983344852924,0.001410798984579742,0.09881854057312012,0.08078271150588989,0.008950402960181236,0.0255584754049778,0.00773152569308877,0.08370281755924225,0.04002973437309265,0.006494957022368908,0.002877571387216449,0.12191721796989441,0.07213985919952393,0.08230599015951157,0.005457569379359484,0.014260676689445972,0.023687999695539474,0.024243658408522606,0.011182606220245361,0.013775303959846497,0.03534141182899475,,,,,,,,,,,,,,,
unknown,っ,40,41,70.30254,70.38241,0.73535156,,0.05894887074828148,0.03828657045960426,0.12230868637561798,0.1603209376335144,0.0064776139333844185,0.06961089372634888,0.007156006060540676,0.03635908663272858,0.020781641826033592,0.0696723535656929,0.05270206183195114,0.022317389026284218,0.04430323839187622,0.05889584869146347,0.02596954070031643,0.058589473366737366,0.01767461560666561,0.03460957109928131,0.08227024972438812,0.02908996120095253,0.006211158819496632,0.01782856322824955,0.007638891693204641,0.018051093444228172,0.01096227578818798,0.010928915813565254,0.20674416422843933,0.03892495110630989,0.014834756031632423,0.12945611774921417,0.0018927964847534895,0.006368303671479225,0.00446673110127449,0.0014476011274382472,0.10949821025133133,0.08429048210382462,0.009815942496061325,0.027317969128489494,0.006906404159963131,0.08153335750102997,0.03847441077232361,0.0053436593152582645,0.0033508422784507275,0.1025773286819458,0.07781374454498291,0.07682926207780838,0.006164100486785173,0.012750488705933094,0.022130796685814857,0.023772230371832848,0.01129732932895422,0.012138609774410725,0.03580918535590172,,,,,,,,,,,,,,,
unknown,と,42,43,70.38241,70.88241,0.60546875,,0.04983004555106163,0.030360763892531395,0.10567864775657654,0.16240231692790985,0.0066445209085941315,0.07485035061836243,0.008060178719460964,0.03090318851172924,0.021071983501315117,0.07694724947214127,0.058861661702394485,0.0250701904296875,0.04533746466040611,0.06957840919494629,0.02749558910727501,0.05891437083482742,0.017935149371623993,0.038108840584754944,0.09317600727081299,0.031623050570487976,0.006216675508767366,0.018563155084848404,0.008957485668361187,0.0152567308396101,0.011003938503563404,0.011400112882256508,0.2011735737323761,0.03456111624836922,0.01461982075124979,0.1275414228439331,0.0021328080911189318,0.005829785484820604,0.004667696077376604,0.0014677487779408693,0.12022120505571365,0.07583935558795929,0.008103862404823303,0.029638493433594704,0.006876964587718248,0.07646963000297546,0.04205247759819031,0.005833297502249479,0.0029269519727677107,0.10954480618238449,0.08037234097719193,0.07625145465135574,0.005385431461036205,0.013073398731648922,0.023227009922266006,0.02251257188618183,0.011801901273429394,0.011969134211540222,0.03576089069247246,,,,,,,,,,,,,,,
unknown,雷,44,45,74.57552,75.07552,0.9916992,,0.04516605660319328,0.02854815684258938,0.09419642388820648,0.19814765453338623,0.009685750119388103,0.09146922826766968,0.009010130539536476,0.03377831354737282,0.022793801501393318,0.06927784532308578,0.037457022815942764,0.02164120227098465,0.06363337486982346,0.0571117140352726,0.030163930729031563,0.04585442692041397,0.02310212329030037,0.031005632132291794,0.08734391629695892,0.03454650938510895,0.007996647618710995,0.020881010219454765,0.00959211029112339,0.01908445544540882,0.012433904223144054,0.007513642311096191,0.20308992266654968,0.03649698197841644,0.015877310186624527,0.15202145278453827,0.002717407653108239,0.005029479041695595,0.004259221255779266,0.0022074978332966566,0.11205825209617615,0.07572333514690399,0.00617225980386138,0.026773933321237564,0.006192443426698446,0.07293243706226349,0.03820105269551277,0.004877480678260326,0.0024116886779665947,0.08060584962368011,0.10079748928546906,0.06938018649816513,0.005880538374185562,0.012655607424676418,0.03019169345498085,0.029496973380446434,0.007466445676982403,0.008480049669742584,0.03670947626233101,,,,,,,,,,,,,,,
unknown,2,46,47,81.93803,82.09769,0.58496094,,0.05657999962568283,0.048308514058589935,0.1094934269785881,0.22832848131656647,0.013282527215778828,0.08730199187994003,0.007406193763017654,0.04017794132232666,0.02574130892753601,0.05168747156858444,0.018558377400040627,0.010679448954761028,0.08272425830364227,0.03863953426480293,0.03076070547103882,0.029278147965669632,0.021608741953969002,0.016085680574178696,0.07676851749420166,0.03953554853796959,0.00949198380112648,0.022264914587140083,0.007980178110301495,0.024318469688296318,0.012353376485407352,0.007776432670652866,0.205426886677742,0.04119873046875,0.016066621989011765,0.16612036526203156,0.0024720276705920696,0.004810321144759655,0.003222982631996274,0.0030186481308192015,0.10021766275167465,0.0984872430562973,0.010941959917545319,0.02952883206307888,0.00648098811507225,0.05343504995107651,0.02706747129559517,0.0025799302384257317,0.003841596422716975,0.0916985273361206,0.11722669750452042,0.04491313546895981,0.007596938870847225,0.010786740109324455,0.03720559552311897,0.03272441029548645,0.007182985078543425,0.004641631618142128,0.02297746017575264,,,,,,,,,,,,,,,
unknown,は,48,49,82.09769,82.59769,0.93115234,,0.05538935959339142,0.041131846606731415,0.09852191805839539,0.19422447681427002,0.014264113269746304,0.08363250643014908,0.006963782943785191,0.03922025486826897,0.023105863481760025,0.0450180359184742,0.01896873489022255,0.013712047599256039,0.06186309829354286,0.0323803648352623,0.0273573100566864,0.0327913761138916,0.02235184982419014,0.028309043496847153,0.0786215290427208,0.031390462070703506,0.00820973515510559,0.021829579025506973,0.006850427482277155,0.02979213185608387,0.012651964090764523,0.008722998201847076,0.2549445331096649,0.03754514455795288,0.016705768182873726,0.20377832651138306,0.0023321888875216246,0.004901277367025614,0.0035712046083062887,0.002768751699477434,0.10185182094573975,0.09868966788053513,0.009498556144535542,0.02311066910624504,0.007759790401905775,0.07418461889028549,0.02936832420527935,0.0035381598863750696,0.00374017795547843,0.08264351636171341,0.08980878442525864,0.05841286480426788,0.008508418686687946,0.011159351095557213,0.03907418251037598,0.03982211649417877,0.008268259465694427,0.005041914992034435,0.039725471287965775,,,,,,,,,,,,,,,
unknown,本,50,51,91.95693,92.45693,0.6044922,,0.013074740767478943,0.012742683291435242,0.03237978368997574,0.11013678461313248,0.027579044923186302,0.10431625694036484,0.012736487202346325,0.022105051204562187,0.0238204225897789,0.03910161927342415,0.010605418123304844,0.014327175915241241,0.061839859932661057,0.012789037078619003,0.02011174149811268,0.023112837225198746,0.006863831076771021,0.02625734731554985,0.07637599855661392,0.025926759466528893,0.008201922290027142,0.04037953168153763,0.004311469849199057,0.04104536771774292,0.015167328529059887,0.004856348969042301,0.2574934661388397,0.020173411816358566,0.0031455853022634983,0.3475283682346344,0.004364530555903912,0.0035291702952235937,0.0046817162074148655,0.006620981264859438,0.05332757905125618,0.07991258054971695,0.0032587379682809114,0.011783061549067497,0.007753962185233831,0.04658089950680733,0.03850572183728218,0.007979747839272022,0.0012634561862796545,0.06819161027669907,0.03471813350915909,0.0484841950237751,0.002564867027103901,0.010920247063040733,0.11144924908876419,0.07577424496412277,0.0039027095772325993,0.003997953608632088,0.05989031121134758,,,,,,,,,,,,,,,
unknown,正,52,53,97.7192,97.95863,0.9838867,,0.07306381314992905,0.04661457985639572,0.12721283733844757,0.19935816526412964,0.011553497985005379,0.09994833171367645,0.003986608237028122,0.04626208171248436,0.016577525064349174,0.042884618043899536,0.03344835340976715,0.023768939077854156,0.05570265278220177,0.03536020219326019,0.030826173722743988,0.06749748438596725,0.01892003044486046,0.036541011184453964,0.07647266983985901,0.03349916264414787,0.00842936709523201,0.012530174106359482,0.00585790304467082,0.032984789460897446,0.01037075836211443,0.006484598852694035,0.2982780635356903,0.04278383031487465,0.01236817892640829,0.19516389071941376,0.0011392355663701892,0.008115214295685291,0.003279763041064143,0.001585701247677207,0.1280466765165329,0.12163423746824265,0.010524352081120014,0.01857464388012886,0.004903190769255161,0.10446882992982864,0.03526510298252106,0.005914175882935524,0.003177135018631816,0.03604353591799736,0.060158438980579376,0.12930674850940704,0.008169217966496944,0.008893576450645924,0.03695738688111305,0.05972544476389885,0.006759694777429104,0.005520984064787626,0.060464002192020416,,,,,,,,,,,,,,,
unknown,し,54,55,97.95863,98.118256,0.99902344,,0.06730452924966812,0.053173527121543884,0.09384259581565857,0.17250163853168488,0.008958029560744762,0.07472699880599976,0.0033549133222550154,0.04390765726566315,0.015922386199235916,0.05663076788187027,0.025612615048885345,0.009508193470537663,0.05350136384367943,0.03279009461402893,0.023135852068662643,0.05069590359926224,0.020914824679493904,0.019896166399121284,0.1304161697626114,0.02571176551282406,0.00599453691393137,0.013823142275214195,0.006441413424909115,0.03006286546587944,0.008709212765097618,0.008340289816260338,0.25639933347702026,0.03631730005145073,0.016838492825627327,0.19511564075946808,0.0007669227197766304,0.0066027953289449215,0.003634330118075013,0.0010264200391247869,0.11313416808843613,0.13393312692642212,0.015844376757740974,0.01946905441582203,0.005526535678654909,0.058790143579244614,0.0346134752035141,0.003939139656722546,0.004946825094521046,0.11607563495635986,0.06790928542613983,0.07625928521156311,0.007968439720571041,0.010115869343280792,0.04607749357819557,0.05371129512786865,0.008887648582458496,0.006193519104272127,0.030982574447989464,,,,,,,,,,,,,,,
unknown,い,56,57,98.118256,98.618256,0.94189453,,0.09682152420282364,0.07647155225276947,0.15381398797035217,0.19486866891384125,0.004682966973632574,0.03708116337656975,0.003204864449799061,0.05965275317430496,0.011077070608735085,0.02519163489341736,0.035419829189777374,0.051765818148851395,0.040718503296375275,0.057884685695171356,0.02838832139968872,0.07139495015144348,0.0882902666926384,0.05772383511066437,0.017928369343280792,0.01776520162820816,0.005531882867217064,0.004336569923907518,0.00646667554974556,0.04850398749113083,0.0046014366671442986,0.00255785696208477,0.4374971389770508,0.08159136027097702,0.015333928167819977,0.3001939356327057,0.0013916699681431055,0.00937702227383852,0.0019870824180543423,0.001349181868135929,0.25818192958831787,0.13967454433441162,0.018801160156726837,0.036900147795677185,0.0014447261346504092,0.08165992051362991,0.036313485354185104,0.0036261382047086954,0.006632954813539982,0.004216822795569897,0.039687059819698334,0.15752816200256348,0.019741922616958618,0.004476890899240971,0.012734713032841682,0.06548243016004562,0.0032837591134011745,0.002260468201711774,0.061032917350530624,,,,,,,,,,,,,,,
unknown,口,58,59,104.86231,105.36231,0.6645508,,0.09846603125333786,0.06148546561598778,0.14379647374153137,0.18443086743354797,0.006193395238369703,0.0437527634203434,0.0032372260466217995,0.06397034227848053,0.012249005027115345,0.01722642220556736,0.030091622844338417,0.06264881044626236,0.06323320418596268,0.0694260448217392,0.029904805123806,0.04325444996356964,0.1280166208744049,0.061578307300806046,0.023004896938800812,0.030232630670070648,0.009560712613165379,0.005173373967409134,0.008896813727915287,0.0392712838947773,0.004881028551608324,0.0027066620532423258,0.37641629576683044,0.08870014548301697,0.018227338790893555,0.22962939739227295,0.0017800134373828769,0.00522520300000906,0.0022411115933209658,0.0022032721899449825,0.33430999517440796,0.0784381777048111,0.01172545738518238,0.026781653985381126,0.0013081557117402554,0.04866613820195198,0.04511246457695961,0.002707530278712511,0.005975012667477131,0.003343580523505807,0.035201940685510635,0.1260315626859665,0.035550326108932495,0.005241180304437876,0.022715222090482712,0.0828467532992363,0.0035141941625624895,0.0013102286029607058,0.04348575323820114,,,,,,,,,,,,,,,
unknown,枕,60,61,110.186714,110.686714,0.9370117,,0.06191535294055939,0.03460028022527695,0.19902652502059937,0.14619353413581848,0.0019873599521815777,0.031915199011564255,0.002311447635293007,0.05984799936413765,0.008313118480145931,0.05595884099602699,0.08339440077543259,0.07372353971004486,0.03998654708266258,0.08128100633621216,0.025669170543551445,0.11207707971334457,0.06721250712871552,0.029289687052369118,0.023848876357078552,0.02038809470832348,0.006017377134412527,0.0034774974919855595,0.005071363877505064,0.02970445342361927,0.0035657165572047234,0.0016314234817400575,0.29592081904411316,0.08331931382417679,0.008960135281085968,0.16845299303531647,0.000904292450286448,0.008414219133555889,0.0018391109770163894,0.0012623086804524064,0.23973752558231354,0.07392515242099762,0.005895731505006552,0.04839567467570305,0.0009035635739564896,0.0463242381811142,0.04792645573616028,0.005867460742592812,0.0017318427562713623,0.004211171995848417,0.033599451184272766,0.19695986807346344,0.00758338114246726,0.004219927825033665,0.014986281283199787,0.06193764880299568,0.0022687625605612993,0.0051299589686095715,0.0467228926718235,,,,,,,,,,,,,,,
unknown,っ,62,63,117.13642,117.25624,0.59228516,,0.07905704528093338,0.0363490991294384,0.1877201646566391,0.17351341247558594,0.002184517215937376,0.029046526178717613,0.0020243297331035137,0.06394929438829422,0.008180748671293259,0.036537833511829376,0.06549153476953506,0.08568445593118668,0.032582566142082214,0.06869423389434814,0.033724743872880936,0.09031442552804947,0.044318750500679016,0.04002593457698822,0.012158955447375774,0.025665337219834328,0.0074016437865793705,0.002506229793652892,0.005916072987020016,0.030810821801424026,0.0030145745258778334,0.0013627911685034633,0.3317917585372925,0.08399342745542526,0.008778104558587074,0.188253253698349,0.0010682132560759783,0.00681356992572546,0.0011206166818737984,0.0013537106569856405,0.2769295573234558,0.06613412499427795,0.005176067817956209,0.01568651758134365,0.0005208260263316333,0.05443066731095314,0.04770052433013916,0.004769344814121723,0.001688807737082243,0.0014562713913619518,0.04706254601478577,0.20352071523666382,0.010600854642689228,0.003232901683077216,0.012987333349883556,0.07103924453258514,0.0021116030402481556,0.002616717480123043,0.05537235736846924,,,,,,,,,,,,,,,
unknown,と,64,65,117.25624,117.75624,0.69433594,,0.04182644188404083,0.01422963384538889,0.10154798626899719,0.14202117919921875,0.010157307609915733,0.11750082671642303,0.0026176385581493378,0.04362046718597412,0.013960612006485462,0.06108057498931885,0.055890507996082306,0.09452725946903229,0.05206317827105522,0.05798657611012459,0.07741899788379669,0.06983696669340134,0.00717942276969552,0.0535990446805954,0.03756093978881836,0.09277153760194778,0.022019390016794205,0.004720715340226889,0.010727605782449245,0.017136434093117714,0.00767545448616147,0.001525403349660337,0.21684348583221436,0.049441054463386536,0.007037523668259382,0.12049732357263565,0.001244696439243853,0.00489038834348321,0.0016839471645653248,0.002154318382963538,0.1520351767539978,0.03577947989106178,0.0020049982704222202,0.008574753999710083,0.0007857199525460601,0.07519238442182541,0.0657876580953598,0.007838633842766285,0.0009454863611608744,0.00249239569529891,0.07813762128353119,0.16450361907482147,0.006778676062822342,0.0074513256549835205,0.04055982455611229,0.08123867958784103,0.002078596269711852,0.00657094968482852,0.09087232500314713,,,,,,,,,,,,,,,
unknown,悪,66,67,123.06127,123.56127,0.55810547,,0.03353659063577652,0.013188496232032776,0.08513046056032181,0.1420685350894928,0.007933794520795345,0.08056984841823578,0.004901282023638487,0.03650252893567085,0.017597438767552376,0.046032365411520004,0.06397785991430283,0.09202367067337036,0.07475288212299347,0.09772980958223343,0.05227081850171089,0.0637669637799263,0.04471162334084511,0.04642144590616226,0.047229163348674774,0.08082841336727142,0.023837370797991753,0.008023693226277828,0.01484627090394497,0.019329005852341652,0.008316018618643284,0.0023338894825428724,0.2184552401304245,0.0557861402630806,0.007858957163989544,0.12081500887870789,0.0032439182978123426,0.005203824955970049,0.004267193377017975,0.004443586338311434,0.24732539057731628,0.031937263906002045,0.002171121072024107,0.017515072599053383,0.0013265081215649843,0.03378147631883621,0.0853499248623848,0.007295401766896248,0.0011567228939384222,0.0039251409471035,0.06603887677192688,0.15120509266853333,0.010244856588542461,0.010020725429058075,0.04570743441581726,0.07591322809457779,0.0028866571374237537,0.0036865894217044115,0.049230191856622696,,,,,,,,,,,,,,,
unknown,赤,68,69,129.6058,130.1058,0.85791016,,0.026228848844766617,0.014798448421061039,0.06470239162445068,0.13437259197235107,0.02055547945201397,0.13788214325904846,0.01052013412117958,0.03440298140048981,0.0316462479531765,0.032042138278484344,0.03464614227414131,0.0577034130692482,0.100145123898983,0.0857745036482811,0.05383933335542679,0.03549673408269882,0.056277427822351456,0.04145444184541702,0.10250185430049896,0.1038452535867691,0.047767408192157745,0.02168210595846176,0.01739724539220333,0.02489858865737915,0.024311745539307594,0.006919010076671839,0.17061173915863037,0.055162739008665085,0.01180210243910551,0.12108783423900604,0.0054623899050056934,0.004008487332612276,0.013863037340342999,0.009935256093740463,0.1985594928264618,0.031216267496347427,0.0031982504297047853,0.017365925014019012,0.00449888501316309,0.026111062616109848,0.09762377291917801,0.007369595114141703,0.003025214886292815,0.011044883169233799,0.05278494209051132,0.0949690192937851,0.028161419555544853,0.027115514501929283,0.09115589410066605,0.08109584450721741,0.006584813818335533,0.0038513531908392906,0.03328176960349083,,,,,,,,,,,,,,,
unknown,坊,70,71,130.20439,130.70439,0.40820312,,0.04295054078102112,0.025408538058400154,0.08149823546409607,0.1811377853155136,0.008498523384332657,0.06910385191440582,0.005227864719927311,0.05024900659918785,0.027703717350959778,0.026117360219359398,0.03130317106842995,0.052599381655454636,0.09104333817958832,0.0928928405046463,0.040229037404060364,0.03299105167388916,0.05708713456988335,0.035744521766901016,0.0598723478615284,0.06405644118785858,0.022967588156461716,0.009308705106377602,0.015047012828290462,0.029124677181243896,0.017341986298561096,0.004762573633342981,0.23506033420562744,0.07832471281290054,0.013624285347759724,0.16269418597221375,0.0028065538499504328,0.003738134866580367,0.00792353693395853,0.005095389671623707,0.26723113656044006,0.04512796923518181,0.00444113090634346,0.027270542457699776,0.0019735738169401884,0.02611599676311016,0.09621454030275345,0.004518703557550907,0.00436387350782752,0.006606166251003742,0.05122419074177742,0.08949991315603256,0.03266509994864464,0.01707577519118786,0.06147559732198715,0.10074080526828766,0.005202051252126694,0.0019207570003345609,0.031448252499103546,,,,,,,,,,,,,,,
unknown,ち,72,73,134.44942,134.48932,0.9682617,,0.06316477805376053,0.040672190487384796,0.08723286539316177,0.21072794497013092,0.008484270423650742,0.04857849329710007,0.003965049982070923,0.0624946691095829,0.01755427196621895,0.023062435910105705,0.027371171861886978,0.04323917254805565,0.06612390279769897,0.0774160847067833,0.04138423129916191,0.04004797711968422,0.055621322244405746,0.039840105921030045,0.03752277046442032,0.04787788912653923,0.01497609168291092,0.006864393595606089,0.012132316827774048,0.045533593744039536,0.009605072438716888,0.0034233855549246073,0.32860901951789856,0.08780065923929214,0.012974551878869534,0.24436338245868683,0.0024639659095555544,0.005546459462493658,0.003804111620411277,0.003883208381012082,0.2566993534564972,0.07915846258401871,0.007429701276123524,0.033066276460886,0.0015110797248780727,0.03318103030323982,0.06656883656978607,0.0042510489001870155,0.005605868063867092,0.005434063728898764,0.05567903444170952,0.10137465596199036,0.030095962807536125,0.009543022140860558,0.03748749569058418,0.09902787208557129,0.0039213187992572784,0.0018284954130649567,0.045379769057035446,,,,,,,,,,,,,,,
unknown,ょ,74,75,134.48932,134.56914,0.6152344,,0.061168186366558075,0.042463090270757675,0.0913054570555687,0.21863020956516266,0.008311771787703037,0.052454445511102676,0.004267890006303787,0.04898656904697418,0.01733022928237915,0.02375096082687378,0.029256796464323997,0.04936109483242035,0.05726705491542816,0.07548970729112625,0.04562820494174957,0.038250915706157684,0.051814910024404526,0.04785690829157829,0.03125646337866783,0.05007423087954521,0.013011929579079151,0.0064369551837444305,0.012548351660370827,0.03709254041314125,0.007389816455543041,0.0033447525929659605,0.35718458890914917,0.0769970715045929,0.011791173368692398,0.2517913579940796,0.0027649810072034597,0.005884287878870964,0.0027635805308818817,0.003488561138510704,0.25820547342300415,0.07944805175065994,0.00957682728767395,0.032130006700754166,0.0013817474246025085,0.03364402800798416,0.05815732479095459,0.0036689552944153547,0.0064999680034816265,0.004600876476615667,0.07359225302934647,0.09370795637369156,0.02721318043768406,0.007215930614620447,0.02836109697818756,0.07283572852611542,0.004062895197421312,0.0017661884194239974,0.04257480800151825,,,,,,,,,,,,,,,
unknown,っ,76,77,134.56914,134.64896,0.99365234,,0.07906334847211838,0.06924217939376831,0.09795303642749786,0.20420202612876892,0.005524788983166218,0.03586779162287712,0.003754131030291319,0.05069197714328766,0.016278833150863647,0.027175070717930794,0.04980318620800972,0.04607758671045303,0.048806123435497284,0.06530587375164032,0.03829500824213028,0.08946769684553146,0.062412507832050323,0.04477027803659439,0.02060307189822197,0.028773821890354156,0.007657963782548904,0.004975831601768732,0.008398506790399551,0.05634142458438873,0.005496709141880274,0.003428425407037139,0.40123847126960754,0.07775747030973434,0.008192802779376507,0.28236261010169983,0.0019584926776587963,0.018696755170822144,0.002757451729848981,0.0021147276274859905,0.22769398987293243,0.16700857877731323,0.024246027693152428,0.04396022856235504,0.001561612356454134,0.043531812727451324,0.05836303532123566,0.008459523320198059,0.009990764781832695,0.004425769671797752,0.06154007837176323,0.1680968701839447,0.023467201739549637,0.005277788732200861,0.018437130376696587,0.0878593921661377,0.004620222840458155,0.0024979908484965563,0.05941762775182724,,,,,,,,,,,,,,,
unknown,と,78,79,134.64896,135.14896,0.9941406,,0.08357162028551102,0.06388262659311295,0.08708448708057404,0.18705393373966217,0.011212983168661594,0.05695445463061333,0.004198634997010231,0.06101993843913078,0.01597701944410801,0.025054050609469414,0.0389767587184906,0.046855490654706955,0.0507349818944931,0.059729501605033875,0.045532070100307465,0.06066809594631195,0.044639118015766144,0.051244791597127914,0.030701640993356705,0.04530204087495804,0.013275912031531334,0.007113004568964243,0.009542593732476234,0.04927995800971985,0.007661115378141403,0.004404659382998943,0.3507117033004761,0.07318298518657684,0.011460118927061558,0.2600803077220917,0.002459950279444456,0.009213464334607124,0.003216827055439353,0.0033261743374168873,0.22143670916557312,0.12235204130411148,0.018359411507844925,0.03658761829137802,0.0022201177198439837,0.056136902421712875,0.06285198777914047,0.006528926081955433,0.008748626336455345,0.0054509141482412815,0.05257505550980568,0.1351756453514099,0.027986804023385048,0.00783616490662098,0.030751805752515793,0.09841632097959518,0.0054407003335654736,0.0027542319148778915,0.06760063022375107,,,,,,,,,,,,,,,
unknown,リ,80,81,142.47115,142.63077,0.99316406,,0.055537011474370956,0.046509597450494766,0.06438859552145004,0.1929979771375656,0.010492566041648388,0.06516815721988678,0.002974906237795949,0.04909801110625267,0.012101906351745129,0.03354363143444061,0.025324415415525436,0.028205571696162224,0.03990833833813667,0.02924664132297039,0.03271232172846794,0.0783817321062088,0.03334740549325943,0.030078427866101265,0.031206270679831505,0.027809450402855873,0.011720901355147362,0.00657416507601738,0.0038332378026098013,0.06620603054761887,0.00733577273786068,0.0025250541511923075,0.3733648359775543,0.045635104179382324,0.005887558683753014,0.3504728674888611,0.0011466719442978501,0.011000802740454674,0.002777234185487032,0.002341358456760645,0.13761547207832336,0.18458929657936096,0.012425822205841541,0.04417235031723976,0.0025497693568468094,0.06989634782075882,0.05564297363162041,0.011307750828564167,0.0033909545745700598,0.005580341909080744,0.036078959703445435,0.18757256865501404,0.01140293013304472,0.006222032941877842,0.03500742092728615,0.1377236545085907,0.002614812459796667,0.0042479876428842545,0.09932881593704224,,,,,,,,,,,,,,,
unknown,ズ,82,83,142.63077,142.7904,0.99902344,,0.02829032950103283,0.0221117977052927,0.044322118163108826,0.12420068681240082,0.04994293302297592,0.19961154460906982,0.009440875612199306,0.034964002668857574,0.016557665541768074,0.04477300867438316,0.0201114434748888,0.02839328721165657,0.048020392656326294,0.040488626807928085,0.07551142573356628,0.03732152283191681,0.016241326928138733,0.029275046661496162,0.1401471048593521,0.1090989038348198,0.046130623668432236,0.02862350456416607,0.009537888690829277,0.024680597707629204,0.017070222645998,0.005111378617584705,0.17894665896892548,0.03303798660635948,0.007435495965182781,0.17865470051765442,0.004758523311465979,0.0050903623923659325,0.00637151300907135,0.011496886610984802,0.07371106743812561,0.06569425016641617,0.006695210468024015,0.054155390709638596,0.00893396232277155,0.047778885811567307,0.07549937069416046,0.006971787661314011,0.0024068360216915607,0.02923726662993431,0.05122460052371025,0.0776132121682167,0.005794824101030827,0.019867708906531334,0.10156011581420898,0.069049172103405,0.003952745348215103,0.008108253590762615,0.05872904881834984,,,,,,,,,,,,,,,
unknown,ム,84,85,142.7904,143.2904,0.9873047,,0.012144017033278942,0.010954216122627258,0.028182972222566605,0.07915502786636353,0.05113038048148155,0.25557494163513184,0.030961167067289352,0.018633710220456123,0.02585447020828724,0.06736234575510025,0.029898764565587044,0.047288186848163605,0.08341915905475616,0.08128158003091812,0.06995145231485367,0.024912480264902115,0.01975701004266739,0.03273264691233635,0.18794406950473785,0.1431354135274887,0.0499911792576313,0.06782441586256027,0.024711715057492256,0.009857041761279106,0.020538270473480225,0.009239655919373035,0.1025693342089653,0.025386210530996323,0.00524533586576581,0.09271081537008286,0.016051048412919044,0.004096854943782091,0.011185632087290287,0.018982086330652237,0.08408577740192413,0.02781173214316368,0.005323421210050583,0.0842621847987175,0.017229655757546425,0.019708260893821716,0.09042048454284668,0.00696162274107337,0.002404502360150218,0.05306394025683403,0.04799443855881691,0.036365874111652374,0.004654914606362581,0.025494202971458435,0.1158030703663826,0.037147730588912964,0.00674681318923831,0.0183868408203125,0.024260975420475006,,,,,,,,,,,,,,,
unknown,髪,86,87,152.19154,152.51132,0.9272461,,0.010328858159482479,0.012156869284808636,0.031920235604047775,0.11863259971141815,0.02251492813229561,0.17447596788406372,0.031207822263240814,0.017916910350322723,0.028170151636004448,0.09554481506347656,0.03539811447262764,0.05052373185753822,0.06664354354143143,0.06088631600141525,0.04319942742586136,0.039494406431913376,0.04296518489718437,0.029760930687189102,0.11288392543792725,0.06983467936515808,0.035989753901958466,0.05414526164531708,0.014647023752331734,0.022827448323369026,0.018366007134318352,0.007122497074306011,0.1659429371356964,0.029886994510889053,0.00394294923171401,0.1873975396156311,0.012998202815651894,0.0051197754219174385,0.01178361102938652,0.013981129042804241,0.09568986296653748,0.05601554736495018,0.005882533732801676,0.05939589813351631,0.012895391322672367,0.01842411234974861,0.090855672955513,0.011981237679719925,0.0024969123769551516,0.030465267598628998,0.043911825865507126,0.06515350937843323,0.0072779059410095215,0.01982221193611622,0.08309650421142578,0.05176058039069176,0.005340299569070339,0.018997469916939735,0.028439203277230263,,,,,,,,,,,,,,,
unknown,の,88,89,152.51132,152.6712,0.97509766,,0.008771555498242378,0.010561381466686726,0.021916981786489487,0.1042969673871994,0.05902925506234169,0.2509390413761139,0.024677855893969536,0.017080768942832947,0.028777142986655235,0.04876913130283356,0.012238875031471252,0.03065463714301586,0.08223387598991394,0.034812673926353455,0.05854380503296852,0.019383786246180534,0.042720597237348557,0.030551964417099953,0.12936194241046906,0.10674958676099777,0.0717708021402359,0.06253393739461899,0.015328401699662209,0.02495196834206581,0.026119479909539223,0.004300419241189957,0.14216142892837524,0.026567257940769196,0.004306890070438385,0.16860952973365784,0.011772360652685165,0.0034520570188760757,0.014575106091797352,0.02076236717402935,0.06547659635543823,0.041382141411304474,0.004740619566291571,0.02897544763982296,0.011399080976843834,0.01623593457043171,0.0784342959523201,0.005665885284543037,0.002323839347809553,0.020887533202767372,0.0439860075712204,0.040875278413295746,0.00975059624761343,0.026412852108478546,0.12882614135742188,0.05835437402129173,0.0028285966254770756,0.011766684241592884,0.026139624416828156,,,,,,,,,,,,,,,
unknown,毛,90,91,152.6712,153.1712,0.97998047,,0.005462381523102522,0.006180128548294306,0.013225932605564594,0.0963747650384903,0.07365795224905014,0.29480648040771484,0.022144682705402374,0.012049253098666668,0.028812656179070473,0.04857734590768814,0.012967460788786411,0.027799753472208977,0.07811808586120605,0.0267600417137146,0.06964606046676636,0.018205463886260986,0.02441011741757393,0.028384177014231682,0.1256396621465683,0.12812604010105133,0.0759858638048172,0.055167220532894135,0.015276775695383549,0.017658045515418053,0.025703465566039085,0.002873897785320878,0.10866817831993103,0.018201172351837158,0.003069414058700204,0.13475476205348969,0.010983915999531746,0.002887008711695671,0.013765464536845684,0.01899387314915657,0.05328935384750366,0.028650598600506783,0.0028713319916278124,0.014754100702702999,0.007073972839862108,0.014996672980487347,0.07562808692455292,0.006404797080904245,0.0014346885727718472,0.014963246881961823,0.0573432557284832,0.038279417902231216,0.007257317658513784,0.025519471615552902,0.15077492594718933,0.05635950341820717,0.0021030448842793703,0.011187059804797173,0.026197494938969612,,,,,,,,,,,,,,,
unknown,開,92,93,158.34714,158.58696,0.73535156,,0.013007424771785736,0.013716086745262146,0.027192268520593643,0.12109003961086273,0.03459964692592621,0.11701111495494843,0.012223259545862675,0.028500454500317574,0.017378132790327072,0.02576480619609356,0.011436589062213898,0.02083856426179409,0.033547043800354004,0.017390524968504906,0.04128424450755119,0.042184118181467056,0.02577981725335121,0.022462673485279083,0.05593466758728027,0.05230327323079109,0.03969934582710266,0.02823093719780445,0.005127687938511372,0.07213524729013443,0.017269572243094444,0.0026242423336952925,0.26404285430908203,0.029219869524240494,0.002590053714811802,0.36698147654533386,0.00634283572435379,0.008263030089437962,0.008876919746398926,0.014659986831247807,0.06650879234075546,0.10155711323022842,0.00440230080857873,0.018729206174612045,0.004756133072078228,0.02986726351082325,0.06561551243066788,0.015531908720731735,0.0014796934556216002,0.008188174106180668,0.0327698215842247,0.1101745069026947,0.007477753795683384,0.014682338573038578,0.10774284601211548,0.1404353380203247,0.001949039869941771,0.0056486171670258045,0.07035607844591141,,,,,,,,,,,,,,,
unknown,け,94,95,158.58696,158.82678,0.9501953,,0.008544821292161942,0.009451037272810936,0.020106051117181778,0.05509401485323906,0.056910622864961624,0.18498292565345764,0.017423998564481735,0.020468290895223618,0.02053355984389782,0.029480842873454094,0.014715471304953098,0.03170596435666084,0.0350240096449852,0.01660136878490448,0.040994126349687576,0.027860835194587708,0.01568065583705902,0.04148555546998978,0.05494055524468422,0.059222616255283356,0.03212793916463852,0.03702051192522049,0.00493916729465127,0.03919688239693642,0.01304174680262804,0.003915197681635618,0.24643650650978088,0.02063537761569023,0.002524079754948616,0.32324445247650146,0.0060610054060816765,0.008597240783274174,0.009573882445693016,0.010445110499858856,0.07572763413190842,0.05952424556016922,0.003695653984323144,0.007005033083260059,0.005052369553595781,0.017750263214111328,0.07214165478944778,0.01788838766515255,0.0016980444779619575,0.00765420775860548,0.026201317086815834,0.06851140409708023,0.007143555674701929,0.01217463705688715,0.12497076392173767,0.1217842847108841,0.0031690525356680155,0.010514823719859123,0.04930245503783226,,,,,,,,,,,,,,,
unknown,る,96,97,158.82678,159.32678,0.86035156,,0.01199348084628582,0.013587968423962593,0.023619456216692924,0.07077991217374802,0.011987004429101944,0.07783312350511551,0.014832411892712116,0.025710461661219597,0.014948468655347824,0.039587438106536865,0.03307762369513512,0.06797952204942703,0.0410255491733551,0.030269062146544456,0.022291550412774086,0.06035645678639412,0.01858345791697502,0.07158411294221878,0.02627575956285,0.018242403864860535,0.007231861352920532,0.016397083178162575,0.005760752130299807,0.05812881141901016,0.006589577998965979,0.002335496712476015,0.38125520944595337,0.030905477702617645,0.0016461905324831605,0.5015808343887329,0.004245983436703682,0.01643592305481434,0.006090756505727768,0.0032543812412768602,0.12724411487579346,0.10835187882184982,0.005460611078888178,0.011459277011454105,0.0022863212507218122,0.033479753881692886,0.07671171426773071,0.03412722796201706,0.0019038631580770016,0.004319375846534967,0.020517880097031593,0.13467317819595337,0.005423292517662048,0.006068737246096134,0.05354766547679901,0.14536668360233307,0.002319782506674528,0.013593723997473717,0.10107859969139099,,,,,,,,,,,,,,,
unknown,体,98,99,164.59383,165.09383,0.9926758,,0.016907863318920135,0.018037760630249977,0.02614264190196991,0.08620889484882355,0.02703513205051422,0.18779908120632172,0.01679583452641964,0.02729935012757778,0.021136431023478508,0.03866313770413399,0.02080526389181614,0.04244402050971985,0.05159686133265495,0.03188086673617363,0.032872274518013,0.035877060145139694,0.04877733811736107,0.05217614024877548,0.09235768765211105,0.04588596895337105,0.018405945971608162,0.028546633198857307,0.008823255077004433,0.03583132103085518,0.01445178221911192,0.003122455207630992,0.2818447947502136,0.030186286196112633,0.00550909573212266,0.35143759846687317,0.004730008542537689,0.011425805278122425,0.011767678894102573,0.004862362053245306,0.12236016243696213,0.07173631340265274,0.006112121045589447,0.01422787830233574,0.0038985509891062975,0.024313729256391525,0.09054568409919739,0.015430630184710026,0.002582752611488104,0.010268541052937508,0.031622253358364105,0.09408651292324066,0.01050269789993763,0.013869190588593483,0.09931448847055435,0.1285124123096466,0.002856983570381999,0.010884062387049198,0.046265341341495514,,,,,,,,,,,,,,,
unknown,選,100,101,171.3011,171.62048,0.8730469,,0.010699382051825523,0.017877545207738876,0.02876432240009308,0.11186616867780685,0.021002311259508133,0.16148293018341064,0.015253563411533833,0.02044852450489998,0.018754716962575912,0.04625089094042778,0.020553845912218094,0.03629329800605774,0.04682084545493126,0.03538864478468895,0.029728282243013382,0.03841911256313324,0.06442390382289886,0.0521828830242157,0.0734073743224144,0.0326676070690155,0.014674633741378784,0.02947167120873928,0.007625507190823555,0.05792767181992531,0.013237501494586468,0.003668032120913267,0.2583332359790802,0.0357627347111702,0.00581642659381032,0.3310931324958801,0.0038744406774640083,0.0070762732066214085,0.01284986175596714,0.004023451823741198,0.08612434566020966,0.08479109406471252,0.011765911243855953,0.01799638196825981,0.0067628370597958565,0.02984785847365856,0.06645762920379639,0.010629965923726559,0.00568867102265358,0.013282270170748234,0.04397998005151749,0.08305178582668304,0.02149537205696106,0.014405648224055767,0.05528191849589348,0.06709051877260208,0.002961590187624097,0.030013591051101685,0.046285469084978104,,,,,,,,,,,,,,,
unknown,挙,102,103,171.62048,172.12048,0.9897461,,0.008857502602040768,0.01046449039131403,0.013636501505970955,0.09391970932483673,0.061268240213394165,0.2956397235393524,0.02334992028772831,0.017443737015128136,0.015364819206297398,0.028662916272878647,0.010196112096309662,0.033119942992925644,0.04325289651751518,0.025246022269129753,0.040433112531900406,0.02087375894188881,0.038909509778022766,0.07264972478151321,0.10542565584182739,0.04919123277068138,0.02246966026723385,0.05332391336560249,0.008187441155314445,0.03642083331942558,0.013476233929395676,0.004254012368619442,0.2263726145029068,0.018953610211610794,0.0057339356280863285,0.3197455406188965,0.006470555439591408,0.006246418226510286,0.012048481032252312,0.00662066088989377,0.06345295906066895,0.05812855064868927,0.005304913502186537,0.008014924824237823,0.010239421389997005,0.029455062001943588,0.08047933876514435,0.011079658754169941,0.0021016886457800865,0.015570102259516716,0.047546882182359695,0.0585874542593956,0.007380458991974592,0.014067457988858223,0.10036483407020569,0.0747668594121933,0.003160212654620409,0.01951705664396286,0.05309218913316727,,,,,,,,,,,,,,,
unknown,ク,104,105,176.2517,176.41139,0.49365234,,0.012898891232907772,0.01567048765718937,0.019190790131688118,0.10950315743684769,0.037808582186698914,0.2281150221824646,0.019399281591176987,0.02051878720521927,0.021489782258868217,0.031990062445402145,0.012844143435359001,0.02977408841252327,0.05049386993050575,0.029856299981474876,0.035251911729574203,0.025912046432495117,0.05102948844432831,0.054402995854616165,0.10662305355072021,0.04419800639152527,0.019650449976325035,0.03765830025076866,0.010146577842533588,0.03608514741063118,0.01962386630475521,0.003806282998993993,0.21430617570877075,0.024522706866264343,0.007851160131394863,0.2898975908756256,0.0052504222840070724,0.006301892455667257,0.013826901093125343,0.005250395741313696,0.07687217742204666,0.07012879103422165,0.007321733515709639,0.01521901972591877,0.007890621200203896,0.034484006464481354,0.08635209500789642,0.01065228320658207,0.0035620899870991707,0.016444571316242218,0.03896424174308777,0.06950291246175766,0.013003476895391941,0.018381789326667786,0.09140437096357346,0.08917464315891266,0.0030407547019422054,0.012810646556317806,0.048459772020578384,,,,,,,,,,,,,,,
unknown,熊,106,107,176.41139,176.91139,0.6357422,,0.0062681869603693485,0.008345539681613445,0.014790771529078484,0.14297014474868774,0.023403843864798546,0.20822077989578247,0.03146715462207794,0.007414192892611027,0.04150236397981644,0.05837056785821915,0.025822747498750687,0.040951088070869446,0.04751979932188988,0.027057718485593796,0.0363556407392025,0.04970390722155571,0.038440585136413574,0.05987565591931343,0.07363289594650269,0.03769219294190407,0.01917903870344162,0.0397636778652668,0.011246513575315475,0.02500636875629425,0.030594471842050552,0.004177444614470005,0.21138893067836761,0.01333495695143938,0.0029559468384832144,0.25581228733062744,0.007046924438327551,0.008064711466431618,0.026170022785663605,0.004576633218675852,0.0732724517583847,0.07022497802972794,0.00603351928293705,0.01225349586457014,0.008818923495709896,0.046470850706100464,0.06370566785335541,0.018411800265312195,0.0016220721881836653,0.01295983511954546,0.04715511575341225,0.10589392483234406,0.006198827642947435,0.023174848407506943,0.0559002123773098,0.05194995552301407,0.0036971208173781633,0.023095693439245224,0.055705320090055466,,,,,,,,,,,,,,,
unknown,財,108,109,182.14499,182.50499,0.99902344,,0.008307812735438347,0.012325911782681942,0.009034494869410992,0.11826949566602707,0.05725839361548424,0.26090165972709656,0.02789580076932907,0.01005551964044571,0.035900261253118515,0.027004748582839966,0.010089204646646976,0.017588842660188675,0.04260605573654175,0.01081644743680954,0.038913749158382416,0.026537418365478516,0.022255215793848038,0.0455242358148098,0.0881226435303688,0.04496117681264877,0.022314822301268578,0.0522061251103878,0.008559615351259708,0.026853257790207863,0.03446464613080025,0.003523007733747363,0.18932147324085236,0.011214135214686394,0.003018198302015662,0.25567248463630676,0.00783847738057375,0.007470853626728058,0.02274956926703453,0.006416563410311937,0.03924368694424629,0.07339487224817276,0.008230323903262615,0.0061922515742480755,0.009282453916966915,0.04079100489616394,0.056121598929166794,0.011329952627420425,0.0017712018452584743,0.014448745176196098,0.04347341135144234,0.06340786814689636,0.0049238428473472595,0.024383077397942543,0.09539172053337097,0.06718046963214874,0.0032056833151727915,0.011248059570789337,0.04886160045862198,,,,,,,,,,,,,,,
unknown,布,110,111,182.50499,183.00499,0.98583984,,0.015520434826612473,0.018991896882653236,0.02126147970557213,0.12755921483039856,0.04076235741376877,0.20377208292484283,0.01580028235912323,0.015777580440044403,0.02940533682703972,0.021068047732114792,0.014082164503633976,0.0287961233407259,0.058260202407836914,0.025116102769970894,0.044949647039175034,0.03105967491865158,0.04572024941444397,0.06511883437633514,0.07513318210840225,0.055912408977746964,0.020647121593356133,0.02621453069150448,0.011556413024663925,0.02841634303331375,0.02300265245139599,0.0033247515093535185,0.2356477528810501,0.02027835324406624,0.007050645537674427,0.2603670358657837,0.004876357037574053,0.006651876028627157,0.015620226971805096,0.004597808700054884,0.08752492815256119,0.0696917474269867,0.008900133892893791,0.014430519193410873,0.0046480512246489525,0.05844699963927269,0.06158328801393509,0.008388901129364967,0.003062392584979534,0.01056458055973053,0.04124072566628456,0.08240992575883865,0.01190720684826374,0.01962069422006607,0.06948675960302353,0.07347550243139267,0.003344973549246788,0.004982659127563238,0.058672331273555756,,,,,,,,,,,,,,,
unknown,魚,112,113,188.06499,188.56499,0.73291016,,0.013236159458756447,0.010524108074605465,0.020634431391954422,0.16765698790550232,0.018005799502134323,0.17613829672336578,0.012093590572476387,0.011982510797679424,0.04112797603011131,0.03838261216878891,0.016899675130844116,0.021449334919452667,0.04923081398010254,0.033281225711107254,0.04037509486079216,0.03579957038164139,0.07503901422023773,0.03837631270289421,0.14155030250549316,0.054105062037706375,0.024441005662083626,0.019787155091762543,0.013398529961705208,0.015660492703318596,0.05361934006214142,0.0028757022228091955,0.18490418791770935,0.014709215611219406,0.012353738769888878,0.17996148765087128,0.0029554269276559353,0.006935542915016413,0.05184607952833176,0.003150403266772628,0.08311191201210022,0.054348960518836975,0.003094967221841216,0.021301276981830597,0.0032055864576250315,0.05335959419608116,0.09440936148166656,0.009838622994720936,0.0008701147744432092,0.017329925671219826,0.05447818711400032,0.09828026592731476,0.004587280564010143,0.05276206135749817,0.06927105039358139,0.07294751703739166,0.003346649231389165,0.004562712274491787,0.04846801236271858,,,,,,,,,,,,,,,
unknown,立,114,115,197.62894,198.12894,0.66748047,,0.016413692384958267,0.025707904249429703,0.0220851618796587,0.1517036408185959,0.029749084264039993,0.2238304316997528,0.01249479316174984,0.011319992132484913,0.04359200596809387,0.04707416519522667,0.015432530082762241,0.014650764875113964,0.0389087088406086,0.023812346160411835,0.0503624826669693,0.0416765920817852,0.08569086343050003,0.03976517543196678,0.09223530441522598,0.04777585715055466,0.01876709796488285,0.018228594213724136,0.00975746288895607,0.02241872437298298,0.0410771444439888,0.003112255362793803,0.19924825429916382,0.016808008775115013,0.016094736754894257,0.20990338921546936,0.00180349953006953,0.009214789606630802,0.031822431832551956,0.0016446239314973354,0.06192566081881523,0.08787975460290909,0.013068157248198986,0.02140999212861061,0.003796638920903206,0.06838491559028625,0.06500479578971863,0.008463112637400627,0.004119512625038624,0.01693158783018589,0.052168864756822586,0.09194958209991455,0.014295227825641632,0.03548384830355644,0.037916138768196106,0.05187351256608963,0.0035191872157156467,0.008040213026106358,0.042513445019721985,,,,,,,,,,,,,,,
unknown,窓,116,117,200.86423,201.36423,0.7866211,,0.012566568329930305,0.015663962811231613,0.03578019142150879,0.13740091025829315,0.017475537955760956,0.223955437541008,0.02651716023683548,0.00905295554548502,0.03591005876660347,0.03959297761321068,0.031461022794246674,0.04623444005846977,0.0447673462331295,0.052777357399463654,0.044032808393239975,0.05233897268772125,0.06820566207170486,0.07834899425506592,0.09801153093576431,0.053146228194236755,0.01916324347257614,0.032633740454912186,0.016876395791769028,0.014790539629757404,0.03380465507507324,0.005775140132755041,0.1717977076768875,0.01790805160999298,0.008565455675125122,0.12649884819984436,0.004898028913885355,0.008258502930402756,0.029930127784609795,0.002673238515853882,0.07328411191701889,0.048661764711141586,0.010257342830300331,0.01917492225766182,0.007215096615254879,0.0701439306139946,0.07685085386037827,0.012122202664613724,0.00278684520162642,0.018873291090130806,0.05916839465498924,0.10881013423204422,0.01066263671964407,0.03232875466346741,0.0342782661318779,0.03090807795524597,0.006466043647378683,0.018271805718541145,0.0432426892220974,,,,,,,,,,,,,,,
unknown,花,118,119,208.10664,208.60664,0.75341797,,0.01979556307196617,0.020022831857204437,0.13145264983177185,0.19601385295391083,0.0026890106964856386,0.07382115721702576,0.01670495606958866,0.011833242140710354,0.042357027530670166,0.04595145210623741,0.04969530180096626,0.0688200443983078,0.04513302817940712,0.07482057064771652,0.027869760990142822,0.11540184170007706,0.10920915752649307,0.08336745202541351,0.04163695499300957,0.023583905771374702,0.010066071525216103,0.012651856057345867,0.01660885289311409,0.0237243864685297,0.03178171068429947,0.0039536613039672375,0.2694910764694214,0.031915437430143356,0.008688436821103096,0.15049125254154205,0.0027570491656661034,0.01376129500567913,0.02985621988773346,0.0013399345334619284,0.11686448007822037,0.08542848378419876,0.010552145540714264,0.017303211614489555,0.0029743267223238945,0.10962327569723129,0.06592588871717453,0.011935599148273468,0.0022449505049735308,0.009031315334141254,0.06404296308755875,0.2138230800628662,0.009789198637008667,0.02786950394511223,0.013647694140672684,0.034455906599760056,0.005117806140333414,0.013159937225282192,0.05397946760058403,,,,,,,,,,,,,,,
unknown,フ,120,121,212.49818,212.61795,0.99658203,,0.018161436542868614,0.01661660522222519,0.10475291311740875,0.1886814534664154,0.003690221579745412,0.08336233347654343,0.027467403560876846,0.013239111751317978,0.044317279011011124,0.025949722155928612,0.03664496913552284,0.08365912735462189,0.05595802888274193,0.07419455051422119,0.021492166444659233,0.08063087612390518,0.08825699985027313,0.10518037527799606,0.045411158353090286,0.021746722981333733,0.009999936446547508,0.022219393402338028,0.020336754620075226,0.02750195935368538,0.038385797291994095,0.005209686234593391,0.25535333156585693,0.03306955471634865,0.006814582273364067,0.15747451782226562,0.0058751716278493404,0.01009025052189827,0.024089105427265167,0.0024426791351288557,0.10876874625682831,0.07373678684234619,0.00922002550214529,0.015017030760645866,0.005815061274915934,0.09449582546949387,0.0817069411277771,0.015599480830132961,0.003000729251652956,0.009426209144294262,0.05296195298433304,0.18990293145179749,0.013703620992600918,0.026103606447577477,0.024209817871451378,0.05202988162636757,0.005570175591856241,0.010732823051512241,0.062231432646512985,,,,,,,,,,,,,,,
unknown,ラ,122,123,212.61795,212.73773,0.9995117,,0.023214470595121384,0.024570293724536896,0.13473771512508392,0.17267495393753052,0.0033182576298713684,0.06701909750699997,0.04058823734521866,0.015856068581342697,0.06433723866939545,0.019327780231833458,0.036391593515872955,0.09291677176952362,0.048763226717710495,0.081929512321949,0.020072415471076965,0.08361386507749557,0.06986451148986816,0.10892165452241898,0.03479166701436043,0.02041991800069809,0.010767030529677868,0.026060253381729126,0.02180279791355133,0.028100205585360527,0.06829755008220673,0.006199715193361044,0.26060858368873596,0.04370361939072609,0.0055513218976557255,0.15896064043045044,0.008983357809484005,0.013570576906204224,0.03525707125663757,0.0033040873240679502,0.12219124287366867,0.07800010591745377,0.013507233932614326,0.01796240173280239,0.005562335252761841,0.11479463428258896,0.0922657921910286,0.01568744331598282,0.004580989945679903,0.00867406651377678,0.03492211177945137,0.20117849111557007,0.01866595819592476,0.03737452253699303,0.02191072143614292,0.05705639719963074,0.006005667615681887,0.008288143202662468,0.057363055646419525,,,,,,,,,,,,,,,
unknown,イ,124,125,212.73773,212.93735,0.99658203,,0.01198582723736763,0.016371825709939003,0.09689173847436905,0.17270910739898682,0.004271958954632282,0.08372453600168228,0.058454569429159164,0.008789039216935635,0.08707554638385773,0.018483934924006462,0.037504829466342926,0.07706884294748306,0.04651517793536186,0.07445669174194336,0.01901615783572197,0.0848463773727417,0.13117830455303192,0.09590573608875275,0.03609272837638855,0.018282217904925346,0.013261101208627224,0.03653261438012123,0.018661729991436005,0.02913435734808445,0.10196678340435028,0.006604807451367378,0.1989993453025818,0.032771605998277664,0.004850028548389673,0.13485214114189148,0.010135779157280922,0.015460377559065819,0.06336168944835663,0.0038119954988360405,0.09987913072109222,0.07033280283212662,0.011988664977252483,0.01954769156873226,0.007797728758305311,0.08793602138757706,0.10080981254577637,0.024754686281085014,0.005471617914736271,0.00979663711041212,0.030305998399853706,0.2186129093170166,0.028862813487648964,0.048454977571964264,0.02249058149755001,0.05423140153288841,0.005701727699488401,0.00759529136121273,0.04935792088508606,,,,,,,,,,,,,,,
unknown,パ,126,127,212.93735,213.01718,0.99316406,,0.005748803727328777,0.01010985393077135,0.05292528495192528,0.10344887524843216,0.009766700677573681,0.18713131546974182,0.058279477059841156,0.004861019551753998,0.04310302436351776,0.03768884018063545,0.04320177808403969,0.08858002722263336,0.04021129757165909,0.06604699045419693,0.020572347566485405,0.08473683893680573,0.2595135569572449,0.11910730600357056,0.05625010281801224,0.015185103751718998,0.009492593817412853,0.049483124166727066,0.011598675511777401,0.020714430138468742,0.04018709063529968,0.0047731888480484486,0.21803250908851624,0.018980607390403748,0.005312826484441757,0.15850897133350372,0.00617156783118844,0.01682409457862377,0.04978789761662483,0.002148442203179002,0.0891423150897026,0.0629071295261383,0.008347468450665474,0.04288042336702347,0.012038715183734894,0.06799287348985672,0.07184388488531113,0.022990452125668526,0.0026661527808755636,0.016640331596136093,0.020952612161636353,0.18528629839420319,0.009659175761044025,0.025710711255669594,0.01908300444483757,0.030112674459815025,0.0037450536619871855,0.0169205404818058,0.04774762690067291,,,,,,,,,,,,,,,
unknown,ン,128,129,213.01718,213.51718,0.9970703,,0.011905550956726074,0.01924225129187107,0.05496007204055786,0.07853884994983673,0.005249212495982647,0.0998513326048851,0.04362814128398895,0.00840278435498476,0.04572698101401329,0.045762598514556885,0.050157953053712845,0.07719522714614868,0.05851854011416435,0.08706140518188477,0.014160631224513054,0.08603265881538391,0.257060706615448,0.08943495154380798,0.054344989359378815,0.010237540118396282,0.0044342284090816975,0.03282802924513817,0.014156709425151348,0.017468588426709175,0.030196163803339005,0.005654037930071354,0.250533789396286,0.02550666034221649,0.0068134646862745285,0.17500872910022736,0.004946231842041016,0.02134731039404869,0.04583181440830231,0.0013841035543009639,0.15666359663009644,0.07622743397951126,0.013197376392781734,0.09025666862726212,0.009059015661478043,0.05708003044128418,0.06309440732002258,0.01587325520813465,0.003335582558065653,0.020106391981244087,0.011293542571365833,0.1535281091928482,0.007858822122216225,0.02321692928671837,0.01697499305009842,0.036755431443452835,0.005020068492740393,0.01532169058918953,0.03424936532974243,,,,,,,,,,,,,,,
unknown,草,130,131,220.33847,220.61803,0.88134766,,0.017401721328496933,0.02568935602903366,0.10094204545021057,0.11946569383144379,0.0033821703400462866,0.09612084180116653,0.030006391927599907,0.011332910507917404,0.06026015430688858,0.04899538680911064,0.06028776243329048,0.08705505728721619,0.07990731298923492,0.11630155891180038,0.014918121509253979,0.06747367233037949,0.11240161210298538,0.05762339010834694,0.07015707343816757,0.017531847581267357,0.004246396943926811,0.0260232575237751,0.02073831669986248,0.009618769399821758,0.042435478419065475,0.004418167285621166,0.18649885058403015,0.03808240965008736,0.005332972388714552,0.09892576932907104,0.00633509224280715,0.01286288257688284,0.02604237012565136,0.0019077903125435114,0.15147189795970917,0.05411608889698982,0.014343257993459702,0.15349704027175903,0.006757544353604317,0.05206280201673508,0.07745957374572754,0.007106512784957886,0.0045717270113527775,0.021459896117448807,0.01897420920431614,0.10671013593673706,0.007388776633888483,0.023474741727113724,0.021860498934984207,0.031155329197645187,0.0040120589546859264,0.00816721748560667,0.021897321566939354,,,,,,,,,,,,,,,
unknown,木,132,133,220.61803,221.11803,0.59716797,,0.013103725388646126,0.023829011246562004,0.0630408525466919,0.14787177741527557,0.0016157298814505339,0.03554215282201767,0.026153938844799995,0.008195701986551285,0.06534481048583984,0.06226106733083725,0.09184730052947998,0.09141037613153458,0.04208693280816078,0.08033639192581177,0.01454296987503767,0.18158267438411713,0.08799535781145096,0.08002813160419464,0.019175317138433456,0.005689356010407209,0.0018790562171489,0.012892589904367924,0.013099613599479198,0.019953399896621704,0.03930790349841118,0.0027967614587396383,0.28215497732162476,0.03202943131327629,0.002446639584377408,0.18613527715206146,0.004696957767009735,0.03673761337995529,0.026270711794495583,0.0009825067827478051,0.13228486478328705,0.11509739607572556,0.018793879076838493,0.12477485835552216,0.0032334912102669477,0.1234295591711998,0.061649076640605927,0.018391400575637817,0.003870995482429862,0.009372648783028126,0.019375905394554138,0.24452339112758636,0.005404159892350435,0.018016980960965157,0.0077597154304385185,0.034112874418497086,0.002898501232266426,0.010839996859431267,0.06290583312511444,,,,,,,,,,,,,,,
unknown,消,134,135,224.81146,225.01115,0.9980469,,0.009871300309896469,0.014590224251151085,0.05485071614384651,0.0836530551314354,0.0029387022368609905,0.08663742989301682,0.030422961339354515,0.0054018390364944935,0.05821884796023369,0.11072927713394165,0.0956631526350975,0.10100686550140381,0.04212599992752075,0.07982224971055984,0.01715393364429474,0.15789619088172913,0.08719270676374435,0.09390009194612503,0.05486315116286278,0.010741100646555424,0.0029529088642448187,0.01947620138525963,0.013721167109906673,0.010796823538839817,0.03603734076023102,0.0038488826248794794,0.23792241513729095,0.01980743743479252,0.002987200627103448,0.14399199187755585,0.0035122449044138193,0.03074480965733528,0.0378059484064579,0.0007858370081521571,0.1292850375175476,0.07120032608509064,0.010791665874421597,0.09374222904443741,0.005033782217651606,0.0808393582701683,0.06143490597605705,0.021666893735527992,0.002070958726108074,0.017292475327849388,0.012658326886594296,0.21080796420574188,0.0036254841834306717,0.022035961970686913,0.011430964805185795,0.026183873414993286,0.0037895538844168186,0.02340453676879406,0.047515444457530975,,,,,,,,,,,,,,,
unknown,し,136,137,225.01115,225.17091,0.8227539,,0.016680894419550896,0.024165619164705276,0.06983836740255356,0.07362368702888489,0.003254190320149064,0.08029019087553024,0.022625816985964775,0.009095251560211182,0.03281114250421524,0.10267136245965958,0.08704394102096558,0.09562849253416061,0.043325915932655334,0.07825819402933121,0.016239818185567856,0.14570975303649902,0.07827644050121307,0.08646474778652191,0.05998065322637558,0.011756952852010727,0.002330795396119356,0.016781646758317947,0.012189608998596668,0.01227264292538166,0.014870734885334969,0.0032137844245880842,0.3267194926738739,0.025053920224308968,0.002998902928084135,0.22130832076072693,0.0033803554251790047,0.03248806670308113,0.014247818849980831,0.0007839088793843985,0.18472208082675934,0.09049824625253677,0.01453635934740305,0.13886694610118866,0.004018787760287523,0.07096938043832779,0.039651624858379364,0.014946330338716507,0.0024284624960273504,0.02069062367081642,0.01103916298598051,0.18154571950435638,0.0033579603768885136,0.010575794614851475,0.012943604961037636,0.028873605653643608,0.0030845985747873783,0.017725316807627678,0.04276878759264946,,,,,,,,,,,,,,,
unknown,ゴ,138,139,225.17091,225.33066,0.99853516,,0.014995847828686237,0.022367585450410843,0.06323859840631485,0.1143077090382576,0.004215682856738567,0.10670463740825653,0.024039069190621376,0.008234692737460136,0.0804905816912651,0.09429931640625,0.05080663412809372,0.05762006342411041,0.07270818203687668,0.07874161750078201,0.019668884575366974,0.08624989539384842,0.11123353242874146,0.048542872071266174,0.08097244054079056,0.01921902596950531,0.005173292476683855,0.02097577042877674,0.019157113507390022,0.01031386386603117,0.047148916870355606,0.00401459401473403,0.2313232570886612,0.02625858411192894,0.004969989415258169,0.1372699737548828,0.003959322348237038,0.022736985236406326,0.03069702349603176,0.0013522066874429584,0.14483509957790375,0.0692424550652504,0.013606138527393341,0.14051420986652374,0.006077795755118132,0.05460475757718086,0.04935644567012787,0.008708026260137558,0.0034460190217942,0.022821297869086266,0.02415918931365013,0.12057241797447205,0.006321009248495102,0.024743469431996346,0.020223621279001236,0.032123029232025146,0.003653188468888402,0.0134121710434556,0.025260912254452705,,,,,,,,,,,,,,,
unknown,ム,140,141,225.33066,225.83066,0.9008789,,0.013352606445550919,0.017875703051686287,0.03624450042843819,0.09457850456237793,0.008961835876107216,0.1514471173286438,0.04040395841002464,0.006620215717703104,0.08815421909093857,0.17830513417720795,0.07567465305328369,0.06466646492481232,0.06995028257369995,0.10933949798345566,0.033389557152986526,0.07429379224777222,0.09977639466524124,0.05041567608714104,0.11626935005187988,0.033807218074798584,0.009262390434741974,0.03810001164674759,0.02815985307097435,0.006463377736508846,0.04662960022687912,0.01121494174003601,0.13888192176818848,0.02279500849545002,0.007519945967942476,0.07340684533119202,0.0072199502028524876,0.01370488665997982,0.03570248559117317,0.0022012849804013968,0.13182924687862396,0.040103424340486526,0.014263414777815342,0.13938386738300323,0.01604442670941353,0.038434214890003204,0.054693080484867096,0.00874276366084814,0.0047528441064059734,0.05354011431336403,0.038587044924497604,0.0796341523528099,0.007844215258955956,0.035863421857357025,0.021513808518648148,0.015626156702637672,0.010024862363934517,0.03341568261384964,0.017754672095179558,,,,,,,,,,,,,,,
unknown,親,142,143,231.32129,231.82129,0.9428711,,0.031198890879750252,0.03448028117418289,0.0701105147600174,0.10217426717281342,0.00684416713193059,0.12034551799297333,0.016261279582977295,0.012426432222127914,0.03764887526631355,0.09987571090459824,0.0633847564458847,0.0709814801812172,0.0663784071803093,0.1364680379629135,0.03433244675397873,0.07090319693088531,0.13261863589286804,0.054718125611543655,0.11228290945291519,0.04221927002072334,0.008236398920416832,0.018628546968102455,0.023762589320540428,0.0070196413435041904,0.019489610567688942,0.00677152443677187,0.21405422687530518,0.032438818365335464,0.010388013906776905,0.09608915448188782,0.0035797401797026396,0.0135873481631279,0.01991288736462593,0.0015039173886179924,0.2137913554906845,0.05185052379965782,0.01879115030169487,0.21333548426628113,0.0064654890447855,0.04236597567796707,0.05477854236960411,0.004400118254125118,0.003996650688350201,0.03258424624800682,0.02902253530919552,0.09082556515932083,0.006283693481236696,0.02075948379933834,0.018247950822114944,0.018095102161169052,0.007001502439379692,0.013328193686902523,0.0186286773532629,,,,,,,,,,,,,,,
unknown,葉,144,145,242.735,242.895,0.99560547,,0.028729677200317383,0.042337071150541306,0.07238951325416565,0.11615452170372009,0.006951994728296995,0.10767257958650589,0.021853439509868622,0.012428921647369862,0.06581145524978638,0.08415675163269043,0.06481394171714783,0.044831253588199615,0.030073702335357666,0.09542416036128998,0.037432849407196045,0.0951063334941864,0.09399939328432083,0.04847702011466026,0.1087295338511467,0.037155020982027054,0.010990564711391926,0.024705538526177406,0.015516957268118858,0.009947284124791622,0.05674310773611069,0.01149181928485632,0.16058510541915894,0.03522481396794319,0.010376714169979095,0.0818357765674591,0.0046604773961007595,0.020975947380065918,0.04466463625431061,0.0022248919121921062,0.10854161530733109,0.059705983847379684,0.03118310309946537,0.167727991938591,0.011776799336075783,0.07296258211135864,0.0704566240310669,0.00870276428759098,0.008574381470680237,0.051670923829078674,0.0418618805706501,0.12292467802762985,0.013162491843104362,0.048344746232032776,0.017204148694872856,0.018632488325238228,0.010983724147081375,0.01533686276525259,0.026199596002697945,,,,,,,,,,,,,,,
unknown,っ,146,147,242.895,243.135,0.8178711,,0.04508678615093231,0.0585489422082901,0.14047859609127045,0.15835882723331451,0.004241644404828548,0.05287718400359154,0.00889068003743887,0.022893289104104042,0.04146472364664078,0.050817858427762985,0.07729656994342804,0.060076985508203506,0.052572619169950485,0.12422214448451996,0.034603722393512726,0.09768546372652054,0.070839524269104,0.04037078097462654,0.051242146641016006,0.03403053060173988,0.009264768101274967,0.011765606701374054,0.013851485215127468,0.016700757667422295,0.023450952023267746,0.008952953852713108,0.2098596841096878,0.06347482651472092,0.00707283103838563,0.09647517651319504,0.0031263555865734816,0.017575977370142937,0.013911808840930462,0.002549986820667982,0.17777244746685028,0.08621395379304886,0.03895983099937439,0.24869820475578308,0.0066904667764902115,0.0718049481511116,0.051066700369119644,0.004941815044730902,0.012031840160489082,0.02358107827603817,0.045204829424619675,0.12167657166719437,0.017029475420713425,0.020280051976442337,0.014433135278522968,0.022934794425964355,0.008683516643941402,0.007973182946443558,0.02980484999716282,,,,,,,,,,,,,,,
unknown,ぱ,148,149,243.135,243.635,0.99121094,,0.0374876968562603,0.04465178772807121,0.1467658281326294,0.13289116322994232,0.005690508056432009,0.07594972103834152,0.010942069813609123,0.01917143352329731,0.0413367785513401,0.050616633147001266,0.06779018044471741,0.08629228174686432,0.0578211173415184,0.1261151283979416,0.036533597856760025,0.08160853385925293,0.05865776911377907,0.05949678644537926,0.04859352856874466,0.043776676058769226,0.010687108151614666,0.013692967593669891,0.015122216194868088,0.014332017861306667,0.025057930499315262,0.006713367998600006,0.22863851487636566,0.061749402433633804,0.006095557473599911,0.0958111435174942,0.003698037937283516,0.012000221759080887,0.01497458852827549,0.0025085650850087404,0.17736048996448517,0.0639958530664444,0.0244063138961792,0.139540895819664,0.005323057994246483,0.07826660573482513,0.052609432488679886,0.0038147540763020515,0.007372858002781868,0.014694834128022194,0.03729364275932312,0.11739448457956314,0.013929318636655807,0.021510789170861244,0.01307434868067503,0.018946900963783264,0.006436689291149378,0.007968951016664505,0.031311433762311935,,,,,,,,,,,,,,,
unknown,し,150,151,249.47,249.67,0.6538086,,0.05805674567818642,0.06793857365846634,0.24379277229309082,0.1531074345111847,0.002416025148704648,0.029444318264722824,0.0053069558925926685,0.03442659601569176,0.031618814915418625,0.03334055468440056,0.09592986106872559,0.08370254188776016,0.06280390918254852,0.2016347497701645,0.03383389860391617,0.09711922705173492,0.06371194869279861,0.036735307425260544,0.02095276303589344,0.030997134745121002,0.008603021502494812,0.006144881248474121,0.015432764776051044,0.017883162945508957,0.015546963550150394,0.0052173081785440445,0.1804935336112976,0.11705534905195236,0.00649562943726778,0.06514433771371841,0.0025121127255260944,0.012146548368036747,0.008388590067625046,0.0023209762293845415,0.2317463755607605,0.07848496735095978,0.038350798189640045,0.23723788559436798,0.0027560382150113583,0.0660008043050766,0.059251975268125534,0.002525278367102146,0.015042620711028576,0.008699647150933743,0.037955671548843384,0.11869682371616364,0.021010376513004303,0.014707229100167751,0.008572516031563282,0.02158319763839245,0.005135912913829088,0.004133209586143494,0.024200711399316788,,,,,,,,,,,,,,,
unknown,ま,152,153,249.67,250.17,0.4572754,,0.061871934682130814,0.07999390363693237,0.21817149221897125,0.14391028881072998,0.0021943002939224243,0.02950449287891388,0.004769556690007448,0.03590850904583931,0.02331462688744068,0.04423540458083153,0.09638118743896484,0.08624822646379471,0.06627211719751358,0.1735653579235077,0.02515760064125061,0.11101323366165161,0.07330416142940521,0.04489433765411377,0.020715421065688133,0.020166464149951935,0.004512306768447161,0.005612628068774939,0.011837140657007694,0.02457566000521183,0.008854229003190994,0.004680626094341278,0.27053922414779663,0.11407308280467987,0.005854280665516853,0.1130235344171524,0.0017196934204548597,0.014642950147390366,0.006261584814637899,0.0012780447723343968,0.26510339975357056,0.11644459515810013,0.04571697860956192,0.22151939570903778,0.0026069015730172396,0.058483291417360306,0.0484330914914608,0.002799052046611905,0.01458535622805357,0.008373747579753399,0.02491200715303421,0.12762479484081268,0.01750943437218666,0.008724094368517399,0.007475866004824638,0.024129915982484818,0.0044814422726631165,0.006767109036445618,0.026761721819639206,,,,,,,,,,,,,,,
unknown,し,154,155,254.03,254.06999,0.9819336,,0.058107420802116394,0.09674131125211716,0.24465583264827728,0.11292597651481628,0.0025810576044023037,0.03249463438987732,0.004725683480501175,0.0346832312643528,0.02342975325882435,0.04334891214966774,0.09070444107055664,0.060217585414648056,0.04525681212544441,0.12702251970767975,0.020850565284490585,0.080999955534935,0.11815354973077774,0.03669009730219841,0.026808464899659157,0.01680152676999569,0.00413988484069705,0.006617049686610699,0.007650804705917835,0.02518795244395733,0.008933656848967075,0.005419137421995401,0.25816819071769714,0.11217478662729263,0.009714790619909763,0.12237713485956192,0.0015729698352515697,0.013273877091705799,0.00677527766674757,0.0013070866698399186,0.2411380559206009,0.11206769198179245,0.058683350682258606,0.26081690192222595,0.0037251252215355635,0.04323115572333336,0.04359662905335426,0.002321601612493396,0.026586543768644333,0.01329342182725668,0.020933017134666443,0.09311271458864212,0.029092131182551384,0.009436096996068954,0.007766001392155886,0.0208283718675375,0.005127848591655493,0.006491208914667368,0.019330883398652077,,,,,,,,,,,,,,,
unknown,ょ,156,157,254.06999,254.15,0.98339844,,0.05097835138440132,0.08590932190418243,0.1874396800994873,0.13091976940631866,0.002040899358689785,0.02977791056036949,0.005222991108894348,0.02969290316104889,0.03666141629219055,0.05042623355984688,0.08983214199542999,0.06595800817012787,0.06067173182964325,0.15156202018260956,0.02122960425913334,0.069987453520298,0.13306964933872223,0.037989284843206406,0.024520184844732285,0.01758173108100891,0.004283581860363483,0.00568793062120676,0.01189790852367878,0.023512179031968117,0.011732853949069977,0.0059118797071278095,0.25269368290901184,0.11264333128929138,0.010593478567898273,0.12161803245544434,0.001657018787227571,0.011126847006380558,0.008918958716094494,0.0011965968878939748,0.28956204652786255,0.09556850790977478,0.05956106632947922,0.2433997392654419,0.0029376447200775146,0.03586600720882416,0.04935964569449425,0.0022552129812538624,0.036592695862054825,0.010293230414390564,0.026387540623545647,0.08295390009880066,0.04826163873076439,0.011286783032119274,0.008476818911731243,0.023224733769893646,0.005967275705188513,0.007024950347840786,0.016254721209406853,,,,,,,,,,,,,,,
unknown,っ,158,159,254.15,254.34999,0.93066406,,0.047655779868364334,0.08113103359937668,0.1688452661037445,0.1348661631345749,0.001389077864587307,0.02426770143210888,0.006033075507730246,0.026050768792629242,0.0428737998008728,0.04649800434708595,0.08934690058231354,0.054511506110429764,0.0554041787981987,0.1610577255487442,0.017496977001428604,0.07674717158079147,0.17382881045341492,0.03447522968053818,0.0228942409157753,0.01428151410073042,0.0036886814050376415,0.005347592756152153,0.013022067956626415,0.024986207485198975,0.013743205927312374,0.005136352032423019,0.27819445729255676,0.10478372871875763,0.010399938561022282,0.13574494421482086,0.0016308743506669998,0.013377048075199127,0.011885459534823895,0.0009254049509763718,0.3057454526424408,0.10342404991388321,0.05722726881504059,0.2187941074371338,0.0022592514287680387,0.029773306101560593,0.056136492639780045,0.002812979742884636,0.03598522022366524,0.009113938547670841,0.024634841829538345,0.09266853332519531,0.054699573665857315,0.012503931298851967,0.007430814206600189,0.027149135246872902,0.005300261080265045,0.00760699063539505,0.014194664545357227,,,,,,,,,,,,,,,
unknown,ぱ,160,161,254.34999,254.47,0.9873047,,0.030047040432691574,0.057206179946660995,0.14331170916557312,0.11063793301582336,0.0022935732267796993,0.03406323119997978,0.008058754727244377,0.0180574432015419,0.0457582026720047,0.06421832740306854,0.09344372898340225,0.11139587312936783,0.10323110222816467,0.16673636436462402,0.019082531332969666,0.0634879544377327,0.17790129780769348,0.058376800268888474,0.015124889090657234,0.012721577659249306,0.003191957715898752,0.007211451884359121,0.015527380630373955,0.02140575274825096,0.009597435593605042,0.004429472144693136,0.24348121881484985,0.10340578854084015,0.0066306982189416885,0.10877622663974762,0.002334239659830928,0.011699091643095016,0.0069489674642682076,0.0011361597571521997,0.3109649419784546,0.07670743018388748,0.04572918266057968,0.1946338564157486,0.0030890132766216993,0.02837497927248478,0.043976422399282455,0.0023150425404310226,0.03361896052956581,0.006504095625132322,0.023339126259088516,0.07480955868959427,0.04766007140278816,0.007539661601185799,0.006879863794893026,0.018894318491220474,0.00397090706974268,0.008563447743654251,0.015125436708331108,,,,,,,,,,,,,,,
unknown,い,162,163,254.47,254.97,0.99658203,,0.03448624163866043,0.06332811713218689,0.16088458895683289,0.11512704938650131,0.001982854213565588,0.033793170005083084,0.008153583854436874,0.020189577713608742,0.04184645786881447,0.06649120897054672,0.08769729733467102,0.10136284679174423,0.09259554743766785,0.17454034090042114,0.019183756783604622,0.07089032977819443,0.14044341444969177,0.05400334298610687,0.01719512604176998,0.012626266106963158,0.0028426016215234995,0.007139993365854025,0.01642104610800743,0.02025395818054676,0.009899877943098545,0.004046452697366476,0.2555708587169647,0.10333355516195297,0.006602126639336348,0.11766431480646133,0.0022906686645001173,0.014097239822149277,0.006576856132596731,0.0009937506401911378,0.28273069858551025,0.08889155834913254,0.04703681170940399,0.22471506893634796,0.0030473971273750067,0.035474106669425964,0.04539521411061287,0.0024363468401134014,0.028069376945495605,0.007956700399518013,0.024774756282567978,0.07951358705759048,0.031799353659152985,0.00762181356549263,0.006368374917656183,0.018790394067764282,0.003561238059774041,0.009412123821675777,0.01677582785487175,,,,,,,,,,,,,,,
unknown,寝,164,165,261.685,261.84497,0.94384766,,0.04367644712328911,0.07607948035001755,0.17785030603408813,0.13084866106510162,0.0016758173005655408,0.021512560546398163,0.004513686057180166,0.039096854627132416,0.019571734592318535,0.05030449852347374,0.13200370967388153,0.09581760317087173,0.044885262846946716,0.13095037639141083,0.022297685965895653,0.12390659004449844,0.040967315435409546,0.040110133588314056,0.008733205497264862,0.009378336369991302,0.0024805665016174316,0.004320160485804081,0.006757773458957672,0.034697987139225006,0.00580133032053709,0.002969331108033657,0.2761887013912201,0.12840160727500916,0.0032001882791519165,0.16424241662025452,0.0015907057095319033,0.026795437559485435,0.0027087803464382887,0.0010770775843411684,0.22772808372974396,0.14292332530021667,0.05548499524593353,0.26686379313468933,0.0018501081503927708,0.055382147431373596,0.037308380007743835,0.00502234511077404,0.025435717776417732,0.005043099168688059,0.030317628756165504,0.1253884732723236,0.02069833315908909,0.004248213022947311,0.0052132075652480125,0.02698403410613537,0.00262082158587873,0.014124373905360699,0.03547550365328789,,,,,,,,,,,,,,,
unknown,る,166,167,261.84497,262.34497,0.9746094,,0.046891625970602036,0.0843333899974823,0.13898183405399323,0.14518535137176514,0.002059549791738391,0.022331763058900833,0.0034434732515364885,0.039425406605005264,0.017560791224241257,0.05317659303545952,0.0999205932021141,0.0942264273762703,0.0594681091606617,0.10660132020711899,0.02474544756114483,0.10900772362947464,0.05112067237496376,0.0435425341129303,0.007359999697655439,0.009332584217190742,0.0024862114805728197,0.0034117090981453657,0.006971840281039476,0.04013336822390556,0.004376823082566261,0.00172677100636065,0.3470763564109802,0.12818285822868347,0.0032441329676657915,0.22632157802581787,0.0012682322412729263,0.02177034690976143,0.0019496813183650374,0.0009049398940987885,0.25811967253685,0.16162298619747162,0.05131030082702637,0.2615242004394531,0.0011688836384564638,0.0588066503405571,0.028425509110093117,0.003047480946406722,0.020150206983089447,0.003136059734970331,0.025015253573656082,0.11922989785671234,0.019313650205731392,0.0032042127568274736,0.004942346829921007,0.0280153788626194,0.001538980402983725,0.010575954802334309,0.038549259305000305,,,,,,,,,,,,,,,
unknown,冷,168,169,266.805,267.125,0.99853516,,0.053967587649822235,0.04403504729270935,0.12505429983139038,0.09805222600698471,0.004762403666973114,0.051902659237384796,0.004565776325762272,0.04796171933412552,0.012959332205355167,0.06195083260536194,0.12712901830673218,0.14484213292598724,0.06640666723251343,0.16928373277187347,0.03977736085653305,0.12059984356164932,0.022451946511864662,0.06025375425815582,0.01991892419755459,0.02434522658586502,0.005219350103288889,0.006636761128902435,0.008684174157679081,0.021560901775956154,0.004981026519089937,0.003597807604819536,0.23791740834712982,0.09553105384111404,0.003460461040958762,0.11558250337839127,0.0016348318895325065,0.030570056289434433,0.0026078925002366304,0.0014249153900891542,0.20530807971954346,0.07750827819108963,0.016696946695446968,0.18867455422878265,0.0025657431688159704,0.0690411925315857,0.05569833889603615,0.00832758005708456,0.005377526860684156,0.007121056318283081,0.03773677349090576,0.1500585824251175,0.00667055556550622,0.004915955476462841,0.009118168614804745,0.030251087620854378,0.003227247390896082,0.024473126977682114,0.06355058401823044,,,,,,,,,,,,,,,
unknown,た,170,171,267.125,267.245,0.9975586,,0.053151268512010574,0.039646029472351074,0.1397373229265213,0.10846859961748123,0.001992306439206004,0.029308125376701355,0.0040847971104085445,0.04836135357618332,0.02020428143441677,0.06765212118625641,0.16691523790359497,0.16546984016895294,0.08938348293304443,0.20400847494602203,0.027734683826565742,0.08322722464799881,0.015486265532672405,0.04628848284482956,0.010916663333773613,0.01787244714796543,0.003391766455024481,0.004443560726940632,0.012495874427258968,0.014431256800889969,0.00528132077306509,0.00373909343034029,0.16540202498435974,0.11090057343244553,0.003434939542785287,0.07185166329145432,0.0017707054503262043,0.014510965906083584,0.001811314607039094,0.0012099114246666431,0.2597881257534027,0.055014077574014664,0.016336219385266304,0.15011602640151978,0.0016648496966809034,0.04201904684305191,0.06808662414550781,0.005142590496689081,0.008938335813581944,0.004211306571960449,0.037294648587703705,0.0933079943060875,0.010576034896075726,0.004262260161340237,0.008280630223453045,0.03024573251605034,0.003703969530761242,0.01922699064016342,0.03429967910051346,,,,,,,,,,,,,,,
unknown,い,172,173,267.245,267.745,0.98876953,,0.044075772166252136,0.041115932166576385,0.1026575043797493,0.08412867784500122,0.005641072988510132,0.05981754511594772,0.005740703549236059,0.03829357028007507,0.016617530956864357,0.0701122134923935,0.11798333376646042,0.13633286952972412,0.0672212764620781,0.16713617742061615,0.035578228533267975,0.09221234172582626,0.021123642101883888,0.062337350100278854,0.029112456366419792,0.02772034890949726,0.005159972235560417,0.00904366746544838,0.011130796745419502,0.01734176278114319,0.006052161101251841,0.0047045485116541386,0.2060074806213379,0.08869719505310059,0.003568143816664815,0.10310814529657364,0.00237098871730268,0.01553825382143259,0.0030562090687453747,0.0016894283471629024,0.19946347177028656,0.06364654004573822,0.020692607387900352,0.17869092524051666,0.004548852331936359,0.05985013768076897,0.06719277799129486,0.0052786883898079395,0.008609588257968426,0.010438542813062668,0.030861210078001022,0.10956744849681854,0.008763316087424755,0.006186582613736391,0.012249608524143696,0.026140017434954643,0.0036982842721045017,0.02128605544567108,0.047821756452322006,,,,,,,,,,,,,,,
unknown,勉,174,175,272.125,272.485,0.9980469,,0.03130006045103073,0.030057845637202263,0.10414741188287735,0.1704748123884201,0.0048647066578269005,0.07668602466583252,0.00460210582241416,0.028424834832549095,0.04102650284767151,0.08053349703550339,0.10194023698568344,0.08178059011697769,0.07753147184848785,0.16340233385562897,0.047200679779052734,0.050737667828798294,0.021816449239850044,0.029025280848145485,0.02549431286752224,0.04470610246062279,0.010874773375689983,0.0068232715129852295,0.016013411805033684,0.010428318753838539,0.014639616012573242,0.005716349463909864,0.11674117296934128,0.07677086442708969,0.006419690325856209,0.05219070613384247,0.0017609973438084126,0.009046226739883423,0.0040271226316690445,0.0018707960844039917,0.18897490203380585,0.042192865163087845,0.016396746039390564,0.10662443935871124,0.0029299920424818993,0.030617374926805496,0.09329728782176971,0.0038716085255146027,0.015253249555826187,0.007489094976335764,0.11495710164308548,0.06440059095621109,0.025948666036128998,0.009860076010227203,0.01630096323788166,0.03166862949728966,0.005199463106691837,0.0182962529361248,0.01909400150179863,,,,,,,,,,,,,,,
unknown,強,176,177,272.485,272.985,0.86279297,,0.03317207843065262,0.027837887406349182,0.12771734595298767,0.12741686403751373,0.004648804198950529,0.07732931524515152,0.005192599259316921,0.03499266505241394,0.03716921806335449,0.08852292597293854,0.1290123164653778,0.11204688996076584,0.09923417866230011,0.2108832150697708,0.04409128054976463,0.05638452619314194,0.024271124973893166,0.03114626742899418,0.029220815747976303,0.046207159757614136,0.010911069810390472,0.008606432937085629,0.016130715608596802,0.010194092057645321,0.013831623829901218,0.006790852174162865,0.09353046119213104,0.09763611108064651,0.00566945131868124,0.036470890045166016,0.0020049409940838814,0.010538926348090172,0.004470347426831722,0.002184138633310795,0.19439269602298737,0.03151552379131317,0.01265144906938076,0.12833522260189056,0.003870751243084669,0.026309365406632423,0.09776461124420166,0.0045052808709442616,0.011745844036340714,0.009166697971522808,0.07347166538238525,0.0666925460100174,0.021766236051917076,0.01033337228000164,0.01617920771241188,0.027402888983488083,0.005578638054430485,0.02515510842204094,0.018865376710891724,,,,,,,,,,,,,,,
unknown,開,178,179,277.779,277.97888,0.54541016,,0.07992801070213318,0.05832440033555031,0.24854816496372223,0.1403704583644867,0.0017126972088590264,0.03043339028954506,0.0032083578407764435,0.08995405584573746,0.021538421511650085,0.03550839051604271,0.08817192912101746,0.07629866898059845,0.056999024003744125,0.18304184079170227,0.02391374669969082,0.07588457316160202,0.03233260288834572,0.023222532123327255,0.021001027897000313,0.023997686803340912,0.005269332323223352,0.00466108787804842,0.00923565961420536,0.025926411151885986,0.008436735719442368,0.004467172082513571,0.2178519368171692,0.15317416191101074,0.0068635339848697186,0.11810345202684402,0.0014519025571644306,0.0216347798705101,0.002693675458431244,0.001729410607367754,0.26847442984580994,0.07956935465335846,0.016987169161438942,0.19899843633174896,0.002024385379627347,0.03304871544241905,0.09822016209363937,0.006044068839401007,0.012233872897922993,0.006499279290437698,0.04656195640563965,0.11183234304189682,0.02141118049621582,0.0061550987884402275,0.016373731195926666,0.07429693639278412,0.003605459351092577,0.010643403977155685,0.028196346014738083,,,,,,,,,,,,,,,
unknown,け,180,181,277.97888,278.17874,0.98291016,,0.08901558816432953,0.056008853018283844,0.13628515601158142,0.1525968313217163,0.0041702380403876305,0.04293838143348694,0.004682857543230057,0.09950026124715805,0.03420291841030121,0.03382508456707001,0.035282835364341736,0.04156479984521866,0.11718951165676117,0.11403688788414001,0.02543451078236103,0.04459037631750107,0.03014407493174076,0.024914419278502464,0.03642439842224121,0.029181888327002525,0.00794602558016777,0.008429352194070816,0.015359555371105671,0.0357268825173378,0.014418005011975765,0.005153417121618986,0.26324841380119324,0.11324851214885712,0.011843974702060223,0.17131052911281586,0.001969052478671074,0.01406283862888813,0.004541202448308468,0.0023604384623467922,0.19962894916534424,0.09896103292703629,0.013404028490185738,0.09135624766349792,0.003858939977362752,0.04533601552248001,0.0735732838511467,0.00431186193600297,0.008211766369640827,0.012062780559062958,0.06657525897026062,0.07551255822181702,0.01808665692806244,0.011727437376976013,0.033922478556632996,0.1028640940785408,0.004119531251490116,0.01241941936314106,0.03658133000135422,,,,,,,,,,,,,,,
unknown,る,182,183,278.17874,278.67874,0.9511719,,0.07717061787843704,0.06480234116315842,0.1456597000360489,0.17938807606697083,0.004093439783900976,0.04013526067137718,0.004511767067015171,0.07712308317422867,0.033959005028009415,0.031587596982717514,0.05740963667631149,0.06256388127803802,0.1123804822564125,0.1614416241645813,0.0352480448782444,0.050670020282268524,0.02914140373468399,0.03391198441386223,0.019358739256858826,0.03143775835633278,0.007601224351674318,0.006146798841655254,0.018019411712884903,0.03161690756678581,0.011098847724497318,0.0052052815444767475,0.2518494129180908,0.1312878280878067,0.010813619010150433,0.13524553179740906,0.0019592600874602795,0.013299165293574333,0.003913561347872019,0.001985535491257906,0.2275577038526535,0.10291947424411774,0.022752927616238594,0.10107364505529404,0.002365044318139553,0.050692494958639145,0.06979620456695557,0.003190412651747465,0.01549365185201168,0.006660062819719315,0.08459479361772537,0.0723726749420166,0.02608395367860794,0.009610140696167946,0.017078690230846405,0.0577845498919487,0.004829332698136568,0.01207549124956131,0.032971061766147614,,,,,,,,,,,,,,,
unknown,包,184,185,283.61526,283.97504,0.99365234,,0.021600764244794846,0.019356833770871162,0.07010383158922195,0.14442069828510284,0.009702497161924839,0.10191749036312103,0.006108741741627455,0.028638478368520737,0.02800455503165722,0.05635397136211395,0.030287621542811394,0.07966721057891846,0.15990480780601501,0.1062987819314003,0.04670874401926994,0.0252300463616848,0.03593900799751282,0.03834205120801926,0.031218498945236206,0.06278815865516663,0.01550353690981865,0.010317390784621239,0.02150760032236576,0.017484059557318687,0.007964343763887882,0.0022208320442587137,0.24053798615932465,0.06263109296560287,0.005349111743271351,0.14809122681617737,0.002582826418802142,0.005129497032612562,0.003083626739680767,0.0030089409556239843,0.217207133769989,0.04547742381691933,0.0063267918303608894,0.06662091612815857,0.0018543414771556854,0.021808410063385963,0.04407040774822235,0.0015786746516823769,0.003487412352114916,0.004776527639478445,0.0728369951248169,0.04001613333821297,0.01177213340997696,0.0070167360827326775,0.027821531519293785,0.037451665848493576,0.001781090279109776,0.015216397121548653,0.019933054223656654,,,,,,,,,,,,,,,
unknown,丁,186,187,283.97504,284.47504,0.60546875,,0.026314573362469673,0.028940672054886818,0.06996854394674301,0.2294352948665619,0.006594858132302761,0.0802597776055336,0.005544071085751057,0.026564117521047592,0.03628237172961235,0.05687940493226051,0.02970307506620884,0.04501938447356224,0.16462412476539612,0.07230620086193085,0.03353656455874443,0.034282684326171875,0.08219144493341446,0.027986867353320122,0.028828952461481094,0.03929515928030014,0.01046532578766346,0.008324713446199894,0.018792076036334038,0.0282148290425539,0.009005745872855186,0.001885727047920227,0.26264384388923645,0.05979163199663162,0.007108799181878567,0.18194498121738434,0.0020515553187578917,0.006077005062252283,0.0030364065896719694,0.0020695605780929327,0.19949449598789215,0.08469832688570023,0.010985352098941803,0.06750331819057465,0.0019044576911255717,0.022286349907517433,0.03531477972865105,0.002210469450801611,0.00594071950763464,0.004886238370090723,0.07596179097890854,0.055259209126234055,0.021565232425928116,0.0063277180306613445,0.02536711096763611,0.05181774124503136,0.0017028751317411661,0.009750551544129848,0.02050987258553505,,,,,,,,,,,,,,,
unknown,心,188,189,291.01053,291.51053,0.97998047,,0.0733896940946579,0.0626225396990776,0.126444473862648,0.16356082260608673,0.0038296959828585386,0.04832528904080391,0.006163205020129681,0.07476068288087845,0.019379865378141403,0.042899131774902344,0.035089753568172455,0.05259952321648598,0.07226316630840302,0.09087394922971725,0.02554985135793686,0.05284697562456131,0.07562925666570663,0.03589147701859474,0.030892930924892426,0.026395447552204132,0.007367162499576807,0.0089305704459548,0.011904905550181866,0.043344706296920776,0.007138529326766729,0.0037553845904767513,0.3594922125339508,0.09514623880386353,0.010364248417317867,0.2736244797706604,0.002335892990231514,0.01684551313519478,0.0034735335502773523,0.0021314651239663363,0.22768262028694153,0.1241392195224762,0.017799092456698418,0.08376839011907578,0.002707475796341896,0.032673973590135574,0.05956222862005234,0.004850463010370731,0.0066222213208675385,0.008012873120605946,0.0536116398870945,0.08979035913944244,0.015515832230448723,0.006810769904404879,0.021914035081863403,0.08023156225681305,0.0034218314103782177,0.01459880918264389,0.033517248928546906,,,,,,,,,,,,,,,
unknown,さ,190,191,296.905,297.065,0.88720703,,0.03933741897344589,0.0424138568341732,0.14842303097248077,0.14420658349990845,0.0036350719165056944,0.034413643181324005,0.006150219589471817,0.06820912659168243,0.010671769268810749,0.04366093873977661,0.08250527828931808,0.07420272380113602,0.05043162405490875,0.14773890376091003,0.026245631277561188,0.1132294163107872,0.061656709760427475,0.050043392926454544,0.024174055084586143,0.015663832426071167,0.004181204829365015,0.009303828701376915,0.00735465856269002,0.07724790275096893,0.0034138401970267296,0.0037313392385840416,0.39389047026634216,0.12636230885982513,0.004862650763243437,0.31192195415496826,0.002423004014417529,0.026034900918602943,0.0023386322427541018,0.0021059445571154356,0.1854316145181656,0.18720079958438873,0.017986470833420753,0.16744662821292877,0.003550653113052249,0.03631952404975891,0.05805981531739235,0.009158693253993988,0.008764218538999557,0.012333454564213753,0.04406140744686127,0.1368626356124878,0.010299921967089176,0.0039986502379179,0.012273469939827919,0.049489349126815796,0.002619996201246977,0.022571664303541183,0.05887335538864136,,,,,,,,,,,,,,,
unknown,す,192,193,297.065,297.565,0.66308594,,0.036462701857089996,0.02797463722527027,0.09301650524139404,0.12417110055685043,0.0036754419561475515,0.031809113919734955,0.009930216707289219,0.06202777847647667,0.013499397784471512,0.03615514561533928,0.07064737379550934,0.11738362908363342,0.06720446795225143,0.19746258854866028,0.025491606444120407,0.09660296142101288,0.02994522638618946,0.09763363003730774,0.017898978665471077,0.012568236328661442,0.0033594523556530476,0.010683666914701462,0.012479894794523716,0.05817236006259918,0.004731826949864626,0.004670519381761551,0.4112299680709839,0.10078656673431396,0.004825578071177006,0.30612820386886597,0.003265433246269822,0.022669488564133644,0.003506933804601431,0.0018443200970068574,0.1871456354856491,0.15451093018054962,0.010867300443351269,0.12005238980054855,0.0036606136709451675,0.06832065433263779,0.06679072231054306,0.00969228520989418,0.004831808619201183,0.01063498854637146,0.044964611530303955,0.12087271362543106,0.005329126957803965,0.005640055052936077,0.010522624477744102,0.04501594230532646,0.0033764697145670652,0.03363450616598129,0.09037872403860092,,,,,,,,,,,,,,,
unknown,海,194,195,302.02502,302.52502,0.99658203,,0.04476378485560417,0.03995751217007637,0.21549579501152039,0.1175597533583641,0.001674381666816771,0.019580872729420662,0.0062697893008589745,0.12193185836076736,0.011481511406600475,0.02121460996568203,0.10288418084383011,0.04376312717795372,0.04581600800156593,0.19221676886081696,0.015362692065536976,0.1097303181886673,0.02520567923784256,0.019870556890964508,0.01978030800819397,0.00939408503472805,0.003017226466909051,0.009265926666557789,0.006305246613919735,0.07443489134311676,0.005110309924930334,0.003698403714224696,0.27323785424232483,0.1657513976097107,0.004525357857346535,0.21508540213108063,0.0023530868347734213,0.030150962993502617,0.0026657104026526213,0.002153199166059494,0.1440535932779312,0.19843630492687225,0.0140791404992342,0.20115165412425995,0.0033720731735229492,0.030013442039489746,0.0702236071228981,0.010453996248543262,0.009069581516087055,0.016096845269203186,0.037304289638996124,0.11175023764371872,0.007533038500696421,0.005352807231247425,0.012073216959834099,0.06569605320692062,0.002260795095935464,0.028421243652701378,0.038611359894275665,,,,,,,,,,,,,,,
unknown,牛,196,197,308.43582,308.93582,0.33520508,,0.01738107018172741,0.013195112347602844,0.028639504685997963,0.13170745968818665,0.008820704184472561,0.10518229007720947,0.03251615911722183,0.02035590447485447,0.04074309021234512,0.0687256008386612,0.06544771045446396,0.062452491372823715,0.09362630546092987,0.12489964067935944,0.029236383736133575,0.060171712189912796,0.04047571122646332,0.04840129613876343,0.05387042835354805,0.03194647654891014,0.00935265701264143,0.02895398996770382,0.029322706162929535,0.01766943372786045,0.01760023832321167,0.005728195421397686,0.218401238322258,0.031569600105285645,0.005905145313590765,0.1886107176542282,0.009480902925133705,0.010732274502515793,0.011257311329245567,0.0032341782934963703,0.165816530585289,0.060279350727796555,0.005344563629478216,0.05123062804341316,0.00617468124255538,0.037071458995342255,0.07552064955234528,0.01472439058125019,0.0024869823828339577,0.017062854021787643,0.06101880967617035,0.08771435171365738,0.00724062928929925,0.015689797699451447,0.03130160644650459,0.050902094691991806,0.004904463887214661,0.044077612459659576,0.03711777180433273,,,,,,,,,,,,,,,
unknown,ス,198,199,315.14514,315.34482,0.7246094,,0.021201683208346367,0.014597673900425434,0.029649311676621437,0.1075352355837822,0.010327900759875774,0.11553528159856796,0.025642462074756622,0.026090526953339577,0.02451658621430397,0.05577648803591728,0.06935261189937592,0.07213081419467926,0.10081769526004791,0.13582080602645874,0.030151376500725746,0.05928102880716324,0.03426564112305641,0.046105433255434036,0.05073053389787674,0.03285055235028267,0.00792026612907648,0.023676788434386253,0.025612685829401016,0.015176162123680115,0.00951339490711689,0.004199577961117029,0.2384001612663269,0.03207622095942497,0.005115153733640909,0.20244315266609192,0.007622477598488331,0.013456123881042004,0.0061696781776845455,0.0027714665047824383,0.19632118940353394,0.06288110464811325,0.0048369294963777065,0.061276134103536606,0.004004394169896841,0.03345494344830513,0.07305371016263962,0.013640896417200565,0.0017878229264169931,0.013493005186319351,0.051268767565488815,0.0881258174777031,0.0040159220807254314,0.009046831168234348,0.032803237438201904,0.060353834182024,0.0037554888986051083,0.028862101957201958,0.03636787086725235,,,,,,,,,,,,,,,
unknown,ズ,200,201,315.34482,315.58444,0.7553711,,0.024026498198509216,0.01586027815937996,0.02649754472076893,0.09761736541986465,0.013896607793867588,0.1336853951215744,0.022477392107248306,0.02496609278023243,0.02528351917862892,0.05377592146396637,0.06537356227636337,0.0651373490691185,0.09598929435014725,0.12448102980852127,0.03209169581532478,0.059218186885118484,0.04452525079250336,0.0493897944688797,0.06025779992341995,0.03621361777186394,0.008551067672669888,0.022905712947249413,0.025190172716975212,0.014922591857612133,0.009499668143689632,0.004830776248127222,0.25636211037635803,0.028295202180743217,0.006886980962008238,0.20607982575893402,0.006418920122087002,0.013073728419840336,0.0062959566712379456,0.0025148740969598293,0.21041418612003326,0.06402434408664703,0.005457861348986626,0.06282613426446915,0.004909217823296785,0.03549092262983322,0.07839573174715042,0.014071427285671234,0.002155113499611616,0.014034120365977287,0.04754883050918579,0.09620178490877151,0.005177696235477924,0.00914548896253109,0.039549585431814194,0.07348155230283737,0.004442978650331497,0.02387348748743534,0.039467502385377884,,,,,,,,,,,,,,,
unknown,メ,202,203,315.58444,316.08444,0.91259766,,0.019531799480319023,0.012436083517968655,0.021171145141124725,0.08820303529500961,0.014484222047030926,0.1622050404548645,0.019537027925252914,0.01864299178123474,0.02543296292424202,0.07004209607839584,0.06527519971132278,0.06286672502756119,0.0969061478972435,0.10468177497386932,0.03194089233875275,0.05693858116865158,0.044624630361795425,0.049000877887010574,0.07111447304487228,0.0370551161468029,0.008238090202212334,0.020584234967827797,0.023195724934339523,0.011506713926792145,0.009362570010125637,0.0037838807329535484,0.24920982122421265,0.021469371393322945,0.006689881440252066,0.19804225862026215,0.004571540746837854,0.011278422549366951,0.007069538347423077,0.0017513094935566187,0.20643948018550873,0.05543064326047897,0.003956310451030731,0.04671523720026016,0.003925500903278589,0.03381884843111038,0.07211866974830627,0.012925607152283192,0.0013862998457625508,0.012992559000849724,0.04263448715209961,0.09361277520656586,0.0037884246557950974,0.009350515902042389,0.039609067142009735,0.06633468717336655,0.00374816358089447,0.0247463621199131,0.036695696413517,,,,,,,,,,,,,,,
unknown,あ,204,205,319.995,320.235,0.5234375,,0.0166097953915596,0.011495602317154408,0.022512882947921753,0.09206294268369675,0.01222173124551773,0.13438913226127625,0.01862655207514763,0.020168425515294075,0.01930283010005951,0.0677325651049614,0.06834607571363449,0.06905803829431534,0.0915633887052536,0.09578143805265427,0.028826626017689705,0.07400891184806824,0.042603690177202225,0.05235110968351364,0.05871857702732086,0.026018982753157616,0.007005574181675911,0.019894244149327278,0.01799672096967697,0.016710765659809113,0.007777109742164612,0.003129692981019616,0.27400362491607666,0.023052901029586792,0.004806575831025839,0.23569326102733612,0.00421332661062479,0.01567191816866398,0.00716061657294631,0.0017741710180416703,0.18118470907211304,0.07216382026672363,0.003937157336622477,0.04534700885415077,0.0037273738998919725,0.0414491668343544,0.06001148745417595,0.015977390110492706,0.0010459556942805648,0.012106584385037422,0.043934740126132965,0.11437232047319412,0.002604585373774171,0.008288373239338398,0.034027524292469025,0.06543706357479095,0.0030518542043864727,0.03340760990977287,0.05042808875441551,,,,,,,,,,,,,,,
unknown,け,206,207,320.235,320.435,0.8979492,,0.017830759286880493,0.012698350474238396,0.02412397786974907,0.1359196901321411,0.009451235644519329,0.12561103701591492,0.016631172969937325,0.02112746238708496,0.035734307020902634,0.058403585106134415,0.054131027311086655,0.055412959307432175,0.1011204645037651,0.092778280377388,0.02676234394311905,0.06489716470241547,0.03728806599974632,0.044452980160713196,0.06305672973394394,0.02722141332924366,0.007459262851625681,0.01841316930949688,0.019457565620541573,0.01834889128804207,0.01774371601641178,0.004033929668366909,0.25898805260658264,0.026048537343740463,0.00579103222116828,0.21544267237186432,0.003564386395737529,0.013794590719044209,0.013122436590492725,0.0018112924881279469,0.16239003837108612,0.07128353416919708,0.004588440991938114,0.049867115914821625,0.004141533747315407,0.048925768584012985,0.07386129349470139,0.01469535194337368,0.0015579017344862223,0.012497230432927608,0.058469537645578384,0.10998283326625824,0.004676095675677061,0.014627492986619473,0.03920847922563553,0.07619555294513702,0.003801901824772358,0.03636559471487999,0.049770183861255646,,,,,,,,,,,,,,,
unknown,る,208,209,320.435,320.935,0.9790039,,0.009851038455963135,0.008643518202006817,0.021018967032432556,0.15060777962207794,0.0060445875860750675,0.11077568680047989,0.024631310254335403,0.014284796081483364,0.04783713445067406,0.08780296891927719,0.0660502165555954,0.06025988608598709,0.11932205408811569,0.10135602205991745,0.021501071751117706,0.0640600398182869,0.03125174716114998,0.043159935623407364,0.05170411989092827,0.02025209739804268,0.0050693536177277565,0.021945087239146233,0.02353890985250473,0.020953267812728882,0.019013581797480583,0.005128180142492056,0.2271548956632614,0.025558464229106903,0.004516563843935728,0.19485220313072205,0.004166209138929844,0.008582793176174164,0.014128739945590496,0.0014860888477414846,0.13437892496585846,0.06229193136096001,0.004194388631731272,0.03383580595254898,0.0049687041901052,0.03574630990624428,0.07091483473777771,0.01686515100300312,0.002165641402825713,0.01210195105522871,0.05555948615074158,0.09040004760026932,0.007208430673927069,0.01474825106561184,0.030879784375429153,0.05333184823393822,0.0047112395986914635,0.0911141112446785,0.040446214377880096,,,,,,,,,,,,,,,
unknown,直,210,211,327.835,327.995,0.4597168,,0.01065188366919756,0.007131194695830345,0.018388109281659126,0.1075187399983406,0.008899657987058163,0.15673044323921204,0.03057074174284935,0.014786498621106148,0.04460103437304497,0.07393380999565125,0.07313905656337738,0.08253207802772522,0.10390599817037582,0.09304805099964142,0.022676169872283936,0.06267830729484558,0.022703537717461586,0.057057932019233704,0.0615609735250473,0.02448584884405136,0.00629619974642992,0.027730444446206093,0.021497242152690887,0.014793640933930874,0.020949015393853188,0.006259245332330465,0.22170390188694,0.019642455503344536,0.00368747441098094,0.1825367957353592,0.004947474226355553,0.012757210992276669,0.014227831736207008,0.0017757918685674667,0.14228475093841553,0.04801003634929657,0.0028477120213210583,0.026172759011387825,0.005634969100356102,0.03622156009078026,0.09892185032367706,0.03168201446533203,0.0013257638784125447,0.010903303511440754,0.04439674690365791,0.10964590311050415,0.004741315729916096,0.014440059661865234,0.04657119885087013,0.08125046640634537,0.0058269198052585125,0.08087257295846939,0.05014219135046005,,,,,,,,,,,,,,,
unknown,お,212,213,327.995,328.115,0.48754883,,0.013695240952074528,0.009530819952487946,0.02336895652115345,0.12101279199123383,0.009600180201232433,0.1373828798532486,0.024186696857213974,0.02092229574918747,0.03613216429948807,0.06718472391366959,0.07384220510721207,0.0725148543715477,0.11719699949026108,0.10515616089105606,0.023552894592285156,0.06674587726593018,0.025063933804631233,0.048599328845739365,0.058923400938510895,0.024440452456474304,0.00668426975607872,0.025751831009984016,0.019798776134848595,0.018750188872218132,0.0166784655302763,0.005934543441981077,0.22715026140213013,0.025481121614575386,0.004458543844521046,0.19440330564975739,0.004690720699727535,0.012094657868146896,0.011029980145394802,0.0021486596670001745,0.14896641671657562,0.062469735741615295,0.003659929847344756,0.04443049058318138,0.006287159863859415,0.04327327758073807,0.086248017847538,0.024532677605748177,0.001640358124859631,0.014056098647415638,0.050263918936252594,0.10700087249279022,0.004777904134243727,0.013046334497630596,0.046841952949762344,0.0833558663725853,0.005194246303290129,0.06522022932767868,0.05395903438329697,,,,,,,,,,,,,,,
unknown,す,214,215,328.115,328.615,0.98779297,,0.010572354309260845,0.010233685374259949,0.01915672980248928,0.1153317242860794,0.011168483644723892,0.16478495299816132,0.0368824228644371,0.009911608882248402,0.05758582428097725,0.08885973691940308,0.0646645575761795,0.0645769014954567,0.0869561955332756,0.06830709427595139,0.02282802015542984,0.06770253926515579,0.054086290299892426,0.07234311103820801,0.05597655847668648,0.0207135621458292,0.005903040524572134,0.030693700537085533,0.018006356433033943,0.018244780600070953,0.019473794847726822,0.006361744832247496,0.29292112588882446,0.017176466062664986,0.005236603319644928,0.2620354890823364,0.005216593388468027,0.010819707065820694,0.013802346773445606,0.0014849710278213024,0.14923390746116638,0.07629597187042236,0.005305034574121237,0.02559952437877655,0.00807825569063425,0.04719413071870804,0.07107465714216232,0.021028835326433182,0.0022501060739159584,0.014104482717812061,0.03567471727728844,0.11379288882017136,0.006804927717894316,0.013051745481789112,0.03144771233201027,0.05670778825879097,0.005585812032222748,0.04393615201115608,0.0476539209485054,,,,,,,,,,,,,,,
unknown,つ,216,217,332.9299,333.08978,0.81396484,,0.007946362718939781,0.007563987746834755,0.016340166330337524,0.1197378858923912,0.0115085793659091,0.1925370991230011,0.037857092916965485,0.008295750245451927,0.06741761416196823,0.09900598973035812,0.07866143435239792,0.06481610238552094,0.09932583570480347,0.07717092335224152,0.024082647636532784,0.06517526507377625,0.05700964108109474,0.060687851160764694,0.06285016238689423,0.02441820502281189,0.006294683553278446,0.030941715463995934,0.019910750910639763,0.014993300661444664,0.020521359518170357,0.006474523339420557,0.25186026096343994,0.015709802508354187,0.0051996237598359585,0.22036662697792053,0.005382081028074026,0.008992147631943226,0.015091948211193085,0.0015224949456751347,0.15542615950107574,0.06190069019794464,0.0038845923263579607,0.022110937163233757,0.00799564179033041,0.03328278660774231,0.08192417025566101,0.02218559756875038,0.0020253800321370363,0.01258232444524765,0.04025406762957573,0.10867644101381302,0.006812000181525946,0.013200527057051659,0.03678727149963379,0.05768347159028053,0.005742809269577265,0.041440293192863464,0.03760262951254845,,,,,,,,,,,,,,,
unknown,目,218,219,333.08978,333.58978,0.9926758,,0.003239051438868046,0.00351804425008595,0.005182880908250809,0.05549027398228645,0.05026772618293762,0.49284449219703674,0.06897752732038498,0.0038346804212778807,0.07107306271791458,0.09476271271705627,0.026275446638464928,0.045386698096990585,0.15550653636455536,0.04557960107922554,0.028818586841225624,0.013312973082065582,0.036865223199129105,0.06039273366332054,0.09289663285017014,0.0424952358007431,0.008681152015924454,0.06936512887477875,0.025065196678042412,0.004077085759490728,0.01964775286614895,0.004605371970683336,0.15265494585037231,0.007068667560815811,0.004256610758602619,0.14691737294197083,0.007603575941175222,0.00372908404096961,0.013341961428523064,0.0017203731695190072,0.10525573790073395,0.020603472366929054,0.0016218590317294002,0.012147972360253334,0.006942962761968374,0.010818441398441792,0.05693640559911728,0.00737425871193409,0.0009327366133220494,0.014858970418572426,0.026811975985765457,0.02196952886879444,0.002622396219521761,0.011107785627245903,0.05445294454693794,0.030624546110630035,0.0034700590185821056,0.02885306440293789,0.01187901571393013,,,,,,,,,,,,,,,
unknown,だ,220,221,337.84616,338.20587,0.86376953,,0.0035496018826961517,0.003393531311303377,0.006114886607974768,0.0470489040017128,0.05632529407739639,0.5339362025260925,0.06595912575721741,0.003987905103713274,0.06321743875741959,0.06372169405221939,0.025572990998625755,0.039747416973114014,0.1448957622051239,0.04124654084444046,0.026502329856157303,0.014447896741330624,0.04126550629734993,0.05504588410258293,0.12451085448265076,0.040749769657850266,0.009985220618546009,0.08137279748916626,0.02069326862692833,0.0038200633134692907,0.023005910217761993,0.0054971808567643166,0.12828241288661957,0.0061268857680261135,0.00444419402629137,0.11231884360313416,0.007097226567566395,0.005753804929554462,0.01790071465075016,0.001887490157969296,0.09399288147687912,0.019640885293483734,0.0014706664951518178,0.010807191021740437,0.010495905764400959,0.011136483401060104,0.06267254799604416,0.010199880227446556,0.0007241127896122634,0.017946479842066765,0.02309766225516796,0.027100805193185806,0.0020305647049099207,0.01300260704010725,0.06590281426906586,0.0350358709692955,0.004063853528350592,0.026609864085912704,0.012720141559839249,,,,,,,,,,,,,,,
unknown,だ,222,223,338.20587,338.70587,0.28100586,,0.00607508746907115,0.005378987640142441,0.011564996093511581,0.07170694321393967,0.029654596000909805,0.3799787163734436,0.05572683364152908,0.006032451055943966,0.0842859223484993,0.0643230751156807,0.0337715707719326,0.05288434401154518,0.19416414201259613,0.05120449513196945,0.020546264946460724,0.023334413766860962,0.04465937614440918,0.05675438046455383,0.1033819243311882,0.030705982819199562,0.007516935467720032,0.06188245862722397,0.023370755836367607,0.006576781161129475,0.029847661033272743,0.005506003741174936,0.18443283438682556,0.010023003444075584,0.0040941680781543255,0.1527751386165619,0.007201812230050564,0.00815923698246479,0.0179886557161808,0.001972423866391182,0.1318688839673996,0.033750154078006744,0.0020983663853257895,0.01851324550807476,0.010656357742846012,0.017731625586748123,0.06736376881599426,0.01232232991605997,0.0010413408745080233,0.014286397956311703,0.020751092582941055,0.0456341952085495,0.0028773557860404253,0.013760840520262718,0.0638534426689148,0.05474259331822395,0.004083695821464062,0.022490156814455986,0.020181262865662575,,,,,,,,,,,,,,,
unknown,海,224,225,344.2013,344.7013,0.98876953,,0.010411715134978294,0.00852831918746233,0.016889726743102074,0.08381103724241257,0.012820315547287464,0.2030714601278305,0.05789399892091751,0.00956740416586399,0.12474571168422699,0.062101613730192184,0.03889124095439911,0.04458194971084595,0.13859425485134125,0.050355345010757446,0.01650526374578476,0.03423053398728371,0.03295042738318443,0.04100876301527023,0.1145901009440422,0.026283159852027893,0.006940501742064953,0.05480770766735077,0.023798080161213875,0.007028559222817421,0.07639691978693008,0.0066995201632380486,0.17256326973438263,0.013168103992938995,0.003791653085500002,0.14951513707637787,0.010779503732919693,0.01574770361185074,0.036733146756887436,0.0030094576068222523,0.11463708430528641,0.03767984360456467,0.0028794994577765465,0.03535430133342743,0.00930115021765232,0.028499340638518333,0.0992605984210968,0.02328612469136715,0.0010970222065225244,0.025325080379843712,0.024847155436873436,0.06668314337730408,0.002781337359920144,0.031537286937236786,0.07768113911151886,0.08527474105358124,0.006248625926673412,0.014908081851899624,0.0276678204536438,,,,,,,,,,,,,,,
unknown,虫,226,227,351.215,351.715,0.85498047,,0.018041666597127914,0.01841483637690544,0.01973259635269642,0.0654735118150711,0.020919935777783394,0.24196596443653107,0.1225193664431572,0.006743888836354017,0.19355380535125732,0.07272521406412125,0.030565697699785233,0.03296159207820892,0.058858975768089294,0.04678921028971672,0.030144860967993736,0.05291713774204254,0.04225889965891838,0.05337643250823021,0.08073559403419495,0.030718594789505005,0.009312709793448448,0.07662329822778702,0.0242095198482275,0.006164077669382095,0.11761127412319183,0.012636949308216572,0.1732627898454666,0.011436168104410172,0.007456361316144466,0.13347969949245453,0.015627888962626457,0.03451259806752205,0.04323410987854004,0.002269302261993289,0.08851643651723862,0.05315003916621208,0.007956460118293762,0.023989306762814522,0.017402363941073418,0.06132739782333374,0.10319417715072632,0.03066970221698284,0.0024909197818487883,0.035748980939388275,0.02500227279961109,0.09168776124715805,0.004627024754881859,0.04403548315167427,0.028689980506896973,0.04696740210056305,0.01040298119187355,0.0155737129971385,0.027403250336647034,,,,,,,,,,,,,,,
unknown,心,228,229,356.135,356.635,0.99902344,,0.015473362989723682,0.01188138872385025,0.01204454991966486,0.06954184919595718,0.020147308707237244,0.21936963498592377,0.11975131183862686,0.00650822464376688,0.1375277191400528,0.06292907148599625,0.024409795179963112,0.0301218181848526,0.05184858664870262,0.06525880843400955,0.034370727837085724,0.03275713324546814,0.04024089500308037,0.052125971764326096,0.12360525131225586,0.04037376865744591,0.01276275236159563,0.08669668436050415,0.04149531573057175,0.0041746580973267555,0.11479751020669937,0.013765399344265461,0.11262673884630203,0.010162760503590107,0.009522629901766777,0.08164245635271072,0.022522538900375366,0.016833418980240822,0.05399710685014725,0.0032489835284650326,0.07508470863103867,0.02945862151682377,0.006123648025095463,0.02268245816230774,0.020481744781136513,0.04019646719098091,0.12657752633094788,0.020223310217261314,0.0021576222497969866,0.050258819013834,0.04003191739320755,0.055457618087530136,0.00434002885594964,0.06369362026453018,0.03574864938855171,0.03453708812594414,0.011924568563699722,0.022644517943263054,0.02063380740582943,,,,,,,,,,,,,,,
unknown,3,230,231,362.50885,362.74854,0.8486328,,0.01970810443162918,0.015101760625839233,0.013661215081810951,0.09482771158218384,0.028945215046405792,0.19237229228019714,0.11892293393611908,0.008924436755478382,0.12613873183727264,0.0417945422232151,0.013112267479300499,0.024583250284194946,0.04595163092017174,0.049786072224378586,0.04262353107333183,0.02581642009317875,0.04008949548006058,0.054118335247039795,0.0782305896282196,0.05013461038470268,0.018785396590828896,0.0876978188753128,0.0389525443315506,0.0069101531989872456,0.09165380150079727,0.013032288290560246,0.19327929615974426,0.01166799757629633,0.01016942597925663,0.1493462324142456,0.030543910339474678,0.01625523902475834,0.03513675183057785,0.005587278865277767,0.08595402538776398,0.043209902942180634,0.006434028036892414,0.01606070064008236,0.015846941620111465,0.03786842152476311,0.10973365604877472,0.013723679818212986,0.0020229050423949957,0.03046853467822075,0.053680818527936935,0.04991382360458374,0.004440428223460913,0.04586578160524368,0.04051727056503296,0.04926902800798416,0.011105712503194809,0.012607131153345108,0.022062998265028,,,,,,,,,,,,,,,
unknown,番,232,233,362.74854,363.24854,0.97509766,,0.014815166592597961,0.011072753928601742,0.012768075801432133,0.06677933037281036,0.035239078104496,0.23425525426864624,0.1396365612745285,0.008468604646623135,0.11134862899780273,0.043491486459970474,0.0142896119505167,0.027871768921613693,0.06441976875066757,0.0576021634042263,0.03966236114501953,0.022162510082125664,0.02706104889512062,0.04673760011792183,0.13959483802318573,0.05636812746524811,0.019453687593340874,0.12797574698925018,0.050290316343307495,0.0056639318354427814,0.09596261382102966,0.013222080655395985,0.11311662942171097,0.011747023090720177,0.00769064761698246,0.08880557119846344,0.038774847984313965,0.010936171747744083,0.03484196588397026,0.007269079796969891,0.05886148661375046,0.029162701219320297,0.005930672865360975,0.019447647035121918,0.027434395626187325,0.028854910284280777,0.13610361516475677,0.013879592530429363,0.002377393888309598,0.0533771887421608,0.03682006150484085,0.039971426129341125,0.004070610739290714,0.053835429251194,0.06337875127792358,0.04281051456928253,0.00962662510573864,0.019655779004096985,0.019379908218979836,,,,,,,,,,,,,,,
unknown,心,234,235,368.62082,369.12082,0.9868164,,0.024122368544340134,0.02258135937154293,0.01577327400445938,0.06511250138282776,0.03363557532429695,0.2263088971376419,0.11952605843544006,0.013819629326462746,0.0831671804189682,0.04556921496987343,0.01765734702348709,0.026173800230026245,0.05291098728775978,0.05372956767678261,0.03644391894340515,0.029341015964746475,0.030657215043902397,0.047206681221723557,0.16078855097293854,0.048941031098365784,0.016475992277264595,0.12337594479322433,0.03820394352078438,0.008884179405868053,0.06887445598840714,0.019405199214816093,0.15994678437709808,0.01590633951127529,0.008596583269536495,0.13230323791503906,0.02919347956776619,0.02082565240561962,0.03341148793697357,0.006312702316790819,0.06595069169998169,0.050537168979644775,0.014260174706578255,0.02894955314695835,0.03060728870332241,0.02834567055106163,0.1276130974292755,0.01999904029071331,0.0048910025507211685,0.0782824382185936,0.03798892721533775,0.04829569533467293,0.005851805210113525,0.045110125094652176,0.07163018733263016,0.057287126779556274,0.015291489660739899,0.027424484491348267,0.021150197833776474,,,,,,,,,,,,,,,
unknown,鳥,236,237,374.29333,374.79333,0.9824219,,0.03194648027420044,0.027056271210312843,0.02804304100573063,0.08730339258909225,0.01438045036047697,0.13581568002700806,0.11622060835361481,0.01828962378203869,0.10932020843029022,0.04509768635034561,0.02151687629520893,0.03430921211838722,0.07278833538293839,0.08057373762130737,0.02592550404369831,0.03506554663181305,0.04117007553577423,0.05719528719782829,0.1176823079586029,0.03254149109125137,0.009678486734628677,0.08657130599021912,0.05397211015224457,0.011883378028869629,0.07516413182020187,0.01365505252033472,0.21382339298725128,0.02546241320669651,0.010727331042289734,0.17923429608345032,0.030882399529218674,0.017278898507356644,0.02705242484807968,0.004474825691431761,0.10865463316440582,0.06429297477006912,0.012563263066112995,0.02687603421509266,0.019372746348381042,0.04021741822361946,0.14093109965324402,0.015056135132908821,0.006144845858216286,0.055501967668533325,0.03398321568965912,0.060686178505420685,0.008891427889466286,0.0415223054587841,0.052231207489967346,0.0715223029255867,0.010393875651061535,0.01717977039515972,0.024161025881767273,,,,,,,,,,,,,,,
unknown,せ,238,239,379.74283,380.24283,0.49609375,,0.03923540189862251,0.039866190403699875,0.039290908724069595,0.09765643626451492,0.017442170530557632,0.15594378113746643,0.09366563707590103,0.0214262492954731,0.09886528551578522,0.029296016320586205,0.018072931095957756,0.02993636764585972,0.07209233939647675,0.08056074380874634,0.03139081969857216,0.03620258346199989,0.03557610884308815,0.06032947450876236,0.1422124207019806,0.045681849122047424,0.012978301383554935,0.08083619922399521,0.05149322375655174,0.015301354229450226,0.08237312734127045,0.014593587256968021,0.22773438692092896,0.03075123392045498,0.01157105341553688,0.1863877922296524,0.02350796014070511,0.019162463024258614,0.03523975983262062,0.004674558062106371,0.09029250591993332,0.08070571720600128,0.022303499281406403,0.03401784226298332,0.01796235889196396,0.05038546770811081,0.14013579487800598,0.014254376292228699,0.009680028073489666,0.06478403508663177,0.03853866457939148,0.06359267234802246,0.012086240574717522,0.05231976881623268,0.05489685758948326,0.06664344668388367,0.011418976821005344,0.01693744584918022,0.027844836935400963,,,,,,,,,,,,,,,
unknown,お,240,241,387.69687,387.89673,0.92529297,,0.05247827619314194,0.04718179255723953,0.055152248591184616,0.09472735226154327,0.01169104129076004,0.11288627237081528,0.05838192626833916,0.02805205248296261,0.06914619356393814,0.03351477161049843,0.02636752836406231,0.030822545289993286,0.07290702313184738,0.11932770162820816,0.03080088458955288,0.05116503685712814,0.03693442791700363,0.05123085901141167,0.13987432420253754,0.04322775825858116,0.010405565612018108,0.05266004800796509,0.05216299369931221,0.01733251102268696,0.04877221956849098,0.015015245415270329,0.24532164633274078,0.039404094219207764,0.013351421803236008,0.184956356883049,0.014793203212320805,0.021355874836444855,0.02508383058011532,0.003291785018518567,0.12011472880840302,0.09899882227182388,0.024689793586730957,0.05268814042210579,0.015072062611579895,0.05094587057828903,0.13828878104686737,0.01392011996358633,0.010504448786377907,0.07085495442152023,0.0359930582344532,0.07822425663471222,0.01139726024121046,0.03974117711186409,0.0449172742664814,0.0676819458603859,0.012113789096474648,0.016074685379862785,0.029499392956495285,,,,,,,,,,,,,,,
unknown,金,242,243,387.89673,388.13654,0.27490234,,0.04707500711083412,0.04072904214262962,0.052105195820331573,0.15036429464817047,0.010946298949420452,0.09509067982435226,0.04924483597278595,0.03299443796277046,0.08848308026790619,0.028671536594629288,0.01998082548379898,0.026224428787827492,0.07795270532369614,0.08008333295583725,0.027895264327526093,0.04582298547029495,0.03877469152212143,0.04100881144404411,0.10235729068517685,0.033041730523109436,0.011259542778134346,0.04385523125529289,0.0397515632212162,0.02497955970466137,0.07455404847860336,0.009667865931987762,0.25743019580841064,0.04331628978252411,0.012076329439878464,0.22636568546295166,0.015238899737596512,0.02259310893714428,0.026970036327838898,0.004550455138087273,0.11581767350435257,0.11343732476234436,0.015507197007536888,0.03700381889939308,0.010491629131138325,0.05316070839762688,0.1167106181383133,0.013499568216502666,0.007948384620249271,0.04016203060746193,0.04652872309088707,0.08460508286952972,0.013035804964601994,0.04300274699926376,0.05275171250104904,0.10137224942445755,0.007983190938830376,0.009365090169012547,0.035013917833566666,,,,,,,,,,,,,,,
unknown,ね,244,245,388.13654,388.63654,0.7324219,,0.0765976831316948,0.05969858914613724,0.08214597404003143,0.13455019891262054,0.006225987337529659,0.0689007043838501,0.03225194662809372,0.04468151926994324,0.06549202650785446,0.03420701250433922,0.026764459908008575,0.030072465538978577,0.07012996822595596,0.0885167270898819,0.023185374215245247,0.06077500432729721,0.03865543007850647,0.04460801184177399,0.09056264162063599,0.027815259993076324,0.007253899239003658,0.026678824797272682,0.03618515282869339,0.02743178978562355,0.04235469549894333,0.008364012464880943,0.34575197100639343,0.052552759647369385,0.012843739241361618,0.28910526633262634,0.00953027792274952,0.02629704400897026,0.015364802442491055,0.0025822496972978115,0.1571986824274063,0.14806503057479858,0.019797928631305695,0.0455290786921978,0.0070409877225756645,0.060254089534282684,0.104730986058712,0.012753935530781746,0.0086067421361804,0.03348070755600929,0.03439170867204666,0.10511744767427444,0.012108727358281612,0.02669152058660984,0.040733758360147476,0.11556919664144516,0.007512633688747883,0.00899501983076334,0.03969169035553932,,,,,,,,,,,,,,,
unknown,暗,246,247,393.31,393.50998,1.0,,0.048037368804216385,0.03459043800830841,0.06599677354097366,0.19923457503318787,0.007379125338047743,0.07832647114992142,0.035012826323509216,0.036658670753240585,0.05828944966197014,0.03328312188386917,0.02501113899052143,0.03724111244082451,0.08996749669313431,0.08838339149951935,0.030033592134714127,0.06039363518357277,0.04677002876996994,0.03936878219246864,0.07598986476659775,0.035715874284505844,0.012267297133803368,0.028657952323555946,0.041881807148456573,0.03109591268002987,0.040581218898296356,0.0051780520007014275,0.2932283282279968,0.04923970624804497,0.009195951744914055,0.26397159695625305,0.01466586347669363,0.01944842003285885,0.014158758334815502,0.004938196856528521,0.14790748059749603,0.11935210973024368,0.011155277490615845,0.035434894263744354,0.005685599986463785,0.05484730377793312,0.09829819202423096,0.01376340165734291,0.004657798446714878,0.01965038850903511,0.06426700204610825,0.11659426987171173,0.010981057770550251,0.025035008788108826,0.04854360595345497,0.11325395852327347,0.004706957843154669,0.009164168499410152,0.045904453843832016,,,,,,,,,,,,,,,
unknown,闇,248,249,393.50998,394.00998,0.92285156,,0.04396895319223404,0.026461372151970863,0.07341334223747253,0.16561663150787354,0.008499640971422195,0.07712195813655853,0.048904720693826675,0.03615643456578255,0.04993748292326927,0.028521521016955376,0.022112052887678146,0.0431462787091732,0.09180407971143723,0.13431204855442047,0.03726959973573685,0.04704994708299637,0.04443513602018356,0.03383343666791916,0.08747424930334091,0.0523429699242115,0.01945318467915058,0.04237506538629532,0.05760416388511658,0.02225222997367382,0.03857370838522911,0.0051209754310548306,0.20709125697612762,0.05608971044421196,0.008729309774935246,0.1687414050102234,0.030822567641735077,0.013178168796002865,0.013051855377852917,0.010291189886629581,0.13000552356243134,0.06891526281833649,0.007832999341189861,0.05053609982132912,0.008381059393286705,0.04520244151353836,0.09773609787225723,0.009050725027918816,0.0035268987994641066,0.02499431185424328,0.07487567514181137,0.08777870982885361,0.008719592355191708,0.029928624629974365,0.045573968440294266,0.0645788386464119,0.00382816675119102,0.009548196569085121,0.03480735421180725,,,,,,,,,,,,,,,
unknown,１,250,251,398.31,398.81,0.5473633,,0.025591764599084854,0.01870299130678177,0.04586172103881836,0.16148793697357178,0.029506677761673927,0.12921220064163208,0.0963151603937149,0.02542547881603241,0.07061842828989029,0.020272882655262947,0.0054413978941738605,0.021219026297330856,0.07051999866962433,0.05597686395049095,0.052727676928043365,0.02602269873023033,0.05301311984658241,0.03674515709280968,0.12582631409168243,0.0804176777601242,0.04974111169576645,0.10357188433408737,0.05360722541809082,0.030622530728578568,0.08779238164424896,0.005392059218138456,0.23998644948005676,0.03569193184375763,0.00972503051161766,0.2425915151834488,0.06711260229349136,0.01225739810615778,0.03008808009326458,0.029633903875947,0.0667974203824997,0.06751049309968948,0.0049614859744906425,0.026362702250480652,0.014387421309947968,0.040669336915016174,0.08168843388557434,0.007439001463353634,0.0018561063334345818,0.036580640822649,0.07491345703601837,0.05641649663448334,0.005860001780092716,0.05986037105321884,0.07600507885217667,0.06308450549840927,0.0033247622195631266,0.008187216706573963,0.03605674207210541,,,,,,,,,,,,,,,
unknown,ク,252,253,405.06998,405.19,0.9301758,,0.046284787356853485,0.03469179943203926,0.044550295919179916,0.1638299822807312,0.02321763150393963,0.11407909542322159,0.06489728391170502,0.035397812724113464,0.06330567598342896,0.017234809696674347,0.009548953734338284,0.025754302740097046,0.07572620362043381,0.07754996418952942,0.04178149998188019,0.02966412343084812,0.060031238943338394,0.041215743869543076,0.1080973893404007,0.06655041128396988,0.03149319067597389,0.07882362604141235,0.049220651388168335,0.027291005477309227,0.0646619126200676,0.010820268653333187,0.25010502338409424,0.04113675281405449,0.011014431715011597,0.20029045641422272,0.03912978991866112,0.017048822715878487,0.02336440049111843,0.018245240673422813,0.09149958193302155,0.07971691340208054,0.013582220301032066,0.05946134030818939,0.01789088547229767,0.04141958802938461,0.1174350380897522,0.011250341311097145,0.005477903410792351,0.04097381606698036,0.07659692317247391,0.0657864660024643,0.011879452504217625,0.04334260895848274,0.08514820039272308,0.10234091430902481,0.007662756368517876,0.0089363232254982,0.03709442541003227,,,,,,,,,,,,,,,
unknown,ロ,254,255,405.19,405.27,0.70751953,,0.019012335687875748,0.01790517568588257,0.03858330845832825,0.1894029676914215,0.040969181805849075,0.17190150916576385,0.04719286039471626,0.0196006428450346,0.060981784015893936,0.024380575865507126,0.009067397564649582,0.020395437255501747,0.056322041898965836,0.03908001631498337,0.0618155263364315,0.026650389656424522,0.045581117272377014,0.031328339129686356,0.11322294920682907,0.09765249490737915,0.06194961443543434,0.07708406448364258,0.02480771578848362,0.02907203510403633,0.07308361679315567,0.006014580838382244,0.1879625767469406,0.030304348096251488,0.00749777490273118,0.1642913967370987,0.027376001700758934,0.009737500920891762,0.028486385941505432,0.02336442470550537,0.05254526436328888,0.06724629551172256,0.006955141667276621,0.026946667581796646,0.012610000558197498,0.03174426406621933,0.07724020630121231,0.007657916285097599,0.002886677859351039,0.030629649758338928,0.09045356512069702,0.05709737166762352,0.010174568742513657,0.0527191087603569,0.07994863390922546,0.05391821265220642,0.0041775633580982685,0.010383794084191322,0.031858790665864944,,,,,,,,,,,,,,,
unknown,ー,256,257,405.27,405.43,0.92529297,,0.01320552732795477,0.012901172041893005,0.022937236353754997,0.1427261382341385,0.06499732285737991,0.22938326001167297,0.05397186800837517,0.013527623377740383,0.06200849264860153,0.022682515904307365,0.006462289020419121,0.014394202269613743,0.06037556007504463,0.031273987144231796,0.06724327802658081,0.016764895990490913,0.04462585598230362,0.02804410830140114,0.15383805334568024,0.1085657998919487,0.06549161672592163,0.10256271064281464,0.02784630097448826,0.01866866834461689,0.07546288520097733,0.006338154897093773,0.13379520177841187,0.02010653167963028,0.00911943893879652,0.11490553617477417,0.02842099219560623,0.006371077615767717,0.03564569354057312,0.02240457385778427,0.03885817155241966,0.04262801259756088,0.00581425242125988,0.016254380345344543,0.01764564961194992,0.024580853059887886,0.06884095072746277,0.004869232419878244,0.002348978305235505,0.0422242246568203,0.09252804517745972,0.034463703632354736,0.007549585308879614,0.06252084672451019,0.09351050108671188,0.035783469676971436,0.004386273678392172,0.012040071189403534,0.021847719326615334,,,,,,,,,,,,,,,
unknown,バ,258,259,405.43,405.55,0.9667969,,0.007140690460801125,0.006944412365555763,0.013479650020599365,0.12076188623905182,0.09596465528011322,0.312406450510025,0.07563591003417969,0.008562525734305382,0.0648927390575409,0.025255227461457253,0.0042547546327114105,0.010683409869670868,0.05186328664422035,0.027306748554110527,0.08197862654924393,0.009320667013525963,0.03671268746256828,0.022317124530673027,0.19201016426086426,0.13559572398662567,0.08888676017522812,0.14694440364837646,0.030621584504842758,0.011207373812794685,0.0846114531159401,0.006976793985813856,0.08723986893892288,0.012804538942873478,0.010149642825126648,0.08110272884368896,0.03647288307547569,0.003603664692491293,0.040955930948257446,0.027009176090359688,0.02718237414956093,0.023931164294481277,0.0032785183284431696,0.009865225292742252,0.023050032556056976,0.014050395227968693,0.06769582629203796,0.003430234966799617,0.001512633403763175,0.051670730113983154,0.10299518704414368,0.01843164674937725,0.005364648997783661,0.07467108964920044,0.10042038559913635,0.021537594497203827,0.004498919006437063,0.017110304906964302,0.012554658576846123,,,,,,,,,,,,,,,
unknown,ー,260,261,405.55,405.945,0.80908203,,0.006964338012039661,0.007247202564030886,0.012834236025810242,0.13987907767295837,0.11063943058252335,0.33065423369407654,0.06457195430994034,0.008210659958422184,0.06289896368980408,0.023007646203041077,0.004401448182761669,0.010649806819856167,0.052111271768808365,0.026403285562992096,0.0886184498667717,0.009634071961045265,0.037351641803979874,0.023998593911528587,0.1617855429649353,0.1372278332710266,0.08445412665605545,0.12681598961353302,0.027230627834796906,0.012165171094238758,0.07529176026582718,0.006360784638673067,0.09866317361593246,0.012626085430383682,0.01012964267283678,0.08957293629646301,0.030269525945186615,0.003643051488325,0.035926055163145065,0.023774543777108192,0.031178051605820656,0.026990793645381927,0.003575695212930441,0.009253659285604954,0.018977204337716103,0.01476315688341856,0.06155527010560036,0.003172994125634432,0.0017256684368476272,0.03830371052026749,0.11620252579450607,0.019679700955748558,0.006390912923961878,0.062022533267736435,0.09294088184833527,0.02277957834303379,0.004171728156507015,0.015105252154171467,0.013039276003837585,,,,,,,,,,,,,,,
unknown,緑,262,263,411.5206,412.0206,0.96777344,,0.02575385384261608,0.045598387718200684,0.06674285978078842,0.14669589698314667,0.04455161094665527,0.11849620193243027,0.03099224530160427,0.027213776484131813,0.057518795132637024,0.02262560836970806,0.006832767277956009,0.011498542502522469,0.06855957955121994,0.019124381244182587,0.03687667101621628,0.01849319599568844,0.08064637333154678,0.02122172899544239,0.05372445285320282,0.055882152169942856,0.042192306369543076,0.07152192294597626,0.010477093048393726,0.05711596831679344,0.0359698086977005,0.0055282991379499435,0.22159172594547272,0.048231739550828934,0.009350433945655823,0.2207757979631424,0.01799914240837097,0.004456833470612764,0.010981734842061996,0.019406801089644432,0.07328486442565918,0.09053908288478851,0.017796790227293968,0.014778215438127518,0.014697191305458546,0.0252214502543211,0.02979477122426033,0.0022800553124397993,0.010183149948716164,0.02710632234811783,0.04253287613391876,0.03676808252930641,0.04545193538069725,0.025206472724676132,0.06047551706433296,0.047229472547769547,0.003462839173153043,0.005617732647806406,0.015875576063990593,,,,,,,,,,,,,,,
unknown,み,264,265,416.7165,416.79642,0.32470703,,0.025920316576957703,0.03851573169231415,0.07719108462333679,0.13306540250778198,0.025568462908267975,0.08666834235191345,0.03142932057380676,0.02860444225370884,0.053157124668359756,0.029908576980233192,0.00963414367288351,0.015312900766730309,0.06484968215227127,0.02294529415667057,0.028715243563055992,0.026410536840558052,0.07510671764612198,0.02532997913658619,0.0516623854637146,0.038154661655426025,0.02990889735519886,0.06436257064342499,0.0110273826867342,0.05773718282580376,0.03377955034375191,0.005350865889340639,0.23998472094535828,0.048472609370946884,0.008596223779022694,0.23411113023757935,0.016906943172216415,0.005226245149970055,0.012980954721570015,0.014846921898424625,0.0769539549946785,0.09906228631734848,0.013975468464195728,0.01319061778485775,0.014795402064919472,0.036238864064216614,0.03253116458654404,0.002991102635860443,0.0062787700444459915,0.03140248358249664,0.04020920768380165,0.04833551496267319,0.02566411718726158,0.027609607204794884,0.050825510174036026,0.047706663608551025,0.0035400702618062496,0.007364764343947172,0.02188980206847191,,,,,,,,,,,,,,,
unknown,ん,266,267,416.79642,416.91632,0.93066406,,0.022524992004036903,0.030814532190561295,0.07111833244562149,0.13733141124248505,0.03211606293916702,0.13724589347839355,0.02552587352693081,0.02434195764362812,0.04117651283740997,0.04080025479197502,0.012578895315527916,0.01897609792649746,0.06798010319471359,0.03052329272031784,0.037158649414777756,0.025967366993427277,0.07151474058628082,0.02883635088801384,0.06827176362276077,0.05127835273742676,0.02712911367416382,0.054232098162174225,0.011486167088150978,0.03599107638001442,0.023737994953989983,0.004979414399713278,0.2276889681816101,0.040850549936294556,0.010268164798617363,0.20202995836734772,0.011719980277121067,0.005155917257070541,0.009496035054326057,0.010194150730967522,0.08516286313533783,0.08393925428390503,0.010926674120128155,0.017878402024507523,0.011790228076279163,0.031887248158454895,0.036560699343681335,0.002908991649746895,0.004987652413547039,0.03177908435463905,0.05124890059232712,0.04514165222644806,0.016307473182678223,0.020259074866771698,0.04863162338733673,0.04031163826584816,0.0034970431588590145,0.007951302453875542,0.02005850151181221,,,,,,,,,,,,,,,
unknown,に,268,269,416.91632,417.41632,0.80126953,,0.031032731756567955,0.037722695618867874,0.09696297347545624,0.18388862907886505,0.012825420126318932,0.07635022699832916,0.012725027278065681,0.031285058706998825,0.03598698228597641,0.05497566983103752,0.023955732583999634,0.025505952537059784,0.06335315108299255,0.036375708878040314,0.029247140511870384,0.04514273628592491,0.08732744306325912,0.0287326592952013,0.046767380088567734,0.033449381589889526,0.01928728260099888,0.025782300159335136,0.009423840790987015,0.04861483722925186,0.019669542089104652,0.004293039906769991,0.2529661953449249,0.05576516315340996,0.008833472616970539,0.20382355153560638,0.0061026280745863914,0.007744960021227598,0.00848898384720087,0.006331672891974449,0.11227841675281525,0.11386559158563614,0.013260819017887115,0.026142101734876633,0.006802648771554232,0.03332792595028877,0.03696044906973839,0.004239608068019152,0.0061717587523162365,0.019283244386315346,0.05548069626092911,0.07435230165719986,0.023326488211750984,0.016732152551412582,0.033769577741622925,0.05148502439260483,0.0035803590435534716,0.010316814295947552,0.02723749354481697,,,,,,,,,,,,,,,
unknown,教,270,271,422.01,422.33,0.92041016,,0.03342563286423683,0.0437852181494236,0.10835171490907669,0.18126696348190308,0.012772605754435062,0.08178407698869705,0.01006658747792244,0.03444191813468933,0.030863068997859955,0.04139849916100502,0.021523691713809967,0.022446148097515106,0.05781678855419159,0.04238332808017731,0.03650602698326111,0.05590788275003433,0.06861274689435959,0.02366841956973076,0.05963858962059021,0.04418327659368515,0.023978810757398605,0.020859556272625923,0.009586812928318977,0.0503179170191288,0.020956238731741905,0.003607428865507245,0.2936305105686188,0.058386921882629395,0.007515641860663891,0.23956407606601715,0.004501324146986008,0.011215408332645893,0.011313560418784618,0.006298177409917116,0.11284201592206955,0.13695968687534332,0.015931328758597374,0.0456276535987854,0.005015886854380369,0.04338047653436661,0.046713098883628845,0.004458760377019644,0.005019949749112129,0.01888062246143818,0.0530179999768734,0.09584736078977585,0.014602885581552982,0.019690435379743576,0.03828294202685356,0.05936594307422638,0.0029180049896240234,0.00812479853630066,0.03340156748890877,,,,,,,,,,,,,,,
unknown,会,272,273,422.33,422.83,0.79589844,,0.031687285751104355,0.030724741518497467,0.08272542804479599,0.14772729575634003,0.010893087834119797,0.07387656718492508,0.010110587812960148,0.0271858312189579,0.030022097751498222,0.051604051142930984,0.019649241119623184,0.025558404624462128,0.05354699864983559,0.04178507998585701,0.03222954273223877,0.05103902891278267,0.10121315717697144,0.03498377278447151,0.058521904051303864,0.03352796286344528,0.016836553812026978,0.018294140696525574,0.010452819988131523,0.03582023084163666,0.01728099398314953,0.0030948068015277386,0.35035669803619385,0.041022852063179016,0.009867800399661064,0.2655608057975769,0.003979393746703863,0.012666910886764526,0.011113250628113747,0.0038432327564805746,0.13608752191066742,0.11500021815299988,0.008128727786242962,0.029495995491743088,0.003916750196367502,0.042040981352329254,0.048248253762722015,0.004376143682748079,0.002267149742692709,0.01659533753991127,0.04677502065896988,0.09211307018995285,0.007322755176573992,0.0170243289321661,0.031029636040329933,0.060712434351444244,0.0028362898156046867,0.006177391856908798,0.03575711324810982,,,,,,,,,,,,,,,
unknown,チ,274,275,429.88998,430.16998,0.71484375,,0.053875986486673355,0.052522074431180954,0.10678606480360031,0.1501311957836151,0.010258685797452927,0.05391864851117134,0.008722105994820595,0.04015152156352997,0.02102094143629074,0.02759663015604019,0.012670991010963917,0.022177940234541893,0.05406016483902931,0.031336523592472076,0.028788335621356964,0.050680164247751236,0.11114361882209778,0.0369710698723793,0.04261219874024391,0.02881668321788311,0.015679217875003815,0.017176790162920952,0.008179395459592342,0.05081385746598244,0.012779352255165577,0.0029141714330762625,0.42771071195602417,0.04939107969403267,0.008259179070591927,0.32658472657203674,0.004117095842957497,0.017623232677578926,0.007995443418622017,0.004512356594204903,0.14587253332138062,0.1471255123615265,0.012009745463728905,0.025164248421788216,0.0034995591267943382,0.05400267243385315,0.035858143121004105,0.00382312573492527,0.0020516228396445513,0.013932280242443085,0.04017602652311325,0.10523096472024918,0.006526143755763769,0.01259559951722622,0.028969651088118553,0.07133319973945618,0.0028279805555939674,0.003062079194933176,0.0428699366748333,,,,,,,,,,,,,,,
unknown,ク,276,277,430.16998,430.605,0.7368164,,0.04572460427880287,0.03318953141570091,0.07821518927812576,0.14411939680576324,0.018636012449860573,0.07023440301418304,0.009064506739377975,0.036805715411901474,0.01425870694220066,0.028373723849654198,0.01230506133288145,0.029341967776417732,0.05039513483643532,0.039888300001621246,0.040902670472860336,0.03633996844291687,0.10323623567819595,0.04832420498132706,0.04970594495534897,0.04218366742134094,0.020711136981844902,0.01998554915189743,0.010300236754119396,0.03708058223128319,0.007408531382679939,0.002935634693130851,0.4221460223197937,0.04034758359193802,0.009941298514604568,0.3143821656703949,0.0061597879976034164,0.010721636936068535,0.004992973525077105,0.006842867936939001,0.16954612731933594,0.10516904294490814,0.007202059030532837,0.02642638422548771,0.004125781357288361,0.04208717495203018,0.03834289684891701,0.0028730747289955616,0.0014158556004986167,0.013890990056097507,0.060149725526571274,0.08039120584726334,0.0043730116449296474,0.00960420724004507,0.036487895995378494,0.06176392361521721,0.002715767826884985,0.0032551344484090805,0.043502263724803925,,,,,,,,,,,,,,,
unknown,ケ,278,279,434.42502,434.70502,0.50146484,,0.07184155285358429,0.06889650970697403,0.09917058050632477,0.11977928876876831,0.012617862783372402,0.05042882263660431,0.008678729645907879,0.06864279508590698,0.01051992829889059,0.015993181616067886,0.01147367898374796,0.02486324869096279,0.07235847413539886,0.05067424103617668,0.025225665420293808,0.026906678453087807,0.11697743833065033,0.03586840257048607,0.052853576838970184,0.035887863487005234,0.013695739209651947,0.020299753174185753,0.012233246117830276,0.050103768706321716,0.00487690232694149,0.0035480016376823187,0.4061385691165924,0.06608377397060394,0.00974123552441597,0.3364294469356537,0.006498157512396574,0.011791642755270004,0.0036433162167668343,0.007055776659399271,0.19559195637702942,0.1274273544549942,0.019882043823599815,0.04553407430648804,0.0041222707368433475,0.02162516489624977,0.04703593999147415,0.002883264562115073,0.004759050440043211,0.01724625937640667,0.04225308075547218,0.058604009449481964,0.008994114585220814,0.006834800820797682,0.05303018167614937,0.10005892068147659,0.0032215467654168606,0.0028553539887070656,0.028030501678586006,,,,,,,,,,,,,,,
unknown,地,280,281,434.70502,435.20502,0.2902832,,0.05035993456840515,0.05318262055516243,0.07995037734508514,0.13432015478610992,0.015111704356968403,0.07429389655590057,0.009946086443960667,0.0367363765835762,0.019094467163085938,0.027304623275995255,0.017844052985310555,0.032227903604507446,0.0739252045750618,0.05271688848733902,0.03081979975104332,0.028562093153595924,0.12976397573947906,0.04458512365818024,0.0526866614818573,0.04150675982236862,0.014763912186026573,0.01926989108324051,0.012456333264708519,0.028957625851035118,0.008289298973977566,0.0033221100457012653,0.3922378122806549,0.04799997806549072,0.010006878525018692,0.28771305084228516,0.005431600380688906,0.009633627720177174,0.005434943363070488,0.005154671613126993,0.20365719497203827,0.10719572007656097,0.015224029310047626,0.06359324604272842,0.0036932765506207943,0.027819640934467316,0.04440435394644737,0.002451634267345071,0.004227940924465656,0.016478896141052246,0.04109957069158554,0.05623413994908333,0.008959987200796604,0.009284359402954578,0.03744369372725487,0.05977204814553261,0.003195040160790086,0.0031974564772099257,0.02552397921681404,,,,,,,,,,,,,,,
unknown,動,282,283,442.065,442.345,0.9995117,,0.04085824266076088,0.04621727392077446,0.09837787598371506,0.12931640446186066,0.013499417342245579,0.07511323690414429,0.010587676428258419,0.03648765757679939,0.019562162458896637,0.032929159700870514,0.02571655623614788,0.03635409474372864,0.08585366606712341,0.06393615156412125,0.03206318989396095,0.03238314390182495,0.11168400943279266,0.036796316504478455,0.049534689635038376,0.04282812029123306,0.015617968514561653,0.018751081079244614,0.012417824007570744,0.02861320599913597,0.00744866905733943,0.003102120477706194,0.33447813987731934,0.055814675986766815,0.008483508601784706,0.25923076272010803,0.005437081679701805,0.009230918250977993,0.004464221186935902,0.005387714598327875,0.19763930141925812,0.1026308685541153,0.013036815449595451,0.07676946371793747,0.0033540637232363224,0.023938413709402084,0.04017602652311325,0.002851004246622324,0.00473356619477272,0.01651349477469921,0.03882031887769699,0.056222375482320786,0.010291828773915768,0.008359186351299286,0.033545080572366714,0.051788922399282455,0.0028110435232520103,0.003541032550856471,0.02299797162413597,,,,,,,,,,,,,,,
unknown,物,284,285,442.345,442.845,0.99902344,,0.0358998067677021,0.0368238128721714,0.07752951234579086,0.14233961701393127,0.02308719791471958,0.13341951370239258,0.007257990539073944,0.026135491207242012,0.022353339940309525,0.05296895653009415,0.029417147859930992,0.03518583998084068,0.07961773127317429,0.053259432315826416,0.04943001642823219,0.02813335321843624,0.08990980684757233,0.0346904993057251,0.060802362859249115,0.0670374184846878,0.02304800972342491,0.01580735668540001,0.010565908625721931,0.014759887009859085,0.009305939078330994,0.0028220592066645622,0.2533871531486511,0.03943043202161789,0.010951943695545197,0.1666228026151657,0.0032778424210846424,0.007389835547655821,0.004494932945817709,0.004223077092319727,0.1816522777080536,0.06866490095853806,0.009183368645608425,0.07314828783273697,0.002689879387617111,0.026576843112707138,0.03607945144176483,0.002084027510136366,0.0032739397138357162,0.015574749559164047,0.05252537876367569,0.04881192743778229,0.009121294133365154,0.009602951817214489,0.03319777920842171,0.03779780864715576,0.002771910047158599,0.003928234800696373,0.01961424946784973,,,,,,,,,,,,,,,
unknown,椅,286,287,446.04,446.24002,0.9794922,,0.0198997650295496,0.02907591685652733,0.04155617579817772,0.11428821086883545,0.034660983830690384,0.11837561428546906,0.009806565940380096,0.021227426826953888,0.013038207776844501,0.03166460618376732,0.014738430269062519,0.026182109490036964,0.07738781720399857,0.03901727497577667,0.04395045340061188,0.019787302240729332,0.10261387377977371,0.03134440630674362,0.046336829662323,0.05056961625814438,0.02048286236822605,0.022401699796319008,0.009169628843665123,0.02123919315636158,0.0050384788773953915,0.0017181172734126449,0.3037126660346985,0.031343936920166016,0.006162896286696196,0.2624100148677826,0.00524145970121026,0.00681433267891407,0.0036564937327057123,0.006828370038419962,0.13774646818637848,0.07787919044494629,0.010320287197828293,0.08723016083240509,0.0027121042367070913,0.018095863983035088,0.026977617293596268,0.0017283515771850944,0.0025175248738378286,0.014287494122982025,0.053508106619119644,0.0352158397436142,0.004922973923385143,0.006375172641128302,0.038877617567777634,0.03703804686665535,0.0015418989351019263,0.003984277602285147,0.019663536921143532,,,,,,,,,,,,,,,
unknown,子,288,289,446.24002,446.74002,0.828125,,0.036461953073740005,0.05020034685730934,0.06328103691339493,0.11643001437187195,0.025883549824357033,0.07726359367370605,0.008588762953877449,0.034018754959106445,0.01273733377456665,0.022147739306092262,0.01802942529320717,0.03312642499804497,0.07329172641038895,0.04009759798645973,0.03922346234321594,0.02492211014032364,0.10477700084447861,0.0420483835041523,0.026154236868023872,0.033384960144758224,0.01430627889931202,0.01673150435090065,0.00834981445223093,0.030242884531617165,0.004480313044041395,0.001975427847355604,0.34355005621910095,0.048599135130643845,0.007197131402790546,0.2818775773048401,0.005100356414914131,0.012383148074150085,0.002759415889158845,0.005923148710280657,0.18380093574523926,0.09791392087936401,0.0172609630972147,0.06788928061723709,0.002512814709916711,0.025993963703513145,0.022230397909879684,0.0019290217896923423,0.004847884643822908,0.00937198381870985,0.052558016031980515,0.046271611005067825,0.009128573350608349,0.004993620794266462,0.028053803369402885,0.04495562985539436,0.001867875107564032,0.0031727536115795374,0.02535307966172695,,,,,,,,,,,,,,,
unknown,悲,290,291,452.12,452.32,0.97753906,,0.02906910516321659,0.037163108587265015,0.07720741629600525,0.10325875878334045,0.024772869423031807,0.07669760286808014,0.007781021296977997,0.03206692636013031,0.011888907290995121,0.028590355068445206,0.014980252832174301,0.015771541744470596,0.07991098612546921,0.03621714934706688,0.03508603572845459,0.0232744999229908,0.11212728172540665,0.020390011370182037,0.05551382526755333,0.043055277317762375,0.0220614243298769,0.02387567237019539,0.007187894079834223,0.028382273390889168,0.004782943520694971,0.002726218895986676,0.2491414099931717,0.038356002420186996,0.008905060589313507,0.20937012135982513,0.004437908995896578,0.007116736378520727,0.0036774822510778904,0.008114797063171864,0.12726815044879913,0.08752790838479996,0.011271178722381592,0.07407362014055252,0.004550783894956112,0.019715454429388046,0.021785147488117218,0.0018860287964344025,0.002807171083986759,0.03372354060411453,0.0552077516913414,0.03660663217306137,0.006186345126479864,0.007541254162788391,0.04254912957549095,0.037236928939819336,0.0023730623070150614,0.003577934578061104,0.018111666664481163,,,,,,,,,,,,,,,
unknown,し,292,293,452.32,452.56,0.9995117,,0.016495652496814728,0.022066550329327583,0.07930222153663635,0.11676908284425735,0.0089994166046381,0.048210471868515015,0.022075368091464043,0.025399785488843918,0.01756441406905651,0.04058229178190231,0.021485481411218643,0.03886667266488075,0.12100054323673248,0.07663855701684952,0.021367214620113373,0.01842203550040722,0.0821336880326271,0.030250852927565575,0.03795772045850754,0.02634427137672901,0.009639650583267212,0.03394654765725136,0.01801694557070732,0.021721111610531807,0.004975637421011925,0.0031567031983286142,0.2677655518054962,0.04736978933215141,0.0047315447591245174,0.24033066630363464,0.014963667839765549,0.005300961900502443,0.0035095224156975746,0.01025624293833971,0.16810442507266998,0.06900418549776077,0.007988975383341312,0.08711380511522293,0.00455085514113307,0.01322333887219429,0.025681056082248688,0.0018656760221347213,0.0027555846609175205,0.030759813264012337,0.061798758804798126,0.023385656997561455,0.0038543050177395344,0.006383751984685659,0.034537315368652344,0.026921989396214485,0.002596932929009199,0.005536071490496397,0.014039704576134682,,,,,,,,,,,,,,,
unknown,み,294,295,452.56,453.06,0.96972656,,0.014232488349080086,0.019704081118106842,0.05591827258467674,0.11560546606779099,0.011850002221763134,0.060335058718919754,0.025570586323738098,0.018396317958831787,0.018687115982174873,0.04930049180984497,0.022497395053505898,0.04550454020500183,0.11775661259889603,0.07592005282640457,0.024135250598192215,0.0197015218436718,0.11290983855724335,0.0501788891851902,0.03850777819752693,0.02347533591091633,0.008001008071005344,0.037164509296417236,0.019695216789841652,0.018054669722914696,0.0049896626733243465,0.0033890423364937305,0.31521451473236084,0.03700042888522148,0.005435700993984938,0.2534123957157135,0.013835388235747814,0.006760281976312399,0.004360721446573734,0.007445079740136862,0.17221809923648834,0.06657490879297256,0.008146418258547783,0.08571570366621017,0.005152548663318157,0.016577187925577164,0.023309623822569847,0.0018701081862673163,0.0023256007116287947,0.03308815136551857,0.07204008847475052,0.024053437635302544,0.0028510638512670994,0.0063296412117779255,0.028103232383728027,0.02175244875252247,0.002924639731645584,0.006956548895686865,0.016595756635069847,,,,,,,,,,,,,,,
unknown,バ,296,297,457.96,458.46,0.39990234,,0.02384241297841072,0.034749679267406464,0.0683879628777504,0.11790464073419571,0.009575643576681614,0.05581899359822273,0.015621543861925602,0.021465662866830826,0.018807915970683098,0.04955875873565674,0.03336552530527115,0.048062514513731,0.08853121846914291,0.07001446932554245,0.022317402064800262,0.03577839955687523,0.0865190252661705,0.06742027401924133,0.032930731773376465,0.018123481422662735,0.005135337822139263,0.022326981648802757,0.013323637656867504,0.02236855775117874,0.004984076600521803,0.004339747596532106,0.40095987915992737,0.038244083523750305,0.005916352849453688,0.30312636494636536,0.006282198708504438,0.010416978970170021,0.003839079989120364,0.0034551580902189016,0.1951877921819687,0.10911589115858078,0.017284607514739037,0.11341582983732224,0.00472750049084425,0.03553029149770737,0.027767961844801903,0.0030869320034980774,0.0046241492964327335,0.031720876693725586,0.05265812203288078,0.043844275176525116,0.004540892783552408,0.005466649774461985,0.021813148632645607,0.03033214807510376,0.004222744610160589,0.006528294179588556,0.029760470613837242,,,,,,,,,,,,,,,
unknown,嫉,298,299,464.77502,465.05502,0.7080078,,0.0213780514895916,0.02417743392288685,0.05378035455942154,0.09091617912054062,0.018008213490247726,0.1008869931101799,0.009343323297798634,0.020778562873601913,0.022506607696413994,0.06997431069612503,0.09503490477800369,0.051875293254852295,0.14255544543266296,0.12046059221029282,0.03902057558298111,0.05064954608678818,0.0738859698176384,0.0607210174202919,0.06296851485967636,0.030680188909173012,0.00864117220044136,0.01746329665184021,0.016583098098635674,0.017359625548124313,0.0053695677779614925,0.007680958136916161,0.16763858497142792,0.03917479142546654,0.012400045990943909,0.11242539435625076,0.002599548315629363,0.008142518810927868,0.004966496489942074,0.0020758274476975203,0.20604202151298523,0.07518212497234344,0.015399133786559105,0.06306663155555725,0.007915523834526539,0.028660312294960022,0.04108423739671707,0.004999974276870489,0.010362101718783379,0.040603283792734146,0.04725659266114235,0.05440369248390198,0.01357499323785305,0.008263416588306427,0.028375528752803802,0.029477234929800034,0.007707773707807064,0.010773814283311367,0.026352301239967346,,,,,,,,,,,,,,,
unknown,妬,300,301,465.05502,465.55502,0.57714844,,0.021979011595249176,0.019593484699726105,0.03044247068464756,0.06086065247654915,0.030254213139414787,0.18404419720172882,0.01733206957578659,0.018205266445875168,0.02711336873471737,0.11782974749803543,0.039540909230709076,0.027398182079195976,0.0978555828332901,0.08552095293998718,0.039891719818115234,0.02409304492175579,0.07834912091493607,0.05180574953556061,0.15303602814674377,0.038074519485235214,0.010353196412324905,0.035656340420246124,0.017492832615971565,0.008500293828547001,0.009812154807150364,0.014660126529633999,0.13162991404533386,0.02210957370698452,0.041536830365657806,0.09723819047212601,0.0029643632005900145,0.005871746223419905,0.011785728856921196,0.0017711976543068886,0.15283171832561493,0.04068831726908684,0.008122913539409637,0.03290002793073654,0.014877237379550934,0.022860674187541008,0.04385630041360855,0.003989575896412134,0.004465675447136164,0.1174849271774292,0.04442014545202255,0.027395520359277725,0.006845098454505205,0.0179628673940897,0.036621708422899246,0.02144244685769081,0.015106786973774433,0.021537739783525467,0.015083552338182926,,,,,,,,,,,,,,,
unknown,つ,302,303,470.21503,470.71503,0.3095703,,0.03237093985080719,0.02390400879085064,0.04765528813004494,0.10807623714208603,0.035830721259117126,0.20940372347831726,0.010984244756400585,0.023810988292098045,0.03174731880426407,0.08930709213018417,0.03743427246809006,0.025456655770540237,0.09150166809558868,0.08374715596437454,0.061873484402894974,0.020080653950572014,0.0669553354382515,0.03866554796695709,0.120860256254673,0.06453625857830048,0.01846071146428585,0.023047776892781258,0.01847461611032486,0.007787283975630999,0.01167260017246008,0.010013233870267868,0.12600776553153992,0.027475642040371895,0.06060412526130676,0.08459705114364624,0.002711623441427946,0.004281799308955669,0.0059183863922953606,0.002347370842471719,0.1745467185974121,0.0413384884595871,0.0074424478225409985,0.03638206794857979,0.008969302289187908,0.02579038217663765,0.041290681809186935,0.0023611397482454777,0.006244908086955547,0.05798739194869995,0.07898381352424622,0.026584113016724586,0.01326932292431593,0.01561642624437809,0.03800046071410179,0.027431463822722435,0.010233061388134956,0.009570552036166191,0.013394009321928024,,,,,,,,,,,,,,,
unknown,読,304,305,476.98575,477.18558,0.8955078,,0.01726018451154232,0.01415004301816225,0.04676349088549614,0.11013926565647125,0.013752995990216732,0.13212434947490692,0.012798731215298176,0.016309548169374466,0.03606346994638443,0.16661417484283447,0.06788310408592224,0.0612080879509449,0.09657541662454605,0.11081624031066895,0.044880710542201996,0.029560718685388565,0.043187979608774185,0.05013898387551308,0.07006122916936874,0.04401606693863869,0.011022944934666157,0.01774178259074688,0.02045109122991562,0.00812534336000681,0.010526315309107304,0.007383227813988924,0.1339482218027115,0.03209945186972618,0.019220415502786636,0.09174057096242905,0.0033438007812947035,0.003704151837155223,0.005738704465329647,0.0021340721286833286,0.18673357367515564,0.03773953765630722,0.005415876861661673,0.037610139697790146,0.005681064911186695,0.025117110460996628,0.045355092734098434,0.0033131747040897608,0.004552345257252455,0.03581231087446213,0.07671920955181122,0.03312995284795761,0.009430933743715286,0.013082223944365978,0.0274170134216547,0.02196892350912094,0.007944758981466293,0.014613152481615543,0.016563642770051956,,,,,,,,,,,,,,,
unknown,む,306,307,477.18558,477.68558,0.95947266,,0.01659039407968521,0.012429275549948215,0.04567180946469307,0.08216585963964462,0.017163418233394623,0.13778328895568848,0.012562098912894726,0.013654026202857494,0.030574778094887733,0.12117665261030197,0.08474801480770111,0.08059283345937729,0.13005812466144562,0.12643873691558838,0.04629186913371086,0.028007932007312775,0.059997137635946274,0.07074931263923645,0.06567011773586273,0.046048860996961594,0.010355762206017971,0.017391005530953407,0.02409941330552101,0.006837891880422831,0.006792567204684019,0.006640923209488392,0.135457381606102,0.02986392378807068,0.01674981787800789,0.07856982201337814,0.0036449383478611708,0.004236712120473385,0.004955215845257044,0.0020164691377431154,0.2533549964427948,0.02854807861149311,0.00502553628757596,0.029360482469201088,0.005001557990908623,0.019097598269581795,0.03869316726922989,0.0030634882859885693,0.004417689982801676,0.025169681757688522,0.059902653098106384,0.032526686787605286,0.009877138771116734,0.00951408501714468,0.02497614175081253,0.01929282955825329,0.007417096756398678,0.011915829963982105,0.015228347852826118,,,,,,,,,,,,,,,
unknown,鼻,308,309,482.34186,482.84186,0.86083984,,0.015001082792878151,0.012136682868003845,0.028705939650535583,0.07561466842889786,0.04322297126054764,0.20217707753181458,0.013307127170264721,0.008953230455517769,0.029384786263108253,0.07904710620641708,0.0472901426255703,0.058464616537094116,0.08465109765529633,0.06598258763551712,0.05960661545395851,0.025584572926163673,0.0886160358786583,0.11054626107215881,0.045645300298929214,0.04963237792253494,0.014762688428163528,0.020507730543613434,0.015063910745084286,0.008374129422008991,0.0063090575858950615,0.005264096427708864,0.2084650695323944,0.018168197944760323,0.017812542617321014,0.1236625611782074,0.0035539150703698397,0.004311079625040293,0.004171345848590136,0.0019833524711430073,0.22379042208194733,0.032379016280174255,0.00474768690764904,0.019024891778826714,0.005459971260279417,0.03053561970591545,0.02660408429801464,0.003150280099362135,0.003723525907844305,0.014681631699204445,0.049758557230234146,0.0411575548350811,0.01444416493177414,0.007579407654702663,0.01991022564470768,0.019146904349327087,0.005361557472497225,0.009289992973208427,0.023468121886253357,,,,,,,,,,,,,,,
unknown,野,310,311,487.8726,488.1124,0.99121094,,0.022412525489926338,0.02070951834321022,0.03540102764964104,0.09486116468906403,0.04364120960235596,0.20030204951763153,0.017514100298285484,0.01638093590736389,0.031796373426914215,0.05443305894732475,0.03325645998120308,0.055951353162527084,0.09845807403326035,0.10284234583377838,0.0832572728395462,0.019349949434399605,0.05452717840671539,0.08884067833423615,0.04433675482869148,0.07339049875736237,0.021051280200481415,0.021965714171528816,0.026971906423568726,0.010006510652601719,0.007765466812998056,0.007270922418683767,0.18980899453163147,0.031219108030200005,0.023783480748534203,0.12787099182605743,0.005537018179893494,0.0044712829403579235,0.004285183269530535,0.00317034381441772,0.20663653314113617,0.03754245489835739,0.00877426378428936,0.025249900296330452,0.005848709959536791,0.031148761510849,0.03248687461018562,0.0023085358552634716,0.0077474601566791534,0.015259110368788242,0.08725626021623611,0.029777949675917625,0.019115451723337173,0.00980018638074398,0.022089440375566483,0.01908717304468155,0.0068296752870082855,0.009557523764669895,0.01962312124669552,,,,,,,,,,,,,,,
unknown,球,312,313,488.1124,488.6124,0.99316406,,0.02658400684595108,0.02504149079322815,0.05183380842208862,0.16730047762393951,0.02139623649418354,0.13837337493896484,0.008648524060845375,0.02071548067033291,0.04433369264006615,0.04744213446974754,0.033322639763355255,0.048034828156232834,0.12457803636789322,0.1127326712012291,0.0824519693851471,0.020503627136349678,0.04365541413426399,0.04584008455276489,0.03914483264088631,0.08757718652486801,0.026548216119408607,0.010252800770103931,0.03211319446563721,0.011386260390281677,0.01375562697649002,0.004249953664839268,0.16379772126674652,0.04601171985268593,0.021431392058730125,0.10882411152124405,0.0032658635172992945,0.0029658114071935415,0.00477113900706172,0.0030101179145276546,0.23518209159374237,0.04153430834412575,0.009622341021895409,0.03193306922912598,0.0023055183701217175,0.03200380131602287,0.039283402264118195,0.0014669634401798248,0.0104325320571661,0.00738108903169632,0.10497865825891495,0.034690011292696,0.0363912507891655,0.013822384178638458,0.025423670187592506,0.028621459379792213,0.004373218398541212,0.004781846422702074,0.016361553221940994,,,,,,,,,,,,,,,
unknown,ヒ,314,315,494.3872,494.5071,0.3334961,,0.015627264976501465,0.010180876590311527,0.0328761450946331,0.13370932638645172,0.03151152655482292,0.2034628987312317,0.01001029647886753,0.01403361652046442,0.04364575818181038,0.058165501803159714,0.03586606681346893,0.05428781360387802,0.14401444792747498,0.12147309631109238,0.09638947993516922,0.016734281554818153,0.02909768931567669,0.05008724331855774,0.05872650444507599,0.11815901100635529,0.03389985114336014,0.01438890304416418,0.03871335834264755,0.005963773466646671,0.015209279954433441,0.0048802876845002174,0.10420955717563629,0.028253478929400444,0.018785007297992706,0.06066038832068443,0.0037796765100210905,0.0021877395920455456,0.005268572364002466,0.0035299870651215315,0.18765093386173248,0.020564913749694824,0.0035574992652982473,0.024438509717583656,0.0031994113232940435,0.025966400280594826,0.05063458904623985,0.0018686041003093123,0.004216604400426149,0.010184133425354958,0.12016621977090836,0.027936169877648354,0.017522266134619713,0.016173923388123512,0.03479962423443794,0.024431899189949036,0.004865953233093023,0.006462679244577885,0.016590368002653122,,,,,,,,,,,,,,,
unknown,ッ,316,317,494.5071,494.667,0.7006836,,0.01538927759975195,0.010148140601813793,0.03605736047029495,0.12001441419124603,0.03461315855383873,0.21943092346191406,0.010176735930144787,0.014295688830316067,0.04609249159693718,0.05000094696879387,0.03125908225774765,0.04747849702835083,0.1681670993566513,0.13819408416748047,0.11168846487998962,0.012218981981277466,0.023581411689519882,0.04436006024479866,0.07202298939228058,0.15527480840682983,0.0411468967795372,0.016466308385133743,0.04908044636249542,0.005311734974384308,0.01509925164282322,0.007114855572581291,0.07337283343076706,0.030861614271998405,0.023116035386919975,0.03996087238192558,0.0038988871965557337,0.0016031169798225164,0.004889055620878935,0.003927971702069044,0.17457281053066254,0.015073537826538086,0.003987419884651899,0.016300223767757416,0.004165848717093468,0.018393350765109062,0.054011326283216476,0.0013894590083509684,0.006745776627212763,0.013513103127479553,0.12351681292057037,0.019457049667835236,0.028229214251041412,0.01779547892510891,0.03848393261432648,0.019338738173246384,0.006798103451728821,0.007243881933391094,0.011070718057453632,,,,,,,,,,,,,,,
unknown,ト,318,319,494.667,495.167,0.7763672,,0.012583494186401367,0.006584712769836187,0.024222949519753456,0.10000525414943695,0.0563025176525116,0.30395710468292236,0.011033196933567524,0.009689618833363056,0.04508450627326965,0.05945799872279167,0.023815371096134186,0.038900163024663925,0.12577508389949799,0.1136498898267746,0.1573168784379959,0.009340026415884495,0.017117492854595184,0.04476615786552429,0.08587044477462769,0.19978927075862885,0.05428387597203255,0.01852083019912243,0.04899986460804939,0.003102752845734358,0.016192948445677757,0.007048651576042175,0.055382534861564636,0.019099947065114975,0.029683317989110947,0.02886001206934452,0.0038716266863048077,0.0012071512173861265,0.004296593833714724,0.003613874549046159,0.12977716326713562,0.0094282366335392,0.002271614270284772,0.011587604880332947,0.004461883567273617,0.017340833321213722,0.046663496643304825,0.001247940119355917,0.0039413864724338055,0.014777960255742073,0.13420896232128143,0.01509197149425745,0.01949804089963436,0.01953166536986828,0.03301443159580231,0.01232347171753645,0.006583286449313164,0.008572042919695377,0.010093617253005505,,,,,,,,,,,,,,,
unknown,お,320,321,500.24002,500.4,0.9711914,,0.010454271920025349,0.005923546850681305,0.021688634529709816,0.08709192276000977,0.05489661917090416,0.30031269788742065,0.013111373409628868,0.00915598776191473,0.041153792291879654,0.07043240964412689,0.02733442559838295,0.04766545817255974,0.13345865905284882,0.1210278645157814,0.13807933032512665,0.009599375538527966,0.019634626805782318,0.05210983380675316,0.08490973711013794,0.17443887889385223,0.045676443725824356,0.020968668162822723,0.047349490225315094,0.003139189211651683,0.01345403678715229,0.00677548348903656,0.06113802641630173,0.019160384312272072,0.024009043350815773,0.033469945192337036,0.004561600275337696,0.0013552295276895165,0.004702125675976276,0.0037050675600767136,0.14234279096126556,0.009643289260566235,0.002118814969435334,0.012223358266055584,0.0047620548866689205,0.015252637676894665,0.04448448121547699,0.001333242398686707,0.003282040823251009,0.015549072995781898,0.11740771681070328,0.014432140626013279,0.014162098988890648,0.01747754216194153,0.03261233866214752,0.011842587031424046,0.006238575559109449,0.009957050904631615,0.009853635914623737,,,,,,,,,,,,,,,
unknown,茶,322,323,500.4,500.6,1.0,,0.010351959615945816,0.005671133752912283,0.030005456879734993,0.08463139086961746,0.030596766620874405,0.24431657791137695,0.015883928164839745,0.008631640113890171,0.0494958832859993,0.08095687627792358,0.037808608263731,0.047808606177568436,0.15990373492240906,0.14668592810630798,0.09085752069950104,0.014392055571079254,0.031897205859422684,0.0396738275885582,0.09672308713197708,0.12487035989761353,0.03609677776694298,0.02326486073434353,0.04585326462984085,0.003075309796258807,0.018729504197835922,0.0068869320675730705,0.05534321442246437,0.0189694631844759,0.020939458161592484,0.02803780697286129,0.004536338150501251,0.0023203042801469564,0.008604472503066063,0.003243330866098404,0.15414288640022278,0.010885022580623627,0.002038387581706047,0.016694938763976097,0.005635937210172415,0.014988122507929802,0.05346350744366646,0.0023056361824274063,0.0024998988956212997,0.021935168653726578,0.11199110746383667,0.02070840261876583,0.010961354710161686,0.0226930920034647,0.03191038593649864,0.014434085227549076,0.006560545414686203,0.012394691817462444,0.008991071954369545,,,,,,,,,,,,,,,
unknown,碗,324,325,500.6,501.1,0.99609375,,0.014175472781062126,0.00919528678059578,0.04508725181221962,0.09496227651834488,0.02377883903682232,0.19390657544136047,0.013122535310685635,0.013319713063538074,0.04164895415306091,0.07428392767906189,0.051211073994636536,0.052443068474531174,0.2062973827123642,0.17080175876617432,0.068588025867939,0.017768945544958115,0.0323805958032608,0.03636875003576279,0.07358929514884949,0.08045626431703568,0.01903177797794342,0.020314710214734077,0.03681211546063423,0.004265011753886938,0.01367584802210331,0.0064759524539113045,0.058039069175720215,0.030069023370742798,0.021191269159317017,0.029816264286637306,0.003643783275038004,0.0026806374080479145,0.00583001971244812,0.0025852322578430176,0.16718293726444244,0.016229115426540375,0.003171393182128668,0.03051079250872135,0.0058236997574567795,0.01933930069208145,0.047554150223731995,0.0020907472353428602,0.0038579513784497976,0.02491522766649723,0.0928826853632927,0.02242172881960869,0.010888506658375263,0.016015850007534027,0.025085939094424248,0.014404508285224438,0.005979311652481556,0.010862401686608791,0.01032156404107809,,,,,,,,,,,,,,,
unknown,水,326,327,505.96,506.46,0.9970703,,0.011149168014526367,0.007268679328262806,0.027385156601667404,0.07798869907855988,0.031030455604195595,0.26261794567108154,0.01793871819972992,0.009576615877449512,0.046473752707242966,0.1020452082157135,0.04431579262018204,0.052528318017721176,0.1687910407781601,0.14254607260227203,0.07005146890878677,0.017614703625440598,0.030003277584910393,0.04596434533596039,0.08896894007921219,0.08000300079584122,0.019493909552693367,0.02650468610227108,0.03512303903698921,0.0033739800564944744,0.018405836075544357,0.006937475875020027,0.05792132392525673,0.020596090704202652,0.020016271620988846,0.03080347552895546,0.0036673920694738626,0.002965077757835388,0.009344753809273243,0.002087033586576581,0.12976175546646118,0.014226534403860569,0.002701351186260581,0.027273215353488922,0.007206099573522806,0.021401161327958107,0.05184562876820564,0.002881044987589121,0.0025896138977259398,0.028206998482346535,0.07878775149583817,0.0223130751401186,0.00743736419826746,0.021220160648226738,0.024217618629336357,0.013125707395374775,0.006315269041806459,0.020747030153870583,0.01146401185542345,,,,,,,,,,,,,,,
unknown,お,328,329,512.975,513.21497,0.90478516,,0.006118694320321083,0.005111979320645332,0.015789389610290527,0.06281023472547531,0.04578729346394539,0.28935936093330383,0.023428943008184433,0.0072326879017055035,0.032835111021995544,0.13616283237934113,0.03646917641162872,0.04526309296488762,0.17831845581531525,0.09866883605718613,0.05494588613510132,0.014276999980211258,0.03294156864285469,0.0516311340034008,0.09564214199781418,0.05258001387119293,0.01305915042757988,0.039681218564510345,0.024677317589521408,0.0040762536227703094,0.010119340382516384,0.006115913391113281,0.07519389688968658,0.015444543212652206,0.013078286312520504,0.05338644981384277,0.004017810337245464,0.002714150818064809,0.007362550590187311,0.00207026326097548,0.10919294506311417,0.0171657782047987,0.0019911397248506546,0.023627109825611115,0.00873551331460476,0.014087503775954247,0.037052735686302185,0.002959792036563158,0.0016263504512608051,0.04380771145224571,0.05774687975645065,0.016002442687749863,0.0036397224757820368,0.013260907493531704,0.026918353512883186,0.01128650363534689,0.004984441678971052,0.025368617847561836,0.011186398565769196,,,,,,,,,,,,,,,
unknown,金,330,331,513.21497,513.71497,0.53466797,,0.004363115876913071,0.0035040779039263725,0.00974421389400959,0.055824216455221176,0.07418210804462433,0.3949790894985199,0.026931993663311005,0.0042610508389770985,0.03489207476377487,0.15912644565105438,0.026273464784026146,0.03668886795639992,0.08575768768787384,0.049822673201560974,0.06869994848966599,0.014095802791416645,0.04067426174879074,0.06729819625616074,0.09665464609861374,0.05516931042075157,0.018266992643475533,0.046118028461933136,0.015504788607358932,0.003664216725155711,0.014537920244038105,0.005420135799795389,0.07048548758029938,0.008502999320626259,0.016792861744761467,0.05403168126940727,0.0036365417763590813,0.0024744304828345776,0.011593842878937721,0.0018795653013512492,0.06556350737810135,0.014322576113045216,0.001318158581852913,0.010075487196445465,0.009852875024080276,0.02026429958641529,0.03346871957182884,0.003718325402587652,0.0008823526441119611,0.03669211268424988,0.051897335797548294,0.01926795020699501,0.0030286614783108234,0.018740179017186165,0.022449417039752007,0.008751939982175827,0.004755363799631596,0.02968633361160755,0.01515029277652502,,,,,,,,,,,,,,,
unknown,山,332,333,519.695,520.195,0.99902344,,0.005434742663055658,0.004331004340201616,0.014086607843637466,0.09930186718702316,0.053462348878383636,0.3149152994155884,0.028254246339201927,0.005533366464078426,0.05152576416730881,0.10592513531446457,0.024982891976833344,0.04426040127873421,0.07735932618379593,0.05766996368765831,0.06677035987377167,0.015172721818089485,0.04828215762972832,0.0874241292476654,0.09058982878923416,0.05991067364811897,0.021452534943819046,0.045084185898303986,0.01644408330321312,0.0051672980189323425,0.02878013253211975,0.007076835725456476,0.09339285641908646,0.011469888500869274,0.020646892488002777,0.07064153999090195,0.005288764834403992,0.0023733980488032103,0.02084498107433319,0.00320984935387969,0.08016364276409149,0.01641400344669819,0.0015274692559614778,0.014547818340361118,0.009891179390251637,0.03560318052768707,0.05050463601946831,0.003922035451978445,0.0011623556492850184,0.03862082213163376,0.08077210187911987,0.026203228160738945,0.00482184486463666,0.031952206045389175,0.027755990624427795,0.01173913013190031,0.006276615895330906,0.019227076321840286,0.023332059383392334,,,,,,,,,,,,,,,
unknown,人,334,335,527.904,528.404,0.29370117,,0.005239938851445913,0.004056862555444241,0.015171144157648087,0.09966634213924408,0.0396445170044899,0.2556895613670349,0.026903340592980385,0.0054155923426151276,0.05158385634422302,0.14218387007713318,0.035461392253637314,0.04010554030537605,0.05918564274907112,0.05485154315829277,0.06025014445185661,0.02227126806974411,0.03955022618174553,0.0719359964132309,0.09993498027324677,0.04954724758863449,0.02109377086162567,0.046494126319885254,0.013491476885974407,0.005527574568986893,0.03177355229854584,0.008468899875879288,0.08162373304367065,0.01123616099357605,0.0153158288449049,0.06383021175861359,0.005310837645083666,0.0028634669724851847,0.02198128029704094,0.0034585553221404552,0.06630680710077286,0.018713681027293205,0.0015636326279491186,0.01693383976817131,0.013418743386864662,0.03902291879057884,0.05240769684314728,0.005965638440102339,0.001093776780180633,0.060189664363861084,0.08479193598031998,0.033873919397592545,0.004061587154865265,0.03640533983707428,0.02738867700099945,0.011390069499611855,0.007290502078831196,0.023195259273052216,0.026817474514245987,,,,,,,,,,,,,,,
unknown,ペ,336,337,529.6602,529.8199,0.9941406,,0.003996283747255802,0.004601749125868082,0.010455071926116943,0.11338157951831818,0.03578176349401474,0.2492610365152359,0.02287634089589119,0.004518579225987196,0.04540299251675606,0.150591179728508,0.02493157796561718,0.03383980318903923,0.07574807852506638,0.038786910474300385,0.040961071848869324,0.01753765530884266,0.04855193942785263,0.05751188099384308,0.0665639266371727,0.030514009296894073,0.01054879929870367,0.03435448184609413,0.010164770297706127,0.00710528576746583,0.019693000242114067,0.0042379372753202915,0.11636346578598022,0.010275162756443024,0.010653573088347912,0.12008222937583923,0.0035152751952409744,0.002277988474816084,0.013738537207245827,0.0020768968388438225,0.07356933504343033,0.028151538223028183,0.0019373807590454817,0.02090301923453808,0.007156689651310444,0.02968887984752655,0.03532986342906952,0.004282528534531593,0.0011926759034395218,0.03577087074518204,0.05742946267127991,0.027199091389775276,0.003758449573069811,0.018090201541781425,0.02535475604236126,0.013947677798569202,0.003744240151718259,0.015508373267948627,0.022245775908231735,,,,,,,,,,,,,,,
unknown,ン,338,339,529.8199,530.0195,0.9926758,,0.006231732200831175,0.004265126772224903,0.012952921912074089,0.15590526163578033,0.03329708054661751,0.20210331678390503,0.013074380345642567,0.005719142034649849,0.027881361544132233,0.15089097619056702,0.024883132427930832,0.025543663650751114,0.054543331265449524,0.025756994262337685,0.046739157289266586,0.038825858384370804,0.040128737688064575,0.055294159799814224,0.06191180646419525,0.023685365915298462,0.010138645768165588,0.023068783804774284,0.006780718918889761,0.014918975532054901,0.012338278815150261,0.0026353297289460897,0.16357046365737915,0.009307886473834515,0.010009758174419403,0.17640571296215057,0.002158938907086849,0.004725243896245956,0.005928061902523041,0.0015472668455913663,0.06297817826271057,0.0541468970477581,0.0012355473591014743,0.009915330447256565,0.006037138402462006,0.05360269546508789,0.02663065493106842,0.01025527622550726,0.0006300373934209347,0.027570191770792007,0.0816858634352684,0.0707002580165863,0.0029059485532343388,0.010718250647187233,0.022757867351174355,0.021770505234599113,0.0023323828354477882,0.014546601101756096,0.059548355638980865,,,,,,,,,,,,,,,
unknown,キ,340,341,530.0195,530.5195,0.9873047,,0.009447450749576092,0.0065153068862855434,0.017609957605600357,0.13027247786521912,0.03728470206260681,0.23791508376598358,0.024552121758461,0.007967607118189335,0.032559532672166824,0.11088183522224426,0.03073016181588173,0.06452295184135437,0.07035769522190094,0.05281229317188263,0.059126753360033035,0.0320272259414196,0.07735592126846313,0.10942460596561432,0.06417253613471985,0.04216978698968887,0.019374996423721313,0.033788762986660004,0.017071785405278206,0.012597409076988697,0.014797231182456017,0.004422665573656559,0.1807161271572113,0.015301122330129147,0.012603330425918102,0.14455856382846832,0.005943900439888239,0.005339738447219133,0.008539846166968346,0.0031289595644921064,0.10383336991071701,0.03799423575401306,0.0023745254147797823,0.012059226632118225,0.008660899475216866,0.042058076709508896,0.04342297092080116,0.007953914813697338,0.0013904510997235775,0.016440555453300476,0.08861341327428818,0.062345802783966064,0.006647298578172922,0.014136217534542084,0.027456732466816902,0.024994121864438057,0.004030067473649979,0.019728519022464752,0.0449458584189415,,,,,,,,,,,,,,,
unknown,赤,342,343,536.0466,536.5466,0.78808594,,0.0090934531763196,0.006590383592993021,0.023859504610300064,0.12107759714126587,0.04385342448949814,0.26986661553382874,0.030639035627245903,0.009012562222778797,0.04622187837958336,0.07923172414302826,0.026518579572439194,0.06339780986309052,0.08110475540161133,0.05504564568400383,0.05897892639040947,0.026814915239810944,0.07867618650197983,0.09158620983362198,0.06434152275323868,0.04997589811682701,0.026527393609285355,0.040530718863010406,0.016967767849564552,0.012403927743434906,0.02610076032578945,0.00450219726189971,0.14960996806621552,0.018201986327767372,0.013433718122541904,0.12263572216033936,0.007492442149668932,0.005902825389057398,0.013704521581530571,0.00471773836761713,0.09564954787492752,0.031099790707230568,0.0020738178864121437,0.011921422556042671,0.008819174021482468,0.040270403027534485,0.05408380180597305,0.008146019652485847,0.0015637788455933332,0.014395518228411674,0.08696320652961731,0.06048879027366638,0.008947252295911312,0.020765939727425575,0.03461853414773941,0.030182484537363052,0.0037903212942183018,0.013902081176638603,0.038503989577293396,,,,,,,,,,,,,,,
unknown,間,344,345,542.41284,542.57275,0.83691406,,0.012102527543902397,0.0073373327031731606,0.02744555100798607,0.11989595741033554,0.052203379571437836,0.31983035802841187,0.02724665403366089,0.011973817832767963,0.058870136737823486,0.07731231302022934,0.025549935176968575,0.05110353231430054,0.07500012964010239,0.06111562252044678,0.07135012000799179,0.022622747346758842,0.05236170440912247,0.05743854492902756,0.08870589733123779,0.07582824677228928,0.038666021078825,0.042811110615730286,0.016324089840054512,0.007737868931144476,0.050741780549287796,0.005132170394062996,0.10173934698104858,0.019920388236641884,0.017207488417625427,0.07595792412757874,0.007391483057290316,0.006188517436385155,0.0184013769030571,0.0064270151779055595,0.08525538444519043,0.020782653242349625,0.001704509137198329,0.022395510226488113,0.008909833617508411,0.03970951586961746,0.07015914469957352,0.006527109537273645,0.001410487457178533,0.018441202118992805,0.08770306408405304,0.05195821076631546,0.00825527310371399,0.034299030900001526,0.04359963536262512,0.03139285743236542,0.003977089188992977,0.012628222815692425,0.029370373114943504,,,,,,,,,,,,,,,
unknown,違,346,347,542.57275,542.8926,0.9458008,,0.010780694894492626,0.0052414205856621265,0.024108706042170525,0.08825618773698807,0.07810589671134949,0.3747161626815796,0.027209490537643433,0.009547526948153973,0.07429379969835281,0.053648561239242554,0.026580773293972015,0.049876660108566284,0.12527750432491302,0.08271223306655884,0.08684518933296204,0.022211672738194466,0.04529498517513275,0.06549698859453201,0.10777486860752106,0.09543891251087189,0.044001635164022446,0.0453171506524086,0.02533859759569168,0.006861614529043436,0.059190284460783005,0.0061620562337338924,0.07023373246192932,0.01795029826462269,0.023378543555736542,0.044508982449769974,0.006295101251453161,0.004890311975032091,0.02072950266301632,0.005521149840205908,0.07693520188331604,0.014789480715990067,0.0013344091130420566,0.01811404898762703,0.012457901611924171,0.0467209555208683,0.08392620831727982,0.008659543469548225,0.00188921089284122,0.02022693119943142,0.07266122102737427,0.054776452481746674,0.01324860192835331,0.04441500082612038,0.049062490463256836,0.030613401904702187,0.004320994950830936,0.013022431172430515,0.03651928901672363,,,,,,,,,,,,,,,
unknown,い,348,349,542.8926,543.0924,0.984375,,0.005541565828025341,0.003862426383420825,0.01457610446959734,0.07559045404195786,0.09036204218864441,0.4380541145801544,0.02736707031726837,0.005915724206715822,0.04119395092129707,0.05774986371397972,0.0359002947807312,0.07399491220712662,0.08924850821495056,0.06592746078968048,0.07146065682172775,0.026931166648864746,0.041961364448070526,0.09848799556493759,0.08446431905031204,0.07664153724908829,0.03404500335454941,0.04883494973182678,0.015553569421172142,0.007237978745251894,0.02923700585961342,0.00381383765488863,0.10631204396486282,0.012970887124538422,0.007064722944051027,0.07228652387857437,0.006201459560543299,0.0052233426831662655,0.016015518456697464,0.004518760368227959,0.08213066309690475,0.018082669004797935,0.001469386275857687,0.017616424709558487,0.009583824314177036,0.04491563141345978,0.06902089715003967,0.009436903521418571,0.001210457063280046,0.013948669657111168,0.060541559010744095,0.06401339918375015,0.006959672551602125,0.02304762601852417,0.042248811572790146,0.025739405304193497,0.002633284544572234,0.01731981709599495,0.04205131158232689,,,,,,,,,,,,,,,
unknown,探,350,351,543.0924,543.37225,0.7558594,,0.007459329441189766,0.004504183307290077,0.019327376037836075,0.11520663648843765,0.031903959810733795,0.28490689396858215,0.020261961966753006,0.005899507086724043,0.03440311551094055,0.08575120568275452,0.05323108658194542,0.11640095710754395,0.04902138188481331,0.054967090487480164,0.06108972057700157,0.05537718906998634,0.03980238363146782,0.16146574914455414,0.057240210473537445,0.05063410848379135,0.02200521156191826,0.027486788108944893,0.012514791451394558,0.010402973741292953,0.020872296765446663,0.0027800833340734243,0.1853099912405014,0.013560469262301922,0.004057901445776224,0.11733134090900421,0.004850259982049465,0.01035558246076107,0.010393653996288776,0.0025661976542323828,0.09341709315776825,0.032598622143268585,0.0018001638818532228,0.011657902039587498,0.005503279156982899,0.06622271984815598,0.06014394387602806,0.01680883765220642,0.000888545997440815,0.008212115615606308,0.08027505874633789,0.12855367362499237,0.00539483642205596,0.01540553942322731,0.024484824389219284,0.028310073539614677,0.0024232661817222834,0.02136635221540928,0.07586687058210373,,,,,,,,,,,,,,,
unknown,し,352,353,543.37225,543.87225,0.9477539,,0.011727130971848965,0.007444530725479126,0.03134189173579216,0.1461302489042282,0.010552003048360348,0.13121484220027924,0.011255589313805103,0.00972073432058096,0.033562399446964264,0.09155058115720749,0.06689687073230743,0.1396208107471466,0.08905841410160065,0.0861089900135994,0.03880327194929123,0.06051457300782204,0.05259210616350174,0.1169649288058281,0.037352368235588074,0.030768563970923424,0.010926148854196072,0.012622865848243237,0.01599283143877983,0.013065313920378685,0.014101635664701462,0.002003976609557867,0.21323303878307343,0.025036562234163284,0.004144659265875816,0.14193254709243774,0.0032050302252173424,0.0073309591971337795,0.005929457023739815,0.0018008070765063167,0.17874540388584137,0.04283353313803673,0.002780014183372259,0.03176634758710861,0.002890008268877864,0.05879039317369461,0.05955168232321739,0.009625811129808426,0.0016513117589056492,0.0057104239240288734,0.05386684089899063,0.12519195675849915,0.008493110537528992,0.009999744594097137,0.021795226261019707,0.0415092334151268,0.0018770623719319701,0.011772045865654945,0.06167243421077728,,,,,,,,,,,,,,,
unknown,春,354,355,548.92865,549.42865,0.9995117,,0.02361232601106167,0.02220962755382061,0.07314060628414154,0.13297957181930542,0.009602553211152554,0.09085921943187714,0.007648613769561052,0.024215441197156906,0.013769282028079033,0.0500473827123642,0.06281320750713348,0.05022244155406952,0.04358799383044243,0.05676661804318428,0.02390289306640625,0.1222100704908371,0.08932847529649734,0.05694356560707092,0.03568322956562042,0.01306451577693224,0.005660340189933777,0.013501178473234177,0.0038107719738036394,0.04799066111445427,0.006739766802638769,0.0026043520774692297,0.33888131380081177,0.03716157749295235,0.005781947169452906,0.27169427275657654,0.001698080450296402,0.02568228356540203,0.0035923148971050978,0.0014307062374427915,0.12702392041683197,0.16024991869926453,0.008287671953439713,0.08923042565584183,0.006455572787672281,0.07686948031187057,0.0409528985619545,0.020377861335873604,0.0030579948797822,0.011978551745414734,0.031084218993782997,0.21948452293872833,0.008256746456027031,0.0053495801985263824,0.014999439008533955,0.05835895612835884,0.0020020268857479095,0.01579330489039421,0.09201528877019882,,,,,,,,,,,,,,,
unknown,映,356,357,554.82,555.14,0.9223633,,0.03917786851525307,0.0378732904791832,0.1489897221326828,0.15734314918518066,0.006394934840500355,0.0742255300283432,0.00622912822291255,0.04297567158937454,0.013392309658229351,0.041679371148347855,0.05586809664964676,0.04434266686439514,0.0398654006421566,0.05577391758561134,0.02110620215535164,0.11207035183906555,0.05304650217294693,0.042046189308166504,0.027693891897797585,0.01231575571000576,0.004741698503494263,0.010667189955711365,0.003144417889416218,0.05354558303952217,0.006914437282830477,0.0023531029000878334,0.36275649070739746,0.057575538754463196,0.006320653483271599,0.2959446907043457,0.0015573763521388173,0.026944605633616447,0.00249197194352746,0.0013986731646582484,0.13136671483516693,0.1975107043981552,0.010743791237473488,0.07788822054862976,0.004594368394464254,0.08425354957580566,0.043238840997219086,0.013688195496797562,0.003897138172760606,0.009689402766525745,0.0346466526389122,0.1995404213666916,0.007777967024594545,0.004631397780030966,0.01306399516761303,0.06534644216299057,0.001812889357097447,0.011201552115380764,0.07756425440311432,,,,,,,,,,,,,,,
unknown,画,358,359,555.14,555.64,0.7915039,,0.030252588912844658,0.02928571030497551,0.1382095068693161,0.12501762807369232,0.008932599797844887,0.10419571399688721,0.005549275316298008,0.034950096160173416,0.010535982437431812,0.07551875710487366,0.07322689890861511,0.05205312371253967,0.04183368384838104,0.06022327393293381,0.027009952813386917,0.10275547206401825,0.061985936015844345,0.03655548021197319,0.04006091132760048,0.01728673465549946,0.006679193582385778,0.011777086183428764,0.0031525820959359407,0.03459596633911133,0.005076393950730562,0.0022207810543477535,0.29976752400398254,0.049929194152355194,0.006665066350251436,0.233989417552948,0.0013582914834842086,0.022306257858872414,0.0024378877133131027,0.0015686056576669216,0.12991498410701752,0.14704613387584686,0.008293461054563522,0.1019015908241272,0.004791329614818096,0.05343517288565636,0.04456396400928497,0.01082654483616352,0.0026810227427631617,0.012493332847952843,0.034769345074892044,0.15997688472270966,0.004566756542772055,0.00439405208453536,0.015190597623586655,0.049683671444654465,0.001767973997630179,0.013860566541552544,0.057542260736227036,,,,,,,,,,,,,,,
unknown,家,360,361,561.22003,561.42004,0.9980469,,0.03227286785840988,0.028775548562407494,0.067609503865242,0.11245604604482651,0.05719984695315361,0.2444404661655426,0.011285753920674324,0.02351517230272293,0.016384467482566833,0.0637013167142868,0.03788267448544502,0.036531560122966766,0.03515934944152832,0.0417172908782959,0.06824536621570587,0.05779183655977249,0.063663050532341,0.06315625458955765,0.0838155448436737,0.06095599755644798,0.02709697000682354,0.03150381147861481,0.0054264971986413,0.028536947444081306,0.00908173993229866,0.00634010462090373,0.2706930637359619,0.031191900372505188,0.013187313452363014,0.18765786290168762,0.0032344842329621315,0.019470173865556717,0.004492809064686298,0.003868852509185672,0.10046889632940292,0.10527888685464859,0.010351520031690598,0.043121229857206345,0.012990639545023441,0.04859434440732002,0.0368475466966629,0.010058351792395115,0.004356600344181061,0.026261890307068825,0.058208663016557693,0.10047335922718048,0.010894364677369595,0.009759771637618542,0.02539759874343872,0.033450644463300705,0.004969717003405094,0.01786714978516102,0.05052117258310318,,,,,,,,,,,,,,,
unknown,族,362,363,561.42004,561.92004,0.9013672,,0.021880917251110077,0.01783445104956627,0.04194460064172745,0.1450674831867218,0.03677085414528847,0.19368912279605865,0.017456762492656708,0.014548406936228275,0.021596146747469902,0.06535156071186066,0.03653591126203537,0.04991212487220764,0.04620074853301048,0.04266396537423134,0.05315728858113289,0.06840487569570541,0.06047724932432175,0.09638702124357224,0.05133500322699547,0.033826518803834915,0.014678305946290493,0.03161095827817917,0.006866574287414551,0.028933536261320114,0.010174806229770184,0.005166191142052412,0.34529581665992737,0.021256163716316223,0.007421988993883133,0.2577275335788727,0.004227467346936464,0.026538874953985214,0.004892682656645775,0.0029392349533736706,0.1064775139093399,0.11972859501838684,0.007143069989979267,0.03927529230713844,0.011422914452850819,0.0722227394580841,0.03340762481093407,0.01617278717458248,0.002191020641475916,0.01874694786965847,0.07303842902183533,0.1259966641664505,0.005616301670670509,0.00818976666778326,0.018096599727869034,0.034136783331632614,0.004074494354426861,0.02341139130294323,0.08119602501392365,,,,,,,,,,,,,,,
unknown,梅,364,365,567.3,567.5,0.6982422,,0.019996777176856995,0.014925776980817318,0.04477085545659065,0.15662746131420135,0.03261684998869896,0.20340529084205627,0.024712489917874336,0.013335583731532097,0.032919786870479584,0.042845744639635086,0.03128482773900032,0.06104424223303795,0.049610771238803864,0.0446297787129879,0.04770056530833244,0.060372244566679,0.06021972745656967,0.09869996458292007,0.045498281717300415,0.03266666457056999,0.01761290431022644,0.038850609213113785,0.00820661149919033,0.024037284776568413,0.02295975759625435,0.004972412250936031,0.29630330204963684,0.021521978080272675,0.005827776156365871,0.2081747204065323,0.006276531610637903,0.03215248882770538,0.008581666275858879,0.004033506382256746,0.09925337880849838,0.0882292315363884,0.005704830400645733,0.03158541023731232,0.012476561591029167,0.07915049046278,0.0473056398332119,0.018262965604662895,0.0019113472662866116,0.012705749832093716,0.07807524502277374,0.14205186069011688,0.0061733173206448555,0.012602136470377445,0.020707575604319572,0.044098787009716034,0.003629986196756363,0.018472764641046524,0.08046901971101761,,,,,,,,,,,,,,,
unknown,雨,366,367,567.5,567.855,0.7475586,,0.03608520328998566,0.022879531607031822,0.08286236226558685,0.1648392677307129,0.020292755216360092,0.13442309200763702,0.009344132617115974,0.025412121787667274,0.021131254732608795,0.02755841240286827,0.0268801711499691,0.04059136286377907,0.038124531507492065,0.04689130559563637,0.039788879454135895,0.06169559434056282,0.06235886365175247,0.051131874322891235,0.047793593257665634,0.02997896447777748,0.01724250055849552,0.02046566642820835,0.005299619864672422,0.028401505202054977,0.01942923292517662,0.003806056920439005,0.3051850497722626,0.030837906524538994,0.007507342845201492,0.20061112940311432,0.0028575602918863297,0.036575574427843094,0.006811539642512798,0.0034627062268555164,0.11462735384702682,0.1045914962887764,0.006162660196423531,0.055393945425748825,0.007468621712177992,0.066342793405056,0.061239514499902725,0.013876664452254772,0.002098320284858346,0.0103309890255332,0.0694272592663765,0.1616402417421341,0.006669594440609217,0.011513542383909225,0.023307906463742256,0.07285784184932709,0.0028779045678675175,0.009435644373297691,0.07198195904493332,,,,,,,,,,,,,,,
unknown,屋,368,369,572.27496,572.635,0.9423828,,0.025805285200476646,0.014445323497056961,0.04975187033414841,0.13289743661880493,0.03607574477791786,0.1973811239004135,0.017743781208992004,0.017466096207499504,0.030272334814071655,0.04266922548413277,0.04290982335805893,0.05923667550086975,0.046476081013679504,0.05622084066271782,0.0597626194357872,0.06705690920352936,0.046123817563056946,0.0806807205080986,0.06531291455030441,0.04548260197043419,0.02484755963087082,0.03680863976478577,0.009692388586699963,0.01849355921149254,0.024591682478785515,0.006497449241578579,0.21827517449855804,0.023513145744800568,0.006970523856580257,0.12207198143005371,0.005732652265578508,0.040210723876953125,0.009429019875824451,0.0047775087878108025,0.09977172315120697,0.06491968780755997,0.004823800176382065,0.027045071125030518,0.013412822969257832,0.06221243739128113,0.06803040206432343,0.01980798877775669,0.0018905355827882886,0.01673206314444542,0.09450189024209976,0.14608827233314514,0.0061117010191082954,0.016242902725934982,0.02770097181200981,0.05033397302031517,0.005096571519970894,0.018761558458209038,0.06986609846353531,,,,,,,,,,,,,,,
unknown,上,370,371,572.635,573.135,0.99658203,,0.04922514781355858,0.025190629065036774,0.09709064662456512,0.14629492163658142,0.01474094856530428,0.10126040875911713,0.011033561080694199,0.02970542572438717,0.024495655670762062,0.035993702709674835,0.06061358004808426,0.06517032533884048,0.04462652653455734,0.06772371381521225,0.04642242565751076,0.10036227107048035,0.03918886557221413,0.05829763785004616,0.036281924694776535,0.03096037544310093,0.015085918828845024,0.018497074022889137,0.007833195850253105,0.021039385348558426,0.01726958155632019,0.005655601155012846,0.2552337646484375,0.03439650684595108,0.005544076208025217,0.14004682004451752,0.003972078673541546,0.08869235962629318,0.005429786629974842,0.0036228152457624674,0.15961560606956482,0.09194725006818771,0.0072381459176540375,0.040809035301208496,0.006370876915752888,0.062405940145254135,0.07221445441246033,0.02663489803671837,0.0024004168808460236,0.010036400519311428,0.08540082722902298,0.20726941525936127,0.006234598346054554,0.009461496956646442,0.02157861925661564,0.08341600000858307,0.005141767207533121,0.01100720651447773,0.07204072922468185,,,,,,,,,,,,,,,
unknown,タ,372,373,578.315,578.815,0.4543457,,0.03781907260417938,0.03483099490404129,0.09507991373538971,0.1636635810136795,0.006924863439053297,0.07695351541042328,0.013523525558412075,0.02554568462073803,0.022118786349892616,0.06316356360912323,0.06376690417528152,0.0803213119506836,0.03802705183625221,0.05332689359784126,0.023844877257943153,0.0976080521941185,0.06581393629312515,0.06885389238595963,0.02313314937055111,0.01293378695845604,0.005672223400324583,0.016153141856193542,0.005570652894675732,0.03210803121328354,0.0111961979418993,0.003992333076894283,0.3421805799007416,0.04249609261751175,0.004998510237783194,0.25653141736984253,0.003677660133689642,0.03291050344705582,0.0034973190631717443,0.0020520510151982307,0.16046032309532166,0.13762128353118896,0.013036900199949741,0.06303764134645462,0.00657552108168602,0.07061301171779633,0.04913827031850815,0.017342787235975266,0.0043347859755158424,0.00829338189214468,0.04061267524957657,0.18072034418582916,0.008775487542152405,0.005694868043065071,0.012791553512215614,0.05737794563174248,0.003481804160401225,0.013652361929416656,0.0693984404206276,,,,,,,,,,,,,,,
unknown,家,374,375,584.60944,584.7693,0.99902344,,0.03607712686061859,0.02759583480656147,0.09891015291213989,0.1669781506061554,0.006509519647806883,0.07777902483940125,0.01121752429753542,0.028584782034158707,0.022143211215734482,0.05542873218655586,0.07303012162446976,0.07566282153129578,0.03327285498380661,0.07586538791656494,0.02461138181388378,0.11531715840101242,0.05408679321408272,0.06275011599063873,0.03935841843485832,0.015567632392048836,0.007913677953183651,0.018005110323429108,0.00609823502600193,0.03080250509083271,0.019564365968108177,0.005410900339484215,0.2525894045829773,0.04566938057541847,0.005609408020973206,0.16442355513572693,0.003245146479457617,0.03042645938694477,0.006853797007352114,0.002451086649671197,0.129812553524971,0.11757631599903107,0.011479522101581097,0.0943564623594284,0.009957653470337391,0.07850849628448486,0.08468832820653915,0.02429240755736828,0.004728205502033234,0.013980703428387642,0.042833361774683,0.21467822790145874,0.010342652909457684,0.011560967192053795,0.01716223917901516,0.06733668595552444,0.004214758984744549,0.020269129425287247,0.08039293438196182,,,,,,,,,,,,,,,
unknown,族,376,377,584.7693,585.2693,0.95166016,,0.02805960737168789,0.03247765451669693,0.06751535087823868,0.18775877356529236,0.004850138910114765,0.04293018952012062,0.015363162383437157,0.022724280133843422,0.025801274925470352,0.03465637192130089,0.04367590323090553,0.04387370124459267,0.0287706907838583,0.038802772760391235,0.016054436564445496,0.12495828419923782,0.07103169709444046,0.05725332349538803,0.022405650466680527,0.00666715856641531,0.004595239646732807,0.018870670348405838,0.004347379319369793,0.06791812926530838,0.018465891480445862,0.0051940628327429295,0.3772209882736206,0.03663337230682373,0.003743829671293497,0.3471027910709381,0.00402901042252779,0.037062421441078186,0.007679570000618696,0.002463503275066614,0.11651206761598587,0.22139383852481842,0.019802028313279152,0.08823208510875702,0.01226199883967638,0.09959369897842407,0.043579548597335815,0.02856089361011982,0.005690086632966995,0.012749282643198967,0.028328582644462585,0.23343990743160248,0.01144879125058651,0.009366538375616074,0.01343044638633728,0.07131487131118774,0.0038468469865620136,0.01794169284403324,0.10643450170755386,,,,,,,,,,,,,,,
unknown,心,378,379,591.0045,591.5045,0.9980469,,0.023085929453372955,0.03323562815785408,0.06134265288710594,0.184927836060524,0.004503302741795778,0.050226982682943344,0.01749386265873909,0.020341970026493073,0.020279234275221825,0.03843329846858978,0.03857674077153206,0.03795503452420235,0.024259034544229507,0.03752904757857323,0.012800305150449276,0.10398811846971512,0.1025737076997757,0.061840467154979706,0.027887018397450447,0.00549483485519886,0.0026305620558559895,0.019252868369221687,0.0036595845595002174,0.07142447680234909,0.0111363735049963,0.005122619681060314,0.46725502610206604,0.032674651592969894,0.0044390494003891945,0.49775320291519165,0.0036175972782075405,0.04275631904602051,0.005426725372672081,0.0016708921175450087,0.12875737249851227,0.26707470417022705,0.02043290063738823,0.10271972417831421,0.01012476161122322,0.06106901541352272,0.04128547012805939,0.03357798978686333,0.006952366791665554,0.017516324296593666,0.02561110258102417,0.19397549331188202,0.010860790498554707,0.005543407052755356,0.013243786059319973,0.07150615751743317,0.003846245352178812,0.014599819667637348,0.08523727208375931,,,,,,,,,,,,,,,
unknown,皮,380,381,597.615,598.115,0.50927734,,0.04311445355415344,0.05121805891394615,0.07005614042282104,0.1286201924085617,0.0064341239631175995,0.05867909640073776,0.016387145966291428,0.02975400909781456,0.018730346113443375,0.03967415168881416,0.03582949936389923,0.04005426913499832,0.030608121305704117,0.0337505117058754,0.014669330790638924,0.09244666993618011,0.0961267501115799,0.06291897594928741,0.03504394367337227,0.00795175414532423,0.0036081280559301376,0.021247953176498413,0.004368829540908337,0.06805109232664108,0.009363314136862755,0.005522106774151325,0.44308027625083923,0.03954590484499931,0.005759621970355511,0.4398012161254883,0.0037872272077947855,0.04277176782488823,0.004703119862824678,0.0017885518027469516,0.13674533367156982,0.2257373332977295,0.027096904814243317,0.07115576416254044,0.011178683489561081,0.05876057222485542,0.038537975400686264,0.028468875214457512,0.008479851298034191,0.01724395342171192,0.021327640861272812,0.17918959259986877,0.015547852963209152,0.005896585062146187,0.016630899161100388,0.077802874147892,0.004406455438584089,0.018232308328151703,0.07877488434314728,,,,,,,,,,,,,,,
