Id,BeginTime,EndTime,Admiration,Adoration,Aesthetic Appreciation,Amusement,Anger,Anxiety,Awe,Awkwardness,Boredom,Calmness,Concentration,Contemplation,Confusion,Contempt,Contentment,Craving,Determination,Disappointment,Disgust,Distress,Doubt,Ecstasy,Embarrassment,Empathic Pain,Entrancement,Envy,Excitement,Fear,Guilt,Horror,Interest,Joy,Love,Nostalgia,Pain,Pride,Realization,Relief,Romance,Sadness,Satisfaction,Desire,Shame,Surprise (negative),Surprise (positive),Sympathy,Tiredness,Triumph,Cackle,Cheer,Chuckle,Cry,Gasp,Giggle,Groan,Growl,Grunt,Hiss,Hoot,Howl,Laugh,Moan,Pant,Roar,Scream,Screech,Shout,Shriek,Sigh,Snicker,Snort,Sob,Squeal,Wail,Wheep,Whimper,Yawn,Yelp,Ah,Aha,Ahh,Argh,Aww,Eek,Eww,Grr,Ha,Hah,Haha,Hehe,Hmm,Huh,Hurray,Mhm,Mmm,Oh,Ohh,Ooh,Ooph,Ouch,Oww,Pff,Phew,Tsk,Ugh,Uh,Uh-huh,Umm,Whee,Whew,Woah,Wow,Yay,Yippee,Yuck
unknown,2.0,3.0,0.04139731079339981,0.041387952864170074,0.04060972109436989,0.019628826528787613,0.0037185868714004755,0.04050496965646744,0.02773430198431015,0.05933709815144539,0.39985352754592896,0.31738486886024475,0.14186657965183258,0.2838108539581299,0.09863363951444626,0.04285203665494919,0.12154339253902435,0.11286415159702301,0.025456659495830536,0.12512648105621338,0.0091242715716362,0.1145942211151123,0.20670385658740997,0.1415344923734665,0.017079373821616173,0.04493332654237747,0.0480106920003891,0.013920672237873077,0.02062903717160225,0.00739944726228714,0.015951164066791534,0.0037746273446828127,0.09059365093708038,0.026040706783533096,0.06270717084407806,0.0447414368391037,0.026570124551653862,0.0063603841699659824,0.09294500946998596,0.14754074811935425,0.10692629218101501,0.05043431743979454,0.30285003781318665,0.21170514822006226,0.02580750547349453,0.0019747004844248295,0.0035226147156208754,0.056266095489263535,0.375133216381073,0.005990633741021156,0.0015075784176588058,0.00227906065993011,0.006059273611754179,0.006066066678613424,0.005846578627824783,0.0037822050508111715,0.09049233049154282,0.0018050430808216333,0.004742779303342104,0.0021257828921079636,0.005408817436546087,0.0024877586401998997,0.005332885310053825,0.3520476818084717,0.007802014704793692,0.0015515268314629793,0.0009551247349008918,0.0020239183213561773,0.0011508350726217031,0.0011299978941679,0.17503297328948975,0.0018301545642316341,0.002060989150777459,0.004458738956600428,0.001832098001614213,0.008690317161381245,0.008249059319496155,0.07358499616384506,0.16791972517967224,0.0005937102832831442,0.007241775281727314,0.0011691749095916748,0.02549040876328945,0.0016383037436753511,0.019683539867401123,0.0012119284365326166,0.007699668873101473,0.005667957942932844,0.0038032340817153454,0.00938461348414421,0.0025859565939754248,0.00423305993899703,0.36584749817848206,0.011207060888409615,0.005109159275889397,0.188740074634552,0.5141475200653076,0.004405906889587641,0.02856656163930893,0.01780594140291214,0.002793282037600875,0.00048562599113211036,0.0018026717007160187,0.0014027199940755963,0.003144258400425315,0.0011522527784109116,0.007705679163336754,0.007601761259138584,0.009121447801589966,0.09870918095111847,0.00512711051851511,0.0031519734766334295,0.0015258460771292448,0.0015061451122164726,0.004085626918822527,0.0023484593257308006,0.0019419131567701697
unknown,3.0,4.0,0.03894743323326111,0.03678770363330841,0.035016193985939026,0.018314680084586143,0.0076719773933291435,0.0516340434551239,0.02890218421816826,0.06368118524551392,0.36300918459892273,0.2574543356895447,0.13065063953399658,0.2720494866371155,0.10591857135295868,0.04790691286325455,0.1047370508313179,0.08714471012353897,0.03002004139125347,0.1707722693681717,0.015189044177532196,0.1426611691713333,0.2555815279483795,0.12780582904815674,0.022605309262871742,0.05794941633939743,0.040261078625917435,0.01354998629540205,0.016756778582930565,0.011696954257786274,0.021033041179180145,0.005327797960489988,0.08800117671489716,0.020943161100149155,0.06341437995433807,0.044784367084503174,0.04616314172744751,0.007886486127972603,0.10538483411073685,0.1098838597536087,0.09301409125328064,0.06750761717557907,0.27868714928627014,0.20503684878349304,0.04828835278749466,0.0028990625869482756,0.005198437720537186,0.04505811259150505,0.3149666488170624,0.005437268875539303,0.0023460460361093283,0.0019014821154996753,0.008145231753587723,0.009854900650680065,0.008232252672314644,0.003705281298607588,0.1126188114285469,0.0031089193653315306,0.00920026283711195,0.001573692774400115,0.006852046586573124,0.002543867565691471,0.007293033879250288,0.24935385584831238,0.01179959625005722,0.002344911452382803,0.0009615387534722686,0.0016710154013708234,0.001307101920247078,0.0011467253789305687,0.16595134139060974,0.0026932908222079277,0.003815337782725692,0.007521068677306175,0.0015977525617927313,0.014062483794987202,0.008810102008283138,0.08906398713588715,0.1282798945903778,0.0014366797404363751,0.008502394892275333,0.0010900531196966767,0.023804327473044395,0.0032817635219544172,0.0167929045855999,0.0017531253397464752,0.010368327610194683,0.007542409002780914,0.0037504504434764385,0.006962385028600693,0.0035634117666631937,0.0038608708418905735,0.2797357439994812,0.01776449754834175,0.0030415547080338,0.1836540699005127,0.3431871235370636,0.009861310943961143,0.0397607795894146,0.02623165398836136,0.011137869209051132,0.001144546433351934,0.0029048065189272165,0.0024215546436607838,0.0024953545071184635,0.0009310355526395142,0.014257547445595264,0.018600961193442345,0.01610480807721615,0.08753504604101181,0.0029080556705594063,0.002730417065322399,0.0014876436907798052,0.0015393318608403206,0.0054411678574979305,0.0016948672709986567,0.002502516144886613
unknown,11.0,12.0,0.08289993554353714,0.03582354262471199,0.03651031106710434,0.03303747624158859,0.0067274984903633595,0.018609678372740746,0.2194012552499771,0.11049724370241165,0.08933743834495544,0.11321739107370377,0.130144864320755,0.17183373868465424,0.13924655318260193,0.02494525909423828,0.02916203811764717,0.025552643463015556,0.0364309586584568,0.10922925174236298,0.01643480733036995,0.06152646243572235,0.17639942467212677,0.07392755895853043,0.03875403478741646,0.09869726002216339,0.041692353785037994,0.025650709867477417,0.05955907702445984,0.028313716873526573,0.015428501181304455,0.010374181903898716,0.16314901411533356,0.024835646152496338,0.0240775216370821,0.0038327437359839678,0.09658323973417282,0.02575986459851265,0.7133945822715759,0.05457206442952156,0.06398165971040726,0.006628448609262705,0.1397220343351364,0.13081586360931396,0.02299756184220314,0.0677197203040123,0.22397226095199585,0.05964150279760361,0.03897226229310036,0.008839445188641548,0.0010606094729155302,0.0010017368476837873,0.005361861549317837,0.0012611292768269777,0.04222379997372627,0.0017469794256612659,0.011807184666395187,0.004560379311442375,0.00428610248491168,0.00038248897180892527,0.001770275877788663,0.0006294319755397737,0.003712740261107683,0.04179845750331879,0.0019986345432698727,0.0014722858322784305,0.002982239704579115,0.0028194691985845566,0.008271981962025166,0.0034826379269361496,0.018621154129505157,0.0015773526392877102,0.003960496746003628,0.0012574358843266964,0.004664188250899315,0.004719729069620371,0.0016894516302272677,0.0035453964956104755,0.002570952521637082,0.029452402144670486,0.012298976071178913,0.002796345856040716,0.012871644459664822,0.0017769797705113888,0.017544513568282127,0.0009182946523651481,0.005068498197942972,0.0006955844000913203,0.002071037655696273,0.0014019961236044765,0.0023583155125379562,0.0012740571983158588,0.00243589049205184,0.008001326583325863,0.0007737218402326107,0.0026534143835306168,0.003395272186025977,0.7970796823501587,0.8091955184936523,0.40447384119033813,0.01756446808576584,0.0017344914376735687,0.06260985881090164,0.0001976886560441926,0.0004273985978215933,0.001515309326350689,0.005769181065261364,0.005242152605205774,0.005094235297292471,0.005810408852994442,0.0005709208780899644,0.000415968825109303,0.006477849092334509,0.01948949135839939,0.0009505858761258423,0.0048509337939321995,0.0025623226538300514
unknown,19.0,20.0,0.029262995347380638,0.01916804164648056,0.02763753943145275,0.0303032249212265,0.011600040830671787,0.06447919458150864,0.023107243701815605,0.24244478344917297,0.4970473349094391,0.2725435793399811,0.09087251126766205,0.1912812739610672,0.18749530613422394,0.08824461698532104,0.06984280049800873,0.0574345737695694,0.027648692950606346,0.18057723343372345,0.05026603862643242,0.1154441311955452,0.2277783900499344,0.06345847249031067,0.10303744673728943,0.03435329347848892,0.02890555001795292,0.007920073345303535,0.03049975447356701,0.011352434754371643,0.07102925330400467,0.008153126575052738,0.07779502868652344,0.029913512989878654,0.03925663232803345,0.037532079964876175,0.04840805381536484,0.01213147398084402,0.08462948352098465,0.1570747345685959,0.07107537239789963,0.022641772404313087,0.19705036282539368,0.1423843950033188,0.045505985617637634,0.006150947883725166,0.00581456208601594,0.021944783627986908,0.40109318494796753,0.0116236237809062,0.01057384442538023,0.004208766855299473,0.010446015745401382,0.0024092835374176502,0.011355031281709671,0.004732196684926748,0.30659615993499756,0.004843239206820726,0.027493780478835106,0.001417431398294866,0.0009910333901643753,0.005377757363021374,0.01562451757490635,0.1590469628572464,0.005926566198468208,0.008747229352593422,0.0047508589923381805,0.0014086577575653791,0.004309912212193012,0.0029497549403458834,0.38160213828086853,0.0029217919800430536,0.00360157061368227,0.0027866587042808533,0.0029101185500621796,0.007777408696711063,0.0028869148809462786,0.013823441229760647,0.08340311795473099,0.0025631440803408623,0.10225563496351242,0.05094410851597786,0.1337340772151947,0.02662721648812294,0.01798715442419052,0.0022998799104243517,0.05219455808401108,0.011431767605245113,0.06598910689353943,0.0754760205745697,0.014176593162119389,0.011706894263625145,0.0902930349111557,0.058082155883312225,0.012929217889904976,0.07161952555179596,0.11804332584142685,0.0032147488091140985,0.0140934893861413,0.005576981697231531,0.004473418463021517,0.0007676894892938435,0.006559652276337147,0.0020787843968719244,0.008175943046808243,0.0007759773288853467,0.13547870516777039,0.40311959385871887,0.044199615716934204,0.19706830382347107,0.0004315387923270464,0.001961975824087858,0.0013961384538561106,0.0015606372617185116,0.00898011215031147,0.0006514514097943902,0.027807191014289856
unknown,20.0,21.0,0.030594611540436745,0.023080216720700264,0.02766658365726471,0.05080464854836464,0.010985683649778366,0.06823104619979858,0.024048035964369774,0.3080023527145386,0.40727338194847107,0.20038367807865143,0.09743301570415497,0.2041432410478592,0.22751660645008087,0.0772911086678505,0.06762004643678665,0.05975605919957161,0.024612072855234146,0.1960703730583191,0.04846586287021637,0.1173040121793747,0.2777063846588135,0.08419486880302429,0.12892046570777893,0.05801810696721077,0.03291004151105881,0.009854704141616821,0.03511979430913925,0.011980279348790646,0.07330050319433212,0.007623835001140833,0.07953617721796036,0.03994707390666008,0.061628926545381546,0.04471538960933685,0.08005949854850769,0.016255943104624748,0.0843934416770935,0.11660774052143097,0.09234507381916046,0.033781323581933975,0.2355021983385086,0.18973860144615173,0.07279925048351288,0.0045466176234185696,0.007495714817196131,0.022779187187552452,0.2871911823749542,0.01001705415546894,0.02122081257402897,0.005394808482378721,0.026188306510448456,0.0049094101414084435,0.00955368671566248,0.012566319666802883,0.40680497884750366,0.007206411566585302,0.029992662370204926,0.0013832107651978731,0.0011011341121047735,0.004444976802915335,0.03401750698685646,0.18688704073429108,0.011320930905640125,0.007810202427208424,0.0022688002791255713,0.0013248715549707413,0.0023963069543242455,0.002595110796391964,0.2559727132320404,0.006655924022197723,0.0062168254517018795,0.0064780134707689285,0.0025643426924943924,0.014363566413521767,0.00487423175945878,0.022891590371727943,0.1019996628165245,0.005080256145447493,0.11079645156860352,0.05795316398143768,0.14065304398536682,0.027517853304743767,0.016844574362039566,0.002945966087281704,0.05161670222878456,0.00999177061021328,0.04683315008878708,0.05363670364022255,0.02749672904610634,0.018997181206941605,0.09576340019702911,0.03678067401051521,0.005415455438196659,0.09778264164924622,0.17558318376541138,0.004513954743742943,0.014216012321412563,0.007247440051287413,0.005796724930405617,0.0011963797733187675,0.012063365429639816,0.002392733469605446,0.003049032064154744,0.0008722851634956896,0.14427942037582397,0.39170965552330017,0.05537118762731552,0.24421529471874237,0.0011521066771820188,0.0010204310528934002,0.001197058823890984,0.0015129592502489686,0.015864526852965355,0.0005689102690666914,0.030612802132964134
unknown,25.0,26.0,0.045034199953079224,0.0298850629478693,0.03197402134537697,0.07608719915151596,0.013740941882133484,0.08792339265346527,0.03850225359201431,0.20731008052825928,0.2898433804512024,0.18101833760738373,0.08107603341341019,0.14197823405265808,0.18355658650398254,0.10933469980955124,0.07173256576061249,0.059421148151159286,0.027040952816605568,0.17826390266418457,0.0585315078496933,0.12029692530632019,0.25227221846580505,0.08734209090471268,0.09292405843734741,0.05578306317329407,0.028184181079268456,0.013933147303760052,0.0554649643599987,0.03237589821219444,0.06361658126115799,0.020303720608353615,0.11870795488357544,0.07306358963251114,0.06638837605714798,0.05798384174704552,0.0657438114285469,0.031543441116809845,0.09274177998304367,0.10251245647668839,0.08647950738668442,0.03575768321752548,0.20177465677261353,0.1513432413339615,0.06759140640497208,0.013623197562992573,0.018778428435325623,0.030428962782025337,0.21193189918994904,0.019586896523833275,0.04066076874732971,0.015393764711916447,0.05386427417397499,0.011181098408997059,0.030095884576439857,0.023169511929154396,0.220879927277565,0.004913171287626028,0.02772633545100689,0.003528533037751913,0.004249343648552895,0.007569379638880491,0.0669260323047638,0.1421077698469162,0.021067794412374496,0.005583919584751129,0.005356729030609131,0.003451672615483403,0.006149747874587774,0.010433089919388294,0.26546818017959595,0.012673156335949898,0.009879830293357372,0.012060306034982204,0.009764088317751884,0.02234336920082569,0.007573643233627081,0.03710857406258583,0.03548717871308327,0.014373491518199444,0.11466792225837708,0.02886551059782505,0.09548027068376541,0.01612827181816101,0.01749424636363983,0.010199424810707569,0.05322916805744171,0.007676213514059782,0.09409742057323456,0.1045687198638916,0.039604946970939636,0.036570724099874496,0.08964799344539642,0.0521821603178978,0.014485934749245644,0.06747280061244965,0.10084860771894455,0.007283790037035942,0.01572927087545395,0.009702938608825207,0.00566434720531106,0.0019118982600048184,0.007268447428941727,0.0036731690634042025,0.0055384826846420765,0.0015097720315679908,0.11706998199224472,0.1804819405078888,0.025994552299380302,0.10477589815855026,0.002004744252189994,0.00288566411472857,0.0014742111088708043,0.0018459884449839592,0.0192379429936409,0.0010923102963715792,0.03299959748983383
unknown,26.0,27.0,0.037512727081775665,0.02679329738020897,0.02849365957081318,0.0673583373427391,0.01557842642068863,0.09542189538478851,0.027763554826378822,0.2480146735906601,0.3119998872280121,0.16595998406410217,0.09575040638446808,0.16310696303844452,0.19224441051483154,0.09210231155157089,0.07334062457084656,0.05189551040530205,0.02089482918381691,0.18530608713626862,0.049891065806150436,0.12707698345184326,0.27245256304740906,0.07815273851156235,0.10524357110261917,0.05716300755739212,0.02959417551755905,0.012466219253838062,0.04332325607538223,0.02510019950568676,0.05525148659944534,0.015810469165444374,0.09491607546806335,0.055617619305849075,0.0562688447535038,0.058846235275268555,0.07023952901363373,0.02372378297150135,0.084995336830616,0.08494804054498672,0.0772504210472107,0.039749499410390854,0.21000899374485016,0.13851718604564667,0.08639250695705414,0.007843058556318283,0.012048296630382538,0.026124292984604836,0.23499895632266998,0.016283124685287476,0.03590897470712662,0.010009557008743286,0.0436096154153347,0.009787642396986485,0.018355324864387512,0.018022160977125168,0.3383522629737854,0.010134972631931305,0.035125210881233215,0.0026020891964435577,0.002866310765966773,0.006237694062292576,0.04576436057686806,0.16961057484149933,0.01776488497853279,0.007563355378806591,0.0037347148172557354,0.0031434043776243925,0.0033569419756531715,0.006146143190562725,0.16141605377197266,0.010971623472869396,0.009288864210247993,0.01064109243452549,0.004743726458400488,0.021282939240336418,0.007358264178037643,0.036598771810531616,0.06958449631929398,0.008505565114319324,0.10046903043985367,0.04156646877527237,0.10775967687368393,0.02500161901116371,0.014541122131049633,0.006745422258973122,0.05244336649775505,0.0075653474777936935,0.05140606313943863,0.0668155774474144,0.03494776040315628,0.030484715476632118,0.10395946353673935,0.047950077801942825,0.008573572151362896,0.0740392878651619,0.1157134398818016,0.005736613646149635,0.01373328547924757,0.008727915585041046,0.006724807899445295,0.0023208821658045053,0.009667262434959412,0.0031912841368466616,0.002403231803327799,0.0012673466699197888,0.14363311231136322,0.2791775166988373,0.04651596024632454,0.12249869108200073,0.0015439364360645413,0.0012351063778623939,0.0011183221358805895,0.0017681281315162778,0.021118320524692535,0.0007523378008045256,0.026780925691127777
unknown,31.0,32.0,0.030924662947654724,0.02625771425664425,0.019087208434939384,0.13205662369728088,0.08879847079515457,0.1059676930308342,0.0592874214053154,0.11309409886598587,0.08336468040943146,0.06006950885057449,0.03679908812046051,0.04412754997611046,0.059518963098526,0.11207370460033417,0.04122691601514816,0.028872523456811905,0.05228594318032265,0.10991436243057251,0.05764291435480118,0.18513138592243195,0.0760025754570961,0.10519664734601974,0.08232284337282181,0.043040547519922256,0.0418010912835598,0.018186794593930244,0.12542405724525452,0.17082928121089935,0.024501770734786987,0.12069745361804962,0.08096970617771149,0.13090907037258148,0.04747907817363739,0.019067969173192978,0.0983494445681572,0.03488165885210037,0.08713468909263611,0.07713942229747772,0.04194800928235054,0.045692648738622665,0.1222110241651535,0.0731637105345726,0.03466688469052315,0.05777508765459061,0.06339096277952194,0.02379026636481285,0.10018878430128098,0.05534856393933296,0.05945182591676712,0.02461235783994198,0.09104441851377487,0.04891336336731911,0.14369730651378632,0.06879843026399612,0.0547894649207592,0.03313618525862694,0.05430508777499199,0.010821442119777203,0.03394777327775955,0.022025860846042633,0.0770147442817688,0.07537934184074402,0.04641721770167351,0.014611739665269852,0.051203448325395584,0.07054237276315689,0.08769769966602325,0.05430226773023605,0.05380314961075783,0.03855014964938164,0.03233865648508072,0.0368044413626194,0.0738719031214714,0.048659756779670715,0.03143231198191643,0.05852804705500603,0.005028270184993744,0.0390082448720932,0.055832620710134506,0.018064754083752632,0.06383983790874481,0.028249764814972878,0.015597760677337646,0.01451355405151844,0.010464929044246674,0.025381891056895256,0.024810658767819405,0.022212663665413857,0.046445298939943314,0.03582175076007843,0.02282126061618328,0.027394358068704605,0.011850756593048573,0.013897140510380268,0.01767595484852791,0.030103500932455063,0.04157742112874985,0.03494337946176529,0.01550365798175335,0.010501771233975887,0.01681530848145485,0.008179395459592342,0.008954123593866825,0.01008677389472723,0.023312268778681755,0.01989908143877983,0.01425989344716072,0.0066481782123446465,0.00895064789801836,0.017238259315490723,0.016703560948371887,0.007014565169811249,0.0049739317037165165,0.03230193257331848,0.01353659201413393
unknown,62.0,63.0,0.06180715933442116,0.045788466930389404,0.039466340094804764,0.06428567320108414,0.007539341691881418,0.06869717687368393,0.04610223323106766,0.18369626998901367,0.309023380279541,0.2497004270553589,0.06921056658029556,0.13026095926761627,0.16796165704727173,0.08991493284702301,0.09310207515954971,0.059064049273729324,0.018870189785957336,0.22919385135173798,0.049448560923337936,0.10062427818775177,0.24133111536502838,0.09437203407287598,0.08445916324853897,0.04765700921416283,0.03440622612833977,0.017436983063817024,0.054016850888729095,0.017551908269524574,0.08526778966188431,0.010196257382631302,0.14480413496494293,0.07080310583114624,0.08243581652641296,0.05827656015753746,0.04585036262869835,0.03492206335067749,0.09709285944700241,0.13367804884910583,0.10097317397594452,0.035005323588848114,0.22118417918682098,0.15852218866348267,0.059453174471855164,0.008568673394620419,0.011874263174831867,0.04160682484507561,0.24862733483314514,0.022678010165691376,0.03791379556059837,0.030659563839435577,0.0384688563644886,0.006707382388412952,0.02413271740078926,0.017130058258771896,0.27295419573783875,0.004307807423174381,0.01742931269109249,0.002869347808882594,0.0022511156275868416,0.0063951993361115456,0.05161226913332939,0.14747850596904755,0.014135723002254963,0.005790517665445805,0.003872491652145982,0.0019929055124521255,0.004595092032104731,0.004885623697191477,0.4408700168132782,0.010940464213490486,0.003511270508170128,0.007417093031108379,0.007825355045497417,0.012997817248106003,0.007498347666114569,0.03708162531256676,0.04773258417844772,0.006880835629999638,0.11663385480642319,0.02119440585374832,0.09731883555650711,0.018036536872386932,0.03386911004781723,0.008626471273601055,0.07580547779798508,0.011456795036792755,0.13168244063854218,0.13927240669727325,0.032369911670684814,0.03935544565320015,0.08073276281356812,0.0639537125825882,0.03497106209397316,0.06353651732206345,0.08427539467811584,0.005637018010020256,0.01748526655137539,0.009161853231489658,0.004674899857491255,0.0008809652645140886,0.003438654588535428,0.0022155805490911007,0.007037186063826084,0.0008485112339258194,0.11378859728574753,0.1276693344116211,0.030473550781607628,0.06937117874622345,0.0030050240457057953,0.0033310193102806807,0.0017461018869653344,0.0012032544473186135,0.03305159509181976,0.0013882243074476719,0.02343062125146389
unknown,80.0,81.0,0.0640973448753357,0.04606251418590546,0.041091375052928925,0.07457410544157028,0.013703216798603535,0.08838906139135361,0.06513194739818573,0.13353882730007172,0.23558233678340912,0.18775318562984467,0.07641707360744476,0.12336400151252747,0.11981484293937683,0.08830365538597107,0.0826978012919426,0.05999031662940979,0.021218998357653618,0.1805618554353714,0.04512232169508934,0.12711219489574432,0.1891697496175766,0.09531424194574356,0.06676529347896576,0.06390371173620224,0.042888179421424866,0.018356189131736755,0.054456692188978195,0.03897826373577118,0.042686015367507935,0.026075560599565506,0.13156895339488983,0.07915293425321579,0.0840531587600708,0.044749367982149124,0.07947336882352829,0.027930518612265587,0.1075424998998642,0.12853758037090302,0.0978323444724083,0.04275459796190262,0.22083494067192078,0.16647739708423615,0.07040878385305405,0.01663088984787464,0.0299422275274992,0.04010769724845886,0.21465551853179932,0.02435842528939247,0.03669685125350952,0.021895740181207657,0.04092952981591225,0.01898043416440487,0.04447242245078087,0.026050012558698654,0.1641281694173813,0.007080962415784597,0.01913541741669178,0.0028279642574489117,0.009069088846445084,0.012529936619102955,0.07263655215501785,0.14232341945171356,0.025594310835003853,0.006973062641918659,0.006529611069709063,0.0044697728008031845,0.006571099627763033,0.00830103736370802,0.28166094422340393,0.01104199793189764,0.005613736808300018,0.019748302176594734,0.009976621717214584,0.031109927222132683,0.016072435304522514,0.05896900221705437,0.04199948161840439,0.007739969529211521,0.09778353571891785,0.023756282404065132,0.09061717242002487,0.015557806007564068,0.028557132929563522,0.009377796202898026,0.04148358106613159,0.009946146979928017,0.06776294857263565,0.0910666435956955,0.037175312638282776,0.037095144391059875,0.08290814608335495,0.04007432609796524,0.026131857186555862,0.06391827017068863,0.09624189883470535,0.007678912952542305,0.030409475788474083,0.020415734499692917,0.008321153931319714,0.001177881727926433,0.007568852044641972,0.003359030932188034,0.009202590212225914,0.00117579847574234,0.07921706140041351,0.09193038940429688,0.018611138686537743,0.06037925183773041,0.0040227691642940044,0.007812062744051218,0.005405541509389877,0.0038557127118110657,0.016820048913359642,0.003073872299864888,0.020136957988142967
unknown,84.0,85.0,0.05195949599146843,0.025073915719985962,0.028729064390063286,0.11268701404333115,0.09362990409135818,0.09209433943033218,0.07022088021039963,0.11004853248596191,0.1320091187953949,0.12208632379770279,0.09410574287176132,0.1167103573679924,0.10307061672210693,0.17086997628211975,0.06637062877416611,0.05084344372153282,0.07893268018960953,0.14249680936336517,0.06646327674388885,0.15749172866344452,0.18184587359428406,0.0684257224202156,0.06254849582910538,0.050674229860305786,0.04050107300281525,0.03290523216128349,0.05837007611989975,0.0780211016535759,0.02535184472799301,0.05767763778567314,0.1060035303235054,0.0788297951221466,0.029641559347510338,0.030698370188474655,0.08946351706981659,0.044123224914073944,0.1170029416680336,0.09586325287818909,0.04155803844332695,0.0397980734705925,0.1528928279876709,0.07919608056545258,0.03906123340129852,0.03634514659643173,0.05210348591208458,0.032357022166252136,0.14238032698631287,0.04152712598443031,0.024661649018526077,0.006527883931994438,0.07330773025751114,0.03357760235667229,0.0776607021689415,0.028927907347679138,0.07349233329296112,0.03654800355434418,0.15756352245807648,0.015375804156064987,0.032471269369125366,0.006459531839936972,0.046890392899513245,0.07014530152082443,0.02968771755695343,0.008123800158500671,0.0069898441433906555,0.00974831823259592,0.010570759885013103,0.01393488235771656,0.056412748992443085,0.06744479387998581,0.08774611353874207,0.025299454107880592,0.015258489176630974,0.01806570589542389,0.02987704426050186,0.07533848285675049,0.008891363628208637,0.01919647864997387,0.030939143151044846,0.007857211865484715,0.022020861506462097,0.017139367759227753,0.007494424004107714,0.011476491577923298,0.011006858199834824,0.031393881887197495,0.018499525263905525,0.02138136886060238,0.02296687662601471,0.019502773880958557,0.1328890174627304,0.05545919016003609,0.005830642767250538,0.09072723984718323,0.10801462829113007,0.023998504504561424,0.028263431042432785,0.024580655619502068,0.03583257645368576,0.009459931403398514,0.004904871340841055,0.025036567822098732,0.012324577197432518,0.010363076813519001,0.06112699210643768,0.046082690358161926,0.025806210935115814,0.025325870141386986,0.007454931735992432,0.021370235830545425,0.009028186090290546,0.005543522536754608,0.002586759626865387,0.008341819047927856,0.012610822916030884
unknown,97.0,98.0,0.05734329670667648,0.038992781192064285,0.03668821230530739,0.11702340841293335,0.04764427989721298,0.09504520893096924,0.08336588740348816,0.10494638234376907,0.14770516753196716,0.10857176035642624,0.06107212230563164,0.08517654985189438,0.07073205709457397,0.10137567669153214,0.06459745764732361,0.05344824492931366,0.04545394703745842,0.13515059649944305,0.047925956547260284,0.16792050004005432,0.11225177347660065,0.12115991860628128,0.06584758311510086,0.06043114513158798,0.04366659000515938,0.026627173647284508,0.08654242008924484,0.11268260329961777,0.02721581608057022,0.077397920191288,0.10000268369913101,0.0987323522567749,0.05223909020423889,0.028604965656995773,0.0865311399102211,0.03431036323308945,0.11290574818849564,0.10567013174295425,0.06681104749441147,0.05253703519701958,0.18128810822963715,0.12486888468265533,0.048260245472192764,0.04838861525058746,0.06589627265930176,0.03126087784767151,0.16777403652668,0.04448314011096954,0.030772779136896133,0.01304221898317337,0.06604818999767303,0.040727902203798294,0.10149956494569778,0.0398252010345459,0.08191874623298645,0.024998273700475693,0.03850605711340904,0.005663038231432438,0.025663655251264572,0.012564939446747303,0.062385622411966324,0.11657720059156418,0.04008282348513603,0.009212618693709373,0.012756149284541607,0.014928685501217842,0.018493864685297012,0.019738489761948586,0.09714502841234207,0.030732516199350357,0.02010907046496868,0.040591757744550705,0.02684861607849598,0.04109947010874748,0.043824564665555954,0.08054880052804947,0.023785796016454697,0.018600139766931534,0.06691806763410568,0.02651258558034897,0.07585460692644119,0.024508947506546974,0.023994581773877144,0.007455938030034304,0.011467967182397842,0.016269046813249588,0.02649815008044243,0.039749860763549805,0.03821048513054848,0.032213520258665085,0.060911111533641815,0.047976937144994736,0.007221635431051254,0.031905222684144974,0.05611928179860115,0.019901972264051437,0.047750651836395264,0.03915880247950554,0.019758332520723343,0.002230161102488637,0.014772879891097546,0.00985987950116396,0.013958816416561604,0.00596742844209075,0.0470622256398201,0.04495207220315933,0.03456787019968033,0.01642194576561451,0.00920065026730299,0.018662258982658386,0.013302894309163094,0.010991174727678299,0.004729461390525103,0.012307839468121529,0.011300234124064445
unknown,103.0,104.0,0.0192439965903759,0.014548832550644875,0.01245639193803072,0.06815391778945923,0.34668266773223877,0.12782365083694458,0.05088310316205025,0.14156673848628998,0.06124217063188553,0.03060673177242279,0.05343499779701233,0.04855718836188316,0.07583963125944138,0.17377333343029022,0.015030020847916603,0.016785237938165665,0.14335976541042328,0.15522268414497375,0.08424397557973862,0.29170599579811096,0.04532759264111519,0.04649663716554642,0.06474457681179047,0.0334981232881546,0.07797147333621979,0.03505439683794975,0.1759847104549408,0.09015869349241257,0.0346115417778492,0.099510058760643,0.08792530745267868,0.06893778592348099,0.013834621757268906,0.022558454424142838,0.1569417268037796,0.06456703692674637,0.07129313796758652,0.04464136064052582,0.013093714602291584,0.01951543428003788,0.061665263026952744,0.02902224473655224,0.04611794650554657,0.05253979563713074,0.042278364300727844,0.015410983003675938,0.06693411618471146,0.13018424808979034,0.025223229080438614,0.053791970014572144,0.0576133169233799,0.011322064325213432,0.09559954702854156,0.013414600864052773,0.11257841438055038,0.22535432875156403,0.22914215922355652,0.037766385823488235,0.011980850249528885,0.016031326726078987,0.01732824370265007,0.022406842559576035,0.017262184992432594,0.031227756291627884,0.05384047329425812,0.07772552967071533,0.13591359555721283,0.022886034101247787,0.023094644770026207,0.10435047000646591,0.0446615070104599,0.007731436751782894,0.02400297112762928,0.014724104665219784,0.018037255853414536,0.05720570683479309,0.003433012403547764,0.021038725972175598,0.057181209325790405,0.005101585760712624,0.09500390291213989,0.07169165462255478,0.03195919096469879,0.0375046469271183,0.0077672996558249,0.06297700852155685,0.005031119100749493,0.007100317627191544,0.009186496026813984,0.01180719118565321,0.013256204314529896,0.013197341002523899,0.008495722897350788,0.007714058738201857,0.007375541143119335,0.0591738298535347,0.061864204704761505,0.04495052620768547,0.013132307678461075,0.005563916638493538,0.09327176958322525,0.01195209939032793,0.007580549921840429,0.024582484737038612,0.03657844290137291,0.029485994949936867,0.006015606224536896,0.002172897569835186,0.0036592017859220505,0.03589466214179993,0.057420823723077774,0.0038752586115151644,0.002585096750408411,0.07618168741464615,0.024311363697052002
unknown,116.0,117.0,0.07765726745128632,0.04033681005239487,0.0446377657353878,0.057628244161605835,0.0095360167324543,0.07546312361955643,0.06393161416053772,0.15412895381450653,0.3057810068130493,0.27457308769226074,0.06536296755075455,0.10747050493955612,0.13685625791549683,0.08341322839260101,0.08273617923259735,0.06140543892979622,0.02297774888575077,0.20948195457458496,0.05023248866200447,0.09898952394723892,0.1909247189760208,0.0738338753581047,0.06366116553544998,0.038407906889915466,0.031350139528512955,0.01953626424074173,0.060830410569906235,0.027498191222548485,0.10316849499940872,0.01587465964257717,0.17351782321929932,0.07281408458948135,0.08260167390108109,0.050789207220077515,0.043857086449861526,0.03767373040318489,0.11048084497451782,0.15980979800224304,0.08481433987617493,0.02908472716808319,0.198992058634758,0.13302753865718842,0.05499257519841194,0.01430543139576912,0.02098868042230606,0.031760357320308685,0.24987104535102844,0.027772536501288414,0.040122173726558685,0.04139047861099243,0.026712873950600624,0.007126306649297476,0.04812391474843025,0.01419092994183302,0.165180042386055,0.004038361366838217,0.011784505099058151,0.002712605055421591,0.0035797152668237686,0.0094981137663126,0.05125332996249199,0.11067504435777664,0.015369863249361515,0.006092340685427189,0.00671872403472662,0.0019739018753170967,0.008669829927384853,0.006417582742869854,0.579439640045166,0.007242529187351465,0.003237018594518304,0.007302882615476847,0.00853979866951704,0.014090177603065968,0.006056150421500206,0.031171003356575966,0.029202401638031006,0.006824912503361702,0.1388002634048462,0.021126175299286842,0.09234429895877838,0.013283878564834595,0.03247804567217827,0.009436892345547676,0.060767486691474915,0.011132081039249897,0.21392741799354553,0.17986451089382172,0.02494894526898861,0.03629006817936897,0.07619015127420425,0.05094121769070625,0.07458321750164032,0.048258278518915176,0.050477657467126846,0.003364844946190715,0.01170995831489563,0.007029828615486622,0.003264571074396372,0.0008048997260630131,0.003006167244166136,0.002003679983317852,0.012301301583647728,0.0008682151092216372,0.07412050664424896,0.084156833589077,0.013553351163864136,0.056677404791116714,0.002017204649746418,0.00532500771805644,0.002418342512100935,0.0020540214609354734,0.025773536413908005,0.0012739666271954775,0.019060902297496796
unknown,151.0,152.0,0.06160269305109978,0.04756089672446251,0.03932725638151169,0.0798259973526001,0.018165217712521553,0.08586397022008896,0.07719919085502625,0.1015607938170433,0.19713932275772095,0.1436910629272461,0.05485572665929794,0.08907842636108398,0.08617822825908661,0.09987941384315491,0.07149944454431534,0.05311616137623787,0.019464144483208656,0.18158328533172607,0.04896964877843857,0.14180774986743927,0.15091454982757568,0.10197752714157104,0.05881611257791519,0.06627912819385529,0.033145446330308914,0.02345653809607029,0.061741024255752563,0.055521395057439804,0.03779209405183792,0.0348762683570385,0.11680860072374344,0.07784344255924225,0.06583746522665024,0.03361539542675018,0.07259190827608109,0.03314365819096565,0.12937837839126587,0.1313726156949997,0.0757281705737114,0.044581178575754166,0.21202917397022247,0.1384841948747635,0.05851368606090546,0.025685466825962067,0.04193057864904404,0.03919345885515213,0.20237305760383606,0.028990941122174263,0.026261523365974426,0.02152988500893116,0.0493377260863781,0.019687915220856667,0.06353747099637985,0.028974248096346855,0.1309838593006134,0.005881300661712885,0.019775141030550003,0.002375566866248846,0.010578815825283527,0.012818888761103153,0.06925979256629944,0.11718426644802094,0.025544246658682823,0.007575325667858124,0.007831312716007233,0.005983535200357437,0.008474341593682766,0.011960070580244064,0.1957128345966339,0.013651108369231224,0.005578332114964724,0.022763146087527275,0.01297121960669756,0.025804366916418076,0.0191220510751009,0.05453753471374512,0.028538912534713745,0.01136584859341383,0.09130688011646271,0.02309335581958294,0.09089347720146179,0.014895337633788586,0.02876388095319271,0.009943128563463688,0.0242213923484087,0.008574333041906357,0.042493123561143875,0.06018979474902153,0.03499855101108551,0.03407976031303406,0.05684741213917732,0.03447360917925835,0.020164543762803078,0.04131021350622177,0.07002101838588715,0.014153526164591312,0.03682177886366844,0.027988731861114502,0.011909370310604572,0.0015104302437976003,0.0089974794536829,0.0040214392356574535,0.008699060417711735,0.0016337985871359706,0.07168562710285187,0.06536465138196945,0.015428019687533379,0.024545656517148018,0.0041634137742221355,0.010197237133979797,0.0064697908237576485,0.0035246298648416996,0.0101389791816473,0.00462364312261343,0.014704306609928608
unknown,152.0,153.0,0.03046880103647709,0.023422623053193092,0.01232174038887024,0.1299176663160324,0.08899948000907898,0.14752335846424103,0.03479868918657303,0.1461697518825531,0.07491227984428406,0.035377245396375656,0.017700187861919403,0.022630872204899788,0.03676816076040268,0.09170427173376083,0.03357641398906708,0.029804730787873268,0.03375663980841637,0.1134682297706604,0.07510600984096527,0.30140894651412964,0.03732762113213539,0.10829039663076401,0.09438412636518478,0.09145045280456543,0.029961874708533287,0.008138338103890419,0.09560379385948181,0.2034151405096054,0.02333158813416958,0.16903464496135712,0.044559378176927567,0.13404102623462677,0.03450726345181465,0.01796671748161316,0.15746985375881195,0.02171417698264122,0.03402690589427948,0.046654246747493744,0.04537864774465561,0.0794350653886795,0.14519093930721283,0.1215909942984581,0.032659854739904404,0.036032166332006454,0.029888924211263657,0.016260948032140732,0.13196159899234772,0.06895404309034348,0.08081759512424469,0.019625339657068253,0.09153911471366882,0.0744084045290947,0.08616305142641068,0.0697975903749466,0.18393024802207947,0.05228891596198082,0.09901382774114609,0.009318682365119457,0.00526068452745676,0.042564209550619125,0.11137083172798157,0.10593555867671967,0.06296201050281525,0.13122837245464325,0.09506453573703766,0.08864536136388779,0.07741127908229828,0.08301768451929092,0.045781780034303665,0.026264213025569916,0.024891307577490807,0.07899834960699081,0.06451983749866486,0.1814345270395279,0.030147913843393326,0.05206826329231262,0.017342861741781235,0.014949696138501167,0.03419795259833336,0.010016986168920994,0.07808119803667068,0.03513346612453461,0.015247433446347713,0.011586654931306839,0.027144847437739372,0.016509080305695534,0.011979851871728897,0.0230787955224514,0.05920196697115898,0.06172272935509682,0.01089183147996664,0.006961280945688486,0.0015737980138510466,0.005362397059798241,0.012954647652804852,0.026805603876709938,0.06382804363965988,0.05085614323616028,0.013947036117315292,0.012020757421851158,0.023984769359230995,0.002826401963829994,0.00375097687356174,0.0031103219371289015,0.05030505359172821,0.03799944743514061,0.01688164472579956,0.008610226213932037,0.006650080438703299,0.01139325462281704,0.021198812872171402,0.00820245686918497,0.009154380299150944,0.01717001013457775,0.036430101841688156
unknown,159.0,160.0,0.06040345877408981,0.034011367708444595,0.0428614616394043,0.0287844929844141,0.007082358002662659,0.06385667622089386,0.039893265813589096,0.17419642210006714,0.4394233822822571,0.4058094918727875,0.09121126681566238,0.15679267048835754,0.15623487532138824,0.0845286026597023,0.09969201683998108,0.0705513134598732,0.024349352344870567,0.2270502895116806,0.03653798624873161,0.10183318704366684,0.22258171439170837,0.07199901342391968,0.06237006559967995,0.032591793686151505,0.029082920402288437,0.012240266427397728,0.03278953582048416,0.009990531951189041,0.11737003177404404,0.005972992163151503,0.1301155388355255,0.0379217267036438,0.05704318732023239,0.05414789915084839,0.03042888455092907,0.01863880455493927,0.10535644739866257,0.2067934274673462,0.07312408834695816,0.028959767892956734,0.2281644195318222,0.12014429271221161,0.043530236929655075,0.005922003649175167,0.006583737675100565,0.0345500148832798,0.3478732407093048,0.016505887731909752,0.006851326208561659,0.013265838846564293,0.008640062995254993,0.0020351961720734835,0.017291652038693428,0.0035327738150954247,0.245095893740654,0.003812453243881464,0.008749241009354591,0.0014506584266200662,0.001124097965657711,0.005025625694543123,0.015587802045047283,0.1400415301322937,0.00357094407081604,0.00695505365729332,0.0035981994587928057,0.0006901348824612796,0.004537102300673723,0.0018734977347776294,0.6696484088897705,0.0024631042033433914,0.001431320677511394,0.0022033352870494127,0.0028343782760202885,0.006335337180644274,0.0028645037673413754,0.02049812115728855,0.056226637214422226,0.0016112779267132282,0.07509394735097885,0.013501429930329323,0.09494228661060333,0.01121024414896965,0.0279597919434309,0.001977542182430625,0.04483632370829582,0.021822426468133926,0.11792811006307602,0.10893010348081589,0.008892102167010307,0.011345257051289082,0.12457872927188873,0.0436505526304245,0.0652150809764862,0.07102081924676895,0.09685659408569336,0.0022434829734265804,0.012749012559652328,0.005781928543001413,0.002071645110845566,0.00040061198524199426,0.0021303193643689156,0.0012240310898050666,0.012069371528923512,0.000620176550000906,0.06942962855100632,0.09780751168727875,0.02010241523385048,0.1130286231637001,0.0008348836563527584,0.003555989358574152,0.0014935563085600734,0.0009802707936614752,0.008078733459115028,0.0007991014281287789,0.009800903499126434
unknown,170.0,171.0,0.045247334986925125,0.048641085624694824,0.018864503130316734,0.37559792399406433,0.009297364391386509,0.036980148404836655,0.03037678822875023,0.1642320603132248,0.025486428290605545,0.03714541718363762,0.013196015730500221,0.02216651290655136,0.01713729090988636,0.05804822966456413,0.08754750341176987,0.029986925423145294,0.011843683198094368,0.01996060088276863,0.02010979875922203,0.05017181113362312,0.02436009794473648,0.2960185408592224,0.08562413603067398,0.014907853677868843,0.04215753823518753,0.01066731009632349,0.3253391683101654,0.040223654359579086,0.008883909322321415,0.027890468016266823,0.15478843450546265,0.45669588446617126,0.21121811866760254,0.014508839696645737,0.03233685344457626,0.04268569126725197,0.04315338656306267,0.06323970854282379,0.1341760903596878,0.029677564278244972,0.23185572028160095,0.10853887349367142,0.019239000976085663,0.0071887969970703125,0.04019787907600403,0.016452094539999962,0.024332106113433838,0.10825872421264648,0.18976975977420807,0.03973532095551491,0.250838041305542,0.026461763307452202,0.033977020531892776,0.4489133954048157,0.01751594990491867,0.0063432371243834496,0.007332763634622097,0.0032734295818954706,0.01976364105939865,0.06159967929124832,0.5339133143424988,0.049923449754714966,0.017056288197636604,0.00963563472032547,0.07734981179237366,0.03460315614938736,0.03343411162495613,0.07276643067598343,0.024163365364074707,0.05818837881088257,0.010824725031852722,0.024861399084329605,0.18014933168888092,0.03188518434762955,0.007853036746382713,0.022881681099534035,0.004075070843100548,0.010565209202468395,0.017099281772971153,0.029406938701868057,0.0296604186296463,0.007013003341853619,0.005036734044551849,0.01275821216404438,0.016075508669018745,0.006044452078640461,0.08051609247922897,0.05353002995252609,0.17866481840610504,0.12807516753673553,0.038317322731018066,0.008117961697280407,0.046928633004426956,0.043978501111269,0.05077564716339111,0.018958240747451782,0.0307091623544693,0.069220632314682,0.014393817633390427,0.0007836666190996766,0.003385289805009961,0.002713774098083377,0.008862893097102642,0.0012174955336377025,0.009727438911795616,0.0022002707701176405,0.014782303012907505,0.00847677979618311,0.027779974043369293,0.05119473114609718,0.014331381767988205,0.01366130355745554,0.010236600413918495,0.052555203437805176,0.022540485486388206
unknown,182.0,183.0,0.05364029109477997,0.03744134306907654,0.04480183124542236,0.02785731852054596,0.004023559391498566,0.05874568223953247,0.03622077777981758,0.17279796302318573,0.40579304099082947,0.37039613723754883,0.11031414568424225,0.1903313845396042,0.14767998456954956,0.06440447270870209,0.08661292493343353,0.07043775171041489,0.019695060327649117,0.16730822622776031,0.020827937871217728,0.10598822683095932,0.22596359252929688,0.07748039811849594,0.06266342103481293,0.03608720377087593,0.03389627858996391,0.01169721968472004,0.02885298989713192,0.00921525340527296,0.07270351052284241,0.004980896599590778,0.11979411542415619,0.03487944230437279,0.057791952043771744,0.047429416328668594,0.03385133296251297,0.012308679521083832,0.10674203187227249,0.18332190811634064,0.08105707913637161,0.03507207706570625,0.2420748919248581,0.12355687469244003,0.035149797797203064,0.004339678678661585,0.005620115902274847,0.03801000863313675,0.3425530195236206,0.010506399907171726,0.005687742494046688,0.006744519807398319,0.009456470608711243,0.0031749578192830086,0.009745669551193714,0.004326897207647562,0.15226353704929352,0.0017807043623179197,0.005889328196644783,0.0008695604046806693,0.0013572664465755224,0.0035220133140683174,0.015256151556968689,0.16042815148830414,0.004074927885085344,0.0026454071048647165,0.0022092261351644993,0.0006244584219530225,0.002259333385154605,0.0012801473494619131,0.44117727875709534,0.002626920584589243,0.001279753167182207,0.003302469151094556,0.002164664911106229,0.005241674836724997,0.003574937814846635,0.028051216155290604,0.0659683495759964,0.0007471026037819684,0.061716534197330475,0.014466558583080769,0.1002122238278389,0.0060064541175961494,0.02888520620763302,0.0015190958511084318,0.024129724130034447,0.0071636345237493515,0.07839517295360565,0.08536030352115631,0.009368172846734524,0.010227934457361698,0.16715861856937408,0.03433368727564812,0.03397098928689957,0.08815497905015945,0.1469876617193222,0.0038129554595798254,0.02053973078727722,0.010114401578903198,0.002606150694191456,0.0003486527130007744,0.003533736104145646,0.001143638975918293,0.007767218630760908,0.0005225115455687046,0.036809004843235016,0.07548041641712189,0.02016676403582096,0.12153209000825882,0.0007666781893931329,0.0032454647589474916,0.0012541065225377679,0.0013290934730321169,0.005571907386183739,0.0008102909778244793,0.005885883700102568
unknown,183.0,184.0,0.0714394673705101,0.05454537272453308,0.04611416161060333,0.05386335775256157,0.011707307770848274,0.08467326313257217,0.06790242344141006,0.1066722720861435,0.2661093473434448,0.2052295207977295,0.07787194103002548,0.1302061825990677,0.08939089626073837,0.07508528977632523,0.07868505269289017,0.058375850319862366,0.017152465879917145,0.19118764996528625,0.03312007710337639,0.13845007121562958,0.1572444587945938,0.08711852878332138,0.05279156193137169,0.06722713261842728,0.03292987123131752,0.01853153295814991,0.04494617506861687,0.038242753595113754,0.04269646853208542,0.02236654981970787,0.1243547797203064,0.0594865046441555,0.0803607776761055,0.04117131233215332,0.07253093272447586,0.02082997001707554,0.11995867639780045,0.14878928661346436,0.0788121297955513,0.05214962363243103,0.22449712455272675,0.13816429674625397,0.05422545596957207,0.015708541497588158,0.025139112025499344,0.04754899442195892,0.25923141837120056,0.01949440687894821,0.015424903482198715,0.01252730656415224,0.02461239881813526,0.01875615119934082,0.033107880502939224,0.01615927927196026,0.13342437148094177,0.004840497393161058,0.010856904089450836,0.0016514481976628304,0.009311639703810215,0.011262633837759495,0.045763641595840454,0.13417421281337738,0.01621340401470661,0.005084920208901167,0.0063522495329380035,0.004325778689235449,0.006145653314888477,0.006399258505553007,0.2744508981704712,0.006461795885115862,0.0032824522349983454,0.017758889123797417,0.008119349367916584,0.023827513679862022,0.014480112120509148,0.06239341199398041,0.06729692965745926,0.004132713656872511,0.06884369254112244,0.018539879471063614,0.08961073309183121,0.011758660897612572,0.037655431777238846,0.006031272001564503,0.01950407773256302,0.006189017556607723,0.04734869301319122,0.07115577161312103,0.025402642786502838,0.021567922085523605,0.1294134259223938,0.035234175622463226,0.02162613905966282,0.06619300693273544,0.10673898458480835,0.00824886653572321,0.0369013287127018,0.02883906662464142,0.010270954109728336,0.0010701261926442385,0.008912190794944763,0.003056667745113373,0.01009832601994276,0.0011269974056631327,0.047579143196344376,0.05183470621705055,0.016578666865825653,0.0560365691781044,0.0025213679764419794,0.0077847144566476345,0.0035636445973068476,0.002802621340379119,0.006426211912184954,0.003312543034553528,0.009761441498994827
unknown,187.0,188.0,0.05867459997534752,0.04364953562617302,0.034270595759153366,0.11459238082170486,0.044603873044252396,0.07236958295106888,0.08871527761220932,0.08694757521152496,0.14774978160858154,0.10706915706396103,0.060072869062423706,0.0910119116306305,0.07326120138168335,0.10910879820585251,0.06676645576953888,0.04803275316953659,0.04130459949374199,0.13998833298683167,0.0530080571770668,0.14321202039718628,0.12174021452665329,0.10193438827991486,0.05889507755637169,0.06074250489473343,0.04237101599574089,0.031025491654872894,0.08284574002027512,0.08460408449172974,0.02426152676343918,0.05435624346137047,0.11029425263404846,0.09230998158454895,0.053296346217393875,0.027033807709813118,0.07659253478050232,0.04214296117424965,0.14485491812229156,0.11166897416114807,0.06314820796251297,0.047601353377103806,0.17429311573505402,0.0971602275967598,0.03991903364658356,0.045068927109241486,0.07324839383363724,0.036907538771629333,0.15505072474479675,0.05002471059560776,0.023649724200367928,0.017725717276334763,0.060189977288246155,0.03478499501943588,0.0888548418879509,0.03574120253324509,0.06399622559547424,0.019080493599176407,0.02981710620224476,0.0038308354560285807,0.029028862714767456,0.012920394539833069,0.057156361639499664,0.09007736295461655,0.019806206226348877,0.009453975595533848,0.013230961747467518,0.015413766726851463,0.021895237267017365,0.020687926560640335,0.09387902170419693,0.02383631467819214,0.014155327342450619,0.03350312262773514,0.035217225551605225,0.03549144044518471,0.040465593338012695,0.05511888861656189,0.02657281793653965,0.025715136900544167,0.05530180782079697,0.018499057739973068,0.05911599099636078,0.021589571610093117,0.024872872978448868,0.009095964021980762,0.013338564895093441,0.012679621577262878,0.020858939737081528,0.034386344254016876,0.034646689891815186,0.027318919077515602,0.06181343272328377,0.054152507334947586,0.008338471874594688,0.03278304636478424,0.05388650670647621,0.03134152665734291,0.05859500914812088,0.04439958184957504,0.021291367709636688,0.001941367401741445,0.013745085336267948,0.007445361465215683,0.012518665753304958,0.006097135134041309,0.046865254640579224,0.03405272960662842,0.022053448483347893,0.01687631942331791,0.008287825621664524,0.01963956654071808,0.010476697236299515,0.007862488739192486,0.008009098470211029,0.015256879851222038,0.011661022901535034
unknown,236.0,237.0,0.0382939837872982,0.02509710192680359,0.019100798293948174,0.12189532816410065,0.055207569152116776,0.10786343365907669,0.07300051301717758,0.15703199803829193,0.0941205844283104,0.09820029139518738,0.029751654714345932,0.05310935899615288,0.07871416956186295,0.1938406527042389,0.05686042830348015,0.04105446860194206,0.041811976581811905,0.15594589710235596,0.08459404855966568,0.1981685757637024,0.10940597951412201,0.1519881635904312,0.09062204509973526,0.10042904317378998,0.046006519347429276,0.03467804566025734,0.09046963602304459,0.15123631060123444,0.05275331810116768,0.10957314074039459,0.10764998942613602,0.08672577887773514,0.08071517199277878,0.02245384268462658,0.12132339924573898,0.04549365118145943,0.1780417412519455,0.13113756477832794,0.11513730138540268,0.07549227774143219,0.192878857254982,0.2364218831062317,0.05219092592597008,0.06585049629211426,0.10865409672260284,0.053308963775634766,0.11986744403839111,0.045502789318561554,0.04953354597091675,0.00238601746968925,0.0863228365778923,0.04599694162607193,0.1483059972524643,0.030016841366887093,0.06195445358753204,0.017027514055371284,0.11784622818231583,0.012181766331195831,0.019221697002649307,0.005933551117777824,0.06635663658380508,0.10505051910877228,0.11242155730724335,0.005586758255958557,0.013096773065626621,0.01689210906624794,0.01895514875650406,0.014350361190736294,0.08923465758562088,0.05347985401749611,0.12738560140132904,0.056607477366924286,0.079351045191288,0.014268091879785061,0.03714360296726227,0.0926036685705185,0.008714268915355206,0.036658190190792084,0.03390228748321533,0.029384778812527657,0.01463264785706997,0.012853185646235943,0.010041596367955208,0.019542105495929718,0.01985173486173153,0.012646816670894623,0.0904732272028923,0.048100534826517105,0.026049625128507614,0.03335977718234062,0.011531191878020763,0.07238050550222397,0.005734527483582497,0.013334793969988823,0.012884446419775486,0.17408305406570435,0.18007266521453857,0.09531445801258087,0.07713299989700317,0.003948455210775137,0.010217349044978619,0.01998606137931347,0.020772496238350868,0.011923125945031643,0.060203634202480316,0.059849828481674194,0.05034511908888817,0.006863452959805727,0.007777382619678974,0.07117541134357452,0.03239680826663971,0.009822933003306389,0.001966992625966668,0.00843859650194645,0.03612437844276428
unknown,248.0,249.0,0.06855370104312897,0.041499774903059006,0.04298754408955574,0.06281250715255737,0.009612850844860077,0.07479940354824066,0.06363450735807419,0.15449312329292297,0.2977132201194763,0.23899799585342407,0.07251691073179245,0.12159138172864914,0.14163532853126526,0.0934550017118454,0.08827710896730423,0.06437505781650543,0.020432231947779655,0.2146512120962143,0.04894700646400452,0.1046106219291687,0.20512960851192474,0.08634020388126373,0.07458297908306122,0.04855035990476608,0.031639836728572845,0.020456217229366302,0.04864219203591347,0.025741513818502426,0.07740294188261032,0.015887338668107986,0.1523241251707077,0.07189557701349258,0.07670525461435318,0.050105173140764236,0.05194951221346855,0.033528804779052734,0.12234079837799072,0.14990301430225372,0.08437486737966537,0.037851449102163315,0.21376672387123108,0.13136138021945953,0.05568539351224899,0.013297014869749546,0.02023276314139366,0.039534855633974075,0.24274787306785583,0.023665951564908028,0.03425491973757744,0.023865481838583946,0.03130367770791054,0.010148456320166588,0.039023030549287796,0.018221868202090263,0.19349679350852966,0.006037638522684574,0.014131561852991581,0.0028576762415468693,0.0036071748472750187,0.008565610274672508,0.057196713984012604,0.13048911094665527,0.012812036089599133,0.007628218270838261,0.005411198828369379,0.0023610887583345175,0.007442300207912922,0.006314756348729134,0.45573732256889343,0.009254875592887402,0.004139587748795748,0.009873851202428341,0.008002261631190777,0.015743281692266464,0.007415578700602055,0.03639674931764603,0.042813654989004135,0.005931823514401913,0.11855004727840424,0.022032272070646286,0.09924816340208054,0.014718753285706043,0.03269330412149429,0.005680867005139589,0.03843456506729126,0.013178232125937939,0.13954442739486694,0.1310005486011505,0.03214770928025246,0.03140656650066376,0.08641164749860764,0.051327724009752274,0.04301772266626358,0.06234711781144142,0.08033169060945511,0.005291912239044905,0.019354531541466713,0.010122020728886127,0.004177016206085682,0.0011954557849094272,0.005395881831645966,0.0027390485629439354,0.008718321099877357,0.0012498958967626095,0.0788038894534111,0.07953312247991562,0.017413239926099777,0.07785741984844208,0.0021605787333101034,0.004211381543427706,0.0024830540642142296,0.002016036305576563,0.014008632861077785,0.00169564678799361,0.014828193932771683
unknown,278.0,279.0,0.0300334133207798,0.0440896674990654,0.017395630478858948,0.19533106684684753,0.11852572113275528,0.1292305290699005,0.0414368137717247,0.15043607354164124,0.0459931306540966,0.01707840897142887,0.017826542258262634,0.017161648720502853,0.03888170048594475,0.066227488219738,0.03294512256979942,0.018839478492736816,0.04375147819519043,0.05033142864704132,0.054535407572984695,0.21259798109531403,0.026976890861988068,0.10712876915931702,0.06807662546634674,0.054058317095041275,0.0512409433722496,0.008015274070203304,0.21484507620334625,0.22122322022914886,0.01626536436378956,0.17121565341949463,0.06187620013952255,0.24147433042526245,0.06317315995693207,0.012265619821846485,0.12422572076320648,0.016754167154431343,0.02895227260887623,0.024172622710466385,0.03367853909730911,0.05281178280711174,0.0904916524887085,0.04093097895383835,0.02802553027868271,0.05030835419893265,0.05534380301833153,0.017795823514461517,0.03719541057944298,0.0891885980963707,0.08099155873060226,0.05354038253426552,0.08394064009189606,0.08542568236589432,0.06771427392959595,0.17166167497634888,0.05009060725569725,0.03988903388381004,0.04516282677650452,0.011162826791405678,0.026743195950984955,0.06035260856151581,0.10686074942350388,0.04030483588576317,0.025098782032728195,0.04645669832825661,0.2051379531621933,0.2079852968454361,0.13292379677295685,0.13912789523601532,0.012251220643520355,0.03473859280347824,0.0193911362439394,0.0475444421172142,0.16994871199131012,0.19900615513324738,0.030272318050265312,0.051768336445093155,0.003914548084139824,0.019189195707440376,0.029528742656111717,0.01595129631459713,0.08564549684524536,0.0284956656396389,0.017406905069947243,0.0707857608795166,0.019413841888308525,0.019200533628463745,0.010154633782804012,0.020246652886271477,0.05355997383594513,0.09750563651323318,0.006011907942593098,0.008049708791077137,0.004682210274040699,0.003342092502862215,0.0067162541672587395,0.015358318574726582,0.033073317259550095,0.05544182285666466,0.009434827603399754,0.005242518149316311,0.022448698058724403,0.002191718900576234,0.0056404778733849525,0.0026051546446979046,0.009123962372541428,0.007097718305885792,0.003927453886717558,0.001923275995068252,0.037109509110450745,0.02241511084139347,0.03911440074443817,0.013374540954828262,0.013724811375141144,0.15940535068511963,0.0268679428845644
unknown,290.0,291.0,0.0388893261551857,0.027620846405625343,0.03227028623223305,0.025016019120812416,0.011446215212345123,0.062687449157238,0.03317154571413994,0.15444831550121307,0.41302168369293213,0.2993577718734741,0.09344515204429626,0.17053000628948212,0.14005745947360992,0.08434300124645233,0.07750464230775833,0.07084408402442932,0.025585556402802467,0.18542733788490295,0.04452362656593323,0.12580396234989166,0.19238843023777008,0.08980125188827515,0.06072197109460831,0.03812125325202942,0.03418674319982529,0.010525694116950035,0.02990018203854561,0.013912790454924107,0.07429078221321106,0.009441830217838287,0.09616820514202118,0.028461642563343048,0.048487648367881775,0.039900943636894226,0.049131158739328384,0.012373623438179493,0.09491728991270065,0.1894458383321762,0.08521106094121933,0.027933169156312943,0.24251407384872437,0.17091025412082672,0.04729897156357765,0.0064627500250935555,0.0070040905848145485,0.027887528762221336,0.3963225185871124,0.012435317039489746,0.006166382227092981,0.004974966868758202,0.008191385306417942,0.0036535565741360188,0.01724495366215706,0.003835119307041168,0.2650092542171478,0.005092324689030647,0.018683701753616333,0.0015852914657443762,0.0019133107271045446,0.005513982847332954,0.012904063798487186,0.18804413080215454,0.008547330275177956,0.007027110084891319,0.0037713656201958656,0.0013305192114785314,0.0034703081473708153,0.0027488465420901775,0.4199706017971039,0.0023686448112130165,0.0026185032911598682,0.00364705384708941,0.003201964544132352,0.008004234172403812,0.004585180431604385,0.03182142227888107,0.08205319941043854,0.002542234258726239,0.0632728636264801,0.014718974009156227,0.09326663613319397,0.014288688078522682,0.023994412273168564,0.003223293460905552,0.05863945931196213,0.0189885925501585,0.04431138560175896,0.058919940143823624,0.008413136936724186,0.00835558120161295,0.1394079327583313,0.0388130322098732,0.02708437666296959,0.08468306064605713,0.14795953035354614,0.0043187253177165985,0.020278384909033775,0.010149908252060413,0.004933557007461786,0.0006304391426965594,0.00449945917353034,0.002044950844720006,0.012305672280490398,0.0008340838830918074,0.10765805840492249,0.17299966514110565,0.02540048398077488,0.16258211433887482,0.0007784181507304311,0.00520917447283864,0.002036630641669035,0.001307114725932479,0.007492576260119677,0.0009248853893950582,0.018645290285348892
unknown,296.0,297.0,0.04881010577082634,0.03746165707707405,0.03693772107362747,0.06909528374671936,0.01700776256620884,0.09928158670663834,0.05114675685763359,0.16490840911865234,0.21636442840099335,0.15826719999313354,0.0790618285536766,0.1492955982685089,0.1487659215927124,0.08341692388057709,0.05760255083441734,0.052403468638658524,0.021588308736681938,0.13345101475715637,0.04175164923071861,0.15169890224933624,0.18538182973861694,0.09241975843906403,0.09406939148902893,0.06485047936439514,0.03676261380314827,0.011826678179204464,0.06022833287715912,0.050963275134563446,0.04405297338962555,0.034659501165151596,0.11365897953510284,0.06417467445135117,0.052945394068956375,0.03565511852502823,0.09176907688379288,0.021908171474933624,0.11261925846338272,0.10959967970848083,0.06695909053087234,0.03960487246513367,0.21943645179271698,0.15744271874427795,0.06435126811265945,0.01920040138065815,0.0298345647752285,0.029260627925395966,0.20236623287200928,0.022313976660370827,0.024951918050646782,0.011770437471568584,0.042342763394117355,0.018357420340180397,0.033425502479076385,0.024486690759658813,0.17409886419773102,0.005845291074365377,0.022075768560171127,0.0015909649664536119,0.006299720145761967,0.012362438254058361,0.06104584410786629,0.1518375128507614,0.01983598619699478,0.006722159218043089,0.011004871688783169,0.007881891913712025,0.007070043124258518,0.012059438973665237,0.1325927972793579,0.008666926994919777,0.0053865485824644566,0.019924940541386604,0.009961701929569244,0.033730167895555496,0.014718803577125072,0.05121048539876938,0.0357847735285759,0.0064810337498784065,0.07689356803894043,0.046289246529340744,0.1100216805934906,0.015313518233597279,0.022388286888599396,0.006636528763920069,0.02624412626028061,0.006878567393869162,0.034558575600385666,0.05297195166349411,0.03997316583991051,0.028874868527054787,0.08676538616418839,0.04203403368592262,0.009741061367094517,0.052967000752687454,0.1038108766078949,0.013188764452934265,0.04071805253624916,0.02639644779264927,0.009373629465699196,0.0014237496070563793,0.009765015915036201,0.0021235987078398466,0.0054974122904241085,0.0009786008158698678,0.08220525830984116,0.16210408508777618,0.03696555644273758,0.0895712673664093,0.002104956191033125,0.0039585065096616745,0.0032923794351518154,0.002361658029258251,0.006061861291527748,0.00219246675260365,0.01956010051071644
unknown,297.0,298.0,0.12884856760501862,0.16777193546295166,0.06875289231538773,0.08609908074140549,0.011376859620213509,0.07871707528829575,0.12380644679069519,0.12072541564702988,0.22659924626350403,0.16026990115642548,0.07105018198490143,0.12309543043375015,0.10479119420051575,0.04563749581575394,0.08321111649274826,0.10390756279230118,0.020904207602143288,0.193922221660614,0.017738591879606247,0.18018490076065063,0.11247791349887848,0.1250290870666504,0.055340081453323364,0.1097579374909401,0.06622987985610962,0.02571902796626091,0.08569581061601639,0.027946442365646362,0.035119205713272095,0.01861100271344185,0.1264912635087967,0.0923343077301979,0.11776166409254074,0.06561225652694702,0.07092218846082687,0.012834012508392334,0.09705349057912827,0.10501069575548172,0.10132790356874466,0.07698994874954224,0.24477969110012054,0.18820127844810486,0.04798328876495361,0.015543537214398384,0.0459427684545517,0.12135731428861618,0.2670494019985199,0.02061261236667633,0.01121567003428936,0.04115253686904907,0.025694597512483597,0.04483002796769142,0.014989884570240974,0.021952981129288673,0.15413472056388855,0.006659237202256918,0.006014356855303049,0.00157949049025774,0.019614262506365776,0.027704495936632156,0.03292243927717209,0.24260438978672028,0.004583651665598154,0.01428572740405798,0.018636103719472885,0.03671873360872269,0.013339781202375889,0.02433190681040287,0.14373625814914703,0.0063299997709691525,0.0012845546007156372,0.018530234694480896,0.04551547393202782,0.0820450708270073,0.029394658282399178,0.12256615608930588,0.0696268156170845,0.006361675448715687,0.04729698970913887,0.01584460772573948,0.14857207238674164,0.01962560974061489,0.15729525685310364,0.015133384615182877,0.03389076888561249,0.017275111749768257,0.005051629152148962,0.013314170762896538,0.02037922851741314,0.022670816630125046,0.08364362269639969,0.009341749362647533,0.023830141872167587,0.055746160447597504,0.17125031352043152,0.015823476016521454,0.11327576637268066,0.07956907153129578,0.005396672524511814,0.001610351842828095,0.01221530046314001,0.0006946608191356063,0.002480166032910347,0.001487069996073842,0.02266174927353859,0.015443910844624043,0.014831069856882095,0.02961687371134758,0.029109561815857887,0.006775779649615288,0.016489733010530472,0.008550894446671009,0.013237283565104008,0.018945850431919098,0.009167891927063465
unknown,302.0,303.0,0.054012589156627655,0.030762270092964172,0.04282780736684799,0.03644593060016632,0.0059765400364995,0.05553248152136803,0.025543540716171265,0.27295568585395813,0.5074784755706787,0.32837405800819397,0.12947553396224976,0.25112441182136536,0.24674899876117706,0.08564802259206772,0.08655700832605362,0.06267865747213364,0.024471726268529892,0.20824041962623596,0.03748169541358948,0.09675420820713043,0.3247447907924652,0.05782531201839447,0.0932777151465416,0.02887379564344883,0.03897044435143471,0.011218106374144554,0.03294956684112549,0.004919268190860748,0.08426395058631897,0.002961891470476985,0.13059212267398834,0.03688758239150047,0.05874290317296982,0.05678825080394745,0.03182210773229599,0.018217656761407852,0.09159264713525772,0.12469249218702316,0.082353375852108,0.023788252845406532,0.21939221024513245,0.12832215428352356,0.0491720549762249,0.002848754869773984,0.004676290322095156,0.034422218799591064,0.29140615463256836,0.011971172876656055,0.010207164101302624,0.012524459511041641,0.012063548900187016,0.001624463708139956,0.004912742413580418,0.004272351041436195,0.3401055634021759,0.0032575123477727175,0.016071444377303123,0.001137997955083847,0.0008750023553147912,0.0025571747682988644,0.015080468729138374,0.1433814913034439,0.0034249320160597563,0.00364553346298635,0.0015203749062493443,0.0004772545653395355,0.0021548965014517307,0.0011056758230552077,0.48505398631095886,0.004283992573618889,0.002175171859562397,0.0016506144311279058,0.0018765080021694303,0.005498933140188456,0.0018944167532026768,0.014969820156693459,0.052392855286598206,0.001826008316129446,0.09621002525091171,0.02491198293864727,0.13070371747016907,0.015155542641878128,0.018997030332684517,0.002093053422868252,0.06358727067708969,0.012627181597054005,0.07754654437303543,0.08556267619132996,0.011826973408460617,0.015267707407474518,0.16241730749607086,0.056954823434352875,0.01953737623989582,0.12157193571329117,0.15496157109737396,0.0025316986721009016,0.010623754933476448,0.003899316769093275,0.0026581159327179193,0.00026455032639205456,0.0037481519393622875,0.0013234001817181706,0.004277617670595646,0.0005625809426419437,0.09456861764192581,0.30580130219459534,0.05212869122624397,0.2040938138961792,0.0010456233285367489,0.001263419515453279,0.0007889430271461606,0.0012346671428531408,0.026711078360676765,0.0005189254879951477,0.016715973615646362
unknown,314.0,315.0,0.05092189460992813,0.04422483965754509,0.032480210065841675,0.0856482982635498,0.01497051864862442,0.10836273431777954,0.057700712233781815,0.1368766874074936,0.1680488884449005,0.13462840020656586,0.056107889860868454,0.08971412479877472,0.1050676479935646,0.06232600286602974,0.06312345713376999,0.05411176756024361,0.02080114744603634,0.12338361889123917,0.03715761750936508,0.18805372714996338,0.12759579718112946,0.10693713277578354,0.08187972754240036,0.06926626712083817,0.03272685036063194,0.010023735463619232,0.07869629561901093,0.0810919776558876,0.041295573115348816,0.05020119622349739,0.10725688189268112,0.08876578509807587,0.07601939141750336,0.03396090865135193,0.11739129573106766,0.023325053974986076,0.09852589666843414,0.11135880649089813,0.0852990448474884,0.05187947303056717,0.2223820686340332,0.18506856262683868,0.06130769103765488,0.029114026576280594,0.0396086722612381,0.030260654166340828,0.19453930854797363,0.028705883771181107,0.03551901504397392,0.019963229075074196,0.044798143208026886,0.044544387608766556,0.06560376286506653,0.04753250628709793,0.12806114554405212,0.004693063907325268,0.018996747210621834,0.0020642580930143595,0.010180776007473469,0.021960601210594177,0.08838672190904617,0.16706892848014832,0.03252103924751282,0.006970402784645557,0.0237741656601429,0.016241010278463364,0.015002765692770481,0.025202086195349693,0.1443607062101364,0.01156696118414402,0.005039670970290899,0.039325084537267685,0.03173397481441498,0.057643719017505646,0.02697625569999218,0.08232302963733673,0.029736997559666634,0.01428031176328659,0.09089578688144684,0.04115940257906914,0.09462587535381317,0.014998598024249077,0.026543397456407547,0.012310618534684181,0.026316305622458458,0.00711712846532464,0.03713955357670784,0.04782041534781456,0.04802625998854637,0.033287350088357925,0.07594061642885208,0.02994791604578495,0.016947994008660316,0.04917285963892937,0.08599679917097092,0.017281752079725266,0.03864313289523125,0.03743897005915642,0.011163421906530857,0.0023286009673029184,0.012258726172149181,0.0018614616710692644,0.006766488775610924,0.0011086417362093925,0.05581718683242798,0.07469658553600311,0.022268498316407204,0.05257997661828995,0.004532304126769304,0.00834739487618208,0.004081626422703266,0.003014487214386463,0.00776181323453784,0.005187001079320908,0.020691031590104103
unknown,315.0,316.0,0.07112208753824234,0.07079094648361206,0.04097874090075493,0.11693347990512848,0.021186532452702522,0.12538476288318634,0.07607531547546387,0.1326414793729782,0.1570592075586319,0.09562797844409943,0.03612176701426506,0.0453953742980957,0.07611006498336792,0.029211150482296944,0.07175642251968384,0.05427736043930054,0.01943523809313774,0.09494522213935852,0.018076801672577858,0.20540232956409454,0.06703992187976837,0.14749401807785034,0.05394337326288223,0.07270629703998566,0.04299113526940346,0.010714842937886715,0.14313286542892456,0.10489320009946823,0.032556403428316116,0.07405807077884674,0.1015109047293663,0.1395360380411148,0.07636088132858276,0.041140444576740265,0.09924303740262985,0.01983940415084362,0.054547034204006195,0.090624138712883,0.06277746707201004,0.07079854607582092,0.17869774997234344,0.13489289581775665,0.048488691449165344,0.03232850879430771,0.04562356323003769,0.03815535083413124,0.19085508584976196,0.0548941045999527,0.03298380225896835,0.04230286926031113,0.03298488259315491,0.048616062849760056,0.0406215637922287,0.0442393459379673,0.07168596982955933,0.005386368837207556,0.0071360329166054726,0.002676295582205057,0.02840239554643631,0.08034616708755493,0.07335981726646423,0.13345392048358917,0.013953576795756817,0.03461454063653946,0.12281374633312225,0.09660578519105911,0.06631585210561752,0.069327712059021,0.12166102975606918,0.009293178096413612,0.00223675649613142,0.03086102195084095,0.09045469760894775,0.11776179820299149,0.06014754995703697,0.08500602096319199,0.05407807230949402,0.018206603825092316,0.06159627065062523,0.033303119242191315,0.1347769796848297,0.01751476712524891,0.054370421916246414,0.022978823632001877,0.01633288525044918,0.012104843743145466,0.026458952575922012,0.03518747538328171,0.03918734937906265,0.037727490067481995,0.043394774198532104,0.015969213098287582,0.053293727338314056,0.019562657922506332,0.04579552263021469,0.005543822888284922,0.033825088292360306,0.03314439207315445,0.0032328327652066946,0.00221570604480803,0.006878567859530449,0.0007585175917483866,0.004480220843106508,0.0010529063874855638,0.012062540277838707,0.013872054405510426,0.01355029083788395,0.010322993621230125,0.03712595999240875,0.018938299268484116,0.020420214161276817,0.010459385812282562,0.01600136235356331,0.029078911989927292,0.006646514404565096
unknown,320.0,321.0,0.07517457753419876,0.046704091131687164,0.04607199504971504,0.086001455783844,0.008052106015384197,0.09503614157438278,0.06801095604896545,0.20534589886665344,0.27914881706237793,0.25496041774749756,0.08194459229707718,0.11125786602497101,0.141137033700943,0.08980460464954376,0.08807047456502914,0.0598985031247139,0.0178349819034338,0.15746651589870453,0.03714156895875931,0.11637753248214722,0.19492758810520172,0.0825284793972969,0.10359292477369308,0.054151181131601334,0.02993776649236679,0.015380648896098137,0.07370913773775101,0.03886003792285919,0.0642499327659607,0.022916490212082863,0.16416297852993011,0.0950033962726593,0.0920988917350769,0.043686363846063614,0.05830249562859535,0.026628348976373672,0.10977664589881897,0.14126676321029663,0.09675838053226471,0.03521571308374405,0.18391671776771545,0.12945935130119324,0.05491168797016144,0.020536785945296288,0.026108520105481148,0.040927596390247345,0.24840612709522247,0.024258572608232498,0.04326096922159195,0.027115406468510628,0.03996279463171959,0.014291610568761826,0.04495683312416077,0.026085523888468742,0.17332404851913452,0.0036978586576879025,0.012390520423650742,0.0021464943420141935,0.0060721817426383495,0.01184043101966381,0.07666894048452377,0.14881479740142822,0.01413551066070795,0.006020236294716597,0.0112606231123209,0.00467273872345686,0.01078219898045063,0.011434502899646759,0.35813382267951965,0.01099571492522955,0.0036768943537026644,0.013341418467462063,0.014179779216647148,0.026913587003946304,0.010200903750956059,0.03916053846478462,0.05114784091711044,0.007829414680600166,0.0843309834599495,0.025570539757609367,0.09169180691242218,0.011493922211229801,0.02960478886961937,0.008793557062745094,0.05583321675658226,0.0062554990872740746,0.10873373597860336,0.10368339717388153,0.04421963170170784,0.06862279027700424,0.0785248726606369,0.04209340363740921,0.06446433067321777,0.056480709463357925,0.08308536559343338,0.005863663740456104,0.023798702284693718,0.016477301716804504,0.005068508442491293,0.0015285116387531161,0.005664505530148745,0.001686086761765182,0.0072373291477561,0.0008176630362868309,0.07850386947393417,0.08003536611795425,0.01975296437740326,0.08942023664712906,0.0022381083108484745,0.005222918000072241,0.0034377810079604387,0.003432753263041377,0.01579398103058338,0.0019860744941979647,0.022997798398137093
unknown,321.0,322.0,0.06347627937793732,0.044974423944950104,0.032513100653886795,0.09210577607154846,0.010460714809596539,0.09174121916294098,0.05614643916487694,0.17211276292800903,0.2325207144021988,0.18980009853839874,0.06234646961092949,0.10017893463373184,0.14758190512657166,0.08420451730489731,0.07388468831777573,0.05113118886947632,0.01770622283220291,0.170584574341774,0.044229455292224884,0.11738486588001251,0.2024397999048233,0.08312169462442398,0.07898920774459839,0.05124983936548233,0.0309269018471241,0.015360972844064236,0.06742112338542938,0.04630817845463753,0.0600055567920208,0.026698492467403412,0.1487518846988678,0.10068991035223007,0.10755293071269989,0.045637477189302444,0.06914488971233368,0.03181590884923935,0.09509413689374924,0.11108990758657455,0.09314068406820297,0.042175475507974625,0.1785019189119339,0.14122426509857178,0.06142092123627663,0.01909714564681053,0.027166172862052917,0.03688463941216469,0.19405128061771393,0.02339203655719757,0.06537613272666931,0.03393465653061867,0.054267093539237976,0.02115250937640667,0.05487086996436119,0.03686324879527092,0.15054388344287872,0.004820732865482569,0.014410128816962242,0.00302663235925138,0.0059064095839858055,0.014669699594378471,0.10451845079660416,0.12860696017742157,0.021644631400704384,0.006660000421106815,0.009413495659828186,0.004755128640681505,0.009907239116728306,0.013165847398340702,0.3317090570926666,0.01492138858884573,0.005994138773530722,0.019172562286257744,0.014938286505639553,0.03296069800853729,0.014110373333096504,0.05808991193771362,0.039266929030418396,0.012357519939541817,0.09315360337495804,0.020139046013355255,0.08224069327116013,0.01372083555907011,0.026244694367051125,0.013319584541022778,0.05182541534304619,0.008146749809384346,0.11745224893093109,0.11090655624866486,0.05454988032579422,0.062253084033727646,0.06966549903154373,0.043751105666160583,0.03746401518583298,0.05911131203174591,0.06458587944507599,0.004751760046929121,0.015489640645682812,0.012009778991341591,0.005988925229758024,0.0013165462296456099,0.00464943191036582,0.002292077988386154,0.007950101979076862,0.0011472476180642843,0.07643094658851624,0.07944989949464798,0.0193951278924942,0.05829751491546631,0.0033400915563106537,0.005253951530903578,0.0027904261369258165,0.002875150879845023,0.023588990792632103,0.001869959058240056,0.02465774491429329
unknown,339.0,340.0,0.06698337197303772,0.052714262157678604,0.039068225771188736,0.0822179764509201,0.02767605520784855,0.09167762100696564,0.08446444571018219,0.08567142486572266,0.1797855943441391,0.12076228111982346,0.06720166653394699,0.11141906678676605,0.07191035151481628,0.08734247833490372,0.07011810690164566,0.05922798812389374,0.02606164664030075,0.1735110878944397,0.04854731634259224,0.1754126101732254,0.12471630424261093,0.10648985207080841,0.05027065426111221,0.0672421008348465,0.0444989837706089,0.02256547287106514,0.07300890982151031,0.06835485994815826,0.02551979199051857,0.04650739207863808,0.09902146458625793,0.08267655223608017,0.05955158546566963,0.030198851600289345,0.09845918416976929,0.023785067722201347,0.12447348237037659,0.109561026096344,0.0778602734208107,0.05075346305966377,0.19789937138557434,0.1311822235584259,0.0632571205496788,0.028972087427973747,0.05050714313983917,0.04033948853611946,0.18633903563022614,0.03100656345486641,0.019875435158610344,0.016102485358715057,0.04295804351568222,0.040419504046440125,0.06402646005153656,0.028715232387185097,0.12074384093284607,0.008148446679115295,0.022919483482837677,0.002662305487319827,0.015177048742771149,0.019131015986204147,0.05850750207901001,0.12035870552062988,0.024294421076774597,0.008897403255105019,0.015514668077230453,0.014414206147193909,0.01254141703248024,0.016912581399083138,0.1050790548324585,0.015986764803528786,0.005878220312297344,0.036966387182474136,0.021790122613310814,0.058708369731903076,0.03981544449925423,0.07412087917327881,0.026158615946769714,0.01113993301987648,0.06056153401732445,0.015354585833847523,0.09287886321544647,0.020517297089099884,0.03240702673792839,0.0112672820687294,0.018302006646990776,0.009611423127353191,0.01679133251309395,0.02914959192276001,0.03304266929626465,0.023900136351585388,0.0782877653837204,0.0284336619079113,0.006548918783664703,0.06641747802495956,0.13365325331687927,0.017860447987914085,0.055602844804525375,0.044387269765138626,0.014187471941113472,0.0020286962389945984,0.011982048861682415,0.004817600827664137,0.010929054580628872,0.003413757309317589,0.059543631970882416,0.045089539140462875,0.01464335061609745,0.024125251919031143,0.008114522323012352,0.014761936850845814,0.011664940044283867,0.007783092092722654,0.0068629044108092785,0.010768946260213852,0.013785484246909618
unknown,344.0,345.0,0.039554495364427567,0.028509924188256264,0.028979675844311714,0.07737254351377487,0.017510319128632545,0.11098705977201462,0.03833295777440071,0.17928281426429749,0.21082445979118347,0.1636982411146164,0.08266790211200714,0.1312684863805771,0.1434587985277176,0.0730891302227974,0.06689605116844177,0.0549229271709919,0.022421415895223618,0.12307179719209671,0.03775105997920036,0.17155329883098602,0.18289117515087128,0.11891680210828781,0.09868746250867844,0.06070340797305107,0.039684101939201355,0.009588510729372501,0.06669995188713074,0.0635005310177803,0.04051007702946663,0.032796699553728104,0.10482046753168106,0.07535192370414734,0.07834409177303314,0.043819721788167953,0.11505581438541412,0.015780307352542877,0.07656148821115494,0.08939404040575027,0.10685867816209793,0.04624731093645096,0.2237374186515808,0.2195005863904953,0.07547008246183395,0.015429206192493439,0.024037808179855347,0.02956514246761799,0.20091654360294342,0.019226742908358574,0.032265618443489075,0.0165962353348732,0.04748962074518204,0.038690757006406784,0.04150218889117241,0.03185725957155228,0.19956357777118683,0.00781280267983675,0.03370598703622818,0.0025443416088819504,0.007562153972685337,0.011725782416760921,0.0668562576174736,0.22180497646331787,0.05017702654004097,0.006659293547272682,0.013966999016702175,0.011947938241064548,0.008981780149042606,0.015551463700830936,0.14025703072547913,0.01230526901781559,0.010406597517430782,0.029773561283946037,0.017747435718774796,0.05707576498389244,0.027133822441101074,0.0995684489607811,0.044373538345098495,0.01696152426302433,0.07580474019050598,0.02058684453368187,0.09914829581975937,0.013559465296566486,0.017607463523745537,0.01658632792532444,0.041224896907806396,0.008693935349583626,0.037149086594581604,0.047608643770217896,0.03177420422434807,0.03460368514060974,0.10233423858880997,0.02932308241724968,0.015616018325090408,0.08492007106542587,0.15719467401504517,0.010559570044279099,0.0276218019425869,0.025221411138772964,0.010819007642567158,0.0027975980192422867,0.0063565573655068874,0.0018084360053762794,0.003962299786508083,0.0007615785580128431,0.06130136549472809,0.08680050075054169,0.030316097661852837,0.0819205641746521,0.008853429928421974,0.004216199740767479,0.0033499314449727535,0.002417013980448246,0.017404381185770035,0.0034766392782330513,0.025616304948925972
unknown,356.0,357.0,0.04544972628355026,0.042752090841531754,0.047954920679330826,0.012185364961624146,0.0032205437310039997,0.026647323742508888,0.027959825471043587,0.047586485743522644,0.35495367646217346,0.34565192461013794,0.16170471906661987,0.32221412658691406,0.09242549538612366,0.033832062035799026,0.16557206213474274,0.13638049364089966,0.03062702901661396,0.10840727388858795,0.006768418475985527,0.08830801397562027,0.20680497586727142,0.16134390234947205,0.011981301940977573,0.03345876932144165,0.0715835765004158,0.015320717357099056,0.014173843897879124,0.0029650372453033924,0.009855360724031925,0.0015947314677760005,0.10206577926874161,0.016266394406557083,0.060395993292331696,0.03419316187500954,0.015608493238687515,0.004541538190096617,0.12533989548683167,0.17844155430793762,0.13157841563224792,0.034088123589754105,0.3915444016456604,0.24968789517879486,0.014954241923987865,0.0010689045302569866,0.0032154887448996305,0.053410183638334274,0.3534197509288788,0.003823534119874239,0.0005027934676036239,0.0006534647545777261,0.002570720389485359,0.0018827524036169052,0.0035471736919134855,0.0014144396409392357,0.07205384224653244,0.0012585421791300178,0.004427292384207249,0.0012282133102416992,0.0017716188449412584,0.0007075616740621626,0.001952251186594367,0.37526270747184753,0.005149916745722294,0.0010457015596330166,0.00031543447403237224,0.000606501242145896,0.0004292912199161947,0.0002969299675896764,0.1478550136089325,0.0007263411534950137,0.0008916414226405323,0.0014110382180660963,0.0005403743125498295,0.002659180900081992,0.002767503960058093,0.04106391593813896,0.08942140638828278,0.0002407892607152462,0.008233167231082916,0.000787911529187113,0.03224331885576248,0.0015104981139302254,0.01683455891907215,0.0004343524924479425,0.004465182777494192,0.004537810571491718,0.0013601521495729685,0.004571961704641581,0.001106439740397036,0.001596728921867907,0.2813352942466736,0.007915157824754715,0.0015430360799655318,0.15718913078308105,0.5888031721115112,0.002842388115823269,0.01893366500735283,0.010314302518963814,0.0014154862146824598,0.0002713425492402166,0.0012413986260071397,0.0008623484754934907,0.002311214804649353,0.0008738980977796018,0.006326670292764902,0.008184654638171196,0.006614647805690765,0.12238528579473495,0.0015135775320231915,0.002241423586383462,0.0013704353477805853,0.0014555961824953556,0.0016277296235784888,0.0009997952729463577,0.0010006669908761978
unknown,357.0,358.0,0.04733375087380409,0.04696168377995491,0.03397952392697334,0.03716770187020302,0.009818898513913155,0.07696273177862167,0.041766971349716187,0.07116752862930298,0.2348603457212448,0.1960204541683197,0.09381061047315598,0.1942022740840912,0.08864541351795197,0.047149524092674255,0.09803187847137451,0.07231742143630981,0.023559147492051125,0.15780854225158691,0.01767498068511486,0.163837268948555,0.1760365217924118,0.125100776553154,0.03448619320988655,0.06008356809616089,0.04077674821019173,0.011720165610313416,0.03625360131263733,0.028699131682515144,0.024693679064512253,0.013969882391393185,0.09242762625217438,0.03951024264097214,0.07273639738559723,0.0376594103872776,0.07120244950056076,0.01100793108344078,0.10260692983865738,0.13309888541698456,0.10171771794557571,0.07033407688140869,0.25638076663017273,0.22250427305698395,0.054950516670942307,0.0072588189505040646,0.012999006547033787,0.042101360857486725,0.25148719549179077,0.011693982407450676,0.008734366856515408,0.0046010203659534454,0.022367417812347412,0.026836100965738297,0.023920122534036636,0.013881605118513107,0.12628412246704102,0.0031733240466564894,0.013324009254574776,0.002312874887138605,0.008326660841703415,0.005888537038117647,0.02593911811709404,0.24916966259479523,0.03180195391178131,0.0027150094974786043,0.0032238715793937445,0.005286595318466425,0.003074761014431715,0.0038034161552786827,0.16674818098545074,0.007532860152423382,0.004900926724076271,0.019071044400334358,0.006162464618682861,0.02995864674448967,0.014960155822336674,0.10047522187232971,0.06899411976337433,0.0035191175993531942,0.026376526802778244,0.004429669585078955,0.05430976301431656,0.005382883828133345,0.025884803384542465,0.004618865437805653,0.011477692984044552,0.00487603060901165,0.009560500271618366,0.017764320597052574,0.014187254942953587,0.01377744972705841,0.2043304592370987,0.023817019537091255,0.003694300539791584,0.14245189726352692,0.2705857455730438,0.011598641984164715,0.0419742725789547,0.03886326402425766,0.010264425538480282,0.0021922176238149405,0.004994323942810297,0.002749289385974407,0.005280293058604002,0.001152980956248939,0.02223409339785576,0.023550784215331078,0.014549104496836662,0.06093331053853035,0.0057961540296673775,0.007320618722587824,0.0026617441326379776,0.0022844302002340555,0.005467797629535198,0.003718022257089615,0.005255046300590038
unknown,367.0,368.0,0.04302828386425972,0.04661937803030014,0.023800857365131378,0.3486563265323639,0.029658664017915726,0.09235323220491409,0.04216703772544861,0.2316347062587738,0.056864578276872635,0.06443624943494797,0.025033267214894295,0.049256447702646255,0.07602296769618988,0.10998610407114029,0.10320524126291275,0.0265421774238348,0.026481498032808304,0.05453489348292351,0.031974371522665024,0.11716850101947784,0.1063987985253334,0.11928009986877441,0.1552390456199646,0.033010371029376984,0.03595953434705734,0.01861417479813099,0.16067208349704742,0.0716203823685646,0.01706487312912941,0.03884492069482803,0.1667213886976242,0.36092254519462585,0.1207469031214714,0.01783803664147854,0.0531630739569664,0.036778878420591354,0.07656430453062057,0.050195205956697464,0.05429242551326752,0.032474953681230545,0.1361929029226303,0.03969086706638336,0.029169367626309395,0.01755131222307682,0.04954260587692261,0.03385164216160774,0.041550412774086,0.03827367722988129,0.07719343900680542,0.022064529359340668,0.33731773495674133,0.05672011524438858,0.03230498358607292,0.30527088046073914,0.0279890988022089,0.008472234942018986,0.021554160863161087,0.011991196312010288,0.008159078657627106,0.006377705372869968,0.2851850986480713,0.03242874518036842,0.012696446850895882,0.01065116934478283,0.022417927160859108,0.04418221488595009,0.021680645644664764,0.056643836200237274,0.02561398595571518,0.17847199738025665,0.042266763746738434,0.03703891485929489,0.06753413379192352,0.04311874136328697,0.01343054510653019,0.029869552701711655,0.0021686109248548746,0.010607517324388027,0.027715088799595833,0.06390577554702759,0.03799622133374214,0.011169204488396645,0.007624564226716757,0.027134627103805542,0.00740656116977334,0.009011387825012207,0.0694652646780014,0.04751553013920784,0.18079063296318054,0.2705449163913727,0.030562039464712143,0.022787395864725113,0.0036214138381183147,0.032749198377132416,0.04694068431854248,0.006568861659616232,0.010178245604038239,0.011277955025434494,0.005964622832834721,0.008809484541416168,0.0031240324024111032,0.009386472404003143,0.005945886950939894,0.005663990043103695,0.017697885632514954,0.014932802878320217,0.014676439575850964,0.007374452892690897,0.013179142959415913,0.00905598420649767,0.003169106086716056,0.0017822125228121877,0.010017650201916695,0.02428337372839451,0.008533709682524204
unknown,375.0,376.0,0.041905421763658524,0.040812015533447266,0.034191835671663284,0.04307134076952934,0.01185697503387928,0.08049161732196808,0.04496371001005173,0.12105154991149902,0.23784299194812775,0.19641223549842834,0.10352032631635666,0.19340728223323822,0.1178666278719902,0.06487911194562912,0.08533844351768494,0.06380914151668549,0.022627465426921844,0.13906730711460114,0.026754582300782204,0.1522061675786972,0.1962459534406662,0.1270376294851303,0.056726306676864624,0.062366317957639694,0.05207249894738197,0.012085314840078354,0.036093663424253464,0.03476521000266075,0.03291179612278938,0.02003021165728569,0.09704404324293137,0.04670162498950958,0.06516337394714355,0.03857482969760895,0.08942399173974991,0.012134196236729622,0.10857073217630386,0.12754429876804352,0.1081257089972496,0.04653647541999817,0.2751413881778717,0.20700260996818542,0.06123579293489456,0.009147530421614647,0.01607717201113701,0.034325093030929565,0.23061884939670563,0.013204303570091724,0.009265463799238205,0.006387683097273111,0.025562282651662827,0.02879774570465088,0.023493297398090363,0.01796860247850418,0.15065088868141174,0.003680506255477667,0.01369832456111908,0.0015350311296060681,0.004710786510258913,0.007493489887565374,0.032980579882860184,0.21777284145355225,0.02457304857671261,0.0034706059377640486,0.005849432200193405,0.0050673517398536205,0.004066841211169958,0.0065354956313967705,0.15146470069885254,0.00744969118386507,0.003766450798138976,0.02129914052784443,0.00839037261903286,0.030853737145662308,0.020030055195093155,0.09585179388523102,0.058163613080978394,0.004818987101316452,0.0633259266614914,0.01815059967339039,0.1128183901309967,0.011217224411666393,0.024688519537448883,0.006321476306766272,0.01682099513709545,0.00563487783074379,0.013365720398724079,0.028362639248371124,0.019018985331058502,0.014298281632363796,0.14426133036613464,0.029111521318554878,0.005375401116907597,0.10636506974697113,0.1909261792898178,0.007526681758463383,0.029857385903596878,0.019721807911992073,0.0065266769379377365,0.0014635984553024173,0.006173519417643547,0.0016359190922230482,0.004831910133361816,0.001012820634059608,0.05099617317318916,0.09042607992887497,0.0309143103659153,0.0906120091676712,0.004038358107209206,0.004115362651646137,0.0025293922517448664,0.0022554455790668726,0.005850230343639851,0.0030335113406181335,0.008736233226954937
unknown,385.0,386.0,0.022071387618780136,0.017664974555373192,0.027231594547629356,0.013729401864111423,0.005817661993205547,0.06325414776802063,0.014776905998587608,0.2800114154815674,0.4971504807472229,0.3051345646381378,0.15949071943759918,0.2837148606777191,0.2872275114059448,0.05587582662701607,0.07665957510471344,0.07354331016540527,0.027234947308897972,0.13545630872249603,0.02196221798658371,0.09113389998674393,0.3560415804386139,0.07053838670253754,0.09634967893362045,0.02942792698740959,0.045481275767087936,0.00428978493437171,0.013875963166356087,0.004837892949581146,0.048542723059654236,0.002999125514179468,0.0706903412938118,0.013255815021693707,0.04095461219549179,0.042221393436193466,0.03242851048707962,0.004159990232437849,0.07519316673278809,0.11795508861541748,0.09306561201810837,0.024962332099676132,0.22320932149887085,0.17015701532363892,0.03553375229239464,0.002314005047082901,0.002722327597439289,0.025097109377384186,0.3046298921108246,0.0034564861562103033,0.0020555537194013596,0.0010137635981664062,0.0037020009476691484,0.0010023923823609948,0.004514539148658514,0.0012683039531111717,0.24017228186130524,0.003558727912604809,0.018661387264728546,0.0007310623768717051,0.000605741748586297,0.0014270812971517444,0.0035884215030819178,0.19671787321567535,0.003386859782040119,0.003426083829253912,0.0008411340531893075,0.0004045050300192088,0.0010759388096630573,0.0005230469978414476,0.24638772010803223,0.001189076341688633,0.002057530451565981,0.001268375082872808,0.0006075602723285556,0.0026442555245012045,0.0019537752959877253,0.016943316906690598,0.09671919792890549,0.0007815095596015453,0.041991688311100006,0.007641616277396679,0.09344890713691711,0.00841093435883522,0.009538795799016953,0.0009414188098162413,0.024166064336895943,0.006672860123217106,0.010895979590713978,0.019296471029520035,0.002581876702606678,0.0038270410150289536,0.11970372498035431,0.02810751087963581,0.004514050669968128,0.10228326171636581,0.1923358142375946,0.0033115530386567116,0.014193124137818813,0.0055408598855137825,0.0031267618760466576,0.0005141287692822516,0.003457726677879691,0.0008524775039404631,0.0022145581897348166,0.0003426860785111785,0.06832385063171387,0.2920503616333008,0.03697303310036659,0.27680933475494385,0.0003507754299789667,0.0007209337782114744,0.0007312053348869085,0.001482283929362893,0.0080662090331316,0.0002534806844778359,0.009632921777665615
unknown,391.0,392.0,0.03503354266285896,0.0330829992890358,0.019130324944853783,0.14907962083816528,0.097978875041008,0.11160589754581451,0.05846714600920677,0.10331093519926071,0.06369592994451523,0.057549573481082916,0.04538624361157417,0.05932968482375145,0.091910719871521,0.0857071727514267,0.0616050586104393,0.03973408043384552,0.038648493587970734,0.0825747475028038,0.04938724264502525,0.196388840675354,0.10250259935855865,0.11795786023139954,0.06933245062828064,0.0486300103366375,0.03954800218343735,0.011939219199120998,0.10709857940673828,0.1752060502767563,0.02218514494597912,0.12164245545864105,0.10103903710842133,0.16035203635692596,0.0601239912211895,0.019867872819304466,0.09894116967916489,0.021281883120536804,0.09502078592777252,0.07491777092218399,0.04856698587536812,0.040492817759513855,0.1397520899772644,0.10098275542259216,0.03828342258930206,0.054738909006118774,0.061673540621995926,0.028079111129045486,0.08916379511356354,0.034854087978601456,0.054674625396728516,0.017079774290323257,0.0914592295885086,0.060121409595012665,0.11470997333526611,0.08505898714065552,0.07250825315713882,0.037608034908771515,0.08645860850811005,0.010972367599606514,0.018031466752290726,0.0272357240319252,0.11239857971668243,0.06491689383983612,0.05266591161489487,0.019021162763237953,0.04965028539299965,0.07357200235128403,0.047325681895017624,0.0660037249326706,0.04394000023603439,0.03250245004892349,0.027020229026675224,0.028317630290985107,0.10422710329294205,0.041287075728178024,0.022769570350646973,0.06703124940395355,0.005626975558698177,0.03753875195980072,0.04973732680082321,0.01586664281785488,0.05515272542834282,0.03910357505083084,0.013226156122982502,0.013178721070289612,0.012678095139563084,0.03892355039715767,0.03728131204843521,0.04608086496591568,0.06597841531038284,0.055577054619789124,0.033398669213056564,0.03792867809534073,0.006781793665140867,0.024617446586489677,0.028674079105257988,0.019127214327454567,0.031888678669929504,0.02919943630695343,0.018237363547086716,0.016413889825344086,0.015045808628201485,0.005052905064076185,0.01209649071097374,0.004844122566282749,0.03887951746582985,0.026678236201405525,0.01092584803700447,0.014250342734158039,0.00784239824861288,0.01846959814429283,0.007284552790224552,0.002547888783738017,0.002588004805147648,0.014058945700526237,0.020618656650185585
unknown,398.0,399.0,0.04810961335897446,0.037784501910209656,0.02973758988082409,0.09143930673599243,0.020981401205062866,0.10456392168998718,0.05898528918623924,0.12489889562129974,0.18510720133781433,0.12930196523666382,0.04626627638936043,0.08282142877578735,0.06874293833971024,0.10163185745477676,0.0641549825668335,0.056281015276908875,0.023019473999738693,0.15596365928649902,0.04871272295713425,0.17024032771587372,0.11836422234773636,0.1182146891951561,0.08256594836711884,0.06251151114702225,0.032930340617895126,0.020289957523345947,0.07451112568378448,0.068987637758255,0.03650965169072151,0.044309839606285095,0.09971144795417786,0.08524716645479202,0.0539277158677578,0.026562413200736046,0.08189912140369415,0.03130367770791054,0.11051012575626373,0.12008021026849747,0.08426585793495178,0.04764722287654877,0.22412776947021484,0.1789102554321289,0.06774820387363434,0.02315307967364788,0.03395410254597664,0.031114870682358742,0.21167509257793427,0.03039606288075447,0.02902226150035858,0.0141914589330554,0.06866756826639175,0.024632800370454788,0.06641580164432526,0.03621036559343338,0.1531791388988495,0.005595110356807709,0.024016473442316055,0.002377638127654791,0.0072351861745119095,0.012704090215265751,0.08447498083114624,0.1573520004749298,0.02846320904791355,0.008590077050030231,0.012357099913060665,0.009845416992902756,0.009500531479716301,0.01675759069621563,0.13773785531520844,0.023638522252440453,0.010545258410274982,0.030584828928112984,0.01477509830147028,0.03265305608510971,0.022023025900125504,0.06466758996248245,0.027351293712854385,0.012295103631913662,0.07231800258159637,0.02855144813656807,0.09457088261842728,0.015384281985461712,0.02265009842813015,0.011405556462705135,0.023599382489919662,0.01007983647286892,0.035497210919857025,0.039756644517183304,0.043646108359098434,0.04134261980652809,0.07371295243501663,0.026099100708961487,0.008929019793868065,0.05226316675543785,0.0921519324183464,0.013638226315379143,0.02703961357474327,0.025168372318148613,0.009666851721704006,0.0032635482493788004,0.007405201904475689,0.004683174192905426,0.007608596235513687,0.0035209436900913715,0.07243220508098602,0.06520479917526245,0.023997675627470016,0.022431153804063797,0.00391455227509141,0.008949410170316696,0.0053577423095703125,0.002817563945427537,0.004885837901383638,0.0034431111998856068,0.01670009270310402
unknown,410.0,411.0,0.06728310137987137,0.04857712984085083,0.048061974346637726,0.022038521245121956,0.006803371012210846,0.0427563302218914,0.051651500165462494,0.1309807151556015,0.42063331604003906,0.3359260559082031,0.11103922128677368,0.18622075021266937,0.14367231726646423,0.07583661377429962,0.09938257187604904,0.0795280784368515,0.025850823149085045,0.22088025510311127,0.03987254574894905,0.09207277745008469,0.19862112402915955,0.0834844782948494,0.040289025753736496,0.035923171788454056,0.03624776750802994,0.01646452210843563,0.025627506896853447,0.004476977977901697,0.06624411046504974,0.003129043849185109,0.1436997503042221,0.027217749506235123,0.049015287309885025,0.05765138566493988,0.022247783839702606,0.012600365094840527,0.13705329596996307,0.20325495302677155,0.0813068151473999,0.028415579348802567,0.2516593635082245,0.12944337725639343,0.03020496852695942,0.0036707171238958836,0.007857647724449635,0.04822131618857384,0.33456066250801086,0.009772208519279957,0.002530383411794901,0.00742590194568038,0.004131743218749762,0.0011320884805172682,0.00837951060384512,0.001593283494003117,0.23406220972537994,0.003033351618796587,0.008157161995768547,0.0009133000858128071,0.0010242878925055265,0.004117388278245926,0.005859843455255032,0.14527593553066254,0.0012808095198124647,0.006702015176415443,0.0018200973281636834,0.0005155961262062192,0.0029545004945248365,0.0012536669382825494,0.49606484174728394,0.00117984798271209,0.0006447061314247549,0.0008473318885080516,0.0012614453444257379,0.0029873454477638006,0.001518746605142951,0.013781571760773659,0.061115812510252,0.0011602811282500625,0.0822652131319046,0.00970170646905899,0.13903774321079254,0.016991373151540756,0.040045734494924545,0.001724772504530847,0.04746388643980026,0.016732661053538322,0.049189940094947815,0.08808883279561996,0.003433180507272482,0.004477533977478743,0.14404040575027466,0.036763083189725876,0.032211460173130035,0.08419794589281082,0.158003032207489,0.004023498855531216,0.022406557574868202,0.008510854095220566,0.0016248335596174002,0.0003099742461927235,0.003455044236034155,0.0008692566771060228,0.005681484472006559,0.0004959625657647848,0.08418478816747665,0.06638593971729279,0.010225732810795307,0.09380558133125305,0.0005428704898804426,0.002694925758987665,0.00279592745937407,0.0015541756292805076,0.005601680371910334,0.00069045415148139,0.010579850524663925
unknown,422.0,423.0,0.02118576318025589,0.013526221737265587,0.027392657473683357,0.013825892470777035,0.005223248619586229,0.048571404069662094,0.013608241453766823,0.2688562273979187,0.5273544192314148,0.2969861626625061,0.18571023643016815,0.36894288659095764,0.3142262101173401,0.041093818843364716,0.06255679577589035,0.07501895725727081,0.041750624775886536,0.10570034384727478,0.014953026548027992,0.09442427009344101,0.34089288115501404,0.04660665988922119,0.08931361138820648,0.020121252164244652,0.05770763009786606,0.004276269115507603,0.014392659068107605,0.0030827801674604416,0.044403593987226486,0.0021061261650174856,0.057979289442300797,0.011653332971036434,0.02439754456281662,0.02879316732287407,0.029377810657024384,0.003476611338555813,0.07498721033334732,0.10154366493225098,0.06550309807062149,0.014369948767125607,0.19482341408729553,0.13520550727844238,0.021229378879070282,0.001881320378743112,0.0025684817228466272,0.016736198216676712,0.3233855962753296,0.003208632580935955,0.0011915513314306736,0.0007823319174349308,0.0026672391686588526,0.0006309884483925998,0.0023495201021432877,0.001014893059618771,0.19661740958690643,0.0033629960380494595,0.01862858235836029,0.0005550471250899136,0.00037312592030502856,0.0011887387372553349,0.002484329277649522,0.16482079029083252,0.0019358131103217602,0.0034645753912627697,0.0007997420616447926,0.0003510554670356214,0.0009000572608783841,0.0003491137467790395,0.1676231473684311,0.0008391715819016099,0.001962140901014209,0.000668848748318851,0.00045626406790688634,0.002111824695020914,0.001038166112266481,0.008420283906161785,0.08646897226572037,0.0004340102896094322,0.044349730014801025,0.015152167528867722,0.11459079384803772,0.007921942509710789,0.0071410853415727615,0.0004448961408343166,0.013018814846873283,0.005425287410616875,0.00966380350291729,0.018053758889436722,0.0021571412216871977,0.002958160825073719,0.12383752316236496,0.030479073524475098,0.002540039597079158,0.11220137774944305,0.20626699924468994,0.0018785293214023113,0.009960915893316269,0.002654291456565261,0.0018048484344035387,0.00015295502089429647,0.005261121317744255,0.0005917951348237693,0.0018182148924097419,0.0002997257106471807,0.04258511960506439,0.42344632744789124,0.05775124952197075,0.31360262632369995,0.00030865875305607915,0.0004066297842655331,0.000816199230030179,0.0026553538627922535,0.007744019851088524,0.00023193852393887937,0.005289593245834112
unknown,440.0,441.0,0.040496353060007095,0.03910224139690399,0.029969021677970886,0.026611527428030968,0.012940527871251106,0.062087416648864746,0.036945320665836334,0.06812158226966858,0.2590635120868683,0.229933962225914,0.10787349194288254,0.17006061971187592,0.08874844759702682,0.05110078305006027,0.10186949372291565,0.08719715476036072,0.02839318849146366,0.15237565338611603,0.028979478403925896,0.12295544892549515,0.16230501234531403,0.16146360337734222,0.033681392669677734,0.056269001215696335,0.04337852820754051,0.01168561726808548,0.03034626692533493,0.025822823867201805,0.02718980424106121,0.013859543949365616,0.09277471154928207,0.029914675280451775,0.07889992743730545,0.04692454636096954,0.06068844720721245,0.011176119558513165,0.08953990787267685,0.12041604518890381,0.15044258534908295,0.057591866701841354,0.2819254398345947,0.2771291434764862,0.06804519891738892,0.006626578979194164,0.012820885516703129,0.042742110788822174,0.25829052925109863,0.011631324887275696,0.007876832038164139,0.005865462590008974,0.015886057168245316,0.016335655003786087,0.02584083005785942,0.009317519143223763,0.1622793823480606,0.007861417718231678,0.02521279826760292,0.0061087049543857574,0.00844340119510889,0.004407046362757683,0.01587303727865219,0.2989345192909241,0.042238835245370865,0.0049356697127223015,0.0029905703850090504,0.0032325144857168198,0.002706261118873954,0.0035085773561149836,0.17473046481609344,0.005080333445221186,0.009798368439078331,0.014952284283936024,0.0032911000307649374,0.019468879327178,0.012472652830183506,0.09149618446826935,0.0809708833694458,0.006529799662530422,0.04809045419096947,0.00595209002494812,0.07068291306495667,0.009095164015889168,0.027517208829522133,0.005647348240017891,0.02326807752251625,0.009272129274904728,0.019540250301361084,0.0313449501991272,0.009509148076176643,0.009411543607711792,0.1809307187795639,0.03247334435582161,0.009036755189299583,0.1604997217655182,0.25595545768737793,0.017520898953080177,0.05761856585741043,0.033821068704128265,0.01752796769142151,0.0035575255751609802,0.006099633406847715,0.0038636280223727226,0.005260244011878967,0.001150553929619491,0.042672351002693176,0.04457727074623108,0.017799915745854378,0.07167862355709076,0.007207218557596207,0.006823042407631874,0.003099361900240183,0.0027040846180170774,0.009229081682860851,0.002519207773730159,0.010027894750237465
unknown,451.0,452.0,0.05782688781619072,0.05279087647795677,0.034239262342453,0.11217815428972244,0.0387466661632061,0.07268320769071579,0.08507008105516434,0.0849507600069046,0.12060283869504929,0.09840448945760727,0.05254224315285683,0.07198619097471237,0.06353440880775452,0.10242018103599548,0.06932033598423004,0.04253360256552696,0.03920689597725868,0.14101482927799225,0.0456717424094677,0.13825257122516632,0.10186392813920975,0.12608452141284943,0.06333102285861969,0.05917153134942055,0.03998730704188347,0.027829959988594055,0.0921579897403717,0.06950557976961136,0.022209545597434044,0.04416991025209427,0.11278949677944183,0.1003134623169899,0.06753958016633987,0.02567158453166485,0.06733585894107819,0.03839671611785889,0.14211194217205048,0.1130361258983612,0.06957587599754333,0.04415661841630936,0.18245889246463776,0.1140705794095993,0.038570038974285126,0.033325664699077606,0.07448918372392654,0.03856923431158066,0.14123278856277466,0.04426359012722969,0.02425893023610115,0.020857879891991615,0.06168953701853752,0.025140300393104553,0.07971861958503723,0.046660445630550385,0.05669904872775078,0.013779607601463795,0.022494375705718994,0.004718368407338858,0.017819903790950775,0.01013229787349701,0.062038104981184006,0.10821796953678131,0.019544631242752075,0.009441608563065529,0.011842316016554832,0.015707161277532578,0.019374879077076912,0.02206725999712944,0.10396449267864227,0.021873686462640762,0.010871323756873608,0.025734806433320045,0.02834327518939972,0.0330653116106987,0.02640882320702076,0.042667411267757416,0.019764361903071404,0.016768867149949074,0.07961653172969818,0.038480792194604874,0.09063562750816345,0.021208053454756737,0.03300318494439125,0.007752979639917612,0.009786353446543217,0.011286045424640179,0.02321917749941349,0.03693677484989166,0.03740571439266205,0.024318933486938477,0.03884083777666092,0.04307683929800987,0.010089034214615822,0.022077666595578194,0.03477541729807854,0.019420532509684563,0.047561854124069214,0.035042695701122284,0.01247610617429018,0.0028980199713259935,0.011832999996840954,0.005367313977330923,0.011650455184280872,0.00784359686076641,0.04319525510072708,0.039445023983716965,0.032728131860494614,0.010092180222272873,0.0069564031437039375,0.015652695670723915,0.007880383171141148,0.005594748072326183,0.0061424607411026955,0.01486910879611969,0.009008224122226238
unknown,506.0,507.0,0.022096415981650352,0.0179702490568161,0.025583859533071518,0.017737409099936485,0.005678586196154356,0.05598212406039238,0.01779426634311676,0.2946960926055908,0.4634079337120056,0.26692554354667664,0.1561034470796585,0.30949947237968445,0.3685323894023895,0.04590705782175064,0.06113363802433014,0.05243977904319763,0.027677563950419426,0.11655786633491516,0.019599655643105507,0.08690648525953293,0.361331045627594,0.04832907021045685,0.11413151770830154,0.0254969522356987,0.04698006063699722,0.004080671351402998,0.017531439661979675,0.0046211420558393,0.04466142877936363,0.0032617070246487856,0.06758499890565872,0.015244429931044579,0.03369676321744919,0.03332703560590744,0.029277168214321136,0.004614280071109533,0.07274217903614044,0.10999491065740585,0.06587399542331696,0.01982371136546135,0.18817076086997986,0.12252584844827652,0.03212612494826317,0.0030770646408200264,0.004561493638902903,0.02128734439611435,0.2916496992111206,0.004182013683021069,0.0026498762890696526,0.0013649489264935255,0.004332570359110832,0.0010149703593924642,0.004282565787434578,0.001900408649817109,0.17377367615699768,0.004075661301612854,0.01963101141154766,0.0005528189358301461,0.0005990063073113561,0.002080395817756653,0.005159279797226191,0.13381029665470123,0.0022990114521235228,0.003660778049379587,0.001260525663383305,0.0006205129902809858,0.0013269225601106882,0.0007827590452507138,0.2148253321647644,0.001550199929624796,0.0017347483662888408,0.0012691839365288615,0.0007417087908834219,0.003725640010088682,0.0014295866712927818,0.009699052199721336,0.06923694163560867,0.000864553963765502,0.07348844408988953,0.02773250639438629,0.16855758428573608,0.010820155963301659,0.010768462903797626,0.0007930939900688827,0.017464810982346535,0.005934893153607845,0.020017236471176147,0.0347789041697979,0.0049392301589250565,0.004100082907825708,0.0934705138206482,0.05259757116436958,0.0034050748217850924,0.0812150165438652,0.134794682264328,0.0028288578614592552,0.013782168738543987,0.005122145172208548,0.002375395502895117,0.0003702223766595125,0.004969235975295305,0.0005739270127378404,0.0028159674257040024,0.00027963254251517355,0.05812935531139374,0.4186951518058777,0.0560750886797905,0.27791616320610046,0.00033006531884893775,0.0005855981726199389,0.0009053699322976172,0.002779045607894659,0.007739774417132139,0.0002708522661123425,0.00938873179256916
unknown,524.0,525.0,0.06388931721448898,0.0476151667535305,0.03987027332186699,0.07240031659603119,0.06090246140956879,0.08426733314990997,0.07877269387245178,0.07908027619123459,0.15971308946609497,0.1494886428117752,0.08410748094320297,0.13295847177505493,0.07648593932390213,0.08936356753110886,0.09010124206542969,0.06545623391866684,0.050233155488967896,0.1376381367444992,0.047063637524843216,0.16806894540786743,0.1290961652994156,0.11232710629701614,0.04344074800610542,0.04982234910130501,0.04563410207629204,0.024250423535704613,0.06624668091535568,0.06545736640691757,0.02271942049264908,0.051237426698207855,0.10720068961381912,0.08055263012647629,0.04966316372156143,0.028265098109841347,0.06784480065107346,0.025892693549394608,0.16413339972496033,0.13598541915416718,0.0770568773150444,0.04085009545087814,0.23281699419021606,0.12666721642017365,0.03504543378949165,0.03303956240415573,0.052394889295101166,0.031075209379196167,0.20987217128276825,0.04433983936905861,0.01158059574663639,0.01112331636250019,0.035969436168670654,0.02796061523258686,0.08059470355510712,0.025157440453767776,0.07939627766609192,0.029679827392101288,0.04475955665111542,0.005765057168900967,0.014211298897862434,0.013652415946125984,0.04262811690568924,0.12184930592775345,0.03662372753024101,0.012714168056845665,0.01989634707570076,0.018408864736557007,0.019210023805499077,0.020985858514904976,0.13155916333198547,0.012920263223350048,0.013429398648440838,0.02621624991297722,0.02159704640507698,0.042510103434324265,0.029412904754281044,0.0580957792699337,0.04125490039587021,0.011485910974442959,0.05030861869454384,0.01238318532705307,0.07427097856998444,0.017132772132754326,0.02203775756061077,0.006338445004075766,0.014326682314276695,0.024920225143432617,0.018343934789299965,0.025071199983358383,0.021133288741111755,0.015179572626948357,0.14079801738262177,0.06105693429708481,0.0068242186680436134,0.07014000415802002,0.13271522521972656,0.017231348901987076,0.04206043481826782,0.028935357928276062,0.012170995585620403,0.002088881330564618,0.008496621623635292,0.005995505023747683,0.01771022193133831,0.005078732501715422,0.03434188291430473,0.0203352402895689,0.024952106177806854,0.0301178228110075,0.011555596254765987,0.025314882397651672,0.011662106029689312,0.007189601194113493,0.004142825026065111,0.01926063373684883,0.010767005383968353
unknown,536.0,537.0,0.06161325424909592,0.05590137094259262,0.037615854293107986,0.1055692508816719,0.03229990601539612,0.07553112506866455,0.08960013091564178,0.081436388194561,0.12350033968687057,0.10684104263782501,0.048505716025829315,0.06990236788988113,0.06403760612010956,0.09621458500623703,0.07052672654390335,0.039573848247528076,0.0352897047996521,0.14903821051120758,0.034348636865615845,0.11958968639373779,0.10181695967912674,0.14106468856334686,0.06177130341529846,0.05983050912618637,0.04137559235095978,0.02784070372581482,0.0978345051407814,0.07158075273036957,0.021355604752898216,0.043490082025527954,0.10910900682210922,0.10410725325345993,0.07931000739336014,0.02526717819273472,0.06374122947454453,0.030388757586479187,0.15309107303619385,0.12476681917905807,0.08050017803907394,0.042527180165052414,0.18647481501102448,0.12375086545944214,0.034935370087623596,0.03819626569747925,0.09910569339990616,0.03505499288439751,0.1450345516204834,0.04403933137655258,0.021187584847211838,0.02232808992266655,0.06751997023820877,0.024511834606528282,0.10488984733819962,0.051347121596336365,0.05339832231402397,0.012334641069173813,0.019128451123833656,0.003070544684305787,0.022050293162465096,0.012699452228844166,0.06469199061393738,0.11810671538114548,0.022922739386558533,0.008504966273903847,0.012480280362069607,0.013989794068038464,0.02032778412103653,0.019016016274690628,0.12329017370939255,0.017496982589364052,0.00991380587220192,0.022811224684119225,0.027151837944984436,0.032102543860673904,0.023028085008263588,0.03953959792852402,0.01808098889887333,0.014079038053750992,0.08559628576040268,0.03147689998149872,0.08652486652135849,0.014192723669111729,0.03283204883337021,0.006231267470866442,0.007658547721803188,0.00709996372461319,0.019786085933446884,0.030555346980690956,0.03348251059651375,0.0235382542014122,0.031053727492690086,0.05058176815509796,0.012593024410307407,0.020575102418661118,0.034788403660058975,0.030885756015777588,0.0688401386141777,0.05271926522254944,0.01880614459514618,0.0020464735571295023,0.01184762641787529,0.004417902324348688,0.0138702979311347,0.005209052935242653,0.029842529445886612,0.0425187423825264,0.02587331458926201,0.010788381099700928,0.00820224080234766,0.02066727541387081,0.013197331689298153,0.006448426283895969,0.005666668526828289,0.01962592825293541,0.005419063847512007
unknown,548.0,549.0,0.027170058339834213,0.03027813509106636,0.031209997832775116,0.03755706921219826,0.018780292943120003,0.09132872521877289,0.02596176043152809,0.18404832482337952,0.24938440322875977,0.21006298065185547,0.15921449661254883,0.2843643128871918,0.20240862667560577,0.05287253111600876,0.07302775979042053,0.06980126351118088,0.04243917763233185,0.09388265013694763,0.020974328741431236,0.15759816765785217,0.25475627183914185,0.11114224046468735,0.08219796419143677,0.047347962856292725,0.05921313166618347,0.007001353427767754,0.03900301828980446,0.03047950007021427,0.03470008447766304,0.019220037385821342,0.07526689767837524,0.034840378910303116,0.050585437566041946,0.035896461457014084,0.07746904343366623,0.010574844665825367,0.0870865061879158,0.10384272038936615,0.09751707315444946,0.032643649727106094,0.27745872735977173,0.2278338521718979,0.06284207850694656,0.006744241341948509,0.010844484902918339,0.019748885184526443,0.22598415613174438,0.011431172490119934,0.007207839749753475,0.003354471642524004,0.020336901769042015,0.01675511710345745,0.017851894721388817,0.015671102330088615,0.14136770367622375,0.009222768247127533,0.04069426283240318,0.0011904146522283554,0.00311620207503438,0.0069373478181660175,0.02681185118854046,0.18067961931228638,0.02881287969648838,0.006948075257241726,0.007205214351415634,0.007612711749970913,0.004755706526339054,0.006085711997002363,0.09578560292720795,0.005290542729198933,0.007736635860055685,0.014308830723166466,0.006358548067510128,0.028500234708189964,0.012758594006299973,0.05783923342823982,0.04048259183764458,0.004767203237861395,0.05135730654001236,0.024518005549907684,0.11183619499206543,0.008530685678124428,0.015166216529905796,0.002617243677377701,0.011391152627766132,0.012846221216022968,0.008691081777215004,0.014074800536036491,0.014132308773696423,0.008768657222390175,0.18882538378238678,0.032247185707092285,0.0026517058722674847,0.12127244472503662,0.22562558948993683,0.008187887258827686,0.023246707394719124,0.01345675066113472,0.007779052015393972,0.0020346229430288076,0.005188038107007742,0.0009687601123005152,0.003593915142118931,0.000897731923032552,0.04689769819378853,0.20723266899585724,0.09445570409297943,0.1977849304676056,0.0031474598217755556,0.0025326614268124104,0.001828059903346002,0.0017605378525331616,0.003759328043088317,0.001349044032394886,0.009501024149358273
unknown,567.0,568.0,0.05986955761909485,0.030303016304969788,0.06080743297934532,0.02660394087433815,0.0025074160657823086,0.039319831877946854,0.023884084075689316,0.18569229543209076,0.5700715780258179,0.5128138661384583,0.17653749883174896,0.35738620162010193,0.21325038373470306,0.05058008432388306,0.11218681186437607,0.09183873236179352,0.027736566960811615,0.11595776677131653,0.010213919915258884,0.08666850626468658,0.29886266589164734,0.06015938147902489,0.043676022440195084,0.021756665781140327,0.05258592590689659,0.008047378621995449,0.029953159391880035,0.003393152030184865,0.04991419240832329,0.0018654408631846309,0.12490241974592209,0.0324077382683754,0.05128157511353493,0.06585895270109177,0.01582166738808155,0.007647641934454441,0.0926210805773735,0.1371850222349167,0.08742474764585495,0.02515176311135292,0.2166122943162918,0.11212220788002014,0.01914505660533905,0.0018604291835799813,0.0029195346869528294,0.042423345148563385,0.32928431034088135,0.008309662342071533,0.003573535941541195,0.005675839260220528,0.005629167426377535,0.0010866691591218114,0.003257722593843937,0.001985698938369751,0.1255379170179367,0.0012089014053344727,0.0044596437364816666,0.0010790458181872964,0.001356423133984208,0.0026138853281736374,0.006689912173897028,0.1865108758211136,0.0016761376755312085,0.0021573486737906933,0.0010852983687072992,0.0004355992132332176,0.0014756714226678014,0.0005923243588767946,0.38279989361763,0.001081886701285839,0.0009903511963784695,0.0010308484779670835,0.0009758208179846406,0.0035935628693550825,0.0017852849559858441,0.013396213762462139,0.11119849979877472,0.00032332970295101404,0.0380411371588707,0.009556676261126995,0.09000396728515625,0.003092320868745446,0.01784641109406948,0.0006935652927495539,0.017000053077936172,0.004645315930247307,0.06065783277153969,0.09558596462011337,0.00426723575219512,0.010382672771811485,0.3401782810688019,0.035187628120183945,0.024411641061306,0.14676615595817566,0.27679890394210815,0.0017195098334923387,0.011909878812730312,0.0043700640089809895,0.0008638190338388085,0.00010980413208017126,0.0018022563308477402,0.0006383454310707748,0.0029281750321388245,0.0002585381444077939,0.01867692545056343,0.08783993124961853,0.02059689164161682,0.1923745572566986,0.0008219529991038144,0.0010151166934520006,0.0010803123004734516,0.0015454000094905496,0.011619468219578266,0.0006434086244553328,0.0035117159131914377
unknown,590.0,591.0,0.04359912872314453,0.03164159879088402,0.028676554560661316,0.07903967052698135,0.061886824667453766,0.09641265124082565,0.07707035541534424,0.17333176732063293,0.13887257874011993,0.10557901859283447,0.05838293209671974,0.1112784668803215,0.16815079748630524,0.101971335709095,0.06852893531322479,0.0559748038649559,0.06455110758543015,0.13894496858119965,0.08281954377889633,0.18841391801834106,0.18336428701877594,0.0800991952419281,0.10462146252393723,0.08081872761249542,0.03424441069364548,0.01289340015500784,0.042973775416612625,0.0571485310792923,0.05461781099438667,0.047029733657836914,0.09038658440113068,0.0650269016623497,0.04160819575190544,0.0341009646654129,0.12541531026363373,0.037281185388565063,0.16167445480823517,0.08355989307165146,0.04854416102170944,0.04592070356011391,0.16865025460720062,0.1277705878019333,0.044007912278175354,0.03813711926341057,0.06883707642555237,0.03412387892603874,0.15577949583530426,0.03699779883027077,0.03265400603413582,0.004635796882212162,0.06714808195829391,0.01595882885158062,0.06355579942464828,0.02090631052851677,0.17103637754917145,0.031496502459049225,0.1537073403596878,0.005335529334843159,0.016946211457252502,0.007443699985742569,0.04491647332906723,0.09619408845901489,0.03489095717668533,0.01353519782423973,0.0055741118267178535,0.012740197591483593,0.010759194381535053,0.010724610649049282,0.0439392514526844,0.017292749136686325,0.035208702087402344,0.024793436750769615,0.01915680058300495,0.01483389176428318,0.015516973100602627,0.05758995562791824,0.033157482743263245,0.016828153282403946,0.1491180956363678,0.02715795487165451,0.056308917701244354,0.04916830733418465,0.028258956968784332,0.008722920902073383,0.017113352194428444,0.012127533555030823,0.02848397009074688,0.04647950083017349,0.03311172127723694,0.023442046716809273,0.0553143210709095,0.06572512537240982,0.00258928956463933,0.033540572971105576,0.05057581141591072,0.07966839522123337,0.06175082176923752,0.04893551766872406,0.03563785180449486,0.003623289754614234,0.015413460321724415,0.0046966057270765305,0.0044405520893633366,0.004679850768297911,0.12896229326725006,0.20099590718746185,0.06077902019023895,0.06873374432325363,0.004330042749643326,0.006777244154363871,0.009497570805251598,0.005258334334939718,0.0022281724959611893,0.00612846901640296,0.04063495993614197
