Id,Text,BeginPosition,EndPosition,BeginTime,EndTime,Confidence,SpeakerConfidence,Admiration,Adoration,Aesthetic Appreciation,Amusement,Anger,Annoyance,Anxiety,Awe,Awkwardness,Boredom,Calmness,Concentration,Confusion,Contemplation,Contempt,Contentment,Craving,Determination,Disappointment,Disapproval,Disgust,Distress,Doubt,Ecstasy,Embarrassment,Empathic Pain,Enthusiasm,Entrancement,Envy,Excitement,Fear,Gratitude,Guilt,Horror,Interest,Joy,Love,Nostalgia,Pain,Pride,Realization,Relief,Romance,Sadness,Sarcasm,Satisfaction,Desire,Shame,Surprise (negative),Surprise (positive),Sympathy,Tiredness,Triumph,1,2,3,4,5,6,7,8,9,toxic,severe_toxic,obscene,threat,insult,identity_hate
unknown,松,0,1,3.06,3.26,0.99072266,,0.06001514196395874,0.05175422877073288,0.07798804342746735,0.026250716298818588,0.005816497374325991,0.03208041936159134,0.0052620903588831425,0.023558637127280235,0.0665527731180191,0.1112377718091011,0.10483952611684799,0.0431184247136116,0.11599581688642502,0.03143194690346718,0.026607578620314598,0.057287223637104034,0.015776315703988075,0.02345307730138302,0.019230132922530174,0.016919322311878204,0.007507605012506247,0.007735871244221926,0.017017213627696037,0.014173995703458786,0.012688163667917252,0.011026890948414803,0.02912886254489422,0.04537307471036911,0.011192454025149345,0.01339642982929945,0.0021829823963344097,0.012752401642501354,0.004912169650197029,0.0016545017715543509,0.07014454901218414,0.03507930040359497,0.050280168652534485,0.011774938553571701,0.009031189605593681,0.01882367767393589,0.04183949530124664,0.008836444467306137,0.041730381548404694,0.011778473854064941,0.015340124256908894,0.05254186689853668,0.07504422217607498,0.015913546085357666,0.02307884395122528,0.029609080404043198,0.01740759238600731,0.032814815640449524,0.02020471915602684,,,,,,,,,,,,,,,
unknown,尾,2,3,3.26,3.34,0.95654297,,0.031165774911642075,0.022118231281638145,0.0340423583984375,0.02745666168630123,0.019621631130576134,0.08570113033056259,0.010281511582434177,0.013796664774417877,0.07896102219820023,0.10642791539430618,0.08000580221414566,0.03197101876139641,0.1123281791806221,0.022391363978385925,0.041287243366241455,0.053908318281173706,0.00426072720438242,0.03142934292554855,0.05208713933825493,0.03849181905388832,0.015827711671590805,0.02840270847082138,0.0185241661965847,0.009052549488842487,0.027444755658507347,0.014632110483944416,0.020776279270648956,0.023604951798915863,0.004304924979805946,0.00816269125789404,0.004413314629346132,0.011192738078534603,0.007892139256000519,0.0031733254436403513,0.021563341841101646,0.022017009556293488,0.02570415288209915,0.007852078415453434,0.03405839577317238,0.027839619666337967,0.0445578470826149,0.013607482425868511,0.014449634589254856,0.03692225366830826,0.024322321638464928,0.047300439327955246,0.022943859919905663,0.030606431886553764,0.035310421139001846,0.017720645293593407,0.015756718814373016,0.07907848805189133,0.03138664737343788,,,,,,,,,,,,,,,
unknown,芭,4,5,3.34,3.46,0.99853516,,0.05210832878947258,0.06622079759836197,0.05981247127056122,0.04207421466708183,0.013452327810227871,0.04264659062027931,0.015236971899867058,0.034527409821748734,0.04749144986271858,0.05236342176795006,0.08862491697072983,0.03111216053366661,0.05218300223350525,0.022919127717614174,0.022947343066334724,0.07640896737575531,0.010635629296302795,0.043826136738061905,0.03400774672627449,0.017630353569984436,0.008726957254111767,0.03868023678660393,0.007813205011188984,0.03872596472501755,0.019351234659552574,0.034121446311473846,0.06981228291988373,0.04854680597782135,0.0045679183676838875,0.04333341866731644,0.006786318961530924,0.024395117536187172,0.010166694410145283,0.004841360729187727,0.03889099135994911,0.08643690496683121,0.08608723431825638,0.013108770363032818,0.05477607995271683,0.04834059253334999,0.04271485656499863,0.022597352042794228,0.03784190118312836,0.059200774878263474,0.02254815772175789,0.07254457473754883,0.03556668758392334,0.022646820172667503,0.030559783801436424,0.03247004374861717,0.03399208188056946,0.0429864302277565,0.05059082806110382,,,,,,,,,,,,,,,
unknown,蕉,6,7,3.46,3.6999998,0.37475586,,0.0890820324420929,0.12677444517612457,0.05622207745909691,0.13549716770648956,0.01191890798509121,0.037880510091781616,0.010208177380263805,0.04380861669778824,0.052827317267656326,0.02814861759543419,0.04340550675988197,0.022883452475070953,0.04778366535902023,0.022753523662686348,0.029366016387939453,0.06087864190340042,0.016005555167794228,0.04498206079006195,0.01715228520333767,0.017664313316345215,0.00710506085306406,0.01632852293550968,0.008877010084688663,0.045848995447158813,0.020446160808205605,0.012697765603661537,0.17806826531887054,0.0552578903734684,0.0062541356310248375,0.13593970239162445,0.005127604119479656,0.02956547774374485,0.006676522549241781,0.0032805860973894596,0.07613878697156906,0.18828655779361725,0.12730489671230316,0.021304966881871223,0.01383812353014946,0.08399311453104019,0.034663621336221695,0.009172670543193817,0.04008862003684044,0.016305334866046906,0.06324933469295502,0.0787813663482666,0.03269398957490921,0.014725969173014164,0.020226601511240005,0.055212896317243576,0.014259504154324532,0.009776835329830647,0.05563252419233322,,,,,,,,,,,,,,,
unknown,離,8,9,7.98,8.139999,0.8388672,,0.04761122539639473,0.05052563548088074,0.045592889189720154,0.0779227614402771,0.016642378643155098,0.08148382604122162,0.03096850775182247,0.023706523701548576,0.09034042805433273,0.04716647416353226,0.06503142416477203,0.030936654657125473,0.06778889149427414,0.05534430593252182,0.034761108458042145,0.05364565551280975,0.021829504519701004,0.060224149376153946,0.09677057713270187,0.03670807555317879,0.010011881589889526,0.04748019576072693,0.027527008205652237,0.014597024768590927,0.05536995455622673,0.02292495220899582,0.08747531473636627,0.03989922255277634,0.01166051346808672,0.05356157198548317,0.013487902469933033,0.020501168444752693,0.03101292811334133,0.004667631816118956,0.059642937034368515,0.06299520283937454,0.0482260063290596,0.026981711387634277,0.03543495386838913,0.07367720454931259,0.06835655122995377,0.013085952028632164,0.02094884403049946,0.10196445882320404,0.07316900044679642,0.06104230508208275,0.015589062124490738,0.05816992372274399,0.03631988912820816,0.027766866609454155,0.024133920669555664,0.014494138769805431,0.040727753192186356,,,,,,,,,,,,,,,
unknown,婚,10,11,8.139999,8.639999,0.8359375,,0.0869719386100769,0.10113899409770966,0.038505394011735916,0.06468169391155243,0.021047985181212425,0.06485046446323395,0.01220868993550539,0.04193831607699394,0.025899700820446014,0.016009634360671043,0.04291994124650955,0.01052937749773264,0.020105721428990364,0.03766438737511635,0.02534727193415165,0.05944471433758736,0.01807500049471855,0.03214733302593231,0.09528705477714539,0.02358156070113182,0.006973527371883392,0.032775696367025375,0.0071248686872422695,0.022014513611793518,0.021304825320839882,0.027641424909234047,0.13535231351852417,0.030456172302365303,0.01467094011604786,0.11403810232877731,0.004528986290097237,0.01906384341418743,0.011689255945384502,0.0030085421167314053,0.07073914259672165,0.11928260326385498,0.1083221361041069,0.06893952190876007,0.046444982290267944,0.1348332017660141,0.07176914811134338,0.01512248907238245,0.03235455974936485,0.13044077157974243,0.036123037338256836,0.09226304292678833,0.019147278741002083,0.026578860357403755,0.04548656567931175,0.05710979178547859,0.024995433166623116,0.009284830652177334,0.061765268445014954,,,,,,,,,,,,,,,
unknown,ダ,12,13,13.299999,13.46,0.9916992,,0.12636582553386688,0.15678556263446808,0.061230145394802094,0.06865178048610687,0.013281794264912605,0.035873930901288986,0.009896436706185341,0.07231030613183975,0.01984184980392456,0.011997449211776257,0.0453987643122673,0.012458174489438534,0.014602718874812126,0.03453097119927406,0.020054329186677933,0.07214097678661346,0.019669076427817345,0.036842357367277145,0.0596822090446949,0.015768839046359062,0.005650567822158337,0.024691486731171608,0.004956413060426712,0.04679769650101662,0.0169224850833416,0.02565152198076248,0.1803896725177765,0.05188696086406708,0.012859988957643509,0.17629219591617584,0.004826031159609556,0.02570049650967121,0.009668557904660702,0.003622102551162243,0.07953377068042755,0.17870891094207764,0.1576748490333557,0.06638122349977493,0.036845844238996506,0.155506432056427,0.06767572462558746,0.01669853739440441,0.051577240228652954,0.0903308093547821,0.02787865325808525,0.1171305850148201,0.03075944259762764,0.02158801257610321,0.03724567964673042,0.07459166646003723,0.02337002567946911,0.00767303304746747,0.0837007462978363,,,,,,,,,,,,,,,
unknown,ン,14,15,13.46,13.58,0.9863281,,0.07985656708478928,0.07285796105861664,0.06158449128270149,0.1341525763273239,0.013758285902440548,0.054698728024959564,0.011810540221631527,0.040069304406642914,0.03418038412928581,0.01501520350575447,0.05449019372463226,0.020074795931577682,0.020889129489660263,0.05258580297231674,0.03298754617571831,0.06705037504434586,0.0265800803899765,0.04397672414779663,0.07827454060316086,0.03300951421260834,0.011429473757743835,0.02311568148434162,0.009155616164207458,0.025306524708867073,0.03319449722766876,0.020759517326951027,0.16540737450122833,0.03879909589886665,0.014891616068780422,0.13406042754650116,0.006479440722614527,0.019100341945886612,0.016268420964479446,0.005391339771449566,0.10878150165081024,0.10371046513319016,0.05817950889468193,0.06542322784662247,0.02081739902496338,0.13460329174995422,0.08788616210222244,0.01587926782667637,0.023140951991081238,0.059764016419649124,0.06316640973091125,0.13005617260932922,0.027487201616168022,0.034749586135149,0.042591482400894165,0.06509364396333694,0.02158246748149395,0.00520422263070941,0.0745391920208931,,,,,,,,,,,,,,,
unknown,ス,16,17,13.58,14.08,0.9838867,,0.06809765845537186,0.07065635174512863,0.04774627834558487,0.12017052620649338,0.021849509328603745,0.08026117086410522,0.015374687500298023,0.032880838960409164,0.03347388654947281,0.020619360730051994,0.0522540844976902,0.025860676541924477,0.020921917632222176,0.04998920112848282,0.041569311171770096,0.053718291223049164,0.030945638194680214,0.06535769253969193,0.0739130824804306,0.04262127727270126,0.014131211675703526,0.029122984036803246,0.010074576362967491,0.020288508385419846,0.026677511632442474,0.02189474180340767,0.17581167817115784,0.034557685256004333,0.013606773689389229,0.13410192728042603,0.008161201141774654,0.020397352054715157,0.015501606278121471,0.005886813625693321,0.10374482721090317,0.09127550572156906,0.06193191558122635,0.06604032218456268,0.020920271053910255,0.09957162290811539,0.08192045241594315,0.014691021293401718,0.022585203871130943,0.05669550225138664,0.07371459156274796,0.0983847826719284,0.02424432337284088,0.030008841305971146,0.03857855871319771,0.04995780438184738,0.02304374985396862,0.007075881585478783,0.06374306231737137,,,,,,,,,,,,,,,
unknown,ペ,18,19,19.588074,19.707914,0.9140625,,0.03568606078624725,0.03944063559174538,0.028320398181676865,0.08856337517499924,0.02384539507329464,0.11548710614442825,0.017404329031705856,0.02275555394589901,0.031090935692191124,0.03176781162619591,0.05152137577533722,0.023864222690463066,0.04217875003814697,0.05742717906832695,0.03552411496639252,0.03654985502362251,0.026511946693062782,0.04531034454703331,0.12174565345048904,0.041924573481082916,0.010051053017377853,0.035021912306547165,0.013548417016863823,0.013299216516315937,0.017482399940490723,0.01498409267514944,0.12643148005008698,0.026137977838516235,0.012217237614095211,0.11626562476158142,0.007408578880131245,0.010140486061573029,0.011028427630662918,0.004105620086193085,0.09283240139484406,0.06185625120997429,0.0337839275598526,0.059843968600034714,0.023955335840582848,0.06099533289670944,0.07494146376848221,0.009926612488925457,0.01437133178114891,0.08224723488092422,0.06756273657083511,0.05841423571109772,0.012982743792235851,0.022716553881764412,0.049161963164806366,0.035542409867048264,0.014506408013403416,0.009209697134792805,0.041279252618551254,,,,,,,,,,,,,,,
unknown,ン,20,21,19.707914,19.8677,0.95947266,,0.05068272724747658,0.04846742004156113,0.057440537959337234,0.135539248585701,0.014931476674973965,0.08564602583646774,0.011207332834601402,0.027430837973952293,0.030741671100258827,0.0355161651968956,0.06026119366288185,0.03866488113999367,0.04144863039255142,0.05176388844847679,0.03595210611820221,0.056464944034814835,0.03049389459192753,0.05826668441295624,0.05977464094758034,0.0326370894908905,0.00921641755849123,0.01900940202176571,0.010046368464827538,0.022989466786384583,0.0139330318197608,0.011472159065306187,0.2062678039073944,0.0366823673248291,0.01060024555772543,0.168403759598732,0.004877591505646706,0.014630633406341076,0.0055779628455638885,0.0033141179010272026,0.1418105661869049,0.09188609570264816,0.03290238603949547,0.0450865663588047,0.014152199029922485,0.08185785263776779,0.05768514797091484,0.011283136904239655,0.01595272682607174,0.02680378220975399,0.0668410211801529,0.1055394634604454,0.02357831969857216,0.012892859987914562,0.030628802254796028,0.04571923241019249,0.011676931753754616,0.00794442929327488,0.06330812722444534,,,,,,,,,,,,,,,
unknown,チ,22,23,19.8677,19.98754,0.98535156,,0.0406515896320343,0.038004595786333084,0.03586883842945099,0.08768897503614426,0.021499766036868095,0.12951408326625824,0.013278155587613583,0.020823245868086815,0.02618657983839512,0.04926929250359535,0.05084734410047531,0.027487101033329964,0.04254725202918053,0.04996566101908684,0.0360458679497242,0.04296543449163437,0.02576673962175846,0.04446476697921753,0.12977346777915955,0.04018694907426834,0.009542209096252918,0.029961613938212395,0.011286647990345955,0.013559780083596706,0.01227899082005024,0.015203986316919327,0.1539076268672943,0.02392488345503807,0.011427309364080429,0.12513074278831482,0.004717318806797266,0.012923738919198513,0.006331062410026789,0.0028558915946632624,0.10418371856212616,0.06766101717948914,0.02975229173898697,0.051937200129032135,0.024215910583734512,0.0524199977517128,0.06457038223743439,0.010963376611471176,0.012201941572129726,0.06596173346042633,0.05955984443426132,0.0702987015247345,0.01307245995849371,0.014593325555324554,0.04124259948730469,0.03509370982646942,0.014550566673278809,0.014180951751768589,0.04267600551247597,,,,,,,,,,,,,,,
unknown,ン,24,25,19.98754,20.48754,0.6386719,,0.04555484652519226,0.03901445120573044,0.04235568642616272,0.11549518257379532,0.019131047651171684,0.1190224438905716,0.00776419835165143,0.020567143335938454,0.027356363832950592,0.05618679150938988,0.04519806057214737,0.023740539327263832,0.03993634879589081,0.044726546853780746,0.03954209387302399,0.045617926865816116,0.02013697475194931,0.03540830314159393,0.136239692568779,0.041582826524972916,0.009237779304385185,0.020021868869662285,0.009233779273927212,0.013658236712217331,0.012307013384997845,0.012739267200231552,0.18235018849372864,0.023040834814310074,0.011290195398032665,0.147665336728096,0.0028756081592291594,0.013510327786207199,0.004624383989721537,0.002346259541809559,0.11572448909282684,0.08498521894216537,0.027164723724126816,0.06719116121530533,0.01901160553097725,0.05587591603398323,0.05969098582863808,0.008476453833281994,0.011529512703418732,0.06010817363858223,0.07212503999471664,0.07655072957277298,0.011416041292250156,0.012362726964056492,0.04141481593251228,0.03847672790288925,0.01202978752553463,0.009241226129233837,0.045486386865377426,,,,,,,,,,,,,,,
unknown,狩,26,27,27.177914,27.677914,0.9873047,,0.04623621702194214,0.040184155106544495,0.04664256423711777,0.16235895454883575,0.012026600539684296,0.09096161276102066,0.006841938942670822,0.018459372222423553,0.029521873220801353,0.04605969414114952,0.035881493240594864,0.026877274736762047,0.04532986134290695,0.037208784371614456,0.03008110821247101,0.049758486449718475,0.029944762587547302,0.038926538079977036,0.06654037535190582,0.027904227375984192,0.006773227825760841,0.013269751332700253,0.0075525096617639065,0.017921656370162964,0.011300534941256046,0.007099370937794447,0.2759146988391876,0.023113880306482315,0.00814796146005392,0.22602595388889313,0.00248381937853992,0.013251266442239285,0.003606566693633795,0.0018284849356859922,0.1577160507440567,0.10586336255073547,0.021222883835434914,0.05987831950187683,0.009107649326324463,0.06098643317818642,0.05219505354762077,0.008073460310697556,0.008163935504853725,0.02121511474251747,0.05499797686934471,0.10289965569972992,0.012682349421083927,0.007953531108796597,0.02910671941936016,0.0504673570394516,0.0069483062252402306,0.005116237793117762,0.05168810486793518,,,,,,,,,,,,,,,
unknown,遭,28,29,32.343845,32.623264,0.9296875,,0.0754234567284584,0.06545685231685638,0.06642051041126251,0.17466409504413605,0.007275401148945093,0.05800855532288551,0.003980482928454876,0.025737524032592773,0.020487284287810326,0.04521378502249718,0.04184168204665184,0.026082266122102737,0.037781331688165665,0.03574315086007118,0.02466803789138794,0.07089437544345856,0.04274018108844757,0.03427999094128609,0.04414401203393936,0.018938353285193443,0.004613997880369425,0.007715566083788872,0.005251137539744377,0.024076169356703758,0.006843955721706152,0.004926458466798067,0.34416866302490234,0.029716288670897484,0.008376995101571083,0.2707156538963318,0.0014918618835508823,0.016423432156443596,0.002052905736491084,0.0011856259079650044,0.1951269507408142,0.14953838288784027,0.0301556084305048,0.08531033992767334,0.006003696937114,0.07292380183935165,0.04425584524869919,0.007136891596019268,0.008984433487057686,0.014438987709581852,0.03801753371953964,0.1442648023366928,0.013934514485299587,0.004837909247726202,0.01985153928399086,0.05957209691405296,0.005112284794449806,0.00405348464846611,0.05804845690727234,,,,,,,,,,,,,,,
unknown,談,30,31,32.623264,32.942604,0.52197266,,0.06538445502519608,0.05445254594087601,0.056119199842214584,0.16792429983615875,0.006582234520465136,0.05783881992101669,0.00438242731615901,0.023482687771320343,0.02473014034330845,0.05072746425867081,0.04271535947918892,0.030700279399752617,0.046667080372571945,0.04000354930758476,0.021120576187968254,0.06653108447790146,0.04057365655899048,0.044665947556495667,0.04670733958482742,0.016109976917505264,0.0033894728403538465,0.007796937599778175,0.00656974408775568,0.02372405305504799,0.007725960575044155,0.003913477994501591,0.3424112796783447,0.030636625364422798,0.008493493311107159,0.2804511487483978,0.0015710183652117848,0.013074739836156368,0.0023738897871226072,0.0009608201798982918,0.2041517049074173,0.13543406128883362,0.02435932494699955,0.07295756042003632,0.005581950303167105,0.0831989273428917,0.04128476232290268,0.006363280583173037,0.008957921527326107,0.01542676705867052,0.0339491181075573,0.1331750899553299,0.014994827099144459,0.005414305720478296,0.020040495321154594,0.055115021765232086,0.003881828160956502,0.004904833622276783,0.06153702735900879,,,,,,,,,,,,,,,
unknown,オ,32,33,38.25161,38.371365,0.8623047,,0.03232361748814583,0.031276557594537735,0.03770434856414795,0.17702999711036682,0.01229926384985447,0.11392021179199219,0.006112738512456417,0.012772800400853157,0.030347811058163643,0.06957754492759705,0.04602643474936485,0.038966987282037735,0.07111474871635437,0.04255799949169159,0.031126292422413826,0.044985055923461914,0.023597929626703262,0.03983239457011223,0.05321294069290161,0.031116165220737457,0.005406068172305822,0.01002301275730133,0.009574159048497677,0.010680265724658966,0.009425275027751923,0.00250566890463233,0.2576014995574951,0.02127895876765251,0.004905954003334045,0.20205570757389069,0.0022506993263959885,0.008347393944859505,0.002648131223395467,0.0013739390997216105,0.17765365540981293,0.08641472458839417,0.0156905148178339,0.09810544550418854,0.003486693138256669,0.05778292939066887,0.03902892395853996,0.004399047698825598,0.005454490426927805,0.012736246921122074,0.04703652113676071,0.08095080405473709,0.007751972880214453,0.0059645455330610275,0.025080062448978424,0.038373008370399475,0.002519022673368454,0.005256380420178175,0.03944489359855652,,,,,,,,,,,,,,,
unknown,化,34,35,38.371365,38.491116,0.98779297,,0.03808539733290672,0.034874770790338516,0.04376004636287689,0.16443638503551483,0.012620294466614723,0.09895873814821243,0.010516740381717682,0.014346044510602951,0.04813459515571594,0.05523552745580673,0.04465046525001526,0.046087298542261124,0.09869726747274399,0.06892211735248566,0.031516995280981064,0.040446873754262924,0.03400629386305809,0.044875409454107285,0.050573788583278656,0.03261281177401543,0.007292988244444132,0.015401700511574745,0.016477707773447037,0.010628918185830116,0.016592487692832947,0.004908983130007982,0.2164643257856369,0.028393279761075974,0.006418110802769661,0.1510014683008194,0.004348123446106911,0.00962810032069683,0.004390247631818056,0.0023046182468533516,0.2247178703546524,0.06939464807510376,0.018853144720196724,0.11241131275892258,0.006846868898719549,0.05773179233074188,0.04469690099358559,0.004543971735984087,0.009570717811584473,0.016897151246666908,0.04693076014518738,0.0756564661860466,0.016378186643123627,0.009667418897151947,0.025845425203442574,0.038058314472436905,0.004319259896874428,0.005311242304742336,0.03257165476679802,,,,,,,,,,,,,,,
unknown,ケ,36,37,38.491116,38.991116,0.73046875,,0.028088562190532684,0.030025040730834007,0.03749939054250717,0.14937861263751984,0.011575114913284779,0.1018204465508461,0.012018359266221523,0.01142672635614872,0.04496445506811142,0.058286525309085846,0.050788749009370804,0.05625117942690849,0.09889896959066391,0.0674593597650528,0.028584908694028854,0.04239154979586601,0.030755164101719856,0.0549345538020134,0.0467427521944046,0.02781391330063343,0.00544805359095335,0.015373176895081997,0.01701989211142063,0.009618955664336681,0.014031803235411644,0.004047634080052376,0.24215364456176758,0.02418622560799122,0.00442684767767787,0.17512831091880798,0.004422775469720364,0.010430818423628807,0.004528633318841457,0.0019152851309627295,0.2179730087518692,0.0727701410651207,0.019611258059740067,0.12350431829690933,0.005648067221045494,0.05786050483584404,0.044353291392326355,0.004717943258583546,0.008092453703284264,0.01521600503474474,0.042042408138513565,0.07204685360193253,0.010285606607794762,0.008163532242178917,0.02363612875342369,0.03543935343623161,0.0036822014953941107,0.006045863498002291,0.03401719778776169,,,,,,,,,,,,,,,
unknown,四,38,39,44.29398,44.41369,0.9453125,,0.021876785904169083,0.023740507662296295,0.03248201683163643,0.12968727946281433,0.010792752727866173,0.10095799714326859,0.01277092657983303,0.009109197184443474,0.04140570014715195,0.0680181160569191,0.056408874690532684,0.07102645188570023,0.08136779814958572,0.0578022301197052,0.02577766589820385,0.03969951346516609,0.03309079259634018,0.06889738887548447,0.038824763149023056,0.023654751479625702,0.004539999179542065,0.01514392625540495,0.013277142308652401,0.00831290241330862,0.011134237982332706,0.0033922737929970026,0.2784460484981537,0.020452294498682022,0.0036651145201176405,0.20149342715740204,0.004624560009688139,0.009652208536863327,0.00412857998162508,0.0018051000079140067,0.23196880519390106,0.06114304065704346,0.014879358001053333,0.11174832284450531,0.004530713893473148,0.053990889340639114,0.038958676159381866,0.004672551993280649,0.0057729873806238174,0.012185280211269855,0.03954392671585083,0.0683559849858284,0.0077448259107768536,0.006634035147726536,0.020020706579089165,0.029938243329524994,0.0032885605469346046,0.006491405423730612,0.034563805907964706,,,,,,,,,,,,,,,
unknown,つ,40,41,44.41369,44.533398,0.93408203,,0.026558468118309975,0.02832278050482273,0.036425068974494934,0.14603105187416077,0.00792449340224266,0.08219756186008453,0.011209581978619099,0.01048838160932064,0.042781997472047806,0.07314349710941315,0.06309466063976288,0.07300308346748352,0.08103517442941666,0.06317304074764252,0.025178903713822365,0.0486108660697937,0.035823676735162735,0.0666654109954834,0.03429125249385834,0.02098516747355461,0.004080356564372778,0.012434637174010277,0.013768021017313004,0.009717347100377083,0.011523262597620487,0.0035275579430162907,0.2909517288208008,0.024056976661086082,0.0038620037958025932,0.2005157768726349,0.004036928992718458,0.011376472190022469,0.0042658536694943905,0.0015588761307299137,0.24323056638240814,0.07043126970529556,0.01767711527645588,0.1120600551366806,0.004002417903393507,0.05685167387127876,0.042219068855047226,0.005077728535979986,0.006650729104876518,0.010524526238441467,0.03916561231017113,0.08108829706907272,0.009237963706254959,0.00675310380756855,0.017582375556230545,0.03261907026171684,0.0035964210983365774,0.006990633439272642,0.03645633906126022,,,,,,,,,,,,,,,
unknown,葉,42,43,44.533398,44.653107,0.83447266,,0.026214055716991425,0.03503293916583061,0.03877728432416916,0.23185399174690247,0.006715876515954733,0.06528691202402115,0.012556508183479309,0.009804844856262207,0.09280186891555786,0.056135207414627075,0.044782303273677826,0.052546560764312744,0.09554604440927505,0.05749629810452461,0.024488819763064384,0.04229618236422539,0.04738784208893776,0.05929219722747803,0.027566229924559593,0.01823386922478676,0.004350646864622831,0.012375027872622013,0.01698726788163185,0.013252015225589275,0.03024437464773655,0.004299313295632601,0.26064619421958923,0.030428815633058548,0.005082934629172087,0.1813434362411499,0.004546694457530975,0.011078186333179474,0.007960237562656403,0.0018753992626443505,0.20156706869602203,0.0801900327205658,0.02806735225021839,0.13817179203033447,0.004663529805839062,0.06661389768123627,0.043424539268016815,0.004545418079942465,0.016269730404019356,0.010534818284213543,0.05388602241873741,0.07745058089494705,0.025545096024870872,0.012488733977079391,0.01704329065978527,0.03515911102294922,0.004066482651978731,0.005646554287523031,0.035911720246076584,,,,,,,,,,,,,,,
unknown,の,44,45,44.653107,44.812717,0.9970703,,0.025564061477780342,0.03888987377285957,0.040969137102365494,0.23519429564476013,0.005328304599970579,0.05712854117155075,0.010341721586883068,0.009475432336330414,0.09512116760015488,0.06895514577627182,0.054516106843948364,0.04656802862882614,0.07937055081129074,0.05165565758943558,0.021666130051016808,0.053222332149744034,0.05675162747502327,0.052311092615127563,0.026276543736457825,0.014267552644014359,0.0035300159361213446,0.009918199852108955,0.013621530495584011,0.015351342037320137,0.03109295293688774,0.00366389867849648,0.25920552015304565,0.03205418586730957,0.005309141706675291,0.18844762444496155,0.0033179637975990772,0.012061159126460552,0.008637787774205208,0.0013969134306535125,0.19486454129219055,0.09616294503211975,0.034339699894189835,0.1449495255947113,0.004096609074622393,0.06646494567394257,0.0434994176030159,0.004916727542877197,0.020912379026412964,0.009976199828088284,0.04651089385151863,0.09014569967985153,0.0313800647854805,0.012606613337993622,0.014714453369379044,0.0367504246532917,0.003545290557667613,0.00601858738809824,0.035623785108327866,,,,,,,,,,,,,,,
unknown,ク,46,47,44.812717,44.892525,0.98339844,,0.022053243592381477,0.03381957858800888,0.037256546318531036,0.223260298371315,0.0076409559696912766,0.08131222426891327,0.012789077125489712,0.008410986512899399,0.09971311688423157,0.07966497540473938,0.04993155226111412,0.04871755093336105,0.0855642780661583,0.05292470008134842,0.025456618517637253,0.044965360313653946,0.06389961391687393,0.052772533148527145,0.03148734197020531,0.01873595267534256,0.004635331686586142,0.01280284859240055,0.015243983827531338,0.012911633588373661,0.031347621232271194,0.003812299808487296,0.2467333972454071,0.029162172228097916,0.005723483860492706,0.17429949343204498,0.003926711156964302,0.01003389060497284,0.008465427905321121,0.0016293396474793553,0.18573302030563354,0.0820387750864029,0.028286220505833626,0.13320843875408173,0.004949495196342468,0.05550140514969826,0.04498186707496643,0.004234482999891043,0.017560483887791634,0.010862255468964577,0.05088898912072182,0.07693079113960266,0.027851803228259087,0.012827876023948193,0.016567878425121307,0.03259049355983734,0.0034652736503630877,0.006528111174702644,0.029555492103099823,,,,,,,,,,,,,,,
unknown,ロ,48,49,44.892525,45.012234,0.9863281,,0.0253448486328125,0.03792228177189827,0.03209993243217468,0.1724195033311844,0.011154567822813988,0.09398208558559418,0.011636307463049889,0.009157107211649418,0.04356633126735687,0.0547771155834198,0.030176373198628426,0.04223322868347168,0.07676026225090027,0.045643266290426254,0.026463188230991364,0.045220885425806046,0.07253687083721161,0.07411012798547745,0.03796559199690819,0.01988672837615013,0.00406785449013114,0.012368336319923401,0.0122848991304636,0.01774813048541546,0.011981376446783543,0.0025678081437945366,0.39210546016693115,0.0239573884755373,0.0049699656665325165,0.3298981785774231,0.0032211861107498407,0.01299747172743082,0.004364997148513794,0.0012393411016091704,0.1925009787082672,0.10894691199064255,0.0275078397244215,0.13328585028648376,0.0033587671350687742,0.06448815017938614,0.030806181952357292,0.005459806881844997,0.01186341606080532,0.012298470363020897,0.04038435220718384,0.08945757895708084,0.020162308588624,0.0064130364917218685,0.016530128195881844,0.03553389385342598,0.0023608263581991196,0.005151041783392429,0.04420297220349312,,,,,,,,,,,,,,,
unknown,ー,50,51,45.012234,45.131943,0.9902344,,0.028447892516851425,0.048737071454524994,0.04440952092409134,0.1696523278951645,0.00433663884177804,0.043778397142887115,0.008014228194952011,0.012040460482239723,0.030376682057976723,0.0492611788213253,0.04180321469902992,0.04136085510253906,0.05445031449198723,0.05342233553528786,0.01694452576339245,0.05687025934457779,0.10853578895330429,0.05653061345219612,0.02176745980978012,0.009545516222715378,0.002207705983892083,0.007316525559872389,0.00870288722217083,0.021794196218252182,0.0075113289058208466,0.0021979515440762043,0.42174652218818665,0.030435817316174507,0.004924044944345951,0.3726128339767456,0.0022355138789862394,0.01552332192659378,0.003522695042192936,0.0008721702033653855,0.2522893249988556,0.14839765429496765,0.03683674335479736,0.18397413194179535,0.0022115532774478197,0.05044613406062126,0.03530659154057503,0.005169193260371685,0.014278971590101719,0.00883555132895708,0.027261674404144287,0.10025255382061005,0.017985530197620392,0.004362153820693493,0.011408867314457893,0.0442315898835659,0.0021734507754445076,0.0036665350198745728,0.03652162849903107,,,,,,,,,,,,,,,
unknown,バ,52,53,45.131943,45.211746,0.9951172,,0.0294308140873909,0.036667753010988235,0.048704493790864944,0.15739284455776215,0.0038259532302618027,0.05175226926803589,0.00931409653276205,0.0115518718957901,0.03628367930650711,0.07875368744134903,0.055849339812994,0.04949713125824928,0.06984533369541168,0.07688929885625839,0.01903196983039379,0.053561244159936905,0.10240314900875092,0.051892511546611786,0.03156600147485733,0.012845007702708244,0.0025170850567519665,0.007775126490741968,0.014495582319796085,0.012907407246530056,0.007726180367171764,0.0026757128071039915,0.3532920479774475,0.028261275961995125,0.006920193787664175,0.2714773118495941,0.0025191258173435926,0.013014094904065132,0.003672845894470811,0.0007940280484035611,0.29717493057250977,0.10547762364149094,0.022765526548027992,0.12495918571949005,0.0024382579140365124,0.03410787507891655,0.045659907162189484,0.0048322672955691814,0.009760057553648949,0.01020568236708641,0.03291791304945946,0.08429847657680511,0.01234307512640953,0.004984444007277489,0.013186800293624401,0.041922371834516525,0.002851234283298254,0.004671567119657993,0.024818679317831993,,,,,,,,,,,,,,,
unknown,ー,54,55,45.211746,45.37136,0.9848633,,0.026356350630521774,0.03584858775138855,0.031842127442359924,0.1518634855747223,0.013142532669007778,0.11899998039007187,0.010450654663145542,0.012759220786392689,0.03414028137922287,0.06721899658441544,0.0378023125231266,0.03412158414721489,0.06260712444782257,0.047703880816698074,0.026391273364424706,0.032083913683891296,0.06271953135728836,0.05178944021463394,0.06700437515974045,0.027697129175066948,0.005573813337832689,0.014353601261973381,0.011337334290146828,0.01357309427112341,0.009939078241586685,0.004081571474671364,0.3558238744735718,0.02258502133190632,0.008041304536163807,0.31118765473365784,0.003039710922166705,0.010321835987269878,0.004873087629675865,0.0015327815199270844,0.2229112833738327,0.09191970527172089,0.024175431579351425,0.08938723802566528,0.003799911355599761,0.02772977389395237,0.0516289547085762,0.005510265938937664,0.01180296204984188,0.017318114638328552,0.04961632192134857,0.0604911632835865,0.01619700901210308,0.007098867557942867,0.03206808865070343,0.05312936380505562,0.004251472186297178,0.006323853973299265,0.025634491816163063,,,,,,,,,,,,,,,
unknown,草,56,57,51.356796,51.856796,0.6870117,,0.01067054457962513,0.0216814037412405,0.0680089071393013,0.11045954376459122,0.0019540071953088045,0.022070113569498062,0.005498643033206463,0.01197508629411459,0.0356559231877327,0.07284042239189148,0.17393852770328522,0.10816961526870728,0.19346556067466736,0.1287790685892105,0.015873197466135025,0.05059818550944328,0.014627906493842602,0.02434435486793518,0.00900792796164751,0.008587740361690521,0.0017078844830393791,0.006181646604090929,0.010684549808502197,0.01025672908872366,0.0050370837561786175,0.0026640172582119703,0.09183531999588013,0.0618019700050354,0.0009760066750459373,0.053023237735033035,0.0025916669983416796,0.005556260235607624,0.0018644080264493823,0.0014974342193454504,0.19449149072170258,0.05397954210639,0.021972350776195526,0.1916051208972931,0.0023162513971328735,0.018001100048422813,0.044420477002859116,0.0026322132907807827,0.015101177617907524,0.006655459757894278,0.023769905790686607,0.04101945087313652,0.007785475812852383,0.0033246211241930723,0.009501513093709946,0.014889058656990528,0.0024682190269231796,0.004991583991795778,0.015297737903892994,,,,,,,,,,,,,,,
unknown,貧,58,59,58.15596,58.39546,0.45874023,,0.01769493706524372,0.026723014190793037,0.04973253235220909,0.1912546157836914,0.0070257107727229595,0.06284236162900925,0.009444868192076683,0.010416515171527863,0.04903792589902878,0.11197030544281006,0.06964682787656784,0.045253679156303406,0.10732366889715195,0.07116193324327469,0.031634196639060974,0.041541263461112976,0.04838237538933754,0.030125340446829796,0.037073880434036255,0.024219507351517677,0.006615697871893644,0.014722057618200779,0.010580762289464474,0.010939216241240501,0.012627463787794113,0.006802834570407867,0.161476731300354,0.02991678938269615,0.003951840568333864,0.10669557750225067,0.0035300119780004025,0.010604368522763252,0.0052775428630411625,0.002551262266933918,0.16063722968101501,0.06831717491149902,0.01911345310509205,0.15539245307445526,0.006180815398693085,0.022767364978790283,0.04521173611283302,0.004679234232753515,0.008574632927775383,0.025650611147284508,0.07237199693918228,0.04894666001200676,0.010308679193258286,0.008765832521021366,0.0158789474517107,0.018225161358714104,0.00651670154184103,0.007890921086072922,0.019490502774715424,,,,,,,,,,,,,,,
unknown,困,60,61,58.39546,58.89546,0.8457031,,0.015752337872982025,0.0399569533765316,0.03986479341983795,0.23131529986858368,0.005739320069551468,0.044261712580919266,0.008813109248876572,0.00945189967751503,0.05457770824432373,0.11685703694820404,0.046562857925891876,0.021870484575629234,0.07873238623142242,0.04578420892357826,0.022272925823926926,0.04860660806298256,0.0686313584446907,0.0192693043500185,0.024228252470493317,0.011311061680316925,0.004130030050873756,0.014663073234260082,0.005870095919817686,0.01946815848350525,0.012847746722400188,0.007497304119169712,0.2003680020570755,0.02823740802705288,0.0035223131999373436,0.160725936293602,0.00244260230101645,0.014869919046759605,0.00633592763915658,0.0018712165765464306,0.12000734359025955,0.14264854788780212,0.0400213859975338,0.2466326355934143,0.00891886092722416,0.02229050174355507,0.03278844803571701,0.004924859385937452,0.014124161563813686,0.032158706337213516,0.06187525391578674,0.05001702532172203,0.011310869827866554,0.00748118432238698,0.011867566034197807,0.019483434036374092,0.006116289645433426,0.009363805875182152,0.01798771508038044,,,,,,,,,,,,,,,
unknown,偽,62,63,63.584625,63.98379,0.9921875,,0.015044959262013435,0.018633827567100525,0.04120730608701706,0.250509649515152,0.007539181038737297,0.07527697086334229,0.006564490497112274,0.01013792585581541,0.04738136753439903,0.12648186087608337,0.07198823243379593,0.03553984314203262,0.05780525878071785,0.04654981940984726,0.0340832956135273,0.07110032439231873,0.0434362068772316,0.029024938121438026,0.038653235882520676,0.0189345870167017,0.006860540248453617,0.010343353264033794,0.0065763527527451515,0.01492785383015871,0.018483232706785202,0.004919024184346199,0.19588641822338104,0.02221093699336052,0.005010843742638826,0.1531221568584442,0.0017869144212454557,0.013622675091028214,0.006818993948400021,0.0016889304388314486,0.14216852188110352,0.10226184874773026,0.011366711929440498,0.09576200693845749,0.005059556104242802,0.041512005031108856,0.05207705870270729,0.008756139315664768,0.004600479267537594,0.017429934814572334,0.07925599068403244,0.10092546790838242,0.0072722467593848705,0.01047137938439846,0.019478827714920044,0.03729948773980141,0.004726625978946686,0.007597499061375856,0.03845853731036186,,,,,,,,,,,,,,,
unknown,り,64,65,63.98379,64.483795,0.984375,,0.013217741623520851,0.01935971900820732,0.04204188287258148,0.22405089437961578,0.006582305766642094,0.06795182079076767,0.006448599975556135,0.008487346582114697,0.050954174250364304,0.15742139518260956,0.07774360477924347,0.03429587930440903,0.05107252299785614,0.04109159857034683,0.03572617098689079,0.0796780064702034,0.051040805876255035,0.030665233731269836,0.03275415673851967,0.019108222797513008,0.006582747679203749,0.00889737531542778,0.00631907070055604,0.016757870092988014,0.01804911531507969,0.0034160600043833256,0.19789589941501617,0.024237222969532013,0.004486940801143646,0.15583927929401398,0.001699152053333819,0.01269401516765356,0.00732208089902997,0.0014173680683597922,0.11882414668798447,0.10095067322254181,0.012417100369930267,0.08742156624794006,0.0035468379501253366,0.042323578149080276,0.03763218969106674,0.007567980792373419,0.005233741365373135,0.014910843223333359,0.06951911002397537,0.09853611886501312,0.009796299040317535,0.010869886726140976,0.01321664359420538,0.02488058991730213,0.0034609066788107157,0.010025097988545895,0.03698902949690819,,,,,,,,,,,,,,,
unknown,井,66,67,68.29479,68.45446,0.6401367,,0.008504017256200314,0.015048864297568798,0.026390837505459785,0.12899541854858398,0.00735516706481576,0.07862700521945953,0.010036260820925236,0.005001433193683624,0.05363528057932854,0.1813182830810547,0.06708119064569473,0.052126459777355194,0.048348188400268555,0.042258650064468384,0.027313636615872383,0.055532246828079224,0.06944858282804489,0.04734984412789345,0.03090059943497181,0.015998348593711853,0.005557054188102484,0.012439833022654057,0.007033569272607565,0.010530098341405392,0.016833582893013954,0.003352668834850192,0.20746445655822754,0.017462914809584618,0.0029680123552680016,0.15871940553188324,0.0021981424652040005,0.012440137565135956,0.00923723354935646,0.0013539429055526853,0.13496489822864532,0.06488661468029022,0.012995018623769283,0.11954528838396072,0.0039163329638540745,0.028004176914691925,0.04510028287768364,0.0075841909274458885,0.005278035067021847,0.01428602822124958,0.03938636556267738,0.07406588643789291,0.009310592897236347,0.010009602643549442,0.01358475349843502,0.023392921313643456,0.003123482223600149,0.0138892512768507,0.028223875910043716,,,,,,,,,,,,,,,
unknown,動,68,69,68.45446,68.95446,0.8823242,,0.00794435665011406,0.015222910791635513,0.02865656651556492,0.14864899218082428,0.005153189413249493,0.05316545441746712,0.009304237551987171,0.005115365609526634,0.05207854509353638,0.13123363256454468,0.06081186980009079,0.061766061931848526,0.05455123633146286,0.03845130652189255,0.02164684794843197,0.05346176028251648,0.08456119894981384,0.04815584793686867,0.013849428854882717,0.010692892596125603,0.003948557656258345,0.008920461870729923,0.005743400193750858,0.014625788666307926,0.013556184247136116,0.002312410157173872,0.254261314868927,0.020403441041707993,0.002242789138108492,0.21521908044815063,0.0020864743273705244,0.011051821522414684,0.006748877931386232,0.0012782346457242966,0.16890862584114075,0.07472846657037735,0.011512880213558674,0.13276715576648712,0.002152272267267108,0.03066139854490757,0.03366141393780708,0.006741357035934925,0.004970479756593704,0.006405990105122328,0.029198352247476578,0.07944423705339432,0.011503341607749462,0.006742038298398256,0.009840268641710281,0.025368349626660347,0.0021783974952995777,0.00811371486634016,0.03115599788725376,,,,,,,,,,,,,,,
unknown,レ,70,71,74.97775,75.05762,0.99853516,,0.006511193234473467,0.011724332347512245,0.02434776909649372,0.14520369470119476,0.012878607027232647,0.10668356716632843,0.011636344715952873,0.004674193914979696,0.061444241553545,0.15945735573768616,0.05063671991229057,0.060115862637758255,0.08399074524641037,0.04318314418196678,0.03632441163063049,0.032892126590013504,0.0686502456665039,0.059768807142972946,0.02032318338751793,0.021922914311289787,0.007030718494206667,0.013405314646661282,0.010126686654984951,0.010093443095684052,0.014103980734944344,0.002306204754859209,0.2210761457681656,0.019553935155272484,0.003470839001238346,0.15633651614189148,0.002786399098113179,0.0061962236650288105,0.006792590953409672,0.0016038052272051573,0.13898025453090668,0.05156434327363968,0.008213291876018047,0.057653237134218216,0.0028368874918669462,0.028008760884404182,0.029950672760605812,0.002934056334197521,0.004007431212812662,0.008151303045451641,0.0638638511300087,0.043561726808547974,0.008322211913764477,0.008464276790618896,0.01198576856404543,0.016089556738734245,0.0021463052835315466,0.010768364183604717,0.0228697769343853,,,,,,,,,,,,,,,
unknown,ス,72,73,75.05762,75.17742,1.0,,0.005667341873049736,0.007305543404072523,0.019128110259771347,0.1348951756954193,0.01782873459160328,0.15082816779613495,0.019234120845794678,0.003904298646375537,0.08752311021089554,0.13106785714626312,0.04892858862876892,0.0770111009478569,0.1026512086391449,0.055833850055933,0.043013621121644974,0.024916142225265503,0.06195845082402229,0.06522505730390549,0.02311554178595543,0.03199252858757973,0.011290500871837139,0.019592979922890663,0.016246283426880836,0.005299539305269718,0.027919046580791473,0.0024807106237858534,0.15067006647586823,0.016261914744973183,0.0037502734921872616,0.0931616872549057,0.005361215677112341,0.005394028499722481,0.011003626510500908,0.002613112796097994,0.15073351562023163,0.02624823898077011,0.004185240250080824,0.0562199205160141,0.003289855318143964,0.030048871412873268,0.037049345672130585,0.0030078496783971786,0.0023726888466626406,0.007415384985506535,0.07103774696588516,0.038322195410728455,0.0068681975826621056,0.014013180509209633,0.01517570298165083,0.015654457733035088,0.002161662792786956,0.009036079980432987,0.019686253741383553,,,,,,,,,,,,,,,
unknown,ト,74,75,75.17742,75.257286,1.0,,0.008367523550987244,0.013445422984659672,0.030465325340628624,0.1428631842136383,0.012756546959280968,0.10847952961921692,0.015349873341619968,0.005986365955322981,0.06972948461771011,0.1137176975607872,0.06929785758256912,0.07842973619699478,0.09376584738492966,0.06397347897291183,0.03753487765789032,0.03508881852030754,0.11184509843587875,0.06369630992412567,0.018000811338424683,0.02530580945312977,0.009184341877698898,0.015254369005560875,0.014067715965211391,0.00964000727981329,0.017632806673645973,0.003359350608661771,0.17628192901611328,0.025125622749328613,0.004995239432901144,0.10886060446500778,0.0044097392819821835,0.007193860597908497,0.00893918052315712,0.002331141149625182,0.18668432533740997,0.04218665137887001,0.009581766091287136,0.059175312519073486,0.0035284848418086767,0.027126969769597054,0.037753667682409286,0.0036055815871804953,0.005801957566291094,0.006679260637611151,0.0653209388256073,0.05054905265569687,0.01462885458022356,0.010376101359724998,0.012840001843869686,0.01924806460738182,0.0032609160989522934,0.008399241603910923,0.01972232013940811,,,,,,,,,,,,,,,
unknown,ラ,76,77,75.257286,75.37709,0.99902344,,0.004960828926414251,0.007329625077545643,0.021386880427598953,0.13658049702644348,0.02222835272550583,0.14757126569747925,0.023045748472213745,0.004426517523825169,0.07390855997800827,0.0808335393667221,0.054372645914554596,0.07956135272979736,0.10978531092405319,0.07381974160671234,0.04983469843864441,0.02311382256448269,0.0945584774017334,0.07708612084388733,0.025245314463973045,0.04209880903363228,0.016036152839660645,0.023880161345005035,0.020178722217679024,0.007881452329456806,0.020795855671167374,0.004634039476513863,0.14594383537769318,0.019680244848132133,0.004832602571696043,0.09315743297338486,0.00759857427328825,0.004982674960047007,0.012140381149947643,0.0043552955612540245,0.17513945698738098,0.02604035474359989,0.0057728891260921955,0.0449480377137661,0.004292873665690422,0.019931072369217873,0.04090382531285286,0.0039405738934874535,0.004879074636846781,0.008661790750920773,0.08842640370130539,0.03639307618141174,0.016138490289449692,0.01368850190192461,0.019486472010612488,0.01667138747870922,0.004295832477509975,0.007865848951041698,0.018030915409326553,,,,,,,,,,,,,,,
unknown,ン,78,79,75.37709,75.87709,0.9946289,,0.006713898852467537,0.01277064811438322,0.03690967336297035,0.14141829311847687,0.006070324685424566,0.08390224725008011,0.014729595743119717,0.004631263669580221,0.12021224200725555,0.14004379510879517,0.1059502586722374,0.05142544209957123,0.08135518431663513,0.07656285166740417,0.0342022106051445,0.055746693164110184,0.11444078385829926,0.029080074280500412,0.025035249069333076,0.02260572835803032,0.010298047214746475,0.013518758118152618,0.013506333343684673,0.007872753776609898,0.048173949122428894,0.00511171855032444,0.07817566394805908,0.024524204432964325,0.005213151685893536,0.04309738427400589,0.003022563410922885,0.011511973105370998,0.02806190401315689,0.001993548823520541,0.11985152959823608,0.03336413949728012,0.011966831050813198,0.09505657851696014,0.004224083386361599,0.02285986766219139,0.06439676135778427,0.008438759483397007,0.00899482797831297,0.01135505922138691,0.06646839529275894,0.06945790350437164,0.02393284998834133,0.027264520525932312,0.012379495427012444,0.01827171817421913,0.005420738365501165,0.012336865067481995,0.015323800034821033,,,,,,,,,,,,,,,
unknown,近,80,81,80.24901,80.52855,0.98876953,,0.005339849274605513,0.008135066367685795,0.02307824231684208,0.14579050242900848,0.00816380325704813,0.13752305507659912,0.018688952550292015,0.003963360097259283,0.10524605214595795,0.16942431032657623,0.10325954854488373,0.05047881230711937,0.08203928172588348,0.09084073454141617,0.037227530032396317,0.053019553422927856,0.09704119712114334,0.025946790352463722,0.049405138939619064,0.02936198003590107,0.011116500943899155,0.01800934039056301,0.016225581988692284,0.00492949690669775,0.05566975474357605,0.006420476827770472,0.06610410660505295,0.01570613496005535,0.005737360566854477,0.037985317409038544,0.0033069043420255184,0.012659857980906963,0.03906259313225746,0.002010576194152236,0.11349312216043472,0.028287680819630623,0.0070497640408575535,0.12484244257211685,0.005615821108222008,0.018357014283537865,0.09510718286037445,0.013953286223113537,0.004412590991705656,0.01769372634589672,0.07105237245559692,0.06618854403495789,0.009902254678308964,0.03220498934388161,0.018493767827749252,0.02175176702439785,0.006865997798740864,0.016931936144828796,0.015268869698047638,,,,,,,,,,,,,,,
unknown,い,82,83,80.52855,81.02855,0.9970703,,0.015893878415226936,0.023059489205479622,0.06775593012571335,0.149647057056427,0.003598578041419387,0.06218890845775604,0.010470978915691376,0.010925537906587124,0.05318145081400871,0.10209410637617111,0.1382727324962616,0.060188498347997665,0.08716538548469543,0.10976871103048325,0.02518427185714245,0.09214454144239426,0.10367970913648605,0.03600768372416496,0.0322643481194973,0.01828967221081257,0.005106956232339144,0.010087704285979271,0.014369212090969086,0.01317248959094286,0.019520893692970276,0.005748424679040909,0.13818737864494324,0.036307595670223236,0.006209628190845251,0.07402345538139343,0.0022630910389125347,0.01687086932361126,0.012796193361282349,0.0011819571955129504,0.16985291242599487,0.06402091681957245,0.01794550009071827,0.13241633772850037,0.004073536489158869,0.028240177780389786,0.07489030063152313,0.014125855639576912,0.010581311769783497,0.013384014368057251,0.045472562313079834,0.10801048576831818,0.018373263999819756,0.013236280530691147,0.012536576949059963,0.031815771013498306,0.006789172533899546,0.014012327417731285,0.025998517870903015,,,,,,,,,,,,,,,
unknown,か,84,85,88.1724,88.29224,0.9941406,,0.014086276292800903,0.01951642334461212,0.11121749132871628,0.08553993701934814,0.003489200258627534,0.04237469658255577,0.007247196510434151,0.01612781174480915,0.023861289024353027,0.12640394270420074,0.1651700884103775,0.08266066759824753,0.1362493485212326,0.16401009261608124,0.0258370079100132,0.06521211564540863,0.09512738138437271,0.02680603601038456,0.02450869418680668,0.01647249422967434,0.00482665840536356,0.010342581197619438,0.014193994924426079,0.013082933612167835,0.005062176380306482,0.004871292971074581,0.08836804330348969,0.06466071307659149,0.0048438552767038345,0.04281111806631088,0.0025191940367221832,0.012139942497015,0.0037742743734270334,0.0018136791186407208,0.1767497956752777,0.04611146077513695,0.014573772437870502,0.17473556101322174,0.004905541893094778,0.011535302735865116,0.041640255600214005,0.005281197372823954,0.011525111272931099,0.01693607121706009,0.04691018909215927,0.04915887489914894,0.012563306838274002,0.005747663788497448,0.009591632522642612,0.014563791453838348,0.0047636632807552814,0.01813066005706787,0.01422108244150877,,,,,,,,,,,,,,,
unknown,わ,86,87,88.29224,88.41207,0.9824219,,0.009352047927677631,0.016802622005343437,0.06912831962108612,0.22073344886302948,0.003948227968066931,0.051467668265104294,0.004370376002043486,0.009318539872765541,0.04033287614583969,0.09854362159967422,0.08149699121713638,0.04204554110765457,0.12360918521881104,0.08792084455490112,0.03141017630696297,0.049667708575725555,0.12496931850910187,0.022054582834243774,0.023372571915388107,0.02375969849526882,0.008209902793169022,0.006191005930304527,0.013530641794204712,0.01913696900010109,0.008356879465281963,0.003362952498719096,0.1523323357105255,0.04243963956832886,0.005084949545562267,0.08637608587741852,0.001330757513642311,0.005358200985938311,0.0044266097247600555,0.0015615219017490745,0.1745598018169403,0.07044792920351028,0.014444008469581604,0.12297012656927109,0.0023104557767510414,0.011463304050266743,0.03383515775203705,0.0034099803306162357,0.013348974287509918,0.0077717057429254055,0.07898702472448349,0.053583789616823196,0.0308323185890913,0.006587063428014517,0.013600265607237816,0.022519050166010857,0.0036149448715150356,0.00824936106801033,0.014202059246599674,,,,,,,,,,,,,,,
unknown,い,88,89,88.41207,88.49196,0.8378906,,0.011545473709702492,0.016813090071082115,0.08746221661567688,0.20846249163150787,0.0024354099296033382,0.03994235768914223,0.005278645548969507,0.012090671807527542,0.03819132596254349,0.11291032284498215,0.10570269823074341,0.06709562242031097,0.12023479491472244,0.1112603023648262,0.024129774421453476,0.066545270383358,0.08868131786584854,0.030009355396032333,0.01852439157664776,0.015463766641914845,0.0045615313574671745,0.0060412283055484295,0.014048661105334759,0.020153678953647614,0.008811323903501034,0.0030367374420166016,0.16429686546325684,0.054080452769994736,0.004596146754920483,0.09039641171693802,0.001570093329064548,0.005976625718176365,0.004262310452759266,0.0012499734293669462,0.1775633543729782,0.0750160664319992,0.011600376106798649,0.12824591994285583,0.0023179231211543083,0.01966581493616104,0.0387028343975544,0.00426497170701623,0.009817102923989296,0.007413001265376806,0.05650707334280014,0.06908665597438812,0.01867998018860817,0.006450221408158541,0.010231666266918182,0.02201232500374317,0.0031576326582580805,0.010357869789004326,0.02131807990372181,,,,,,,,,,,,,,,
unknown,い,90,91,88.49196,88.99196,0.9448242,,0.01429063268005848,0.01799543760716915,0.06756603717803955,0.22386938333511353,0.003112554084509611,0.042141471058130264,0.005454741884022951,0.013858431950211525,0.029327422380447388,0.07811722904443741,0.09516456723213196,0.07243863493204117,0.09337275475263596,0.14671890437602997,0.029752453789114952,0.06382357329130173,0.09333595633506775,0.054291870445013046,0.020908378064632416,0.018933938816189766,0.004992817994207144,0.0055593159049749374,0.018242228776216507,0.02313375659286976,0.0071518514305353165,0.004885916132479906,0.2545052468776703,0.05002271756529808,0.007875864394009113,0.13888907432556152,0.0014659806620329618,0.004778334870934486,0.00477205915376544,0.001046651159413159,0.24561744928359985,0.0838148444890976,0.012917621992528439,0.09888579696416855,0.002117471769452095,0.02734632045030594,0.04878140240907669,0.0042208400554955006,0.011582281440496445,0.007296557538211346,0.06278058886528015,0.07685737311840057,0.02425374835729599,0.0068697575479745865,0.010907855816185474,0.026582589372992516,0.005606724880635738,0.00967562384903431,0.02942156232893467,,,,,,,,,,,,,,,
unknown,瓦,92,93,91.80737,92.12693,0.6665039,,0.00909515656530857,0.016274724155664444,0.05951270833611488,0.1590242087841034,0.007101515773683786,0.06501271575689316,0.0079685403034091,0.010666653513908386,0.033585455268621445,0.10189110040664673,0.10837320983409882,0.058043789118528366,0.06208425387740135,0.11341286450624466,0.038941796869039536,0.07331553101539612,0.11327273398637772,0.04943295195698738,0.03658992424607277,0.028220174834132195,0.010400740429759026,0.011169693432748318,0.012036247178912163,0.02396491728723049,0.011654378846287727,0.005953979678452015,0.1748303472995758,0.04498911648988724,0.007018251344561577,0.11450286209583282,0.0023203713353723288,0.005565328057855368,0.009685100987553596,0.0022631364408880472,0.15008918941020966,0.07070471346378326,0.015362274833023548,0.14971178770065308,0.004656967241317034,0.027089878916740417,0.05350876972079277,0.005970766302198172,0.015256448648869991,0.0182047039270401,0.05559279024600983,0.0790366530418396,0.03184318542480469,0.013173960149288177,0.013937670737504959,0.018947605043649673,0.005561796948313713,0.014007866382598877,0.030454367399215698,,,,,,,,,,,,,,,
unknown,ら,94,95,92.12693,92.62693,0.6635742,,0.010258058086037636,0.015109625644981861,0.03841458261013031,0.08236557990312576,0.013120550662279129,0.1323617398738861,0.01993301697075367,0.010388492606580257,0.033976275473833084,0.22846098244190216,0.057850394397974014,0.045403674244880676,0.05502282455563545,0.08320210874080658,0.033595919609069824,0.04729628935456276,0.08798574656248093,0.058150846511125565,0.12236683070659637,0.03308962285518646,0.009723507799208164,0.03145779296755791,0.01561014074832201,0.018315551802515984,0.015040866099298,0.007806465029716492,0.17993086576461792,0.03293340280652046,0.011215964332222939,0.15363427996635437,0.0038944631814956665,0.00586340669542551,0.01607496291399002,0.0019587860442698,0.09998282045125961,0.053283073008060455,0.010915787890553474,0.06698787957429886,0.011811649426817894,0.021219586953520775,0.05477823317050934,0.00668414356186986,0.008628616109490395,0.06521349400281906,0.041619814932346344,0.049746736884117126,0.016153709962964058,0.02153743803501129,0.020428208634257317,0.014802663587033749,0.00632367841899395,0.058621760457754135,0.025611042976379395,,,,,,,,,,,,,,,
unknown,布,96,97,98.41317,98.91317,0.99316406,,0.009039136581122875,0.012245328165590763,0.039959315210580826,0.10218501836061478,0.035210199654102325,0.24111111462116241,0.02029934711754322,0.007702505681663752,0.04404991865158081,0.17045184969902039,0.048637717962265015,0.04764756187796593,0.05050278827548027,0.054158858954906464,0.06580141931772232,0.02402614802122116,0.057945676147937775,0.05346689745783806,0.10365225374698639,0.07996726781129837,0.02633010409772396,0.03668556362390518,0.015252945944666862,0.007934180088341236,0.021144047379493713,0.011214359663426876,0.11664237827062607,0.023410582914948463,0.012358819134533405,0.0766410082578659,0.005345530807971954,0.003157634288072586,0.010536164976656437,0.0043518878519535065,0.09081929177045822,0.02555658668279648,0.007566933985799551,0.05143416300415993,0.01131393387913704,0.016268456354737282,0.040849361568689346,0.00359335052780807,0.007442506495863199,0.03896229341626167,0.061082761734724045,0.028766166418790817,0.018853211775422096,0.020595096051692963,0.026525428518652916,0.011076164431869984,0.009884177707135677,0.02173381857573986,0.015937242656946182,,,,,,,,,,,,,,,
unknown,ヤ,98,99,105.04352,105.203285,0.7446289,,0.008793167769908905,0.01173405908048153,0.03161240741610527,0.10311128199100494,0.026238813996315002,0.16974610090255737,0.015030273236334324,0.010234316810965538,0.03399484604597092,0.1845574676990509,0.061228469014167786,0.047920431941747665,0.04603556543588638,0.05676976963877678,0.048900242894887924,0.037283726036548615,0.05009869113564491,0.05125565454363823,0.08892963826656342,0.04867646470665932,0.019359687343239784,0.031981103122234344,0.010340112261474133,0.01421140506863594,0.019115619361400604,0.010511725209653378,0.14018480479717255,0.026492640376091003,0.009248241782188416,0.10264384001493454,0.0038098879158496857,0.0033633604180067778,0.013270417228341103,0.003662402741611004,0.08723791688680649,0.03901125490665436,0.006965571083128452,0.056626126170158386,0.013481847941875458,0.025611473247408867,0.046258676797151566,0.004637595731765032,0.005392128136008978,0.03930318355560303,0.044934190809726715,0.04369480907917023,0.014248010702431202,0.022247230634093285,0.025153201073408127,0.013861558400094509,0.00850295927375555,0.04506643861532211,0.02814563550055027,,,,,,,,,,,,,,,
unknown,ス,100,101,105.203285,105.32311,0.9526367,,0.011940401047468185,0.012327821925282478,0.033251747488975525,0.12332656979560852,0.02349112369120121,0.15019172430038452,0.014632048085331917,0.010170619934797287,0.03848947584629059,0.13913194835186005,0.07221037149429321,0.07178949564695358,0.07296928763389587,0.07567378878593445,0.05442417040467262,0.03215515986084938,0.05437397211790085,0.07011255621910095,0.061325475573539734,0.0555841289460659,0.01763608306646347,0.02526567131280899,0.017560014501214027,0.011911631561815739,0.014289983548223972,0.014486627653241158,0.1479955017566681,0.02764677070081234,0.00985361635684967,0.08305690437555313,0.0042054071091115475,0.003906702157109976,0.00867606233805418,0.0034372075460851192,0.14181283116340637,0.03417033329606056,0.008551167324185371,0.0488118901848793,0.010250469669699669,0.018563952296972275,0.0478329211473465,0.005255743861198425,0.008480357937514782,0.021707823500037193,0.06308326125144958,0.04043685272336006,0.022688185796141624,0.015068517997860909,0.023947807028889656,0.016721591353416443,0.014361496083438396,0.031997200101614,0.025172289460897446,,,,,,,,,,,,,,,
unknown,リ,102,103,105.32311,105.82311,0.9814453,,0.014257227070629597,0.01241909246891737,0.03612169623374939,0.08591281622648239,0.03194133937358856,0.16185298562049866,0.01476195827126503,0.011026949621737003,0.03235387057065964,0.13551469147205353,0.08409002423286438,0.061860889196395874,0.0922045186161995,0.08259513974189758,0.05918121337890625,0.04057348892092705,0.04333933815360069,0.058091022074222565,0.08601520210504532,0.055119387805461884,0.020437587052583694,0.03375723958015442,0.01710439659655094,0.008904627524316311,0.015748335048556328,0.017703132703900337,0.09320773184299469,0.02367323450744152,0.009966298006474972,0.047712136059999466,0.004306002054363489,0.006648973561823368,0.010639580897986889,0.003949219826608896,0.11010733991861343,0.031047308817505836,0.007861786521971226,0.061989329755306244,0.019280634820461273,0.025284891948103905,0.05171675980091095,0.0074248299933969975,0.0053453571163117886,0.045141179114580154,0.05564014986157417,0.04547945037484169,0.010645615868270397,0.019448574632406235,0.02577848732471466,0.015509242191910744,0.01680845580995083,0.03367301821708679,0.029827827587723732,,,,,,,,,,,,,,,
unknown,カ,104,105,109.91643,110.07619,0.99902344,,0.012399699538946152,0.009007846936583519,0.016174549236893654,0.06708180159330368,0.11066043376922607,0.2066274732351303,0.015362300910055637,0.010548330843448639,0.017630383372306824,0.03230816125869751,0.017833508551120758,0.01827112026512623,0.052312999963760376,0.051235973834991455,0.10783887654542923,0.011860601603984833,0.025391077622771263,0.033381715416908264,0.15983502566814423,0.1060296818614006,0.06168332323431969,0.06242705136537552,0.01298633310943842,0.006057534832507372,0.01708715781569481,0.03336217999458313,0.05043070390820503,0.012943646870553493,0.014939106069505215,0.031211433932185173,0.006218341179192066,0.003421060973778367,0.012603601440787315,0.01311914436519146,0.04883619397878647,0.015548576600849628,0.004885474219918251,0.04531901329755783,0.03746836632490158,0.017753491178154945,0.04424035921692848,0.004280709195882082,0.002816620748490095,0.10097084194421768,0.07304016500711441,0.020198358222842216,0.00625588046386838,0.03150485083460808,0.04870670661330223,0.01042493898421526,0.02742179110646248,0.009976922534406185,0.022099802270531654,,,,,,,,,,,,,,,
unknown,レ,106,107,110.07619,110.196014,0.99853516,,0.025546159595251083,0.01772892288863659,0.03351527079939842,0.054522302001714706,0.03769581764936447,0.13316862285137177,0.014184331521391869,0.017523936927318573,0.015746746212244034,0.04866616800427437,0.047133345156908035,0.04043296352028847,0.07785241305828094,0.08198323845863342,0.053863752633333206,0.06015811860561371,0.03436267748475075,0.0412970669567585,0.08125318586826324,0.04275781661272049,0.02075478620827198,0.029105067253112793,0.015945687890052795,0.014723744243383408,0.010689240880310535,0.007788540329784155,0.1254897564649582,0.02335106022655964,0.008300459012389183,0.0843467265367508,0.004609322641044855,0.010379559360444546,0.006905635353177786,0.004281169269233942,0.07339112460613251,0.054352812469005585,0.008627541363239288,0.09799345582723618,0.018245121464133263,0.0657723918557167,0.05689537152647972,0.014587660320103168,0.0029956400394439697,0.03597260266542435,0.03713296726346016,0.09714995324611664,0.005160890519618988,0.016002735123038292,0.03226759657263756,0.03248722478747368,0.00648861238732934,0.013049856759607792,0.07351910322904587,,,,,,,,,,,,,,,
unknown,ン,108,109,110.196014,110.31584,0.9995117,,0.02000439539551735,0.016858486458659172,0.029622165486216545,0.05337081477046013,0.0987619161605835,0.24723032116889954,0.012181980535387993,0.013713477179408073,0.01659633032977581,0.04601699858903885,0.04250030964612961,0.03941434994339943,0.06201785057783127,0.0652805045247078,0.09219130128622055,0.05276847630739212,0.028633758425712585,0.06114982068538666,0.11099458485841751,0.08055677264928818,0.037408497184515,0.03408348187804222,0.013754988089203835,0.013362934812903404,0.012409710325300694,0.009549529291689396,0.11472515016794205,0.020258862525224686,0.010026134550571442,0.06921900808811188,0.0037566679529845715,0.0083039915189147,0.007955756038427353,0.005152137018740177,0.0629376545548439,0.04561770334839821,0.010522319935262203,0.08341223001480103,0.022837501019239426,0.07428731769323349,0.05005336180329323,0.011476455256342888,0.0046718851663172245,0.042738549411296844,0.04023989289999008,0.08558414876461029,0.00857231579720974,0.019622422754764557,0.041587021201848984,0.025475384667515755,0.007627454586327076,0.014128049835562706,0.07869935780763626,,,,,,,,,,,,,,,
unknown,ダ,110,111,110.31584,110.39573,0.9975586,,0.03224069997668266,0.03311685472726822,0.05219300463795662,0.05146357789635658,0.039556749165058136,0.12209849059581757,0.010160485282540321,0.02194368652999401,0.011793239042162895,0.05022004619240761,0.07042388617992401,0.03658827766776085,0.051299627870321274,0.08317931741476059,0.05933244898915291,0.11945060640573502,0.05090267211198807,0.038248781114816666,0.0801323801279068,0.04074465110898018,0.022171637043356895,0.025039352476596832,0.00874814111739397,0.02888280712068081,0.008585133589804173,0.00844812672585249,0.140044704079628,0.03455285727977753,0.00743978563696146,0.09526996314525604,0.002757451729848981,0.021330414339900017,0.006666000001132488,0.0037924584466964006,0.06982695311307907,0.09469534456729889,0.023166313767433167,0.20180180668830872,0.020461788401007652,0.07501981407403946,0.05069444701075554,0.02488895133137703,0.00869002565741539,0.04663486406207085,0.024008162319660187,0.16305914521217346,0.013481369242072105,0.014055770821869373,0.025862039998173714,0.03374655917286873,0.006408553570508957,0.02057320438325405,0.09080874919891357,,,,,,,,,,,,,,,
unknown,ー,112,113,110.39573,110.89573,0.9975586,,0.026002313941717148,0.027083154767751694,0.0477975457906723,0.04593461751937866,0.05754142627120018,0.15746484696865082,0.010432847775518894,0.019641175866127014,0.012247385457158089,0.04956420511007309,0.058743637055158615,0.030699988827109337,0.05312208831310272,0.07047411054372787,0.07079784572124481,0.09901534765958786,0.04266098141670227,0.028986256569623947,0.09391982108354568,0.059849053621292114,0.03557354956865311,0.02973860874772072,0.00869809277355671,0.02527630142867565,0.009727568365633488,0.007340246811509132,0.11808788031339645,0.03121853619813919,0.0059171272441744804,0.0797116607427597,0.003118369961157441,0.018899885937571526,0.0066467165015637875,0.0054054344072937965,0.057648468762636185,0.07633481919765472,0.018668923527002335,0.17615066468715668,0.021027693524956703,0.05610330402851105,0.04576922953128815,0.021074142307043076,0.007270865608006716,0.04467818886041641,0.02680828608572483,0.13720037043094635,0.013023260980844498,0.015209970064461231,0.033273495733737946,0.03287842869758606,0.00527882669121027,0.01958824321627617,0.07210381329059601,,,,,,,,,,,,,,,
unknown,セ,114,115,118.37,118.57001,0.34179688,,0.03901361674070358,0.0374322384595871,0.04804612696170807,0.061365947127342224,0.05419929325580597,0.16089558601379395,0.007771483156830072,0.02498304285109043,0.013543752953410149,0.052942320704460144,0.05591895058751106,0.0294891819357872,0.06955248862504959,0.06677515804767609,0.06759705394506454,0.07518516480922699,0.05162841081619263,0.03711241856217384,0.08051533997058868,0.05368494987487793,0.02340017631649971,0.02031790092587471,0.009286073036491871,0.029526706784963608,0.006020429078489542,0.008563634939491749,0.18657198548316956,0.03331312909722328,0.01210772804915905,0.13243328034877777,0.0018917137058451772,0.015533571131527424,0.00368131254799664,0.002789126941934228,0.10321520268917084,0.09345679730176926,0.020146604627370834,0.0945446565747261,0.013692638836801052,0.052600663155317307,0.037435561418533325,0.014165505766868591,0.01058925036340952,0.03343125805258751,0.03238551691174507,0.1108853816986084,0.022081034258008003,0.009003795683383942,0.03036881610751152,0.04109600558876991,0.007398489397019148,0.016136059537529945,0.06263640522956848,,,,,,,,,,,,,,,
unknown,タ,116,117,118.57001,118.810005,0.35205078,,0.03806723281741142,0.03492763265967369,0.03522660955786705,0.0761546641588211,0.06765385717153549,0.17724235355854034,0.006778370123356581,0.02307317778468132,0.01364421471953392,0.032616909593343735,0.03563092276453972,0.02884005941450596,0.07708704471588135,0.05206911265850067,0.06408581882715225,0.05100785568356514,0.05155376344919205,0.047088220715522766,0.09027300029993057,0.06106170266866684,0.023548850789666176,0.019166570156812668,0.00940531212836504,0.028079673647880554,0.006526636891067028,0.0077093844301998615,0.2368944138288498,0.027864310890436172,0.012099501676857471,0.18007643520832062,0.0019863522611558437,0.009556850418448448,0.004043037537485361,0.0032251249067485332,0.13173052668571472,0.07845128327608109,0.01679261028766632,0.06813552230596542,0.0104110362008214,0.0601012147963047,0.03720612823963165,0.008661371655762196,0.008114617317914963,0.02540166676044464,0.034110940992832184,0.10279963165521622,0.022249048575758934,0.00896239560097456,0.04489611089229584,0.04835284873843193,0.007115582935512066,0.007590898312628269,0.07014923542737961,,,,,,,,,,,,,,,
unknown,テ,118,119,118.810005,119.310005,0.38012695,,0.024731481447815895,0.014966435730457306,0.03966716304421425,0.06504085659980774,0.01659153774380684,0.09125504642724991,0.006766883190721273,0.014465614221990108,0.010627899318933487,0.0484941266477108,0.12084390968084335,0.10264234989881516,0.06947828084230423,0.12207762151956558,0.04844219610095024,0.09732925146818161,0.04308473318815231,0.08631085604429245,0.03321543708443642,0.02802305668592453,0.00833685789257288,0.008696747943758965,0.01218362059444189,0.015296980738639832,0.003013764740899205,0.005479865241795778,0.24462957680225372,0.02369111031293869,0.007179554086178541,0.13736100494861603,0.0016693070065230131,0.012241950258612633,0.0026433239690959454,0.0012991426046937704,0.22204196453094482,0.059654250741004944,0.007222513668239117,0.07507171481847763,0.004098447971045971,0.06173202395439148,0.048237308859825134,0.016785789281129837,0.003213172312825918,0.008607531897723675,0.03097023442387581,0.159982368350029,0.00749702425673604,0.0045745703391730785,0.016430113464593887,0.035655464977025986,0.006451931316405535,0.011474431492388248,0.09054994583129883,,,,,,,,,,,,,,,
unknown,い,120,121,124.770004,124.93,0.5683594,,0.03687799721956253,0.030482493340969086,0.040811605751514435,0.05633788928389549,0.02427118644118309,0.08615145832300186,0.005872697569429874,0.022011328488588333,0.010075760073959827,0.038506511598825455,0.09034215658903122,0.05910167470574379,0.07673686742782593,0.0968279018998146,0.04851505160331726,0.08136703073978424,0.053397227078676224,0.06814255565404892,0.04392530396580696,0.033208899199962616,0.010269822552800179,0.010523111559450626,0.010749266482889652,0.02620985545217991,0.0027526761405169964,0.0066767907701432705,0.2327214777469635,0.03449029475450516,0.008854677900671959,0.15169657766819,0.0017206025077030063,0.010412846691906452,0.0022959194611757994,0.001681952620856464,0.18325212597846985,0.0762256532907486,0.017068561166524887,0.07996059209108353,0.00598315242677927,0.050358377397060394,0.04596183821558952,0.014101698994636536,0.009950626641511917,0.015651706606149673,0.023869937285780907,0.13162918388843536,0.0211184099316597,0.004846504423767328,0.022540925070643425,0.041070692241191864,0.0072953421622514725,0.008746007457375526,0.07820139080286026,,,,,,,,,,,,,,,
unknown,え,122,123,124.93,125.43,0.68115234,,0.05675310641527176,0.039335962384939194,0.04415353015065193,0.08918455243110657,0.029332103207707405,0.13405339419841766,0.006563688162714243,0.03125078231096268,0.015452742576599121,0.04554416611790657,0.0530376099050045,0.035629622638225555,0.07699821144342422,0.08579136431217194,0.054979417473077774,0.061671655625104904,0.05257977917790413,0.04950970783829689,0.10271047800779343,0.05497094988822937,0.015799129381775856,0.014486579224467278,0.014303688891232014,0.022972257807850838,0.007309252396225929,0.009017528966069221,0.21351388096809387,0.036723896861076355,0.01882062666118145,0.1439691185951233,0.0017818636260926723,0.011242700740695,0.004333843942731619,0.0019926007371395826,0.15628403425216675,0.07595900446176529,0.016816727817058563,0.07505439221858978,0.008265591226518154,0.04972132295370102,0.057886023074388504,0.012560734525322914,0.010010052472352982,0.030016357079148293,0.040689948946237564,0.1103135496377945,0.024030951783061028,0.01040422823280096,0.0392208993434906,0.05900734290480614,0.00964783038944006,0.0103993471711874,0.06113371625542641,,,,,,,,,,,,,,,
unknown,そ,124,125,127.38121,127.88121,0.6381836,,0.05382160097360611,0.06100083142518997,0.04399687796831131,0.1546034961938858,0.010953476652503014,0.04887043312191963,0.0063171726651489735,0.028103861957788467,0.016634294763207436,0.03207153081893921,0.03701707348227501,0.029199011623859406,0.03321245685219765,0.03674892708659172,0.027920136228203773,0.06951439380645752,0.06587132811546326,0.05840469151735306,0.028378287330269814,0.01727108284831047,0.0061942171305418015,0.008552947081625462,0.006697440054267645,0.05649649351835251,0.00623670406639576,0.005555692594498396,0.42978477478027344,0.03519187867641449,0.010257523506879807,0.41824212670326233,0.0020660969894379377,0.01136573776602745,0.0030664780642837286,0.001646286342293024,0.17863652110099792,0.18551862239837646,0.035661980509757996,0.0641043558716774,0.0043288893066346645,0.07533913850784302,0.035505469888448715,0.010690541937947273,0.015336783602833748,0.010430200956761837,0.02961796708405018,0.13745000958442688,0.03454253077507019,0.005804117769002914,0.019749796018004417,0.07023392617702484,0.006349116563796997,0.006243360694497824,0.08880729973316193,,,,,,,,,,,,,,,
unknown,授,126,127,134.92644,135.08614,0.9941406,,0.04803795740008354,0.04675496369600296,0.05750609561800957,0.17017023265361786,0.018643338233232498,0.08916874974966049,0.00859144888818264,0.028608566150069237,0.028733203187584877,0.031048107892274857,0.044103410094976425,0.046596888452768326,0.054907456040382385,0.07367343455553055,0.05021066591143608,0.04835641011595726,0.04526284337043762,0.06799404323101044,0.05247398838400841,0.050025925040245056,0.01419792789965868,0.014068493619561195,0.01413513533771038,0.028483234345912933,0.014111572876572609,0.009962664917111397,0.30166423320770264,0.04353293776512146,0.012275835499167442,0.2198609709739685,0.0037107313983142376,0.009669866412878036,0.005974390543997288,0.003926949109882116,0.16966399550437927,0.09593931585550308,0.025413507595658302,0.1158602312207222,0.007166446652263403,0.07018160820007324,0.06240889057517052,0.0074755349196493626,0.014845618046820164,0.016964009031653404,0.05377941578626633,0.09426122158765793,0.029584959149360657,0.012971569783985615,0.03210841864347458,0.05184274911880493,0.010106874629855156,0.0060112434439361095,0.07032663375139236,,,,,,,,,,,,,,,
unknown,業,128,129,135.08614,135.58614,0.9892578,,0.09393142908811569,0.11631138622760773,0.09325588494539261,0.20890553295612335,0.004987584892660379,0.013048711232841015,0.0022603191900998354,0.06216830015182495,0.011787805706262589,0.008958944119513035,0.035199668258428574,0.037031013518571854,0.020523304119706154,0.03575875982642174,0.02785438299179077,0.09043741971254349,0.05848013237118721,0.07032667845487595,0.005443695932626724,0.01019524410367012,0.005500905681401491,0.0029495039489120245,0.003166291629895568,0.13264983892440796,0.004720910917967558,0.0036305896937847137,0.5225783586502075,0.08555757254362106,0.0062093487940728664,0.4734615087509155,0.0013376319548115134,0.01778556779026985,0.0018004957819357514,0.002180815441533923,0.2287960797548294,0.27209776639938354,0.0645023062825203,0.07901596277952194,0.0014735219301655889,0.12843897938728333,0.036578934639692307,0.0075849671848118305,0.02980796992778778,0.0022842525504529476,0.024210408329963684,0.21045777201652527,0.07094953954219818,0.003782812971621752,0.010187378153204918,0.09930478036403656,0.0042234850116074085,0.0014112599892541766,0.15029874444007874,,,,,,,,,,,,,,,
unknown,階,130,131,142.68999,142.93,0.7895508,,0.06430641561746597,0.08447010070085526,0.06794504821300507,0.2144354283809662,0.005262292921543121,0.012638983316719532,0.0024172847624868155,0.04734199494123459,0.009732672944664955,0.008643302135169506,0.02068440429866314,0.022675298154354095,0.01325999852269888,0.03080378659069538,0.023189794272184372,0.06653629243373871,0.10660698264837265,0.06840641796588898,0.008300069719552994,0.008869782090187073,0.005443100817501545,0.0037219002842903137,0.0026872875168919563,0.15404246747493744,0.004312098026275635,0.005454815458506346,0.6063051223754883,0.06043531000614166,0.00981137529015541,0.5934894680976868,0.0011953923385590315,0.011112425476312637,0.002359675010666251,0.0022044857032597065,0.23260723054409027,0.27413567900657654,0.05271001160144806,0.08102116733789444,0.002395769115537405,0.09242057800292969,0.033488545566797256,0.006376767065376043,0.026220113039016724,0.004214349668473005,0.025226864963769913,0.164681077003479,0.06861107796430588,0.004172941669821739,0.012408742681145668,0.0950336828827858,0.005932690110057592,0.0014485729625448585,0.12809082865715027,,,,,,,,,,,,,,,
unknown,段,132,133,142.93,143.43,0.984375,,0.041765354573726654,0.0455789677798748,0.04389352723956108,0.15441161394119263,0.03649326413869858,0.10143418610095978,0.008813046850264072,0.02984364703297615,0.027378622442483902,0.05161323770880699,0.02235988713800907,0.02556384913623333,0.026265449821949005,0.03733792155981064,0.06978636234998703,0.028987299650907516,0.09373284131288528,0.0563860721886158,0.1119181290268898,0.07625067234039307,0.0469532310962677,0.024862805381417274,0.009432691149413586,0.054630160331726074,0.018668264150619507,0.01619907096028328,0.29233384132385254,0.04705877602100372,0.0227957796305418,0.25871115922927856,0.0036845633294433355,0.0052891382947564125,0.00904825795441866,0.008470699191093445,0.12072369456291199,0.09692668914794922,0.02707577683031559,0.06674038618803024,0.015332584269344807,0.026537921279668808,0.04956050217151642,0.004899159073829651,0.02838880568742752,0.033578548580408096,0.04962177574634552,0.0589505098760128,0.09849505871534348,0.025166276842355728,0.05210980400443077,0.0442529134452343,0.01384787354618311,0.014618855901062489,0.04140039533376694,,,,,,,,,,,,,,,
unknown,プ,134,135,146.93,147.01,0.99902344,,0.044098153710365295,0.037473250180482864,0.04843724146485329,0.09990746527910233,0.05628502368927002,0.16199615597724915,0.00823298841714859,0.028303680941462517,0.018189920112490654,0.04705769196152687,0.022405274212360382,0.03347410634160042,0.030288515612483025,0.045364465564489365,0.07772762328386307,0.02189076878130436,0.09341516345739365,0.062674380838871,0.1493082344532013,0.09808209538459778,0.04793164134025574,0.028513995930552483,0.008616209030151367,0.027435891330242157,0.013014070689678192,0.01619064062833786,0.23973190784454346,0.04141727834939957,0.026812801137566566,0.16440241038799286,0.003058632602915168,0.004524840507656336,0.006417223252356052,0.007319929543882608,0.14134490489959717,0.0541590116918087,0.015575693920254707,0.06869518756866455,0.01758836768567562,0.02227635495364666,0.04431230202317238,0.003270986955612898,0.014593781903386116,0.034512318670749664,0.02944827266037464,0.04786892980337143,0.052359070628881454,0.0190579816699028,0.05097637325525284,0.0307700764387846,0.013070693239569664,0.011140801012516022,0.0303504541516304,,,,,,,,,,,,,,,
unknown,レ,136,137,147.01,147.17,0.9995117,,0.029054947197437286,0.027468621730804443,0.028950834646821022,0.10688174515962601,0.10419812798500061,0.21858714520931244,0.009578727185726166,0.01783602312207222,0.01615331694483757,0.032931432127952576,0.01170292217284441,0.01855318993330002,0.02699388936161995,0.029121601954102516,0.09378106147050858,0.01666291616857052,0.10406424105167389,0.06069340929389,0.1609651893377304,0.10200298577547073,0.05480143800377846,0.03623392432928085,0.00797292310744524,0.030984103679656982,0.01194013748317957,0.013811402022838593,0.22698746621608734,0.025375010445713997,0.03129364922642708,0.1802821010351181,0.0031787671614438295,0.0038189624901860952,0.006243438459932804,0.0070674545131623745,0.09154324978590012,0.053470224142074585,0.014043883420526981,0.038279179483652115,0.022117163985967636,0.02178320474922657,0.0349578894674778,0.0035000480711460114,0.013634092174470425,0.03532383590936661,0.0433996208012104,0.04161880537867546,0.05814923718571663,0.01780789904296398,0.05082577466964722,0.02568352036178112,0.01062615867704153,0.011857621371746063,0.03338779881596565,,,,,,,,,,,,,,,
unknown,ゼ,138,139,147.17,147.25,1.0,,0.03367229178547859,0.023260261863470078,0.02313971146941185,0.09094586968421936,0.13370388746261597,0.24189281463623047,0.009810516610741615,0.02070038765668869,0.015546338632702827,0.02155693806707859,0.00753468181937933,0.015453220345079899,0.0292772576212883,0.0301304180175066,0.1198653057217598,0.011093132197856903,0.07354292273521423,0.05279528722167015,0.20101438462734222,0.14963625371456146,0.07741615921258926,0.03643014654517174,0.010785678401589394,0.02367648109793663,0.013908596709370613,0.015074450522661209,0.19070807099342346,0.022365983575582504,0.04198168218135834,0.1538589745759964,0.00342289125546813,0.003426128765568137,0.00689223688095808,0.00856949295848608,0.09139392524957657,0.03573784977197647,0.009318758733570576,0.02610079199075699,0.01753614842891693,0.017849478870630264,0.03887167572975159,0.0034576833713799715,0.01018889807164669,0.03168322145938873,0.04524293914437294,0.032538991421461105,0.05536683648824692,0.022643955424427986,0.07055830210447311,0.030475078150629997,0.01261153630912304,0.009728234261274338,0.029508590698242188,,,,,,,,,,,,,,,
unknown,ン,140,141,147.25,147.40999,0.9995117,,0.03314569592475891,0.02320600114762783,0.03225025162100792,0.10418703407049179,0.12826155126094818,0.25340038537979126,0.0062339454889297485,0.02559494972229004,0.01839078962802887,0.026115920394659042,0.010284984484314919,0.021015221253037453,0.04187459126114845,0.03140346705913544,0.1586892455816269,0.010341394692659378,0.0488726831972599,0.046325135976076126,0.14294707775115967,0.18814608454704285,0.1034567803144455,0.024328069761395454,0.011141037568449974,0.02368822880089283,0.012741632759571075,0.011305790394544601,0.14049787819385529,0.033511627465486526,0.039894912391901016,0.10942817479372025,0.0025472338311374187,0.002358441473916173,0.0037201261147856712,0.009523984976112843,0.09160757064819336,0.029388515278697014,0.008622821420431137,0.021172722801566124,0.011325126513838768,0.016878828406333923,0.035695888102054596,0.002501548733562231,0.015745731070637703,0.018856436014175415,0.0691310465335846,0.029736299067735672,0.10695409029722214,0.01903456822037697,0.0749022513628006,0.030367860570549965,0.009667443111538887,0.007156873121857643,0.0273109283298254,,,,,,,,,,,,,,,
unknown,ト,142,143,147.40999,147.90999,0.9975586,,0.040352076292037964,0.030391758307814598,0.04127150774002075,0.13117292523384094,0.08010037243366241,0.22164545953273773,0.004940680228173733,0.028130631893873215,0.014163970947265625,0.028970172628760338,0.011927901767194271,0.022717485204339027,0.03331698104739189,0.034464772790670395,0.11708874255418777,0.013905498199164867,0.07980291545391083,0.048268161714076996,0.11279825866222382,0.12971869111061096,0.05818772315979004,0.015079746022820473,0.009133093990385532,0.028585301712155342,0.008876768872141838,0.006545332260429859,0.2271265834569931,0.03621907904744148,0.047598615288734436,0.18812121450901031,0.001763397827744484,0.0029455972835421562,0.002994655631482601,0.004901345819234848,0.1318083107471466,0.04813244193792343,0.009499081410467625,0.027709824964404106,0.005875139497220516,0.019575832411646843,0.04097859188914299,0.0027667514514178038,0.014953668229281902,0.0119502367451787,0.06794647872447968,0.04238574579358101,0.08582083880901337,0.012226048856973648,0.05443968623876572,0.0428924486041069,0.006135730072855949,0.004870304837822914,0.03126734122633934,,,,,,,,,,,,,,,
unknown,ド,144,145,151.81,151.93,0.78466797,,0.02445344440639019,0.020398197695612907,0.029590148478746414,0.13272933661937714,0.09118536114692688,0.23688910901546478,0.0064711314626038074,0.018453767523169518,0.015155699104070663,0.029549064114689827,0.013168071396648884,0.02678200602531433,0.036054063588380814,0.032850246876478195,0.12284957617521286,0.015010400675237179,0.07082827389240265,0.0657476931810379,0.10737070441246033,0.13516871631145477,0.06359300017356873,0.01861613616347313,0.010725495405495167,0.030475396662950516,0.0088437395170331,0.0072085680440068245,0.22822335362434387,0.028217772021889687,0.02979838103055954,0.19174343347549438,0.0023042522370815277,0.002661548089236021,0.003826237516477704,0.005585518665611744,0.11638776957988739,0.04540160298347473,0.009217903017997742,0.017775366082787514,0.0063871219754219055,0.019765125587582588,0.03864738345146179,0.0035220691934227943,0.013268153183162212,0.011453884653747082,0.07817922532558441,0.04371985048055649,0.08352667838335037,0.01300096046179533,0.055237676948308945,0.03646869212388992,0.006864734459668398,0.006729693152010441,0.0359058752655983,,,,,,,,,,,,,,,
unknown,ラ,146,147,151.93,152.04999,0.6298828,,0.0224164966493845,0.022545000538229942,0.0386069230735302,0.16480350494384766,0.0628122091293335,0.1636701077222824,0.00607583113014698,0.01823822222650051,0.014252063818275928,0.025712687522172928,0.017921417951583862,0.029922904446721077,0.027549996972084045,0.036207541823387146,0.11009301990270615,0.02700446918606758,0.08657810091972351,0.06161040440201759,0.06583273410797119,0.097520612180233,0.05422167479991913,0.014578917063772678,0.007465311326086521,0.04360300675034523,0.008739509619772434,0.005535617936402559,0.2737222909927368,0.032168805599212646,0.018223432824015617,0.25733861327171326,0.002354538533836603,0.005927226506173611,0.004170874133706093,0.006304983049631119,0.12765192985534668,0.07069455832242966,0.011473101563751698,0.042598579078912735,0.004843997769057751,0.031621843576431274,0.03544844686985016,0.006261625327169895,0.012567228637635708,0.009407940320670605,0.09239501506090164,0.07801561802625656,0.07342410832643509,0.011511302553117275,0.03914756327867508,0.04220791533589363,0.00521104596555233,0.004645229317247868,0.05721848085522652,,,,,,,,,,,,,,,
unknown,ム,148,149,152.04999,152.54999,0.80615234,,0.010871468111872673,0.009683853946626186,0.022858692333102226,0.09898113459348679,0.10358145833015442,0.38639530539512634,0.00719375628978014,0.008364617824554443,0.024798810482025146,0.06571604311466217,0.018412655219435692,0.029035966843366623,0.05222034826874733,0.045318298041820526,0.20259292423725128,0.014777529053390026,0.039294999092817307,0.03847547993063927,0.11311651021242142,0.2239614874124527,0.09557026624679565,0.018557477742433548,0.017502300441265106,0.009537472389638424,0.01256522536277771,0.004293662961572409,0.09234970062971115,0.0200955793261528,0.01808816008269787,0.061409369111061096,0.0022258772514760494,0.002142019337043166,0.003331306390464306,0.004624334629625082,0.0684330016374588,0.016498247161507607,0.004769073333591223,0.019928498193621635,0.0055299499072134495,0.016589166596531868,0.037670981138944626,0.0022831526584923267,0.007245233282446861,0.009322300553321838,0.10947278141975403,0.03072245419025421,0.048343054950237274,0.014262952841818333,0.036706771701574326,0.015226827934384346,0.00364507082849741,0.010856952518224716,0.02016351744532585,,,,,,,,,,,,,,,
unknown,悲,150,151,161.25386,161.49355,0.9868164,,0.011899272911250591,0.012457323260605335,0.026348209008574486,0.09286715090274811,0.0614941380918026,0.3074224293231964,0.010418280027806759,0.008911113254725933,0.034945856779813766,0.1489037424325943,0.020329006016254425,0.015601393766701221,0.0790063887834549,0.05029661953449249,0.1277727484703064,0.016514120623469353,0.04062540829181671,0.017202574759721756,0.18058519065380096,0.1768341213464737,0.07055981457233429,0.03116432949900627,0.020823480561375618,0.008271006867289543,0.017313867807388306,0.007890029810369015,0.05385158583521843,0.02082345075905323,0.019106561318039894,0.038198310881853104,0.002872939221560955,0.001905215554870665,0.00584452087059617,0.00457698293030262,0.047485582530498505,0.020047016441822052,0.006472972221672535,0.02911553345620632,0.012796588242053986,0.01344109233468771,0.03823095187544823,0.00243284460157156,0.007067000959068537,0.049717552959918976,0.09195264428853989,0.02135995216667652,0.03202841058373451,0.0237053781747818,0.039467550814151764,0.010698966681957245,0.00647795619443059,0.02231203205883503,0.010927141644060612,,,,,,,,,,,,,,,
unknown,し,152,153,161.49355,161.65334,0.82128906,,0.01929609850049019,0.014381897635757923,0.019860194995999336,0.0829978734254837,0.08868251740932465,0.2926705777645111,0.005883304867893457,0.013515708968043327,0.03120601363480091,0.06522751599550247,0.00758347287774086,0.00308066513389349,0.0396585613489151,0.0279652439057827,0.16212597489356995,0.008696568198502064,0.010204171761870384,0.005899776238948107,0.24219675362110138,0.22709012031555176,0.11408714950084686,0.03523394465446472,0.012286488898098469,0.00568039994686842,0.027504246681928635,0.018119119107723236,0.023256901651620865,0.01361012738198042,0.032858941704034805,0.016625825315713882,0.0013359880540519953,0.0019183214753866196,0.005125752650201321,0.00471771415323019,0.018423188477754593,0.015813400968909264,0.00615810789167881,0.02093747816979885,0.019179590046405792,0.012659438885748386,0.03348353132605553,0.0023083698470145464,0.007310550194233656,0.15170180797576904,0.11953147500753403,0.011742901057004929,0.03152019903063774,0.039065998047590256,0.05561348795890808,0.010370830073952675,0.013621829450130463,0.0219349954277277,0.007697131484746933,,,,,,,,,,,,,,,
unknown,み,154,155,161.65334,162.15334,0.9638672,,0.016197573393583298,0.015528584830462933,0.024580009281635284,0.1630731225013733,0.05458735674619675,0.24260911345481873,0.007178898435086012,0.011161123402416706,0.046210095286369324,0.060073647648096085,0.014122528955340385,0.00719815120100975,0.04553515091538429,0.03862955421209335,0.13801735639572144,0.013950597494840622,0.017768338322639465,0.013477823697030544,0.1420743763446808,0.16223934292793274,0.07114681601524353,0.02308269776403904,0.016186699271202087,0.009373830631375313,0.029716284945607185,0.011602817103266716,0.05720322206616402,0.017536085098981857,0.02869720198214054,0.04158686473965645,0.001741759479045868,0.0020413121674209833,0.006734530907124281,0.00375084369443357,0.036146000027656555,0.031232863664627075,0.008424938656389713,0.023839041590690613,0.010613178834319115,0.021507468074560165,0.03647370636463165,0.0022191228345036507,0.010269952937960625,0.05697353929281235,0.16623176634311676,0.020081443712115288,0.03995699808001518,0.03370056673884392,0.036886971443891525,0.012738199904561043,0.009834608994424343,0.01604735106229782,0.01275970134884119,,,,,,,,,,,,,,,
unknown,愛,156,157,163.97028,164.20996,0.9638672,,0.012783469632267952,0.014487422071397305,0.022137541323900223,0.15967774391174316,0.07137122005224228,0.2663259208202362,0.009777798317372799,0.010067405179142952,0.04440239071846008,0.036826241761446,0.014032715000212193,0.012884535826742649,0.045193176716566086,0.04733893275260925,0.1783219277858734,0.00991410668939352,0.02191273495554924,0.0256852637976408,0.12691016495227814,0.2116164267063141,0.10058410465717316,0.029810165986418724,0.020718207582831383,0.009490307420492172,0.026356704533100128,0.019342606887221336,0.056615736335515976,0.020020106807351112,0.024343004450201988,0.03554139286279678,0.0032502443064004183,0.001689610886387527,0.008814390748739243,0.00723297568038106,0.04195018857717514,0.021696418523788452,0.012204812839627266,0.017216244712471962,0.013688459992408752,0.014774356968700886,0.04818783700466156,0.0018867875915020704,0.017918642610311508,0.04109816625714302,0.18537229299545288,0.016042932868003845,0.06768745183944702,0.03628360107541084,0.04179318621754646,0.009894967079162598,0.016346197575330734,0.017118263989686966,0.010861782357096672,,,,,,,,,,,,,,,
unknown,情,158,159,164.20996,164.70996,0.9345703,,0.018529711291193962,0.03241890296339989,0.03015119768679142,0.14281266927719116,0.0602121576666832,0.2006307989358902,0.012974279932677746,0.014060039073228836,0.035774584859609604,0.05148480832576752,0.014781134203076363,0.012835771776735783,0.055060114711523056,0.05403079837560654,0.11802313476800919,0.015542884357273579,0.05263494327664375,0.028007689863443375,0.11334191262722015,0.1112513542175293,0.04923093318939209,0.03771115094423294,0.0184152964502573,0.019029147922992706,0.016501374542713165,0.018144242465496063,0.08671396970748901,0.03302858769893646,0.025374382734298706,0.06597451120615005,0.003984480164945126,0.0037426245398819447,0.007634478155523539,0.005988661665469408,0.046928975731134415,0.04903816059231758,0.037400249391794205,0.04516540467739105,0.024601440876722336,0.018980838358402252,0.04020005092024803,0.0023836863692849874,0.04238368198275566,0.07376093417406082,0.18660035729408264,0.02046244591474533,0.06836183369159698,0.023866543546319008,0.032499417662620544,0.011298999190330505,0.013194854371249676,0.019936753436923027,0.014194918796420097,,,,,,,,,,,,,,,
unknown,空,160,161,169.49875,169.99875,0.9560547,,0.02573278360068798,0.040101658552885056,0.03534945473074913,0.19249163568019867,0.061071187257766724,0.1492060124874115,0.009018134325742722,0.018014904111623764,0.034165967255830765,0.03668256476521492,0.012612169608473778,0.00860700011253357,0.043477725237607956,0.04067070409655571,0.10910774767398834,0.018133748322725296,0.05176499858498573,0.0232353825122118,0.08520619571208954,0.0899738296866417,0.04580589756369591,0.030661435797810555,0.011974163353443146,0.029289651662111282,0.01688963733613491,0.019170474261045456,0.11485056579113007,0.03355492278933525,0.028915029019117355,0.0904940664768219,0.003133109537884593,0.004355111159384251,0.0063265301287174225,0.006545570213347673,0.05018967390060425,0.07986361533403397,0.03692516312003136,0.04964647442102432,0.025583462789654732,0.02660456858575344,0.03431718796491623,0.00246156333014369,0.03733415901660919,0.06602223217487335,0.19012142717838287,0.0269488338381052,0.06500772386789322,0.021028587594628334,0.03183906897902489,0.016141381114721298,0.013593204319477081,0.010488427244126797,0.020262066274881363,,,,,,,,,,,,,,,
unknown,海,162,163,175.61368,176.11368,0.99365234,,0.030923323705792427,0.050936441868543625,0.06924795359373093,0.13116611540317535,0.025102395564317703,0.13121846318244934,0.014464423060417175,0.02482975833117962,0.03994463011622429,0.047765281051397324,0.023978877812623978,0.01531033031642437,0.07416539639234543,0.0808539018034935,0.0583479180932045,0.02177324704825878,0.06133035197854042,0.025416402146220207,0.14077767729759216,0.06298774480819702,0.022994207218289375,0.04234499856829643,0.019262582063674927,0.022105103358626366,0.020644040778279305,0.018109148368239403,0.08466194570064545,0.06228698417544365,0.024994736537337303,0.05997960641980171,0.004851844161748886,0.00585345271974802,0.0077025084756314754,0.005110458470880985,0.0588480681180954,0.05819627642631531,0.0523536279797554,0.0786319226026535,0.03521997109055519,0.022054918110370636,0.04379461705684662,0.002850372577086091,0.06816482543945312,0.13775326311588287,0.14564579725265503,0.024718211963772774,0.07684861123561859,0.025051437318325043,0.03189428895711899,0.014032918028533459,0.011852789670228958,0.019930904731154442,0.013556345365941525,,,,,,,,,,,,,,,
unknown,サ,164,165,183.705,183.825,0.9790039,,0.017056142911314964,0.027478020638227463,0.03807515278458595,0.09418033808469772,0.0514492467045784,0.22650253772735596,0.015185335651040077,0.013915439136326313,0.0335419699549675,0.0674632340669632,0.016092177480459213,0.01391019206494093,0.06790751218795776,0.05825985223054886,0.08484487980604172,0.010970239527523518,0.06320790201425552,0.022120360285043716,0.17954130470752716,0.10950500518083572,0.04188074544072151,0.05215872824192047,0.018944568932056427,0.010763760656118393,0.01684091053903103,0.011721985414624214,0.056516215205192566,0.03602199628949165,0.024918438866734505,0.04098782688379288,0.005930605810135603,0.002665219595655799,0.006120976526290178,0.006803870666772127,0.044728416949510574,0.024557214230298996,0.024537116289138794,0.06653474271297455,0.031022468581795692,0.011885232292115688,0.03758716583251953,0.0015993097331374884,0.03383312746882439,0.11600042134523392,0.1426803320646286,0.013019108213484287,0.058139633387327194,0.023770755156874657,0.036388788372278214,0.008081970736384392,0.007827868685126305,0.023104721680283546,0.00828983262181282,,,,,,,,,,,,,,,
unknown,イ,166,167,183.825,183.94499,0.9995117,,0.01743732951581478,0.0383148267865181,0.029927745461463928,0.08047134429216385,0.09096252918243408,0.272168904542923,0.019246814772486687,0.014540554955601692,0.03717746213078499,0.08294972032308578,0.01289496198296547,0.011326654814183712,0.05733071267604828,0.04506657272577286,0.12198799848556519,0.012002833187580109,0.0660005509853363,0.02367383986711502,0.16492272913455963,0.14085417985916138,0.06897115707397461,0.06395089626312256,0.020365877076983452,0.015041064471006393,0.019198346883058548,0.013471797108650208,0.06038026139140129,0.037707820534706116,0.02732996828854084,0.04819369688630104,0.006391228176653385,0.0029391839634627104,0.008436190895736217,0.00809998158365488,0.03381861373782158,0.03311155363917351,0.0446726530790329,0.049633122980594635,0.03330494835972786,0.013047506101429462,0.04196133837103844,0.001667272998020053,0.056314077228307724,0.12060283869504929,0.12358596175909042,0.013208643533289433,0.08467835187911987,0.031193766742944717,0.03929443657398224,0.00875784456729889,0.008771524764597416,0.0342915840446949,0.008481663651764393,,,,,,,,,,,,,,,
unknown,ゼ,168,169,183.94499,184.025,0.9848633,,0.013885078020393848,0.022361615672707558,0.023028811439871788,0.0737396702170372,0.13507284224033356,0.34779036045074463,0.013266488909721375,0.012821631506085396,0.030009031295776367,0.05065836012363434,0.010995844379067421,0.012331424281001091,0.052296824753284454,0.040366679430007935,0.18896007537841797,0.007870766334235668,0.032561276108026505,0.025879165157675743,0.15360139310359955,0.21487931907176971,0.11124630272388458,0.05124273523688316,0.019797397777438164,0.00849476270377636,0.016163168475031853,0.01224664505571127,0.04486281797289848,0.026689138263463974,0.024669881910085678,0.02964581549167633,0.005290105938911438,0.002169232117012143,0.006026457995176315,0.009797506034374237,0.02962685376405716,0.018006160855293274,0.02148960530757904,0.029372412711381912,0.023684706538915634,0.011923915706574917,0.040175486356019974,0.0013217171654105186,0.027806252241134644,0.06905683875083923,0.15662391483783722,0.010189714841544628,0.054500214755535126,0.02822180837392807,0.04537702724337578,0.0075082238763570786,0.008424735628068447,0.02566685527563095,0.008644591085612774,,,,,,,,,,,,,,,
unknown,リ,170,171,184.025,184.145,0.98046875,,0.012588007375597954,0.017601672559976578,0.022297386080026627,0.06767876446247101,0.1351025402545929,0.3632073402404785,0.011721359565854073,0.011070920154452324,0.02610522322356701,0.06413394212722778,0.013046743348240852,0.0160120390355587,0.061372630298137665,0.03471236675977707,0.16423097252845764,0.009288907051086426,0.02938012219965458,0.0283183790743351,0.11286711692810059,0.16257962584495544,0.08487072587013245,0.04259483143687248,0.013344989158213139,0.008469811640679836,0.012220954522490501,0.008961503393948078,0.055773086845874786,0.02256167121231556,0.017514584586024284,0.03822345659136772,0.0035936683416366577,0.003043748904019594,0.0044423178769648075,0.006899506784975529,0.035305436700582504,0.019466008991003036,0.012413396500051022,0.02423200011253357,0.016633840277791023,0.014358371496200562,0.029538212344050407,0.0018064016476273537,0.013107012957334518,0.04593254625797272,0.14843478798866272,0.013346423394978046,0.03190230950713158,0.01827937178313732,0.03567777946591377,0.008106117136776447,0.006443968508392572,0.02177869901061058,0.011636252515017986,,,,,,,,,,,,,,,
unknown,ア,172,173,184.145,184.645,0.97216797,,0.011906956322491169,0.019338995218276978,0.021376216784119606,0.06553468108177185,0.15423347055912018,0.36365067958831787,0.013729183003306389,0.012827267870306969,0.024730544537305832,0.050687551498413086,0.00939695630222559,0.012170236557722092,0.05363653227686882,0.029609888792037964,0.1553526371717453,0.008018755353987217,0.02421918325126171,0.021741164848208427,0.11566523462533951,0.16126760840415955,0.09578200429677963,0.05238749831914902,0.011086098849773407,0.010484619997441769,0.014700720086693764,0.007367758546024561,0.053297050297260284,0.024269871413707733,0.01493542455136776,0.044262487441301346,0.004427652340382338,0.002972879447042942,0.00477014621719718,0.009345218539237976,0.02639710158109665,0.02176547609269619,0.013148258440196514,0.027534475550055504,0.01821088045835495,0.014321738854050636,0.029936114326119423,0.001676287967711687,0.013898453675210476,0.04932992532849312,0.1317976862192154,0.01195207517594099,0.03371163085103035,0.021275103092193604,0.04078909009695053,0.00879964791238308,0.004643645603209734,0.02170420251786709,0.010997944511473179,,,,,,,,,,,,,,,
unknown,窓,174,175,187.505,188.005,0.95947266,,0.008906468749046326,0.012943863868713379,0.029032515361905098,0.04526007920503616,0.10584757477045059,0.354277640581131,0.025312304496765137,0.007742725778371096,0.0286354161798954,0.03236596658825874,0.012236270122230053,0.017140405252575874,0.06493431329727173,0.061043623834848404,0.1487659513950348,0.0064748977310955524,0.03065566159784794,0.026924770325422287,0.20351240038871765,0.21611540019512177,0.10561925172805786,0.08953350782394409,0.02554810605943203,0.004651805851608515,0.019538376480340958,0.018554646521806717,0.02537788636982441,0.02168343961238861,0.01540635246783495,0.012360717169940472,0.009387986734509468,0.0020051393657922745,0.01001373864710331,0.01229556929320097,0.02525757998228073,0.007424329407513142,0.015775663778185844,0.02086864598095417,0.039650753140449524,0.00904111284762621,0.04216089844703674,0.0013264637673273683,0.018258128315210342,0.09071172028779984,0.13327132165431976,0.008421718142926693,0.04012992978096008,0.037750840187072754,0.037534743547439575,0.003422725712880492,0.01210093591362238,0.035792626440525055,0.00536696333438158,,,,,,,,,,,,,,,
unknown,野,176,177,195.385,195.625,0.99072266,,0.016832171007990837,0.021593352779746056,0.06406072527170181,0.07467249780893326,0.06182029843330383,0.2027321457862854,0.015273507684469223,0.016794025897979736,0.021661963313817978,0.024556461721658707,0.01924695074558258,0.026355573907494545,0.0574895516037941,0.0814455896615982,0.1368546485900879,0.010824096389114857,0.026268670335412025,0.03639828786253929,0.11733845621347427,0.1700039654970169,0.08013211190700531,0.05285000428557396,0.02111079730093479,0.009682286530733109,0.014084499329328537,0.0160500630736351,0.043052177876234055,0.04586265981197357,0.014561283402144909,0.0194476880133152,0.008283097296953201,0.0029172059148550034,0.006264199037104845,0.013664456084370613,0.0374642089009285,0.013772071339190006,0.02023879438638687,0.027858715504407883,0.02371710166335106,0.014796895906329155,0.040547315031290054,0.0014857678906992078,0.024522406980395317,0.05937982723116875,0.17206428945064545,0.014265651814639568,0.05131654441356659,0.02704089879989624,0.02897767163813114,0.005013256333768368,0.011339700780808926,0.024730468168854713,0.010219575837254524,,,,,,,,,,,,,,,
unknown,原,178,179,195.625,196.02,0.99121094,,0.039761733263731,0.035798948258161545,0.1155141144990921,0.10091494023799896,0.03811904788017273,0.13642869889736176,0.008097559213638306,0.039552316069602966,0.022189531475305557,0.01574678160250187,0.035872932523489,0.03429914638400078,0.07882095128297806,0.16906076669692993,0.13412202894687653,0.017341939732432365,0.015374901704490185,0.025980524718761444,0.08776265382766724,0.18046198785305023,0.06726441532373428,0.025279471650719643,0.02504371665418148,0.009962269105017185,0.01546031329780817,0.017390452325344086,0.04547322914004326,0.0808233693242073,0.01830723136663437,0.01891423389315605,0.005743758287280798,0.003954974003136158,0.00616533262655139,0.01321007963269949,0.08098432421684265,0.021161170676350594,0.022476427257061005,0.05655942112207413,0.01278767827898264,0.025445276871323586,0.0744280070066452,0.0017807079711928964,0.02779964730143547,0.045944783836603165,0.1699792593717575,0.02416483871638775,0.03958379104733467,0.028278954327106476,0.03853609785437584,0.01209451723843813,0.013525951653718948,0.006755896843969822,0.014339645393192768,,,,,,,,,,,,,,,
unknown,広,180,181,201.43129,201.93129,0.68115234,,0.03249511122703552,0.025320343673229218,0.17157292366027832,0.1094251349568367,0.021346425637602806,0.1352396011352539,0.006263242103159428,0.03797224536538124,0.026084985584020615,0.01256919838488102,0.04265059158205986,0.04083556681871414,0.10085590928792953,0.18680021166801453,0.13221630454063416,0.013620603829622269,0.005176430568099022,0.017512604594230652,0.09106031805276871,0.23431451618671417,0.07761010527610779,0.019563019275665283,0.030026055872440338,0.005095226690173149,0.019077744334936142,0.01562897488474846,0.03108234331011772,0.07603450864553452,0.01097998209297657,0.010300716385245323,0.0047370134852826595,0.0026852854061871767,0.005144087132066488,0.013087937608361244,0.0860339105129242,0.012972479686141014,0.013267659582197666,0.03549053147435188,0.007147084455937147,0.020516959950327873,0.07692078500986099,0.001078918343409896,0.015038976445794106,0.03139139711856842,0.1682506650686264,0.017902811989188194,0.021009409800171852,0.028796471655368805,0.044019121676683426,0.010684438049793243,0.012941653840243816,0.004918535705655813,0.008674572221934795,,,,,,,,,,,,,,,
unknown,家,182,183,205.94403,206.06383,0.93115234,,0.024314461275935173,0.02154720574617386,0.1258334368467331,0.08919035643339157,0.04377879947423935,0.16633537411689758,0.008049849420785904,0.030997395515441895,0.028119860216975212,0.01804523356258869,0.03379875794053078,0.045962050557136536,0.07549730688333511,0.11596862226724625,0.18207311630249023,0.012856444343924522,0.006781020667403936,0.029163701459765434,0.0823415070772171,0.23606044054031372,0.1298312395811081,0.028075607493519783,0.02422460727393627,0.005975489038974047,0.025162123143672943,0.011941522359848022,0.029965944588184357,0.06919846683740616,0.011032759211957455,0.010797224007546902,0.00728735001757741,0.002461880212649703,0.006732502952218056,0.022105393931269646,0.05179908871650696,0.01042967289686203,0.011769991368055344,0.025247136130928993,0.01073290966451168,0.029625946655869484,0.05700404569506645,0.000886490975972265,0.012015755288302898,0.02903875522315502,0.174444317817688,0.01707903854548931,0.021601174026727676,0.041823528707027435,0.03551170602440834,0.007061482407152653,0.009088349528610706,0.007680035661906004,0.012928991578519344,,,,,,,,,,,,,,,
unknown,族,184,185,206.06383,206.56383,0.9042969,,0.038816578686237335,0.029903603717684746,0.10367017239332199,0.1473255455493927,0.028797505423426628,0.10055568069219589,0.01643209159374237,0.03292619064450264,0.03775345906615257,0.02052866294980049,0.04203290119767189,0.05527403950691223,0.06854957342147827,0.11621604114770889,0.10822486877441406,0.03643700107932091,0.016405148431658745,0.05072562396526337,0.05470171198248863,0.10851732641458511,0.06348206847906113,0.03396078199148178,0.025743631646037102,0.01583484187722206,0.030228417366743088,0.01348110381513834,0.10369530320167542,0.061891209334135056,0.00899623055011034,0.04725080356001854,0.013617315329611301,0.007785887457430363,0.010077024810016155,0.01958613283932209,0.08140233159065247,0.03842164948582649,0.014555604197084904,0.04418965056538582,0.015463298186659813,0.08873557299375534,0.06222177669405937,0.003599933348596096,0.007477531209588051,0.026900043711066246,0.15743540227413177,0.06079801172018051,0.014235005713999271,0.037368107587099075,0.02839091420173645,0.01738341897726059,0.010685418732464314,0.007537881378084421,0.045488644391298294,,,,,,,,,,,,,,,
unknown,不,186,187,212.91501,213.075,0.97216797,,0.025884214788675308,0.024065423756837845,0.08638937771320343,0.16587339341640472,0.025352751836180687,0.12338521331548691,0.012542910873889923,0.020363809540867805,0.045189421623945236,0.030493712052702904,0.02645202726125717,0.025642428547143936,0.056220751255750656,0.08585206419229507,0.11724556237459183,0.02639126032590866,0.017505474388599396,0.03094010055065155,0.07845374196767807,0.12941084802150726,0.07594513148069382,0.02898363210260868,0.02345745638012886,0.012148596346378326,0.0394895076751709,0.009723961353302002,0.06833555549383163,0.044757477939128876,0.012859146110713482,0.03448233753442764,0.007515525445342064,0.004179750103503466,0.012013963423669338,0.01137363351881504,0.044608913362026215,0.0312371663749218,0.012414590455591679,0.032741475850343704,0.01323175709694624,0.06555401533842087,0.05380580201745033,0.002235856605693698,0.00747241685166955,0.03699062019586563,0.18902596831321716,0.04009990394115448,0.018508559092879295,0.051163166761398315,0.02288939245045185,0.010308796539902687,0.007700529880821705,0.009866997599601746,0.026733310893177986,,,,,,,,,,,,,,,
unknown,安,188,189,213.075,213.575,0.98046875,,0.02566591650247574,0.02302516996860504,0.13948211073875427,0.12350388616323471,0.016688739880919456,0.12088439613580704,0.008804623037576675,0.023656046018004417,0.03734000399708748,0.05093367025256157,0.03668959438800812,0.025404827669262886,0.08954064548015594,0.113759346306324,0.10162101686000824,0.024096883833408356,0.014249848201870918,0.013725646771490574,0.09797452390193939,0.14919336140155792,0.06797600537538528,0.023192470893263817,0.025363625958561897,0.008399201557040215,0.02304101176559925,0.007893221452832222,0.04811035096645355,0.055788781493902206,0.011060008779168129,0.02297634445130825,0.005043531768023968,0.00303317210637033,0.005644445773214102,0.00934253167361021,0.05858280137181282,0.02555742859840393,0.010264534503221512,0.050010114908218384,0.010666889138519764,0.030054006725549698,0.04557783901691437,0.0013920794008299708,0.007417448330670595,0.04393206909298897,0.15424135327339172,0.027141842991113663,0.014447360299527645,0.031023437157273293,0.026308510452508926,0.009347101673483849,0.005855291150510311,0.010067561641335487,0.012121866457164288,,,,,,,,,,,,,,,
unknown,よ,190,191,219.55501,219.675,0.75683594,,0.03333026170730591,0.033619094640016556,0.20121222734451294,0.13787540793418884,0.008926399983465672,0.06497590988874435,0.011637064628303051,0.04175972193479538,0.040477242320775986,0.02946239709854126,0.04241029545664787,0.03509531915187836,0.08300063759088516,0.15646390616893768,0.07006481289863586,0.020982902497053146,0.01086360588669777,0.014527634717524052,0.06669944524765015,0.10477331280708313,0.047256018966436386,0.025011297315359116,0.0284123457968235,0.011379756964743137,0.02831827662885189,0.010977317579090595,0.0481555350124836,0.10339009761810303,0.009676028043031693,0.02537878230214119,0.009836711920797825,0.0032915137708187103,0.0068541415967047215,0.01529010757803917,0.07497569173574448,0.02773035131394863,0.016562307253479958,0.06649459898471832,0.011681981384754181,0.029169591143727303,0.05593026056885719,0.0012259744107723236,0.016286775469779968,0.043118271976709366,0.140758216381073,0.022600799798965454,0.021534055471420288,0.03557071089744568,0.02618272975087166,0.010591257363557816,0.007905315607786179,0.009084311313927174,0.011017034761607647,,,,,,,,,,,,,,,
unknown,り,192,193,219.675,219.755,0.9868164,,0.020886605605483055,0.02043759822845459,0.1080370619893074,0.11110801994800568,0.01734701544046402,0.11136151850223541,0.010120805352926254,0.02126254327595234,0.04269005358219147,0.04312819242477417,0.054510269314050674,0.050468720495700836,0.1048327311873436,0.14080601930618286,0.10505430400371552,0.025714358314871788,0.011599967256188393,0.031183650717139244,0.061971377581357956,0.13176240026950836,0.048994820564985275,0.02215171977877617,0.03157120570540428,0.00833456963300705,0.022844918072223663,0.009465174749493599,0.05068313702940941,0.06305871903896332,0.008604238741099834,0.020283441990613937,0.006354210432618856,0.00323398201726377,0.007390664890408516,0.008502069860696793,0.06645435839891434,0.019142603501677513,0.011660008691251278,0.03460843861103058,0.009243509732186794,0.03927655145525932,0.0578339509665966,0.0016248327447101474,0.009885438717901707,0.026300258934497833,0.1593722403049469,0.02822420373558998,0.01771719753742218,0.03142598643898964,0.02185181900858879,0.00840937439352274,0.00792206171900034,0.013383608311414719,0.017638420686125755,,,,,,,,,,,,,,,
unknown,ど,194,195,219.755,219.91501,0.9550781,,0.0321417935192585,0.03520452231168747,0.144509419798851,0.17629531025886536,0.008320947177708149,0.05989297479391098,0.013139470480382442,0.029646510258316994,0.04436590149998665,0.020615646615624428,0.04398881271481514,0.040294498205184937,0.08694557100534439,0.12970177829265594,0.049210324883461,0.03580879792571068,0.024990977719426155,0.031844522804021835,0.0569857619702816,0.06700392067432404,0.0251475740224123,0.022516891360282898,0.026258332654833794,0.018587937578558922,0.027073314413428307,0.012896988540887833,0.107668936252594,0.07387413084506989,0.007897347211837769,0.057184237986803055,0.008832898922264576,0.006506278645247221,0.009345827624201775,0.009920789860188961,0.1053725928068161,0.04928836598992348,0.025163235142827034,0.06291050463914871,0.010807108134031296,0.04204331338405609,0.07212728261947632,0.003997307736426592,0.018491799011826515,0.0285895224660635,0.13137003779411316,0.05271965637803078,0.02847140282392502,0.02628880925476551,0.031391020864248276,0.02454555593430996,0.010995795950293541,0.0057243285700678825,0.024688459932804108,,,,,,,,,,,,,,,
unknown,こ,196,197,219.91501,219.995,0.8989258,,0.03740397095680237,0.04101799428462982,0.1451125144958496,0.15064717829227448,0.007661717012524605,0.05758622661232948,0.012872284278273582,0.030745867639780045,0.04255305603146553,0.023328550159931183,0.05005786195397377,0.04086820036172867,0.08133033663034439,0.12956629693508148,0.04634784907102585,0.04085620865225792,0.025026001036167145,0.032632555812597275,0.05511396750807762,0.06190023198723793,0.021556159481406212,0.021769175305962563,0.025986747816205025,0.016813229769468307,0.025155412033200264,0.01352985855191946,0.10809134691953659,0.07124531269073486,0.008080926723778248,0.05373089760541916,0.008173780515789986,0.009167390875518322,0.010593892075121403,0.007943888194859028,0.10805795341730118,0.05085519701242447,0.03265225142240524,0.05619402229785919,0.010490404441952705,0.04521424323320389,0.07336009293794632,0.0043010287918150425,0.018464500084519386,0.0310131274163723,0.14778420329093933,0.056290317326784134,0.02366800792515278,0.027112111449241638,0.02873990684747696,0.02416038326919079,0.01260292623192072,0.007802508305758238,0.024007968604564667,,,,,,,,,,,,,,,
unknown,ろ,198,199,219.995,220.495,0.87597656,,0.0448421984910965,0.05134237930178642,0.1530056595802307,0.15337738394737244,0.007789366878569126,0.05846033990383148,0.011546053923666477,0.03332619369029999,0.047044578939676285,0.021354326978325844,0.06240559741854668,0.0527627058327198,0.08556444942951202,0.16725189983844757,0.054968222975730896,0.03974243625998497,0.029540367424488068,0.03849228471517563,0.04681427776813507,0.07163514196872711,0.02233942225575447,0.016518522053956985,0.030753202736377716,0.017515787854790688,0.022527216002345085,0.01430865004658699,0.12053602933883667,0.08968158811330795,0.010561216622591019,0.05420028045773506,0.0071273441426455975,0.007903270423412323,0.009451471269130707,0.0069217560812830925,0.14551380276679993,0.05000040680170059,0.04261401295661926,0.06259795278310776,0.007790702395141125,0.03885141387581825,0.08717962354421616,0.00350491376593709,0.03495394438505173,0.020214520394802094,0.12919603288173676,0.05533028021454811,0.04601223021745682,0.02480311691761017,0.025607597082853317,0.024231329560279846,0.014309590682387352,0.007349452935159206,0.02115587145090103,,,,,,,,,,,,,,,
unknown,玉,200,201,227.35515,227.47487,0.5234375,,0.029323434457182884,0.029662398621439934,0.10260041803121567,0.14298398792743683,0.010912622325122356,0.07905283570289612,0.016764933243393898,0.0278902817517519,0.0387687087059021,0.019861454144120216,0.05534783750772476,0.06492302566766739,0.08374540507793427,0.1445993185043335,0.05542522668838501,0.03563687205314636,0.02310699038207531,0.049320150166749954,0.049959540367126465,0.07482901960611343,0.024079455062747,0.02263808809220791,0.029051845893263817,0.016225529834628105,0.02165665477514267,0.012563002295792103,0.12713955342769623,0.06454065442085266,0.007491080090403557,0.06619010120630264,0.010198011063039303,0.007429704535752535,0.009923446923494339,0.00897960178554058,0.1237766370177269,0.038221877068281174,0.019606325775384903,0.04092034697532654,0.00753294862806797,0.0405113585293293,0.09239504486322403,0.005530025810003281,0.014103321358561516,0.01663045771420002,0.12250269949436188,0.05855368822813034,0.025712640956044197,0.023100603371858597,0.03206850215792656,0.027899153530597687,0.012606889009475708,0.00816340371966362,0.02905234321951866,,,,,,,,,,,,,,,
unknown,手,202,203,227.47487,227.75421,0.77685547,,0.027600253000855446,0.02573496662080288,0.07169365137815475,0.11836184561252594,0.03472679853439331,0.1740497201681137,0.019194919615983963,0.02356553077697754,0.0340496264398098,0.013549448922276497,0.026464300230145454,0.04234687238931656,0.09539580345153809,0.10301068425178528,0.09470798820257187,0.01867508701980114,0.015521981753408909,0.04235582426190376,0.08102431148290634,0.1591857224702835,0.04644656181335449,0.034448735415935516,0.03216664493083954,0.009972583502531052,0.019571129232645035,0.014229794964194298,0.10441064089536667,0.04048607498407364,0.00900703202933073,0.05285296589136124,0.012025301344692707,0.006208980921655893,0.007715125102549791,0.013105654157698154,0.09945584833621979,0.025569705292582512,0.01625131256878376,0.023057183250784874,0.009798070415854454,0.027478091418743134,0.07953590899705887,0.0035142293199896812,0.009601229801774025,0.018241887912154198,0.1440044790506363,0.034980546683073044,0.017162932083010674,0.021595466881990433,0.051477573812007904,0.023509671911597252,0.0136782331392169,0.006594276055693626,0.01971903070807457,,,,,,,,,,,,,,,
unknown,箱,204,205,227.75421,228.25421,0.99609375,,0.02702411077916622,0.02132163755595684,0.07744696736335754,0.1268184334039688,0.021489834412932396,0.13128553330898285,0.02103976160287857,0.02480746991932392,0.03277168050408363,0.017843063920736313,0.028537554666399956,0.043354980647563934,0.10141367465257645,0.11494392901659012,0.07397393137216568,0.02099343203008175,0.017757918685674667,0.03374224901199341,0.088025763630867,0.1217392086982727,0.03857800364494324,0.03271571919322014,0.03473054617643356,0.010111565701663494,0.021884100511670113,0.0121238324791193,0.10545887053012848,0.03987960144877434,0.009538086131215096,0.059571653604507446,0.012478339485824108,0.005913883913308382,0.007991858758032322,0.012165674939751625,0.1091562807559967,0.026520568877458572,0.009840414859354496,0.031333502382040024,0.00826738215982914,0.030472559854388237,0.0664122924208641,0.004036489874124527,0.005678730551153421,0.021969115361571312,0.11904348433017731,0.03819412365555763,0.013433047570288181,0.023240769281983376,0.04725047945976257,0.024547751992940903,0.012177699245512486,0.007076120004057884,0.020751699805259705,,,,,,,,,,,,,,,
unknown,受,206,207,230.42789,230.58751,0.9995117,,0.03317264840006828,0.02272982895374298,0.11068962514400482,0.15753479301929474,0.011077869683504105,0.10006729513406754,0.015499281696975231,0.030245773494243622,0.03960028663277626,0.014770745299756527,0.03638945892453194,0.037827443331480026,0.12602370977401733,0.12470577657222748,0.06018649786710739,0.02189227007329464,0.010112128220498562,0.017634287476539612,0.0831366702914238,0.12958189845085144,0.0375962108373642,0.02424410544335842,0.03616056218743324,0.008795653469860554,0.026118509471416473,0.01314578577876091,0.07226577401161194,0.04694157466292381,0.007291046436876059,0.03832627832889557,0.010188309475779533,0.004698764532804489,0.006277589127421379,0.011886601336300373,0.12393134832382202,0.02280254475772381,0.009425974451005459,0.02752656675875187,0.006191343069076538,0.022847553715109825,0.07531934231519699,0.004240833222866058,0.006624165922403336,0.01745348982512951,0.10281653702259064,0.03888428956270218,0.018607966601848602,0.022069135680794716,0.056044455617666245,0.031188948079943657,0.014075612649321556,0.005358017049729824,0.014738423749804497,,,,,,,,,,,,,,,
unknown,験,208,209,230.58751,231.08751,0.9926758,,0.016296565532684326,0.007982670329511166,0.028333034366369247,0.14908067882061005,0.02709115855395794,0.20958353579044342,0.013712942600250244,0.017881978303194046,0.06570371985435486,0.032603003084659576,0.026285743340849876,0.01663193292915821,0.10982846468687057,0.07534752041101456,0.10389444231987,0.014583924785256386,0.006987667176872492,0.007125073578208685,0.2011818289756775,0.22793123126029968,0.11123272031545639,0.03363057225942612,0.03877847641706467,0.0034844663459807634,0.07502829283475876,0.017967024818062782,0.02394760027527809,0.018264347687363625,0.009731315076351166,0.01316326018422842,0.007672988809645176,0.0028541195206344128,0.01665347069501877,0.016559554263949394,0.06638116389513016,0.00985280517488718,0.0032545856665819883,0.021025370806455612,0.01248634047806263,0.012251609936356544,0.08331259340047836,0.004431157372891903,0.0023137754760682583,0.030482344329357147,0.12575237452983856,0.02425910159945488,0.009657667949795723,0.0612892210483551,0.12887287139892578,0.03219779208302498,0.018028894439339638,0.011529632844030857,0.008525260724127293,,,,,,,,,,,,,,,
unknown,好,210,211,244.0528,244.3721,0.9902344,,0.019542617723345757,0.015847040340304375,0.05203292891383171,0.16595788300037384,0.016392255201935768,0.11642961949110031,0.016507329419255257,0.027456197887659073,0.04425985738635063,0.0430193692445755,0.044983457773923874,0.0273191686719656,0.10765156894922256,0.08057507127523422,0.06951689720153809,0.04092639684677124,0.012535695917904377,0.011090322397649288,0.10032711178064346,0.10337626188993454,0.06477557867765427,0.03485433757305145,0.024128520861268044,0.012957065366208553,0.04322633892297745,0.013544885441660881,0.050302404910326004,0.03698824718594551,0.0048985350877046585,0.0342496782541275,0.0095335952937603,0.007425884250551462,0.014187335036695004,0.016832595691084862,0.06950950622558594,0.031978439539670944,0.00839867815375328,0.03852912411093712,0.014938833191990852,0.02681046351790428,0.055046312510967255,0.00839141570031643,0.003573344787582755,0.029631497338414192,0.10750691592693329,0.05556381493806839,0.0111512066796422,0.03903310373425484,0.07072687894105911,0.03572281077504158,0.012220711447298527,0.020097048953175545,0.020211495459079742,,,,,,,,,,,,,,,
unknown,み,212,213,244.3721,244.8721,0.9682617,,0.028918977826833725,0.020849961787462234,0.054745953530073166,0.1501559615135193,0.0198611319065094,0.10592705011367798,0.012567521072924137,0.031006501987576485,0.037700217217206955,0.031577590852975845,0.06815904378890991,0.046236857771873474,0.08739699423313141,0.12523791193962097,0.09709423780441284,0.06818422675132751,0.014419362880289555,0.0370342992246151,0.08323314040899277,0.10336502641439438,0.046809375286102295,0.023698093369603157,0.025405969470739365,0.018294604495167732,0.03504713624715805,0.0203306395560503,0.07871337234973907,0.04598569869995117,0.008358516730368137,0.03980342298746109,0.005743278656154871,0.01575184054672718,0.022419143468141556,0.00913673359900713,0.0684414878487587,0.042030807584524155,0.012828648090362549,0.04425914213061333,0.011813988909125328,0.06569133698940277,0.08550159633159637,0.019220206886529922,0.005897898226976395,0.029498133808374405,0.14700207114219666,0.10005588829517365,0.01379980705678463,0.047095175832509995,0.04307514429092407,0.034966811537742615,0.022251056507229805,0.02234926074743271,0.061675671488046646,,,,,,,,,,,,,,,
unknown,事,214,215,248.65852,248.81828,0.9975586,,0.012907171621918678,0.009629260748624802,0.03970608860254288,0.14229197800159454,0.011038274504244328,0.11650284379720688,0.02081950008869171,0.014956767670810223,0.060839369893074036,0.06837444752454758,0.08629083633422852,0.04411885142326355,0.10890309512615204,0.11300133913755417,0.05212225019931793,0.0670708417892456,0.01606748439371586,0.020243395119905472,0.10359364748001099,0.06704816222190857,0.034616999328136444,0.0339759886264801,0.029401523992419243,0.0105979535728693,0.05308252573013306,0.014334985055029392,0.05209687352180481,0.028441408649086952,0.004272460471838713,0.030156539753079414,0.00813273899257183,0.00924929790198803,0.024952027946710587,0.008128538727760315,0.07636374980211258,0.02984563820064068,0.0070053813979029655,0.04520674794912338,0.017538294196128845,0.03422296792268753,0.0815250426530838,0.01760169118642807,0.0035082059912383556,0.03311831131577492,0.0790361538529396,0.08370643109083176,0.009721082635223866,0.04694889485836029,0.05107692629098892,0.03305582329630852,0.013006503693759441,0.039044108241796494,0.02843034639954567,,,,,,,,,,,,,,,
unknown,件,216,217,248.81828,249.31828,0.9975586,,0.012018810026347637,0.012437723577022552,0.03547147661447525,0.1575731635093689,0.009512200020253658,0.1008661612868309,0.03524699807167053,0.013129467144608498,0.047046415507793427,0.054812949150800705,0.06338369101285934,0.058170873671770096,0.06411851197481155,0.081545889377594,0.035158976912498474,0.07344578206539154,0.02837427146732807,0.03746243566274643,0.06121901795268059,0.034623708575963974,0.02149808779358864,0.044801052659749985,0.019114650785923004,0.019129730761051178,0.044967200607061386,0.010426475666463375,0.09055465459823608,0.028987377882003784,0.002937914803624153,0.06995806843042374,0.013268514536321163,0.011606660671532154,0.02183614671230316,0.008680418133735657,0.06746780127286911,0.04509609937667847,0.011969235725700855,0.06717585027217865,0.020936526358127594,0.05301130190491676,0.062269385904073715,0.0252662543207407,0.0046689473092556,0.02635623887181282,0.06109129264950752,0.11347457021474838,0.013760094530880451,0.03365650400519371,0.034547124058008194,0.03266337513923645,0.00835510902106762,0.048377931118011475,0.047398846596479416,,,,,,,,,,,,,,,
unknown,買,218,219,255.28851,255.44827,0.99658203,,0.0128532899543643,0.014124926179647446,0.052109505981206894,0.16831271350383759,0.004345714580267668,0.04679662734270096,0.031216077506542206,0.015261111781001091,0.05987916514277458,0.08077462017536163,0.11735849827528,0.0807795375585556,0.08710550516843796,0.12236116081476212,0.029630066826939583,0.10501611232757568,0.02505197376012802,0.03463045507669449,0.03295338898897171,0.022803524509072304,0.012217080220580101,0.02931888774037361,0.02289748005568981,0.019616685807704926,0.033465348184108734,0.01045763399451971,0.11168867349624634,0.039595913141965866,0.0023960585240274668,0.08113010227680206,0.014045534655451775,0.011458031833171844,0.01816796325147152,0.00762822525575757,0.11784015595912933,0.062305428087711334,0.012730851769447327,0.0882493183016777,0.015178416855633259,0.05555719509720802,0.058156225830316544,0.01513834297657013,0.004353555850684643,0.022072888910770416,0.05062948539853096,0.11085192114114761,0.007854261435568333,0.02632276713848114,0.023396039381623268,0.028226064518094063,0.008510095067322254,0.03509793430566788,0.039878927171230316,,,,,,,,,,,,,,,
unknown,い,220,221,255.44827,255.5681,0.984375,,0.012358937412500381,0.013782128691673279,0.05530039966106415,0.16748851537704468,0.002787903416901827,0.03971445932984352,0.038274213671684265,0.012795709073543549,0.07588603347539902,0.07449055463075638,0.10861349105834961,0.08470778167247772,0.10263756662607193,0.14479480683803558,0.02288789674639702,0.08973104506731033,0.03866327926516533,0.041368525475263596,0.031071124598383904,0.01767101138830185,0.008567757904529572,0.02898475155234337,0.030636439099907875,0.017499025911092758,0.0379311740398407,0.011867054738104343,0.11432632058858871,0.04100285843014717,0.0032097259536385536,0.07611735165119171,0.014085914008319378,0.009333979338407516,0.021430835127830505,0.005345159210264683,0.13327017426490784,0.05241888016462326,0.012967091985046864,0.067512646317482,0.014176161028444767,0.05020444840192795,0.06398219615221024,0.01315564475953579,0.005675043910741806,0.02178901806473732,0.04991964250802994,0.09990724176168442,0.011456714943051338,0.02826979011297226,0.018910134211182594,0.025332752615213394,0.010213738307356834,0.03056824766099453,0.03127599135041237,,,,,,,,,,,,,,,
unknown,物,222,223,255.5681,256.0681,0.9975586,,0.00840663816779852,0.011180486530065536,0.031255848705768585,0.1918729841709137,0.004787853453308344,0.06778159737586975,0.01801583357155323,0.007850069552659988,0.07016139477491379,0.138515904545784,0.10094250738620758,0.06516507267951965,0.06500715762376785,0.0720839649438858,0.03407849371433258,0.10870431363582611,0.03167750686407089,0.03975863754749298,0.026354528963565826,0.024506334215402603,0.010470852255821228,0.013741319999098778,0.015986090525984764,0.017367130145430565,0.029580825939774513,0.004019448067992926,0.1721857786178589,0.023847516626119614,0.0023595518432557583,0.14259202778339386,0.004745573736727238,0.009489675052464008,0.01435245480388403,0.002613738179206848,0.1266493946313858,0.07851386070251465,0.009585384279489517,0.06547953933477402,0.004545833915472031,0.06170789524912834,0.04868978634476662,0.013333453796803951,0.0032147313468158245,0.009202246554195881,0.04804330691695213,0.12940409779548645,0.008247587829828262,0.018581492826342583,0.016923625022172928,0.03194558247923851,0.0038595222868025303,0.026668228209018707,0.04468678683042526,,,,,,,,,,,,,,,
unknown,牛,224,225,259.64194,259.8816,0.7114258,,0.008980829268693924,0.01225004717707634,0.029973359778523445,0.2776406407356262,0.0027909029740840197,0.04199549928307533,0.019997259601950645,0.008372138254344463,0.09702500700950623,0.10716322809457779,0.06202995404601097,0.04548259824514389,0.056312933564186096,0.0557452030479908,0.022701503708958626,0.09743440896272659,0.06712783873081207,0.032310809940099716,0.021182900294661522,0.014272848144173622,0.010469295084476471,0.014262077398598194,0.014511020854115486,0.02253141812980175,0.05524159222841263,0.004045991227030754,0.2148858606815338,0.0229340847581625,0.0026954705826938152,0.19110645353794098,0.005614012014120817,0.013017564080655575,0.02967241406440735,0.003378563094884157,0.12896788120269775,0.10956396162509918,0.009162591770291328,0.0930115133523941,0.0051219468005001545,0.06541600078344345,0.04410529509186745,0.012471460737287998,0.002242773538455367,0.009025897830724716,0.053556278347969055,0.1335403323173523,0.0066417367197573185,0.027865562587976456,0.016874223947525024,0.04553135856986046,0.003863222897052765,0.018409868702292442,0.043661173433065414,,,,,,,,,,,,,,,
unknown,入,226,227,259.8816,260.3816,0.5126953,,0.011605989187955856,0.014079582877457142,0.03272059187293053,0.23692382872104645,0.003097791690379381,0.038751084357500076,0.01440325565636158,0.010713338851928711,0.0623207613825798,0.09152814000844955,0.060316167771816254,0.04619494080543518,0.07661370187997818,0.06536322087049484,0.02574271336197853,0.09203891456127167,0.04720203951001167,0.03181866928935051,0.019386185333132744,0.01625235751271248,0.008250761777162552,0.01011032983660698,0.017018647864460945,0.021947992965579033,0.023836513981223106,0.0032899954821914434,0.25079652667045593,0.023877855390310287,0.0027497494593262672,0.2258245348930359,0.004232994746416807,0.012418640777468681,0.013399326242506504,0.002562909387052059,0.16148488223552704,0.12467913329601288,0.009725624695420265,0.08850452303886414,0.0030872495844960213,0.05849066376686096,0.0362265445291996,0.009471508674323559,0.0021763925906270742,0.007813782431185246,0.05626871436834335,0.11324439942836761,0.004767786245793104,0.014713287353515625,0.0169678907841444,0.04832044616341591,0.003472637152299285,0.013386166654527187,0.043103598058223724,,,,,,,,,,,,,,,
unknown,ア,228,229,269.04398,269.16382,0.83691406,,0.010689571499824524,0.01642056182026863,0.026230525225400925,0.1599808782339096,0.005229981150478125,0.06318700313568115,0.02862386219203472,0.011398122645914555,0.04245845973491669,0.10791952908039093,0.07849881052970886,0.062464166432619095,0.06740831583738327,0.06914670020341873,0.02315482869744301,0.10002759099006653,0.05177759379148483,0.04643949121236801,0.02344331331551075,0.01365560945123434,0.0057377563789486885,0.01943703554570675,0.015653427690267563,0.023164033889770508,0.016339538618922234,0.0039953431114554405,0.22900496423244476,0.024572795256972313,0.0027836915105581284,0.2440185397863388,0.007004864048212767,0.014546526595950127,0.010692816227674484,0.002537489403039217,0.14043518900871277,0.11577878147363663,0.01380692794919014,0.09360767900943756,0.005899191368371248,0.06195849925279617,0.039074696600437164,0.016793278977274895,0.003342376323416829,0.012637505307793617,0.03776352480053902,0.1172596737742424,0.005542694590985775,0.01132152695208788,0.018011650070548058,0.04380883648991585,0.0036662574857473373,0.03185295686125755,0.04906722903251648,,,,,,,,,,,,,,,
unknown,ホ,230,231,269.16382,269.66382,0.99609375,,0.009861589409410954,0.014206911437213421,0.026659388095140457,0.13887153565883636,0.0045159668661653996,0.05529588460922241,0.021210797131061554,0.010040052235126495,0.036197494715452194,0.11933969706296921,0.09872837364673615,0.06702879071235657,0.059516165405511856,0.08183015137910843,0.024395333603024483,0.11430267244577408,0.06032462418079376,0.04402942955493927,0.021726295351982117,0.013265985995531082,0.005930700805038214,0.01586814969778061,0.012755823321640491,0.022244175896048546,0.013109199702739716,0.003961014095693827,0.20196163654327393,0.024665962904691696,0.0025620823726058006,0.19626066088676453,0.005105601157993078,0.015081136487424374,0.009753105230629444,0.002193997846916318,0.13413599133491516,0.1070086658000946,0.012495908886194229,0.1328161060810089,0.005746735259890556,0.054230011999607086,0.041349854320287704,0.01989668607711792,0.003445848822593689,0.012995662167668343,0.03537537157535553,0.1288987249135971,0.006075110286474228,0.010536803863942623,0.01382546965032816,0.03502418473362923,0.0035825457889586687,0.0324992910027504,0.049163106828927994,,,,,,,,,,,,,,,
unknown,フ,232,233,273.55783,273.59778,0.99121094,,0.01098322682082653,0.02026667445898056,0.0277902539819479,0.13229571282863617,0.0030704198870807886,0.032224178314208984,0.01882198452949524,0.01221953984349966,0.025738319382071495,0.0713205337524414,0.07391948252916336,0.05058417096734047,0.02405753917992115,0.04883628338575363,0.016946889460086823,0.14359252154827118,0.05641047656536102,0.05445988476276398,0.015237986110150814,0.00661056162789464,0.0039043377619236708,0.013441919349133968,0.0061116390861570835,0.053056955337524414,0.01228560321033001,0.003751790151000023,0.3262783885002136,0.026625430211424828,0.0019329367205500603,0.3812370300292969,0.004014423582702875,0.022568553686141968,0.010400482453405857,0.0017334104049950838,0.10809922218322754,0.19781967997550964,0.02297169528901577,0.10507723689079285,0.005507422145456076,0.07527241855859756,0.03984127938747406,0.02902488224208355,0.005416971631348133,0.01050004456192255,0.022725224494934082,0.18532034754753113,0.008846275508403778,0.009580487385392189,0.010248919948935509,0.04594896361231804,0.0032276720739901066,0.043607573956251144,0.08416014164686203,,,,,,,,,,,,,,,
unknown,ォ,234,235,273.59778,273.71762,0.98095703,,0.013656249269843102,0.021538427099585533,0.026978187263011932,0.12507225573062897,0.003214178141206503,0.030467424541711807,0.012658719904720783,0.013963960111141205,0.018368059769272804,0.07278608530759811,0.07423514127731323,0.05522158741950989,0.022896215319633484,0.058063533157110214,0.01900973916053772,0.1340603083372116,0.08824864029884338,0.0656479001045227,0.013639330863952637,0.007046899758279324,0.0037856155540794134,0.008961226791143417,0.006146576721221209,0.04565025120973587,0.007094313856214285,0.002705981023609638,0.38091087341308594,0.027025548741221428,0.0028591572772711515,0.4162623882293701,0.0027338711079210043,0.01761876791715622,0.006559527944773436,0.0012367257149890065,0.14949263632297516,0.19182652235031128,0.017649026587605476,0.12258496880531311,0.0029799744952470064,0.06843368709087372,0.04161546751856804,0.019939521327614784,0.0041837021708488464,0.008077876642346382,0.02001098357141018,0.17608244717121124,0.007542734500020742,0.006691756192594767,0.008918480947613716,0.048498477786779404,0.0025455178692936897,0.025043047964572906,0.07949148863554001,,,,,,,,,,,,,,,
unknown,ー,236,237,273.71762,273.8774,0.99121094,,0.017470022663474083,0.029964108020067215,0.023397296667099,0.10310999304056168,0.0030384098645299673,0.02429868094623089,0.016383031383156776,0.014828596264123917,0.01636035554111004,0.04774835333228111,0.052646029740571976,0.05355735123157501,0.023183563724160194,0.05766856670379639,0.016150008887052536,0.10587190091609955,0.08676324039697647,0.08883360773324966,0.01126757264137268,0.0059825824573636055,0.0027282920200377703,0.009890210814774036,0.007110667414963245,0.0466475635766983,0.005367957521229982,0.002891428070142865,0.46395573019981384,0.026380356401205063,0.0026015453040599823,0.52704256772995,0.0035460053477436304,0.02053210139274597,0.005656933877617121,0.0011229460360482335,0.16561760008335114,0.2091427445411682,0.026460736989974976,0.12722231447696686,0.0025311412755399942,0.07062125951051712,0.038669392466545105,0.01740601845085621,0.005122714210301638,0.008570880629122257,0.013995815999805927,0.14487867057323456,0.007252712734043598,0.005379077512770891,0.007674932945519686,0.04742640629410744,0.0027079149149358273,0.01842416636645794,0.07875113934278488,,,,,,,,,,,,,,,
unknown,ク,238,239,273.8774,274.3774,0.92285156,,0.010814428329467773,0.019770629703998566,0.021556435152888298,0.1008131206035614,0.0048296707682311535,0.04215909540653229,0.01732812449336052,0.009637865237891674,0.019207609817385674,0.09280479699373245,0.08702962845563889,0.05065488815307617,0.020982535555958748,0.03907192870974541,0.02191646210849285,0.16764982044696808,0.09340301901102066,0.07081097364425659,0.012082668021321297,0.0073842271231114864,0.004206489305943251,0.011838524602353573,0.005189043935388327,0.048373736441135406,0.005521844141185284,0.0026467281859368086,0.38865575194358826,0.019469086080789566,0.002140218624845147,0.41594767570495605,0.003000736003741622,0.026328718289732933,0.005921459291130304,0.0011006435379385948,0.11632975190877914,0.21465842425823212,0.019549909979104996,0.05254674330353737,0.00356898526661098,0.06356897950172424,0.034263432025909424,0.03007340431213379,0.00345628522336483,0.007029103115200996,0.01963256672024727,0.208858922123909,0.006542508024722338,0.0053079877980053425,0.007975401356816292,0.04251770302653313,0.002604774432256818,0.03545099496841431,0.08066164702177048,,,,,,,,,,,,,,,
unknown,赤,240,241,277.96674,278.1265,0.95214844,,0.008553363382816315,0.0149823147803545,0.017956076189875603,0.08023791760206223,0.010788249783217907,0.08898105472326279,0.019679682329297066,0.009062126278877258,0.01957273669540882,0.09014597535133362,0.06832217425107956,0.03831470385193825,0.025049105286598206,0.03733615577220917,0.02611270174384117,0.1264696717262268,0.08822578191757202,0.05680283159017563,0.031263768672943115,0.01327760424464941,0.007714519277215004,0.02010153792798519,0.0056784194894135,0.03206281736493111,0.00933552160859108,0.003237814176827669,0.2910875082015991,0.014645388349890709,0.002842729212716222,0.3108130693435669,0.0030897422693669796,0.025799568742513657,0.014349343255162239,0.001603729440830648,0.08278382569551468,0.15889228880405426,0.013307125307619572,0.05285216495394707,0.005266677588224411,0.053372472524642944,0.050523169338703156,0.031154409050941467,0.0019881415646523237,0.014151806011795998,0.022445984184741974,0.16924256086349487,0.003492156509310007,0.010646108537912369,0.01691511459648609,0.04918172210454941,0.003221661550924182,0.037722740322351456,0.06924434751272202,,,,,,,,,,,,,,,
unknown,ち,242,243,278.1265,278.16644,0.9951172,,0.009341822005808353,0.021451622247695923,0.015794120728969574,0.07344881445169449,0.007626543752849102,0.06699257344007492,0.020743029192090034,0.008859725669026375,0.02042574994266033,0.10628822445869446,0.09489241987466812,0.03374845162034035,0.017036929726600647,0.0347566157579422,0.022962501272559166,0.15326844155788422,0.05218799039721489,0.052837736904621124,0.030025124549865723,0.010283440351486206,0.00514396233484149,0.01886586844921112,0.004848698154091835,0.03401482105255127,0.009007842279970646,0.004667571280151606,0.2683258354663849,0.015310621820390224,0.0021366828586906195,0.31145796179771423,0.003082187147811055,0.030812527984380722,0.014303666539490223,0.0012777403462678194,0.07110109180212021,0.18700353801250458,0.03034399449825287,0.07294733822345734,0.006425481289625168,0.05069318413734436,0.04388710856437683,0.04073859006166458,0.00463067227974534,0.02076762169599533,0.01877511478960514,0.16430748999118805,0.005158280022442341,0.01061470340937376,0.013326507993042469,0.03675638884305954,0.004596935585141182,0.0671844482421875,0.06505678594112396,,,,,,,,,,,,,,,
unknown,ゃ,244,245,278.16644,278.66644,0.77734375,,0.012998595833778381,0.026256052777171135,0.020091760903596878,0.07347146421670914,0.004130649846047163,0.036293018609285355,0.014162003993988037,0.011119339615106583,0.014549716375768185,0.07707822322845459,0.08972201496362686,0.03969551995396614,0.016905786469578743,0.03381109982728958,0.018531378358602524,0.15662936866283417,0.06131667271256447,0.06983278691768646,0.014684107154607773,0.0060528479516506195,0.0025441476609557867,0.009313834831118584,0.004299303982406855,0.042861610651016235,0.0038661379367113113,0.003092516679316759,0.4038810133934021,0.017057595774531364,0.002261738060042262,0.4748620390892029,0.0022095460444688797,0.031983017921447754,0.005776293575763702,0.0007296440307982266,0.11488229781389236,0.23752695322036743,0.02795727178454399,0.048809606581926346,0.0027951367665082216,0.061794620007276535,0.03097965568304062,0.030261341482400894,0.0037775039672851562,0.00949488952755928,0.0140695134177804,0.17934028804302216,0.00427051680162549,0.004515236243605614,0.007937265560030937,0.041273731738328934,0.0036050293128937483,0.026711443439126015,0.07882825285196304,,,,,,,,,,,,,,,
unknown,赤,246,247,286.55444,287.05444,0.95947266,,0.005818047560751438,0.013449424877762794,0.013588028959929943,0.056622352451086044,0.0061324601992964745,0.05734626203775406,0.022058576345443726,0.006144304294139147,0.013485325500369072,0.09426039457321167,0.09120847284793854,0.04340602830052376,0.014228854328393936,0.020376285538077354,0.017350994050502777,0.16354984045028687,0.0546921044588089,0.07760249078273773,0.01420633029192686,0.005113549530506134,0.0026128869503736496,0.014801113866269588,0.002886765403673053,0.04093377664685249,0.003846243256703019,0.0028231553733348846,0.3625130355358124,0.010101302526891232,0.0012960468884557486,0.456516295671463,0.002410278422757983,0.035057131201028824,0.007162035442888737,0.0007567763095721602,0.07325714826583862,0.2064559906721115,0.01643945276737213,0.020798055455088615,0.003635885426774621,0.052600424736738205,0.028727790340781212,0.05672796815633774,0.0017714508576318622,0.008690024726092815,0.01181893702596426,0.19964131712913513,0.0023249764926731586,0.00408173119649291,0.008804485201835632,0.03728724271059036,0.0032424242235720158,0.0378628745675087,0.08923695236444473,,,,,,,,,,,,,,,
unknown,信,248,249,290.32416,290.72363,0.66064453,,0.014516355469822884,0.019270287826657295,0.02398187667131424,0.05529654771089554,0.003815445816144347,0.04699745401740074,0.007978316396474838,0.013409777544438839,0.008135909214615822,0.0881255716085434,0.06762468814849854,0.03057592548429966,0.01644192636013031,0.028126226738095284,0.016210105270147324,0.15941064059734344,0.05242777243256569,0.0567302443087101,0.023141061887145042,0.004790242295712233,0.0015494466060772538,0.006398849189281464,0.002983539830893278,0.03559136018157005,0.002455900888890028,0.0016553127206861973,0.4181874990463257,0.014487497508525848,0.0033138811122626066,0.4831463396549225,0.0008176960982382298,0.04231340065598488,0.004372310824692249,0.0003085038624703884,0.11229317635297775,0.2281307727098465,0.011652473360300064,0.033548980951309204,0.0018011806532740593,0.06084316223859787,0.02703358419239521,0.03309887275099754,0.001103664981201291,0.009481610730290413,0.012159779667854309,0.1978241205215454,0.0011731014819815755,0.003265619045123458,0.00814262218773365,0.049471598118543625,0.001999516738578677,0.025991208851337433,0.09339962154626846,,,,,,,,,,,,,,,
unknown,号,250,251,290.72363,291.22363,0.9321289,,0.014160173013806343,0.024196552112698555,0.024273371323943138,0.05679580569267273,0.00341934897005558,0.04637607932090759,0.011420623399317265,0.013447447679936886,0.009006726555526257,0.1034393236041069,0.07510127872228622,0.031935445964336395,0.023515494540333748,0.035636741667985916,0.01464967429637909,0.1589185893535614,0.07870545238256454,0.05628036707639694,0.023482874035835266,0.004483866039663553,0.0011885286075994372,0.007454128935933113,0.004590013064444065,0.03579080477356911,0.0021052358206361532,0.0014586418401449919,0.43254387378692627,0.01759859174489975,0.0035994350910186768,0.5133249163627625,0.0011330342385917902,0.03562931716442108,0.004515266977250576,0.00028051534900441766,0.1262700855731964,0.24946829676628113,0.01612202823162079,0.034052200615406036,0.0016252862988039851,0.05044431984424591,0.0268704853951931,0.022089632228016853,0.0014610084472224116,0.01072787120938301,0.011021554470062256,0.17352542281150818,0.0012311098398640752,0.0030167202930897474,0.007778357248753309,0.042640652507543564,0.001764839282259345,0.02081606164574623,0.0654248595237732,,,,,,,,,,,,,,,
unknown,川,252,253,304.30603,304.80603,0.7475586,,0.01526189036667347,0.021640507504343987,0.02413555607199669,0.06841321289539337,0.0023120809346437454,0.03125641122460365,0.01223574485629797,0.01305968314409256,0.009745422750711441,0.07458480447530746,0.09931498020887375,0.028981056064367294,0.016684824600815773,0.04816432297229767,0.01438990794122219,0.19212989509105682,0.11527618020772934,0.057376518845558167,0.022468512877821922,0.0037196401972323656,0.001263504265807569,0.007385710719972849,0.005907863844186068,0.027851972728967667,0.0029096773359924555,0.002256238367408514,0.37560564279556274,0.01566951535642147,0.004708962514996529,0.3741384446620941,0.001488513546064496,0.05151420086622238,0.0072829085402190685,0.0003220653743483126,0.12973377108573914,0.23746293783187866,0.017447736114263535,0.037802815437316895,0.0021927582565695047,0.04881863296031952,0.03312918543815613,0.02917434275150299,0.001491300412453711,0.012379134073853493,0.018243886530399323,0.19927404820919037,0.0011974623193964362,0.004297787789255381,0.007074547000229359,0.046791426837444305,0.003083193441852927,0.02036714367568493,0.05977781489491463,,,,,,,,,,,,,,,
unknown,不,254,255,311.79034,312.06995,0.63183594,,0.02447003498673439,0.03307203948497772,0.0360037162899971,0.07279915362596512,0.001880552852526307,0.023973239585757256,0.009185011498630047,0.01926637440919876,0.009392871521413326,0.053095582872629166,0.0963488519191742,0.03202230855822563,0.023722827434539795,0.06419099867343903,0.013945774175226688,0.1779841035604477,0.14741834998130798,0.059742316603660583,0.019303780049085617,0.003858691081404686,0.0011450841557234526,0.0054513197392225266,0.006758683826774359,0.02899567037820816,0.0024283528327941895,0.0021966753993183374,0.40890824794769287,0.022566605359315872,0.006410232745110989,0.38604599237442017,0.00133541040122509,0.047886788845062256,0.005775997415184975,0.0003223649109713733,0.18896500766277313,0.23774729669094086,0.022274093702435493,0.05997268483042717,0.0016291317297145724,0.05508444830775261,0.031116897240281105,0.019113698974251747,0.002116778399795294,0.011121561750769615,0.016085190698504448,0.19114947319030762,0.0016959923086687922,0.003717360319569707,0.006591630633920431,0.050377488136291504,0.0032059254590421915,0.01067653950303793,0.05627454072237015,,,,,,,,,,,,,,,
unknown,ん,256,257,312.06995,312.56995,0.609375,,0.04503341764211655,0.05115640163421631,0.048531632870435715,0.0732966735959053,0.001955334097146988,0.021834302693605423,0.007065280806273222,0.02669408544898033,0.009383433498442173,0.05532475560903549,0.10888524353504181,0.038855262100696564,0.030884861946105957,0.07046595960855484,0.01710861176252365,0.18515712022781372,0.11143550276756287,0.06679992377758026,0.013676831498742104,0.004465992096811533,0.0010912104044109583,0.0042200651951134205,0.007985217496752739,0.027278443798422813,0.0018467570189386606,0.002185519551858306,0.4264509677886963,0.03003351017832756,0.007871688343584538,0.3417394459247589,0.0012128649977967143,0.04779548570513725,0.0036573384422808886,0.00027368401060812175,0.21247081458568573,0.24053221940994263,0.028906380757689476,0.04043520987033844,0.0013713801745325327,0.07122894376516342,0.029344525188207626,0.011915215291082859,0.002514257561415434,0.008012642152607441,0.019886380061507225,0.18483689427375793,0.001691042329184711,0.0030331751331686974,0.0052820309065282345,0.04412607476115227,0.0034877134021371603,0.009356038644909859,0.05755344405770302,,,,,,,,,,,,,,,
unknown,思,258,259,316.2639,316.38373,0.9941406,,0.04593632370233536,0.07242865115404129,0.04874137043952942,0.07794055342674255,0.0027782833203673363,0.027936631813645363,0.008734134025871754,0.028669115155935287,0.010613227263092995,0.037763841450214386,0.0561467669904232,0.025690564885735512,0.03459736704826355,0.04397430643439293,0.012109669856727123,0.1318514496088028,0.10589606314897537,0.054638542234897614,0.017361462116241455,0.003962820395827293,0.0010226825252175331,0.006369580049067736,0.005997799336910248,0.03727887198328972,0.002652671653777361,0.0025021627079695463,0.5147970914840698,0.029132112860679626,0.0067603555507957935,0.476398766040802,0.0013193312333896756,0.048568516969680786,0.004537595435976982,0.0003547062515281141,0.18585677444934845,0.30869659781455994,0.04412124678492546,0.05277330055832863,0.002005905844271183,0.07225016504526138,0.027439840137958527,0.010827955789864063,0.003454723861068487,0.01026228629052639,0.014774785377085209,0.15876556932926178,0.0020012224558740854,0.003233774099498987,0.008171919733285904,0.06295877695083618,0.003534667892381549,0.006736389361321926,0.05718318000435829,,,,,,,,,,,,,,,
unknown,い,260,261,316.38373,316.50354,0.99902344,,0.03229088336229324,0.04629690200090408,0.04460956156253815,0.08445890247821808,0.0031907178927212954,0.03719204291701317,0.008083737455308437,0.02018108405172825,0.011009356006979942,0.06699015945196152,0.07983193546533585,0.035443734377622604,0.04376334324479103,0.06010790914297104,0.01734740473330021,0.14226604998111725,0.1149669885635376,0.05878617241978645,0.01912325993180275,0.006031640339642763,0.0014009661972522736,0.005957546643912792,0.007809650152921677,0.029101872816681862,0.0021252825390547514,0.0018852755893021822,0.46596068143844604,0.02795489877462387,0.006088851951062679,0.39666154980659485,0.0012282667448744178,0.03453653305768967,0.0037832604721188545,0.00032602602732367814,0.19867318868637085,0.24681341648101807,0.027522407472133636,0.04262794554233551,0.0016374423867091537,0.055596135556697845,0.0270663034170866,0.008613229729235172,0.002622196450829506,0.008779988624155521,0.021092187613248825,0.15333868563175201,0.0018891285872086883,0.003042398951947689,0.007076985668390989,0.04095683991909027,0.002551225945353508,0.009807219728827477,0.046929772943258286,,,,,,,,,,,,,,,
unknown,出,262,263,316.50354,317.00354,0.90722656,,0.046278536319732666,0.06646031886339188,0.05825405567884445,0.10591025650501251,0.002374800620600581,0.02798410877585411,0.004058790393173695,0.031139977276325226,0.00751112075522542,0.02088874951004982,0.04346177354454994,0.0176132470369339,0.03345371410250664,0.049558065831661224,0.01337572280317545,0.1584344506263733,0.14424464106559753,0.04122652858495712,0.02398846112191677,0.005433385726064444,0.0012874245876446366,0.004182381089776754,0.0052103446796536446,0.03903897479176521,0.002769964514300227,0.0016129842260852456,0.5251799821853638,0.02837728150188923,0.006871647201478481,0.4289659857749939,0.000656113785225898,0.05805793032050133,0.006283626891672611,0.0003078131703659892,0.19159065186977386,0.32980671525001526,0.03819344565272331,0.0986713171005249,0.0012497593415901065,0.07207823544740677,0.03254309296607971,0.009878603741526604,0.001983762951567769,0.009021567180752754,0.01619849167764187,0.21419841051101685,0.0013348321663215756,0.0036976428236812353,0.009732074104249477,0.08752784878015518,0.0022379918955266476,0.0044945841655135155,0.06388465315103531,,,,,,,,,,,,,,,
unknown,恋,264,265,320.3532,320.7527,0.92333984,,0.059244949370622635,0.1324080377817154,0.0645037591457367,0.09554785490036011,0.0031027798540890217,0.026933221146464348,0.006092109717428684,0.030579838901758194,0.010835970751941204,0.020880378782749176,0.04540550708770752,0.023098109290003777,0.03056727908551693,0.05646493285894394,0.016725635156035423,0.12681616842746735,0.16725178062915802,0.05540435016155243,0.015723342075943947,0.007074713706970215,0.0017345035448670387,0.005148541647940874,0.0065261987037956715,0.04789992794394493,0.002937288023531437,0.00256930710747838,0.5212728381156921,0.04522890970110893,0.006838358007371426,0.42781320214271545,0.001139510190114379,0.053724296391010284,0.00539750512689352,0.0004342588363215327,0.213422954082489,0.3265078365802765,0.13902312517166138,0.09088947623968124,0.001584558398462832,0.0559682659804821,0.034248895943164825,0.006980809383094311,0.014934925362467766,0.008128965273499489,0.02243456244468689,0.16512325406074524,0.00811406783759594,0.003760172287002206,0.0078008174896240234,0.06297830492258072,0.0032895973417907953,0.0050376891158521175,0.040726374834775925,,,,,,,,,,,,,,,
unknown,心,266,267,320.7527,321.03235,0.99121094,,0.05606371536850929,0.117616668343544,0.06620708853006363,0.10345534980297089,0.002540672430768609,0.024413028731942177,0.008175204508006573,0.03194588050246239,0.01302270870655775,0.024183746427297592,0.061444349586963654,0.03614715859293938,0.03590155765414238,0.07796239852905273,0.017492150887846947,0.13140761852264404,0.13329771161079407,0.0712597444653511,0.01455309521406889,0.00743741262704134,0.001797054661437869,0.006026062183082104,0.008616401813924313,0.047475576400756836,0.003152522025629878,0.003529992885887623,0.5008475184440613,0.05453535169363022,0.005193769000470638,0.4151761829853058,0.0018037348054349422,0.05677364766597748,0.004973125644028187,0.0005880814860574901,0.23050054907798767,0.2879628837108612,0.13827309012413025,0.09812082350254059,0.0018819891847670078,0.0521848127245903,0.041024647653102875,0.00929009635001421,0.019134070724248886,0.008623124100267887,0.02905459702014923,0.16291296482086182,0.010316995903849602,0.003791176714003086,0.007888378575444221,0.05701328068971634,0.004320493899285793,0.007010424043983221,0.04444992169737816,,,,,,,,,,,,,,,
unknown,一,268,269,332.25778,332.49747,0.94189453,,0.058447226881980896,0.1376972645521164,0.05062554404139519,0.09086653590202332,0.0024439620319753885,0.018277911469340324,0.006698965094983578,0.029793085530400276,0.00888126716017723,0.016186492517590523,0.03402126953005791,0.020695941522717476,0.03137052431702614,0.0491781160235405,0.013480211608111858,0.10141979157924652,0.10725780576467514,0.05968353897333145,0.011343267746269703,0.005160313565284014,0.0011142458533868194,0.005320411641150713,0.00603557238355279,0.05201398581266403,0.0018907495541498065,0.0025587445124983788,0.5731010437011719,0.0421704538166523,0.003982598427683115,0.5321581363677979,0.0014853879110887647,0.052847933024168015,0.002980356803163886,0.00045628592488355935,0.18942029774188995,0.336651474237442,0.16810962557792664,0.10947112739086151,0.0015065032057464123,0.051763154566287994,0.02641359344124794,0.006873916368931532,0.01610521599650383,0.008863062597811222,0.023540306836366653,0.12504836916923523,0.006433723960071802,0.0023225632030516863,0.006717813201248646,0.05376029014587402,0.0031250962056219578,0.005001273471862078,0.045384135097265244,,,,,,,,,,,,,,,
unknown,寸,270,271,332.49747,332.7771,0.9995117,,0.06614246964454651,0.10574638843536377,0.07907211780548096,0.07231651246547699,0.0018924260511994362,0.01837923377752304,0.006264525931328535,0.04244183003902435,0.008203276433050632,0.02137935161590576,0.07916420698165894,0.05322416126728058,0.02648516744375229,0.10345008969306946,0.01666376180946827,0.15893517434597015,0.09019380807876587,0.10092763602733612,0.011753476224839687,0.005714248865842819,0.0012026821495965123,0.0041575864888727665,0.007793282624334097,0.04606107994914055,0.001984404632821679,0.0031506409868597984,0.5649722814559937,0.06091941520571709,0.005481628701090813,0.4485558271408081,0.0013024206273257732,0.05780228227376938,0.0037523091305047274,0.00037906289799138904,0.27906760573387146,0.28542888164520264,0.09213875979185104,0.08491674810647964,0.0012659052154049277,0.07233855128288269,0.04713698476552963,0.009564847685396671,0.012230019085109234,0.0068750884383916855,0.016497774049639702,0.19396135210990906,0.005946449935436249,0.002912377007305622,0.005925931967794895,0.06002025306224823,0.00398197490721941,0.006604436784982681,0.061932023614645004,,,,,,,,,,,,,,,
unknown,法,272,273,332.7771,332.9369,0.5385742,,0.0667378231883049,0.1340576857328415,0.06003538519144058,0.08471078425645828,0.0022462396882474422,0.014985427260398865,0.006748315878212452,0.03962071239948273,0.008773167617619038,0.017331864684820175,0.06255273520946503,0.033779602497816086,0.02641334757208824,0.08203066885471344,0.017183922231197357,0.13149569928646088,0.13724038004875183,0.09113731980323792,0.010735662654042244,0.0052624852396547794,0.0011983849108219147,0.004321335349231958,0.008423174731433392,0.060032621026039124,0.0017099779797717929,0.0029959124512970448,0.5595210194587708,0.0639723688364029,0.006664949934929609,0.5027028918266296,0.0017960815457627177,0.051878590136766434,0.0029291678220033646,0.0004739357391372323,0.26411139965057373,0.3141314387321472,0.15727078914642334,0.0768214613199234,0.0014661209424957633,0.05547453090548515,0.03233173117041588,0.007244030013680458,0.027987152338027954,0.007777075283229351,0.023928208276629448,0.15607424080371857,0.012353740632534027,0.002544586081057787,0.006116616539657116,0.05503148213028908,0.0038398182950913906,0.004570287652313709,0.05049648880958557,,,,,,,,,,,,,,,
unknown,止,274,275,332.9369,333.4369,0.82714844,,0.06787201762199402,0.15750804543495178,0.08936649560928345,0.08608260005712509,0.004811496939510107,0.0279080830514431,0.008884957060217857,0.06449297070503235,0.008442516438663006,0.014728326350450516,0.05260850489139557,0.03175095468759537,0.03242639824748039,0.11269009858369827,0.023232437670230865,0.10355588793754578,0.16556251049041748,0.0669461339712143,0.022520773112773895,0.011100434698164463,0.002879946492612362,0.008764811791479588,0.009344030171632767,0.08507552742958069,0.002471835119649768,0.005471611395478249,0.4195018410682678,0.11465751379728317,0.009764369577169418,0.3912530839443207,0.0028696232475340366,0.05052191764116287,0.0045991698279976845,0.0013130438746884465,0.21049629151821136,0.27829211950302124,0.20144137740135193,0.10023105144500732,0.0034976669121533632,0.03596314415335655,0.04590678960084915,0.0075716604478657246,0.06392502784729004,0.015919450670480728,0.044888921082019806,0.1283091902732849,0.028804151341319084,0.004312824923545122,0.012069232761859894,0.058018315583467484,0.005236020777374506,0.00601981719955802,0.037505656480789185,,,,,,,,,,,,,,,
unknown,氷,276,277,344.55,345.05,0.5283203,,0.06062116101384163,0.12544453144073486,0.05898810178041458,0.09179478138685226,0.012125985696911812,0.0677824467420578,0.017892302945256233,0.041554514318704605,0.012432454153895378,0.023862216621637344,0.03134206682443619,0.0303061343729496,0.05955285578966141,0.08598373085260391,0.029682457447052002,0.07202807813882828,0.20408518612384796,0.09019380062818527,0.0464751273393631,0.019203485921025276,0.004307418595999479,0.019912032410502434,0.0185635294765234,0.06218939274549484,0.003562659490853548,0.005493428558111191,0.4208354353904724,0.07470440119504929,0.012826790101826191,0.37378042936325073,0.005214751232415438,0.03802177309989929,0.0059967730194330215,0.0015626495005562901,0.17303664982318878,0.21909913420677185,0.15447834134101868,0.04955620691180229,0.006262447219341993,0.03559490665793419,0.0445055328309536,0.006152758374810219,0.03840744122862816,0.02511761523783207,0.06319933384656906,0.09758014976978302,0.020832484588027,0.006011404562741518,0.018026618286967278,0.047603052109479904,0.004987264517694712,0.00952240452170372,0.03430991619825363,,,,,,,,,,,,,,,
unknown,墓,278,279,350.605,351.105,0.90185547,,0.07149099558591843,0.1454080194234848,0.07912161201238632,0.10178198665380478,0.005656316410750151,0.03878944739699364,0.007494163699448109,0.038668930530548096,0.01392600778490305,0.02787305973470211,0.048568058758974075,0.027997666969895363,0.05572238937020302,0.09847555309534073,0.028428787365555763,0.0900736153125763,0.261302649974823,0.05569553002715111,0.03194534406065941,0.01637452468276024,0.0036335017066448927,0.007986843585968018,0.014591175131499767,0.05232418701052666,0.003160629654303193,0.004005791619420052,0.3663025200366974,0.08512048423290253,0.013242121785879135,0.28059595823287964,0.0022053562570363283,0.03495785593986511,0.005157453007996082,0.0009082937613129616,0.22313830256462097,0.21508434414863586,0.16020673513412476,0.08476288616657257,0.00310885114595294,0.031211253255605698,0.03916282579302788,0.004811429884284735,0.04690397530794144,0.0161556676030159,0.05350148677825928,0.11272785067558289,0.031194288283586502,0.0052844928577542305,0.011353160254657269,0.041096772998571396,0.0043314541690051556,0.005199996288865805,0.026364095509052277,,,,,,,,,,,,,,,
unknown,羊,280,281,356.52502,357.02502,0.48095703,,0.1041596457362175,0.16075505316257477,0.12667427957057953,0.14193318784236908,0.0032331401016563177,0.020222719758749008,0.003420854452997446,0.05776972323656082,0.015010287053883076,0.013751395046710968,0.03864847496151924,0.028781181201338768,0.04907611012458801,0.10110211372375488,0.027450472116470337,0.07783118635416031,0.16682757437229156,0.0445561520755291,0.01448072213679552,0.013772748410701752,0.003938931040465832,0.003624282544478774,0.01083355862647295,0.057000186294317245,0.004275464452803135,0.0036289780400693417,0.38424766063690186,0.10638469457626343,0.013603396713733673,0.27196070551872253,0.0012365102302283049,0.031188206747174263,0.003972351551055908,0.0009412976796738803,0.2605549097061157,0.22157132625579834,0.11821910738945007,0.10330294072628021,0.0015207675751298666,0.05075264722108841,0.05047564208507538,0.003968589939177036,0.044457223266363144,0.006777095142751932,0.054714448750019073,0.12604179978370667,0.04044048860669136,0.005240671802312136,0.009939337149262428,0.06613952666521072,0.0042770905420184135,0.001829177956096828,0.036751627922058105,,,,,,,,,,,,,,,
unknown,プ,282,283,363.57922,363.69894,1.0,,0.09429632872343063,0.1610785573720932,0.1442759931087494,0.11565133184194565,0.0025834126863628626,0.017396535724401474,0.004737003240734339,0.06309018284082413,0.020047103986144066,0.014310170896351337,0.06888378411531448,0.040244389325380325,0.046026185154914856,0.1611526608467102,0.027338624000549316,0.09306398779153824,0.08308619260787964,0.045035552233457565,0.01408321876078844,0.013678056187927723,0.00403986731544137,0.004410200286656618,0.012705245055258274,0.05521747097373009,0.0062273540534079075,0.0062870788387954235,0.27700698375701904,0.14508089423179626,0.01024437602609396,0.19095706939697266,0.0017827155534178019,0.030464593321084976,0.005247495602816343,0.0012476583942770958,0.2261706292629242,0.2112436443567276,0.1775805801153183,0.1592148244380951,0.002490262035280466,0.05135588347911835,0.08027079701423645,0.00619250675663352,0.12024033814668655,0.009970582090318203,0.050326261669397354,0.12250389903783798,0.07008910924196243,0.007612333167344332,0.010125105269253254,0.0587211549282074,0.006324521731585264,0.0035204808227717876,0.03574590012431145,,,,,,,,,,,,,,,
unknown,レ,284,285,363.69894,363.85858,1.0,,0.1044289693236351,0.16248811781406403,0.17275521159172058,0.1365831345319748,0.003635161556303501,0.02362554706633091,0.0046617817133665085,0.07908365875482559,0.023678263649344444,0.012726295739412308,0.05692805349826813,0.047126058489084244,0.0667181983590126,0.17157606780529022,0.030811430886387825,0.06075570732355118,0.08177313953638077,0.0407712459564209,0.01412959210574627,0.01760779321193695,0.005552268121391535,0.00495739234611392,0.01403113640844822,0.05102406442165375,0.008046669885516167,0.006762493401765823,0.2290683090686798,0.18513429164886475,0.013709242455661297,0.14848479628562927,0.0019335529068484902,0.02325037121772766,0.004719816148281097,0.0017803531372919679,0.22840666770935059,0.16464738547801971,0.13276855647563934,0.16984297335147858,0.0028253961354494095,0.046097371727228165,0.08260306715965271,0.004697002936154604,0.13293075561523438,0.008491607382893562,0.05917505919933319,0.09317180514335632,0.09820980578660965,0.008228141814470291,0.01257794164121151,0.06135120987892151,0.006386922672390938,0.0027329714503139257,0.03113754838705063,,,,,,,,,,,,,,,
unknown,ゼ,286,287,363.85858,363.97833,1.0,,0.14778102934360504,0.19798962771892548,0.17840571701526642,0.12305860966444016,0.0038859189953655005,0.021278977394104004,0.0038278275169432163,0.10624650120735168,0.017125479876995087,0.01028693001717329,0.051853470504283905,0.042756058275699615,0.05310599133372307,0.1459474414587021,0.027586612850427628,0.0647924393415451,0.0659274160861969,0.04614950716495514,0.014946813695132732,0.015872972086071968,0.0047375513240695,0.004503531847149134,0.010492721572518349,0.06540413945913315,0.006828963290899992,0.007296669762581587,0.2871890664100647,0.1881648600101471,0.015724631026387215,0.19886840879917145,0.0015676980838179588,0.026258686557412148,0.0041943322867155075,0.0015178167959675193,0.2407929003238678,0.19111283123493195,0.1255519688129425,0.14939774572849274,0.002611869014799595,0.06646984070539474,0.07069524377584457,0.006045118439942598,0.1150183454155922,0.008947217836976051,0.041193317621946335,0.11053614318370819,0.10061885416507721,0.007677973713725805,0.012443127110600471,0.07499171793460846,0.007484393194317818,0.0026761835906654596,0.046333249658346176,,,,,,,,,,,,,,,
unknown,ン,288,289,363.97833,364.33752,0.99853516,,0.14397399127483368,0.24602487683296204,0.18083162605762482,0.12259864062070847,0.003881176933646202,0.018463734537363052,0.0038589464966207743,0.10992064327001572,0.019732028245925903,0.00954684428870678,0.047855932265520096,0.031771767884492874,0.04791630059480667,0.10810322314500809,0.024005841463804245,0.06119634956121445,0.062261004000902176,0.03762594610452652,0.013134252279996872,0.012759248726069927,0.00476560415700078,0.004992786329239607,0.007744039408862591,0.08681099861860275,0.007990239188075066,0.008624205365777016,0.263522207736969,0.20632556080818176,0.013814098201692104,0.20192570984363556,0.0014572317013517022,0.026079533621668816,0.004361806437373161,0.0016460394253954291,0.2028796374797821,0.22066543996334076,0.19773802161216736,0.13796962797641754,0.0033585072960704565,0.06243216246366501,0.05698125436902046,0.005707224830985069,0.20489436388015747,0.010511673055589199,0.03939903900027275,0.09793482720851898,0.17089396715164185,0.008201008662581444,0.012400164268910885,0.07284041494131088,0.008372445590794086,0.0033707718830555677,0.04044491425156593,,,,,,,,,,,,,,,
unknown,ト,290,291,364.33752,364.83752,0.9975586,,0.13657930493354797,0.20184625685214996,0.1716507524251938,0.11376524716615677,0.0028842210303992033,0.014294495806097984,0.004532855935394764,0.09918330609798431,0.018164992332458496,0.009808661416172981,0.058018844574689865,0.04449589550495148,0.04230158030986786,0.12846730649471283,0.021978873759508133,0.07187708467245102,0.0629439726471901,0.05383288487792015,0.010290136560797691,0.009841046296060085,0.0035321456380188465,0.004613840486854315,0.008694250136613846,0.0802229791879654,0.006082996726036072,0.009622693061828613,0.3084152936935425,0.1888628751039505,0.012251853942871094,0.23217114806175232,0.0018188828835263848,0.031348817050457,0.003664856543764472,0.0015207136748358607,0.2455260455608368,0.21495623886585236,0.16062425076961517,0.12785734236240387,0.0030824383720755577,0.06659518927335739,0.05996724218130112,0.008231387473642826,0.16660426557064056,0.009006100706756115,0.037390388548374176,0.11486110836267471,0.13384249806404114,0.006384834181517363,0.010471303947269917,0.0753069743514061,0.009853241965174675,0.003029600717127323,0.051254767924547195,,,,,,,,,,,,,,,
unknown,宝,292,293,369.16663,369.66663,0.6557617,,0.17519214749336243,0.24426956474781036,0.1943998485803604,0.09083997458219528,0.002215256216004491,0.013460143469274044,0.003530890913680196,0.1365908831357956,0.011610610410571098,0.008998407050967216,0.048911187797784805,0.040887251496315,0.03887077420949936,0.11666576564311981,0.015939077362418175,0.08722621947526932,0.06829898059368134,0.05007845535874367,0.010865510441362858,0.006482242606580257,0.0020404651295393705,0.0037303606513887644,0.006414775736629963,0.0980311930179596,0.004194506444036961,0.006125450599938631,0.352194219827652,0.2175319492816925,0.01241421326994896,0.29023441672325134,0.0012072032550349832,0.047781310975551605,0.002735334914177656,0.0008936983649618924,0.249521404504776,0.26019105315208435,0.16870489716529846,0.1208890825510025,0.0024675559252500534,0.07000606507062912,0.06432400643825531,0.010481761768460274,0.14607596397399902,0.007855109870433807,0.02492355927824974,0.14914532005786896,0.10180282592773438,0.004362693056464195,0.010324287228286266,0.11258940398693085,0.0060710362158715725,0.002832002006471157,0.0587005540728569,,,,,,,,,,,,,,,
unknown,タ,294,295,375.47238,375.67194,0.6513672,,0.19796697795391083,0.25689199566841125,0.21154159307479858,0.10980024188756943,0.0025899596512317657,0.015825796872377396,0.0032451627776026726,0.14501529932022095,0.012266145087778568,0.00958946906030178,0.05360470339655876,0.03320977836847305,0.039489924907684326,0.11944425106048584,0.019146667793393135,0.08766481280326843,0.06735329329967499,0.034787774085998535,0.011503388173878193,0.008091558702290058,0.0026215503457933664,0.0036487362813204527,0.006382856983691454,0.08786456286907196,0.004973986651748419,0.005598761141300201,0.2899843156337738,0.2159813493490219,0.0167511235922575,0.23439952731132507,0.0011274138232693076,0.04465800151228905,0.0025042209308594465,0.000965287908911705,0.22823531925678253,0.2562963664531708,0.15339058637619019,0.14820736646652222,0.002537031890824437,0.07463932782411575,0.05977066978812218,0.009863811545073986,0.1370575875043869,0.008355985395610332,0.030661115422844887,0.14651404321193695,0.10902039706707001,0.004903553519397974,0.009754771366715431,0.1035013422369957,0.005652670748531818,0.0030344375409185886,0.05219618231058121,,,,,,,,,,,,,,,
unknown,か,296,297,375.67194,375.9912,0.44848633,,0.20530955493450165,0.2285112589597702,0.24225929379463196,0.07780079543590546,0.0015571450348943472,0.011120612733066082,0.003140554763376713,0.13824446499347687,0.008876063860952854,0.010968366637825966,0.0653601735830307,0.04705547168850899,0.030186820775270462,0.1335226595401764,0.016468700021505356,0.101503387093544,0.06345927715301514,0.04119041562080383,0.00883340835571289,0.005855550989508629,0.0019107089610770345,0.0029956132639199495,0.005783631931990385,0.07168684899806976,0.0029327566735446453,0.0057524568401277065,0.3200855553150177,0.20882181823253632,0.013268915936350822,0.23184779286384583,0.0010847161756828427,0.056348901242017746,0.0018609575927257538,0.0007566414424218237,0.285579651594162,0.22704586386680603,0.13427992165088654,0.11341630667448044,0.002117105992510915,0.06354770809412003,0.05393122881650925,0.01070314273238182,0.09821227192878723,0.006440707948058844,0.023577790707349777,0.16013747453689575,0.07206401973962784,0.00336792366579175,0.007224058732390404,0.08801829814910889,0.006117055658251047,0.0032327398657798767,0.048874691128730774,,,,,,,,,,,,,,,
unknown,ラ,298,299,375.9912,376.4912,0.3708496,,0.05953219160437584,0.1156904324889183,0.09709703922271729,0.0847080796957016,0.005834931042045355,0.03084574267268181,0.008080216124653816,0.043461065739393234,0.016436593607068062,0.016875579953193665,0.07316377013921738,0.06577638536691666,0.06832116842269897,0.16668292880058289,0.02919093333184719,0.07309846580028534,0.09208912402391434,0.07648374140262604,0.014591502957046032,0.01426836010068655,0.00410545663908124,0.008175687864422798,0.01384021621197462,0.056316111236810684,0.004001277033239603,0.0073505574837327,0.24775207042694092,0.12845754623413086,0.009084811434149742,0.174836665391922,0.002659412333741784,0.018833408132195473,0.003200692590326071,0.0014975275844335556,0.19764308631420135,0.14840129017829895,0.138297900557518,0.12917520105838776,0.0050186761654913425,0.049816373735666275,0.06731543689966202,0.007211830001324415,0.1319558322429657,0.011112385429441929,0.035875335335731506,0.10157538950443268,0.09530051052570343,0.005240392871201038,0.00992546696215868,0.0393434502184391,0.006680718157440424,0.005903073586523533,0.04325847700238228,,,,,,,,,,,,,,,
unknown,バ,300,301,379.68024,379.84,0.9926758,,0.10688704252243042,0.2075273096561432,0.14959211647510529,0.09020772576332092,0.005181539338082075,0.02471846155822277,0.004755236674100161,0.06811792403459549,0.01229816023260355,0.009996799752116203,0.04559000954031944,0.040622301399707794,0.04153081402182579,0.10810627788305283,0.028321633115410805,0.08162172883749008,0.07587748765945435,0.05026910454034805,0.009645206853747368,0.010354344733059406,0.0040512713603675365,0.005344814155250788,0.006407151930034161,0.07617711275815964,0.003952030558139086,0.006153624504804611,0.29523158073425293,0.15466207265853882,0.009069950319826603,0.2160339653491974,0.0013836491852998734,0.038004014641046524,0.0022029837127774954,0.0011758658802136779,0.1773541122674942,0.21501383185386658,0.20030584931373596,0.12799814343452454,0.003611269174143672,0.06812829524278641,0.05173467844724655,0.007433162536472082,0.14771784842014313,0.006754672154784203,0.03264917433261871,0.13661319017410278,0.10486907511949539,0.003971403930336237,0.007436264771968126,0.05286913737654686,0.005339630413800478,0.003818318946287036,0.048938505351543427,,,,,,,,,,,,,,,
unknown,ナ,302,303,379.84,379.9598,0.9609375,,0.1104152724146843,0.2513110637664795,0.10851339995861053,0.0778953954577446,0.010271766223013401,0.0356602668762207,0.005766238085925579,0.06963144987821579,0.01920747384428978,0.010031385347247124,0.04010231792926788,0.0332908108830452,0.06079522520303726,0.0945025384426117,0.04226357117295265,0.06633204221725464,0.045712996274232864,0.04369182512164116,0.014243480749428272,0.018136022612452507,0.008008354343473911,0.007782445754855871,0.009678328409790993,0.06015011668205261,0.006971743889153004,0.007979064248502254,0.19261209666728973,0.15721626579761505,0.008827599696815014,0.14138157665729523,0.0018885580357164145,0.03049178048968315,0.003855760209262371,0.001864153891801834,0.13945475220680237,0.16995736956596375,0.31480249762535095,0.08784625679254532,0.005688891280442476,0.07769019156694412,0.05317201465368271,0.004782659001648426,0.2190570831298828,0.01002806518226862,0.03982492536306381,0.10052301734685898,0.12736816704273224,0.007862851954996586,0.01213390938937664,0.04468899220228195,0.0066550723277032375,0.004933424759656191,0.039110373705625534,,,,,,,,,,,,,,,
unknown,ナ,304,305,379.9598,380.4598,0.9873047,,0.09108761698007584,0.18588608503341675,0.09029397368431091,0.0866180956363678,0.010282419621944427,0.036588601768016815,0.005568146705627441,0.05157371610403061,0.013534369878470898,0.00817279051989317,0.03543778136372566,0.038480017334222794,0.04608767852187157,0.08076944202184677,0.04027124494314194,0.050283949822187424,0.043194327503442764,0.057392850518226624,0.01123665552586317,0.019836878404021263,0.007119146641343832,0.006846198346465826,0.008593442849814892,0.044937603175640106,0.0037510658148676157,0.007289694156497717,0.2843291759490967,0.10316332429647446,0.007428603246808052,0.19292022287845612,0.002034146338701248,0.020454326644539833,0.002308018272742629,0.0018543914193287492,0.18141469359397888,0.15314629673957825,0.21612557768821716,0.06883369386196136,0.003626440418884158,0.05921467766165733,0.044107887893915176,0.003925627563148737,0.11310667544603348,0.005935064051300287,0.04421410337090492,0.08684464544057846,0.07261738181114197,0.004457472823560238,0.012383573688566685,0.042834799736738205,0.0070622083730995655,0.003288585925474763,0.03740527480840683,,,,,,,,,,,,,,,
unknown,怒,306,307,388.7065,388.86627,0.99902344,,0.09998799115419388,0.22395694255828857,0.090957410633564,0.08187494426965714,0.023875651881098747,0.0576954111456871,0.007023752201348543,0.07182706892490387,0.015001984313130379,0.0067156339064240456,0.02800128236413002,0.02776028960943222,0.07431811094284058,0.07362449914216995,0.045477092266082764,0.03643976151943207,0.03798161447048187,0.04548126831650734,0.021748580038547516,0.02917478233575821,0.010082456283271313,0.012592791579663754,0.009208999574184418,0.05947275832295418,0.004863331560045481,0.012449455447494984,0.21879854798316956,0.1251090168952942,0.009916274808347225,0.1614316701889038,0.0025890544056892395,0.020557638257741928,0.0032035643234848976,0.0032214829698204994,0.1460852324962616,0.15857984125614166,0.27312663197517395,0.060388922691345215,0.007529796566814184,0.04107026383280754,0.047690555453300476,0.004351562354713678,0.1966717541217804,0.01205728854984045,0.044431086629629135,0.06157706305384636,0.11026427894830704,0.006231443956494331,0.024189839139580727,0.05071184039115906,0.01080610416829586,0.004234354943037033,0.03099261410534382,,,,,,,,,,,,,,,
unknown,り,308,309,388.86627,389.36627,0.99316406,,0.08089243620634079,0.1738067865371704,0.09292104840278625,0.08963034301996231,0.031222524121403694,0.06492254137992859,0.007816080935299397,0.06058936193585396,0.01700245589017868,0.007920274510979652,0.03006570413708687,0.027420377358794212,0.06931639462709427,0.06662042438983917,0.04861106351017952,0.03956374153494835,0.038015082478523254,0.0453653447329998,0.026654906570911407,0.034941665828228,0.012879814021289349,0.014952728524804115,0.009158321656286716,0.06756937503814697,0.005982121918350458,0.011510282754898071,0.23905326426029205,0.10863163322210312,0.010086472146213055,0.19300463795661926,0.003234613686800003,0.015436575748026371,0.003338305512443185,0.004414645954966545,0.15300396084785461,0.1661556512117386,0.21284416317939758,0.06196363642811775,0.00907876156270504,0.045926522463560104,0.04877082630991936,0.004328641574829817,0.17791441082954407,0.013370991684496403,0.04231550171971321,0.06851688772439957,0.12155873328447342,0.007115641143172979,0.029799137264490128,0.055636215955019,0.009215804748237133,0.004487504251301289,0.03698696196079254,,,,,,,,,,,,,,,
unknown,道,310,311,393.033,393.35233,0.9980469,,0.07170691341161728,0.15126506984233856,0.1046084314584732,0.11534307897090912,0.02021106332540512,0.05496860668063164,0.007320077624171972,0.05027272552251816,0.024598361924290657,0.008942092768847942,0.03243062272667885,0.03799786418676376,0.08166974782943726,0.08425348252058029,0.05342336744070053,0.03431694209575653,0.03807941824197769,0.051873549818992615,0.019033238291740417,0.03764590993523598,0.013614388182759285,0.012204521335661411,0.01280288677662611,0.0514523871243,0.008239629678428173,0.010747559368610382,0.18761911988258362,0.12516288459300995,0.009456700645387173,0.12519703805446625,0.003485249588266015,0.01194397546350956,0.003875024151057005,0.004414161667227745,0.15319404006004333,0.12098183482885361,0.20353204011917114,0.058463938534259796,0.006921530235558748,0.043855927884578705,0.052836962044239044,0.002941006561741233,0.19745312631130219,0.009529907256364822,0.06328058242797852,0.05783093348145485,0.14961838722229004,0.008864638395607471,0.02174070104956627,0.03879542648792267,0.008931365795433521,0.0044598765671253204,0.029758311808109283,,,,,,,,,,,,,,,
unknown,案,312,313,393.35233,393.63174,0.9995117,,0.0917341560125351,0.17028841376304626,0.08676290512084961,0.12393245100975037,0.014413692057132721,0.04578361660242081,0.005142002832144499,0.057660967111587524,0.015569944866001606,0.009850400499999523,0.03232347592711449,0.03604608774185181,0.07478615641593933,0.060085538774728775,0.042014289647340775,0.04049541801214218,0.04150187969207764,0.04585438594222069,0.013294445350766182,0.026158664375543594,0.008444326929748058,0.007937104441225529,0.008541273884475231,0.054146185517311096,0.004352525342255831,0.006870449986308813,0.25759944319725037,0.10444832593202591,0.007372413761913776,0.17965741455554962,0.0021813251078128815,0.01536606065928936,0.0022422063630074263,0.002633807249367237,0.167181134223938,0.14728187024593353,0.17604272067546844,0.05114475265145302,0.003986785188317299,0.04147696867585182,0.04416662082076073,0.0039313966408371925,0.09462135285139084,0.0052090841345489025,0.05935317650437355,0.07450659573078156,0.07295054942369461,0.004562669899314642,0.01934354193508625,0.05526834353804588,0.0072588082402944565,0.0034082240890711546,0.036762870848178864,,,,,,,,,,,,,,,
unknown,内,314,315,393.63174,394.13174,0.99658203,,0.06013091281056404,0.05185087025165558,0.05513034760951996,0.1438378244638443,0.0401931032538414,0.12815676629543304,0.006892384961247444,0.052908383309841156,0.02343602478504181,0.020290760323405266,0.048882342875003815,0.04389294236898422,0.14858901500701904,0.08022436499595642,0.0764736607670784,0.025274699553847313,0.015442004427313805,0.03160976245999336,0.03075260855257511,0.07046681642532349,0.018323833122849464,0.012404502369463444,0.014780993573367596,0.020249607041478157,0.007339322939515114,0.007925320416688919,0.15861813724040985,0.0616924948990345,0.012295467779040337,0.0985487625002861,0.0028232671320438385,0.00763667793944478,0.002573642646893859,0.003979381173849106,0.17218370735645294,0.0685904398560524,0.015203774906694889,0.027719993144273758,0.0035820656921714544,0.028057830408215523,0.04739466682076454,0.0037056412547826767,0.01225906889885664,0.007223302498459816,0.07247287034988403,0.04351333901286125,0.019256463274359703,0.006989442743360996,0.03576773405075073,0.04837515205144882,0.008908838964998722,0.0037541992496699095,0.027840739116072655,,,,,,,,,,,,,,,
unknown,梅,316,317,404.66443,404.8243,0.9995117,,0.03935752436518669,0.035324618220329285,0.04759683832526207,0.1054731085896492,0.044225696474313736,0.15523363649845123,0.01093068066984415,0.03301532194018364,0.03125884011387825,0.034600190818309784,0.05871821194887161,0.04543766379356384,0.12925969064235687,0.07642907649278641,0.07757654041051865,0.02604723535478115,0.01576848514378071,0.02210158482193947,0.037434954196214676,0.07854413241147995,0.02504432015120983,0.019029930233955383,0.014827943406999111,0.013410108163952827,0.012332684360444546,0.008796068839728832,0.0935656949877739,0.04916347935795784,0.009128637611865997,0.05827200412750244,0.004308273084461689,0.007142164744436741,0.003976200707256794,0.005301800090819597,0.13671912252902985,0.04252829775214195,0.011679873801767826,0.03360762819647789,0.006209652405232191,0.02271052822470665,0.048537176102399826,0.004227496683597565,0.010157504118978977,0.008974269032478333,0.05427969992160797,0.04078057408332825,0.018787076696753502,0.010544732213020325,0.031215164810419083,0.030874939635396004,0.008515818975865841,0.00617488007992506,0.020438840612769127,,,,,,,,,,,,,,,
unknown,干,318,319,404.8243,404.9842,0.95703125,,0.06084922328591347,0.05769334360957146,0.047424301505088806,0.14362604916095734,0.060886066406965256,0.1912897676229477,0.008372585289180279,0.056623462587594986,0.022024888545274734,0.021087707951664925,0.030442427843809128,0.023635126650333405,0.0880192443728447,0.044685933738946915,0.08202959597110748,0.02491084672510624,0.015570546500384808,0.01412814762443304,0.03943421691656113,0.09033018350601196,0.032826900482177734,0.01865800842642784,0.008157934062182903,0.026746533811092377,0.0113898366689682,0.008198224008083344,0.12313470244407654,0.056259118020534515,0.010970515199005604,0.09909133613109589,0.0033320803195238113,0.008623411878943443,0.002957854652777314,0.0061577484011650085,0.11378684639930725,0.06747421622276306,0.016202183440327644,0.020577849820256233,0.005926426034420729,0.022767774760723114,0.04692860692739487,0.005149609874933958,0.01198649499565363,0.006404183804988861,0.06280571967363358,0.05364350229501724,0.02875385992228985,0.008702972903847694,0.04433411359786987,0.058087147772312164,0.007331738714128733,0.0048152245581150055,0.02330588921904564,,,,,,,,,,,,,,,
unknown,し,320,321,404.9842,405.4842,0.96728516,,0.04996483027935028,0.03393712267279625,0.06699161231517792,0.12085951119661331,0.05220486968755722,0.19507236778736115,0.010258165188133717,0.04299271106719971,0.028171628713607788,0.02680394798517227,0.055931877344846725,0.05023229122161865,0.14110465347766876,0.11232838034629822,0.09857446700334549,0.029678577557206154,0.013182412832975388,0.02741570584475994,0.055116716772317886,0.10589754581451416,0.03018379583954811,0.020444542169570923,0.020534420385956764,0.011320502497255802,0.01658778451383114,0.007045580539852381,0.07788374274969101,0.060766562819480896,0.01184563897550106,0.04030795022845268,0.0045464118011295795,0.00807917769998312,0.0036612171679735184,0.005537942983210087,0.120549276471138,0.03587808087468147,0.00857782457023859,0.03681924566626549,0.006220192648470402,0.03611869364976883,0.06168331205844879,0.004233764484524727,0.00824738945811987,0.012176190502941608,0.067128486931324,0.04893422871828079,0.015615790151059628,0.0131531348451972,0.033836741000413895,0.03344894200563431,0.005937732756137848,0.0054172975942492485,0.026202434673905373,,,,,,,,,,,,,,,
unknown,印,322,323,411.25916,411.53894,0.96435547,,0.0255898330360651,0.016219481825828552,0.042962025851011276,0.11940618604421616,0.10003732889890671,0.32165560126304626,0.014690491370856762,0.02398054488003254,0.03857172653079033,0.021781712770462036,0.041988205164670944,0.035393912345170975,0.10341214388608932,0.10204142332077026,0.12768462300300598,0.019340641796588898,0.012275014072656631,0.020757406949996948,0.11586984246969223,0.1700458824634552,0.06811310350894928,0.04121570289134979,0.018301039934158325,0.005887829698622227,0.04068191722035408,0.014909847639501095,0.04498296231031418,0.030409986153244972,0.013443267904222012,0.021419482305645943,0.006037387065589428,0.005842853803187609,0.011192062869668007,0.012175988405942917,0.08108535408973694,0.019652439281344414,0.004855798091739416,0.051145102828741074,0.017080141231417656,0.0280455369502306,0.09090816974639893,0.004465840291231871,0.0043064928613603115,0.026855727657675743,0.07774003595113754,0.03522476926445961,0.008343786932528019,0.032941605895757675,0.05721861496567726,0.025072524324059486,0.011082871817052364,0.0072047957219183445,0.01950846053659916,,,,,,,,,,,,,,,
unknown,刷,324,325,411.53894,412.03894,0.96777344,,0.042859479784965515,0.024370361119508743,0.1412825584411621,0.11601002514362335,0.053622227162122726,0.2588099539279938,0.006116218864917755,0.0362238846719265,0.03349390998482704,0.03351276367902756,0.059232812374830246,0.04118435084819794,0.07693372666835785,0.09641432017087936,0.1252845972776413,0.023299813270568848,0.01185739878565073,0.012562897987663746,0.1201058104634285,0.18309548497200012,0.0938984677195549,0.023201894015073776,0.009885749779641628,0.005184192676097155,0.039822567254304886,0.016649171710014343,0.043219778686761856,0.04588478058576584,0.01772628165781498,0.016000784933567047,0.0023132949136197567,0.005914841312915087,0.009110912680625916,0.011553931050002575,0.10622669756412506,0.020984245464205742,0.004817877896130085,0.09672773629426956,0.012026474811136723,0.028444327414035797,0.06521386653184891,0.0028319014236330986,0.0039802901446819305,0.028735464438796043,0.05902184173464775,0.039308518171310425,0.00894493330270052,0.03433405980467796,0.049967940896749496,0.020784148946404457,0.013763288035988808,0.004691399168223143,0.014400229789316654,,,,,,,,,,,,,,,
unknown,魚,326,327,417.78824,418.28824,0.9941406,,0.041960783302783966,0.024297524243593216,0.06330593675374985,0.1266610026359558,0.1064133495092392,0.37047213315963745,0.010705682449042797,0.03262471407651901,0.03927154839038849,0.02577093057334423,0.015891820192337036,0.01591217704117298,0.07950150221586227,0.06016542389988899,0.1256890445947647,0.011725196614861488,0.025584569200873375,0.011920622549951077,0.24711479246616364,0.20650823414325714,0.10246463119983673,0.039006587117910385,0.01359089557081461,0.006068885792046785,0.06121031567454338,0.013413913547992706,0.05612289905548096,0.03142821416258812,0.037648748606443405,0.031553030014038086,0.0035059023648500443,0.00503762299194932,0.015415297821164131,0.012242356315255165,0.081612229347229,0.020771101117134094,0.0041371616534888744,0.06361496448516846,0.012761091813445091,0.018321959301829338,0.07426050305366516,0.0026092452462762594,0.00395480589941144,0.045136600732803345,0.06446698307991028,0.027032533660531044,0.012436180375516415,0.04951060190796852,0.08985671401023865,0.0317542590200901,0.01039662305265665,0.004326034802943468,0.01140934880822897,,,,,,,,,,,,,,,
unknown,外,328,329,421.74283,422.24283,0.9941406,,0.045718394219875336,0.023901835083961487,0.06970643252134323,0.11779749393463135,0.11358790844678879,0.3544779121875763,0.013684987090528011,0.039303384721279144,0.03623584285378456,0.014102348126471043,0.014834322035312653,0.0181884728372097,0.12390793859958649,0.07743565738201141,0.09239153563976288,0.00904789101332426,0.03379658982157707,0.012590513564646244,0.2553234100341797,0.20212878286838531,0.09200156480073929,0.05180257186293602,0.016628827899694443,0.006807140540331602,0.04828767850995064,0.014502523466944695,0.057756900787353516,0.038403019309043884,0.03856275975704193,0.03305353224277496,0.00563794607296586,0.002885005669668317,0.011158652603626251,0.01825939491391182,0.12056782841682434,0.018033280968666077,0.004040856845676899,0.07141932845115662,0.017939314246177673,0.014059136621654034,0.07212445884943008,0.002154110698029399,0.005143150687217712,0.04492396488785744,0.04058215022087097,0.023764433339238167,0.018720323219895363,0.03795977681875229,0.1367349922657013,0.04242255911231041,0.00974572915583849,0.002847453812137246,0.00948745384812355,,,,,,,,,,,,,,,
unknown,授,330,331,428.81323,429.01294,0.9716797,,0.011796742677688599,0.006228663492947817,0.01652063988149166,0.07894160598516464,0.28392285108566284,0.5136744379997253,0.011683039367198944,0.013333965092897415,0.03742040693759918,0.013919700868427753,0.0056375376880168915,0.008538996800780296,0.06497275084257126,0.030237969011068344,0.2708333134651184,0.005063346121460199,0.004946583416312933,0.009853708557784557,0.3018547296524048,0.44424867630004883,0.32932958006858826,0.06756865233182907,0.014195917174220085,0.0025882094632834196,0.07600218057632446,0.01689963974058628,0.02060176618397236,0.010190160945057869,0.012438268400728703,0.012522733770310879,0.005491241812705994,0.0020173462107777596,0.015572819858789444,0.043789830058813095,0.028783636167645454,0.006039494648575783,0.001965331146493554,0.030315373092889786,0.020882194861769676,0.012575555592775345,0.05552360787987709,0.0019150597508996725,0.0013214386999607086,0.0552389957010746,0.06836435198783875,0.011713304556906223,0.005446494556963444,0.07012973725795746,0.18588204681873322,0.017424428835511208,0.010634214617311954,0.005436338484287262,0.009196816943585873,,,,,,,,,,,,,,,
unknown,業,332,333,429.01294,429.51294,0.87646484,,0.037511542439460754,0.026186874136328697,0.055014193058013916,0.11256928741931915,0.07231523096561432,0.25280627608299255,0.016489364206790924,0.03523510694503784,0.04992469772696495,0.019573582336306572,0.02340305969119072,0.03071100451052189,0.11005078256130219,0.0744563564658165,0.07893592119216919,0.016790930181741714,0.014221560209989548,0.01666867919266224,0.14804288744926453,0.15120962262153625,0.08418039977550507,0.053146760910749435,0.01517118513584137,0.007574119139462709,0.06817521899938583,0.02484475076198578,0.07306882739067078,0.03539613261818886,0.009784943424165249,0.042762547731399536,0.006910956464707851,0.006316915154457092,0.018852535635232925,0.024012602865695953,0.1250578761100769,0.02688727155327797,0.008347038179636002,0.12207181006669998,0.021474231034517288,0.024190934374928474,0.08720365166664124,0.00393824465572834,0.004678924567997456,0.04160279035568237,0.027793223038315773,0.03581522777676582,0.01009658258408308,0.04292649030685425,0.13315585255622864,0.05404411628842354,0.016797594726085663,0.005210095550864935,0.01533796451985836,,,,,,,,,,,,,,,
unknown,大,334,335,435.29514,435.45474,0.51464844,,0.07038087397813797,0.0403120219707489,0.07165306061506271,0.17991438508033752,0.0769815742969513,0.2723611891269684,0.007668893318623304,0.05788556858897209,0.04118726775050163,0.018360402435064316,0.010011537931859493,0.011809971183538437,0.0811128169298172,0.04806780815124512,0.12076026946306229,0.012952669523656368,0.009348887950181961,0.009417116641998291,0.17451290786266327,0.2235909104347229,0.11573009938001633,0.03148480877280235,0.011505055241286755,0.009153454564511776,0.06431511044502258,0.017655860632658005,0.09817776829004288,0.03425891324877739,0.02046673372387886,0.06433959305286407,0.003032368840649724,0.006830140016973019,0.011354660615324974,0.018077917397022247,0.09911210834980011,0.04146310314536095,0.00724814971908927,0.07973210513591766,0.011151676066219807,0.029013589024543762,0.0726061686873436,0.0026079730596393347,0.0031760772690176964,0.04080266132950783,0.06084033474326134,0.031977348029613495,0.007821334525942802,0.04088592901825905,0.14668695628643036,0.07191939651966095,0.01308691967278719,0.003433099715039134,0.015725255012512207,,,,,,,,,,,,,,,
unknown,の,336,337,435.45474,435.57446,0.7363281,,0.11132296919822693,0.07646900415420532,0.08091860264539719,0.20766662061214447,0.04218961298465729,0.17925335466861725,0.007611779496073723,0.07751785963773727,0.032445624470710754,0.019019322469830513,0.013399329036474228,0.016327694058418274,0.0665425956249237,0.03527139127254486,0.06403635442256927,0.025944866240024567,0.010361279360949993,0.016907846555113792,0.10102774202823639,0.10803990066051483,0.04390999674797058,0.02475951984524727,0.007273369934409857,0.023744450882077217,0.0395614355802536,0.012296948581933975,0.2086734175682068,0.047865793108940125,0.009758925065398216,0.17278972268104553,0.0033368889708071947,0.014558480121195316,0.006748686544597149,0.010330449789762497,0.1087067648768425,0.09520509093999863,0.014677105471491814,0.07194401323795319,0.008746870793402195,0.057262178510427475,0.05979478359222412,0.005828344728797674,0.00448804022744298,0.025145944207906723,0.0449986457824707,0.07138898223638535,0.010449007153511047,0.02080904133617878,0.09048323333263397,0.103846475481987,0.009376471862196922,0.0038201697170734406,0.039651062339544296,,,,,,,,,,,,,,,
unknown,さ,338,339,435.57446,435.69418,0.9975586,,0.06534270942211151,0.03965513035655022,0.051249995827674866,0.255166232585907,0.05146988481283188,0.1997680813074112,0.007894692942500114,0.053253792226314545,0.04477706179022789,0.018283262848854065,0.011426564306020737,0.018634479492902756,0.09726240485906601,0.04098431020975113,0.09805059432983398,0.020910514518618584,0.006442593410611153,0.019022244960069656,0.09152816236019135,0.15812022984027863,0.0700000748038292,0.02403990551829338,0.012701940722763538,0.01775374449789524,0.05441858246922493,0.009882181882858276,0.14984962344169617,0.03824036940932274,0.007335375528782606,0.11591923981904984,0.004115063697099686,0.009825325571000576,0.007279330398887396,0.013883688487112522,0.0874384269118309,0.06465718150138855,0.00872326735407114,0.07027067989110947,0.007175928447395563,0.05424925312399864,0.061823949217796326,0.005113427992910147,0.0033042540308088064,0.017713958397507668,0.06963074207305908,0.0559946708381176,0.009938676841557026,0.0267088133841753,0.09878182411193848,0.08723736554384232,0.007222654763609171,0.004647485911846161,0.042331259697675705,,,,,,,,,,,,,,,
unknown,し,340,341,435.69418,435.9336,0.8833008,,0.046371497213840485,0.03185888007283211,0.04751802235841751,0.2643120586872101,0.057955142110586166,0.21601241827011108,0.007330471649765968,0.03840579837560654,0.03627695515751839,0.028455132618546486,0.010504178702831268,0.0229610837996006,0.0835171788930893,0.03163133189082146,0.11788098514080048,0.0217543113976717,0.005335320718586445,0.024589423090219498,0.07523753494024277,0.16032056510448456,0.0690586045384407,0.02126891352236271,0.011236942373216152,0.01881060190498829,0.03610924258828163,0.006160915829241276,0.18858115375041962,0.03241575509309769,0.005388470832258463,0.16145722568035126,0.004057306330651045,0.009216342121362686,0.005061405710875988,0.013218789361417294,0.08490999042987823,0.07374726980924606,0.008122098632156849,0.06560725718736649,0.005318815819919109,0.06511673331260681,0.0397881418466568,0.003903475357219577,0.0023108008317649364,0.013681827113032341,0.09771401435136795,0.052256952971220016,0.00617642980068922,0.019414663314819336,0.07532303780317307,0.058151911944150925,0.004518365487456322,0.006071454845368862,0.05152318999171257,,,,,,,,,,,,,,,
unknown,心,342,343,440.56244,441.06244,0.9995117,,0.04308551922440529,0.028576573356986046,0.028415249660611153,0.186792254447937,0.09993405640125275,0.272918164730072,0.007420877926051617,0.03705792501568794,0.02989262528717518,0.023836037144064903,0.007813400588929653,0.01662450097501278,0.0805421769618988,0.022664744406938553,0.1292959749698639,0.01411392167210579,0.005030956119298935,0.029523415490984917,0.08893098682165146,0.1768479347229004,0.06808511912822723,0.024248482659459114,0.011500808410346508,0.015698568895459175,0.024123258888721466,0.006049885880202055,0.1778605878353119,0.024467071518301964,0.007777952589094639,0.15535791218280792,0.003971380181610584,0.006765817757695913,0.004294248763471842,0.011289660818874836,0.06866443157196045,0.055975571274757385,0.007255252450704575,0.024506647139787674,0.0051084053702652454,0.04695650562644005,0.03714025020599365,0.0031322676222771406,0.0023699449375271797,0.01471906341612339,0.11485331505537033,0.03384142369031906,0.006305742543190718,0.017065897583961487,0.0978127047419548,0.057875581085681915,0.005046300124377012,0.005759555380791426,0.04201212525367737,,,,,,,,,,,,,,,
unknown,カ,344,345,445.96634,446.08615,0.99902344,,0.043617118149995804,0.04212133586406708,0.030758002772927284,0.145450159907341,0.10702986270189285,0.26463454961776733,0.008752218447625637,0.03941353037953377,0.023969894275069237,0.03127947077155113,0.011469999328255653,0.01807146519422531,0.07180121541023254,0.024905402213335037,0.10325625538825989,0.018627753481268883,0.013017400167882442,0.031129296869039536,0.0795224979519844,0.12366900593042374,0.05303047597408295,0.02799287438392639,0.008119314908981323,0.023496728390455246,0.016467999666929245,0.0066379401832818985,0.1885567009449005,0.03154025599360466,0.009680703282356262,0.18702150881290436,0.0038267981726676226,0.007607257459312677,0.004277881234884262,0.00898558646440506,0.07730931788682938,0.07021863013505936,0.012246029451489449,0.0299853403121233,0.006652094889432192,0.04114531725645065,0.03991434723138809,0.003785214386880398,0.004884431138634682,0.0187134500592947,0.06447719037532806,0.04129724204540253,0.012975509278476238,0.013588940724730492,0.07025641947984695,0.0532403364777565,0.0053916857577860355,0.007021570578217506,0.03873058781027794,,,,,,,,,,,,,,,
unknown,ラ,346,347,446.08615,446.20596,1.0,,0.019393974915146828,0.020148441195487976,0.01860380358994007,0.1668109893798828,0.19579993188381195,0.36466047167778015,0.009875890798866749,0.01913832500576973,0.024743540212512016,0.02993043325841427,0.0074706124141812325,0.012815075926482677,0.05290653556585312,0.017293239012360573,0.15214303135871887,0.012601807713508606,0.014491773210465908,0.029336292296648026,0.08166797459125519,0.16359597444534302,0.0914275050163269,0.03838043659925461,0.007338119205087423,0.018772752955555916,0.018843838945031166,0.005168026778846979,0.13302545249462128,0.019946305081248283,0.009019708260893822,0.12550869584083557,0.004796291701495647,0.0036635275464504957,0.0040971748530864716,0.013297218829393387,0.042167115956544876,0.044714443385601044,0.006626153364777565,0.017540834844112396,0.008474926464259624,0.03142133727669716,0.032301224768161774,0.0025578727945685387,0.0034215974155813456,0.017585964873433113,0.10024990141391754,0.029540620744228363,0.013421042822301388,0.01541814859956503,0.06766185909509659,0.02817738614976406,0.0036639715544879436,0.006424010265618563,0.030774157494306564,,,,,,,,,,,,,,,
unknown,オ,348,349,446.20596,446.36572,1.0,,0.008828792721033096,0.012828938663005829,0.013385206460952759,0.2511124610900879,0.1727539747953415,0.32150524854660034,0.012202060781419277,0.008656805381178856,0.04074626788496971,0.030743028968572617,0.009639482945203781,0.01247711107134819,0.053969867527484894,0.016940902918577194,0.1426287293434143,0.014868557453155518,0.021378137171268463,0.02986120991408825,0.05811099708080292,0.12810713052749634,0.08849986642599106,0.04177311062812805,0.007069266866892576,0.019075509160757065,0.03129717707633972,0.004519000183790922,0.10876414179801941,0.015807481482625008,0.005403487477451563,0.10043053328990936,0.006248461082577705,0.0035439885687083006,0.007522224448621273,0.015483449213206768,0.03414049372076988,0.044670525938272476,0.007261735387146473,0.022603554651141167,0.009761765599250793,0.0339406356215477,0.02822123095393181,0.0029879556968808174,0.0041855378076434135,0.016178583726286888,0.15466757118701935,0.033501993864774704,0.018568549305200577,0.02103266678750515,0.04850585013628006,0.0189108494669199,0.003039380768314004,0.006914419122040272,0.03144361078739166,,,,,,,,,,,,,,,
unknown,ケ,350,351,446.36572,446.86572,1.0,,0.01099498849362135,0.018533503636717796,0.022666307166218758,0.38670065999031067,0.07575909793376923,0.20138876140117645,0.0069527775049209595,0.010637782514095306,0.046351123601198196,0.030544418841600418,0.016084084287285805,0.016030600294470787,0.07189393043518066,0.023185396566987038,0.10217082500457764,0.02441207878291607,0.03680676221847534,0.029305769130587578,0.03484046831727028,0.08989469707012177,0.05381176993250847,0.018309062346816063,0.006745186168700457,0.028172245249152184,0.028337989002466202,0.0032566848676651716,0.1881035417318344,0.022131452336907387,0.004867385607212782,0.16271379590034485,0.0031807462219148874,0.005164341069757938,0.007937073707580566,0.009000671096146107,0.06918461620807648,0.0870496854186058,0.009876749478280544,0.04695117846131325,0.003493611002340913,0.040622528642416,0.03177827596664429,0.003278648480772972,0.005108823999762535,0.008739974349737167,0.1613556295633316,0.05417008697986603,0.021188803017139435,0.015749655663967133,0.03877127915620804,0.03354686498641968,0.002662279410287738,0.0033829016610980034,0.03768090903759003,,,,,,,,,,,,,,,
unknown,話,352,353,453.35455,453.85455,0.98828125,,0.01860630325973034,0.027249664068222046,0.03207412362098694,0.41748809814453125,0.045268017798662186,0.1453336477279663,0.0067621273919939995,0.019086629152297974,0.047193270176649094,0.03196819871664047,0.019502127543091774,0.01587837189435959,0.08573565632104874,0.03444262221455574,0.08137759566307068,0.027755139395594597,0.05052342265844345,0.021722977980971336,0.03262821212410927,0.07628430426120758,0.0449870266020298,0.015852419659495354,0.008615740574896336,0.03285026177763939,0.025409884750843048,0.003904589219018817,0.21071885526180267,0.032687097787857056,0.006537269800901413,0.17840951681137085,0.0033846446312963963,0.007439694833010435,0.006941309664398432,0.008710365742444992,0.10388223826885223,0.11634460091590881,0.011626220308244228,0.0575212799012661,0.0035486894194036722,0.030303867533802986,0.038963399827480316,0.003361798357218504,0.005915159359574318,0.008511715568602085,0.16089531779289246,0.0571606308221817,0.020353063941001892,0.01373192947357893,0.04079199582338333,0.053817268460989,0.0031958259642124176,0.003066493896767497,0.028781279921531677,,,,,,,,,,,,,,,
unknown,は,354,355,460.845,460.965,0.7036133,,0.009654203429818153,0.015247941948473454,0.01865052618086338,0.4583825170993805,0.04298974573612213,0.14036615192890167,0.012602708302438259,0.012054866179823875,0.07802192866802216,0.024551672860980034,0.018557323142886162,0.01626444049179554,0.09494908899068832,0.04028596356511116,0.07227526605129242,0.027817152440547943,0.04141884297132492,0.022220242768526077,0.034314464777708054,0.06257843226194382,0.04845818877220154,0.024527108296751976,0.011721692979335785,0.029326844960451126,0.0685773491859436,0.003899118397384882,0.14666937291622162,0.026733512058854103,0.003944220952689648,0.1371203064918518,0.0061096930876374245,0.008091890253126621,0.020978985354304314,0.01264018565416336,0.07235901057720184,0.09229341894388199,0.009003717452287674,0.07063201814889908,0.005070251412689686,0.03677884116768837,0.05202336236834526,0.005087246652692556,0.005192929413169622,0.010337837040424347,0.1768089085817337,0.060816843062639236,0.018617739900946617,0.03080563247203827,0.04542751982808113,0.051429398357868195,0.0027139915619045496,0.00404032226651907,0.033242177218198776,,,,,,,,,,,,,,,
unknown,い,356,357,460.965,461.465,0.98339844,,0.011024187318980694,0.015233977697789669,0.04039180278778076,0.34414297342300415,0.004602652508765459,0.05632033199071884,0.013161800801753998,0.010038308799266815,0.10452509671449661,0.07283493131399155,0.03489002585411072,0.03340646252036095,0.12727470695972443,0.07121908664703369,0.035899627953767776,0.047065943479537964,0.05785108730196953,0.02062884345650673,0.02885935828089714,0.03806208819150925,0.01969306915998459,0.012358875013887882,0.023974813520908356,0.02132982574403286,0.048038382083177567,0.0027321642264723778,0.18979284167289734,0.03626207262277603,0.002772983629256487,0.1525842398405075,0.005358666181564331,0.007831254974007607,0.015117465518414974,0.004959528800100088,0.12616010010242462,0.08449623733758926,0.0083997193723917,0.09545194357633591,0.002418307587504387,0.027966976165771484,0.04932934418320656,0.00523012550547719,0.0044251237995922565,0.007718858774751425,0.09485949575901031,0.07411949336528778,0.015933485701680183,0.021483905613422394,0.024530861526727676,0.041137244552373886,0.0023988813627511263,0.0052131665870547295,0.022442420944571495,,,,,,,,,,,,,,,
unknown,景,358,359,465.125,465.285,0.5996094,,0.01196869183331728,0.012044543400406837,0.06121751293540001,0.2738943099975586,0.0036610206589102745,0.05019444227218628,0.013439357280731201,0.012439466081559658,0.11291466653347015,0.06635492295026779,0.03977878764271736,0.051484882831573486,0.1764431595802307,0.10198087990283966,0.037055086344480515,0.03246782720088959,0.03228307515382767,0.020488468930125237,0.027658190578222275,0.05070425197482109,0.02338489331305027,0.011609895154833794,0.03489658981561661,0.013476843945682049,0.04312445595860481,0.002818926703184843,0.16946657001972198,0.042953792959451675,0.002740299329161644,0.11787989735603333,0.006906911730766296,0.005015149246901274,0.011455463245511055,0.0065591344609856606,0.1740112453699112,0.05183083191514015,0.004807462450116873,0.06592997908592224,0.0018076050328090787,0.020907005295157433,0.05637485161423683,0.0032231579534709454,0.00318675534799695,0.006018476560711861,0.10086318105459213,0.049944616854190826,0.011563058942556381,0.02071954496204853,0.030425038188695908,0.04040538892149925,0.0026256623677909374,0.0038821387570351362,0.0159312691539526,,,,,,,,,,,,,,,
unknown,色,360,361,465.285,465.445,0.82128906,,0.01137599442154169,0.010844371281564236,0.06534342467784882,0.1887529343366623,0.006055055186152458,0.13486194610595703,0.019043318927288055,0.01009954884648323,0.09936550259590149,0.17944566905498505,0.05537361279129982,0.0602337121963501,0.15061165392398834,0.1160510778427124,0.046873580664396286,0.04203226417303085,0.020881300792098045,0.0233217254281044,0.06269815564155579,0.06748644262552261,0.019166206941008568,0.018947122618556023,0.03620224446058273,0.006470819469541311,0.04405032843351364,0.0035711878444999456,0.09054838120937347,0.03317027911543846,0.0040535335429012775,0.05440733581781387,0.0060543883591890335,0.007548380643129349,0.010327117517590523,0.0036272818688303232,0.10138540714979172,0.034643564373254776,0.005171260330826044,0.059055425226688385,0.003918307833373547,0.021046267822384834,0.07884886115789413,0.005957376677542925,0.00336213456466794,0.014735049568116665,0.09765473008155823,0.04841431602835655,0.007594442460685968,0.022451143711805344,0.029394224286079407,0.027974002063274384,0.0032099748495966196,0.018053879961371422,0.01422154437750578,,,,,,,,,,,,,,,
unknown,て,362,363,465.445,465.945,0.8144531,,0.014326627366244793,0.02174619771540165,0.09200692176818848,0.2469721883535385,0.003528498811647296,0.07138310372829437,0.014465834945440292,0.012937676161527634,0.08491189032793045,0.20631304383277893,0.070247583091259,0.04355132207274437,0.04406889155507088,0.05534220486879349,0.035146258771419525,0.08137255162000656,0.03675055503845215,0.025297150015830994,0.03491583466529846,0.03269888833165169,0.015780862420797348,0.012495187111198902,0.012411760166287422,0.016953298822045326,0.0401444137096405,0.0029184313025325537,0.20383253693580627,0.039825789630413055,0.0036147835198789835,0.17125535011291504,0.00424968684092164,0.01415012776851654,0.01246759295463562,0.0030113891698420048,0.1131884828209877,0.10576129704713821,0.010846437886357307,0.05896308273077011,0.0025033580604940653,0.03353436663746834,0.051802799105644226,0.007308205123990774,0.004312280565500259,0.012122852727770805,0.07470054179430008,0.0898524820804596,0.009282183833420277,0.01961035095155239,0.0178393367677927,0.03459290415048599,0.00278108031488955,0.013028259389102459,0.0212207343429327,,,,,,,,,,,,,,,
unknown,夏,364,365,471.81757,472.31757,0.98535156,,0.01996537856757641,0.028302360326051712,0.0926780104637146,0.27912238240242004,0.0017683245241641998,0.04307595267891884,0.009828563779592514,0.01583363302052021,0.07493353635072708,0.1468546837568283,0.08910945802927017,0.03789347782731056,0.03791932761669159,0.05986300855875015,0.022710036486387253,0.12879371643066406,0.04564940929412842,0.022798903286457062,0.023819373920559883,0.014329766854643822,0.005923615302890539,0.007481635548174381,0.008245568722486496,0.01993628405034542,0.03802616149187088,0.0028601009398698807,0.26184970140457153,0.039568569511175156,0.003681786824017763,0.20721790194511414,0.0024613915011286736,0.031926337629556656,0.013877181336283684,0.0015496936393901706,0.13931775093078613,0.15354686975479126,0.013631399720907211,0.10682883858680725,0.001706745126284659,0.048971064388751984,0.06214181333780289,0.013973703607916832,0.004182705655694008,0.010688748210668564,0.06740715354681015,0.15564467012882233,0.0071046361699700356,0.015070674940943718,0.013274346478283405,0.05563205108046532,0.0031059838365763426,0.008391977287828922,0.030518725514411926,,,,,,,,,,,,,,,
unknown,角,366,367,477.29373,477.57355,0.7890625,,0.02323770523071289,0.023145461454987526,0.10957878082990646,0.25830960273742676,0.004129549488425255,0.0826277881860733,0.009559730999171734,0.022225607186555862,0.052957966923713684,0.2012777030467987,0.08902578800916672,0.04813198745250702,0.06843536347150803,0.09428607672452927,0.03950114920735359,0.0834859162569046,0.041688792407512665,0.021647144109010696,0.0462782047688961,0.037692561745643616,0.013792273588478565,0.01003319676965475,0.014841804280877113,0.01720253750681877,0.025024792179465294,0.003425565082579851,0.16710002720355988,0.05543337017297745,0.007250568829476833,0.12644582986831665,0.002933442359790206,0.012450611218810081,0.006997217889875174,0.0024225979577749968,0.15370124578475952,0.08401183784008026,0.008422663435339928,0.06739205867052078,0.002220466500148177,0.029561297968029976,0.06028048321604729,0.00905224122107029,0.005471550393849611,0.014534763991832733,0.10333173722028732,0.09934484213590622,0.015520919114351273,0.01418862771242857,0.022014359012246132,0.044464848935604095,0.0035463764797896147,0.013382410630583763,0.021684739738702774,,,,,,,,,,,,,,,
unknown,で,368,369,477.57355,478.07355,0.9765625,,0.02005964145064354,0.02218952588737011,0.1341436207294464,0.17254549264907837,0.002100142417475581,0.03777541592717171,0.010264411568641663,0.017811568453907967,0.03578231483697891,0.16307120025157928,0.14481224119663239,0.08222646266222,0.049434028565883636,0.10855762660503387,0.03153475001454353,0.16820108890533447,0.03759016469120979,0.04244672507047653,0.01939452439546585,0.01794806681573391,0.0063109141774475574,0.00703467195853591,0.01233108714222908,0.02313486859202385,0.011136556975543499,0.0024136293213814497,0.26511940360069275,0.05138074606657028,0.0033235554583370686,0.196815624833107,0.0030299874488264322,0.019320808351039886,0.004922270309180021,0.0015677799237892032,0.18520788848400116,0.13835781812667847,0.01159486174583435,0.08041591197252274,0.001670397468842566,0.05356337130069733,0.04806169867515564,0.011886239051818848,0.0044545745477080345,0.009285029023885727,0.052002836018800735,0.16036689281463623,0.007002519443631172,0.007952402345836163,0.009588370099663734,0.0348500981926918,0.002510485704988241,0.012387569062411785,0.040162596851587296,,,,,,,,,,,,,,,
unknown,事,370,371,485.70255,485.82245,0.97509766,,0.018836434930562973,0.019939327612519264,0.11301843076944351,0.1665271520614624,0.0018831570632755756,0.032513827085494995,0.010951723903417587,0.016291875392198563,0.030355731025338173,0.11590670049190521,0.16973522305488586,0.09884364902973175,0.027154279872775078,0.09185649454593658,0.031089430674910545,0.22791293263435364,0.02609887905418873,0.07559411227703094,0.01216098666191101,0.012714988552033901,0.004129313863813877,0.006260022055357695,0.00894508883357048,0.027984436601400375,0.008707448840141296,0.002592040691524744,0.3626323938369751,0.041871413588523865,0.0024007312022149563,0.2541562020778656,0.002912108553573489,0.033101487904787064,0.004246094264090061,0.0010944769019261003,0.1739656925201416,0.1717423051595688,0.011926290579140186,0.045102305710315704,0.0014856667257845402,0.07779219001531601,0.05094977468252182,0.021308403462171555,0.00358280329965055,0.006054876837879419,0.05089389160275459,0.22666706144809723,0.0048875571228563786,0.0058327591978013515,0.006402740254998207,0.036058321595191956,0.0028664907440543175,0.016398925334215164,0.06866379082202911,,,,,,,,,,,,,,,
unknown,故,372,373,485.82245,486.32245,0.99072266,,0.013706010766327381,0.020136427134275436,0.08587948232889175,0.215187206864357,0.001560208504088223,0.02703283168375492,0.009351144544780254,0.012992213480174541,0.0370856337249279,0.15119297802448273,0.1433282345533371,0.06328757107257843,0.02276241034269333,0.06793390214443207,0.029502376914024353,0.21048977971076965,0.03273162245750427,0.05023782327771187,0.011466387659311295,0.010748747736215591,0.004563628230243921,0.0057541802525520325,0.006774484179913998,0.03166243061423302,0.011652359738945961,0.0022858597803860903,0.3369300067424774,0.038622964173555374,0.002261113841086626,0.2741996645927429,0.002468193881213665,0.02678755298256874,0.00628831097856164,0.001175550976768136,0.13536347448825836,0.1818985939025879,0.0146217942237854,0.059254422783851624,0.0014347543474286795,0.07688727229833603,0.042100224643945694,0.016525447368621826,0.00402503926306963,0.0076128230430185795,0.0721302330493927,0.19982631504535675,0.005856300238519907,0.007887547835707664,0.005927580408751965,0.028416171669960022,0.0025517288595438004,0.018407808616757393,0.05978650599718094,,,,,,,,,,,,,,,
unknown,一,374,375,497.46838,497.66827,0.9199219,,0.020474383607506752,0.024905748665332794,0.12189672142267227,0.18046200275421143,0.0010967078851535916,0.0204752329736948,0.009228773415088654,0.023431017994880676,0.01835334487259388,0.08288032561540604,0.10595729947090149,0.07588773965835571,0.013344233855605125,0.0624944306910038,0.021721040830016136,0.21136324107646942,0.028219154104590416,0.07919710874557495,0.008551821112632751,0.006003633141517639,0.0026587732136249542,0.005366944707930088,0.004315489437431097,0.046738870441913605,0.006643974222242832,0.002166815334931016,0.478322297334671,0.045349035412073135,0.0021998968441039324,0.42668989300727844,0.002224070718511939,0.049327801913022995,0.00384214473888278,0.000927513581700623,0.14915980398654938,0.22656522691249847,0.01371610164642334,0.045763321220874786,0.0012290317099541426,0.09445971250534058,0.0438995286822319,0.023580137640237808,0.002835283288732171,0.006300312466919422,0.05227348580956459,0.23323746025562286,0.0034355761017650366,0.004492744337767363,0.004585037939250469,0.03957151249051094,0.0022369814105331898,0.02054845169186592,0.09162004292011261,,,,,,,,,,,,,,,
unknown,筆,376,377,497.66827,498.16827,0.8779297,,0.008585244417190552,0.010396646335721016,0.058647774159908295,0.09039141237735748,0.023570463061332703,0.22222183644771576,0.014055994339287281,0.012202181853353977,0.03046078234910965,0.23039278388023376,0.07664170861244202,0.12648464739322662,0.06632884591817856,0.08059835433959961,0.08709302544593811,0.047976937144994736,0.019160255789756775,0.06958600878715515,0.03671319782733917,0.08256955444812775,0.026330048218369484,0.019392691552639008,0.012359976768493652,0.011150476522743702,0.00904637947678566,0.002152351662516594,0.1776294708251953,0.03964482247829437,0.0033801570534706116,0.13673706352710724,0.005341997370123863,0.007083073258399963,0.0035038841888308525,0.004436402581632137,0.12302114814519882,0.03909657895565033,0.004445721860975027,0.039729442447423935,0.002871451200917363,0.03924519568681717,0.035547222942113876,0.004350767005234957,0.0025260918773710728,0.010854409076273441,0.11276116967201233,0.054350387305021286,0.00566569808870554,0.008715030737221241,0.019001953303813934,0.014423076063394547,0.001721439533866942,0.021690499037504196,0.03062869794666767,,,,,,,,,,,,,,,
unknown,ブ,378,379,502.82495,502.94485,0.796875,,0.00965851079672575,0.011211052536964417,0.05217885971069336,0.11905144155025482,0.01837841607630253,0.1544719636440277,0.012142128311097622,0.012870552018284798,0.029777497053146362,0.15106423199176788,0.04957466945052147,0.11819227784872055,0.08603019267320633,0.07356688380241394,0.06963761895895004,0.037026867270469666,0.022632727399468422,0.0711451843380928,0.030536968261003494,0.06390243023633957,0.022667620331048965,0.017662670463323593,0.013843565247952938,0.01298776175826788,0.010592113249003887,0.0018392490455880761,0.2273530811071396,0.03771530091762543,0.0027827981393784285,0.16726914048194885,0.005089078098535538,0.007521829102188349,0.004965655039995909,0.004791179671883583,0.13991610705852509,0.04660540446639061,0.004532329738140106,0.04240845516324043,0.0021884473972022533,0.03739539533853531,0.03694303706288338,0.0029025396797806025,0.0018429317278787494,0.008141180500388145,0.1048588678240776,0.0477566234767437,0.004179969429969788,0.00968198012560606,0.020134327933192253,0.01801227405667305,0.0015797708183526993,0.016889778897166252,0.030704228207468987,,,,,,,,,,,,,,,
unknown,ー,380,381,502.94485,503.0648,0.9970703,,0.01117696426808834,0.01288933027535677,0.06651698052883148,0.12998449802398682,0.008633767254650593,0.11642243713140488,0.01243668794631958,0.013925541192293167,0.035595014691352844,0.19689367711544037,0.0941801443696022,0.097154401242733,0.0569707453250885,0.0759546160697937,0.04784369468688965,0.06488949060440063,0.026354346424341202,0.057918939739465714,0.03093423694372177,0.045429084450006485,0.0137246735394001,0.012780752964317799,0.012437600642442703,0.016385044902563095,0.010305681265890598,0.0025409613735973835,0.2684262990951538,0.03654997795820236,0.003948704805225134,0.20503957569599152,0.003706257790327072,0.007836930453777313,0.00539802573621273,0.002574371639639139,0.15951353311538696,0.07494457811117172,0.006073541473597288,0.030345873907208443,0.0019597916398197412,0.03241518512368202,0.04991302266716957,0.006029797717928886,0.002948697190731764,0.008142370730638504,0.08484054356813431,0.07237442582845688,0.006039699539542198,0.009283357299864292,0.019049009308218956,0.02820231392979622,0.0026226802729070187,0.023808039724826813,0.029363736510276794,,,,,,,,,,,,,,,
unknown,ケ,382,383,503.0648,503.5648,0.6738281,,0.010017585940659046,0.010843634605407715,0.06911769509315491,0.11283381283283234,0.017128435894846916,0.2162892371416092,0.015464241616427898,0.014391567558050156,0.04511929675936699,0.15790510177612305,0.07371000200510025,0.08715586364269257,0.12340318411588669,0.09246375411748886,0.06292097270488739,0.043661829084157944,0.01678105816245079,0.04330207407474518,0.06086651235818863,0.09464409202337265,0.025336433202028275,0.020180853083729744,0.022213611751794815,0.010093673132359982,0.01606171578168869,0.002879393519833684,0.18019482493400574,0.03425274044275284,0.004116553347557783,0.12683860957622528,0.004814869724214077,0.006464344449341297,0.006885489448904991,0.004139034543186426,0.14495594799518585,0.04747413471341133,0.004729784559458494,0.028493491932749748,0.0024338988587260246,0.02843301370739937,0.06188775226473808,0.004654641263186932,0.002527241362258792,0.012425852939486504,0.10201799124479294,0.050612375140190125,0.004987933672964573,0.013648356311023235,0.04005291685461998,0.03292681649327278,0.0028284972067922354,0.01917448826134205,0.020846225321292877,,,,,,,,,,,,,,,
unknown,旅,384,385,509.18085,509.68085,0.89501953,,0.013578427024185658,0.01742640510201454,0.08839371055364609,0.15635915100574493,0.006306216586381197,0.074489064514637,0.008602813817560673,0.018619317561388016,0.031051727011799812,0.136025071144104,0.0862315222620964,0.07605267316102982,0.05615956708788872,0.08564508706331253,0.04469016194343567,0.05622225999832153,0.03877662867307663,0.04311945661902428,0.022227447479963303,0.0398099310696125,0.012298958376049995,0.00850245077162981,0.010301916860044003,0.024801192805171013,0.007736211642622948,0.002163207856938243,0.3408817946910858,0.05476920306682587,0.005146055947989225,0.2775150537490845,0.002838910324499011,0.005494848359376192,0.003646780038252473,0.002526665572077036,0.21696817874908447,0.09083957225084305,0.006725397892296314,0.0382973849773407,0.0011616501724347472,0.024623438715934753,0.039608489722013474,0.003435559803619981,0.004648234229534864,0.006011939141899347,0.07727155834436417,0.06676588207483292,0.011688792146742344,0.00712234852835536,0.014894373714923859,0.027723019942641258,0.0022252106573432684,0.012097282335162163,0.02241072803735733,,,,,,,,,,,,,,,
unknown,イ,386,387,515.195,515.355,0.9970703,,0.008767541497945786,0.01183447614312172,0.07201537489891052,0.11800796538591385,0.01607629284262657,0.18176716566085815,0.013218031264841557,0.012403170578181744,0.029709117487072945,0.16738197207450867,0.09135319292545319,0.1001705750823021,0.08264859765768051,0.1076069176197052,0.07236262410879135,0.05085032433271408,0.02469564601778984,0.06543967127799988,0.04936688393354416,0.08649483323097229,0.020559703931212425,0.01725832186639309,0.016970548778772354,0.017690347507596016,0.008168213069438934,0.0031422514002770185,0.23182234168052673,0.045916955918073654,0.004523746203631163,0.16216161847114563,0.003877614624798298,0.004383930936455727,0.00496744504198432,0.002962786005809903,0.14718212187290192,0.05528738722205162,0.006859181448817253,0.023002782836556435,0.0022738687694072723,0.022453462705016136,0.05031317099928856,0.0038034061435610056,0.005242601968348026,0.011124768294394016,0.08872564882040024,0.05454716458916664,0.012043533846735954,0.009952648542821407,0.01973692886531353,0.015759993344545364,0.002927979454398155,0.03376631811261177,0.021545767784118652,,,,,,,,,,,,,,,
unknown,伝,388,389,515.355,515.475,0.515625,,0.008134324103593826,0.007978871464729309,0.06043066456913948,0.09693755954504013,0.017127519473433495,0.1725047081708908,0.013464735820889473,0.008767477236688137,0.028906747698783875,0.1155763566493988,0.09714745730161667,0.15407244861125946,0.06801386177539825,0.10959236323833466,0.07157757133245468,0.05551443248987198,0.026844974607229233,0.1318420171737671,0.029099205508828163,0.06402726471424103,0.01495422050356865,0.013695036992430687,0.015755482017993927,0.011752144433557987,0.007215102668851614,0.0031401128508150578,0.29736846685409546,0.02954244613647461,0.004813406150788069,0.1699792444705963,0.0035283423494547606,0.005477427504956722,0.004629847593605518,0.002100834622979164,0.207969069480896,0.04363877698779106,0.003518480807542801,0.015498586930334568,0.0018827380845323205,0.04479750245809555,0.04793187230825424,0.004596341866999865,0.0021203772630542517,0.006203468423336744,0.07507696747779846,0.0737047791481018,0.00594306318089366,0.007569591980427504,0.01419062726199627,0.01619962975382805,0.0032695052213966846,0.015370255336165428,0.0365564189851284,,,,,,,,,,,,,,,
unknown,ン,390,391,515.475,515.595,0.95751953,,0.00987320952117443,0.01021584589034319,0.08152488619089127,0.09176277369260788,0.008283569477498531,0.12855108082294464,0.013712968677282333,0.012258605100214481,0.03464163467288017,0.1803673952817917,0.15186841785907745,0.13504809141159058,0.08573625981807709,0.1198287308216095,0.04888233542442322,0.07781677693128586,0.018314652144908905,0.06821659207344055,0.03440724313259125,0.04639193415641785,0.010546269826591015,0.01265485305339098,0.015731722116470337,0.010930508375167847,0.00890179444104433,0.003015087451785803,0.22115160524845123,0.03692413121461868,0.003843461163341999,0.13784654438495636,0.0032333664130419493,0.007076484151184559,0.005338355433195829,0.0018532414687797427,0.1863483488559723,0.05264968052506447,0.0044522942043840885,0.025278357788920403,0.0018323339754715562,0.03769006207585335,0.05977971851825714,0.00679352879524231,0.0024353633634746075,0.009619826450943947,0.06022544205188751,0.0796642005443573,0.004460522439330816,0.008987782523036003,0.017428124323487282,0.021725662052631378,0.0032962814439088106,0.022095991298556328,0.02924702689051628,,,,,,,,,,,,,,,
unknown,ト,392,393,515.595,515.795,0.89404297,,0.005430629011243582,0.0064986152574419975,0.04552549496293068,0.09244783967733383,0.014863869175314903,0.1902545690536499,0.01603599451482296,0.007210962940007448,0.04247976839542389,0.23368559777736664,0.1520051509141922,0.12040583044290543,0.06615733355283737,0.11007130146026611,0.06851878017187119,0.058943238109350204,0.021020568907260895,0.06836581230163574,0.03573009371757507,0.06836023926734924,0.017623532563447952,0.015478000976145267,0.016127433627843857,0.007483825087547302,0.010383633896708488,0.0035804423969238997,0.17374806106090546,0.02630148082971573,0.004063395783305168,0.10735691338777542,0.004066959023475647,0.005049205385148525,0.0064763561822474,0.0024246079847216606,0.17223362624645233,0.03293158486485481,0.003596444381400943,0.021450724452733994,0.00208326056599617,0.026788579300045967,0.058841947466135025,0.006096167024224997,0.002586804563179612,0.00946528185158968,0.0970933586359024,0.05874680355191231,0.00610348442569375,0.010377404280006886,0.018300777301192284,0.015916677191853523,0.0038518370129168034,0.025812944397330284,0.02144577167928219,,,,,,,,,,,,,,,
unknown,知,394,395,520.195,520.355,0.97753906,,0.004431820474565029,0.004389534704387188,0.030027251690626144,0.08394889533519745,0.026607969775795937,0.2561902701854706,0.0140821048989892,0.005845941137522459,0.04986145719885826,0.21624544262886047,0.11692780256271362,0.10150525718927383,0.10498353093862534,0.12403032928705215,0.1006879210472107,0.037814658135175705,0.013817590661346912,0.056968480348587036,0.05205469951033592,0.11505000293254852,0.02960793860256672,0.017292525619268417,0.023180169984698296,0.004972309805452824,0.013945070095360279,0.004174461588263512,0.10248330980539322,0.02252182364463806,0.004629839211702347,0.056008774787187576,0.003708663396537304,0.0032670043874531984,0.0075548007152974606,0.002911441959440708,0.1501191109418869,0.01741950213909149,0.0024631982669234276,0.01958986558020115,0.0024689531419426203,0.020480478182435036,0.05570446699857712,0.004729162435978651,0.002594663994386792,0.011606366373598576,0.11669110506772995,0.03921729326248169,0.008027387782931328,0.015010692179203033,0.02385253831744194,0.012051881290972233,0.004292388446629047,0.029285959899425507,0.017169231548905373,,,,,,,,,,,,,,,
unknown,識,396,397,520.355,520.855,0.9863281,,0.012030970305204391,0.007426795549690723,0.04378697648644447,0.08432106673717499,0.007014155853539705,0.10630086064338684,0.012486238963901997,0.011212904937565327,0.04478995129466057,0.1665298491716385,0.1895364224910736,0.1674494594335556,0.10668058693408966,0.14983360469341278,0.055926352739334106,0.07509032636880875,0.011210979893803596,0.0898091048002243,0.02615789882838726,0.04408051818609238,0.007844479754567146,0.009228968992829323,0.026535920798778534,0.006301934365183115,0.008951730094850063,0.0035627456381917,0.1579616814851761,0.030711693689227104,0.003972148988395929,0.07530611753463745,0.003370726015418768,0.008443930186331272,0.00382723449729383,0.0012141288025304675,0.20156346261501312,0.028249815106391907,0.0030732518061995506,0.014962801709771156,0.0016046070959419012,0.04038816690444946,0.06701921671628952,0.010416330769658089,0.0022749623749405146,0.006220189854502678,0.08727559447288513,0.07965078949928284,0.004692599643021822,0.007962637580931187,0.014593047089874744,0.022712482139468193,0.004710406996309757,0.020402895286679268,0.03673127293586731,,,,,,,,,,,,,,,
unknown,教,398,399,523.995,524.275,0.80810547,,0.010493592359125614,0.006224971730262041,0.03489045426249504,0.093143530189991,0.023150892928242683,0.2198326289653778,0.022058900445699692,0.010593269020318985,0.03928334265947342,0.1277967095375061,0.10219349712133408,0.11822790652513504,0.09118729084730148,0.11867927014827728,0.07777441293001175,0.04628146067261696,0.019592080265283585,0.09947964549064636,0.08032085001468658,0.10831451416015625,0.02282535471022129,0.024651682004332542,0.03019280731678009,0.008110716007649899,0.013233139179646969,0.008088242262601852,0.16228623688220978,0.022863151505589485,0.0074260602705180645,0.10012456774711609,0.006923586595803499,0.005249463487416506,0.0065206605941057205,0.0038003523368388414,0.17712357640266418,0.023921674117445946,0.002679629484191537,0.014493453316390514,0.004515418782830238,0.033274900168180466,0.0727999359369278,0.012192361988127232,0.002368481131270528,0.016980845481157303,0.10250633955001831,0.06524519622325897,0.00847674161195755,0.014314902015030384,0.038422439247369766,0.027039101347327232,0.009398801252245903,0.02001911774277687,0.03693122789263725,,,,,,,,,,,,,,,
unknown,会,400,401,524.275,524.775,0.93310547,,0.00779707683250308,0.004554901737719774,0.031809400767087936,0.08582188189029694,0.020333662629127502,0.18362966179847717,0.02152607962489128,0.008784034289419651,0.0337463840842247,0.18132567405700684,0.12118514627218246,0.12993191182613373,0.06511015444993973,0.12318570911884308,0.07947150617837906,0.043202806264162064,0.019108928740024567,0.09639063477516174,0.06649929285049438,0.08460334688425064,0.020502030849456787,0.02327611669898033,0.023484688252210617,0.006749618798494339,0.010072637349367142,0.008750728331506252,0.14757302403450012,0.021380417048931122,0.007006651721894741,0.09114833176136017,0.006827039644122124,0.005344111006706953,0.005838008597493172,0.00385488523170352,0.17864015698432922,0.021433888003230095,0.0019714217633008957,0.014914676547050476,0.004869368858635426,0.02427329681813717,0.052170127630233765,0.010089271701872349,0.0017608162015676498,0.019053330644965172,0.11286885291337967,0.05175928398966789,0.0055692363530397415,0.01247138436883688,0.026415735483169556,0.015874799340963364,0.00999452080577612,0.026948530226945877,0.029060356318950653,,,,,,,,,,,,,,,
unknown,の,402,403,532.1165,532.6165,0.87841797,,0.00748529564589262,0.005453095771372318,0.03103463537991047,0.09889081865549088,0.027536209672689438,0.26576724648475647,0.02151162177324295,0.007955542765557766,0.0352945439517498,0.14495202898979187,0.09260949492454529,0.12261287868022919,0.05458001792430878,0.07446335256099701,0.07206467539072037,0.032440345734357834,0.020871765911579132,0.09313290566205978,0.10656960308551788,0.11033420264720917,0.028965478762984276,0.030806124210357666,0.017816340550780296,0.007117169443517923,0.016371725127100945,0.00758756510913372,0.15146112442016602,0.018849601969122887,0.005583895370364189,0.1015041247010231,0.007485761307179928,0.004161464516073465,0.008790474385023117,0.005233646370470524,0.13876262307167053,0.02163936384022236,0.0025110910646617413,0.013208212330937386,0.005435741040855646,0.020619133487343788,0.06844363361597061,0.008449173532426357,0.0019866544753313065,0.017314378172159195,0.08418973535299301,0.0507580004632473,0.006857169792056084,0.016920138150453568,0.0415198840200901,0.01883656717836857,0.008672955445945263,0.019416267052292824,0.026687653735280037,,,,,,,,,,,,,,,
unknown,試,404,405,537.8628,537.9825,0.9863281,,0.01204607356339693,0.007003178354352713,0.02965775690972805,0.12997093796730042,0.01926988549530506,0.1941540539264679,0.010533006861805916,0.012713153846561909,0.023341557011008263,0.13851305842399597,0.07374469935894012,0.08964331448078156,0.07699137926101685,0.07112495601177216,0.06578446179628372,0.037986211478710175,0.015477309934794903,0.05889802426099777,0.10051234811544418,0.09215614944696426,0.020230593159794807,0.015135953202843666,0.01926557719707489,0.00969751551747322,0.009245471097528934,0.003745748894289136,0.18415392935276031,0.021178077906370163,0.005376214627176523,0.147821843624115,0.003982199355959892,0.004203426651656628,0.0038210272323340178,0.0032770547550171614,0.1655559241771698,0.03564364090561867,0.0025578225031495094,0.016411300748586655,0.002689580200240016,0.022337960079312325,0.05630575492978096,0.00741894356906414,0.0015793167985975742,0.011303705163300037,0.09614361077547073,0.061646800488233566,0.0048561603762209415,0.009852809831500053,0.049619823694229126,0.03498230129480362,0.004648454952985048,0.012770739383995533,0.03434009850025177,,,,,,,,,,,,,,,
unknown,験,406,407,537.9825,538.4825,0.9980469,,0.013272845186293125,0.007138142827898264,0.020967401564121246,0.162152498960495,0.029686756432056427,0.20358732342720032,0.008929094299674034,0.012342415750026703,0.028083089739084244,0.09950756281614304,0.035841330885887146,0.0509626641869545,0.060127273201942444,0.03891122713685036,0.08419854193925858,0.030083460733294487,0.012261132709681988,0.05018046870827675,0.11171374469995499,0.12282415479421616,0.03551682457327843,0.01459843572229147,0.018436938524246216,0.011346575804054737,0.01596674509346485,0.0031132972799241543,0.17982645332813263,0.01665208861231804,0.0060706292279064655,0.16581645607948303,0.004057663027197123,0.0032731799874454737,0.004641066771000624,0.0047048889100551605,0.12150713056325912,0.03890174254775047,0.0024005677551031113,0.013268861919641495,0.002518958179280162,0.028634341433644295,0.0461784228682518,0.006458756513893604,0.0013498497428372502,0.009780318476259708,0.10283524543046951,0.06114606931805611,0.005989116616547108,0.01486002467572689,0.06837088614702225,0.04431593045592308,0.00378376804292202,0.007958943955600262,0.043648861348629,,,,,,,,,,,,,,,
unknown,こ,408,409,542.15497,542.27496,0.55126953,,0.015145198442041874,0.008164110593497753,0.02130734547972679,0.13377879559993744,0.03405039384961128,0.21623393893241882,0.01113992091268301,0.014413340948522091,0.027612784877419472,0.0715843215584755,0.027072343975305557,0.0494760237634182,0.06438716500997543,0.035087957978248596,0.06988964974880219,0.02724190056324005,0.011177481152117252,0.04792235791683197,0.12221090495586395,0.1125391274690628,0.03554792329668999,0.018438413739204407,0.016931595280766487,0.011835959739983082,0.01935812458395958,0.0029137637466192245,0.19404558837413788,0.016314800828695297,0.005279551260173321,0.1974766105413437,0.004826608579605818,0.0044186050072312355,0.00608387216925621,0.005620000883936882,0.11876478046178818,0.04249678552150726,0.0023727635852992535,0.016065236181020737,0.0027850910555571318,0.03336505591869354,0.0494258888065815,0.007386069279164076,0.00108931097202003,0.010631128214299679,0.07499619573354721,0.06222587823867798,0.004420209676027298,0.016850769519805908,0.0833897739648819,0.05580973997712135,0.003294671420007944,0.007007180247455835,0.04738536849617958,,,,,,,,,,,,,,,
unknown,り,410,411,542.27496,542.77496,0.84277344,,0.010724703781306744,0.007217858452349901,0.01721588708460331,0.1698526293039322,0.03348197415471077,0.23516836762428284,0.011257017962634563,0.011448247358202934,0.03704630210995674,0.07329466193914413,0.02467009238898754,0.047463759779930115,0.07855858653783798,0.04800380393862724,0.09059233218431473,0.022380247712135315,0.010501851327717304,0.04656468704342842,0.10549277067184448,0.14865757524967194,0.03825661540031433,0.014926970936357975,0.02599535882472992,0.011951832100749016,0.021136444061994553,0.0025108004920184612,0.20766282081604004,0.018210969865322113,0.005881267599761486,0.2113841474056244,0.004448637366294861,0.00286549748852849,0.0060310824774205685,0.004688979592174292,0.13285861909389496,0.03814276307821274,0.002578131156042218,0.01636654883623123,0.0017247485229745507,0.028732087463140488,0.05109117180109024,0.004945686087012291,0.00190144800581038,0.007658602204173803,0.11635123193264008,0.048203423619270325,0.009044460020959377,0.017595548182725906,0.07225478440523148,0.04673323035240173,0.002768184058368206,0.008632192388176918,0.03719639405608177,,,,,,,,,,,,,,,
unknown,会,412,413,551.035,551.535,0.43676758,,0.009916410781443119,0.0065476722083985806,0.016303537413477898,0.14335595071315765,0.030634362250566483,0.23403024673461914,0.016094038262963295,0.00971705187112093,0.03625662624835968,0.07486483454704285,0.04130598157644272,0.08076418936252594,0.060471054166555405,0.07587495446205139,0.08776233345270157,0.023615388199687004,0.01411596592515707,0.08209190517663956,0.10125287622213364,0.13796982169151306,0.03125104308128357,0.018196485936641693,0.029039673507213593,0.007934799417853355,0.01862083189189434,0.004027397837489843,0.2202870100736618,0.01759917289018631,0.0064919209107756615,0.1836153119802475,0.006526983343064785,0.002971600042656064,0.0076494114473462105,0.0045524355955421925,0.17666752636432648,0.027625136077404022,0.0027076618280261755,0.01790699176490307,0.0023579958360642195,0.030089709907770157,0.06797502934932709,0.004895917139947414,0.001982455374673009,0.009490061551332474,0.11574441939592361,0.04757322743535042,0.007316229399293661,0.018174629658460617,0.056426018476486206,0.033363550901412964,0.00458544073626399,0.009809408336877823,0.034620050340890884,,,,,,,,,,,,,,,
unknown,病,414,415,556.6031,556.88245,1.0,,0.010681097395718098,0.007874047383666039,0.018696730956435204,0.14161457121372223,0.030895737931132317,0.23242586851119995,0.025591393932700157,0.013864650391042233,0.04356926679611206,0.08356566727161407,0.051124125719070435,0.05970039591193199,0.06667141616344452,0.059830933809280396,0.06117081642150879,0.026674283668398857,0.018828898668289185,0.04745972529053688,0.12233931571245193,0.09654702991247177,0.03390328213572502,0.03345223888754845,0.019681276753544807,0.00980163924396038,0.02823025733232498,0.009232881478965282,0.1574200689792633,0.01802675426006317,0.007208187133073807,0.1557958573102951,0.009204764850437641,0.005101687740534544,0.01703975535929203,0.00809917226433754,0.14387084543704987,0.036788877099752426,0.0030728220008313656,0.017982326447963715,0.0056430320255458355,0.02173963002860546,0.07448219507932663,0.009919654577970505,0.0017102374695241451,0.020382046699523926,0.09089106321334839,0.048685576766729355,0.005271304398775101,0.026833772659301758,0.08333487063646317,0.04600241035223007,0.010863755829632282,0.011806545779109001,0.026930561289191246,,,,,,,,,,,,,,,
unknown,院,416,417,556.88245,557.38245,0.9995117,,0.013339758850634098,0.01254337839782238,0.01929331198334694,0.13310852646827698,0.03611528500914574,0.21826352179050446,0.016269881278276443,0.012582759372889996,0.03035844676196575,0.05012423172593117,0.027808845043182373,0.06836186349391937,0.056196894496679306,0.052047234028577805,0.06994255632162094,0.021753259003162384,0.02519342303276062,0.09785019606351852,0.08735637366771698,0.098749540746212,0.025938641279935837,0.020133692771196365,0.017828958109021187,0.015576070174574852,0.016629518941044807,0.0047196573577821255,0.29414308071136475,0.022385388612747192,0.007062587887048721,0.2849787175655365,0.005581530276685953,0.005052549298852682,0.009853711351752281,0.004588576499372721,0.16445064544677734,0.04480831325054169,0.005329817999154329,0.02015976794064045,0.002321146661415696,0.032150909304618835,0.04923245310783386,0.005874564405530691,0.00362258474342525,0.010292628780007362,0.08109132200479507,0.05066234990954399,0.013395424000918865,0.01668977364897728,0.048801179975271225,0.035640373826026917,0.0054960004054009914,0.007349233143031597,0.04006505385041237,,,,,,,,,,,,,,,
unknown,葬,418,419,560.8334,561.0728,0.9760742,,0.011822893284261227,0.007320421282202005,0.01511857844889164,0.1075541079044342,0.052970100194215775,0.2757222652435303,0.020074166357517242,0.009810241870582104,0.049606967717409134,0.04128822684288025,0.03548179566860199,0.03605933487415314,0.04119352996349335,0.06633807718753815,0.12961705029010773,0.014872879721224308,0.008620441891252995,0.044087763875722885,0.17162494361400604,0.22821442782878876,0.0723877102136612,0.040357206016778946,0.02165778912603855,0.003707408905029297,0.037177469581365585,0.03824089094996452,0.07674411684274673,0.011402688920497894,0.009374752640724182,0.04447893053293228,0.008092071861028671,0.004890012089163065,0.025437787175178528,0.012642917223274708,0.08364411443471909,0.01311142835766077,0.003617497393861413,0.01949950121343136,0.009272736497223377,0.01891414448618889,0.08573277294635773,0.009139705449342728,0.002044625813141465,0.05247987434267998,0.1617763787508011,0.02741096168756485,0.005790353752672672,0.04842903092503548,0.08727772533893585,0.018141303211450577,0.04922918602824211,0.009192239493131638,0.019402343779802322,,,,,,,,,,,,,,,
unknown,式,420,421,561.0728,561.5728,0.9667969,,0.007595647592097521,0.004480182658880949,0.010524222627282143,0.06910804659128189,0.05240771919488907,0.30123043060302734,0.022777285426855087,0.007565820589661598,0.04398531839251518,0.055084288120269775,0.03852548077702522,0.03141316771507263,0.03702842444181442,0.08363473415374756,0.1334417164325714,0.013048585504293442,0.006273485720157623,0.03801436722278595,0.25556448101997375,0.25190091133117676,0.07350433617830276,0.04867151379585266,0.027399789541959763,0.002254695165902376,0.03229708969593048,0.047587111592292786,0.048369161784648895,0.008412943221628666,0.009193537756800652,0.02965337410569191,0.008196502923965454,0.0031894652638584375,0.026503728702664375,0.011133721098303795,0.06433263421058655,0.008273032493889332,0.0027697745244950056,0.0196811705827713,0.013435414992272854,0.014675677753984928,0.09970451891422272,0.008565566502511501,0.001645685057155788,0.10436742007732391,0.15826165676116943,0.019152294844388962,0.0037764424923807383,0.0551861934363842,0.10068535804748535,0.012706311419606209,0.05827314406633377,0.01610437035560608,0.014179922640323639,,,,,,,,,,,,,,,
unknown,中,422,423,570.15027,570.4299,0.9970703,,0.012735477648675442,0.006353489123284817,0.012643341906368732,0.09403342008590698,0.030202696099877357,0.15386302769184113,0.017193282023072243,0.010009353049099445,0.045051686465740204,0.02286038175225258,0.046671971678733826,0.017307087779045105,0.031013989821076393,0.10080856084823608,0.12924249470233917,0.013773206621408463,0.004612250253558159,0.018612690269947052,0.19347107410430908,0.21166524291038513,0.07541945576667786,0.04648499935865402,0.024109523743391037,0.0018818583339452744,0.032086048275232315,0.15514111518859863,0.02643713727593422,0.00813740212470293,0.008624070324003696,0.012612356804311275,0.008013078011572361,0.0049802809953689575,0.023956915363669395,0.01525870244950056,0.06761772930622101,0.007886072620749474,0.0052918363362550735,0.02113913558423519,0.02422039955854416,0.011906804516911507,0.10613642632961273,0.010540777817368507,0.002607103902846575,0.1733873337507248,0.21073472499847412,0.01869487576186657,0.004578694701194763,0.05604054033756256,0.09466062486171722,0.011983011849224567,0.19401217997074127,0.009251601994037628,0.009544629603624344,,,,,,,,,,,,,,,
unknown,東,424,425,570.4299,570.9299,0.7348633,,0.017572393640875816,0.011480656452476978,0.027295148000121117,0.2066178172826767,0.005914169829338789,0.06080346554517746,0.02585439383983612,0.018966522067785263,0.06795918196439743,0.03537905216217041,0.1173858568072319,0.050096314400434494,0.04672406613826752,0.14268073439598083,0.042033739387989044,0.04034130647778511,0.0167932640761137,0.03575814887881279,0.10582974553108215,0.0695052370429039,0.026841791346669197,0.028676167130470276,0.032918110489845276,0.00905987061560154,0.0469098761677742,0.04993379861116409,0.09889557957649231,0.023652944713830948,0.006115925498306751,0.08046010881662369,0.01557281706482172,0.007852836512029171,0.027912551537156105,0.01311495155096054,0.18431740999221802,0.03142326697707176,0.0076524559408426285,0.053719885647296906,0.009162118658423424,0.022272303700447083,0.1650678962469101,0.028630834072828293,0.006640763487666845,0.06489870697259903,0.11763796210289001,0.06614919006824493,0.01821395941078663,0.04347407445311546,0.09482306987047195,0.05883484706282616,0.06563296169042587,0.006912778131663799,0.02629348821938038,,,,,,,,,,,,,,,
unknown,選,426,427,572.6269,572.9065,0.9008789,,0.020153801888227463,0.016966423019766808,0.032899290323257446,0.21061226725578308,0.010290480218827724,0.07111164927482605,0.026797296479344368,0.01670357771217823,0.0737403929233551,0.03076491877436638,0.08562330901622772,0.04001621901988983,0.0572374202311039,0.15648570656776428,0.06816297769546509,0.04919460043311119,0.03786106035113335,0.038931943476200104,0.1070057600736618,0.10292907059192657,0.04151447117328644,0.031167253851890564,0.039749547839164734,0.013704882003366947,0.04538213834166527,0.046001140028238297,0.10295712947845459,0.030118096619844437,0.009367204271256924,0.07083125412464142,0.015647679567337036,0.007515504490584135,0.03564233332872391,0.014478030614554882,0.15137122571468353,0.0375090166926384,0.01399523951113224,0.05288207158446312,0.01222270168364048,0.029681887477636337,0.13755996525287628,0.019077254459261894,0.011035304516553879,0.06425108760595322,0.1495070457458496,0.07715243101119995,0.02970344014465809,0.055523719638586044,0.06736771762371063,0.038991063833236694,0.056949764490127563,0.005921891424804926,0.0283531341701746,,,,,,,,,,,,,,,
unknown,挙,428,429,572.9065,573.4065,0.9970703,,0.043001025915145874,0.03467363864183426,0.05232171714305878,0.21997572481632233,0.004776851274073124,0.039609551429748535,0.01664210483431816,0.026688089594244957,0.057728227227926254,0.03291144222021103,0.10598690062761307,0.0316900871694088,0.04642306640744209,0.16427981853485107,0.04595866799354553,0.09858781099319458,0.04265613853931427,0.03349880874156952,0.08888209611177444,0.05508474260568619,0.01839304342865944,0.019905555993318558,0.0298543032258749,0.021269366145133972,0.03262912482023239,0.044874031096696854,0.15816272795200348,0.040772777050733566,0.010090437717735767,0.09791824221611023,0.008365066722035408,0.015738558024168015,0.025334523990750313,0.006490037776529789,0.17585650086402893,0.07858938723802567,0.026827571913599968,0.08302737027406693,0.012254498898983002,0.049483586102724075,0.12449849396944046,0.025124501436948776,0.014037244021892548,0.07164192944765091,0.10459467768669128,0.137556254863739,0.026172641664743423,0.039042096585035324,0.04451001062989235,0.053202588111162186,0.056623466312885284,0.006587723735719919,0.03965306654572487,,,,,,,,,,,,,,,
unknown,ご,430,431,578.0995,578.3391,0.98779297,,0.015545028261840343,0.01124804187566042,0.023733479902148247,0.24180743098258972,0.013271578587591648,0.07251064479351044,0.026426246389746666,0.013547412119805813,0.07338284701108932,0.02832443080842495,0.05757134407758713,0.030378907918930054,0.04766795039176941,0.13837559521198273,0.08872971683740616,0.03804245591163635,0.02973124198615551,0.03318941965699196,0.11138042062520981,0.11803405731916428,0.054778750985860825,0.03695819899439812,0.03949202597141266,0.011104644276201725,0.04817263036966324,0.06204499304294586,0.1003495529294014,0.02189561165869236,0.009552276693284512,0.06642450392246246,0.01873495988547802,0.00620219437405467,0.03581683337688446,0.022243373095989227,0.13727346062660217,0.031433746218681335,0.009072788059711456,0.046619441360235214,0.018581027165055275,0.031093968078494072,0.11686636507511139,0.012896116822957993,0.005446655210107565,0.07672323286533356,0.20477452874183655,0.061218515038490295,0.014430684968829155,0.06033623218536377,0.07462264597415924,0.02902158536016941,0.07127446681261063,0.005064820405095816,0.026870431378483772,,,,,,,,,,,,,,,
unknown,ぼ,432,433,578.3391,578.8391,0.74853516,,0.02792714349925518,0.02176772430539131,0.03893618658185005,0.17989715933799744,0.006813119165599346,0.05724240466952324,0.021059731021523476,0.019610468298196793,0.060862697660923004,0.04061872884631157,0.09897761791944504,0.044191014021635056,0.05559790879487991,0.16544657945632935,0.05482117831707001,0.08877065032720566,0.02408795803785324,0.04070933535695076,0.080622099339962,0.06507498025894165,0.02182004041969776,0.02279500663280487,0.036739788949489594,0.015593679621815681,0.03809861093759537,0.02960858680307865,0.1256905198097229,0.032057154923677444,0.006966667715460062,0.08357913047075272,0.00998501293361187,0.014615480788052082,0.026319898664951324,0.006918544881045818,0.13903731107711792,0.06222369521856308,0.01734551601111889,0.0677596777677536,0.01168059278279543,0.0652424544095993,0.14079275727272034,0.025141604244709015,0.008226362057030201,0.055257994681596756,0.10913790017366409,0.12296295166015625,0.014666781760752201,0.04354414343833923,0.04425329342484474,0.045760199427604675,0.03423873707652092,0.009197372011840343,0.04885824769735336,,,,,,,,,,,,,,,
unknown,不,434,435,587.02277,587.18256,0.7890625,,0.04581962898373604,0.03402242437005043,0.0576331652700901,0.26335805654525757,0.006374198477715254,0.05276308208703995,0.013804981485009193,0.030300844460725784,0.07698125392198563,0.03184687718749046,0.06446988135576248,0.03149278834462166,0.05128557235002518,0.1191650778055191,0.054511792957782745,0.07083751261234283,0.024370508268475533,0.026557816192507744,0.059166938066482544,0.060832347720861435,0.025155814364552498,0.014826860278844833,0.028255734592676163,0.019866371527314186,0.05001784861087799,0.018833184614777565,0.15701870620250702,0.04143768548965454,0.010857763700187206,0.11827841401100159,0.007441298570483923,0.01470722071826458,0.017797082662582397,0.007530070375651121,0.15963928401470184,0.08281172066926956,0.01832728460431099,0.08488647639751434,0.00732943182811141,0.07740052789449692,0.10909905284643173,0.01680799201130867,0.011097838170826435,0.031402233988046646,0.14496533572673798,0.12120957672595978,0.026762671768665314,0.03994251415133476,0.04936274141073227,0.0720275416970253,0.021330643445253372,0.004926392808556557,0.047296494245529175,,,,,,,,,,,,,,,
unknown,族,436,437,587.18256,587.68256,0.46313477,,0.03589419648051262,0.038295697420835495,0.04122788459062576,0.34885290265083313,0.0045108855701982975,0.041480593383312225,0.018716545775532722,0.02150038816034794,0.07484648376703262,0.03787617012858391,0.04472663626074791,0.022047076374292374,0.03877256065607071,0.07016915827989578,0.03305753320455551,0.08529293537139893,0.05605379119515419,0.02686123177409172,0.045459017157554626,0.025513863191008568,0.013364237733185291,0.01610410585999489,0.019447313621640205,0.0340026430785656,0.05049283057451248,0.01287325844168663,0.23694027960300446,0.032147541642189026,0.009253689087927341,0.234603613615036,0.007229779381304979,0.01621233858168125,0.01793549582362175,0.004880349151790142,0.1466980278491974,0.15169657766819,0.025529420003294945,0.09001981467008591,0.007945719175040722,0.07805486023426056,0.09044020622968674,0.02030733972787857,0.011122732423245907,0.027134820818901062,0.08867833763360977,0.1577260047197342,0.026161152869462967,0.029485540464520454,0.033915597945451736,0.08522715419530869,0.013745312578976154,0.005499036516994238,0.052291639149188995,,,,,,,,,,,,,,,
unknown,個,438,439,598.6158,598.81464,0.44750977,,0.036311469972133636,0.025676628574728966,0.031590383499860764,0.2967687249183655,0.007091243285685778,0.05383967608213425,0.024309368804097176,0.02366962470114231,0.0891558974981308,0.031038545072078705,0.04386439174413681,0.01845048926770687,0.07063841819763184,0.09474382549524307,0.04510112851858139,0.05474894493818283,0.033964306116104126,0.016916338354349136,0.08014289289712906,0.05221401900053024,0.02416902594268322,0.02491019107401371,0.035762887448072433,0.018995044752955437,0.05646170675754547,0.023263413459062576,0.14662298560142517,0.026787521317601204,0.009975489228963852,0.1264149695634842,0.011659542098641396,0.013620909303426743,0.01906874217092991,0.009366287849843502,0.14212863147258759,0.0851469561457634,0.013217680156230927,0.08516959100961685,0.01215073000639677,0.03891436383128166,0.10797510296106339,0.02278733067214489,0.007096937857568264,0.044638827443122864,0.107485331594944,0.09664197266101837,0.017197683453559875,0.03807609900832176,0.06948510557413101,0.0916009247303009,0.025400541722774506,0.0053802113980054855,0.0337677076458931,,,,,,,,,,,,,,,
unknown,賃,440,441,598.81464,599.31464,0.29589844,,0.04130839556455612,0.035925399512052536,0.04421262815594673,0.2705896496772766,0.0032260252628475428,0.024919137358665466,0.026706136763095856,0.03880582004785538,0.06404828280210495,0.020052211359143257,0.03891314938664436,0.01862659864127636,0.04306425526738167,0.08918283134698868,0.02290998585522175,0.07695433497428894,0.046170275658369064,0.023074809461832047,0.04748363420367241,0.01860649511218071,0.011014285497367382,0.022618019953370094,0.021799249574542046,0.03668265789747238,0.0527806356549263,0.02495337650179863,0.25440505146980286,0.03443670645356178,0.010037828236818314,0.26971250772476196,0.010995455086231232,0.025559881702065468,0.032166268676519394,0.00781348068267107,0.15749207139015198,0.14181560277938843,0.016168557107448578,0.10387866199016571,0.009130287915468216,0.0833682045340538,0.09599176049232483,0.03158000484108925,0.005211025010794401,0.053203973919153214,0.0736686959862709,0.14252515137195587,0.011158199980854988,0.03882838785648346,0.05325986072421074,0.1322760432958603,0.02840258553624153,0.004644991829991341,0.057935405522584915,,,,,,,,,,,,,,,
