Id,Text,BeginTime,EndTime,Confidence,SpeakerConfidence,Admiration,Adoration,Aesthetic Appreciation,Amusement,Anger,Anxiety,Awe,Awkwardness,Boredom,Calmness,Concentration,Contemplation,Confusion,Contempt,Contentment,Craving,Determination,Disappointment,Disgust,Distress,Doubt,Ecstasy,Embarrassment,Empathic Pain,Entrancement,Envy,Excitement,Fear,Guilt,Horror,Interest,Joy,Love,Nostalgia,Pain,Pride,Realization,Relief,Romance,Sadness,Satisfaction,Desire,Shame,Surprise (negative),Surprise (positive),Sympathy,Tiredness,Triumph
unknown,太 陽,4.612351,5.3519535,0.892334,,0.018555685877799988,0.015250793658196926,0.00842391699552536,0.04733097180724144,0.07623657584190369,0.0379546619951725,0.017650118097662926,0.07616044580936432,0.040082357823848724,0.15100403130054474,0.08078871667385101,0.02942953258752823,0.08342785388231277,0.03039621189236641,0.02705998346209526,0.008533069863915443,0.09212510287761688,0.043564535677433014,0.030079932883381844,0.09270602464675903,0.07407177984714508,0.016467222943902016,0.014828904531896114,0.014821457676589489,0.012427326291799545,0.015304665081202984,0.06325638294219971,0.020078977569937706,0.011187033727765083,0.012342444621026516,0.07332184910774231,0.0431627482175827,0.015120788477361202,0.02110772766172886,0.02340022847056389,0.02675049751996994,0.0335228331387043,0.023975856602191925,0.011646735481917858,0.02299371361732483,0.027461592108011246,0.007298597134649754,0.012536394409835339,0.041372381150722504,0.029553569853305817,0.021564753726124763,0.0730198547244072,0.017455829307436943
unknown,鉄,9.005066,9.505066,0.97509766,,0.024657825008034706,0.014807105995714664,0.016344545409083366,0.039668820798397064,0.015385808423161507,0.029250703752040863,0.020700128749012947,0.06070103868842125,0.050806209444999695,0.2595407962799072,0.08207958191633224,0.041437096893787384,0.11593863368034363,0.011868434026837349,0.014089200645685196,0.016828306019306183,0.033142853528261185,0.027165235951542854,0.008367611095309258,0.049398425966501236,0.07709421217441559,0.01135820522904396,0.00907028280198574,0.01445477269589901,0.017141729593276978,0.007284095510840416,0.0351155623793602,0.03801402449607849,0.009312150999903679,0.016157448291778564,0.09415161609649658,0.04633233696222305,0.014787185937166214,0.017886554822325706,0.011375187896192074,0.0061585442163050175,0.01662813127040863,0.007709922268986702,0.014204386621713638,0.02378980629146099,0.018268166109919548,0.019316045567393303,0.011496790684759617,0.022410888224840164,0.01479790173470974,0.010002057068049908,0.020172270014882088,0.0037558632902801037
unknown,車,14.495,14.995,0.99365234,,0.009415525943040848,0.005195839796215296,0.0072474610060453415,0.09834175556898117,0.0697057843208313,0.03955061361193657,0.016260307282209396,0.04533851519227028,0.017555033788084984,0.029686395078897476,0.05283384025096893,0.020872903987765312,0.07613186538219452,0.015096290968358517,0.022001581266522408,0.004558832384645939,0.08753441274166107,0.014177685603499413,0.011630188673734665,0.05094296112656593,0.04326135292649269,0.014350171200931072,0.012582110241055489,0.002755658933892846,0.005864088423550129,0.005755649413913488,0.10248108208179474,0.025206565856933594,0.005179787054657936,0.010787899605929852,0.07336831837892532,0.04326171055436134,0.0037865720223635435,0.014603521674871445,0.006354899145662785,0.028895728290081024,0.025105135515332222,0.013867413625121117,0.002835589461028576,0.007483004592359066,0.025637762621045113,0.0043750060722231865,0.006355996243655682,0.04482618719339371,0.05016021430492401,0.005194426979869604,0.01010411698371172,0.030402932316064835
unknown,少,23.735,24.235,0.66015625,,0.02944614179432392,0.013853897340595722,0.0199128370732069,0.06584357470273972,0.026877369731664658,0.059761807322502136,0.04041995108127594,0.06129409745335579,0.049147021025419235,0.09311912208795547,0.039045464247465134,0.019091950729489326,0.0663699060678482,0.014660033397376537,0.037031881511211395,0.0055570295080542564,0.036806993186473846,0.025351984426379204,0.019937723875045776,0.06599203497171402,0.046698424965143204,0.020265767350792885,0.020343169569969177,0.013397284783422947,0.022251196205615997,0.008769223466515541,0.10624202340841293,0.060387782752513885,0.022690078243613243,0.031131867319345474,0.0846085324883461,0.05890234187245369,0.012973210774362087,0.02231251262128353,0.017736662179231644,0.03548087552189827,0.05835021287202835,0.04420992359519005,0.011270349845290184,0.022729942575097084,0.05158529803156853,0.01811313070356846,0.013784953393042088,0.05770642310380936,0.08680414408445358,0.023608937859535217,0.025318562984466553,0.02762138843536377
unknown,女 の 人,25.535,26.275,0.84440106,,0.012661321088671684,0.009513461962342262,0.006243680138140917,0.020228467881679535,0.11550018191337585,0.05467858910560608,0.022930150851607323,0.03919187933206558,0.04780500382184982,0.1046929880976677,0.07264605909585953,0.02080668695271015,0.07742001116275787,0.03922104090452194,0.020357687026262283,0.006461992859840393,0.07301093637943268,0.05673690140247345,0.03495184704661369,0.0844629630446434,0.03877922147512436,0.009869704954326153,0.03237012028694153,0.009253382682800293,0.014049066230654716,0.012028772383928299,0.01987699419260025,0.09334702789783478,0.02016100101172924,0.07752087712287903,0.030601894482970238,0.01164715550839901,0.00827124435454607,0.026479193940758705,0.027871429920196533,0.021090192720294,0.03913896158337593,0.028397386893630028,0.025924868881702423,0.033869460225105286,0.0181894451379776,0.03390584513545036,0.02490965649485588,0.09596770256757736,0.02126183919608593,0.011059212498366833,0.03683457523584366,0.013395987451076508
unknown,小 さ さ い,31.70637,32.646015,0.94714355,,0.05867045745253563,0.023624533787369728,0.013854856602847576,0.16103176772594452,0.022445479407906532,0.016783494502305984,0.036957915872335434,0.07280147820711136,0.020847178995609283,0.09496746957302094,0.027306396514177322,0.07240614295005798,0.06064974144101143,0.06880629062652588,0.03180668130517006,0.005821581464260817,0.03421050310134888,0.0552210658788681,0.07109515368938446,0.032697420567274094,0.029294809326529503,0.020090514793992043,0.023569686338305473,0.024222051724791527,0.017901316285133362,0.05325013026595116,0.04395405948162079,0.012613754719495773,0.021601786836981773,0.012607923708856106,0.10382355004549026,0.044219594448804855,0.022204497829079628,0.06831900775432587,0.012747797183692455,0.028415247797966003,0.1675880253314972,0.0402328185737133,0.020929280668497086,0.03621210530400276,0.04890608787536621,0.028318803757429123,0.028954962268471718,0.061106085777282715,0.08083941787481308,0.05310819298028946,0.005683579947799444,0.014715868048369884
unknown,男,40.833096,41.333096,0.9941406,,0.009677480906248093,0.007039305288344622,0.00737753976136446,0.051946576684713364,0.015070635825395584,0.027878960594534874,0.03409672528505325,0.04097876697778702,0.014504165388643742,0.07477325946092606,0.026636594906449318,0.030825236812233925,0.23894229531288147,0.008120725862681866,0.018881436437368393,0.00555665185675025,0.03566271439194679,0.010392796248197556,0.007246815133839846,0.03481796383857727,0.13582845032215118,0.008749525994062424,0.011237060651183128,0.0062818326987326145,0.011491394601762295,0.013660824857652187,0.05125073343515396,0.020335936918854713,0.009868362918496132,0.013629822060465813,0.12090330570936203,0.023802921175956726,0.007397774141281843,0.019002923741936684,0.004882567096501589,0.022910036146640778,0.040666285902261734,0.006509365513920784,0.00690307654440403,0.01825050264596939,0.014484499581158161,0.005669669713824987,0.008926148526370525,0.08302685618400574,0.07666334509849548,0.019903035834431648,0.004911328200250864,0.014667080715298653
unknown,温 か い,43.708595,44.60797,0.8470052,,0.012053602375090122,0.007279793731868267,0.007954458706080914,0.027335522696375847,0.006471368949860334,0.020906521007418633,0.02773967944085598,0.050082169473171234,0.026072872802615166,0.17703750729560852,0.06734532117843628,0.11261336505413055,0.32227733731269836,0.007547527085989714,0.014790807850658894,0.010152160190045834,0.02843574620783329,0.017486240714788437,0.0042494116351008415,0.0227116160094738,0.22712282836437225,0.008592262864112854,0.007400669623166323,0.0030917779076844454,0.01008087582886219,0.003741547930985689,0.03404495492577553,0.019337719306349754,0.004942239727824926,0.008731519803404808,0.13625505566596985,0.014621083624660969,0.009982926771044731,0.018307331949472427,0.0032426505349576473,0.007570742163807154,0.0700087621808052,0.008366410620510578,0.005958784371614456,0.007024951279163361,0.014539003372192383,0.008197099901735783,0.0038516989443451166,0.048532478511333466,0.027573809027671814,0.01657288148999214,0.012542958371341228,0.007490352727472782
unknown,牛 い,49.898907,50.518723,0.66430664,,0.03744099289178848,0.013949417509138584,0.023111393675208092,0.06295502185821533,0.014339123852550983,0.026796629652380943,0.03501582145690918,0.040055811405181885,0.04078398644924164,0.086056649684906,0.043925896286964417,0.01712050661444664,0.03047741949558258,0.00863249134272337,0.04741784557700157,0.01199706457555294,0.08620590716600418,0.015314255841076374,0.010349372401833534,0.02653677947819233,0.04064587131142616,0.032540276646614075,0.011051828041672707,0.004385205917060375,0.0161125510931015,0.015068217180669308,0.16860118508338928,0.021629100665450096,0.013871006667613983,0.007132618688046932,0.10361817479133606,0.09337230026721954,0.012154831551015377,0.012915424071252346,0.021796153858304024,0.022140659391880035,0.04293221980333328,0.06385064870119095,0.01815096288919449,0.02583952248096466,0.048829905688762665,0.03947148472070694,0.011845555156469345,0.01690828613936901,0.08362473547458649,0.007920779287815094,0.03398644179105759,0.034795165061950684
unknown,治 療,56.939293,57.63882,0.99902344,,0.01765679009258747,0.008512887172400951,0.00572595139965415,0.028329120948910713,0.059065572917461395,0.03615150600671768,0.013562037609517574,0.03282589465379715,0.03871217742562294,0.14384958148002625,0.042537909001111984,0.015744253993034363,0.041596703231334686,0.021060284227132797,0.012536644004285336,0.00866465549916029,0.05426093563437462,0.03091415762901306,0.02893589809536934,0.04703280329704285,0.022942962124943733,0.009245137684047222,0.008769387379288673,0.006919765379279852,0.008936112746596336,0.013124991208314896,0.022455014288425446,0.036283597350120544,0.011046580038964748,0.02060702070593834,0.029485587030649185,0.020563656464219093,0.010014528408646584,0.014533835463225842,0.018248915672302246,0.014135114848613739,0.020846771076321602,0.02529318444430828,0.01288553886115551,0.029608935117721558,0.01886301301419735,0.018676728010177612,0.016298305243253708,0.024498216807842255,0.02127511240541935,0.011007648892700672,0.028220131993293762,0.013215289451181889
unknown,仮 葬,62.56599,63.26552,0.62854004,,0.02129022218286991,0.013689384795725346,0.008821209892630577,0.0408385768532753,0.014509470202028751,0.03293173387646675,0.014811118133366108,0.07365746796131134,0.07931763678789139,0.18931357562541962,0.03506992757320404,0.019779574126005173,0.18163615465164185,0.005805795546621084,0.012788025662302971,0.026102952659130096,0.024468250572681427,0.03912083059549332,0.014119979925453663,0.045763712376356125,0.07087434083223343,0.016401659697294235,0.01834891177713871,0.006680547725409269,0.013630981557071209,0.007857216522097588,0.036219172179698944,0.030304430052638054,0.023948458954691887,0.014621544629335403,0.048438139259815216,0.049404326826334,0.020397068932652473,0.01569577120244503,0.03056957758963108,0.006242609117180109,0.02719171904027462,0.02719741128385067,0.034881189465522766,0.037791889160871506,0.02430790103971958,0.0817568451166153,0.015687668696045876,0.033081259578466415,0.020402591675519943,0.007683832664042711,0.04920213297009468,0.007241100538522005
unknown,怒 る,69.33186,69.991745,0.69641113,,0.006214797031134367,0.004605174530297518,0.009014667943120003,0.03743382543325424,0.05538428947329521,0.040725164115428925,0.024359196424484253,0.04698195308446884,0.015859384089708328,0.08849449455738068,0.03413403034210205,0.017562204971909523,0.09974880516529083,0.017461765557527542,0.008230678737163544,0.007164436858147383,0.04370860755443573,0.02145363762974739,0.03152992203831673,0.07385070621967316,0.07908671349287033,0.0066342949867248535,0.019156167283654213,0.01405207347124815,0.008576881140470505,0.006119975820183754,0.02871781215071678,0.04667124152183533,0.019893819466233253,0.02989725023508072,0.0795917958021164,0.01628219708800316,0.004251815378665924,0.006693819537758827,0.01685650646686554,0.007072709035128355,0.047898951917886734,0.012323557399213314,0.0043512750416994095,0.024281201884150505,0.01258858572691679,0.010019592940807343,0.01837446168065071,0.08212894201278687,0.045004766434431076,0.01701973006129265,0.012945380061864853,0.008119056932628155
unknown,黒,75.4873,75.9873,0.41235352,,0.011906707659363747,0.008328938856720924,0.010433041490614414,0.04465649276971817,0.13143214583396912,0.03449089080095291,0.015608766116201878,0.06252599507570267,0.05665535479784012,0.09281233698129654,0.036315370351076126,0.014703422784805298,0.06481078267097473,0.054909847676754,0.020483048632740974,0.006119993515312672,0.05395784229040146,0.061995282769203186,0.06634018570184708,0.08589540421962738,0.06922806799411774,0.008973284624516964,0.03724627196788788,0.012499995529651642,0.007323445752263069,0.027450818568468094,0.020007232204079628,0.04108857735991478,0.033895231783390045,0.02816806361079216,0.03901892155408859,0.023616086691617966,0.013377326540648937,0.007464100606739521,0.039724547415971756,0.010387814603745937,0.039522599428892136,0.06265103816986084,0.020458323881030083,0.04348444566130638,0.02290186658501625,0.05883825570344925,0.04010365530848503,0.03570415824651718,0.011373321525752544,0.01924537681043148,0.05237346887588501,0.010503397323191166
unknown,原 点,83.212776,84.03228,0.9941406,,0.00805592630058527,0.005858171731233597,0.0072095394134521484,0.024226780980825424,0.2526925206184387,0.029044626280665398,0.018733732402324677,0.015758147463202477,0.03770555555820465,0.11349143832921982,0.10625741630792618,0.024425817653536797,0.03576850891113281,0.05823933333158493,0.018199840560555458,0.010920672677457333,0.10921734571456909,0.040223706513643265,0.038840074092149734,0.0616954080760479,0.030400555580854416,0.012849426828324795,0.004859174136072397,0.00771538820117712,0.015224522911012173,0.00869116373360157,0.03231256827712059,0.06941444426774979,0.004699121695011854,0.046307049691677094,0.05508919432759285,0.016128074377775192,0.007807167712599039,0.006827609613537788,0.02169087715446949,0.006309515796601772,0.031068990007042885,0.022709596902132034,0.017941074445843697,0.015045330859720707,0.013819223269820213,0.03223014250397682,0.006511357147246599,0.056344613432884216,0.013754733838140965,0.007759664673358202,0.05095141381025314,0.012838862836360931
unknown,聴,85.808716,86.308716,0.40454102,,0.01191050186753273,0.009136936627328396,0.012133498676121235,0.20823901891708374,0.046224843710660934,0.06226838380098343,0.021455464884638786,0.08453387022018433,0.01644202135503292,0.06412907689809799,0.01497693918645382,0.010280294343829155,0.07905781269073486,0.014501710422337055,0.020150335505604744,0.008127452805638313,0.04741685837507248,0.022699255496263504,0.025910520926117897,0.1312447041273117,0.03998994454741478,0.030887819826602936,0.016116060316562653,0.01324678584933281,0.011305781081318855,0.00986141711473465,0.13078206777572632,0.06467989087104797,0.015191454440355301,0.05455326661467552,0.04620438814163208,0.07795456051826477,0.008079154416918755,0.008942082524299622,0.031034497544169426,0.015069324523210526,0.028699344024062157,0.031836364418268204,0.007164923008531332,0.02448025718331337,0.031280893832445145,0.027497079223394394,0.021166445687413216,0.08973278850317001,0.04305234178900719,0.01024879515171051,0.029986662790179253,0.02113603614270687
unknown,ペ ン キ,93.295,94.075,0.9765625,,0.11252668499946594,0.053522802889347076,0.06683052331209183,0.05796629935503006,0.011129500344395638,0.005390126258134842,0.027472052723169327,0.041018806397914886,0.14828509092330933,0.25910940766334534,0.008521666750311852,0.009586774744093418,0.02384984865784645,0.015525753609836102,0.27335724234580994,0.007876334711909294,0.013440181501209736,0.015351315028965473,0.008588071912527084,0.008492122404277325,0.03176674246788025,0.014093028381466866,0.011910670436918736,0.00421957578510046,0.014880750328302383,0.01509785559028387,0.01931755617260933,0.0038991430774331093,0.006278285291045904,0.002465167548507452,0.05665243789553642,0.1015385165810585,0.05691579729318619,0.008714149706065655,0.005928240716457367,0.03716083988547325,0.010870823636651039,0.31259459257125854,0.011471464298665524,0.011720391921699047,0.25799980759620667,0.01179999765008688,0.00983178149908781,0.008487875573337078,0.04409836605191231,0.007964522577822208,0.0347185842692852,0.05270043760538101
unknown,注 意 す る,100.975,101.954994,0.9251709,,0.04078010097146034,0.01969120092689991,0.012008058838546276,0.03048776648938656,0.04611002653837204,0.06355836987495422,0.01749657653272152,0.0405970960855484,0.07772036641836166,0.2430843710899353,0.05896371230483055,0.026058707386255264,0.050352226942777634,0.03283468633890152,0.025634203106164932,0.016902580857276917,0.06344804912805557,0.03924083337187767,0.02767171338200569,0.04961660876870155,0.049440670758485794,0.018549872562289238,0.015156581066548824,0.018967872485518456,0.0194501094520092,0.01880759373307228,0.030045263469219208,0.05179666727781296,0.017425430938601494,0.017585955560207367,0.07109583169221878,0.037636470049619675,0.017409974709153175,0.009231595322489738,0.0208809245377779,0.01768733374774456,0.01975368522107601,0.035013362765312195,0.022957105189561844,0.05004528537392616,0.02491367980837822,0.0456048846244812,0.02166127599775791,0.02015986666083336,0.017302749678492546,0.02627614140510559,0.05259174108505249,0.015007643029093742
unknown,家 族,104.575,105.235,0.67626953,,0.009708345867693424,0.007277428172528744,0.0057307961396873,0.030477574095129967,0.08721412718296051,0.031780507415533066,0.008527175523340702,0.026799095794558525,0.058303870260715485,0.16041675209999084,0.08705435693264008,0.015381011180579662,0.05371372029185295,0.03212287649512291,0.013414432294666767,0.011768357828259468,0.09345568716526031,0.04786290228366852,0.027007676661014557,0.05827910825610161,0.040883418172597885,0.009280644357204437,0.007598146330565214,0.010637282393872738,0.010916175320744514,0.007610127329826355,0.03865285962820053,0.03117780201137066,0.009425343945622444,0.01943780481815338,0.04307308793067932,0.022993814200162888,0.007586295250803232,0.007563426159322262,0.021214814856648445,0.00992518663406372,0.022324787452816963,0.025906147435307503,0.010917950421571732,0.022881198674440384,0.022912446409463882,0.018206022679805756,0.00841615442186594,0.03160917013883591,0.012101965956389904,0.01601976528763771,0.0451667420566082,0.010633992031216621
unknown,青 い,109.91,110.69,0.98706055,,0.007611369248479605,0.007469266187399626,0.009500842541456223,0.037359245121479034,0.050243228673934937,0.047409895807504654,0.01952749490737915,0.05958283692598343,0.03334846347570419,0.11813762784004211,0.03662063181400299,0.008350051008164883,0.07238971441984177,0.016115853562951088,0.01569792628288269,0.008397281169891357,0.06353700160980225,0.018329782411456108,0.030969757586717606,0.0470731221139431,0.023661721497774124,0.017782820388674736,0.013181989081203938,0.007116768509149551,0.012543072924017906,0.00618911674246192,0.062459930777549744,0.03529924154281616,0.010282681323587894,0.02069738879799843,0.06118442118167877,0.03913166746497154,0.006747675593942404,0.009600438177585602,0.019037924706935883,0.008866742253303528,0.01840200647711754,0.04350172355771065,0.009428383782505989,0.011814108118414879,0.028354525566101074,0.028564535081386566,0.007978188805282116,0.04323575273156166,0.022889798507094383,0.009386377409100533,0.0214222464710474,0.014848979189991951
unknown,塗 り 絵,118.03,118.770004,0.81559247,,0.0164792537689209,0.00943511351943016,0.009538881480693817,0.03023175150156021,0.01845576800405979,0.027148308232426643,0.026210861280560493,0.047182515263557434,0.011094581335783005,0.12368530035018921,0.045833833515644073,0.03580402210354805,0.11517161875963211,0.01627836376428604,0.014049720019102097,0.007738888263702393,0.05759209021925926,0.025515569373965263,0.016776107251644135,0.051590628921985626,0.10822504758834839,0.006775812711566687,0.011668822728097439,0.0070826527662575245,0.012908175587654114,0.016625337302684784,0.035153310745954514,0.03640120103955269,0.009333041496574879,0.01999828591942787,0.08790422976016998,0.017270561307668686,0.007257625460624695,0.006873865146189928,0.007872478105127811,0.012429248541593552,0.031630147248506546,0.016911756247282028,0.00958157517015934,0.01440739817917347,0.014917483553290367,0.010798624716699123,0.010885870084166527,0.048605311661958694,0.04446517676115036,0.01780921220779419,0.014988141134381294,0.008777447044849396
unknown,悲 し み,123.044205,123.863976,0.99316406,,0.03886750712990761,0.020987417548894882,0.010002629831433296,0.018293319270014763,0.005133701954036951,0.014933680184185505,0.04565272852778435,0.035014402121305466,0.04993210732936859,0.10465434193611145,0.008902519010007381,0.06049691140651703,0.10431986302137375,0.005714420694857836,0.016210539266467094,0.01117677055299282,0.012873437255620956,0.030780557543039322,0.002523556351661682,0.01699945516884327,0.051982536911964417,0.01255496870726347,0.01162070780992508,0.0031533711589872837,0.017657984048128128,0.006580981891602278,0.034945838153362274,0.013084673322737217,0.005232174415141344,0.006200477015227079,0.05220668762922287,0.06258617341518402,0.014535467140376568,0.058965299278497696,0.00548318587243557,0.009948302060365677,0.04796726629137993,0.04460674524307251,0.03929883614182472,0.016848476603627205,0.01590212807059288,0.025117790326476097,0.007057616487145424,0.03115454688668251,0.025672689080238342,0.004964547231793404,0.012744304724037647,0.0017451512394472957
unknown,部 ア,127.60102,128.22093,0.7036133,,0.010845815762877464,0.006547210272401571,0.00791624840348959,0.033430296927690506,0.03657569736242294,0.05387711152434349,0.023957138881087303,0.05415348708629608,0.07965544611215591,0.16396768391132355,0.05272163078188896,0.019726768136024475,0.06843018531799316,0.019793692976236343,0.05240627005696297,0.0047000618651509285,0.06970196217298508,0.04201647639274597,0.019974390044808388,0.05781390890479088,0.0453350767493248,0.010813813656568527,0.02130909264087677,0.009705918841063976,0.014467607252299786,0.016282349824905396,0.033061858266592026,0.038619186729192734,0.012683490291237831,0.01940036192536354,0.05071353539824486,0.022223617881536484,0.005893577355891466,0.014717506244778633,0.01921837590634823,0.012573352083563805,0.04549126699566841,0.07765258103609085,0.011996950022876263,0.03671218082308769,0.03486285358667374,0.020430630072951317,0.014876588247716427,0.044254522770643234,0.0383666567504406,0.011607818305492401,0.04060974344611168,0.01694026216864586
unknown,辛 い,134.11647,134.89627,0.9133301,,0.008674132637679577,0.004675337113440037,0.007610008120536804,0.022311994805932045,0.10042063891887665,0.04437743127346039,0.011225726455450058,0.052235089242458344,0.05315462872385979,0.22566291689872742,0.09453275799751282,0.021922359243035316,0.09583277255296707,0.03354746103286743,0.017237715423107147,0.010716268792748451,0.07560548931360245,0.046619243919849396,0.037075988948345184,0.08581197261810303,0.0685773566365242,0.00760091096162796,0.010497852228581905,0.015550189651548862,0.00965701974928379,0.019534368067979813,0.01848159171640873,0.05481532961130142,0.016442744061350822,0.025675129145383835,0.028452903032302856,0.012660693377256393,0.003984854556620121,0.010146832093596458,0.035173192620277405,0.007192689459770918,0.032364729791879654,0.047839950770139694,0.01143366377800703,0.03232017904520035,0.016621267423033714,0.02687430940568447,0.01450706273317337,0.03544224053621292,0.011585972271859646,0.012239298783242702,0.06232678145170212,0.007304094266146421
unknown,大 き な 家,143.01,144.11,0.99438477,,0.02598997950553894,0.021355127915740013,0.011812151409685612,0.02043689228594303,0.06822186708450317,0.02537662349641323,0.02542785368859768,0.05114959180355072,0.02277832292020321,0.17113131284713745,0.06024540588259697,0.02338438667356968,0.1193384975194931,0.03246768191456795,0.01905710995197296,0.0073467581532895565,0.11640049517154694,0.04469800740480423,0.016673695296049118,0.036454953253269196,0.08133289217948914,0.014721855521202087,0.01075406651943922,0.0069131990894675255,0.01161288470029831,0.020932814106345177,0.08965641260147095,0.0118991294875741,0.0057197134010493755,0.007887355983257294,0.1170649453997612,0.055786263197660446,0.015358993783593178,0.015838833525776863,0.006545256357640028,0.015069260261952877,0.01993732713162899,0.02315622940659523,0.013600489124655724,0.011623862199485302,0.019071899354457855,0.015132386237382889,0.00862022303044796,0.05944209173321724,0.03598558530211449,0.019326388835906982,0.017059531062841415,0.009196012280881405
unknown,勉 強,149.01,149.79,0.9042969,,0.05101114138960838,0.022211112082004547,0.027114838361740112,0.025725843384861946,0.023940082639455795,0.007910730317234993,0.016875823959708214,0.017955729737877846,0.19039136171340942,0.3952602744102478,0.04786602780222893,0.009697753936052322,0.019901493564248085,0.013686180114746094,0.10249998420476913,0.012629667297005653,0.0516182966530323,0.02056618593633175,0.007934177294373512,0.011237953789532185,0.021597158163785934,0.0129812341183424,0.009199625812470913,0.004718903452157974,0.01726176030933857,0.009424411691725254,0.02377321757376194,0.014671809040009975,0.008201796561479568,0.007308055646717548,0.050578925758600235,0.05850352719426155,0.02474471740424633,0.010076111182570457,0.012415599077939987,0.03481760248541832,0.014945950359106064,0.1867101788520813,0.015126343816518784,0.014755357056856155,0.13083697855472565,0.026444587856531143,0.007804004475474358,0.010173365473747253,0.021938590332865715,0.009167748503386974,0.07640451937913895,0.034503452479839325
unknown,キ,151.37,151.87,0.6035156,,0.015283692628145218,0.007879030890762806,0.012043132446706295,0.06386677920818329,0.023161647841334343,0.021587032824754715,0.03375657647848129,0.03799813985824585,0.027137072756886482,0.10669270902872086,0.0708879828453064,0.025518162176012993,0.09324777871370316,0.01073605939745903,0.034921277314424515,0.009751340374350548,0.0649544969201088,0.019872548058629036,0.011437512934207916,0.04276950657367706,0.06375636905431747,0.013845047913491726,0.007509779650717974,0.005374011117964983,0.01828846149146557,0.009602339938282967,0.06200992316007614,0.028465209528803825,0.007857859134674072,0.011433279141783714,0.0975058451294899,0.03209618851542473,0.007327720522880554,0.020608384162187576,0.013807198964059353,0.022084364667534828,0.06488389521837234,0.03583556041121483,0.011178798973560333,0.013441651128232479,0.03821631520986557,0.018216608092188835,0.008142223581671715,0.05481615290045738,0.06774865835905075,0.0033021634444594383,0.026200249791145325,0.02588924951851368
unknown,唇 見 る,159.25386,160.03342,0.68603516,,0.02913869544863701,0.02384117804467678,0.024948522448539734,0.052742380648851395,0.019151678308844566,0.04115835577249527,0.03226758912205696,0.050149425864219666,0.04439401999115944,0.3511551022529602,0.05337498337030411,0.04742457717657089,0.06454861909151077,0.01158100925385952,0.0468500554561615,0.016791116446256638,0.045970991253852844,0.009424515068531036,0.013134339824318886,0.03886619582772255,0.07945138216018677,0.02501504495739937,0.01989586651325226,0.004569067154079676,0.02150566130876541,0.0045340536162257195,0.05097700282931328,0.04530995339155197,0.016315212473273277,0.0253366120159626,0.09758204966783524,0.05856062471866608,0.028061041608452797,0.016091346740722656,0.012116997502744198,0.03236415237188339,0.0355137474834919,0.029469287022948265,0.015323447994887829,0.009816352277994156,0.0464341938495636,0.033662378787994385,0.022011680528521538,0.030767101794481277,0.032065682113170624,0.0075057148933410645,0.0310434028506279,0.011344674043357372
unknown,食 事,167.29512,168.11449,0.9970703,,0.010231352411210537,0.006857362110167742,0.007237256038933992,0.07117728143930435,0.045939117670059204,0.059131767600774765,0.016746729612350464,0.05051964148879051,0.02618952840566635,0.1110902726650238,0.0725904181599617,0.0169657152146101,0.07203986495733261,0.0149229159578681,0.016355030238628387,0.010620112530887127,0.08802806586027145,0.016434790566563606,0.018308773636817932,0.060436226427555084,0.06474458426237106,0.0186329148709774,0.016827775165438652,0.008358176797628403,0.009259888902306557,0.009383367374539375,0.0748077780008316,0.09012741595506668,0.020214460790157318,0.03602686524391174,0.06762070208787918,0.039311252534389496,0.006323805544525385,0.016386758536100388,0.0201012771576643,0.018308641389012337,0.020045770332217216,0.02747400291264057,0.008312487974762917,0.0294856745749712,0.022905971854925156,0.012918122112751007,0.016040069982409477,0.04021647945046425,0.03983090817928314,0.012325070798397064,0.01814289204776287,0.013810879550874233
unknown,治 ら な い,172.32497,173.304,0.98339844,,0.003679500427097082,0.0020862023811787367,0.0037784746382385492,0.010342107154428959,0.08088155090808868,0.1413028985261917,0.011443136259913445,0.08305854350328445,0.06446573883295059,0.1444588452577591,0.043311312794685364,0.02667466551065445,0.26204439997673035,0.025453023612499237,0.006455917842686176,0.008829249069094658,0.046272315084934235,0.07347272336483002,0.0194688830524683,0.16464737057685852,0.1143382266163826,0.005460710730403662,0.04156200587749481,0.010013132356107235,0.008339675143361092,0.012069851160049438,0.01944422535598278,0.0903308317065239,0.04269974306225777,0.04846891388297081,0.02359692193567753,0.004714932758361101,0.0028161448426544666,0.01236693374812603,0.03163521736860275,0.004729539155960083,0.042403463274240494,0.019163532182574272,0.009916932322084904,0.059978265315294266,0.006297264248132706,0.012860080227255821,0.051583558320999146,0.06920162588357925,0.011311991140246391,0.007574786897748709,0.06211114302277565,0.0045306868851184845
unknown,の を 入 れ る,177.31488,178.254,0.84345704,,0.016148656606674194,0.0207095704972744,0.013446721248328686,0.011356587521731853,0.06829452514648438,0.03453357145190239,0.014606957323849201,0.02433198317885399,0.18589720129966736,0.434844970703125,0.06835393607616425,0.03280927240848541,0.02796400897204876,0.01525377668440342,0.019636936485767365,0.01685606688261032,0.04104260355234146,0.012324819341301918,0.028828203678131104,0.09527982771396637,0.010957084596157074,0.015334184281527996,0.010861651040613651,0.010690296068787575,0.02503233216702938,0.004207691177725792,0.016716456040740013,0.04273268207907677,0.011703921481966972,0.03976248949766159,0.0440596267580986,0.02145962230861187,0.022753441706299782,0.02069327048957348,0.02723337523639202,0.005528215318918228,0.009944912046194077,0.017794663086533546,0.017484337091445923,0.061205167323350906,0.014144409447908401,0.06941404193639755,0.017219437286257744,0.014346945099532604,0.006993667222559452,0.011379532516002655,0.12819626927375793,0.0031717834062874317
unknown,罪,184.75269,185.25269,0.9873047,,0.017191946506500244,0.010571382008492947,0.01034399401396513,0.05379162356257439,0.11682257801294327,0.044403865933418274,0.014726413413882256,0.06744114309549332,0.049206361174583435,0.14993500709533691,0.10569342970848083,0.016099248081445694,0.049256954342126846,0.04279714822769165,0.07190856337547302,0.02111141011118889,0.23823833465576172,0.03316439315676689,0.02812427282333374,0.05583782121539116,0.03920545056462288,0.021963942795991898,0.015600564889609814,0.003068420570343733,0.017332691699266434,0.014203362166881561,0.05716888979077339,0.027299940586090088,0.014267195016145706,0.00680413655936718,0.1070263460278511,0.04892439395189285,0.013901522383093834,0.009440825320780277,0.01389114186167717,0.0708085149526596,0.017051292583346367,0.03500467911362648,0.01302147563546896,0.0196865051984787,0.05025339871644974,0.018109526485204697,0.014896133914589882,0.022589949890971184,0.02389935962855816,0.0035750537645071745,0.034413933753967285,0.042600344866514206
unknown,キ 麗,188.70299,189.4025,0.79541016,,0.09284280240535736,0.06723183393478394,0.06847021728754044,0.03950199857354164,0.01095177698880434,0.024230847135186195,0.12123691290616989,0.02340262569487095,0.054982323199510574,0.20257176458835602,0.019264154136180878,0.019607141613960266,0.029264751821756363,0.006837786175310612,0.07091429084539413,0.0509304516017437,0.052665356546640396,0.014248003251850605,0.018949227407574654,0.026473628357052803,0.02946285717189312,0.03765144944190979,0.012332203797996044,0.00845444668084383,0.04962504655122757,0.022316589951515198,0.05824686586856842,0.02326052077114582,0.01541700679808855,0.013195119798183441,0.07011256366968155,0.07247227430343628,0.066188283264637,0.014461992308497429,0.013357631862163544,0.027370784431695938,0.0214607622474432,0.07133406400680542,0.051743727177381516,0.01751456968486309,0.047893255949020386,0.10818897932767868,0.012600657530128956,0.013686059042811394,0.02822183072566986,0.007747610565274954,0.06265468150377274,0.014546175487339497
unknown,触 る,196.05984,196.87906,0.9929199,,0.0060185156762599945,0.004307319410145283,0.006214413791894913,0.019369428977370262,0.011781790293753147,0.05951526015996933,0.02456917054951191,0.04364759474992752,0.040847696363925934,0.28169915080070496,0.09177239239215851,0.0314527228474617,0.16989819705486298,0.009289617650210857,0.013517730869352818,0.016433516517281532,0.04610408470034599,0.013427184894680977,0.012223323807120323,0.04974879324436188,0.13425147533416748,0.013615800067782402,0.00923680979758501,0.009272491559386253,0.02074296958744526,0.0031091810669749975,0.032369423657655716,0.12031519412994385,0.017884477972984314,0.036751653999090195,0.10020831972360611,0.014587655663490295,0.006612418219447136,0.006129019893705845,0.012181779369711876,0.00559720816090703,0.020683448761701584,0.019672855734825134,0.01968645304441452,0.01662169210612774,0.012457753531634808,0.045150697231292725,0.017384719103574753,0.026432229205965996,0.017157569527626038,0.01719595119357109,0.04481765255331993,0.004230037331581116
unknown,姉 妹,202.28441,202.98392,0.7836914,,0.005151254590600729,0.003803140250965953,0.002613580087199807,0.010655554942786694,0.13374637067317963,0.09404776245355606,0.0075178141705691814,0.03877462074160576,0.017199726775288582,0.09812084585428238,0.034930337220430374,0.02341451868414879,0.09963399171829224,0.0540291927754879,0.00451368372887373,0.007610737346112728,0.026825496926903725,0.08044526726007462,0.06381143629550934,0.13821196556091309,0.11666339635848999,0.0034828491043299437,0.019164083525538445,0.01534669753164053,0.004834188614040613,0.009941923432052135,0.007457347586750984,0.08681872487068176,0.02201148308813572,0.05461784452199936,0.014555657282471657,0.005861065350472927,0.002921595238149166,0.008253250271081924,0.02309076301753521,0.005089672282338142,0.03741618990898132,0.009547329507768154,0.0055422717705369,0.07173402607440948,0.00517217256128788,0.018105752766132355,0.047564055770635605,0.060567110776901245,0.005552075803279877,0.016447016969323158,0.019202029332518578,0.004781430587172508
unknown,空 気,206.05338,206.83315,0.9892578,,0.02506142109632492,0.02877187915146351,0.02664010226726532,0.21967852115631104,0.0020148842595517635,0.0008189225918613374,0.036575883626937866,0.00937112420797348,0.06726493686437607,0.10450506210327148,0.03043082170188427,0.008215799927711487,0.004367444198578596,0.002484884113073349,0.06925812363624573,0.03949689120054245,0.052972450852394104,0.001235313480719924,0.003370997030287981,0.001787216984666884,0.0023076096549630165,0.09171139448881149,0.000977487419731915,0.0007367265643551946,0.02973990887403488,0.0014733315911144018,0.3567432761192322,0.0011006068671122193,0.00040409949724562466,0.002002117922529578,0.14294341206550598,0.3001587390899658,0.022222334519028664,0.0024045309983193874,0.0009713098406791687,0.05643162876367569,0.008390354923903942,0.00775616941973567,0.005031934008002281,0.0009405057062394917,0.15155425667762756,0.02957739681005478,0.0007823678315617144,0.0034247501753270626,0.044196732342243195,0.001319610746577382,0.010098660364747047,0.059336692094802856
unknown,古 い,213.60715,214.34695,0.9975586,,0.01724381372332573,0.021302005276083946,0.016174571588635445,0.1458660513162613,0.02825094759464264,0.0676049068570137,0.06659770011901855,0.07064022123813629,0.01739558018743992,0.0381503626704216,0.012601654045283794,0.009417428635060787,0.13881497085094452,0.006710777524858713,0.0372605100274086,0.012029114179313183,0.0224873349070549,0.014358594082295895,0.01928165927529335,0.10046401619911194,0.022652756422758102,0.038469672203063965,0.018115609884262085,0.01377546600997448,0.02009664848446846,0.00754109350964427,0.1086261197924614,0.07643603533506393,0.01424691267311573,0.03921780735254288,0.06594336777925491,0.10037045180797577,0.019147736951708794,0.005982534494251013,0.04784717038273811,0.01361505500972271,0.03608094900846481,0.08203638345003128,0.016535300761461258,0.029094595462083817,0.031951140612363815,0.039702482521533966,0.015156268142163754,0.06517438590526581,0.11247799545526505,0.008421259000897408,0.021033504977822304,0.02835371159017086
unknown,コ ン ビ ニ,221.61264,222.47214,0.9205322,,0.026365526020526886,0.015394940972328186,0.016435544937849045,0.060731686651706696,0.01778249256312847,0.015111030079424381,0.03437323123216629,0.03396729379892349,0.07434976100921631,0.24190184473991394,0.09928416460752487,0.02891501784324646,0.07480780780315399,0.009637519717216492,0.04604298993945122,0.03679591789841652,0.09413490444421768,0.00836961530148983,0.009305838495492935,0.022081689909100533,0.026249682530760765,0.010379324667155743,0.006027365569025278,0.005115924868732691,0.028720278292894363,0.01751907728612423,0.02942955307662487,0.021045386791229248,0.0069527835585176945,0.010638751089572906,0.10283683240413666,0.04424910619854927,0.01557318214327097,0.019872423261404037,0.00821317732334137,0.037115029990673065,0.02153054066002369,0.01968277245759964,0.02006836235523224,0.016030138358473778,0.048648934811353683,0.026079300791025162,0.007489368785172701,0.024975091218948364,0.028098037466406822,0.005731690209358931,0.02123558521270752,0.022960234433412552
unknown,軽 別,225.00798,225.7077,0.4468994,,0.02092667669057846,0.010841142386198044,0.009705545380711555,0.038065169006586075,0.042328376322984695,0.042212869971990585,0.02467094361782074,0.06465836614370346,0.07117476314306259,0.17431722581386566,0.07695288211107254,0.020162595435976982,0.04177679866552353,0.03162158280611038,0.026140177622437477,0.015900902450084686,0.10684783011674881,0.04154488071799278,0.03383420780301094,0.0793207511305809,0.0457436740398407,0.015140078961849213,0.02558302693068981,0.01783735118806362,0.02755281887948513,0.01995832845568657,0.04422195255756378,0.07518922537565231,0.031730230897665024,0.0503971129655838,0.06542284786701202,0.021022120490670204,0.00918981060385704,0.014707572758197784,0.01602960377931595,0.01893283613026142,0.0357464961707592,0.042098499834537506,0.019782166928052902,0.030092431232333183,0.03109457716345787,0.04275292158126831,0.027240488678216934,0.050643615424633026,0.02614162117242813,0.020974893122911453,0.04084395244717598,0.017940126359462738
unknown,な ん か,231.1348,231.79468,0.77441406,,0.0045456853695213795,0.0039579295553267,0.003763912245631218,0.03418795019388199,0.01638225093483925,0.018456382676959038,0.014641146175563335,0.04077490046620369,0.014846064150333405,0.083266481757164,0.07729283720254898,0.03940534219145775,0.40871015191078186,0.010429172776639462,0.01109284907579422,0.0058195642195641994,0.046272315084934235,0.024708084762096405,0.007170776836574078,0.02257022261619568,0.27271538972854614,0.005364119540899992,0.016513578593730927,0.0035225041210651398,0.004127692896872759,0.012550344690680504,0.02721831202507019,0.0076852962374687195,0.006909921299666166,0.005330878309905529,0.10545941442251205,0.0088469497859478,0.007815511897206306,0.013514748774468899,0.004572860896587372,0.01882058195769787,0.04447035863995552,0.011878849007189274,0.006985565647482872,0.012212954461574554,0.011927640065550804,0.008916381746530533,0.009243391454219818,0.1048927903175354,0.02692202292382717,0.012369542382657528,0.009842747822403908,0.010203166864812374
unknown,お 金,235.33182,235.95172,0.7055664,,0.011171776801347733,0.007819929160177708,0.010893710888922215,0.07681277394294739,0.039446551352739334,0.027030251920223236,0.019712775945663452,0.03736039623618126,0.02643866278231144,0.11728695034980774,0.08568818122148514,0.022819848731160164,0.04986124858260155,0.015491222031414509,0.025946076959371567,0.010570937767624855,0.17918451130390167,0.015713172033429146,0.011411589570343494,0.04291814565658569,0.04089502990245819,0.018605541437864304,0.010560112074017525,0.004480151459574699,0.014033159241080284,0.014603006653487682,0.0905318483710289,0.03689510002732277,0.012542487122118473,0.010178177617490292,0.07172674685716629,0.04309569671750069,0.012102760374546051,0.01238673459738493,0.013888619840145111,0.028719842433929443,0.023624487221240997,0.03462832793593407,0.010479053482413292,0.013188309036195278,0.03247368708252907,0.014843910001218319,0.009269285015761852,0.02641967311501503,0.033829156309366226,0.008627332746982574,0.0182085782289505,0.036321092396974564
unknown,座 て,244.04562,244.78545,0.41711426,,0.024999015033245087,0.0150032052770257,0.023985033854842186,0.05012793838977814,0.016043690964579582,0.04003613069653511,0.04690971598029137,0.02952479012310505,0.053312599658966064,0.28735804557800293,0.09039311110973358,0.05543121322989464,0.08085307478904724,0.012486390769481659,0.06967096775770187,0.018851540982723236,0.12546487152576447,0.02646281011402607,0.013364151120185852,0.05039278417825699,0.03985434025526047,0.03414306789636612,0.0074902852065861225,0.02197408676147461,0.03185601159930229,0.015380004420876503,0.06479325145483017,0.038301531225442886,0.021047215908765793,0.022586015984416008,0.16231046617031097,0.04846968501806259,0.017280125990509987,0.020827585831284523,0.019784091040492058,0.0326584093272686,0.07205650955438614,0.10127625614404678,0.02301700785756111,0.030162882059812546,0.07070570439100266,0.03452632203698158,0.013436490669846535,0.04522448405623436,0.05544256418943405,0.04336678236722946,0.03842214122414589,0.03843206167221069
unknown,い や ホ,247.93608,248.71573,0.69921875,,0.019346419721841812,0.010073967278003693,0.009152829647064209,0.027765069156885147,0.09400568902492523,0.021577918902039528,0.01457189116626978,0.03244972601532936,0.07346615940332413,0.16411514580249786,0.07461635768413544,0.016360942274332047,0.0336260050535202,0.02841074764728546,0.03199130669236183,0.014245321974158287,0.1297752857208252,0.03661520779132843,0.040067121386528015,0.03565297648310661,0.02072594128549099,0.011787477880716324,0.011738436296582222,0.012552511878311634,0.012828836217522621,0.028653254732489586,0.04000463709235191,0.021794985979795456,0.006279232446104288,0.012749231420457363,0.044353656470775604,0.027935167774558067,0.0103203309699893,0.025983162224292755,0.021985547617077827,0.029908761382102966,0.025756774470210075,0.04624949023127556,0.017258964478969574,0.026506466791033745,0.04148503392934799,0.0324290469288826,0.010210222564637661,0.022175269201397896,0.016447892412543297,0.024451924487948418,0.04610767588019371,0.03533678129315376
unknown,大 き い,255.3265,256.30588,0.88378906,,0.03181763365864754,0.027354933321475983,0.023429205641150475,0.04403967037796974,0.033779487013816833,0.02160060964524746,0.053177058696746826,0.040594469755887985,0.02210862748324871,0.12195293605327606,0.040759969502687454,0.01849762350320816,0.049217481166124344,0.01133336964994669,0.03262898325920105,0.011590734124183655,0.05297543853521347,0.021432308480143547,0.01488935761153698,0.041785139590501785,0.028421688824892044,0.021533556282520294,0.005833079107105732,0.0074941120110452175,0.0255831778049469,0.017643483355641365,0.08299919962882996,0.01843388006091118,0.0044364300556480885,0.009355888701975346,0.0957428514957428,0.08226843178272247,0.018923688679933548,0.014493287540972233,0.01745624467730522,0.01919865421950817,0.051207996904850006,0.05047283321619034,0.012705470435321331,0.01744905859231949,0.03588085249066353,0.027258623391389847,0.008248880505561829,0.03133602812886238,0.08267903327941895,0.006055264733731747,0.023454386740922928,0.01981418952345848
unknown,温 泉,260.535,261.355,0.9987793,,0.008589125238358974,0.004545917268842459,0.0045730946585536,0.013327401131391525,0.020742546766996384,0.054203469306230545,0.018714239820837975,0.026775840669870377,0.01798400655388832,0.1381497085094452,0.08405184745788574,0.04391179978847504,0.051805295050144196,0.01607508957386017,0.019952772185206413,0.007646344136446714,0.11997615545988083,0.03623765707015991,0.010435705073177814,0.05254598334431648,0.03402995318174362,0.005391669925302267,0.007929040119051933,0.006137259304523468,0.014616182073950768,0.0050721075385808945,0.027072597295045853,0.04221957176923752,0.0076246303506195545,0.01362440176308155,0.06074254587292671,0.0069260019809007645,0.005493580363690853,0.017611980438232422,0.015874965116381645,0.010537289083003998,0.04650263860821724,0.014833526685833931,0.008078552782535553,0.03117239475250244,0.011351840570569038,0.007633171509951353,0.013174450024962425,0.040185682475566864,0.017442768439650536,0.008023758418858051,0.0172392800450325,0.010552443563938141
unknown,プ,263.33502,263.83502,0.25195312,,0.007552553433924913,0.007850082591176033,0.00561815220862627,0.05262594670057297,0.0282514076679945,0.04616011306643486,0.014371075667440891,0.0851234495639801,0.04113113880157471,0.059529565274715424,0.028263356536626816,0.01689588464796543,0.07028372585773468,0.015528164803981781,0.031148113310337067,0.006261770613491535,0.03785806894302368,0.027043508365750313,0.024250078946352005,0.058051932603120804,0.04223187267780304,0.012500929646193981,0.02287839911878109,0.014810353517532349,0.009601367637515068,0.004406162537634373,0.02386007457971573,0.03998861461877823,0.013716356828808784,0.01716325432062149,0.023936772719025612,0.029944494366645813,0.009804418310523033,0.009653380140662193,0.04513652250170708,0.01156575046479702,0.04822695627808571,0.03634575754404068,0.010729977861046791,0.039468321949243546,0.030825210735201836,0.03354818746447563,0.016051441431045532,0.042840175330638885,0.02281646803021431,0.007004741113632917,0.05336323380470276,0.013145439326763153
unknown,と 待,266.095,266.755,0.74194336,,0.025452524423599243,0.019998205825686455,0.014823807403445244,0.03173324093222618,0.04831773415207863,0.0365426205098629,0.01810247078537941,0.0355168953537941,0.08542205393314362,0.18843217194080353,0.060963746160268784,0.02374633401632309,0.022334564477205276,0.018331147730350494,0.05378010496497154,0.05956770479679108,0.1184035986661911,0.03423219919204712,0.01180027425289154,0.0473930686712265,0.020940406247973442,0.02419675514101982,0.013949397020041943,0.010078457184135914,0.027317902073264122,0.017097720876336098,0.056050024926662445,0.027407631278038025,0.019280804321169853,0.018096089363098145,0.05868460237979889,0.03717934340238571,0.022729793563485146,0.012634132988750935,0.01941402442753315,0.027541738003492355,0.019319506362080574,0.041137345135211945,0.029764939099550247,0.03352264687418938,0.0608428493142128,0.05598953366279602,0.02584311179816723,0.018436668440699577,0.019578322768211365,0.012624761089682579,0.11778987944126129,0.03251202404499054
unknown,お 化 け 屋 敷,273.215,274.23502,0.86152345,,0.015589217655360699,0.00774542149156332,0.007393026724457741,0.010149496607482433,0.07520592957735062,0.028167594224214554,0.01444795448333025,0.011612572707235813,0.011797609739005566,0.15495866537094116,0.10085377842187881,0.029128244146704674,0.05847140774130821,0.028038768097758293,0.0123086953535676,0.022809846326708794,0.15186680853366852,0.04749017953872681,0.019400712102651596,0.045684944838285446,0.09929148852825165,0.014618497341871262,0.00840605329722166,0.0040067825466394424,0.010504367761313915,0.013279518112540245,0.10983338952064514,0.019821513444185257,0.00935833528637886,0.008331993594765663,0.10473703593015671,0.031090905889868736,0.005337860900908709,0.020024655386805534,0.015654783695936203,0.010351047851145267,0.022623484954237938,0.018230313435196877,0.005947277881205082,0.014816883020102978,0.017900390550494194,0.008205732330679893,0.012395847588777542,0.025450710207223892,0.017645563930273056,0.006043797824531794,0.024098016321659088,0.010647501796483994
unknown,ベ ッ ト,278.38998,279.16998,0.7573242,,0.01865089125931263,0.009260235354304314,0.01221584901213646,0.039338454604148865,0.09475389868021011,0.020602455362677574,0.026203924790024757,0.04075679928064346,0.05197417736053467,0.15249879658222198,0.08587329089641571,0.01822851039469242,0.040697887539863586,0.03201701119542122,0.029866542667150497,0.008167044259607792,0.14983506500720978,0.032152701169252396,0.03657868504524231,0.04921486973762512,0.03365209326148033,0.013808881863951683,0.015317822806537151,0.007221012841910124,0.01226405706256628,0.013663185760378838,0.056271474808454514,0.037928201258182526,0.015591996721923351,0.019079912453889847,0.05521176755428314,0.024945037439465523,0.008693523705005646,0.011710822582244873,0.01787579245865345,0.029432279989123344,0.03663629665970802,0.039861056953668594,0.010450046509504318,0.021737221628427505,0.03382238745689392,0.02423965558409691,0.015151501633226871,0.036806557327508926,0.027819573879241943,0.013480016030371189,0.03735826537013054,0.03251199424266815
unknown,非,288.27,288.77,0.34765625,,0.0174222681671381,0.015625396743416786,0.01093992404639721,0.05806645750999451,0.0545920729637146,0.052455753087997437,0.03929097205400467,0.038319457322359085,0.021871695294976234,0.08526106923818588,0.06787227839231491,0.014334007166326046,0.05455245077610016,0.026991575956344604,0.02338368259370327,0.008901705965399742,0.10470674932003021,0.013620192185044289,0.023995157331228256,0.051677122712135315,0.026906799525022507,0.0225394144654274,0.011262651532888412,0.007729570381343365,0.023338913917541504,0.012750761583447456,0.049830660223960876,0.07029008865356445,0.009302540682256222,0.03833684325218201,0.058581236749887466,0.022288432344794273,0.012859894894063473,0.017899777740240097,0.01749560609459877,0.02233126387000084,0.0352620966732502,0.036116164177656174,0.024026911705732346,0.01580057665705681,0.033298466354608536,0.03065137192606926,0.010139787569642067,0.04583387449383736,0.03847253695130348,0.011580873280763626,0.01436669286340475,0.021328870207071304
unknown,本 庁,289.94998,290.72998,0.5161133,,0.009759295731782913,0.00600797776132822,0.009519048035144806,0.053678739815950394,0.0661432072520256,0.03722644969820976,0.017563821747899055,0.043998681008815765,0.06606973707675934,0.11606201529502869,0.04520275816321373,0.013014336116611958,0.08281868696212769,0.019064299762248993,0.01580680161714554,0.01172729767858982,0.04734700545668602,0.025011349469423294,0.019201209768652916,0.055328574031591415,0.03336666151881218,0.01546266209334135,0.023533256724476814,0.0073553696274757385,0.00895288959145546,0.0077581326477229595,0.06454437971115112,0.04642351716756821,0.023486698046326637,0.025959081947803497,0.05907787010073662,0.03982861712574959,0.006631175521761179,0.019937634468078613,0.027907464653253555,0.016478676348924637,0.02498640865087509,0.03395890071988106,0.015797147527337074,0.036589596420526505,0.03983834758400917,0.033220209181308746,0.016847947612404823,0.06637943536043167,0.04352870583534241,0.010106201283633709,0.06161672994494438,0.012086845934391022
unknown,海,296.245,296.745,0.99658203,,0.011640837416052818,0.013198494911193848,0.009123275987803936,0.029992887750267982,0.010677793994545937,0.03433294966816902,0.023513315245509148,0.035145338624715805,0.0429508276283741,0.107557013630867,0.031099436804652214,0.03116767294704914,0.05091097578406334,0.004109890665858984,0.010766947641968727,0.023740699514746666,0.04980601742863655,0.011420904658734798,0.007653691340237856,0.04638123884797096,0.023164747282862663,0.015117941424250603,0.008769621141254902,0.004485847894102335,0.03260897845029831,0.0015661170473322272,0.030454793944954872,0.07090338319540024,0.008668816648423672,0.027620134875178337,0.036463357508182526,0.030528265982866287,0.01026087161153555,0.014420482330024242,0.01911994069814682,0.011739707551896572,0.03940124437212944,0.016327902674674988,0.02751053497195244,0.017393697053194046,0.015483387745916843,0.04023154824972153,0.012252379208803177,0.026946119964122772,0.02050870470702648,0.0035088835284113884,0.026162076741456985,0.009676560759544373
unknown,普 通,303.76498,304.465,0.9519043,,0.012333190999925137,0.012759058736264706,0.007079910486936569,0.019506702199578285,0.009231584146618843,0.05670235678553581,0.03800957277417183,0.05395946279168129,0.029174037277698517,0.10166309028863907,0.010463169775903225,0.017677685245871544,0.1949566900730133,0.008002136833965778,0.010392029769718647,0.010424631647765636,0.008536952547729015,0.045062050223350525,0.013469146564602852,0.0897199884057045,0.13671717047691345,0.010028943419456482,0.020171385258436203,0.02097170241177082,0.011441594921052456,0.008958229795098305,0.011102483607828617,0.0976058766245842,0.04676249250769615,0.04819978028535843,0.03679434955120087,0.016836823895573616,0.011404893361032009,0.0069893826730549335,0.04133310168981552,0.0021420465782284737,0.045888449996709824,0.02207324653863907,0.03830960392951965,0.07392306625843048,0.006062638480216265,0.05628182739019394,0.03262564167380333,0.0758826732635498,0.03249107301235199,0.016420215368270874,0.056709300726652145,0.0031452616676688194
unknown,教 会,309.69778,310.51758,0.80126953,,0.007891964167356491,0.0054086665622889996,0.004804993513971567,0.01546082366257906,0.048070311546325684,0.029979417100548744,0.01075303927063942,0.03181144967675209,0.03747546672821045,0.11267739534378052,0.06786435842514038,0.016879159957170486,0.14566633105278015,0.014202707447111607,0.008607198484241962,0.014275714755058289,0.08029738068580627,0.03687658905982971,0.013117891736328602,0.05099634453654289,0.08693542331457138,0.009068965911865234,0.009640914388000965,0.008938729763031006,0.008543158881366253,0.015959713608026505,0.05314432084560394,0.036902107298374176,0.013972447253763676,0.021405134350061417,0.0547085739672184,0.01547174621373415,0.004566308576613665,0.013046659529209137,0.012347946874797344,0.004796959925442934,0.02490411512553692,0.008982505649328232,0.008139949291944504,0.016103221103549004,0.00827049184590578,0.011539640836417675,0.013179203495383263,0.045758429914712906,0.016896869987249374,0.010460376739501953,0.03233344480395317,0.004740420263260603
unknown,冷 た い,314.85443,315.79413,0.9970703,,0.010768603533506393,0.00762983039021492,0.009370733983814716,0.01772220991551876,0.04854625090956688,0.06667973101139069,0.018047986552119255,0.04885062202811241,0.08543390035629272,0.28263241052627563,0.059551648795604706,0.0465758740901947,0.047879356890916824,0.025908682495355606,0.01004377193748951,0.03237667307257652,0.07492956519126892,0.08220542967319489,0.028219230473041534,0.10363167524337769,0.09342370182275772,0.011152449063956738,0.02446841076016426,0.02298876829445362,0.013220592401921749,0.0074189817532896996,0.02286507748067379,0.07401225715875626,0.06431777775287628,0.03556041792035103,0.03080388903617859,0.013266571797430515,0.005944595206528902,0.011334662325680256,0.029673071578145027,0.007649525534361601,0.04210294783115387,0.028304722160100937,0.009133584797382355,0.10381782799959183,0.014741761609911919,0.014971005730330944,0.056835588067770004,0.03235362097620964,0.009145625866949558,0.02376975305378437,0.07342168688774109,0.006692103110253811
unknown,人 生,323.104,323.84384,0.9946289,,0.019747456535696983,0.011350254528224468,0.009601039811968803,0.014744723215699196,0.015859300270676613,0.04561105743050575,0.03666975349187851,0.017318574711680412,0.024421002715826035,0.135679230093956,0.04601422697305679,0.034361980855464935,0.06591486930847168,0.005843554623425007,0.016027173027396202,0.01662357710301876,0.0798502266407013,0.019378455355763435,0.006734231021255255,0.046552278101444244,0.03562279790639877,0.01689622364938259,0.009951956570148468,0.01904156804084778,0.025829199701547623,0.00529575627297163,0.0426480695605278,0.07327448576688766,0.01720382459461689,0.05930032581090927,0.046386249363422394,0.021663730964064598,0.01519768126308918,0.047050364315509796,0.022862358018755913,0.017233559861779213,0.03852514177560806,0.037152763456106186,0.03175567090511322,0.06823303550481796,0.02443091757595539,0.03931057080626488,0.02108784206211567,0.05279114469885826,0.02930467575788498,0.018617400899529457,0.021377256140112877,0.012329048477113247
unknown,旅 た ち,325.86215,326.64194,0.7192383,,0.0217708982527256,0.01028614491224289,0.006643722765147686,0.014381736516952515,0.03974540904164314,0.027334896847605705,0.02581249549984932,0.02238583005964756,0.03729971498250961,0.17946259677410126,0.14818130433559418,0.04331912472844124,0.030945049598813057,0.018156200647354126,0.015864277258515358,0.00886568333953619,0.15678012371063232,0.021527260541915894,0.010586578398942947,0.029267309233546257,0.037889525294303894,0.011244215071201324,0.005327301099896431,0.01139814592897892,0.01709027774631977,0.0075972722843289375,0.03899850696325302,0.028715668246150017,0.00648102629929781,0.0178426131606102,0.08537469059228897,0.020821601152420044,0.010671818628907204,0.029338127002120018,0.006468071602284908,0.01991802453994751,0.037905290722846985,0.017142748460173607,0.01876884140074253,0.020635832101106644,0.017961254343390465,0.018974700942635536,0.007022570818662643,0.028358183801174164,0.01382564939558506,0.020430060103535652,0.01285259798169136,0.011950002051889896
unknown,森,333.73682,334.23682,0.765625,,0.022198613733053207,0.01697302982211113,0.020685872063040733,0.09958872944116592,0.0267495047301054,0.021895233541727066,0.06611088663339615,0.027378633618354797,0.030321568250656128,0.0837031677365303,0.03306279331445694,0.021846991032361984,0.12158740311861038,0.010404299013316631,0.042243532836437225,0.01806500367820263,0.060748059302568436,0.009202892892062664,0.009616715833544731,0.03631943464279175,0.0346512496471405,0.03415124490857124,0.006581752095371485,0.0035923304967582226,0.03129839897155762,0.021138682961463928,0.10910812765359879,0.022122176364064217,0.006482372526079416,0.014731524512171745,0.1736629605293274,0.04404781013727188,0.019128603860735893,0.01321202889084816,0.00867366697639227,0.04759761691093445,0.046344783157110214,0.026434754952788353,0.021731112152338028,0.011606252752244473,0.038750480860471725,0.01990106701850891,0.008626150898635387,0.052898649126291275,0.09618297219276428,0.005919841583818197,0.01718703657388687,0.039022501558065414
unknown,ド 路,339.43002,340.17,0.6833496,,0.012595645152032375,0.007963905110955238,0.009109295904636383,0.06647345423698425,0.14382565021514893,0.03162502497434616,0.01716015301644802,0.028849484398961067,0.0653218924999237,0.13608387112617493,0.08379092067480087,0.009734763763844967,0.05890257656574249,0.03185539320111275,0.027193857356905937,0.008824607357382774,0.1374599039554596,0.02732900157570839,0.027066169306635857,0.057325899600982666,0.02147156372666359,0.016571827232837677,0.011262448504567146,0.007066754624247551,0.014988216571509838,0.011231387965381145,0.05918186157941818,0.045370712876319885,0.013169602490961552,0.026837049052119255,0.06147114187479019,0.03071770817041397,0.009698737412691116,0.008092226460576057,0.02311767265200615,0.03219922259449959,0.02210497297346592,0.02428290992975235,0.009127690456807613,0.022040674462914467,0.03119341842830181,0.022128555923700333,0.014297164976596832,0.036027759313583374,0.021385425701737404,0.008367377333343029,0.03800081089138985,0.039062295109033585
unknown,生,348.35,348.85,0.18139648,,0.014304568991065025,0.006081690546125174,0.008978534489870071,0.04084671288728714,0.03219720348715782,0.015891477465629578,0.017508048564195633,0.05058010295033455,0.032477784901857376,0.10023459047079086,0.04983196780085564,0.024350272491574287,0.09102486073970795,0.019542761147022247,0.045599315315485,0.005943069234490395,0.04190539941191673,0.02064172737300396,0.015359667129814625,0.033187150955200195,0.03747571259737015,0.00962353777140379,0.009201382286846638,0.0034941702615469694,0.007606116123497486,0.005080604925751686,0.049800142645835876,0.01264746394008398,0.008190402761101723,0.006393191870301962,0.04721169173717499,0.035290420055389404,0.006898529827594757,0.02148625999689102,0.01440894789993763,0.016919851303100586,0.02999960072338581,0.03457368537783623,0.007913961075246334,0.02079305797815323,0.04976467043161392,0.015818823128938675,0.00793736893683672,0.024371972307562828,0.020969470962882042,0.005103564355522394,0.018621794879436493,0.014916977845132351
unknown,浜 い,350.23,350.745,0.4020996,,0.01004523690789938,0.009008592925965786,0.006496175192296505,0.014351878315210342,0.07736754417419434,0.0777883380651474,0.02520419843494892,0.05608205124735832,0.02353568747639656,0.09120246022939682,0.015802182257175446,0.018150297924876213,0.14462704956531525,0.01863718591630459,0.007775016129016876,0.028049997985363007,0.017274007201194763,0.034101035445928574,0.046211808919906616,0.12742842733860016,0.013762303628027439,0.005968412384390831,0.037361569702625275,0.010390960611402988,0.008715336211025715,0.010799197480082512,0.012741128914058208,0.03639930114150047,0.01538690086454153,0.035632532089948654,0.022504210472106934,0.007627101149410009,0.009597325697541237,0.010564222931861877,0.041155681014060974,0.0060888552106916904,0.021780414506793022,0.01774083450436592,0.015406610444188118,0.061501361429691315,0.009002153761684895,0.05313131958246231,0.052644629031419754,0.06440159678459167,0.011235514655709267,0.00492843147367239,0.01629634201526642,0.00599297508597374
unknown,悲,357.3166,357.8166,0.89990234,,0.007770325988531113,0.00641396502032876,0.0038702734746038914,0.016005203127861023,0.012968755327165127,0.03252190351486206,0.011768926866352558,0.03935213014483452,0.040182750672101974,0.07912316918373108,0.009110021404922009,0.038267627358436584,0.2014082670211792,0.009288597851991653,0.002956985728815198,0.005427399184554815,0.00705287791788578,0.039869531989097595,0.01502122264355421,0.02968166209757328,0.09726327657699585,0.005613912828266621,0.016955742612481117,0.014429664239287376,0.00684741698205471,0.005606177728623152,0.010266334749758244,0.01586482860147953,0.022671641781926155,0.007657735608518124,0.016556432470679283,0.009800843894481659,0.009344968013465405,0.016393693163990974,0.01993475668132305,0.0014513584319502115,0.06307313591241837,0.020461631938815117,0.029021181166172028,0.05211828649044037,0.002475951099768281,0.06572389602661133,0.0313539132475853,0.025358866900205612,0.010814477689564228,0.012145988643169403,0.019302818924188614,0.0004886054084636271
unknown,猫,362.62982,363.12982,0.9550781,,0.014493882656097412,0.006405843421816826,0.007348878774791956,0.023234646767377853,0.05036570504307747,0.01850278116762638,0.011023995466530323,0.033109400421381,0.06592581421136856,0.16600899398326874,0.08268088102340698,0.02073245868086815,0.039984919130802155,0.02865234576165676,0.03458453342318535,0.008723601698875427,0.10078859329223633,0.03347248584032059,0.02188253402709961,0.044402964413166046,0.032691553235054016,0.006540618371218443,0.011956905946135521,0.007875420153141022,0.012073314748704433,0.00797841977328062,0.030318191275000572,0.022825229912996292,0.010372670367360115,0.008072586730122566,0.057278458029031754,0.018504442647099495,0.005656233057379723,0.022257324308156967,0.01415988802909851,0.023711644113063812,0.030420418828725815,0.03394489735364914,0.007032379042357206,0.01923011988401413,0.03310003876686096,0.00969029776751995,0.009958813898265362,0.031865641474723816,0.021263105794787407,0.009221602231264114,0.025286516174674034,0.014590119943022728
unknown,車,368.6786,369.1786,0.9169922,,0.009643465280532837,0.008043008856475353,0.006838830187916756,0.029075922444462776,0.0598507896065712,0.030884122475981712,0.016077056527137756,0.030079590156674385,0.04937892034649849,0.10448641330003738,0.09143416583538055,0.017224978655576706,0.03377070650458336,0.013668258674442768,0.029689699411392212,0.009310344234108925,0.10155680030584335,0.01655353605747223,0.010831206105649471,0.04692874848842621,0.02439228631556034,0.012437375262379646,0.009729555808007717,0.004545992705971003,0.012721977196633816,0.00515337847173214,0.045240141451358795,0.03453823924064636,0.008611742407083511,0.011982457712292671,0.05018847435712814,0.032791949808597565,0.010495107620954514,0.016194621101021767,0.015519160777330399,0.024030776694417,0.01180369220674038,0.02555014379322529,0.013673434965312481,0.017897598445415497,0.022309815511107445,0.016858551651239395,0.007048615720123053,0.022740932181477547,0.013085335493087769,0.006976450327783823,0.04253627359867096,0.017331399023532867
unknown,光,374.395,374.895,0.9975586,,0.06913623958826065,0.040854230523109436,0.03304470703005791,0.02850835584104061,0.0018090232042595744,0.00788899790495634,0.09130153059959412,0.011660059913992882,0.005788127426058054,0.18154309689998627,0.025831077247858047,0.02767658792436123,0.012774234637618065,0.0010889158584177494,0.007183825597167015,0.021198902279138565,0.017001649364829063,0.0024289924185723066,0.0034641644451767206,0.010572687722742558,0.005452681798487902,0.021775979548692703,0.0016272766515612602,0.004064841195940971,0.053397517651319504,0.0011164082679897547,0.07125317305326462,0.021377841010689735,0.0031693095806986094,0.023762937635183334,0.06624837219715118,0.04453510791063309,0.01570270024240017,0.02090771682560444,0.003521593287587166,0.0060642194002866745,0.03601586073637009,0.009180809371173382,0.010975658893585205,0.009735866449773312,0.01883295737206936,0.019796844571828842,0.004118547309190035,0.013733187690377235,0.032612528651952744,0.005962228402495384,0.0022679276298731565,0.0034913774579763412
unknown,さ,380.27127,380.77127,0.47827148,,0.0055700745433568954,0.005029634106904268,0.005363811273127794,0.05731664597988129,0.1135282963514328,0.03324349969625473,0.011802573688328266,0.032374314963817596,0.06745496392250061,0.1190432533621788,0.07234978675842285,0.025712596252560616,0.07361070811748505,0.03172669932246208,0.03531992435455322,0.018143653869628906,0.14184853434562683,0.07858937233686447,0.03725535795092583,0.06920164823532104,0.04825691878795624,0.036390937864780426,0.017018958926200867,0.0049976082518696785,0.004510452505201101,0.015201224945485592,0.09954820573329926,0.016250375658273697,0.022853195667266846,0.011141311377286911,0.05441209673881531,0.05449617654085159,0.007286624982953072,0.016736919060349464,0.032524898648262024,0.03722289204597473,0.04193129017949104,0.0701456293463707,0.008954471908509731,0.03776025399565697,0.03426671773195267,0.021966373547911644,0.02985178492963314,0.07213558256626129,0.03595070540904999,0.007906652987003326,0.11054673790931702,0.04961027577519417
unknown,鉛 筆,386.645,387.345,0.98950195,,0.04710480198264122,0.02304987981915474,0.028507929295301437,0.03828475624322891,0.039069827646017075,0.014899256639182568,0.03466019406914711,0.05028277635574341,0.03361199051141739,0.15272772312164307,0.05952414497733116,0.032053329050540924,0.061064042150974274,0.032414764165878296,0.02670244313776493,0.012823106721043587,0.05177542194724083,0.02776291035115719,0.043051160871982574,0.019060660153627396,0.02120358869433403,0.008665144443511963,0.015649760141968727,0.006002671550959349,0.01853240095078945,0.03696347400546074,0.04493706300854683,0.012568109668791294,0.004183962009847164,0.013594108633697033,0.08010965585708618,0.025746215134859085,0.01532022561877966,0.007099239621311426,0.00343130761757493,0.01481237355619669,0.03909557685256004,0.008838505484163761,0.00852067582309246,0.009079381823539734,0.029725492000579834,0.020453820005059242,0.01403845101594925,0.03672505542635918,0.026693733409047127,0.007537481375038624,0.005492774769663811,0.011365026235580444
unknown,プ ー ル,391.76498,392.505,0.8748372,,0.061980973929166794,0.022275429219007492,0.032578788697719574,0.1299230009317398,0.01094744447618723,0.009181197732686996,0.03170286491513252,0.07504528760910034,0.05871761590242386,0.09845070540904999,0.02520814538002014,0.018777355551719666,0.027744067832827568,0.016836458817124367,0.09949441999197006,0.009103342890739441,0.032915253192186356,0.02107105776667595,0.01645035855472088,0.016448870301246643,0.023996563628315926,0.021222589537501335,0.02136511728167534,0.004207660909742117,0.008508620783686638,0.01781236194074154,0.08416732400655746,0.005125121679157019,0.013032187707722187,0.004018235951662064,0.1025991216301918,0.0744965523481369,0.017482006922364235,0.005470118019729853,0.006155440583825111,0.04880494251847267,0.06051099672913551,0.0448819175362587,0.005147389601916075,0.008274459280073643,0.08724655956029892,0.020447107031941414,0.012171202339231968,0.025312229990959167,0.11959116160869598,0.009519615210592747,0.011671693064272404,0.03558579459786415
unknown,事 故,406.02,406.71997,0.5720215,,0.017539557069540024,0.00689469650387764,0.007520939689129591,0.06311594694852829,0.06833741068840027,0.026273302733898163,0.015246013179421425,0.03334542363882065,0.04303549975156784,0.08727225661277771,0.060683608055114746,0.012625262141227722,0.055669959634542465,0.020674537867307663,0.016397561877965927,0.009253879077732563,0.0883687436580658,0.029049765318632126,0.02499753050506115,0.045657891780138016,0.028432291001081467,0.017357386648654938,0.010571065358817577,0.010662658140063286,0.011475905776023865,0.024384010583162308,0.0790296345949173,0.02390977554023266,0.013555074110627174,0.015742480754852295,0.07514401525259018,0.03568971902132034,0.006058180704712868,0.01387450098991394,0.01535071525722742,0.018680701032280922,0.017895258963108063,0.017005903646349907,0.007927642203867435,0.018704989925026894,0.023401159793138504,0.019830800592899323,0.0099406186491251,0.03938623145222664,0.03581443428993225,0.013277905993163586,0.02770567312836647,0.015664605423808098
unknown,悲 し い,413.595,414.415,0.65356445,,0.009984360076487064,0.007040906697511673,0.005620130803436041,0.02357771061360836,0.020652804523706436,0.027791623026132584,0.023648163303732872,0.06425134092569351,0.02585727907717228,0.04680335894227028,0.014382596127688885,0.04913456737995148,0.31806686520576477,0.01058692391961813,0.008560563437640667,0.010022311471402645,0.015402560122311115,0.04999261349439621,0.018847092986106873,0.045128386467695236,0.17655843496322632,0.01155068725347519,0.021955125033855438,0.013379724696278572,0.007322368677705526,0.015572033822536469,0.029586130753159523,0.01475445181131363,0.022610098123550415,0.010411323979496956,0.05491291359066963,0.016124173998832703,0.013335027731955051,0.0417349748313427,0.019837914034724236,0.006206843536347151,0.10019922256469727,0.015564993023872375,0.036289457231760025,0.06616462767124176,0.008206818252801895,0.05972655862569809,0.028761355206370354,0.07256391644477844,0.04219741374254227,0.01144728809595108,0.01831042394042015,0.0032460708171129227
unknown,野 球,417.475,418.255,0.87597656,,0.07636328786611557,0.038727253675460815,0.02227303758263588,0.03645312786102295,0.05995878204703331,0.02298121713101864,0.030969131737947464,0.0355411097407341,0.05116129666566849,0.2789073884487152,0.04434613510966301,0.012792074121534824,0.053535349667072296,0.032136306166648865,0.037575725466012955,0.016871463507413864,0.05709350109100342,0.04543372616171837,0.03706223890185356,0.042402636259794235,0.019044406712055206,0.013316675089299679,0.01460269559174776,0.022740954533219337,0.032728925347328186,0.07115545868873596,0.027081523090600967,0.0236070416867733,0.011368517763912678,0.026063162833452225,0.059155602008104324,0.03577064350247383,0.03078671731054783,0.026531556621193886,0.020102806389331818,0.024536607787013054,0.036049891263246536,0.04548930004239082,0.04404372721910477,0.047214213758707047,0.03583964332938194,0.05284302681684494,0.01747630350291729,0.03587789461016655,0.0260777585208416,0.017402848228812218,0.03234060853719711,0.012719334103167057
unknown,い 家,424.08878,424.70868,0.4753418,,0.013088314794003963,0.006945882458239794,0.013438064604997635,0.03587709367275238,0.011023657396435738,0.015095413662493229,0.05900019407272339,0.04307342693209648,0.015239842236042023,0.07880395650863647,0.07288628816604614,0.030670762062072754,0.12698937952518463,0.014054104685783386,0.06476427614688873,0.002943243831396103,0.0559208020567894,0.018223244696855545,0.012443507090210915,0.021687643602490425,0.11765825748443604,0.014471689239144325,0.008154647424817085,0.003493801224976778,0.012016018852591515,0.01796157844364643,0.09622220695018768,0.0052306014113128185,0.002774018095806241,0.004303664434701204,0.18341514468193054,0.030131012201309204,0.005028082057833672,0.009686322882771492,0.004583099856972694,0.020634612068533897,0.1020449548959732,0.11290856450796127,0.008893661201000214,0.0046564796939492226,0.05675484612584114,0.007668271195143461,0.0036441334523260593,0.06716573983430862,0.16311287879943848,0.007834621705114841,0.01177685521543026,0.039098549634218216
unknown,い,431.40298,431.90298,0.9272461,,0.009604237973690033,0.006791990716010332,0.01658216305077076,0.04438377916812897,0.05635194480419159,0.03340404853224754,0.030620144680142403,0.06289108097553253,0.10038814693689346,0.18123182654380798,0.061215534806251526,0.03370857983827591,0.11345256119966507,0.01661122404038906,0.04827118664979935,0.017620153725147247,0.05506931245326996,0.023467471823096275,0.028975773602724075,0.0469718836247921,0.028613587841391563,0.008703915402293205,0.014545991085469723,0.010583778843283653,0.010835856199264526,0.00954506453126669,0.034031450748443604,0.04115265607833862,0.014450928196310997,0.020758729428052902,0.093613401055336,0.021432330831885338,0.005042586009949446,0.019397670403122902,0.030090857297182083,0.011682197451591492,0.09978136420249939,0.06206778436899185,0.00951069314032793,0.03470189496874809,0.03912317007780075,0.018090473487973213,0.014680496416985989,0.03913327679038048,0.048663947731256485,0.011206336319446564,0.039789050817489624,0.013346215710043907
unknown,ち,438.0494,438.5494,0.33520508,,0.011293630115687847,0.008061264641582966,0.006870746146887541,0.061441194266080856,0.04533421993255615,0.032392777502536774,0.015404277481138706,0.056341834366321564,0.028932493180036545,0.09337586164474487,0.043267976492643356,0.021295230835676193,0.08358787000179291,0.018314380198717117,0.022829744964838028,0.0066711148247122765,0.08160049468278885,0.015464242547750473,0.02044716849923134,0.05162908509373665,0.04646655172109604,0.02185584232211113,0.00667555071413517,0.005644988268613815,0.011441277340054512,0.012473884038627148,0.08757796138525009,0.02886681631207466,0.005135706625878811,0.012212613597512245,0.07901456207036972,0.03258036822080612,0.013111417181789875,0.008657767437398434,0.009812002070248127,0.019502907991409302,0.02186693623661995,0.022347193211317062,0.0160057432949543,0.01139131747186184,0.029481401666998863,0.01708739995956421,0.00646600965410471,0.0346783846616745,0.03571924939751625,0.013294956646859646,0.03588748723268509,0.016341792419552803
unknown,う れ し い,448.02988,448.96902,0.77734375,,0.019017618149518967,0.01224043220281601,0.011877317912876606,0.01676710695028305,0.011757723055779934,0.052212219685316086,0.03593017905950546,0.025341736152768135,0.07868319749832153,0.13474221527576447,0.018257906660437584,0.027489209547638893,0.06495155394077301,0.009738328866660595,0.011868835426867008,0.016381632536649704,0.02780766226351261,0.05041905492544174,0.010249233804643154,0.06923729926347733,0.051865436136722565,0.01651938259601593,0.015825649723410606,0.018618784844875336,0.035956598818302155,0.024178162217140198,0.020899787545204163,0.07739227265119553,0.03922778740525246,0.037940382957458496,0.046976733952760696,0.015074830502271652,0.0167247224599123,0.0137434471398592,0.05704429745674133,0.005086501128971577,0.07316724210977554,0.061763931065797806,0.06115926429629326,0.10799771547317505,0.010993149131536484,0.09300491213798523,0.0328356958925724,0.042167000472545624,0.027972662821412086,0.015578973107039928,0.07804708182811737,0.005052574910223484
unknown,硬 い,452.6348,453.454,0.95410156,,0.0027744388207793236,0.00334550510160625,0.0042160069569945335,0.012101364322006702,0.07924603670835495,0.08557107299566269,0.012815315276384354,0.05285722389817238,0.020867671817541122,0.17424757778644562,0.09037642925977707,0.045767758041620255,0.14051145315170288,0.015144688077270985,0.006754349451512098,0.011740347370505333,0.07041263580322266,0.030405322089791298,0.01987794227898121,0.15186113119125366,0.08315935730934143,0.008811157196760178,0.009777791798114777,0.013449907302856445,0.011937705799937248,0.005130313336849213,0.029183100908994675,0.0928942859172821,0.009957022033631802,0.040122684091329575,0.037515174597501755,0.008246899582445621,0.0035955184139311314,0.01167429331690073,0.04162140563130379,0.0017223823815584183,0.031507521867752075,0.01016412116587162,0.006126768421381712,0.03501657024025917,0.0041933609172701836,0.01063168328255415,0.015154469758272171,0.06782416999340057,0.007305711507797241,0.013410336337983608,0.06966052204370499,0.0037646929267793894
unknown,必 要,460.2958,460.9953,0.9880371,,0.01017123181372881,0.005184812005609274,0.005209894850850105,0.00487697497010231,0.027354702353477478,0.032924119383096695,0.008941035717725754,0.02463383972644806,0.03405547887086868,0.22927850484848022,0.047799840569496155,0.02240566723048687,0.03509235754609108,0.014591592364013195,0.005093147046864033,0.008648695424199104,0.05612454563379288,0.02778899297118187,0.020429065451025963,0.06551512330770493,0.036523137241601944,0.003762427717447281,0.01047742459923029,0.02075539529323578,0.00579428393393755,0.005290597211569548,0.00611623702570796,0.050307340919971466,0.019855545833706856,0.03204110637307167,0.019403710961341858,0.005055626388639212,0.0029094901401549578,0.010859789326786995,0.025165220722556114,0.0026139344554394484,0.03948894888162613,0.016959283500909805,0.009112358093261719,0.04297828674316406,0.007100699935108423,0.034977905452251434,0.020219773054122925,0.039623651653528214,0.007723200134932995,0.02772974967956543,0.04516350477933884,0.0021586434450000525
unknown,漫 画,466.77637,467.5558,0.83740234,,0.009768201038241386,0.00961538776755333,0.006023566238582134,0.06011991202831268,0.07295381277799606,0.026769030839204788,0.02799021638929844,0.056460101157426834,0.04670542851090431,0.07139511406421661,0.05317417159676552,0.026366738602519035,0.37484806776046753,0.020224541425704956,0.015357127413153648,0.01835387386381626,0.06458459049463272,0.0401180237531662,0.02370009757578373,0.06485195457935333,0.19931286573410034,0.011410821229219437,0.014387441799044609,0.006503229960799217,0.007694334723055363,0.01968473568558693,0.04346049204468727,0.020110880956053734,0.009942026808857918,0.011936063878238201,0.08892473578453064,0.034246716648340225,0.021821975708007812,0.013198493979871273,0.013386665843427181,0.025973806157708168,0.029535485431551933,0.011982494033873081,0.018799928948283195,0.02669070102274418,0.015038766898214817,0.025449488312005997,0.015937095507979393,0.12430955469608307,0.04219362512230873,0.009636945091187954,0.04847963899374008,0.017385220155119896
unknown,食 事,472.00543,472.82477,0.9992676,,0.007038905285298824,0.0060606300830841064,0.006008026655763388,0.03437330573797226,0.057987719774246216,0.11064758151769638,0.011675515212118626,0.07668517529964447,0.03285890072584152,0.09507434815168381,0.03649581968784332,0.016089651733636856,0.1446683555841446,0.02964714542031288,0.006544140633195639,0.014236412942409515,0.044669974595308304,0.07320261001586914,0.03601813316345215,0.12105517834424973,0.10671281069517136,0.009909331798553467,0.048423223197460175,0.031588807702064514,0.008121637627482414,0.015298252925276756,0.026629352942109108,0.11469246447086334,0.057998768985271454,0.091459721326828,0.03362831473350525,0.01964033581316471,0.008137334138154984,0.022410107776522636,0.056941088289022446,0.007430444937199354,0.01866620033979416,0.018501032143831253,0.013962662778794765,0.12316446751356125,0.007863136939704418,0.01804175414144993,0.062062446027994156,0.11049831658601761,0.02086603082716465,0.03229830786585808,0.028445782139897346,0.004636183846741915
unknown,洗 在,476.15677,476.9362,0.7023926,,0.02136828564107418,0.012447427026927471,0.008101207204163074,0.020580168813467026,0.04062945768237114,0.040627337992191315,0.020937666296958923,0.029537590220570564,0.10207739472389221,0.22637537121772766,0.07345304638147354,0.027124831452965736,0.06478695571422577,0.021310990676283836,0.019986800849437714,0.02409297227859497,0.08818605542182922,0.03449063003063202,0.01641855761408806,0.05600608512759209,0.03996559977531433,0.010910570621490479,0.013172593899071217,0.017635783180594444,0.025687415152788162,0.015595558099448681,0.020459527149796486,0.05478804558515549,0.020074261352419853,0.03653344139456749,0.04059572517871857,0.01703106239438057,0.012468024156987667,0.028176965191960335,0.023936143144965172,0.013581383042037487,0.04773707315325737,0.03244340047240257,0.017985820770263672,0.06012118235230446,0.022933855652809143,0.023077424615621567,0.020367851480841637,0.04163918271660805,0.021806947886943817,0.02533901482820511,0.043704546988010406,0.010140071623027325
unknown,全 部,485.35684,486.1364,0.99853516,,0.023013785481452942,0.011018361896276474,0.013904182240366936,0.03610452637076378,0.01047471258789301,0.018696952611207962,0.03519340232014656,0.036061644554138184,0.04754525050520897,0.23832017183303833,0.0909012034535408,0.05958933383226395,0.09977594763040543,0.006154377944767475,0.03590748831629753,0.009938358329236507,0.04490681737661362,0.023439178243279457,0.00655779242515564,0.030277729034423828,0.05927639082074165,0.01073169894516468,0.006600741762667894,0.004278984386473894,0.023004543036222458,0.010394053533673286,0.03016512654721737,0.018682481721043587,0.004532821010798216,0.01607571914792061,0.08720771223306656,0.019321024417877197,0.009235896170139313,0.02764580026268959,0.00758994510397315,0.019088177010416985,0.06069204583764076,0.04068229719996452,0.010819826275110245,0.017284967005252838,0.026993999257683754,0.009825648739933968,0.006711347494274378,0.06885270029306412,0.06788840889930725,0.005413271486759186,0.01638065092265606,0.011759085580706596
unknown,ト,490.76498,491.26498,0.5644531,,0.012654434889554977,0.010152328759431839,0.00858254637569189,0.04774649068713188,0.04283768683671951,0.03706559166312218,0.020808307453989983,0.05332425609230995,0.04149949550628662,0.10402053594589233,0.06278568506240845,0.012658975087106228,0.08482290804386139,0.01478621643036604,0.019949963316321373,0.01219160482287407,0.10103828459978104,0.025240179151296616,0.023271024227142334,0.05352812260389328,0.029833409935235977,0.01492629200220108,0.011238385923206806,0.009410977363586426,0.014828337356448174,0.016226910054683685,0.05215233936905861,0.03947404399514198,0.018568992614746094,0.03243250399827957,0.0660620927810669,0.020914947614073753,0.010073333978652954,0.010332704521715641,0.01958450861275196,0.01432062778621912,0.031128564849495888,0.03133237361907959,0.01437552273273468,0.017756031826138496,0.020269542932510376,0.034369681030511856,0.0156332328915596,0.04756276309490204,0.0366668663918972,0.012189495377242565,0.03664858266711235,0.01866385154426098
unknown,小 さ い,494.04498,494.865,0.9943034,,0.013801864348351955,0.011036638170480728,0.0035210319329053164,0.02348807267844677,0.03728199377655983,0.040511079132556915,0.014464671723544598,0.031108837574720383,0.023357795551419258,0.14333796501159668,0.050022099167108536,0.018310047686100006,0.05156562104821205,0.015067013911902905,0.008417315781116486,0.008282424882054329,0.05036656931042671,0.037640348076820374,0.017805248498916626,0.06868001073598862,0.017483394593000412,0.009702974930405617,0.011273984797298908,0.022030843421816826,0.01860843598842621,0.02154945395886898,0.025473805144429207,0.044319719076156616,0.0174112431704998,0.030519617721438408,0.03823396936058998,0.015317986719310284,0.01035220641642809,0.04125576466321945,0.023382512852549553,0.005994180217385292,0.027311841025948524,0.024846360087394714,0.019208136945962906,0.06579384952783585,0.012723787687718868,0.022149598225951195,0.020976891741156578,0.05101173371076584,0.0196103323251009,0.029831288382411003,0.019490165635943413,0.006315499544143677
unknown,飛 ぶ,500.205,500.865,0.920166,,0.006988980807363987,0.009075070731341839,0.005818171892315149,0.06736277043819427,0.08396726101636887,0.05091552063822746,0.02222539111971855,0.040404293686151505,0.0981779545545578,0.11997365206480026,0.05748004466295242,0.0257833544164896,0.12014230340719223,0.01568174548447132,0.03624173626303673,0.037944093346595764,0.051470376551151276,0.024085965007543564,0.022025620564818382,0.07899344712495804,0.03723810240626335,0.033624067902565,0.00618176581338048,0.008375206030905247,0.013084709644317627,0.0069815246388316154,0.07005447894334793,0.048047151416540146,0.005216505844146013,0.03073287010192871,0.08849997818470001,0.061991479247808456,0.01400694064795971,0.007190271280705929,0.019665822386741638,0.015682147815823555,0.021798647940158844,0.026770349591970444,0.008765920996665955,0.021946171298623085,0.028732208535075188,0.019095443189144135,0.007829422131180763,0.05430087074637413,0.03470522165298462,0.013641603291034698,0.08727201074361801,0.01910519227385521
unknown,話 し,508.06,508.72,0.75,,0.021348468959331512,0.015831956639885902,0.007435803301632404,0.02016337588429451,0.008369977585971355,0.015332100912928581,0.03682729974389076,0.03660827875137329,0.02389557845890522,0.0548434779047966,0.013236007653176785,0.029645025730133057,0.08147227019071579,0.005545643623918295,0.008092583157122135,0.008847752586007118,0.018152769654989243,0.01848115213215351,0.008737986907362938,0.021111132577061653,0.029083747416734695,0.01576535776257515,0.013029994443058968,0.007565459236502647,0.017705503851175308,0.007795962505042553,0.0327245369553566,0.014654210768640041,0.017581043764948845,0.011110803112387657,0.02284170687198639,0.016788935288786888,0.01884496584534645,0.04099683463573456,0.01003714557737112,0.005210431758314371,0.11851006001234055,0.029443440958857536,0.07637600600719452,0.024440834298729897,0.011818929575383663,0.13875412940979004,0.019857928156852722,0.02492281049489975,0.01877720281481743,0.005723195616155863,0.007620610762387514,0.001972250174731016
unknown,ぶ つ け る,514.1144,515.09326,0.9967041,,0.007910157553851604,0.0038130676839500666,0.004800612106919289,0.025313647463917732,0.05322658270597458,0.07429143786430359,0.008055542595684528,0.04605041444301605,0.05866725370287895,0.10782726854085922,0.08175431936979294,0.03643520548939705,0.03358929976820946,0.03704487532377243,0.022340012714266777,0.01303947251290083,0.23484213650226593,0.04964388161897659,0.02877802588045597,0.06695877015590668,0.06641366332769394,0.010120894759893417,0.022992029786109924,0.02300937846302986,0.008936677128076553,0.008194420486688614,0.033035509288311005,0.16339613497257233,0.03355484828352928,0.033544331789016724,0.03283722326159477,0.008436414413154125,0.0031143801752477884,0.00847138836979866,0.02798231691122055,0.029709158465266228,0.04263482987880707,0.039597172290086746,0.007262175437062979,0.03691566735506058,0.0169720146805048,0.025031160563230515,0.024369632825255394,0.038063403218984604,0.00944928452372551,0.038544271141290665,0.08582843095064163,0.017984099686145782
unknown,買 い 物,518.34454,519.1239,0.96272784,,0.015059412457048893,0.012048360891640186,0.009856481105089188,0.015743307769298553,0.01887519098818302,0.02034754306077957,0.01639753393828869,0.012238900177180767,0.05490345507860184,0.26049357652664185,0.12042345106601715,0.02147504687309265,0.0216129869222641,0.0037635841872543097,0.013698965311050415,0.011777922511100769,0.09487248957157135,0.006781190633773804,0.006891442462801933,0.02950127050280571,0.017350807785987854,0.01046895980834961,0.003680677153170109,0.004956749267876148,0.025041569024324417,0.004029689356684685,0.06202751770615578,0.03639065474271774,0.006668871734291315,0.025162307545542717,0.08481740951538086,0.021878371015191078,0.01201845332980156,0.025082528591156006,0.00834561139345169,0.008876267820596695,0.016929984092712402,0.010876832529902458,0.005611685570329428,0.013541392050683498,0.013045040890574455,0.007137203123420477,0.006115793716162443,0.015490361489355564,0.011021031066775322,0.009497418068349361,0.0473482646048069,0.006858448497951031
unknown,結 婚,524.8894,525.7086,0.7133789,,0.02642335183918476,0.017671091482043266,0.025250541046261787,0.09451684355735779,0.052119333297014236,0.01611427776515484,0.04310053214430809,0.036353010684251785,0.10463570058345795,0.15604747831821442,0.031191466376185417,0.0138564333319664,0.10653446614742279,0.021324345842003822,0.02365974336862564,0.02290169894695282,0.033392906188964844,0.0479663610458374,0.046090226620435715,0.036431312561035156,0.03785451129078865,0.02667207084596157,0.01683109439909458,0.01052521076053381,0.02373550646007061,0.04071371629834175,0.05904034897685051,0.023919740691781044,0.01694900542497635,0.027200128883123398,0.08237370103597641,0.050380297005176544,0.030348975211381912,0.02049642615020275,0.026596752926707268,0.010575142689049244,0.033610787242650986,0.0353848934173584,0.027277912944555283,0.03147594630718231,0.02900836430490017,0.1124386414885521,0.01982906088232994,0.06134186312556267,0.03894473984837532,0.008991244249045849,0.05523144453763962,0.013897118158638477
unknown,家 族,532.7655,533.4251,0.90112305,,0.011392887681722641,0.01354796253144741,0.008199670352041721,0.054476190358400345,0.028060302138328552,0.03887216001749039,0.013911671005189419,0.04152673855423927,0.04485740885138512,0.12378328293561935,0.051898520439863205,0.014277160167694092,0.05409097298979759,0.01787051372230053,0.02124749682843685,0.031727589666843414,0.07787914574146271,0.027605492621660233,0.021484611555933952,0.04637143760919571,0.05719863995909691,0.021155185997486115,0.014731896109879017,0.013743683695793152,0.01596519723534584,0.012936502695083618,0.06002366170287132,0.03422052040696144,0.015192512422800064,0.020535174757242203,0.054627250880002975,0.03969325125217438,0.012899401597678661,0.011743424460291862,0.022619295865297318,0.012164536863565445,0.027556516230106354,0.04000154137611389,0.03026873990893364,0.02257910929620266,0.03277206793427467,0.04235024377703667,0.01369550172239542,0.03287341073155403,0.023278534412384033,0.01784578710794449,0.048395995050668716,0.018229885026812553
unknown,緑,535.5986,536.0986,0.9975586,,0.020890463143587112,0.012522496283054352,0.01623210683465004,0.04167865216732025,0.016705123707652092,0.008391182869672775,0.02279690094292164,0.01945510506629944,0.02610805816948414,0.17663581669330597,0.1692463606595993,0.021302878856658936,0.02936691790819168,0.004822568502277136,0.02982783503830433,0.007345580495893955,0.1814018040895462,0.00505278492346406,0.00424216827377677,0.011155272834002972,0.02032378688454628,0.015505753457546234,0.002986958483234048,0.0021106787025928497,0.01703699119389057,0.007032842840999365,0.12594632804393768,0.012186613865196705,0.0040601701475679874,0.009478921070694923,0.1930263489484787,0.0354684442281723,0.008467193692922592,0.014955054968595505,0.00298329652287066,0.030238226056098938,0.016879459843039513,0.019869685173034668,0.004762341268360615,0.006426205392926931,0.035117022693157196,0.009018976241350174,0.003436913015320897,0.011335667222738266,0.03764230012893677,0.007403884548693895,0.00828329473733902,0.02109522931277752
unknown,み た い,542.205,542.98505,0.96875,,0.015188487246632576,0.00957062654197216,0.012373482808470726,0.04185619577765465,0.21174976229667664,0.048566028475761414,0.03475027158856392,0.05872729420661926,0.038043130189180374,0.07591451704502106,0.035619284957647324,0.017970124259591103,0.05572520196437836,0.05708875134587288,0.01776334084570408,0.03599175810813904,0.06661426275968552,0.08158819377422333,0.07334455102682114,0.11371289193630219,0.04169030860066414,0.021960482001304626,0.05226302891969681,0.03859079256653786,0.01462273858487606,0.0328189879655838,0.045022230595350266,0.04857374727725983,0.0462566539645195,0.0493541918694973,0.08983998000621796,0.023705320432782173,0.009042434394359589,0.025151042267680168,0.09937232732772827,0.01185083482414484,0.04827633127570152,0.02041657455265522,0.015601452440023422,0.08703532814979553,0.01852426305413246,0.026332629844546318,0.052170827984809875,0.08566772192716599,0.019021807238459587,0.032140880823135376,0.036763083189725876,0.01591942086815834
unknown,心,548.005,548.505,0.99902344,,0.007495772559195757,0.00565553130581975,0.008022590540349483,0.05560851842164993,0.05937734991312027,0.015609171241521835,0.01406775787472725,0.036075349897146225,0.08631631731987,0.16523440182209015,0.0956064984202385,0.011575736105442047,0.06410433351993561,0.01821329817175865,0.023155175149440765,0.00530594727024436,0.1475646048784256,0.017075981944799423,0.01957732066512108,0.0319581963121891,0.033620912581682205,0.01341470330953598,0.01042129471898079,0.0059607187286019325,0.00814815517514944,0.007977285422384739,0.04707992076873779,0.021935569122433662,0.013377103954553604,0.011888118460774422,0.06532701104879379,0.03685406222939491,0.007075395900756121,0.007521726656705141,0.0108290771022439,0.027206499129533768,0.03135601058602333,0.02759872004389763,0.005341187119483948,0.016556931659579277,0.03267020732164383,0.009230985306203365,0.008934389799833298,0.03298293054103851,0.016384176909923553,0.00943078100681305,0.01659892313182354,0.02563471347093582
unknown,青,554.22003,554.72003,0.9980469,,0.004294668324291706,0.006987149361521006,0.0048207170329988,0.025320036336779594,0.022509541362524033,0.03541678562760353,0.03511859476566315,0.09457883983850479,0.016087468713521957,0.028728481382131577,0.007730681449174881,0.005792271811515093,0.12435753643512726,0.0162123441696167,0.01280328631401062,0.0017147170146927238,0.011294017545878887,0.022168073803186417,0.02733311988413334,0.05208262801170349,0.022234665229916573,0.005919693037867546,0.033323198556900024,0.008206702768802643,0.007816404104232788,0.0100850285962224,0.01330886036157608,0.026115920394659042,0.01447274349629879,0.019773099571466446,0.025437073782086372,0.012154200114309788,0.004900134634226561,0.006107666064053774,0.03699783980846405,0.004532403778284788,0.15837925672531128,0.036540452390909195,0.00862706359475851,0.015966154634952545,0.017268799245357513,0.018567891791462898,0.011065672151744366,0.16637364029884338,0.0756942555308342,0.009156114421784878,0.01094063464552164,0.007643386255949736
unknown,人,560.38,560.88,0.79541016,,0.015466484241187572,0.010236120782792568,0.004576703999191523,0.030779922381043434,0.047175709158182144,0.02054555155336857,0.028176866471767426,0.03226955980062485,0.012910471297800541,0.07395412027835846,0.05770052224397659,0.015983793884515762,0.11585436761379242,0.018348855897784233,0.014207625761628151,0.010280082002282143,0.09800321608781815,0.019298942759633064,0.01783091202378273,0.03635063394904137,0.04998989403247833,0.014552008360624313,0.009864903055131435,0.0055875456891953945,0.007756742648780346,0.013429979793727398,0.05614219605922699,0.027664735913276672,0.008098596706986427,0.029822099953889847,0.06896894425153732,0.01844213344156742,0.009252543561160564,0.02388881705701351,0.007078217342495918,0.019639864563941956,0.07724674791097641,0.019933242350816727,0.014007399789988995,0.014001423493027687,0.015791280195116997,0.03316964581608772,0.00960784312337637,0.09016831964254379,0.04963440075516701,0.011270898394286633,0.013205480761826038,0.016221430152654648
unknown,心,572.9814,573.4814,0.7265625,,0.008020329289138317,0.00865956861525774,0.008092843927443027,0.03397881239652634,0.03179961070418358,0.01959945261478424,0.016351575031876564,0.03470743075013161,0.10119470953941345,0.2983075678348541,0.07823468744754791,0.00944209098815918,0.045417897403240204,0.011401879601180553,0.0213848315179348,0.005611381493508816,0.09871488809585571,0.014843467622995377,0.014969822019338608,0.0348149798810482,0.027780333533883095,0.017267301678657532,0.009499594569206238,0.010409222915768623,0.01639236882328987,0.006548658013343811,0.03937587887048721,0.03773728385567665,0.021477553993463516,0.018536776304244995,0.05255676060914993,0.03217030316591263,0.0109100965783,0.011858887039124966,0.012053947895765305,0.01373698003590107,0.024971162900328636,0.040670476853847504,0.011814064346253872,0.021717242896556854,0.026563623920083046,0.020912908017635345,0.01003161072731018,0.026203878223896027,0.013049466535449028,0.016241516917943954,0.027808617800474167,0.013695107772946358
unknown,過 ち,580.06805,580.80786,0.9711914,,0.05023322254419327,0.04104923456907272,0.018502816557884216,0.07611769437789917,0.04349759221076965,0.02745785377919674,0.030985968187451363,0.060009635984897614,0.05989906191825867,0.09290755540132523,0.039909183979034424,0.035476043820381165,0.02360803447663784,0.018166424706578255,0.08677428960800171,0.05063631758093834,0.09048765897750854,0.022596493363380432,0.014528087340295315,0.022508971393108368,0.017555491998791695,0.058719731867313385,0.009633254259824753,0.004289561882615089,0.045292116701602936,0.009993555955588818,0.13179072737693787,0.02227882854640484,0.007374190259724855,0.01659262925386429,0.07154504209756851,0.08693058043718338,0.026552582159638405,0.045950353145599365,0.01153625175356865,0.08750633895397186,0.054049793630838394,0.10175507515668869,0.04598281905055046,0.009770246222615242,0.14824075996875763,0.12796303629875183,0.009490543976426125,0.01654272899031639,0.03926690295338631,0.00424188794568181,0.04632648080587387,0.10472452640533447
unknown,物 語,584.50464,585.2844,0.9987793,,0.026328805834054947,0.023023389279842377,0.013733631931245327,0.006242032628506422,0.004911299329251051,0.01518190372735262,0.029903089627623558,0.01330682635307312,0.03950819745659828,0.47818395495414734,0.11471259593963623,0.04542849212884903,0.019451608881354332,0.0022974784951657057,0.025951305404305458,0.0173023734241724,0.07298211753368378,0.0032647058833390474,0.0015574059216305614,0.013190459460020065,0.011865799315273762,0.01151305716484785,0.00405023992061615,0.008953182026743889,0.03012300655245781,0.0046160463243722916,0.028079701587557793,0.02654045820236206,0.008318673819303513,0.012160683050751686,0.07329241931438446,0.01950862444937229,0.02486448734998703,0.02550787851214409,0.007314372807741165,0.014470661990344524,0.018353398889303207,0.02660187892615795,0.031736355274915695,0.025598647072911263,0.02430535852909088,0.03944675996899605,0.008464799262583256,0.006073953118175268,0.007954245433211327,0.018050292506814003,0.020241064950823784,0.00892805214971304
unknown,n e w s,590.83405,591.6132,0.7819214,,0.026791077107191086,0.010665501467883587,0.015672126784920692,0.05186808109283447,0.01301105972379446,0.013636733405292034,0.031385187059640884,0.045574016869068146,0.13220827281475067,0.22973661124706268,0.04876792058348656,0.03600243106484413,0.01907453127205372,0.02543528750538826,0.12112376093864441,0.011415094137191772,0.08208739012479782,0.032790254801511765,0.014835483394563198,0.014979594387114048,0.028393235057592392,0.025952495634555817,0.021280208602547646,0.008130709640681744,0.034434229135513306,0.02211419865489006,0.05028587952256203,0.006653501186519861,0.016356462612748146,0.0066240886226296425,0.08090396970510483,0.038210656493902206,0.007107227575033903,0.03125815838575363,0.010094732977449894,0.036155249923467636,0.09606072306632996,0.16609753668308258,0.026059750467538834,0.019996551796793938,0.14093627035617828,0.06340024620294571,0.016704464331269264,0.016699621453881264,0.03581376001238823,0.013164485804736614,0.04976079240441322,0.06179935485124588
unknown,温 か い,597.3344,597.813,0.87906903,,0.009427492506802082,0.007610656321048737,0.005537927616387606,0.026185045018792152,0.021167682483792305,0.04766641929745674,0.019634868949651718,0.04017063230276108,0.03780317306518555,0.1267523467540741,0.08929260820150375,0.05846945941448212,0.13569052517414093,0.010374121367931366,0.010183320380747318,0.010452529415488243,0.047049567103385925,0.025724053382873535,0.01305837370455265,0.05894908308982849,0.07611758261919022,0.01231133472174406,0.008304929360747337,0.007196350023150444,0.012243921868503094,0.00531413359567523,0.04129256680607796,0.05741134658455849,0.010090901516377926,0.02752840332686901,0.06016331911087036,0.013794489204883575,0.007752000819891691,0.020293068140745163,0.019199201837182045,0.006415937095880508,0.05667160451412201,0.01404721848666668,0.0071111079305410385,0.01656351611018181,0.013447247445583344,0.016039924696087837,0.0092100715264678,0.04913876950740814,0.01758700981736183,0.01822824403643608,0.027117541059851646,0.009460843168199062
