Id,Text,BeginTime,EndTime,Confidence,SpeakerConfidence,Admiration,Adoration,Aesthetic Appreciation,Amusement,Anger,Anxiety,Awe,Awkwardness,Boredom,Calmness,Concentration,Contemplation,Confusion,Contempt,Contentment,Craving,Determination,Disappointment,Disgust,Distress,Doubt,Ecstasy,Embarrassment,Empathic Pain,Entrancement,Envy,Excitement,Fear,Guilt,Horror,Interest,Joy,Love,Nostalgia,Pain,Pride,Realization,Relief,Romance,Sadness,Satisfaction,Desire,Shame,Surprise (negative),Surprise (positive),Sympathy,Tiredness,Triumph
unknown,キ レ イ,2.1768587,2.8765705,0.68277997,,0.037554457783699036,0.018247468397021294,0.05426187813282013,0.05758760869503021,0.009853566065430641,0.026405200362205505,0.09681108593940735,0.02506173774600029,0.019799834117293358,0.06170934811234474,0.035679880529642105,0.018504079431295395,0.05053891986608505,0.003911199513822794,0.06495998054742813,0.01250295527279377,0.07350900024175644,0.005442257039248943,0.005714352708309889,0.02081209048628807,0.03958490490913391,0.03092784248292446,0.005953164771199226,0.002702646655961871,0.01565406657755375,0.005555488169193268,0.22842855751514435,0.020836569368839264,0.005325137637555599,0.012383982539176941,0.11093391478061676,0.06576023250818253,0.0064901621080935,0.008118176832795143,0.0035696164704859257,0.04730253666639328,0.024522952735424042,0.04586822912096977,0.00449517834931612,0.004217629320919514,0.06107531860470772,0.003805821295827627,0.003906324505805969,0.029172787442803383,0.0661538690328598,0.002604192355647683,0.011315989308059216,0.04300527274608612
unknown,針,8.327982,8.827982,0.70996094,,0.015550202690064907,0.011526416055858135,0.016048863530158997,0.1629490852355957,0.013051028363406658,0.00896457675844431,0.037758149206638336,0.04109768196940422,0.022040383890271187,0.15169814229011536,0.08301302790641785,0.021501239389181137,0.06600258499383926,0.0097739789634943,0.0495491661131382,0.01452274527400732,0.06160091981291771,0.008424944244325161,0.008039585314691067,0.019460229203104973,0.03413023427128792,0.029564540833234787,0.005971705075353384,0.004053469281643629,0.016083277761936188,0.006429187022149563,0.10400473326444626,0.011700008064508438,0.005373317748308182,0.006305081769824028,0.1508682668209076,0.08926928043365479,0.0121504170820117,0.012473691254854202,0.009620364755392075,0.02642439864575863,0.036533620208501816,0.03893020376563072,0.016473732888698578,0.0065667652525007725,0.06908374279737473,0.03814586251974106,0.0041440133936703205,0.0182464811950922,0.04850877821445465,0.009492098353803158,0.013626771047711372,0.03903689235448837
unknown,5 明,14.295,14.995,0.71362305,,0.008584938012063503,0.009076019749045372,0.0039892978966236115,0.05274615436792374,0.17710337042808533,0.048041071742773056,0.013939548283815384,0.032520320266485214,0.03371649235486984,0.07748699933290482,0.06883423030376434,0.011782009154558182,0.09601172059774399,0.024025866761803627,0.02092687599360943,0.023897044360637665,0.1867736279964447,0.034010160714387894,0.026004457846283913,0.1192910298705101,0.03307795524597168,0.013195961713790894,0.012639646418392658,0.006016994826495647,0.013773198239505291,0.00879228301346302,0.060907088220119476,0.07408719509840012,0.010494401678442955,0.018405258655548096,0.06203664466738701,0.043495889753103256,0.008786641992628574,0.009686404839158058,0.0272491704672575,0.047699932008981705,0.012257184833288193,0.017731573432683945,0.009534717537462711,0.03054499626159668,0.017320234328508377,0.01899014599621296,0.012435336597263813,0.035867854952812195,0.01860104873776436,0.006782011594623327,0.028068074956536293,0.04250026121735573
unknown,お 金,20.015,20.635,0.9489746,,0.010627472773194313,0.007898431271314621,0.0066861119121313095,0.09213576465845108,0.06089690327644348,0.051238611340522766,0.01519421860575676,0.10129217803478241,0.05370344594120979,0.13511741161346436,0.04938372224569321,0.034171052277088165,0.13669824600219727,0.03269919380545616,0.027282241731882095,0.009853018447756767,0.07770752906799316,0.04102253541350365,0.027395125478506088,0.08311600238084793,0.1296897828578949,0.007403708528727293,0.02886786498129368,0.012336678802967072,0.00831192173063755,0.012286483310163021,0.052917804569005966,0.04572641849517822,0.022509494796395302,0.01875964179635048,0.04328029602766037,0.03100551664829254,0.006515774875879288,0.01250793132930994,0.02313268557190895,0.01963162235915661,0.04384070634841919,0.023132309317588806,0.004323091357946396,0.0266526248306036,0.03265146538615227,0.006712878122925758,0.028756536543369293,0.09216862171888351,0.029457012191414833,0.02123059704899788,0.02055671066045761,0.016470812261104584
unknown,悪 癖,27.71,28.57,0.94311523,,0.00814441405236721,0.0027199541218578815,0.006691788788884878,0.07338691502809525,0.1382008194923401,0.030728964135050774,0.017484884709119797,0.02242385782301426,0.031100386753678322,0.12703867256641388,0.055125750601291656,0.030084509402513504,0.35904911160469055,0.052844103425741196,0.025891782715916634,0.002671213820576668,0.06230887398123741,0.07438372075557709,0.02859843522310257,0.03938876464962959,0.09790375828742981,0.0044622961431741714,0.008512485772371292,0.007490883581340313,0.008301494643092155,0.014439642429351807,0.03058025799691677,0.01430420856922865,0.00601248349994421,0.007940669544041157,0.24900102615356445,0.010031968355178833,0.0029667955823242664,0.005672044586390257,0.011716185137629509,0.016667496412992477,0.03156152740120888,0.015371440909802914,0.0038213697262108326,0.02346564456820488,0.020055608823895454,0.003910265862941742,0.006300035864114761,0.09344930201768875,0.03955818712711334,0.014147288165986538,0.01280169002711773,0.011844723485410213
unknown,落,33.07,33.57,0.9868164,,0.010169830173254013,0.006813551764935255,0.016241267323493958,0.02944103255867958,0.04388291761279106,0.02302485518157482,0.010256538167595863,0.03328036889433861,0.08513009548187256,0.21998713910579681,0.06876301765441895,0.038521260023117065,0.048302147537469864,0.016950832679867744,0.016973916441202164,0.009364579804241657,0.030318012461066246,0.03441283851861954,0.016809720546007156,0.041600827127695084,0.023688606917858124,0.006563783623278141,0.009347409941256046,0.011480814777314663,0.008683895692229271,0.00852155964821577,0.018983103334903717,0.013509723357856274,0.013564575463533401,0.010157608427107334,0.031703051179647446,0.01636439561843872,0.006489829625934362,0.011578106321394444,0.024166088551282883,0.008051435463130474,0.02233540639281273,0.02860284596681595,0.0042815012857317924,0.04186156764626503,0.017247416079044342,0.017823006957769394,0.019949212670326233,0.022403618320822716,0.009771649725735188,0.011332696303725243,0.04041885584592819,0.009047829546034336
unknown,コ,38.23,38.73,0.74609375,,0.012329129502177238,0.006632621865719557,0.008418147452175617,0.048475075513124466,0.04855865612626076,0.01949719898402691,0.017273107543587685,0.03056172840297222,0.034269239753484726,0.1551167070865631,0.1344318389892578,0.018912332132458687,0.09126699715852737,0.018603693693876266,0.03859975188970566,0.004733306355774403,0.13956834375858307,0.01513743493705988,0.014799695461988449,0.027936477214097977,0.040199894458055496,0.007474453654140234,0.008301700465381145,0.0043059419840574265,0.008055968210101128,0.008608972653746605,0.05245594680309296,0.02033190429210663,0.00511056138202548,0.007013075985014439,0.08497743308544159,0.01883598417043686,0.004136053845286369,0.007935096509754658,0.006494751200079918,0.030860405415296555,0.05216663330793381,0.029426321387290955,0.0033389688469469547,0.009661613032221794,0.03813309222459793,0.006075236480683088,0.005562420003116131,0.040436215698719025,0.03780241310596466,0.010139171034097672,0.01140858605504036,0.03188801929354668
unknown,ね ぇ,44.324997,44.905,0.7939453,,0.010014648549258709,0.005364830605685711,0.009024613536894321,0.04323283210396767,0.02876591682434082,0.04290751740336418,0.014184122905135155,0.0891890749335289,0.0276406891644001,0.07035649567842484,0.03274588659405708,0.017366578802466393,0.1010817140340805,0.011001147329807281,0.01772141456604004,0.0038100904785096645,0.0547582246363163,0.022772636264562607,0.01193587202578783,0.08058732748031616,0.06765951216220856,0.007587681524455547,0.020853564143180847,0.004922361578792334,0.006921717897057533,0.006566711701452732,0.061323873698711395,0.03674663230776787,0.01109293568879366,0.015897784382104874,0.060990769416093826,0.03218542039394379,0.005427127704024315,0.008574183098971844,0.015303151682019234,0.011919625103473663,0.02761450596153736,0.02864442765712738,0.0059056817553937435,0.016288641840219498,0.021509036421775818,0.013124413788318634,0.00934872031211853,0.056110039353370667,0.03921348229050636,0.005377524998039007,0.017346397042274475,0.012902867048978806
unknown,休 む,50.965,51.625,0.93725586,,0.0212863702327013,0.01179797574877739,0.01856977306306362,0.06074929237365723,0.03628125041723251,0.0268620066344738,0.024335166439414024,0.031874269247055054,0.03628024086356163,0.17273259162902832,0.0775592103600502,0.044093552976846695,0.03722340613603592,0.022215580567717552,0.0663616955280304,0.004793517291545868,0.06331372261047363,0.025355275720357895,0.012619665823876858,0.03090035729110241,0.027592405676841736,0.014243870042264462,0.011450004763901234,0.0037569161504507065,0.014891685917973518,0.01276560127735138,0.08961464464664459,0.01608416624367237,0.008542310446500778,0.007797825615853071,0.10738218575716019,0.0711778774857521,0.009956156834959984,0.022253921255469322,0.008069993928074837,0.02626834250986576,0.054244015365839005,0.03202775493264198,0.005875441245734692,0.020007707178592682,0.05167935788631439,0.0041900197975337505,0.010202501900494099,0.027713971212506294,0.047036681324243546,0.005602189339697361,0.015150925144553185,0.02676764875650406
unknown,オ 化 け,56.085,56.824997,0.5773112,,0.004416119307279587,0.0024703885428607464,0.0051618460565805435,0.03192110359668732,0.045233700424432755,0.035188429057598114,0.010592040605843067,0.04321891441941261,0.016474008560180664,0.07158048450946808,0.14376245439052582,0.021082885563373566,0.1096024215221405,0.01703251712024212,0.014343389309942722,0.005420869216322899,0.2512887716293335,0.012281551957130432,0.01132588554173708,0.051058657467365265,0.050146594643592834,0.005713969003409147,0.008933993056416512,0.0035210654605180025,0.0056458874605596066,0.004444161430001259,0.07845441997051239,0.036122992634773254,0.004840502515435219,0.010359668172895908,0.08498044312000275,0.011626088060438633,0.001822751248255372,0.005454655736684799,0.006767858285456896,0.01873844303190708,0.013130991719663143,0.008979924954473972,0.001826065476052463,0.007847154513001442,0.015003674663603306,0.002664527390152216,0.006034486927092075,0.04405632242560387,0.0169981699436903,0.005882552359253168,0.005010551307350397,0.024630993604660034
unknown,重 要,61.734108,62.433815,0.9904785,,0.014821676537394524,0.0068395622074604034,0.004008530173450708,0.01438166107982397,0.05708988755941391,0.016999974846839905,0.006543303374201059,0.014528041705489159,0.056392986327409744,0.2192959040403366,0.08167513459920883,0.02945268154144287,0.025329193100333214,0.028569618239998817,0.020319031551480293,0.005282487720251083,0.12348708510398865,0.029356040060520172,0.01041693426668644,0.02643805742263794,0.0218556746840477,0.004271011333912611,0.0065894355066120625,0.009281731210649014,0.005162590648978949,0.009160141460597515,0.017411548644304276,0.012134363874793053,0.00567680923268199,0.007670779712498188,0.03563276305794716,0.01624874584376812,0.005567927844822407,0.011169061996042728,0.010526610538363457,0.016730697825551033,0.03874649107456207,0.02824028581380844,0.00455556670203805,0.028901314362883568,0.03213873133063316,0.004506176337599754,0.00647428585216403,0.014696883037686348,0.0095162158831954,0.022256694734096527,0.04585231468081474,0.014092959463596344
unknown,杖,68.204605,68.704605,0.9116211,,0.011331574991345406,0.004212389700114727,0.009009758941829205,0.054615266621112823,0.08559587597846985,0.050613537430763245,0.01782628707587719,0.05982363596558571,0.02744908817112446,0.08093641698360443,0.05844619870185852,0.025538573041558266,0.08592778444290161,0.041033148765563965,0.03312905132770538,0.0035541336983442307,0.08673457056283951,0.038577642291784286,0.02736012637615204,0.07421686500310898,0.056942008435726166,0.009286537766456604,0.01848577708005905,0.0039332094602286816,0.006349311675876379,0.008167922496795654,0.04851240664720535,0.033658239990472794,0.011220484972000122,0.011172274127602577,0.06868187338113785,0.02424238994717598,0.0046376013197004795,0.012653098441660404,0.016362108290195465,0.023366058245301247,0.04854096099734306,0.03700823709368706,0.005812034942209721,0.018239803612232208,0.03539636731147766,0.008232973515987396,0.012155448086559772,0.050412487238645554,0.037083789706230164,0.007356707472354174,0.021130304783582687,0.023896636441349983
unknown,汚 れ,74.015,74.635,0.78515625,,0.01665806770324707,0.010963990353047848,0.01213146559894085,0.08722567558288574,0.09151307493448257,0.02288263849914074,0.030705684795975685,0.037333253771066666,0.06344769150018692,0.10682857781648636,0.14045853912830353,0.02367294393479824,0.10491187870502472,0.04203937575221062,0.032234881073236465,0.009015304036438465,0.13951562345027924,0.026402514427900314,0.02782505750656128,0.03947862237691879,0.046485889703035355,0.016637790948152542,0.01290416345000267,0.003782328451052308,0.016197815537452698,0.015928741544485092,0.06522738933563232,0.0317046120762825,0.015387321822345257,0.01807672530412674,0.13724775612354279,0.03320320323109627,0.01039882842451334,0.023795010522007942,0.009455292485654354,0.03139626979827881,0.03354011848568916,0.0462510883808136,0.014184056781232357,0.009010088630020618,0.039769455790519714,0.027273979038000107,0.00812111422419548,0.05624528229236603,0.0406876802444458,0.008740842342376709,0.017282690852880478,0.02919558808207512
unknown,神,79.415,79.915,0.9291992,,0.017996978014707565,0.012419598177075386,0.012717900797724724,0.0779598131775856,0.04084154590964317,0.032333534210920334,0.030729612335562706,0.05590437352657318,0.028763987123966217,0.14448559284210205,0.1009039357304573,0.04990921914577484,0.11707445234060287,0.015414124354720116,0.02234099619090557,0.007748888805508614,0.11922592669725418,0.01887299120426178,0.01944645307958126,0.04147740826010704,0.06479877978563309,0.009391640312969685,0.010578712448477745,0.00414156261831522,0.018956951797008514,0.009479835629463196,0.05926496163010597,0.042389508336782455,0.00804508663713932,0.025468822568655014,0.09936217218637466,0.027043139562010765,0.008025126531720161,0.022625595331192017,0.007423868868499994,0.03847768157720566,0.06828047335147858,0.015058048069477081,0.010207029059529305,0.007298855111002922,0.02610456384718418,0.024410683661699295,0.009836042299866676,0.06920842826366425,0.04761090874671936,0.006909224670380354,0.011075317859649658,0.020464206114411354
unknown,探 し,85.33501,86.075005,0.9794922,,0.01572251319885254,0.006589720491319895,0.010814675129950047,0.018110966309905052,0.060838084667921066,0.07162555307149887,0.021137213334441185,0.03459849953651428,0.09626908600330353,0.13182029128074646,0.05845214053988457,0.05952898785471916,0.06661080569028854,0.027201632037758827,0.016150005161762238,0.021269816905260086,0.11721907556056976,0.06561886519193649,0.018968451768159866,0.07421252131462097,0.05562051385641098,0.014155898243188858,0.01061682216823101,0.009636228904128075,0.010771090164780617,0.014974210411310196,0.05175725743174553,0.029008062556385994,0.013968813233077526,0.012778285890817642,0.03933142125606537,0.01975381374359131,0.005038409028202295,0.02323862910270691,0.02006899192929268,0.018828723579645157,0.06288815289735794,0.0412641204893589,0.010457209311425686,0.05750475078821182,0.017378346994519234,0.03783143311738968,0.018130097538232803,0.04767449572682381,0.016456369310617447,0.012085052207112312,0.08893300592899323,0.020888034254312515
unknown,浸 透,92.85651,93.6359,0.44128418,,0.027204861864447594,0.011115175671875477,0.013681001029908657,0.01916380599141121,0.03922253102064133,0.022902285680174828,0.015084325335919857,0.021208586171269417,0.026824261993169785,0.14703157544136047,0.04959941655397415,0.021815689280629158,0.06781752407550812,0.009387445636093616,0.009202306158840656,0.014293039217591286,0.03653246909379959,0.013892503455281258,0.007696578744798899,0.03201669082045555,0.02678322046995163,0.007014553062617779,0.006219812668859959,0.004078985191881657,0.007537447847425938,0.006985860876739025,0.040779415518045425,0.018001554533839226,0.004086912143975496,0.0133882537484169,0.06772585213184357,0.028432462364435196,0.009240771643817425,0.014599068090319633,0.009332308545708656,0.007278819102793932,0.020058682188391685,0.014192432165145874,0.005483737215399742,0.013363807462155819,0.013039384968578815,0.007570670451968908,0.006767259445041418,0.027828825637698174,0.027181845158338547,0.009964525699615479,0.012473098002374172,0.008277203887701035
unknown,健 候,98.56418,99.303665,0.638916,,0.02729501761496067,0.011086906306445599,0.02424319088459015,0.07198065519332886,0.013178256340324879,0.004810048267245293,0.020637517794966698,0.006651973817497492,0.023002706468105316,0.14824993908405304,0.1089843362569809,0.019885459914803505,0.014701244421303272,0.006926412228494883,0.10281587392091751,0.003466654336079955,0.16589394211769104,0.005038750823587179,0.002561975736171007,0.005433924961835146,0.010155090130865574,0.010732004418969154,0.0019322693115100265,0.0008568025659769773,0.011976445093750954,0.01030342373996973,0.10681534558534622,0.0042818873189389706,0.0017131888307631016,0.001505320891737938,0.13427896797657013,0.06939508765935898,0.008880069479346275,0.007901595905423164,0.0013963206438347697,0.05307353660464287,0.022747453302145004,0.021964892745018005,0.0012783306883648038,0.00204172870144248,0.08467786759138107,0.001367548480629921,0.0009800599655136466,0.0055183409713208675,0.046272847801446915,0.001514056115411222,0.0037140913773328066,0.06581609696149826
unknown,賢 い,104.695,105.395,0.9995117,,0.014750007539987564,0.0081133171916008,0.02065277099609375,0.05515298992395401,0.032167043536901474,0.018892038613557816,0.01302805170416832,0.045077379792928696,0.0455043688416481,0.1414942592382431,0.03255791217088699,0.02692829817533493,0.0839724913239479,0.017574291676282883,0.018795382231473923,0.009115652181208134,0.03384154662489891,0.023995747789740562,0.020219268277287483,0.026533253490924835,0.03780783340334892,0.013021955266594887,0.012233230285346508,0.005689806304872036,0.008314825594425201,0.01088361069560051,0.06679902225732803,0.00991978868842125,0.011343520134687424,0.008493791334331036,0.057878270745277405,0.03689755126833916,0.006786283105611801,0.014441322535276413,0.0143408989533782,0.010983421467244625,0.02280784584581852,0.031041450798511505,0.0050934189930558205,0.021177541464567184,0.024672137573361397,0.0110157560557127,0.010894407518208027,0.02314773015677929,0.01447937823832035,0.008702877908945084,0.019098974764347076,0.008975096046924591
unknown,う 馬,109.695,110.315,0.5078125,,0.012779874727129936,0.013261201791465282,0.009966333396732807,0.07799812406301498,0.09131046384572983,0.03909537196159363,0.020898420363664627,0.05345965921878815,0.032335858792066574,0.0784868523478508,0.05029088631272316,0.020491713657975197,0.09825193136930466,0.03222782164812088,0.01158122904598713,0.008949782699346542,0.05255579575896263,0.042166903614997864,0.04036249592900276,0.06899445503950119,0.060908734798431396,0.013059872202575207,0.023127317428588867,0.0064229341223835945,0.007297811098396778,0.012973420321941376,0.06025402247905731,0.03761608898639679,0.01749311201274395,0.027070358395576477,0.07968337088823318,0.036111850291490555,0.007861235179007053,0.017860913649201393,0.012968486174941063,0.01582413725554943,0.045092660933732986,0.013549263589084148,0.006445599254220724,0.024165933951735497,0.01628628931939602,0.009329608641564846,0.02420566976070404,0.0551304817199707,0.036726344376802444,0.010162229649722576,0.020669039338827133,0.0171782448887825
unknown,靴,119.94529,120.44529,0.99316406,,0.01868232525885105,0.011583025567233562,0.010583942756056786,0.05545836687088013,0.024174153804779053,0.016565417870879173,0.011750715784728527,0.057853683829307556,0.05535758659243584,0.14349156618118286,0.029403002932667732,0.013141743838787079,0.061253808438777924,0.019271770492196083,0.021287448704242706,0.0076016890816390514,0.02921058051288128,0.018093403428792953,0.022122405469417572,0.023085221648216248,0.026139816269278526,0.006499393843114376,0.009284906089305878,0.0055543906055390835,0.005558620672672987,0.005573786795139313,0.027115629985928535,0.009150205180048943,0.009247436188161373,0.00815324205905199,0.0516989640891552,0.030909975990653038,0.010241788811981678,0.005290530156344175,0.00852441880851984,0.011094911023974419,0.028312841430306435,0.022965172305703163,0.007189116906374693,0.009225900284945965,0.030505022034049034,0.016657255589962006,0.010177867487072945,0.029556768015027046,0.025183092802762985,0.007721463218331337,0.021476726979017258,0.00803649052977562
unknown,静 か,121.864075,122.64389,0.99121094,,0.04738455265760422,0.022082902491092682,0.015996312722563744,0.09993250668048859,0.02517799846827984,0.014277619309723377,0.01908949390053749,0.030554169788956642,0.0173706766217947,0.10559657961130142,0.0831826850771904,0.01926514320075512,0.030373990535736084,0.015725580975413322,0.06171615794301033,0.0058035096153616905,0.15901264548301697,0.013194763101637363,0.013250171206891537,0.017220083624124527,0.020217273384332657,0.03062986396253109,0.007093972992151976,0.0036679022014141083,0.0121862031519413,0.0255572572350502,0.18280915915966034,0.009945427067577839,0.007035774644464254,0.005196434911340475,0.101727694272995,0.11469641327857971,0.019430236890912056,0.012298979796469212,0.0032185749150812626,0.08153374493122101,0.02606123313307762,0.043225593864917755,0.004626210778951645,0.007670190185308456,0.08188138157129288,0.016817606985569,0.004778950475156307,0.015564648434519768,0.06209517642855644,0.01443319022655487,0.004993046633899212,0.08158973604440689
unknown,ヒ ヤ リ ン グ,131.4682,132.28752,0.9121094,,0.049705278128385544,0.012985644862055779,0.017286695539951324,0.03923632949590683,0.02009803056716919,0.00967881828546524,0.02394300512969494,0.01658213883638382,0.05832437798380852,0.27898016571998596,0.18375824391841888,0.03819260746240616,0.029187437146902084,0.012261446565389633,0.051158174872398376,0.008963149040937424,0.08736161142587662,0.010343672707676888,0.004956473596394062,0.008581512607634068,0.015293634496629238,0.013191495090723038,0.003723354544490576,0.002581109292805195,0.020088430494070053,0.010761561803519726,0.08149834722280502,0.008610467426478863,0.002336476929485798,0.005629002116620541,0.21679018437862396,0.04637090861797333,0.009962040930986404,0.029033036902546883,0.002077052602544427,0.0297057144343853,0.02971944585442543,0.037224359810352325,0.00631711957976222,0.006512680556625128,0.04835021495819092,0.004921194165945053,0.003085769945755601,0.012231269851326942,0.05840728059411049,0.004996835719794035,0.007373816799372435,0.015414978377521038
unknown,す ぎ る の は 早 い,135.41974,136.67812,0.8678153,,0.07859166711568832,0.04966449365019798,0.022824110463261604,0.047658760100603104,0.07103749364614487,0.0358697846531868,0.022136613726615906,0.04273838922381401,0.02613421529531479,0.12091566622257233,0.06188837066292763,0.012548274360597134,0.02317277528345585,0.032054491341114044,0.10417237132787704,0.006803239695727825,0.09676450490951538,0.021306052803993225,0.018004484474658966,0.02518162876367569,0.007762148976325989,0.02497626096010208,0.007977268658578396,0.004393002483993769,0.01800692453980446,0.009618035517632961,0.07420899718999863,0.02708539552986622,0.004651847295463085,0.01099773496389389,0.1069069355726242,0.06312700361013412,0.053481023758649826,0.019719529896974564,0.016324304044246674,0.07018831372261047,0.00932298693805933,0.08765766024589539,0.0308687724173069,0.01336725801229477,0.09466923773288727,0.02968715690076351,0.005497104953974485,0.020011616870760918,0.02256843075156212,0.011568534187972546,0.01735096052289009,0.035771869122982025
unknown,青 い,140.08974,140.7893,0.93237305,,0.014203977771103382,0.012203797698020935,0.012699118815362453,0.062167633324861526,0.03858676925301552,0.03490954264998436,0.019439183175563812,0.0980089008808136,0.02184896729886532,0.05366396903991699,0.016680311411619186,0.014002330601215363,0.09765119850635529,0.02537478692829609,0.023788440972566605,0.0027328599244356155,0.04125063493847847,0.027751095592975616,0.032409295439720154,0.05332035571336746,0.03253936022520065,0.01095212996006012,0.030114583671092987,0.007425802759826183,0.007982444018125534,0.014787133783102036,0.03739986941218376,0.014021283015608788,0.0089999008923769,0.009208610281348228,0.06444303691387177,0.031222248449921608,0.00876503624022007,0.007784421555697918,0.011267670430243015,0.017311427742242813,0.07465607672929764,0.027197400107979774,0.009982830844819546,0.009822944179177284,0.03695666790008545,0.015089677646756172,0.01269596815109253,0.053333282470703125,0.04053270444273949,0.010117080993950367,0.008954296819865704,0.020057888701558113
unknown,雨,146.61322,147.11322,0.9379883,,0.13385948538780212,0.10697266459465027,0.028510643169283867,0.040822289884090424,0.015805689617991447,0.0049502612091600895,0.09169257432222366,0.022249026224017143,0.048771996051073074,0.14223326742649078,0.014855258166790009,0.016051363199949265,0.007441414054483175,0.017050720751285553,0.1083061546087265,0.006838214583694935,0.04503292962908745,0.021919598802924156,0.009667525067925453,0.016385680064558983,0.004051690921187401,0.013998790644109249,0.01798941195011139,0.0032114041969180107,0.03711673244833946,0.012194796465337276,0.03177300840616226,0.0018405028386041522,0.009262463077902794,0.0016226641600951552,0.07061566412448883,0.09724969416856766,0.14236216247081757,0.02002124860882759,0.0065259854309260845,0.1527395099401474,0.029380030930042267,0.10343523323535919,0.028596168383955956,0.011236715130507946,0.10734738409519196,0.02594909444451332,0.012205702252686024,0.006205577868968248,0.025838933885097504,0.004674338735640049,0.014971972443163395,0.06683085113763809
unknown,柔 ら か い,152.28427,153.14369,0.815979,,0.03263503313064575,0.01338172797113657,0.013256804086267948,0.03528759628534317,0.05435798689723015,0.0302287470549345,0.02443026565015316,0.022513609379529953,0.07271166145801544,0.265933096408844,0.13706360757350922,0.036131806671619415,0.050910402089357376,0.02573826164007187,0.03102804161608219,0.007531545590609312,0.10733011364936829,0.03114441968500614,0.015350542031228542,0.03717684745788574,0.033307548612356186,0.009573671035468578,0.009424440562725067,0.009495776146650314,0.014916246756911278,0.0186926182359457,0.038731351494789124,0.024432038888335228,0.008682942017912865,0.01210599672049284,0.09145189076662064,0.03139549493789673,0.01034947857260704,0.02357996627688408,0.010301238857209682,0.029071999713778496,0.041776515543460846,0.04274068772792816,0.007572106551378965,0.023251628503203392,0.0419798344373703,0.007600255310535431,0.009789040312170982,0.025150155648589134,0.020662305876612663,0.024910306558012962,0.02457374706864357,0.029309652745723724
unknown,バ ナ ナ,158.17499,158.915,0.99853516,,0.03268291428685188,0.02069133333861828,0.02094011753797531,0.060268692672252655,0.04530808702111244,0.013556382618844509,0.03636454790830612,0.01923738606274128,0.045054852962493896,0.2120673954486847,0.18150275945663452,0.029307261109352112,0.053005315363407135,0.017568832263350487,0.046701714396476746,0.010457733646035194,0.20573365688323975,0.01419102493673563,0.009399674832820892,0.01702987030148506,0.021455880254507065,0.01909644529223442,0.00671309232711792,0.003982332069426775,0.022252719849348068,0.018179848790168762,0.09425242245197296,0.020202362909913063,0.005569069646298885,0.011972252279520035,0.12006664276123047,0.06828730553388596,0.028098078444600105,0.02072683349251747,0.00667452672496438,0.043824564665555954,0.03472926840186119,0.040260545909404755,0.024019047617912292,0.010648242197930813,0.0599813386797905,0.042443759739398956,0.006490635219961405,0.023431893438100815,0.02359519898891449,0.007283909246325493,0.015485435724258423,0.04971931129693985
unknown,自 然,164.135,164.795,0.9953613,,0.02707161009311676,0.015030557289719582,0.011256414465606213,0.04220474511384964,0.05098384618759155,0.0314641036093235,0.016947856172919273,0.041524868458509445,0.02609621174633503,0.15949168801307678,0.0756632536649704,0.03895379975438118,0.04998907819390297,0.0557192899286747,0.03455258160829544,0.0016578002832829952,0.07442065328359604,0.03378455713391304,0.030147453770041466,0.043898191303014755,0.02869599312543869,0.008400547318160534,0.01863495446741581,0.008992517367005348,0.009869914501905441,0.041125424206256866,0.03282647207379341,0.022791240364313126,0.006693523842841387,0.012704096734523773,0.0593104287981987,0.026970192790031433,0.014510410837829113,0.03792369365692139,0.00733779463917017,0.031042523682117462,0.05414505675435066,0.03780953958630562,0.005920564290136099,0.014397791586816311,0.030020594596862793,0.0072777001187205315,0.011492555029690266,0.03938306123018265,0.02500414289534092,0.02291657216846943,0.00695726927369833,0.019550975412130356
unknown,あ ま り な い,172.49863,173.43773,0.9976562,,0.003916212823241949,0.002390499459579587,0.003940254915505648,0.02076076529920101,0.09159120172262192,0.09828612953424454,0.008566760458052158,0.05087052658200264,0.023551518097519875,0.11172778159379959,0.04240160807967186,0.03180374205112457,0.13162370026111603,0.03734910115599632,0.009503337554633617,0.005908612161874771,0.04545947536826134,0.0729692131280899,0.028944164514541626,0.13842573761940002,0.13408584892749786,0.005078124813735485,0.04328978806734085,0.009012038819491863,0.006889389827847481,0.005640394054353237,0.017511036247015,0.03158397972583771,0.04236562177538872,0.022184688597917557,0.017504457384347916,0.0048653981648385525,0.0025046984665095806,0.008182435296475887,0.022812752053141594,0.008691060356795788,0.08236190676689148,0.019317075610160828,0.003009215695783496,0.05324923247098923,0.010651242919266224,0.006122329272329807,0.059013932943344116,0.07980334758758545,0.00791955552995205,0.006617786828428507,0.027911720797419548,0.010442672297358513
unknown,恋 人,176.05127,176.75085,0.951416,,0.006291041150689125,0.004864174872636795,0.005483611021190882,0.035343799740076065,0.047768473625183105,0.024162502959370613,0.009481649845838547,0.021735435351729393,0.024874377995729446,0.12210333347320557,0.09514489024877548,0.01553350780159235,0.05876536667346954,0.012984160333871841,0.013674740679562092,0.0038077179342508316,0.1498229056596756,0.013406381011009216,0.008458458818495274,0.0241541750729084,0.03921622782945633,0.009508626535534859,0.005078643560409546,0.0034240453969687223,0.0068703885190188885,0.006093482952564955,0.07337439060211182,0.032156456261873245,0.005488526076078415,0.010484008118510246,0.10042797774076462,0.02647792175412178,0.004520788788795471,0.01051238738000393,0.007459257263690233,0.024928778409957886,0.014798362739384174,0.013616818003356457,0.0047445716336369514,0.010622477158904076,0.012258870527148247,0.005405108444392681,0.005650582257658243,0.022869739681482315,0.017477037385106087,0.006664346903562546,0.011963731609284878,0.0180911123752594
unknown,か わ い い,181.7744,182.55374,0.8223877,,0.011671783402562141,0.007899792864918709,0.011320529505610466,0.03223167732357979,0.0363074392080307,0.025047890841960907,0.01291764248162508,0.04443756118416786,0.05545808747410774,0.19204270839691162,0.054121099412441254,0.02374904789030552,0.08034796267747879,0.019771480932831764,0.013216628693044186,0.012401867657899857,0.06369207054376602,0.03288290649652481,0.02599843591451645,0.04833599552512169,0.05278617888689041,0.009402291849255562,0.006934275384992361,0.012401214800775051,0.010633915662765503,0.013243055902421474,0.03371916338801384,0.02554876171052456,0.011960403993725777,0.00928184762597084,0.0637844055891037,0.02734287828207016,0.005270646419376135,0.011354826390743256,0.01606057584285736,0.009369542822241783,0.024731749668717384,0.01698858104646206,0.015746917575597763,0.01776587776839733,0.01666276343166828,0.01672757789492607,0.007642834447324276,0.027981175109744072,0.014925654046237469,0.013015974313020706,0.040499527007341385,0.004996002651751041
unknown,ぽ ン ポ リ,188.27916,189.0984,0.6175537,,0.017711861059069633,0.0110202357172966,0.017306694760918617,0.08329574763774872,0.0335511676967144,0.02210436388850212,0.024772105738520622,0.02305549383163452,0.02912098728120327,0.1352406144142151,0.10025332868099213,0.014112400822341442,0.04536638408899307,0.006599941290915012,0.03468939661979675,0.010963494889438152,0.13531380891799927,0.007063348777592182,0.008703897707164288,0.027240721508860588,0.014075021259486675,0.02053927257657051,0.0061594583094120026,0.004861189052462578,0.022203169763088226,0.0028347554616630077,0.13859300315380096,0.030984820798039436,0.006660623010247946,0.011918495409190655,0.07886291295289993,0.07313957810401917,0.017242543399333954,0.01064198650419712,0.010997777804732323,0.04170918092131615,0.005044866818934679,0.017034662887454033,0.008178566582500935,0.010856293141841888,0.04083869606256485,0.012602358125150204,0.005817263852804899,0.01751289702951908,0.024135509505867958,0.007015154231339693,0.01009086798876524,0.04793828725814819
unknown,美 味 し い,193.46701,194.28625,0.95080566,,0.1670834720134735,0.09376399964094162,0.07366840541362762,0.019367722794413567,0.008129430934786797,0.013331292197108269,0.15196412801742554,0.016447078436613083,0.019176088273525238,0.09765375405550003,0.026726916432380676,0.054274436086416245,0.020932786166667938,0.007027641870081425,0.04569203406572342,0.04167674481868744,0.02528475783765316,0.020846685394644737,0.00663768220692873,0.012349161319434643,0.017060786485671997,0.025643281638622284,0.0075676329433918,0.011555921286344528,0.033862050622701645,0.08930586278438568,0.06798195093870163,0.0033308807760477066,0.00844789482653141,0.004703823942691088,0.24724262952804565,0.043106064200401306,0.041443414986133575,0.05420573800802231,0.006256857421249151,0.018849708139896393,0.18179181218147278,0.030775832012295723,0.04863980412483215,0.023908985778689384,0.0639229342341423,0.020298946648836136,0.009267180226743221,0.015779893845319748,0.06512367725372314,0.015939321368932724,0.006136106792837381,0.009850475937128067
unknown,黒 い,201.94882,202.64853,0.99853516,,0.006692127324640751,0.00457500945776701,0.008426734246313572,0.07662801444530487,0.15334179997444153,0.046315088868141174,0.011551402509212494,0.06929515302181244,0.024249093607068062,0.06862501055002213,0.048184748739004135,0.01608036272227764,0.09096740931272507,0.03889007121324539,0.024027004837989807,0.0033266767859458923,0.08920668065547943,0.031622160226106644,0.04036921635270119,0.09291192889213562,0.06761873513460159,0.012936325743794441,0.027490047737956047,0.006677927915006876,0.006296840962022543,0.012640319764614105,0.0671650841832161,0.02917676419019699,0.011376638896763325,0.017943251878023148,0.06836826354265213,0.0331471711397171,0.004265000112354755,0.010812587104737759,0.021232057362794876,0.016543494537472725,0.04141555353999138,0.020364349707961082,0.005198913626372814,0.014350345358252525,0.024405382573604584,0.006505861412733793,0.01804964803159237,0.0382126048207283,0.020952222868800163,0.006574347615242004,0.018965406343340874,0.02053830586373806
unknown,寝 る,206.98143,207.60126,0.88256836,,0.03974469006061554,0.03257737681269646,0.026974698528647423,0.07621435075998306,0.09372583031654358,0.025816557928919792,0.022347433492541313,0.04331216216087341,0.11662454903125763,0.35177648067474365,0.06975836306810379,0.01879820041358471,0.022292913869023323,0.043332718312740326,0.05929936468601227,0.01679253950715065,0.09437240660190582,0.03426966443657875,0.03156397119164467,0.054944876581430435,0.02360965870320797,0.022888770326972008,0.024375997483730316,0.008411569520831108,0.02948479913175106,0.023064740002155304,0.05287453532218933,0.024989420548081398,0.021956665441393852,0.015629425644874573,0.08783046156167984,0.08533227443695068,0.030083246529102325,0.013794888742268085,0.019240373745560646,0.03328103572130203,0.014235726557672024,0.0308059174567461,0.025103263556957245,0.02209198847413063,0.0768943652510643,0.03142134100198746,0.03730148822069168,0.017442362383008003,0.022340750321745872,0.0072731380350887775,0.06922382116317749,0.015469077974557877
unknown,幸 せ,211.62923,212.4088,0.97387695,,0.038147009909152985,0.01470234990119934,0.01595310866832733,0.035671740770339966,0.03546182066202164,0.03224457800388336,0.030309533700346947,0.030046269297599792,0.02106276899576187,0.09175381064414978,0.0886378362774849,0.039661068469285965,0.027589503675699234,0.018312381580471992,0.055406246334314346,0.012700456194579601,0.23749303817749023,0.021232331171631813,0.008051125332713127,0.024570006877183914,0.04171154275536537,0.022246209904551506,0.017350466921925545,0.0034547075629234314,0.01148887537419796,0.01290903054177761,0.08077993988990784,0.021169517189264297,0.015163184143602848,0.010098443366587162,0.06814511120319366,0.0691363662481308,0.010038379579782486,0.01839720644056797,0.010854813270270824,0.08894917368888855,0.05039859563112259,0.141917884349823,0.0062970854341983795,0.015286335721611977,0.09968136250972748,0.00637937244027853,0.017031580209732056,0.027093257755041122,0.03555629402399063,0.007729921955615282,0.00820294488221407,0.06183360144495964
unknown,黒 い,217.6597,218.35939,0.99243164,,0.02530672959983349,0.01904279924929142,0.019229978322982788,0.14221253991127014,0.11817780137062073,0.03058883547782898,0.023159924894571304,0.12506720423698425,0.04189504683017731,0.09088976681232452,0.04462570697069168,0.029155828058719635,0.11155277490615845,0.04464239254593849,0.048424333333969116,0.006923823617398739,0.05705484747886658,0.031769685447216034,0.029474571347236633,0.07246849685907364,0.04937342554330826,0.019901804625988007,0.027697809040546417,0.011137019842863083,0.01371923740953207,0.02625364437699318,0.10941001772880554,0.02125633880496025,0.010796240530908108,0.017137372866272926,0.12714631855487823,0.0659794732928276,0.012130546383559704,0.021414386108517647,0.009950991719961166,0.038128018379211426,0.0506773479282856,0.026011746376752853,0.0064664967358112335,0.01396186277270317,0.04536489397287369,0.006422380916774273,0.019082000479102135,0.053415972739458084,0.07004061341285706,0.012469925917685032,0.012387889437377453,0.020623162388801575
unknown,人,223.70357,224.20357,0.76416016,,0.008335570804774761,0.004956494551151991,0.004793520085513592,0.05314389988780022,0.10488524287939072,0.017956767231225967,0.021575288847088814,0.02745957113802433,0.011844869703054428,0.05744059011340141,0.06344563513994217,0.012500223703682423,0.1350962221622467,0.02390923537313938,0.011254413984715939,0.004850922618061304,0.11057574301958084,0.013304891996085644,0.014362180605530739,0.024374255910515785,0.049406036734580994,0.009672081097960472,0.00784498080611229,0.0018704348476603627,0.004343070089817047,0.010103083215653896,0.06666327267885208,0.015911156311631203,0.0037110927514731884,0.016563940793275833,0.07155761867761612,0.024501832202076912,0.003899725852534175,0.011614583432674408,0.004255024716258049,0.031879402697086334,0.05382285639643669,0.014457488432526588,0.003949616104364395,0.005060520954430103,0.014204150065779686,0.011777988635003567,0.006225576624274254,0.07362973690032959,0.03451156988739967,0.003597439033910632,0.0072960988618433475,0.02298060618340969
unknown,保 書,229.45146,230.07121,0.6010742,,0.00808526761829853,0.005117239896208048,0.006784507539123297,0.049672018736600876,0.0333801805973053,0.02801632694900036,0.011049700900912285,0.026061037555336952,0.03851250559091568,0.13555008172988892,0.07988307625055313,0.01918012462556362,0.08880824595689774,0.011436100117862225,0.01814667135477066,0.007902887649834156,0.12200445681810379,0.01223796233534813,0.009387897327542305,0.026797471567988396,0.04983099177479744,0.010140209458768368,0.006690375506877899,0.00362083176150918,0.006468487903475761,0.007453718222677708,0.07433668524026871,0.02563529834151268,0.006680633872747421,0.009173325262963772,0.09447842836380005,0.0416458323597908,0.004841380752623081,0.007008200511336327,0.00813460536301136,0.014499814249575138,0.01976471021771431,0.015927670523524284,0.00317287165671587,0.011609162203967571,0.025311430916190147,0.004143236670643091,0.005634715314954519,0.02065313421189785,0.026467951014637947,0.009124323725700378,0.01698480360209942,0.016213443130254745
unknown,使 わ な い,236.21323,237.11269,0.998291,,0.013918395154178143,0.007035885937511921,0.009698372334241867,0.04559391364455223,0.026005348190665245,0.028401490300893784,0.007759427651762962,0.038206640630960464,0.4094642400741577,0.4772353768348694,0.12747688591480255,0.10013116896152496,0.019141411408782005,0.06344999372959137,0.09887468814849854,0.021230608224868774,0.13622993230819702,0.05233180522918701,0.015906265005469322,0.017495546489953995,0.018154414370656013,0.009587882086634636,0.011209897696971893,0.003380489768460393,0.014411385171115398,0.01595657877624035,0.03146492689847946,0.008164336904883385,0.007914567366242409,0.003916554152965546,0.09059954434633255,0.024962900206446648,0.012699415907263756,0.0641312450170517,0.010371635667979717,0.035998571664094925,0.03789224103093147,0.07629909366369247,0.02021091803908348,0.024516761302947998,0.07048021256923676,0.02571045607328415,0.008578051812946796,0.008908553048968315,0.009295383468270302,0.015728414058685303,0.07233410328626633,0.023366834968328476
unknown,毎 日,242.9241,243.62383,0.99731445,,0.0141498614102602,0.013696933165192604,0.007853759452700615,0.02451356127858162,0.017658725380897522,0.022500431165099144,0.013681667856872082,0.021443817764520645,0.021165968850255013,0.18970535695552826,0.12147863209247589,0.02960321679711342,0.04649645835161209,0.005480076186358929,0.03175096958875656,0.010706054046750069,0.13847941160202026,0.008015807718038559,0.004310158081352711,0.02560228295624256,0.01851370744407177,0.012447178363800049,0.004272487014532089,0.0033472978975623846,0.010134389623999596,0.002524326555430889,0.08152114599943161,0.011756019666790962,0.0032184035517275333,0.005299523007124662,0.07230382412672043,0.04037611186504364,0.011311870068311691,0.023388022556900978,0.009077424183487892,0.04103780910372734,0.029692238196730614,0.05653519928455353,0.009536383673548698,0.014016157016158104,0.03665824979543686,0.01513582468032837,0.006451330613344908,0.014239808544516563,0.025424133986234665,0.005939933005720377,0.013866168446838856,0.020678799599409103
unknown,美 味 し い,247.71758,248.4972,0.90563965,,0.08197486400604248,0.04743756726384163,0.04496971145272255,0.024901684373617172,0.012377440929412842,0.030202891677618027,0.07476156949996948,0.03127191960811615,0.028650103136897087,0.09316808730363846,0.028819942846894264,0.07504482567310333,0.040646743029356,0.011285020969808102,0.04219616577029228,0.02959783934056759,0.02544010989367962,0.03951680287718773,0.010922126471996307,0.029802169650793076,0.039217814803123474,0.018145721405744553,0.017525210976600647,0.01445437129586935,0.018013887107372284,0.05363563820719719,0.050311364233493805,0.007496856618672609,0.014182226732373238,0.009274550713598728,0.17889580130577087,0.03296231850981712,0.02195865474641323,0.0551760233938694,0.009966149926185608,0.015757929533720016,0.22412432730197906,0.03319854661822319,0.01766679249703884,0.0348513163626194,0.04601133614778519,0.009753699414432049,0.01968662440776825,0.03820846229791641,0.07482779771089554,0.02027379721403122,0.011698057875037193,0.01111335214227438
unknown,9 時,254.27892,254.89862,0.9719238,,0.0046700648963451385,0.003260441357269883,0.004919135477393866,0.0493285208940506,0.07800380140542984,0.0506863072514534,0.00933416560292244,0.058578528463840485,0.022787630558013916,0.07157590240240097,0.03246060758829117,0.025408977642655373,0.32470494508743286,0.017574621364474297,0.011197216808795929,0.002600903157144785,0.023898731917142868,0.030948836356401443,0.01616000011563301,0.10881257057189941,0.13015083968639374,0.007134349551051855,0.013837657868862152,0.006184784229844809,0.004890541546046734,0.006999041885137558,0.03427048772573471,0.039667632430791855,0.009782231412827969,0.025767145678400993,0.05616938695311546,0.017610600218176842,0.0032604739535599947,0.02130824141204357,0.014504761435091496,0.00817391462624073,0.06493007391691208,0.016854409128427505,0.004842658061534166,0.019408494234085083,0.013632746413350105,0.00659437570720911,0.01200049091130495,0.13701537251472473,0.04917486757040024,0.008221195079386234,0.023144574835896492,0.007220316678285599
unknown,プ ー ル,259.9853,260.72473,0.9781901,,0.00968980509787798,0.008291657082736492,0.00888277031481266,0.08823879063129425,0.09370700269937515,0.047563958913087845,0.019416384398937225,0.08905156701803207,0.031602952629327774,0.0900963768362999,0.04516671597957611,0.03284353390336037,0.1941705346107483,0.0791851282119751,0.02464335225522518,0.0032635757233947515,0.024560030549764633,0.0801323652267456,0.08337286114692688,0.1189199686050415,0.08334002643823624,0.006289347540587187,0.03036355786025524,0.02925124391913414,0.006870408542454243,0.014026593416929245,0.01994766667485237,0.02246157079935074,0.016307011246681213,0.015027042478322983,0.06127249822020531,0.013915522955358028,0.006585517432540655,0.006374964024871588,0.02768673375248909,0.011678705923259258,0.07747966051101685,0.014478719793260098,0.003848371794447303,0.04029933735728264,0.01395547017455101,0.00550927734002471,0.025794459506869316,0.1253053992986679,0.04009562358260155,0.029727095738053322,0.022797955200076103,0.007421473972499371
unknown,楽 し い,268.07498,268.775,0.99527997,,0.019426997750997543,0.014036486856639385,0.004953605588525534,0.04079325869679451,0.00694591598585248,0.021017219871282578,0.014168846420943737,0.04621203616261482,0.09121260792016983,0.029348401352763176,0.0025007156655192375,0.058396417647600174,0.17126256227493286,0.00592978997156024,0.01371548231691122,0.046828459948301315,0.017120910808444023,0.025942644104361534,0.0051255300641059875,0.017678014934062958,0.04569931700825691,0.008379322476685047,0.027597615495324135,0.009643643163144588,0.005099268164485693,0.012486170046031475,0.032772161066532135,0.006203983910381794,0.01979825273156166,0.003954638261348009,0.02163860574364662,0.0334320105612278,0.010571977123618126,0.01634831726551056,0.0048958919942379,0.011256005614995956,0.03545476868748665,0.01672237552702427,0.0075317989103496075,0.016696613281965256,0.015053036622703075,0.00760324951261282,0.030384661629796028,0.034132882952690125,0.012649018317461014,0.014885511249303818,0.016221217811107635,0.00262852618470788
unknown,歌,271.595,272.095,0.9165039,,0.016292575746774673,0.00889915693551302,0.014254293404519558,0.06779222190380096,0.05679633840918541,0.022941742092370987,0.01240788958966732,0.06065228953957558,0.08285249024629593,0.15965409576892853,0.09136465191841125,0.02964375913143158,0.04078442603349686,0.030229242518544197,0.029535606503486633,0.00888722576200962,0.07627106457948685,0.030856650322675705,0.023427877575159073,0.03877074271440506,0.03024277836084366,0.013024229556322098,0.014303289353847504,0.0044945417903363705,0.008523889817297459,0.011059506796300411,0.09897109866142273,0.014176360331475735,0.011796653270721436,0.006991214584559202,0.1401810199022293,0.059843458235263824,0.00984916277229786,0.01826849766075611,0.010416286997497082,0.025636134669184685,0.02501276135444641,0.022676212713122368,0.005279477685689926,0.01789453625679016,0.041032250970602036,0.010078114457428455,0.012176700867712498,0.02184632606804371,0.02469402179121971,0.01144844014197588,0.026635771617293358,0.02147185243666172
unknown,広 い,279.13,279.83002,0.9506836,,0.010769609361886978,0.006159510463476181,0.014996960759162903,0.055102963000535965,0.051722731441259384,0.08247014880180359,0.029222292825579643,0.07033099979162216,0.031946998089551926,0.0748329758644104,0.024105632677674294,0.0250591728836298,0.0806831493973732,0.019582292065024376,0.013057754375040531,0.006496332120150328,0.021911196410655975,0.04524248465895653,0.025740763172507286,0.09951544553041458,0.038710445165634155,0.010684426873922348,0.03515952080488205,0.006658636964857578,0.0072902534157037735,0.004229869693517685,0.050359513610601425,0.03722117468714714,0.012240194715559483,0.04488097131252289,0.047561123967170715,0.019446637481451035,0.0031009328085929155,0.007458722684532404,0.01287013478577137,0.008172898553311825,0.044776272028684616,0.017896302044391632,0.0024407319724559784,0.019883425906300545,0.010025911033153534,0.004867037758231163,0.02352900244295597,0.14327791333198547,0.02446621283888817,0.006701469421386719,0.013408956117928028,0.007289119064807892
unknown,作 る,283.89,284.59,0.91259766,,0.03230961784720421,0.014748025685548782,0.01473452802747488,0.11374366283416748,0.04263794794678688,0.03023977391421795,0.011349608190357685,0.06110116466879845,0.0680282860994339,0.16891056299209595,0.052532706409692764,0.022625936195254326,0.01946099102497101,0.0398356057703495,0.08700506389141083,0.008061433210968971,0.07924866676330566,0.0426953099668026,0.020980076864361763,0.04394903406500816,0.018512973561882973,0.021520186215639114,0.020501991733908653,0.011949088424444199,0.008850129321217537,0.018961656838655472,0.08524790406227112,0.01492402795702219,0.02227243408560753,0.0076265111565589905,0.08615671843290329,0.06293972581624985,0.014995611272752285,0.01827368140220642,0.019550874829292297,0.0707739070057869,0.03243608772754669,0.12069565057754517,0.009265117347240448,0.034917403012514114,0.06143076345324516,0.012169632129371166,0.01675231195986271,0.016202541068196297,0.026738470420241356,0.03794575855135918,0.031850412487983704,0.02777930349111557
unknown,人,290.665,291.165,0.9658203,,0.008843792602419853,0.005344475619494915,0.0033314116299152374,0.03154195845127106,0.06364820152521133,0.023118285462260246,0.0200904943048954,0.03577842935919762,0.011140194721519947,0.044632453471422195,0.04715915396809578,0.015011785551905632,0.14083604514598846,0.01847613975405693,0.008683860301971436,0.0038098839577287436,0.07577723264694214,0.013812168501317501,0.013615098781883717,0.03334581479430199,0.05380772426724434,0.007458721287548542,0.008139059878885746,0.0028849453665316105,0.0035902836825698614,0.006593556143343449,0.05335235595703125,0.021428285166621208,0.004357061814516783,0.02258487418293953,0.05293286591768265,0.01877393200993538,0.004041844978928566,0.014391772449016571,0.004574708174914122,0.017399614676833153,0.07495814561843872,0.014364801347255707,0.0040330467745661736,0.008335627615451813,0.00842937920242548,0.007714658044278622,0.006230332888662815,0.09186259657144547,0.03888580575585365,0.005005775950849056,0.005620250478386879,0.013954553753137589
unknown,仲 良 り,296.465,297.285,0.57405597,,0.01630588434636593,0.007874792441725731,0.009679611772298813,0.03756953030824661,0.01087348535656929,0.008845128118991852,0.01191894244402647,0.030447624623775482,0.04918908327817917,0.25130462646484375,0.13956692814826965,0.03169506788253784,0.040434423834085464,0.013491523452103138,0.02349664457142353,0.006486755795776844,0.10866163671016693,0.022029345855116844,0.0063969953916966915,0.009687641635537148,0.03674877807497978,0.008844773285090923,0.007145375944674015,0.0031977850012481213,0.010442392900586128,0.012453848496079445,0.06164534017443657,0.002857428975403309,0.005898283328860998,0.0016136382473632693,0.14417928457260132,0.03949647769331932,0.01232108287513256,0.022093849256634712,0.003791685216128826,0.024733493104577065,0.03806230053305626,0.009153938852250576,0.003997057676315308,0.012183115817606449,0.01757262833416462,0.0035601560957729816,0.004111950751394033,0.011161300353705883,0.015360054560005665,0.010636338032782078,0.0111122727394104,0.015009609051048756
unknown,高 い,303.345,304.085,0.9929199,,0.018818702548742294,0.014772428199648857,0.035582397133111954,0.0627136379480362,0.006462952587753534,0.013425740413367748,0.06653361767530441,0.051750194281339645,0.05869732052087784,0.12247606366872787,0.036268796771764755,0.06511946022510529,0.07150731980800629,0.006866423413157463,0.028563523665070534,0.021797161549329758,0.03248247876763344,0.010082894936203957,0.005177547689527273,0.015157794579863548,0.028629200533032417,0.022095127031207085,0.006303301081061363,0.004014227073639631,0.024863045662641525,0.007378126960247755,0.08767683058977127,0.007348275743424892,0.007800129242241383,0.007313915528357029,0.14807717502117157,0.026487326249480247,0.010096685029566288,0.012502777390182018,0.004834027029573917,0.01050321664661169,0.10895944386720657,0.01821964420378208,0.004365964327007532,0.008992007002234459,0.025310367345809937,0.00777384964749217,0.005180321633815765,0.03805924206972122,0.05820079892873764,0.00805698987096548,0.02027922123670578,0.014604988507926464
unknown,心,308.35397,308.85397,0.9790039,,0.008246642537415028,0.006547517608851194,0.006404866464436054,0.05441739037632942,0.0205374825745821,0.023314986377954483,0.01921595074236393,0.045701488852500916,0.033039391040802,0.1338905245065689,0.059766735881567,0.011633200570940971,0.0927588939666748,0.007379697635769844,0.01774733141064644,0.0017436979105696082,0.06786060333251953,0.010229161009192467,0.007829676382243633,0.03140918165445328,0.05119079351425171,0.014468105509877205,0.009384706616401672,0.0038914685137569904,0.010052155703306198,0.006232998333871365,0.06354863196611404,0.032646503299474716,0.010521571151912212,0.016373079270124435,0.053625818341970444,0.02637598104774952,0.006102420389652252,0.009481090120971203,0.005943894851952791,0.015661289915442467,0.053552959114313126,0.045519232749938965,0.005544242914766073,0.00822031032294035,0.02263592556118965,0.008336519822478294,0.006793780252337456,0.06070895493030548,0.03990333899855614,0.012673541903495789,0.007149313576519489,0.01710856892168522
unknown,シ ョ ッ ク,313.82092,314.56033,0.99157715,,0.01721125654876232,0.007618245203047991,0.02618548274040222,0.0771036371588707,0.03683316335082054,0.028308669105172157,0.02525324560701847,0.01867572031915188,0.025098605081439018,0.14103108644485474,0.0993223637342453,0.02915281429886818,0.06026076525449753,0.015188554301857948,0.028546661138534546,0.0115424282848835,0.06572438031435013,0.009391850791871548,0.016339484602212906,0.02805296704173088,0.023849470540881157,0.01475112047046423,0.005092519801110029,0.0036539509892463684,0.013963676057755947,0.0076453546062111855,0.0860062763094902,0.03280024230480194,0.0039850156754255295,0.02848546952009201,0.12525740265846252,0.03982803598046303,0.005169607233256102,0.011819444596767426,0.005294770002365112,0.025690371170639992,0.03197457268834114,0.01105793472379446,0.003226944012567401,0.011895528063178062,0.04340800642967224,0.006709277164191008,0.006955283228307962,0.045136451721191406,0.045881714671850204,0.0038341127801686525,0.006769395433366299,0.022606490179896355
unknown,困 り,320.50223,321.12207,0.7507324,,0.007903572171926498,0.00632309028878808,0.0072485944256186485,0.04210473969578743,0.08515102416276932,0.03760864585638046,0.011418940499424934,0.04928307607769966,0.05331845209002495,0.11015179008245468,0.14525480568408966,0.020361801609396935,0.07009223103523254,0.04480579122900963,0.020244454964995384,0.027334734797477722,0.2430637627840042,0.03273008018732071,0.029294157400727272,0.05848729610443115,0.07689005881547928,0.0073446608148515224,0.014604137279093266,0.0076338304206728935,0.010480953380465508,0.017201613634824753,0.0375790148973465,0.03802226111292839,0.012779866345226765,0.011468909680843353,0.14514099061489105,0.015729930251836777,0.008048776537179947,0.006399977020919323,0.010855254717171192,0.012755625881254673,0.010120096616446972,0.02046605385839939,0.015833618119359016,0.012308388948440552,0.017554467543959618,0.02391018532216549,0.0091249356046319,0.02457510307431221,0.013588379137217999,0.03004920482635498,0.029434382915496826,0.01772991567850113
unknown,空,325.65546,326.15546,0.92871094,,0.013068129308521748,0.006722339428961277,0.011699734255671501,0.05158837512135506,0.10391852259635925,0.01868565008044243,0.010222218930721283,0.04093385860323906,0.046227071434259415,0.16613203287124634,0.13447527587413788,0.018183410167694092,0.053150199353694916,0.04795389994978905,0.023493457585573196,0.007081996649503708,0.19108320772647858,0.03595178201794624,0.028003208339214325,0.03344469517469406,0.047917790710926056,0.015717990696430206,0.014678946696221828,0.004791480489075184,0.007000233978033066,0.024685390293598175,0.06496773660182953,0.01245938241481781,0.009934605099260807,0.006862209644168615,0.09863679111003876,0.034182772040367126,0.00631912425160408,0.010612416081130505,0.009938574396073818,0.030407145619392395,0.048112962394952774,0.03879813849925995,0.004465864505618811,0.011843428015708923,0.034732792526483536,0.011495730839669704,0.01103142462670803,0.02729867957532406,0.022456634789705276,0.011368554085493088,0.018834194168448448,0.029606202617287636
unknown,全 体,331.80734,332.50708,0.6048584,,0.014450764283537865,0.010110221803188324,0.010583658702671528,0.025717856362462044,0.014064809307456017,0.005262831225991249,0.014644603244960308,0.006465413141995668,0.046098656952381134,0.3438583314418793,0.22250521183013916,0.02867361530661583,0.01003741193562746,0.010656598955392838,0.05487113073468208,0.006627883296459913,0.18735846877098083,0.006664404179900885,0.004307454451918602,0.008325156755745411,0.011346886865794659,0.010857063345611095,0.0030623790808022022,0.0034870640374720097,0.013256046921014786,0.0027079905848950148,0.06075327470898628,0.00719485292211175,0.0028973831795156,0.004223384894430637,0.12862302362918854,0.029784338548779488,0.011347313411533833,0.010279134847223759,0.0051203095354139805,0.03641406074166298,0.03860630467534065,0.054737333208322525,0.0053397114388644695,0.006315056700259447,0.0659455955028534,0.005731526762247086,0.0029651117511093616,0.00793053675442934,0.020759342238307,0.010980315506458282,0.014095640741288662,0.043152954429388046
unknown,青 い,337.69693,338.43677,0.8869629,,0.026904571801424026,0.013417048379778862,0.01785939186811447,0.03709760680794716,0.019964244216680527,0.027845820412039757,0.02251468412578106,0.04942511022090912,0.02952481247484684,0.11835993081331253,0.04837457463145256,0.04419470950961113,0.05738335847854614,0.026911623775959015,0.035003840923309326,0.011089525185525417,0.09978967159986496,0.047175295650959015,0.023982521146535873,0.036254845559597015,0.021961331367492676,0.009539766237139702,0.01781662367284298,0.010013014078140259,0.012443657033145428,0.02645711414515972,0.0399588868021965,0.013048377819359303,0.006477630231529474,0.0067809997126460075,0.06297782063484192,0.02690066583454609,0.011258453130722046,0.018261244520545006,0.008489449508488178,0.03501424565911293,0.12163574248552322,0.03151291236281395,0.011275316588580608,0.01587691530585289,0.04164502024650574,0.009496649727225304,0.014158298261463642,0.03676770627498627,0.044066283851861954,0.013141392730176449,0.011316459625959396,0.025170763954520226
unknown,顔,346.1306,346.6306,0.9790039,,0.006988014094531536,0.005035851616412401,0.005875103175640106,0.02291513793170452,0.057732027024030685,0.023723136633634567,0.007365780416876078,0.057781778275966644,0.026688814163208008,0.11252331733703613,0.0414566732943058,0.009478447027504444,0.06525396555662155,0.030979767441749573,0.023657022044062614,0.002799196634441614,0.07077232748270035,0.033328231424093246,0.03201278671622276,0.05033286660909653,0.024427354335784912,0.003511486342176795,0.012773286551237106,0.006174526643007994,0.006108274683356285,0.014771892689168453,0.020940139889717102,0.015991689637303352,0.009130018763244152,0.005887005478143692,0.04643891751766205,0.011005334556102753,0.0031442823819816113,0.007862587459385395,0.010328328236937523,0.01161168422549963,0.02073008380830288,0.012866387143731117,0.0029957422520965338,0.0148997837677598,0.017406266182661057,0.0033187023364007473,0.011147075332701206,0.03571018576622009,0.017649810761213303,0.006715667434036732,0.012278511188924313,0.008367760106921196
unknown,3 万,350.0625,350.8023,0.65234375,,0.017333118245005608,0.01422357838600874,0.015361526980996132,0.05423241853713989,0.0456494465470314,0.04822884127497673,0.02611103653907776,0.045904796570539474,0.08389595150947571,0.17169782519340515,0.10088380426168442,0.052251122891902924,0.08477874845266342,0.030613116919994354,0.024845276027917862,0.05929554998874664,0.10464059561491013,0.047031063586473465,0.039481617510318756,0.05616739019751549,0.062063202261924744,0.029199998825788498,0.0248632300645113,0.016660332679748535,0.017341308295726776,0.03657509759068489,0.09179181605577469,0.03271128237247467,0.033169206231832504,0.012632692232728004,0.15062810480594635,0.038477033376693726,0.01777433045208454,0.025024626404047012,0.023998653516173363,0.02616235613822937,0.06127513572573662,0.015485795214772224,0.020866025239229202,0.06146951764822006,0.024323461577296257,0.0499902069568634,0.04097513109445572,0.045713476836681366,0.03205345198512077,0.012868928723037243,0.038696568459272385,0.021643400192260742
unknown,な い,356.4973,357.07724,0.91015625,,0.0066969008184969425,0.0031052150297909975,0.00553654320538044,0.033704422414302826,0.1025969535112381,0.026660440489649773,0.0085284523665905,0.054741982370615005,0.05774344503879547,0.12489337474107742,0.09492738544940948,0.018910693004727364,0.09346681088209152,0.059528935700654984,0.04239778220653534,0.0048529766499996185,0.10286770761013031,0.06327076256275177,0.023228652775287628,0.04492684826254845,0.06021541357040405,0.004220861941576004,0.019148770719766617,0.0028091648127883673,0.004620688036084175,0.008892457000911236,0.03045416809618473,0.010143616236746311,0.008167281746864319,0.005768447183072567,0.07241268455982208,0.010728214867413044,0.0028900224715471268,0.01749209687113762,0.009123533964157104,0.028324684128165245,0.029622795060276985,0.030460897833108902,0.004462664946913719,0.011951044201850891,0.0332646518945694,0.006502524949610233,0.009755890816450119,0.04483649134635925,0.015308959409594536,0.003436869475990534,0.02834307961165905,0.020422592759132385
unknown,キ ゲ ま ン,362.70453,363.72366,0.48568726,,0.021134106442332268,0.02150912582874298,0.0075459228828549385,0.08464135229587555,0.12261955440044403,0.052367229014635086,0.014793225564062595,0.03664321452379227,0.04503883048892021,0.1222253143787384,0.06207553297281265,0.020461993291974068,0.05452095717191696,0.027659747749567032,0.025387180969119072,0.036987677216529846,0.1285296082496643,0.04089131951332092,0.019790874794125557,0.06390803307294846,0.01924794167280197,0.019382886588573456,0.012272488325834274,0.014577563852071762,0.017472615465521812,0.049720704555511475,0.051623981446027756,0.03534172102808952,0.013150621205568314,0.011534122750163078,0.08887376636266708,0.047621022909879684,0.06440018117427826,0.03749905899167061,0.031203029677271843,0.027364417910575867,0.010902577079832554,0.016200555488467216,0.0396290123462677,0.04561246931552887,0.016897931694984436,0.04079296067357063,0.013897075317800045,0.03035982884466648,0.01457888912409544,0.019666114822030067,0.027568286284804344,0.01612524315714836
unknown,無 常,368.5749,369.23462,0.8383789,,0.012556173838675022,0.009131867438554764,0.006680322345346212,0.050889644771814346,0.0303084384649992,0.0667533427476883,0.01531840767711401,0.07760170102119446,0.020212652161717415,0.08335670828819275,0.010617208667099476,0.016177020967006683,0.12823277711868286,0.010401854291558266,0.010808417573571205,0.0052388678304851055,0.01523690763860941,0.022797847166657448,0.010487599298357964,0.05955611914396286,0.04968846216797829,0.009543920867145061,0.019873926416039467,0.010814760811626911,0.007363928481936455,0.00739503838121891,0.025289200246334076,0.04273732379078865,0.017191408202052116,0.027581004425883293,0.03135368973016739,0.024916773661971092,0.0069028534926474094,0.03183503821492195,0.018798407167196274,0.011644331738352776,0.04167958348989487,0.02033800631761551,0.009758289903402328,0.049670714884996414,0.017203431576490402,0.007478647865355015,0.024844247847795486,0.05307022109627724,0.050050754100084305,0.011409341357648373,0.013995577581226826,0.007284372579306364
unknown,概 念,375.2599,375.95963,0.96777344,,0.008465045131742954,0.004854336380958557,0.007317664567381144,0.04487263783812523,0.09133889526128769,0.02313923090696335,0.01364055834710598,0.03664378076791763,0.0582968145608902,0.140131413936615,0.11263881623744965,0.027819830924272537,0.06022666022181511,0.038779038935899734,0.014424722641706467,0.005340294446796179,0.17397958040237427,0.02755497768521309,0.026035849004983902,0.04462118446826935,0.06020175665616989,0.007258949335664511,0.010122202336788177,0.006889629643410444,0.009854795411229134,0.019284073263406754,0.03655509650707245,0.028423825278878212,0.009773808531463146,0.016023609787225723,0.06314608454704285,0.010964542627334595,0.003145395079627633,0.011293207295238972,0.013289025984704494,0.02268611639738083,0.047524403780698776,0.022487444803118706,0.0056610433384776115,0.013999426737427711,0.015947941690683365,0.01131024956703186,0.011663643643260002,0.030970830470323563,0.01713748089969158,0.012242672964930534,0.02546931803226471,0.01794600486755371
unknown,貧 乏,380.29294,380.99265,0.95288086,,0.04611954465508461,0.030508751049637794,0.031440895050764084,0.09698586165904999,0.008282754570245743,0.007026571314781904,0.05243176594376564,0.016449764370918274,0.020273776724934578,0.12190544605255127,0.07775125652551651,0.02199944667518139,0.04713020846247673,0.005116406828165054,0.02861139550805092,0.010620217770338058,0.0487975999712944,0.00507191801443696,0.005751765798777342,0.008131337352097034,0.010106492787599564,0.026649005711078644,0.0026919078081846237,0.002108743181452155,0.02875150740146637,0.0071976869367063046,0.20306403934955597,0.01058114692568779,0.0015670493012294173,0.009722008369863033,0.18350735306739807,0.08871638774871826,0.014553936198353767,0.008257056586444378,0.0019085536478087306,0.029923196882009506,0.024790862575173378,0.01261821947991848,0.005520475562661886,0.0023048496805131435,0.07097966223955154,0.00766204996034503,0.0027218994218856096,0.020633317530155182,0.0989575907588005,0.0028388912323862314,0.0038195422384887934,0.03732271492481232
unknown,尊 敬,386.65866,387.35822,0.9868164,,0.01619975082576275,0.00898200273513794,0.01289734710007906,0.04296161234378815,0.033228106796741486,0.02202088013291359,0.010503671132028103,0.019396651536226273,0.04366692155599594,0.2075684815645218,0.12542405724525452,0.019120406359434128,0.03797592222690582,0.00978456437587738,0.028171489015221596,0.010507145896553993,0.13117505609989166,0.013449544087052345,0.0076058548875153065,0.034694474190473557,0.03606346994638443,0.015307984314858913,0.010368358343839645,0.005562309641391039,0.006744283251464367,0.005824382416903973,0.09087133407592773,0.02578170970082283,0.011238813400268555,0.009990308433771133,0.10734622925519943,0.05117829516530037,0.010006221011281013,0.018051620572805405,0.012040919624269009,0.028827281668782234,0.019335782155394554,0.01401661615818739,0.005423372145742178,0.02456417866051197,0.027701808139681816,0.009941726922988892,0.00969779398292303,0.023037871345877647,0.015634436160326004,0.007831396535038948,0.014692568220198154,0.023300617933273315
unknown,ド ル,392.48584,393.14548,0.66796875,,0.010042475536465645,0.0074139065109193325,0.007865856401622295,0.0778602808713913,0.06974049657583237,0.03628939762711525,0.016152212396264076,0.05050772428512573,0.03917086869478226,0.10902585089206696,0.06682219356298447,0.014146377332508564,0.1286928504705429,0.019463270902633667,0.020999806001782417,0.006159132346510887,0.10227503627538681,0.023047858849167824,0.015755508095026016,0.06130765378475189,0.04394455999135971,0.009226532652974129,0.011547763831913471,0.010014791041612625,0.01065809465944767,0.011024313047528267,0.05849722772836685,0.04958750680088997,0.011584512889385223,0.02206519991159439,0.0824751928448677,0.026394959539175034,0.006326996721327305,0.008047547191381454,0.014259746298193932,0.02333555370569229,0.02149823121726513,0.014338448643684387,0.007064205594360828,0.020849257707595825,0.020106077194213867,0.01032375730574131,0.011110739782452583,0.051591627299785614,0.029114896431565285,0.01133444719016552,0.0169313196092844,0.024630451574921608
unknown,楽 し い,398.15338,398.89285,0.93147784,,0.062960185110569,0.03303536772727966,0.013539484702050686,0.0297844335436821,0.01104271225631237,0.013572276569902897,0.025806017220020294,0.028523772954940796,0.0749412551522255,0.03394118696451187,0.007380268536508083,0.031977199018001556,0.038898468017578125,0.005149375647306442,0.035990290343761444,0.05559764802455902,0.06752624362707138,0.025632450357079506,0.004004315938800573,0.01683961972594261,0.01877390407025814,0.026513587683439255,0.012479214929044247,0.005782985128462315,0.011082902550697327,0.031794026494026184,0.08648794889450073,0.004171175882220268,0.00659499317407608,0.0018649807898327708,0.04433155804872513,0.1004914790391922,0.01945197954773903,0.030334144830703735,0.005040593910962343,0.07179044187068939,0.0175746139138937,0.04021778330206871,0.006336849182844162,0.013266253285109997,0.04802241176366806,0.007524100597947836,0.012632028199732304,0.011336452327668667,0.021016348153352737,0.007393301464617252,0.018258174881339073,0.017979415133595467
unknown,痛 い,404.48148,405.10138,0.72265625,,0.03785775601863861,0.02210927940905094,0.029850933700799942,0.06817179918289185,0.05025791749358177,0.01495263073593378,0.06093917414546013,0.022113731130957603,0.027763785794377327,0.11320619285106659,0.05893879383802414,0.020299915224313736,0.020483648404479027,0.012759641744196415,0.04919801279902458,0.020826278254389763,0.11317578703165054,0.016300300136208534,0.013993438333272934,0.029487086459994316,0.010667298920452595,0.04709106683731079,0.013271206989884377,0.009734246879816055,0.027046291157603264,0.018239866942167282,0.22048118710517883,0.0114088524132967,0.010309926234185696,0.013617966324090958,0.1914737969636917,0.07621725648641586,0.02203393541276455,0.026339584961533546,0.021410714834928513,0.04470166191458702,0.055182624608278275,0.041265733540058136,0.012559933587908745,0.013625645078718662,0.057021453976631165,0.02056564763188362,0.012138620018959045,0.024830324575304985,0.03610927611589432,0.013963552191853523,0.015883786603808403,0.07573278248310089
unknown,恋 人,409.83752,410.53738,0.99365234,,0.006436624564230442,0.003975192084908485,0.005563339684158564,0.026624007150530815,0.08104274421930313,0.0229449775069952,0.009760242886841297,0.032005734741687775,0.03608311712741852,0.14786289632320404,0.11791512370109558,0.021069681271910667,0.09730013459920883,0.02594997175037861,0.01736227236688137,0.0030726888217031956,0.14112430810928345,0.02234196849167347,0.022296791896224022,0.04025297984480858,0.07659688591957092,0.005770139396190643,0.01080662477761507,0.005137113854289055,0.004561940208077431,0.008926227688789368,0.04433078691363335,0.02592620812356472,0.007622434291988611,0.01117800734937191,0.08263231068849564,0.01692793518304825,0.0034508793614804745,0.013396994210779667,0.007978626526892185,0.028099454939365387,0.0377553328871727,0.016188131645321846,0.002944804495200515,0.012378428131341934,0.014516876079142094,0.0037353066727519035,0.00866700429469347,0.03827715292572975,0.01578143984079361,0.012698493897914886,0.014062176458537579,0.018613386899232864
unknown,男,416.92532,417.42532,0.99902344,,0.015438394621014595,0.012856061570346355,0.007954542525112629,0.06401487439870834,0.013991233892738819,0.012305673211812973,0.027989929541945457,0.021486911922693253,0.029555771499872208,0.12003875523805618,0.055156249552965164,0.027808362618088722,0.049472659826278687,0.007791807409375906,0.025229057297110558,0.007051638327538967,0.09536628425121307,0.006943379528820515,0.0061722444370388985,0.01567561738193035,0.019003525376319885,0.022107891738414764,0.006914804223924875,0.004698018543422222,0.015784015879034996,0.011578025296330452,0.11578305065631866,0.011262943036854267,0.006268595345318317,0.0067102257162332535,0.12449884414672852,0.05269100144505501,0.010973094031214714,0.023469913750886917,0.004105957690626383,0.028152715414762497,0.035657841712236404,0.00830031931400299,0.005321021191775799,0.007671068888157606,0.02496042475104332,0.006755183916538954,0.004550664685666561,0.03412250801920891,0.04356275498867035,0.012555444613099098,0.006198960356414318,0.02913205698132515
unknown,牛 乳,421.95877,422.61856,0.9953613,,0.029173700138926506,0.011381837539374828,0.006855519022792578,0.03180515766143799,0.11739874631166458,0.02323131635785103,0.016377894207835197,0.03919956088066101,0.047027748078107834,0.1922651082277298,0.07872957736253738,0.031482722610235214,0.04029223322868347,0.10242943465709686,0.01843216083943844,0.003171086311340332,0.08581901341676712,0.05976362153887749,0.05144409462809563,0.04113416746258736,0.019203195348381996,0.004672061651945114,0.014025897718966007,0.006643329747021198,0.012681089341640472,0.03096795827150345,0.019681492820382118,0.013825036585330963,0.0076019540429115295,0.013211114332079887,0.04554959014058113,0.017054226249456406,0.009588808752596378,0.010448776185512543,0.00836715567857027,0.02182033285498619,0.06662579625844955,0.014629953540861607,0.007746867835521698,0.019631974399089813,0.014967480674386024,0.007071929983794689,0.01592671312391758,0.0377400703728199,0.023171085864305496,0.009683509357273579,0.019384339451789856,0.011466396041214466
unknown,え,427.95102,428.45102,0.5019531,,0.015877511352300644,0.008017687126994133,0.010900933295488358,0.030503379181027412,0.03070971928536892,0.017604554072022438,0.019501063972711563,0.052597369998693466,0.06160761043429375,0.14229433238506317,0.07709888368844986,0.02199874445796013,0.06125835329294205,0.0205969400703907,0.03938201069831848,0.0031901763286441565,0.05739912763237953,0.031769100576639175,0.017809804528951645,0.03374088555574417,0.03263089060783386,0.01021310780197382,0.010782251134514809,0.007458353880792856,0.011003895662724972,0.014221176505088806,0.057418033480644226,0.010844610631465912,0.004761314485222101,0.005537873134016991,0.07648124545812607,0.03182779625058174,0.006154703442007303,0.02116493321955204,0.013740385882556438,0.01747075840830803,0.03177137300372124,0.055442821234464645,0.009731609374284744,0.015970535576343536,0.05453329533338547,0.016314566135406494,0.004592021461576223,0.034215688705444336,0.03213105350732803,0.010064235888421535,0.03463072329759598,0.027493450790643692
unknown,白,434.04102,434.54102,0.9511719,,0.007891225628554821,0.005114872008562088,0.009315661154687405,0.03808747977018356,0.10919829457998276,0.028477447107434273,0.012993008829653263,0.02941451594233513,0.019953623414039612,0.061188679188489914,0.07322441786527634,0.015252511017024517,0.04820708930492401,0.02931414172053337,0.013798238709568977,0.01166120171546936,0.16898322105407715,0.013498767279088497,0.017393412068486214,0.04051966592669487,0.027192894369363785,0.015996035188436508,0.013001625426113605,0.0034759289119392633,0.006806322373449802,0.00814742874354124,0.09976489841938019,0.03254695609211922,0.006937294267117977,0.015481803566217422,0.0734369307756424,0.025840310379862785,0.004133264999836683,0.007992036640644073,0.007517693098634481,0.014147023670375347,0.03233436867594719,0.020153170451521873,0.004142618738114834,0.006195633672177792,0.02031877636909485,0.008161631412804127,0.010701081715524197,0.036296695470809937,0.0206234622746706,0.005694050807505846,0.01101694069802761,0.020653190091252327
unknown,外,440.95584,441.45584,0.9941406,,0.00973124336451292,0.009147831238806248,0.011576577089726925,0.0644645094871521,0.019316475838422775,0.04695460945367813,0.02930896356701851,0.043100886046886444,0.022424157708883286,0.08930977433919907,0.05312366038560867,0.017506901174783707,0.09857618808746338,0.0061272019520401955,0.02155318483710289,0.005947783123701811,0.06523443758487701,0.01144634373486042,0.007454191334545612,0.0526040680706501,0.026773741468787193,0.020189974457025528,0.009748254902660847,0.006748104467988014,0.011699489317834377,0.006635896861553192,0.091855987906456,0.049106109887361526,0.006712064146995544,0.01552262157201767,0.08774881809949875,0.03495868295431137,0.0071177007630467415,0.012866818346083164,0.015840301290154457,0.012999140657484531,0.06048467010259628,0.04037760570645332,0.005427268333733082,0.01700659655034542,0.020023413002490997,0.010380838997662067,0.0062513817101716995,0.04650573432445526,0.060447417199611664,0.009597493335604668,0.0153505215421319,0.02070010080933571
unknown,古 い,447.96997,448.66998,0.99609375,,0.005447679664939642,0.004636689089238644,0.007038148585706949,0.10278914868831635,0.05192743241786957,0.03522291034460068,0.020126890391111374,0.039465390145778656,0.02016407623887062,0.08261890709400177,0.037897154688835144,0.016698990017175674,0.2531188130378723,0.022066939622163773,0.019789090380072594,0.0020759475883096457,0.029542474076151848,0.02430046908557415,0.025926213711500168,0.06151394173502922,0.04444778338074684,0.01022382266819477,0.005872616544365883,0.007853260263800621,0.00853278674185276,0.005605032201856375,0.05145437642931938,0.034777041524648666,0.003513829782605171,0.018140584230422974,0.08219069242477417,0.0245643500238657,0.004485724493861198,0.003304005367681384,0.012878942303359509,0.007744882721453905,0.028374314308166504,0.015049249865114689,0.004723105113953352,0.010906606912612915,0.014269765466451645,0.008485162630677223,0.0049696750938892365,0.08731294423341751,0.04327772557735443,0.0067176842130720615,0.014487287029623985,0.017501473426818848
unknown,人,452.12997,452.62997,0.9824219,,0.012490806169807911,0.006424003280699253,0.00462774932384491,0.04411935433745384,0.05586763471364975,0.018659021705389023,0.02533506043255329,0.03496655076742172,0.01041526161134243,0.049253907054662704,0.051610566675662994,0.015811890363693237,0.13176564872264862,0.022472839802503586,0.01091914251446724,0.004581804387271404,0.08760904520750046,0.012940878048539162,0.01346287690103054,0.027352694422006607,0.05207505077123642,0.011054142378270626,0.008963228203356266,0.0020965507719665766,0.005152781028300524,0.010465141385793686,0.059628020972013474,0.01845312863588333,0.004255698993802071,0.02075539529323578,0.06384462118148804,0.019437260925769806,0.004756893962621689,0.015517095103859901,0.004268634133040905,0.02976754494011402,0.0736876130104065,0.01284835021942854,0.0050916122272610664,0.005440230015665293,0.012227900326251984,0.011067281477153301,0.0068921553902328014,0.08923270553350449,0.04578150436282158,0.004459886346012354,0.006607023533433676,0.02154395543038845
unknown,眠 い,458.3365,459.03607,0.99194336,,0.0016942534130066633,0.0022220746614038944,0.002221596660092473,0.009934528730809689,0.03512785956263542,0.07886210083961487,0.0038793901912868023,0.08835015445947647,0.029302317649126053,0.11589156091213226,0.027602100744843483,0.04237356409430504,0.14756560325622559,0.018252629786729813,0.005828773137181997,0.007840225473046303,0.04021415486931801,0.11408614367246628,0.02211894653737545,0.17243650555610657,0.16579550504684448,0.0035797441378235817,0.028738906607031822,0.006346560083329678,0.004573625046759844,0.005169562064111233,0.008210345171391964,0.041793644428253174,0.024343589320778847,0.016805145889520645,0.018311455845832825,0.007129221223294735,0.003464682959020138,0.02444075606763363,0.046919409185647964,0.003262602724134922,0.030573423951864243,0.008195002563297749,0.010733023285865784,0.06965507566928864,0.005765451118350029,0.012689771130681038,0.040957801043987274,0.04241866245865822,0.006864331662654877,0.005919072311371565,0.05310488119721413,0.0022396259009838104
unknown,あ 甘 い,464.24384,464.94342,0.85530597,,0.028915084898471832,0.02485375665128231,0.012753810733556747,0.08222398906946182,0.05258084461092949,0.033885180950164795,0.036027614027261734,0.09649404883384705,0.009095803834497929,0.054613515734672546,0.021462298929691315,0.022034240886569023,0.13462303578853607,0.017418131232261658,0.018622437492012978,0.02263648808002472,0.04516958072781563,0.018473291769623756,0.03526650369167328,0.056763067841529846,0.01787281036376953,0.012498951517045498,0.02745276503264904,0.009734375402331352,0.014797973446547985,0.015524780377745628,0.04923968389630318,0.016405688598752022,0.008540930226445198,0.01278684101998806,0.0859908014535904,0.029391173273324966,0.021804751828312874,0.01923838071525097,0.01579432561993599,0.023505257442593575,0.03219575807452202,0.01244310848414898,0.0309248398989439,0.013844187371432781,0.028689010068774223,0.06634507328271866,0.020874911919236183,0.04613547772169113,0.03349980339407921,0.010479462333023548,0.0053788707591593266,0.01751541718840599
unknown,優 し く す る,471.5657,472.54504,0.99228513,,0.02012571319937706,0.009453256614506245,0.013012868352234364,0.01740243472158909,0.02155587449669838,0.08503592759370804,0.011658057570457458,0.05442523583769798,0.025808583945035934,0.22140981256961823,0.03025444969534874,0.05176933854818344,0.030498284846544266,0.022534703835844994,0.012815460562705994,0.005752019118517637,0.042495738714933395,0.022622307762503624,0.030195819213986397,0.0453965961933136,0.056892622262239456,0.011629770509898663,0.02577122487127781,0.01541964616626501,0.007495838217437267,0.004147063475102186,0.04336859658360481,0.024516617879271507,0.02205810323357582,0.009259376674890518,0.043893516063690186,0.027525905519723892,0.015150019899010658,0.005905694793909788,0.00879474263638258,0.01592387445271015,0.023991504684090614,0.010255544446408749,0.010155027732253075,0.0230336245149374,0.01999841444194317,0.02283148467540741,0.034138329327106476,0.011109426617622375,0.004659626632928848,0.02758687548339367,0.023406503722071648,0.006504436489194632
unknown,戦 争,476.3192,477.01895,0.99072266,,0.02432243339717388,0.009331956505775452,0.009308449923992157,0.03179073706269264,0.01597421243786812,0.023046551272273064,0.019084522500634193,0.018553821370005608,0.020285136997699738,0.09550385177135468,0.07204949855804443,0.02816111035645008,0.045363448560237885,0.011613607406616211,0.015947941690683365,0.014962749555706978,0.06725913286209106,0.022016841918230057,0.007402646820992231,0.027625616639852524,0.023238126188516617,0.013372773304581642,0.006901864893734455,0.002929921727627516,0.013665738515555859,0.005112216807901859,0.08659063279628754,0.020352231338620186,0.0031469992827624083,0.011867428198456764,0.11104050278663635,0.03249470517039299,0.008122256956994534,0.020736390724778175,0.005681597627699375,0.009940916672348976,0.02856784500181675,0.015126748010516167,0.004482975695282221,0.00928853265941143,0.02069571428000927,0.0065037962049245834,0.0046583423390984535,0.030280275270342827,0.04966336861252785,0.007699815556406975,0.007377647329121828,0.015433448366820812
unknown,研 究,483.2846,483.98413,0.99243164,,0.1690865308046341,0.0380045510828495,0.14211530983448029,0.00604021642357111,0.004938066471368074,0.0022150541190057993,0.009029668755829334,0.021434200927615166,0.04869455844163895,0.38973063230514526,0.017293110489845276,0.004015551880002022,0.003870397573336959,0.009312914684414864,0.42413896322250366,0.000241526635363698,0.005659893155097961,0.0031673195771872997,0.0016223150305449963,0.0022201647516340017,0.0068390825763344765,0.0043230256997048855,0.0034938277676701546,0.0012542132753878832,0.00463813217356801,0.0012247931445017457,0.007267553824931383,0.0015976028516888618,0.0010328051866963506,0.0008190262014977634,0.052675116807222366,0.07738973200321198,0.02314671315252781,0.0014626621268689632,0.002013241872191429,0.021214105188846588,0.005961372051388025,0.2126699686050415,0.0019855336286127567,0.0021018870174884796,0.3870624303817749,0.0013677615206688643,0.001422615023329854,0.0012918661814182997,0.029702354222536087,0.0019265611190348864,0.013401927426457405,0.028638720512390137
unknown,重 要,490.7872,491.4468,0.9812012,,0.01168010663241148,0.006339008919894695,0.002840189728885889,0.01528987754136324,0.025179196149110794,0.014324660412967205,0.008984598331153393,0.012034171260893345,0.026770276948809624,0.15336039662361145,0.06920726597309113,0.028118206188082695,0.03386839106678963,0.010146122425794601,0.019886327907443047,0.0055870781652629375,0.10255065560340881,0.012747799046337605,0.004387747962027788,0.02216874249279499,0.018876206129789352,0.007587049156427383,0.00552244670689106,0.004839593078941107,0.0035372579004615545,0.004232202656567097,0.03345908597111702,0.011720845475792885,0.0039824205450713634,0.007544923573732376,0.03542843833565712,0.023765897378325462,0.0042710257694125175,0.01161800604313612,0.006552696693688631,0.021077945828437805,0.04806699976325035,0.03932223469018936,0.002975295763462782,0.01592174544930458,0.04068819433450699,0.003595489775761962,0.004918077494949102,0.01599605195224285,0.01928122341632843,0.010090714320540428,0.02187289111316204,0.01917736604809761
unknown,家 族,494.33896,494.95868,0.9987793,,0.055398136377334595,0.029636647552251816,0.013496004976332188,0.03677389398217201,0.010481402277946472,0.004335504490882158,0.021932365372776985,0.010245866142213345,0.014430269598960876,0.11279387027025223,0.062449779361486435,0.011419444344937801,0.014265058562159538,0.003710506483912468,0.03874530270695686,0.004732346162199974,0.027126040309667587,0.004717166535556316,0.001803071703761816,0.004922910127788782,0.0076327635906636715,0.01648668572306633,0.0031852161046117544,0.001152458251453936,0.01654157042503357,0.003654270898550749,0.10892970860004425,0.00314644374884665,0.002584189875051379,0.0036944502498954535,0.12034861743450165,0.0718366876244545,0.0215434730052948,0.02956237643957138,0.0010729690548032522,0.06365439295768738,0.018005091696977615,0.008408971130847931,0.005353901069611311,0.0027562265750020742,0.051661159843206406,0.00378895690664649,0.0019562472589313984,0.011078739538788795,0.0644313171505928,0.0025745288003236055,0.0022496844176203012,0.022301405668258667
unknown,生 き る,500.0672,500.80704,0.8429362,,0.015265675261616707,0.012515516951680183,0.014722604304552078,0.05555969476699829,0.04578150808811188,0.056224364787340164,0.023762337863445282,0.07113778591156006,0.045596372336149216,0.2518571615219116,0.03171449154615402,0.03464524820446968,0.08395308256149292,0.026742512360215187,0.06936942040920258,0.004271659068763256,0.05867697671055794,0.029930397868156433,0.016476724296808243,0.08821368962526321,0.07305105775594711,0.01724860444664955,0.03815649449825287,0.015101130120456219,0.018107634037733078,0.0066414764150977135,0.06109939143061638,0.026339063420891762,0.02462298423051834,0.020891886204481125,0.05509096756577492,0.04618799686431885,0.010843177326023579,0.01106670405715704,0.014695359393954277,0.016955997794866562,0.10309708118438721,0.10312055796384811,0.0058878520503640175,0.018353790044784546,0.07450185716152191,0.006645734887570143,0.027219250798225403,0.03444937989115715,0.026471765711903572,0.019652869552373886,0.04891074448823929,0.01807349920272827
unknown,赤 い,505.90317,506.52307,0.97802734,,0.023781154304742813,0.014908455312252045,0.022025760263204575,0.03937890753149986,0.009234432131052017,0.02644738182425499,0.03650761395692825,0.07013551145792007,0.03384474664926529,0.11042672395706177,0.043239254504442215,0.04657764732837677,0.06561912596225739,0.007105146534740925,0.017020385712385178,0.006418867968022823,0.023517418652772903,0.01127450168132782,0.007977456785738468,0.023694602772593498,0.037004631012678146,0.0068245939910411835,0.009400944225490093,0.006175845395773649,0.010028892196714878,0.003826908301562071,0.03282953053712845,0.01815338432788849,0.008379564620554447,0.010088556446135044,0.059345684945583344,0.01822355017066002,0.0081217335537076,0.016148697584867477,0.006244601681828499,0.010260303504765034,0.06781595200300217,0.009468501433730125,0.004391169175505638,0.01467476598918438,0.021255187690258026,0.004299575462937355,0.008312953636050224,0.025378180667757988,0.023762941360473633,0.006792512722313404,0.006385331973433495,0.010086570866405964
unknown,幸 せ,511.8332,512.69275,0.99731445,,0.02955259010195732,0.011096582747995853,0.0160863995552063,0.054110415279865265,0.07988010346889496,0.062229324132204056,0.03829629346728325,0.0509028434753418,0.041143473237752914,0.0878475233912468,0.06366652250289917,0.0343807227909565,0.06483101844787598,0.04473350942134857,0.03912648186087608,0.010246380232274532,0.0938216969370842,0.03415385261178017,0.029980983585119247,0.05155719816684723,0.055203381925821304,0.016738079488277435,0.02698563225567341,0.008997785858809948,0.010089859366416931,0.03606436401605606,0.05911261588335037,0.03909287229180336,0.024796046316623688,0.016798943281173706,0.060375019907951355,0.04873289540410042,0.008855042979121208,0.026258518919348717,0.021439408883452415,0.045566167682409286,0.07444241642951965,0.0897938683629036,0.012239208444952965,0.032161105424165726,0.05278227850794792,0.016682688146829605,0.02473587542772293,0.042267922312021255,0.03794242814183235,0.01362193375825882,0.01907912641763687,0.03451145440340042
unknown,自 童,518.1048,518.7247,0.8691406,,0.008113819174468517,0.003152611432597041,0.003182133426889777,0.029198717325925827,0.04333779588341713,0.024246184155344963,0.0055494182743132114,0.027028243988752365,0.06371715664863586,0.17592471837997437,0.060420431196689606,0.017682993784546852,0.04895109683275223,0.016369042918086052,0.011397288180887699,0.0032448777928948402,0.06270979344844818,0.014516538940370083,0.007272535469383001,0.02473871223628521,0.031066706404089928,0.006998238619416952,0.008339575491845608,0.00364387477748096,0.005618527065962553,0.003790665417909622,0.02864629402756691,0.010644981637597084,0.006149681285023689,0.0077418494038283825,0.04494751989841461,0.017071055248379707,0.0028749972116202116,0.010435506701469421,0.006390058435499668,0.013656902126967907,0.01752488501369953,0.013813796453177929,0.002705996623262763,0.014196929521858692,0.019429542124271393,0.005904918536543846,0.007119054906070232,0.012889627367258072,0.013701938092708588,0.006425045430660248,0.03884776309132576,0.01706935465335846
unknown,軽 蔑,524.1367,524.8365,0.86035156,,0.03552321344614029,0.015256163664162159,0.021870221942663193,0.07211466878652573,0.03451630100607872,0.01668870821595192,0.018970349803566933,0.06611043959856033,0.04386311396956444,0.18045498430728912,0.09726417064666748,0.03894383832812309,0.03839637711644173,0.05128068849444389,0.04709833487868309,0.006425214931368828,0.08993538469076157,0.03492427617311478,0.036681026220321655,0.023908888921141624,0.03747677057981491,0.012605899944901466,0.022923873737454414,0.006706585176289082,0.009520960040390491,0.013262175023555756,0.05191928520798683,0.01412519346922636,0.013832560740411282,0.011789935640990734,0.08642347902059555,0.030286697670817375,0.012269847095012665,0.01796301081776619,0.006078070029616356,0.041238728910684586,0.06892257183790207,0.03104008361697197,0.006903290282934904,0.0112841771915555,0.05871528014540672,0.01780245080590248,0.015970904380083084,0.026589442044496536,0.028738029301166534,0.010656402446329594,0.01743471436202526,0.023802563548088074
unknown,赤 ち ゃ,529.9792,530.6388,0.7888997,,0.007864636369049549,0.005547609645873308,0.006718854419887066,0.05343298241496086,0.074943907558918,0.040921084582805634,0.011123109608888626,0.035283058881759644,0.014998657628893852,0.11313872784376144,0.10466555505990982,0.03155534341931343,0.07451394200325012,0.02410697378218174,0.014672321267426014,0.005282992031425238,0.1681388020515442,0.02142556756734848,0.014846403151750565,0.05262422561645508,0.04726889729499817,0.009329422377049923,0.011996225453913212,0.007872886024415493,0.008149329572916031,0.011801514774560928,0.06383063644170761,0.03119106963276863,0.010912938043475151,0.012593843042850494,0.08031994849443436,0.023730982095003128,0.004927797242999077,0.019594356417655945,0.009377342648804188,0.016493406146764755,0.042023830115795135,0.013164980337023735,0.002908199792727828,0.017417628318071365,0.015843143686652184,0.0049224779941141605,0.009514782577753067,0.04916495084762573,0.017564091831445694,0.016449131071567535,0.007015617098659277,0.01680411770939827
unknown,野 球,541.88684,542.5465,0.9980469,,0.018649766221642494,0.009141255170106888,0.007205707021057606,0.032421234995126724,0.20681267976760864,0.02522285468876362,0.012691313400864601,0.046724364161491394,0.03681835159659386,0.19949473440647125,0.044181909412145615,0.02198830060660839,0.10826661437749863,0.08678785711526871,0.014564829878509045,0.004598341882228851,0.02762541174888611,0.07376331835985184,0.07186344265937805,0.057921476662158966,0.02706630527973175,0.005137746222317219,0.011630740016698837,0.013083264231681824,0.008667033165693283,0.04027847573161125,0.01687535271048546,0.018835149705410004,0.004964560270309448,0.026592588052153587,0.04639490321278572,0.012151610106229782,0.006047801114618778,0.020587418228387833,0.018260706216096878,0.006866303738206625,0.056367725133895874,0.021305743604898453,0.009447822347283363,0.028922583907842636,0.009737429209053516,0.008666811510920525,0.011983230710029602,0.07835779339075089,0.015119854360818863,0.010882935486733913,0.02250441163778305,0.004921961575746536
unknown,読 嫁,548.2335,548.8533,0.45812988,,0.011347115971148014,0.008286447264254093,0.0053779687732458115,0.036237455904483795,0.10944141447544098,0.027088774368166924,0.012669472023844719,0.04008529707789421,0.04058365896344185,0.25514259934425354,0.1630905270576477,0.032108720391988754,0.056958526372909546,0.03992392495274544,0.02674923464655876,0.009511193260550499,0.27710703015327454,0.04792041704058647,0.022619303315877914,0.061292752623558044,0.04569685086607933,0.00598891731351614,0.014974105171859264,0.01166625414043665,0.010682901367545128,0.019461141899228096,0.024018477648496628,0.027713153511285782,0.011442521587014198,0.014649899676442146,0.07902946323156357,0.013509904965758324,0.007269703317433596,0.01359498593956232,0.01837046630680561,0.03394186869263649,0.034738585352897644,0.04075714573264122,0.00830719992518425,0.023803019896149635,0.02132776565849781,0.008975923992693424,0.015801239758729935,0.0331559032201767,0.011669060215353966,0.017724961042404175,0.03483542799949646,0.023249898105859756
unknown,子 供,554.2374,554.8972,0.98461914,,0.012442500330507755,0.011452841572463512,0.007182169705629349,0.021910376846790314,0.009716561995446682,0.004738205578178167,0.012150677852332592,0.008345801383256912,0.08219996094703674,0.270057737827301,0.10724598914384842,0.0215362049639225,0.012543139979243279,0.002953354036435485,0.024531282484531403,0.008039886131882668,0.13185027241706848,0.0039718239568173885,0.0020171189680695534,0.005303420592099428,0.016085701063275337,0.013514447025954723,0.0022680391557514668,0.00166575878392905,0.012363406829535961,0.005688067059963942,0.05149323493242264,0.006665700115263462,0.0037375339306890965,0.004731466993689537,0.1004251167178154,0.04161909595131874,0.014955846592783928,0.022511184215545654,0.0028458046726882458,0.02162115089595318,0.018285520374774933,0.014411075040698051,0.007917552255094051,0.006526303477585316,0.022190529853105545,0.014113254845142365,0.001786769600585103,0.006405442487448454,0.011772844940423965,0.004621994215995073,0.01566304638981819,0.020532410591840744
unknown,え,560.5492,561.0492,0.7675781,,0.01967179961502552,0.009736604057252407,0.014275242574512959,0.04432098567485809,0.02418145164847374,0.01953575201332569,0.023570777848362923,0.056816618889570236,0.0611296072602272,0.16905449330806732,0.07617294788360596,0.017949962988495827,0.056088775396347046,0.01598457060754299,0.044785741716623306,0.0039006583392620087,0.06349759548902512,0.027105962857604027,0.01225095335394144,0.03180982545018196,0.036037344485521317,0.01262555830180645,0.013061165809631348,0.007752933073788881,0.011470591649413109,0.013877949677407742,0.06266576796770096,0.01334311906248331,0.00840944517403841,0.007139443885535002,0.08885492384433746,0.03883510082960129,0.007879704236984253,0.023569287732243538,0.01278519257903099,0.023464728146791458,0.03140571713447571,0.07415781170129776,0.01091331522911787,0.019005127251148224,0.0644102692604065,0.017712611705064774,0.006177143193781376,0.029188482090830803,0.038609541952610016,0.01251007616519928,0.029374882578849792,0.0340937003493309
unknown,さ ら,566.1818,566.8017,0.7294922,,0.020288262516260147,0.00929618813097477,0.009410595521330833,0.061734940856695175,0.047274403274059296,0.030321896076202393,0.012840911746025085,0.04679498448967934,0.07383421063423157,0.1760500967502594,0.0639919638633728,0.03512922301888466,0.05615823715925217,0.0362403504550457,0.048352669924497604,0.0060306573286652565,0.12086178362369537,0.05800798162817955,0.018084922805428505,0.045685410499572754,0.03905794769525528,0.017023403197526932,0.017585037276148796,0.01044392678886652,0.01079937070608139,0.020658114925026894,0.05444226413965225,0.016901174560189247,0.016733191907405853,0.007144528441131115,0.06513083726167679,0.05220094323158264,0.010591737926006317,0.014677307568490505,0.015857692807912827,0.024300046265125275,0.0699952021241188,0.07764159142971039,0.005762274842709303,0.02802223712205887,0.05407201871275902,0.009836472570896149,0.01818857714533806,0.030552301555871964,0.028873834758996964,0.019018054008483887,0.036524780094623566,0.025635099038481712
unknown,ペ 気,571.71497,572.455,0.5654297,,0.16809454560279846,0.04685692861676216,0.15242618322372437,0.02828196994960308,0.0048693506978452206,0.0020905158016830683,0.014559508301317692,0.022658437490463257,0.06968860328197479,0.249175027012825,0.007932008244097233,0.004784689284861088,0.005258399993181229,0.010416179895401001,0.41498470306396484,0.001213153824210167,0.006370736286044121,0.003972924780100584,0.0022262167185544968,0.002250091405585408,0.007647847756743431,0.009348751045763493,0.006804848089814186,0.0014992362121120095,0.006080550607293844,0.0045282309874892235,0.013944029808044434,0.000962485559284687,0.002088843146339059,0.0006560402689501643,0.05071800574660301,0.11683721840381622,0.03782162442803383,0.0024145140778273344,0.0019555797334760427,0.027700630947947502,0.009755222126841545,0.3739815056324005,0.0032280171290040016,0.001957016298547387,0.47889387607574463,0.004526556935161352,0.0024987226352095604,0.0016227468149736524,0.02697630785405636,0.0024765576235949993,0.012610223144292831,0.06456664204597473
unknown,幸 わ せ,578.515,579.295,0.89208984,,0.017245784401893616,0.007949203252792358,0.012200177647173405,0.037543024867773056,0.05062219873070717,0.05701904371380806,0.01991548202931881,0.033752065151929855,0.03369152918457985,0.19092558324337006,0.11609005928039551,0.04444808512926102,0.040969133377075195,0.024854717776179314,0.032006777822971344,0.012077834457159042,0.2166217714548111,0.037365298718214035,0.019659779965877533,0.055157389491796494,0.04613349214196205,0.011303002014756203,0.01465718075633049,0.015214200131595135,0.012344811111688614,0.018963957205414772,0.0688571184873581,0.04834498092532158,0.01717645674943924,0.018263276666402817,0.08681289851665497,0.028110342100262642,0.008403165265917778,0.026550782844424248,0.0207766555249691,0.03005310706794262,0.03366079181432724,0.03284236416220665,0.009128685109317303,0.039979275315999985,0.03435170277953148,0.010505559854209423,0.019463317468762398,0.0340687595307827,0.02256597951054573,0.025944184511899948,0.021953115239739418,0.029524650424718857
unknown,ま な 板,586.5067,587.3256,0.8435872,,0.020462442189455032,0.01933448016643524,0.018757550045847893,0.0853433609008789,0.047005169093608856,0.021197780966758728,0.05635590851306915,0.026834730058908463,0.041173771023750305,0.12434659898281097,0.09939105808734894,0.03421385586261749,0.11399460583925247,0.015061415731906891,0.02761082723736763,0.012911900877952576,0.09007454663515091,0.025000929832458496,0.010619384236633778,0.0299829114228487,0.03575899079442024,0.02670665644109249,0.007145985029637814,0.004501079209148884,0.02628755196928978,0.02891923300921917,0.13549205660820007,0.013649442233145237,0.004526285920292139,0.011879228055477142,0.21227841079235077,0.05015658214688301,0.0158450398594141,0.04145196080207825,0.007318364921957254,0.028125373646616936,0.09861212968826294,0.017754947766661644,0.00922328233718872,0.01155256200581789,0.026058316230773926,0.01259804330766201,0.008821259252727032,0.06399556249380112,0.08909688144922256,0.008992857299745083,0.01102542132139206,0.026927800849080086
unknown,8 0 0,589.79175,590.6508,0.9921875,,0.02731243520975113,0.013108503073453903,0.015151680447161198,0.050066109746694565,0.06285392493009567,0.024281293153762817,0.020665472373366356,0.0200645849108696,0.01752997748553753,0.09837011247873306,0.07326417416334152,0.02960270270705223,0.07536601275205612,0.020849453285336494,0.04938939958810806,0.010797347873449326,0.044835709035396576,0.029543615877628326,0.018943043425679207,0.03503306955099106,0.021676376461982727,0.00879408698529005,0.008496653288602829,0.0061148349195718765,0.006758629810065031,0.011507060378789902,0.060565363615751266,0.013710781931877136,0.004775834269821644,0.00818641483783722,0.0523589551448822,0.050238337367773056,0.01044283714145422,0.011930619366466999,0.009239686653017998,0.028994997963309288,0.024139337241649628,0.025273999199271202,0.004064122214913368,0.01568986475467682,0.05674957484006882,0.004258153960108757,0.010144525207579136,0.05111329257488251,0.023372428491711617,0.007777863647788763,0.009969789534807205,0.034196481108665466
unknown,ビ ー ル,595.77673,596.43634,0.97184247,,0.02448290027678013,0.015284954570233822,0.022069279104471207,0.04695902764797211,0.07118364423513412,0.015052970498800278,0.03636094927787781,0.024158550426363945,0.021512247622013092,0.21605214476585388,0.12941955029964447,0.03509446233510971,0.04880240187048912,0.022282307967543602,0.039877749979496,0.008863063529133797,0.08664540201425552,0.016130687668919563,0.0165032260119915,0.03224417567253113,0.028524678200483322,0.013436516746878624,0.006045091897249222,0.004556581843644381,0.017924785614013672,0.015142112970352173,0.0582185722887516,0.017137128859758377,0.004615007899701595,0.010381825268268585,0.12239056825637817,0.038444019854068756,0.009675037115812302,0.01507391408085823,0.007080185692757368,0.03296681493520737,0.05102234333753586,0.01511269062757492,0.007590495981276035,0.00729491887614131,0.04041846841573715,0.01266256719827652,0.007846718654036522,0.022099990397691727,0.037686560302972794,0.0042125205509364605,0.008539258502423763,0.021766450256109238
