Id,Frame,Time,Probability,FaceX0,FaceY0,FaceWidth,FaceHeight,Admiration,Adoration,Aesthetic Appreciation,Amusement,Anger,Anxiety,Awe,Awkwardness,Boredom,Calmness,Concentration,Contemplation,Confusion,Contempt,Contentment,Craving,Determination,Disappointment,Disgust,Distress,Doubt,Ecstasy,Embarrassment,Empathic Pain,Entrancement,Envy,Excitement,Fear,Guilt,Horror,Interest,Joy,Love,Nostalgia,Pain,Pride,Realization,Relief,Romance,Sadness,Satisfaction,Desire,Shame,Surprise (negative),Surprise (positive),Sympathy,Tiredness,Triumph,AU1 Inner Brow Raise,AU2 Outer Brow Raise,AU4 Brow Lowerer,AU5 Upper Lid Raise,AU6 Cheek Raise,AU7 Lids Tight,AU9 Nose Wrinkle,AU10 Upper Lip Raiser,AU11 Nasolabial Furrow Deepener,AU12 Lip Corner Puller,AU14 Dimpler,AU15 Lip Corner Depressor,AU16 Lower Lip Depress,AU17 Chin Raiser,AU18 Lip Pucker,AU19 Tongue Show,AU20 Lip Stretch,AU22 Lip Funneler,AU23 Lip Tightener,AU24 Lip Presser,AU25 Lips Part,AU26 Jaw Drop,AU27 Mouth Stretch,AU28 Lips Suck,AU32 Bite,AU34 Puff,AU37 Lip Wipe,AU38 Nostril Dilate,AU43 Eye Closure,AU53 Head Up,AU54 Head Down,Hand over Mouth,Hand over Eyes,Hand over Forehead,Hand over Face,Hand touching Face / Head,Beaming,Biting lip,Cheering,Cringe,Cry,Eyes closed,Face in hands,Frown,Gasp,Glare,Glaring,Grimace,Grin,Jaw drop,Laugh,Licking lip,Pout,Scowl,Smile,Smirk,Snarl,Squint,Sulking,Tongue out,Wide-eyed,Wince,Wrinkled nose
face_0,70,2.3333333333333335,0.9931054711341858,474.4311218261719,500.1877746582031,328.0965270996094,489.7560119628906,0.1931561380624771,0.14770297706127167,0.09468244016170502,0.29927924275398254,0.052518658339977264,0.1664508879184723,0.23671188950538635,0.21940287947654724,0.3003781735897064,0.3483777940273285,0.3940291404724121,0.22362160682678223,0.3253653347492218,0.10766442865133286,0.1680978238582611,0.06680461019277573,0.10896751284599304,0.19202737510204315,0.05485900118947029,0.15929850935935974,0.2790201008319855,0.07031424343585968,0.11358697712421417,0.06498970091342926,0.1587652564048767,0.04672205075621605,0.19862021505832672,0.17215204238891602,0.07141222804784775,0.10358786582946777,0.42631015181541443,0.22773674130439758,0.18162712454795837,0.07508105039596558,0.07355187088251114,0.08229435235261917,0.21420612931251526,0.08946220576763153,0.07147888094186783,0.12089502811431885,0.18301603198051453,0.07198535650968552,0.06164345145225525,0.12814033031463623,0.17396682500839233,0.06929689645767212,0.1506260186433792,0.05341861769556999,,,,,,,,,,,,,,,,,,,,,,,,,,,,,,,,,,,,,,,,,,,,,,,,,,,,,,,,,,,,,,,
face_0,1790,59.666666666666664,0.9911326766014099,469.8643798828125,503.92779541015625,330.68536376953125,503.87762451171875,0.1976616084575653,0.15999658405780792,0.09758009761571884,0.33488836884498596,0.053168755024671555,0.13235485553741455,0.21269772946834564,0.21361470222473145,0.32374703884124756,0.37781089544296265,0.36694952845573425,0.19332799315452576,0.2977636456489563,0.11520697921514511,0.19074924290180206,0.06733548641204834,0.10734521597623825,0.18613791465759277,0.05467003583908081,0.13710710406303406,0.24979935586452484,0.07725513726472855,0.1019686833024025,0.05959004536271095,0.1541762351989746,0.04695217311382294,0.21267813444137573,0.1272086650133133,0.0599980428814888,0.07893786579370499,0.43346378207206726,0.26554906368255615,0.20731256902217865,0.07506009936332703,0.07003018260002136,0.09311913698911667,0.19287391006946564,0.0980498194694519,0.07585365325212479,0.11445159465074539,0.21519801020622253,0.07956473529338837,0.055956944823265076,0.103688545525074,0.15073467791080475,0.0683770477771759,0.1652853786945343,0.06091603636741638,,,,,,,,,,,,,,,,,,,,,,,,,,,,,,,,,,,,,,,,,,,,,,,,,,,,,,,,,,,,,,,
face_0,1840,61.333333333333336,0.9947709441184998,467.1266784667969,496.391357421875,310.7468566894531,456.597412109375,0.21225878596305847,0.17558297514915466,0.10396548360586166,0.3169032633304596,0.05207683891057968,0.14488594233989716,0.21019530296325684,0.2171395868062973,0.33421170711517334,0.3888406753540039,0.3971095383167267,0.22858718037605286,0.3211662471294403,0.12117509543895721,0.19348448514938354,0.07153366506099701,0.11191511154174805,0.20166146755218506,0.05795809254050255,0.150485560297966,0.28043749928474426,0.07053924351930618,0.1088234931230545,0.06699726730585098,0.1615767925977707,0.05017612501978874,0.19293344020843506,0.13741609454154968,0.06864435970783234,0.07848905771970749,0.44898730516433716,0.25020846724510193,0.2181357741355896,0.083636574447155,0.0791906788945198,0.09339011460542679,0.2014656513929367,0.0965050458908081,0.08422014117240906,0.1375778466463089,0.2117546945810318,0.08356539905071259,0.06273806840181351,0.09776754677295685,0.13330985605716705,0.07386670261621475,0.16683849692344666,0.057170115411281586,,,,,,,,,,,,,,,,,,,,,,,,,,,,,,,,,,,,,,,,,,,,,,,,,,,,,,,,,,,,,,,
face_0,1860,62.0,0.9908287525177002,463.5512390136719,510.54931640625,322.5752868652344,486.839111328125,0.2005203366279602,0.15973281860351562,0.09804457426071167,0.3168792426586151,0.05247620493173599,0.14269694685935974,0.2311137616634369,0.20829834043979645,0.3226006031036377,0.35923418402671814,0.3712838590145111,0.21184797585010529,0.3074013292789459,0.11146104335784912,0.1808500438928604,0.06845028698444366,0.10696929693222046,0.18962723016738892,0.054000724107027054,0.14740218222141266,0.2621581256389618,0.07559084892272949,0.10429758578538895,0.06294495612382889,0.1576371192932129,0.047177594155073166,0.20476368069648743,0.14347468316555023,0.06372197717428207,0.08819977194070816,0.4224710464477539,0.24670498073101044,0.19705729186534882,0.07740863412618637,0.07487070560455322,0.08982738852500916,0.20452561974525452,0.09694411605596542,0.07451820373535156,0.12213002890348434,0.20358365774154663,0.07801801711320877,0.05791039019823074,0.11104507744312286,0.1570182740688324,0.0679875835776329,0.16404831409454346,0.059519167989492416,,,,,,,,,,,,,,,,,,,,,,,,,,,,,,,,,,,,,,,,,,,,,,,,,,,,,,,,,,,,,,,
face_0,1950,65.0,0.9906849265098572,461.7430114746094,495.6612854003906,319.8791198730469,477.9424743652344,0.21197164058685303,0.17339511215686798,0.10374028980731964,0.3107033669948578,0.05236533284187317,0.14939452707767487,0.22017648816108704,0.21926167607307434,0.32789283990859985,0.3860863447189331,0.39608144760131836,0.23064860701560974,0.3179803490638733,0.12048202753067017,0.1901979148387909,0.07120822370052338,0.11123356223106384,0.20510223507881165,0.05877285078167915,0.1541435718536377,0.28056442737579346,0.07010707259178162,0.1134297177195549,0.06885920464992523,0.1634274572134018,0.05070788785815239,0.19126898050308228,0.14693066477775574,0.07182905822992325,0.08425047993659973,0.43903079628944397,0.24205584824085236,0.21266013383865356,0.08482258766889572,0.08071153610944748,0.09186814725399017,0.20692181587219238,0.09629242867231369,0.08282315731048584,0.1415335237979889,0.20479601621627808,0.08016858994960785,0.06540090590715408,0.10367042571306229,0.14027249813079834,0.07426900416612625,0.16513197124004364,0.056354109197854996,,,,,,,,,,,,,,,,,,,,,,,,,,,,,,,,,,,,,,,,,,,,,,,,,,,,,,,,,,,,,,,
face_0,2020,67.33333333333333,0.9948634505271912,466.0934143066406,501.8077697753906,318.3860778808594,469.4195251464844,0.21225349605083466,0.17686022818088531,0.10386618971824646,0.31980177760124207,0.051594268530607224,0.14459779858589172,0.21009518206119537,0.21390648186206818,0.3407612442970276,0.39625540375709534,0.39770761132240295,0.23047758638858795,0.31381624937057495,0.11862509697675705,0.1968688666820526,0.06984538584947586,0.11080696433782578,0.20482978224754333,0.0571906678378582,0.1527622938156128,0.27478140592575073,0.07040669023990631,0.1097058579325676,0.06818831712007523,0.16096904873847961,0.0495988093316555,0.19265003502368927,0.13754454255104065,0.06953909248113632,0.07861533761024475,0.4431270360946655,0.2541234791278839,0.22007575631141663,0.08474008738994598,0.08228099346160889,0.0933571606874466,0.20240819454193115,0.0985211431980133,0.08342570811510086,0.14432686567306519,0.21388687193393707,0.08098974078893661,0.06391750276088715,0.09748612344264984,0.1329631507396698,0.07467233389616013,0.17169806361198425,0.057179488241672516,,,,,,,,,,,,,,,,,,,,,,,,,,,,,,,,,,,,,,,,,,,,,,,,,,,,,,,,,,,,,,,
face_0,2100,70.0,0.991919755935669,462.1000061035156,498.2542724609375,320.9914855957031,476.2076416015625,0.20592628419399261,0.16481998562812805,0.10038524866104126,0.31711506843566895,0.05355379357933998,0.14666160941123962,0.23603428900241852,0.21565036475658417,0.31238001585006714,0.3691038191318512,0.38595277070999146,0.21954236924648285,0.31608572602272034,0.11540215462446213,0.18370020389556885,0.06971028447151184,0.10933572053909302,0.1988765001296997,0.05889027938246727,0.15330421924591064,0.271553099155426,0.07453115284442902,0.1112910658121109,0.06813497096300125,0.16172297298908234,0.049437426030635834,0.2029653936624527,0.1523597240447998,0.0692724883556366,0.0923231765627861,0.4306391477584839,0.24614770710468292,0.2010267674922943,0.08138218522071838,0.08138768374919891,0.09002465754747391,0.21019341051578522,0.09694234281778336,0.07666772603988647,0.13626228272914886,0.20191171765327454,0.07712855190038681,0.06273127347230911,0.11413871496915817,0.1594811975955963,0.07209987193346024,0.16192810237407684,0.05842939764261246,,,,,,,,,,,,,,,,,,,,,,,,,,,,,,,,,,,,,,,,,,,,,,,,,,,,,,,,,,,,,,,
face_0,2330,77.66666666666667,0.9947815537452698,464.1298828125,482.4421081542969,310.8389892578125,451.1705017089844,0.21722249686717987,0.1954137086868286,0.10920640826225281,0.3470211923122406,0.04812619835138321,0.12369053065776825,0.16017811000347137,0.21604850888252258,0.3699970245361328,0.46136218309402466,0.4052739441394806,0.2161325365304947,0.2892172038555145,0.12750375270843506,0.2331629991531372,0.07014020532369614,0.11037905514240265,0.1982557773590088,0.05673340708017349,0.1334056556224823,0.2542087137699127,0.06924523413181305,0.10170696675777435,0.06375972926616669,0.1571579873561859,0.04962552338838577,0.18966011703014374,0.09968055039644241,0.06361033767461777,0.05336359143257141,0.474072128534317,0.296402245759964,0.2650430500507355,0.08761811256408691,0.07594206929206848,0.10231684148311615,0.17339444160461426,0.1015472561120987,0.09644755721092224,0.1422213315963745,0.2506823241710663,0.09052099287509918,0.061570703983306885,0.06835300475358963,0.09350455552339554,0.07948368042707443,0.1809399425983429,0.05746431276202202,,,,,,,,,,,,,,,,,,,,,,,,,,,,,,,,,,,,,,,,,,,,,,,,,,,,,,,,,,,,,,,
face_0,2450,81.66666666666667,0.9953798055648804,484.98785400390625,503.88128662109375,327.8082275390625,489.1031494140625,0.21688911318778992,0.17836609482765198,0.10457944869995117,0.33762896060943604,0.05087510868906975,0.14259272813796997,0.221755251288414,0.21095441281795502,0.32352975010871887,0.37750279903411865,0.3870646357536316,0.22473619878292084,0.30212295055389404,0.11365658789873123,0.19585178792476654,0.07056756317615509,0.11072274297475815,0.19082725048065186,0.05381641536951065,0.14587683975696564,0.26303568482398987,0.07585503906011581,0.10551545023918152,0.06354682892560959,0.16263121366500854,0.04874817281961441,0.2109728902578354,0.138127401471138,0.06525769084692001,0.08100396394729614,0.4495604336261749,0.26871180534362793,0.22138497233390808,0.08304287493228912,0.07561417669057846,0.09558241814374924,0.20399504899978638,0.09878964722156525,0.0825304239988327,0.12796132266521454,0.2176906168460846,0.08118589967489243,0.05969676747918129,0.1007862463593483,0.14467822015285492,0.07173669338226318,0.15984176099300385,0.061291128396987915,,,,,,,,,,,,,,,,,,,,,,,,,,,,,,,,,,,,,,,,,,,,,,,,,,,,,,,,,,,,,,,
face_0,2700,90.0,0.9948457479476929,468.37420654296875,499.6819763183594,317.09674072265625,464.5279846191406,0.20579366385936737,0.16846820712089539,0.10111524909734726,0.31315216422080994,0.05320174992084503,0.14853057265281677,0.21898075938224792,0.21511489152908325,0.33999261260032654,0.38458704948425293,0.39272692799568176,0.22440406680107117,0.31430333852767944,0.11619964241981506,0.18921878933906555,0.0694662481546402,0.1098821610212326,0.2048259973526001,0.057927206158638,0.1561497300863266,0.2724415361881256,0.07094542682170868,0.11143669486045837,0.06923669576644897,0.16000168025493622,0.049291037023067474,0.1936269849538803,0.14667348563671112,0.07046590000391006,0.08578859269618988,0.43166372179985046,0.24689097702503204,0.20837393403053284,0.08301909267902374,0.08395755290985107,0.09049990028142929,0.20377156138420105,0.0963234081864357,0.07951098680496216,0.14520475268363953,0.205114483833313,0.07869444042444229,0.06427787989377975,0.10588434338569641,0.14275439083576202,0.073396235704422,0.17212432622909546,0.0566028356552124,,,,,,,,,,,,,,,,,,,,,,,,,,,,,,,,,,,,,,,,,,,,,,,,,,,,,,,,,,,,,,,
face_0,2880,96.0,0.9934433698654175,469.680419921875,501.9101257324219,313.36566162109375,452.5979309082031,0.20815818011760712,0.16096211969852448,0.09913467615842819,0.31413692235946655,0.05286075919866562,0.1513652205467224,0.2531982958316803,0.21657273173332214,0.31019383668899536,0.3560716509819031,0.3836120665073395,0.2164832055568695,0.3155360221862793,0.11012683808803558,0.17588865756988525,0.06808124482631683,0.1088445633649826,0.19089141488075256,0.0544719472527504,0.15065976977348328,0.2713478207588196,0.07191269099712372,0.11037738621234894,0.06439374387264252,0.1621258407831192,0.04905985668301582,0.20744793117046356,0.1638602316379547,0.06720020622015,0.10149912536144257,0.435293585062027,0.2385587841272354,0.19066089391708374,0.07834688574075699,0.07302964478731155,0.08800327032804489,0.21423447132110596,0.09038769453763962,0.0721600353717804,0.1241375282406807,0.18953706324100494,0.07058975100517273,0.05968228355050087,0.12627726793289185,0.1802823543548584,0.07032492011785507,0.151716947555542,0.05716906487941742,,,,,,,,,,,,,,,,,,,,,,,,,,,,,,,,,,,,,,,,,,,,,,,,,,,,,,,,,,,,,,,
face_0,2890,96.33333333333333,0.9936308264732361,469.01556396484375,501.4294738769531,313.54327392578125,451.1734313964844,0.21295437216758728,0.16938987374305725,0.10184085369110107,0.3188732862472534,0.05142882466316223,0.15050087869167328,0.23777179419994354,0.2176751345396042,0.3225899934768677,0.3689458966255188,0.3882393538951874,0.22168689966201782,0.31363359093666077,0.11228851228952408,0.1837422102689743,0.06935916095972061,0.10917715728282928,0.1935947835445404,0.05425114557147026,0.15033121407032013,0.27258986234664917,0.0711577981710434,0.11107232421636581,0.06509022414684296,0.1623138189315796,0.04939550161361694,0.20350311696529388,0.15496373176574707,0.06807868182659149,0.0926397368311882,0.44329825043678284,0.2458772361278534,0.20350636541843414,0.08097195625305176,0.07440906763076782,0.090304896235466,0.20953507721424103,0.09222797304391861,0.07729588449001312,0.12902891635894775,0.19762980937957764,0.07440076023340225,0.0611988790333271,0.11477696895599365,0.1622420698404312,0.07216271758079529,0.1559157818555832,0.05704394727945328,,,,,,,,,,,,,,,,,,,,,,,,,,,,,,,,,,,,,,,,,,,,,,,,,,,,,,,,,,,,,,,
face_0,3530,117.66666666666667,0.9954531192779541,486.441650390625,505.35504150390625,326.105224609375,477.2352294921875,0.20965465903282166,0.16245873272418976,0.09962198138237,0.32143062353134155,0.050154637545347214,0.15435843169689178,0.2564584016799927,0.21052998304367065,0.2987259030342102,0.3473849892616272,0.3822247087955475,0.22158198058605194,0.3063296973705292,0.1041552871465683,0.17565442621707916,0.06820537894964218,0.10795141756534576,0.18328653275966644,0.051067277789115906,0.1502186357975006,0.2648012340068817,0.07562586665153503,0.1089857965707779,0.06272614002227783,0.16468241810798645,0.04765395447611809,0.21502141654491425,0.1662687510251999,0.06678523123264313,0.10195477306842804,0.4369094967842102,0.24593697488307953,0.1940498948097229,0.07893309742212296,0.07147354632616043,0.08735223859548569,0.21732962131500244,0.09230268001556396,0.07364707440137863,0.11911413073539734,0.19255763292312622,0.07218058407306671,0.05884302780032158,0.1260732114315033,0.1834682822227478,0.06934969872236252,0.14786186814308167,0.05831997096538544,,,,,,,,,,,,,,,,,,,,,,,,,,,,,,,,,,,,,,,,,,,,,,,,,,,,,,,,,,,,,,,
face_0,3690,123.0,0.9950143694877625,484.78778076171875,501.0116882324219,328.9803466796875,483.8844299316406,0.21112653613090515,0.16295409202575684,0.09641263633966446,0.33794334530830383,0.043365128338336945,0.1784832924604416,0.2657395601272583,0.21350035071372986,0.2558053731918335,0.2999190092086792,0.36792856454849243,0.2239847332239151,0.29589560627937317,0.08776814490556717,0.16371048986911774,0.0682050883769989,0.1012142077088356,0.1619633436203003,0.04431355372071266,0.15470273792743683,0.2601970434188843,0.07998353242874146,0.11780963093042374,0.060201674699783325,0.16123034060001373,0.044411398470401764,0.2409122884273529,0.1982901692390442,0.06964806467294693,0.12029310315847397,0.44909530878067017,0.2575864791870117,0.1981438845396042,0.0756160244345665,0.06509021669626236,0.08045098185539246,0.2230691760778427,0.08387403190135956,0.07725992798805237,0.10277455300092697,0.1846700757741928,0.07181109488010406,0.05881433188915253,0.13889721035957336,0.20962977409362793,0.06868152320384979,0.1229027807712555,0.05649864673614502,,,,,,,,,,,,,,,,,,,,,,,,,,,,,,,,,,,,,,,,,,,,,,,,,,,,,,,,,,,,,,,
face_0,3700,123.33333333333333,0.9901183247566223,486.9491882324219,494.7582092285156,331.6482849121094,490.3594665527344,0.2330857515335083,0.1931842565536499,0.10949250310659409,0.3495064377784729,0.04743373766541481,0.13886283338069916,0.2217589020729065,0.21519514918327332,0.31018170714378357,0.37439537048339844,0.38328835368156433,0.22548234462738037,0.29473745822906494,0.11405863612890244,0.20059579610824585,0.07284022122621536,0.1096579059958458,0.1803339421749115,0.050585925579071045,0.13526470959186554,0.2609867453575134,0.07474385201931,0.1060580313205719,0.05882534384727478,0.16357482969760895,0.049550242722034454,0.2165713608264923,0.132402703166008,0.06318135559558868,0.07635023444890976,0.47308123111724854,0.27978387475013733,0.24146325886249542,0.0837765634059906,0.0659676045179367,0.09868017584085464,0.2018207162618637,0.09602980315685272,0.09050741791725159,0.11335992813110352,0.22419558465480804,0.08260485529899597,0.05842265486717224,0.09407870471477509,0.13945545256137848,0.07208269834518433,0.14658775925636292,0.061660200357437134,,,,,,,,,,,,,,,,,,,,,,,,,,,,,,,,,,,,,,,,,,,,,,,,,,,,,,,,,,,,,,,
face_0,3720,124.0,0.9920830726623535,486.1040954589844,488.060302734375,331.7616271972656,493.5391845703125,0.21191349625587463,0.16655920445919037,0.1017778292298317,0.3309030830860138,0.04791399464011192,0.15593770146369934,0.23379257321357727,0.22599147260189056,0.29094886779785156,0.3585139513015747,0.39341163635253906,0.2226831018924713,0.31100285053253174,0.10801413655281067,0.18127618730068207,0.07110657542943954,0.10849873721599579,0.18074336647987366,0.05257374048233032,0.14461609721183777,0.27019378542900085,0.07238892465829849,0.11330191791057587,0.06083147972822189,0.16202153265476227,0.04820665344595909,0.21444277465343475,0.1571962535381317,0.06787770241498947,0.09280027449131012,0.4626060128211975,0.25520679354667664,0.2065647542476654,0.07773268222808838,0.06578241288661957,0.08729851990938187,0.2093750387430191,0.08923901617527008,0.08032499998807907,0.11163046956062317,0.19867511093616486,0.07728231698274612,0.06017998233437538,0.11616355180740356,0.1672576665878296,0.07209346443414688,0.1399918496608734,0.05593781918287277,,,,,,,,,,,,,,,,,,,,,,,,,,,,,,,,,,,,,,,,,,,,,,,,,,,,,,,,,,,,,,,
face_0,3730,124.33333333333333,0.9953558444976807,488.1518859863281,492.0157775878906,329.3467712402344,479.5138854980469,0.21959416568279266,0.1790803074836731,0.10607893764972687,0.32692331075668335,0.04819798842072487,0.15214157104492188,0.21359501779079437,0.21983671188354492,0.32285547256469727,0.3871024250984192,0.4080013036727905,0.23661410808563232,0.3089032471179962,0.11335320770740509,0.19416941702365875,0.0719485878944397,0.1120869517326355,0.1890796720981598,0.05224206671118736,0.14537754654884338,0.2747338116168976,0.06974047422409058,0.11024072021245956,0.06232420355081558,0.16445951163768768,0.04937475174665451,0.20053504407405853,0.14190053939819336,0.06861518323421478,0.07947026193141937,0.4697588384151459,0.25801798701286316,0.22369426488876343,0.08280381560325623,0.0691135972738266,0.09231752902269363,0.2041741907596588,0.09300845861434937,0.0873737707734108,0.12295836955308914,0.20989291369915009,0.0816238597035408,0.06186007708311081,0.09916937351226807,0.140333354473114,0.07401350140571594,0.15284912288188934,0.05594858527183533,,,,,,,,,,,,,,,,,,,,,,,,,,,,,,,,,,,,,,,,,,,,,,,,,,,,,,,,,,,,,,,
face_0,3740,124.66666666666667,0.9941912293434143,488.2494812011719,496.2124938964844,329.9758605957031,482.1072082519531,0.22074836492538452,0.17692668735980988,0.10299545526504517,0.3504956066608429,0.04605786129832268,0.16221927106380463,0.23517774045467377,0.2234785407781601,0.2793647348880768,0.3432791531085968,0.3801949918270111,0.22258158028125763,0.30276504158973694,0.10195079445838928,0.18491598963737488,0.07085803151130676,0.10622062534093857,0.17317377030849457,0.04934407398104668,0.14724765717983246,0.2663092613220215,0.07764078676700592,0.116074338555336,0.060535743832588196,0.1621764600276947,0.047411881387233734,0.23025280237197876,0.16560043394565582,0.06808038800954819,0.09632078558206558,0.4685080647468567,0.27440476417541504,0.2210088074207306,0.07932274788618088,0.06650839745998383,0.08953915536403656,0.2108033299446106,0.09048760682344437,0.0846279039978981,0.10975079983472824,0.2056681215763092,0.07840120047330856,0.060028549283742905,0.11581030488014221,0.17204096913337708,0.07225793600082397,0.133292555809021,0.05845267325639725,,,,,,,,,,,,,,,,,,,,,,,,,,,,,,,,,,,,,,,,,,,,,,,,,,,,,,,,,,,,,,,
face_0,3800,126.66666666666667,0.9906432032585144,479.86529541015625,503.9249572753906,326.29559326171875,483.4999084472656,0.19938452541828156,0.16362541913986206,0.09822022914886475,0.3202999234199524,0.050328902900218964,0.15758617222309113,0.20950882136821747,0.21474668383598328,0.31999439001083374,0.3694572448730469,0.3929084241390228,0.22453895211219788,0.30799543857574463,0.10834144055843353,0.18588148057460785,0.06880686432123184,0.10841097682714462,0.19465364515781403,0.05404137820005417,0.15621937811374664,0.2677897810935974,0.07384078204631805,0.11332288384437561,0.06594099849462509,0.15774144232273102,0.04656963795423508,0.2015497237443924,0.14892300963401794,0.07119747996330261,0.08597326278686523,0.43534302711486816,0.25385111570358276,0.2103867381811142,0.07943788170814514,0.07827318459749222,0.08738858997821808,0.20298194885253906,0.09532755613327026,0.08158920705318451,0.13060927391052246,0.20561166107654572,0.08095169067382812,0.06393586099147797,0.10591120272874832,0.14595629274845123,0.07205234467983246,0.1630818247795105,0.05585514008998871,,,,,,,,,,,,,,,,,,,,,,,,,,,,,,,,,,,,,,,,,,,,,,,,,,,,,,,,,,,,,,,
face_0,4280,142.66666666666666,0.9942609071731567,484.5074768066406,503.7544250488281,322.4253845214844,482.7977600097656,0.20099765062332153,0.16283568739891052,0.10046900808811188,0.30570414662361145,0.05198097974061966,0.15576255321502686,0.20846346020698547,0.21743625402450562,0.3322046399116516,0.3857434093952179,0.41103485226631165,0.23464015126228333,0.32175886631011963,0.11570580303668976,0.1861192137002945,0.07090651243925095,0.11352260410785675,0.20038160681724548,0.05623941496014595,0.15514223277568817,0.2812800109386444,0.06882424652576447,0.11018716543912888,0.06668385118246078,0.16177791357040405,0.048743292689323425,0.1892997920513153,0.14618724584579468,0.07114649564027786,0.08327122777700424,0.4431304931640625,0.238739013671875,0.20367516577243805,0.08066742867231369,0.07755406945943832,0.08763621747493744,0.20466992259025574,0.09309467673301697,0.08047014474868774,0.13458594679832458,0.20060156285762787,0.08209005743265152,0.06320894509553909,0.10431814193725586,0.13931237161159515,0.07298607379198074,0.16478455066680908,0.054114826023578644,,,,,,,,,,,,,,,,,,,,,,,,,,,,,,,,,,,,,,,,,,,,,,,,,,,,,,,,,,,,,,,
face_0,4410,147.0,0.9924008846282959,485.0914001464844,503.60894775390625,323.7742004394531,491.08087158203125,0.21056772768497467,0.1700553447008133,0.10175196826457977,0.3202444314956665,0.04936864599585533,0.161660298705101,0.22594565153121948,0.21685823798179626,0.31738072633743286,0.35852673649787903,0.39475348591804504,0.2347923219203949,0.31832653284072876,0.10897624492645264,0.18285347521305084,0.07162675261497498,0.11015947163105011,0.19080384075641632,0.052480585873126984,0.15585777163505554,0.2782023251056671,0.07325997948646545,0.11261409521102905,0.06460777670145035,0.16314911842346191,0.047983359545469284,0.20485146343708038,0.1562078297138214,0.07019282132387161,0.09002996981143951,0.44820699095726013,0.24842718243598938,0.209732323884964,0.08104678243398666,0.07462379336357117,0.08843966573476791,0.2113264799118042,0.09410464763641357,0.08286243677139282,0.1251395046710968,0.201874241232872,0.08197713643312454,0.062214888632297516,0.11012914776802063,0.15325216948986053,0.071186363697052,0.15458211302757263,0.056729916483163834,,,,,,,,,,,,,,,,,,,,,,,,,,,,,,,,,,,,,,,,,,,,,,,,,,,,,,,,,,,,,,,
face_0,4420,147.33333333333334,0.9967882633209229,489.101806640625,500.86767578125,321.714599609375,477.5357666015625,0.20620575547218323,0.1630035936832428,0.09928879141807556,0.3230545222759247,0.051573656499385834,0.1574859619140625,0.23897461593151093,0.22101758420467377,0.29836297035217285,0.354234516620636,0.39010581374168396,0.22383655607700348,0.32297125458717346,0.10985323041677475,0.17827573418617249,0.06927864253520966,0.10900803655385971,0.1932257115840912,0.05618314445018768,0.15559165179729462,0.278653621673584,0.07397258281707764,0.11579211056232452,0.06641589105129242,0.16147485375404358,0.04856311157345772,0.20995068550109863,0.16329094767570496,0.07105191797018051,0.09826129674911499,0.44224756956100464,0.24697542190551758,0.19995109736919403,0.0788005143404007,0.07625194638967514,0.08684999495744705,0.2143213301897049,0.092648446559906,0.07710552960634232,0.1274988204240799,0.19508333504199982,0.07566984742879868,0.06303353607654572,0.12159642577171326,0.17198684811592102,0.07223627716302872,0.15089085698127747,0.05647129565477371,,,,,,,,,,,,,,,,,,,,,,,,,,,,,,,,,,,,,,,,,,,,,,,,,,,,,,,,,,,,,,,
face_0,4450,148.33333333333334,0.9944739937782288,488.72735595703125,501.279296875,321.8687744140625,479.7733154296875,0.20425795018672943,0.16101738810539246,0.10054117441177368,0.30724233388900757,0.055000465363264084,0.15031597018241882,0.2289317399263382,0.2185378074645996,0.309502512216568,0.3711954355239868,0.3992428481578827,0.22849607467651367,0.3304140269756317,0.11894301325082779,0.1799730658531189,0.07029331475496292,0.11367829144001007,0.20148725807666779,0.0587555468082428,0.15345057845115662,0.28388527035713196,0.0708175078034401,0.11012198030948639,0.06668055057525635,0.1621628701686859,0.04987707361578941,0.19496050477027893,0.15000905096530914,0.069710873067379,0.08903157711029053,0.436448872089386,0.23538383841514587,0.19505484402179718,0.07981841266155243,0.07767320424318314,0.09008771181106567,0.21252335608005524,0.09546536952257156,0.07594659924507141,0.13096214830875397,0.1968788504600525,0.07719675451517105,0.0620608851313591,0.11198051273822784,0.15354092419147491,0.07126535475254059,0.15820907056331635,0.05696085840463638,,,,,,,,,,,,,,,,,,,,,,,,,,,,,,,,,,,,,,,,,,,,,,,,,,,,,,,,,,,,,,,
face_0,4460,148.66666666666666,0.9935278296470642,492.300048828125,500.41925048828125,323.183349609375,483.845458984375,0.21060851216316223,0.16213029623031616,0.09971821308135986,0.3319697082042694,0.05351804941892624,0.14511433243751526,0.26167213916778564,0.2203759253025055,0.27960407733917236,0.3449758291244507,0.3739852011203766,0.20834003388881683,0.3145866096019745,0.11136975139379501,0.1760690063238144,0.06876467913389206,0.10876032710075378,0.18412543833255768,0.05658329278230667,0.14398054778575897,0.26688092947006226,0.07732252031564713,0.11033670604228973,0.0625695064663887,0.1623583734035492,0.04935808479785919,0.22336861491203308,0.1613754779100418,0.06515063345432281,0.10285510122776031,0.4427594542503357,0.2529684007167816,0.19453758001327515,0.07668101042509079,0.07066641002893448,0.08980682492256165,0.21562615036964417,0.09241019189357758,0.07264384627342224,0.11473622918128967,0.19515250623226166,0.07210854440927505,0.058274198323488235,0.12900885939598083,0.1915416568517685,0.0694800317287445,0.14163513481616974,0.06032024323940277,,,,,,,,,,,,,,,,,,,,,,,,,,,,,,,,,,,,,,,,,,,,,,,,,,,,,,,,,,,,,,,
face_0,4470,149.0,0.9961391091346741,490.11077880859375,509.3149108886719,321.64007568359375,472.2572326660156,0.19907833635807037,0.1576341986656189,0.09630061686038971,0.3149063289165497,0.05003292113542557,0.16646820306777954,0.22998009622097015,0.21118533611297607,0.29943883419036865,0.34256067872047424,0.3867834806442261,0.22682340443134308,0.31240135431289673,0.10264529287815094,0.17455750703811646,0.06772808730602264,0.10767963528633118,0.18468979001045227,0.05157434195280075,0.15939725935459137,0.2708296775817871,0.07481059432029724,0.11176195740699768,0.06478384137153625,0.1590830236673355,0.045969557017087936,0.2100083976984024,0.1673099249601364,0.07032134383916855,0.09927213191986084,0.43244022130966187,0.2456504851579666,0.19637581706047058,0.07729744166135788,0.07544389367103577,0.08466067910194397,0.21164247393608093,0.09103929996490479,0.0764169692993164,0.12166886031627655,0.19368185102939606,0.07621721178293228,0.060820966958999634,0.11996889114379883,0.1667104959487915,0.06979092210531235,0.15016862750053406,0.05618581175804138,,,,,,,,,,,,,,,,,,,,,,,,,,,,,,,,,,,,,,,,,,,,,,,,,,,,,,,,,,,,,,,
face_0,4480,149.33333333333334,0.9956333041191101,491.894287109375,504.20147705078125,324.40447998046875,487.5201416015625,0.20820589363574982,0.16510900855064392,0.10005167871713638,0.3192635476589203,0.05020748823881149,0.15905311703681946,0.23901864886283875,0.21698258817195892,0.3164500594139099,0.35695117712020874,0.3887381851673126,0.22679464519023895,0.3133547604084015,0.1076158955693245,0.17966601252555847,0.06953860819339752,0.10847145318984985,0.1910550743341446,0.0531802698969841,0.15524975955486298,0.2732532024383545,0.07306619733572006,0.11352252960205078,0.065122090280056,0.16265401244163513,0.04817895591259003,0.20705005526542664,0.16265174746513367,0.0700196772813797,0.09695866703987122,0.4394175410270691,0.24555665254592896,0.20131036639213562,0.08019840717315674,0.07486329972743988,0.08697836846113205,0.2128383219242096,0.09219732880592346,0.07800060510635376,0.1263597309589386,0.1955704689025879,0.07609210163354874,0.06226972118020058,0.11916610598564148,0.16737766563892365,0.07123082131147385,0.1542689949274063,0.056372638791799545,,,,,,,,,,,,,,,,,,,,,,,,,,,,,,,,,,,,,,,,,,,,,,,,,,,,,,,,,,,,,,,
face_0,4490,149.66666666666666,0.9953613877296448,494.5921936035156,507.1805419921875,321.1295471191406,479.65753173828125,0.1969258338212967,0.15359176695346832,0.09669533371925354,0.3069800138473511,0.05298696458339691,0.15551796555519104,0.23363682627677917,0.21530933678150177,0.32118961215019226,0.36402395367622375,0.3867945969104767,0.21582773327827454,0.31466472148895264,0.10946960747241974,0.1769348829984665,0.06741351634263992,0.10905385762453079,0.19378826022148132,0.05431104823946953,0.15441568195819855,0.2700987160205841,0.07170115411281586,0.11019225418567657,0.0649680495262146,0.15951260924339294,0.04758255183696747,0.19974936544895172,0.15944336354732513,0.06863296777009964,0.09659630060195923,0.4249090552330017,0.23547184467315674,0.1884746551513672,0.07728644460439682,0.07502247393131256,0.08629836142063141,0.20855239033699036,0.09233833849430084,0.07244718819856644,0.12652406096458435,0.19140438735485077,0.07324138283729553,0.06056617200374603,0.12088637053966522,0.16619770228862762,0.06991924345493317,0.15975700318813324,0.0557941272854805,,,,,,,,,,,,,,,,,,,,,,,,,,,,,,,,,,,,,,,,,,,,,,,,,,,,,,,,,,,,,,,
face_0,4500,150.0,0.9940599799156189,492.93975830078125,508.6539611816406,324.04779052734375,489.6936950683594,0.1983848214149475,0.159193217754364,0.09701141715049744,0.3159716725349426,0.04931432381272316,0.16056668758392334,0.22347567975521088,0.21359539031982422,0.31754592061042786,0.359689325094223,0.3869644105434418,0.22104746103286743,0.3083620071411133,0.10401791334152222,0.18019460141658783,0.06787917017936707,0.10624580830335617,0.18888844549655914,0.052118249237537384,0.15757101774215698,0.2666113078594208,0.07399353384971619,0.1127961277961731,0.06535786390304565,0.15924133360385895,0.046211931854486465,0.20531341433525085,0.15959803760051727,0.07039858400821686,0.09428592026233673,0.43069636821746826,0.24723026156425476,0.20043179392814636,0.07840150594711304,0.0765533521771431,0.08491978049278259,0.20659944415092468,0.09284192323684692,0.07772940397262573,0.1278611272573471,0.19757571816444397,0.07717173546552658,0.06216053292155266,0.11560403555631638,0.16000810265541077,0.07102380692958832,0.1588684469461441,0.055149611085653305,,,,,,,,,,,,,,,,,,,,,,,,,,,,,,,,,,,,,,,,,,,,,,,,,,,,,,,,,,,,,,,
face_0,4510,150.33333333333334,0.9934875965118408,492.6357421875,506.4229736328125,321.5889892578125,485.4661865234375,0.20071625709533691,0.16387242078781128,0.0990469753742218,0.3247772753238678,0.05083993077278137,0.15268105268478394,0.21646766364574432,0.21316923201084137,0.33015933632850647,0.37660929560661316,0.39105868339538574,0.22086185216903687,0.3069944381713867,0.10828222334384918,0.18957637250423431,0.06804843246936798,0.10834851861000061,0.19424037635326385,0.05418183282017708,0.1550596058368683,0.2645179033279419,0.07504110038280487,0.11030806601047516,0.06631062924861908,0.1594018191099167,0.04697399586439133,0.20589116215705872,0.1471477597951889,0.06905899941921234,0.08710020780563354,0.4348604083061218,0.25840669870376587,0.2085348665714264,0.08007770776748657,0.07946532219648361,0.08895434439182281,0.20361782610416412,0.09762316942214966,0.0788152813911438,0.13337169587612152,0.20871864259243011,0.07910741865634918,0.062197402119636536,0.10834581404924393,0.15144357085227966,0.07226014137268066,0.16719214618206024,0.05717402324080467,,,,,,,,,,,,,,,,,,,,,,,,,,,,,,,,,,,,,,,,,,,,,,,,,,,,,,,,,,,,,,,
face_0,4520,150.66666666666666,0.9927010536193848,494.63470458984375,497.74737548828125,322.507568359375,490.44769287109375,0.1994946002960205,0.15974530577659607,0.09842574596405029,0.3283270597457886,0.0527547262609005,0.14135292172431946,0.22305713593959808,0.2214355617761612,0.3092169761657715,0.38408464193344116,0.38389143347740173,0.20535679161548615,0.3091745972633362,0.11507905274629593,0.18967479467391968,0.06607837975025177,0.10723628103733063,0.193284273147583,0.0590091347694397,0.14622531831264496,0.2624070942401886,0.07419811189174652,0.10965145379304886,0.06561018526554108,0.15751898288726807,0.04841063916683197,0.20810438692569733,0.14350111782550812,0.06623519957065582,0.08864983916282654,0.43728694319725037,0.2593354284763336,0.2017694115638733,0.07787936180830002,0.07616700977087021,0.08986593037843704,0.20130620896816254,0.09615867584943771,0.07429569959640503,0.12760719656944275,0.20625819265842438,0.07415352761745453,0.06060650199651718,0.11294211447238922,0.16026008129119873,0.0733167827129364,0.16055680811405182,0.057330768555402756,,,,,,,,,,,,,,,,,,,,,,,,,,,,,,,,,,,,,,,,,,,,,,,,,,,,,,,,,,,,,,,
face_0,4570,152.33333333333334,0.9914233088493347,482.3182678222656,498.86920166015625,328.3495788574219,496.71337890625,0.20481020212173462,0.16972927749156952,0.10177038609981537,0.31377533078193665,0.05181422829627991,0.15711121261119843,0.20230203866958618,0.21906933188438416,0.32961952686309814,0.38757404685020447,0.41026705503463745,0.23965252935886383,0.3242488205432892,0.11754663288593292,0.1911158263683319,0.07090464234352112,0.11271138489246368,0.20465558767318726,0.05849572643637657,0.15898719429969788,0.28498730063438416,0.07008153200149536,0.11335466057062149,0.06930386275053024,0.16092456877231598,0.04915650188922882,0.19087190926074982,0.1460219919681549,0.07328586280345917,0.0815410166978836,0.445202112197876,0.24860401451587677,0.2155672311782837,0.08302033692598343,0.08226769417524338,0.08956184983253479,0.2035866379737854,0.09476356208324432,0.08419179916381836,0.14176474511623383,0.20760324597358704,0.08382991701364517,0.06603072583675385,0.1003708764910698,0.13314145803451538,0.0749225839972496,0.16557028889656067,0.05490081012248993,,,,,,,,,,,,,,,,,,,,,,,,,,,,,,,,,,,,,,,,,,,,,,,,,,,,,,,,,,,,,,,
face_0,4580,152.66666666666666,0.9947397112846375,485.3938293457031,505.4338073730469,323.5160217285156,483.2297058105469,0.20688188076019287,0.16982845962047577,0.10083532333374023,0.32327398657798767,0.04840262606739998,0.1604183167219162,0.20929904282093048,0.212230384349823,0.3119833469390869,0.3672907054424286,0.3995637595653534,0.23482811450958252,0.3090147376060486,0.10663711279630661,0.18838363885879517,0.07020582258701324,0.11007583141326904,0.18615788221359253,0.05135764554142952,0.1543056070804596,0.2717728018760681,0.07398630678653717,0.10979735106229782,0.06370515376329422,0.16117581725120544,0.04677867516875267,0.2056220918893814,0.14992934465408325,0.06956823170185089,0.08455424755811691,0.44950735569000244,0.2583293616771698,0.21594080328941345,0.08044545352458954,0.0743497908115387,0.08884317427873611,0.20480969548225403,0.09391457587480545,0.08412323147058487,0.12383977323770523,0.20920626819133759,0.08292233943939209,0.06124291568994522,0.1029384583234787,0.14313894510269165,0.07157717645168304,0.15429536998271942,0.05654165521264076,,,,,,,,,,,,,,,,,,,,,,,,,,,,,,,,,,,,,,,,,,,,,,,,,,,,,,,,,,,,,,,
face_0,4590,153.0,0.9907650947570801,484.1271057128906,498.289794921875,323.0130920410156,485.1068115234375,0.19916988909244537,0.163263738155365,0.0992787703871727,0.30576685070991516,0.05316725745797157,0.16115590929985046,0.2085857093334198,0.2204277366399765,0.3225579559803009,0.377861350774765,0.4063572287559509,0.23544204235076904,0.32648852467536926,0.11650939285755157,0.18419340252876282,0.07013407349586487,0.11201298236846924,0.20683404803276062,0.05965222045779228,0.16296237707138062,0.2857969403266907,0.06961054354906082,0.11617864668369293,0.0707215666770935,0.15982377529144287,0.04901151359081268,0.18929126858711243,0.15317252278327942,0.07512196153402328,0.08699304610490799,0.4342395067214966,0.2389732003211975,0.20571307837963104,0.08179979026317596,0.08416856825351715,0.0870385691523552,0.20617179572582245,0.09357082843780518,0.08121542632579803,0.14357006549835205,0.1996675729751587,0.08129365742206573,0.067146897315979,0.10677491128444672,0.1398993283510208,0.07450703531503677,0.16563357412815094,0.053984835743904114,,,,,,,,,,,,,,,,,,,,,,,,,,,,,,,,,,,,,,,,,,,,,,,,,,,,,,,,,,,,,,,
face_0,4680,156.0,0.9902370572090149,485.4884033203125,501.16448974609375,324.0477294921875,491.84149169921875,0.20426900684833527,0.16296464204788208,0.10086863487958908,0.3014238774776459,0.05103383585810661,0.1555679440498352,0.22707688808441162,0.21499641239643097,0.3404417932033539,0.3832649290561676,0.41610080003738403,0.24085241556167603,0.3218320906162262,0.11232075095176697,0.18015408515930176,0.07031790167093277,0.11263130605220795,0.20359638333320618,0.05515052750706673,0.1568440943956375,0.28362563252449036,0.06724197417497635,0.11288716644048691,0.06845778226852417,0.16588570177555084,0.0495683029294014,0.18671654164791107,0.15226846933364868,0.07336228340864182,0.08830016106367111,0.4422959089279175,0.22929653525352478,0.19699601829051971,0.08224227279424667,0.07882338762283325,0.0849536657333374,0.21214453876018524,0.09086409211158752,0.07836490869522095,0.14244167506694794,0.19024792313575745,0.07737693190574646,0.0652962476015091,0.11122342199087143,0.1526840478181839,0.07383332401514053,0.16705460846424103,0.05244254320859909,,,,,,,,,,,,,,,,,,,,,,,,,,,,,,,,,,,,,,,,,,,,,,,,,,,,,,,,,,,,,,,
face_0,4760,158.66666666666666,0.994816243648529,487.2527160644531,498.2542724609375,320.9223937988281,485.94830322265625,0.20688118040561676,0.1706545352935791,0.10154944658279419,0.31843724846839905,0.05234135687351227,0.15332747995853424,0.21078333258628845,0.22004826366901398,0.31661316752433777,0.3819833993911743,0.40065309405326843,0.22973185777664185,0.31678879261016846,0.1166401207447052,0.18987782299518585,0.07027177512645721,0.1115051656961441,0.20116472244262695,0.0583944171667099,0.15521381795406342,0.2767679691314697,0.07120484113693237,0.11402995139360428,0.06821160018444061,0.16059668362140656,0.0493093766272068,0.1967887282371521,0.1455920934677124,0.07218889892101288,0.08329985290765762,0.44366809725761414,0.25204649567604065,0.21490557491779327,0.08240516483783722,0.08055250346660614,0.0903504267334938,0.2041783183813095,0.0952487513422966,0.08323580771684647,0.13794974982738495,0.2066747546195984,0.08115185052156448,0.06518998742103577,0.1030135229229927,0.13973276317119598,0.07446333020925522,0.16151116788387299,0.05603596568107605,,,,,,,,,,,,,,,,,,,,,,,,,,,,,,,,,,,,,,,,,,,,,,,,,,,,,,,,,,,,,,,
face_0,4770,159.0,0.9935306906700134,487.861083984375,500.3851623535156,320.876708984375,480.6596374511719,0.20102635025978088,0.16189053654670715,0.09962421655654907,0.3051329553127289,0.05381673946976662,0.15613408386707306,0.22008651494979858,0.21826468408107758,0.31426000595092773,0.37439781427383423,0.402890682220459,0.2317090928554535,0.32346537709236145,0.11614494025707245,0.18166682124137878,0.06996455788612366,0.11232777684926987,0.2041425108909607,0.058813758194446564,0.15835846960544586,0.2805081605911255,0.07056474685668945,0.11370426416397095,0.06882818788290024,0.1612851321697235,0.04908028990030289,0.19200916588306427,0.15228056907653809,0.07285991311073303,0.08842939883470535,0.43113189935684204,0.2374347597360611,0.20014643669128418,0.08117527514696121,0.08134100586175919,0.08816935122013092,0.20978473126888275,0.09524400532245636,0.07863013446331024,0.13809454441070557,0.1980728805065155,0.07877428829669952,0.06511786580085754,0.10950461030006409,0.14723555743694305,0.07257097214460373,0.16246305406093597,0.05547458678483963,,,,,,,,,,,,,,,,,,,,,,,,,,,,,,,,,,,,,,,,,,,,,,,,,,,,,,,,,,,,,,,
face_0,4780,159.33333333333334,0.9921239018440247,495.8448486328125,512.7647705078125,323.10205078125,480.0499267578125,0.2030567079782486,0.15867000818252563,0.09579619765281677,0.33278530836105347,0.05085334926843643,0.15792085230350494,0.2549160420894623,0.21038460731506348,0.2806296646595001,0.32139965891838074,0.3578488826751709,0.2083776891231537,0.30498406291007996,0.10050833970308304,0.17201349139213562,0.06661492586135864,0.10351648926734924,0.17744246125221252,0.05142142251133919,0.15335287153720856,0.2591608762741089,0.08141502737998962,0.11115729808807373,0.06277716159820557,0.15743428468704224,0.04573943465948105,0.2301275134086609,0.1716185361146927,0.06587394326925278,0.10839302092790604,0.4248162508010864,0.2577769458293915,0.1947888880968094,0.07572651654481888,0.07356801629066467,0.08703983575105667,0.21470113098621368,0.09324059635400772,0.07312663644552231,0.11333810538053513,0.19583946466445923,0.0729454979300499,0.05799615755677223,0.13092319667339325,0.19047608971595764,0.06751694530248642,0.14372789859771729,0.060788318514823914,,,,,,,,,,,,,,,,,,,,,,,,,,,,,,,,,,,,,,,,,,,,,,,,,,,,,,,,,,,,,,,
face_0,4790,159.66666666666666,0.9918604493141174,495.7362365722656,500.77471923828125,324.5002746582031,486.1497802734375,0.21030890941619873,0.1622915118932724,0.10006038844585419,0.3351915776729584,0.05386216193437576,0.143484964966774,0.2548685669898987,0.2210000902414322,0.27746638655662537,0.3497241735458374,0.37587282061576843,0.2078542709350586,0.31663253903388977,0.11306371539831161,0.17913541197776794,0.06866133958101273,0.10963133722543716,0.1840047836303711,0.05704375356435776,0.14271819591522217,0.26781582832336426,0.07764625549316406,0.10868177562952042,0.0622028186917305,0.1617908775806427,0.04934205859899521,0.224269837141037,0.15690037608146667,0.06424152851104736,0.09949988126754761,0.4457229673862457,0.2567671537399292,0.19629882276058197,0.07640375941991806,0.07012299448251724,0.09147246181964874,0.21411338448524475,0.0937410369515419,0.07273935526609421,0.11328908801078796,0.1990659385919571,0.07272761315107346,0.05735298618674278,0.1252896934747696,0.18632151186466217,0.06972542405128479,0.14118164777755737,0.06110302731394768,,,,,,,,,,,,,,,,,,,,,,,,,,,,,,,,,,,,,,,,,,,,,,,,,,,,,,,,,,,,,,,
face_0,4800,160.0,0.9901432991027832,496.293701171875,504.569091796875,325.848876953125,491.0106201171875,0.20741476118564606,0.1577446460723877,0.0992627814412117,0.32068514823913574,0.05317838862538338,0.14327706396579742,0.2555553913116455,0.21077373623847961,0.2870510518550873,0.3557797968387604,0.39011964201927185,0.2176346629858017,0.31742995977401733,0.11012547463178635,0.17565035820007324,0.06722644716501236,0.11104442924261093,0.18477314710617065,0.05465201288461685,0.14452433586120605,0.26862862706184387,0.07422160357236862,0.10332617908716202,0.06230064108967781,0.16383789479732513,0.04860428720712662,0.21353204548358917,0.15584129095077515,0.06389208137989044,0.09795743227005005,0.4426993429660797,0.2450258582830429,0.18676115572452545,0.07695002108812332,0.07106635719537735,0.08906740695238113,0.216425821185112,0.09232264757156372,0.06968000531196594,0.11768250912427902,0.19255736470222473,0.07063718885183334,0.056039370596408844,0.12474313378334045,0.18368369340896606,0.06930962949991226,0.1458786278963089,0.05908191576600075,,,,,,,,,,,,,,,,,,,,,,,,,,,,,,,,,,,,,,,,,,,,,,,,,,,,,,,,,,,,,,,
face_0,4940,164.66666666666666,0.9925411939620972,494.4626770019531,507.71466064453125,322.1471862792969,480.25006103515625,0.21476143598556519,0.17573252320289612,0.10449697077274323,0.3420831263065338,0.05141220614314079,0.13996781408786774,0.21647946536540985,0.21560341119766235,0.3108048439025879,0.3818276524543762,0.39100182056427,0.21912473440170288,0.3070913255214691,0.11565252393484116,0.198369562625885,0.0708198994398117,0.11224453151226044,0.18633311986923218,0.054451774805784225,0.1407323181629181,0.2641981244087219,0.07656297087669373,0.10443824529647827,0.06142435222864151,0.16144463419914246,0.04876820370554924,0.21561069786548615,0.13362114131450653,0.06359859555959702,0.07911767065525055,0.45894917845726013,0.27383312582969666,0.22146236896514893,0.0804297998547554,0.07152707874774933,0.09672273695468903,0.20217472314834595,0.09935591369867325,0.08241154253482819,0.11885985732078552,0.22143550217151642,0.08210524916648865,0.057721465826034546,0.10022859275341034,0.14568649232387543,0.07179706543684006,0.15444637835025787,0.061580680310726166,,,,,,,,,,,,,,,,,,,,,,,,,,,,,,,,,,,,,,,,,,,,,,,,,,,,,,,,,,,,,,,
face_0,4950,165.0,0.9969442486763,498.56640625,504.3035583496094,323.87548828125,481.0655212402344,0.20562560856342316,0.15693530440330505,0.09961463510990143,0.3140568137168884,0.05205207318067551,0.14771346747875214,0.24969224631786346,0.21261991560459137,0.29996979236602783,0.36384493112564087,0.4017755389213562,0.22499053180217743,0.31706321239471436,0.1097712367773056,0.17540140450000763,0.06815885007381439,0.11247005313634872,0.1878674030303955,0.05343351513147354,0.146233931183815,0.2729402184486389,0.07172465324401855,0.10582900047302246,0.06276602298021317,0.16544786095619202,0.048651937395334244,0.20546038448810577,0.15592949092388153,0.0661410540342331,0.09595435857772827,0.4454187750816345,0.2373759001493454,0.18665984272956848,0.0775303989648819,0.07021508365869522,0.08726908266544342,0.21629533171653748,0.09072776883840561,0.071254663169384,0.12030977755784988,0.18944431841373444,0.07168182730674744,0.05802035331726074,0.12284769117832184,0.17850108444690704,0.07029404491186142,0.14930760860443115,0.056701842695474625,,,,,,,,,,,,,,,,,,,,,,,,,,,,,,,,,,,,,,,,,,,,,,,,,,,,,,,,,,,,,,,
face_0,4960,165.33333333333334,0.991717517375946,493.4333190917969,504.7989196777344,332.7972106933594,505.0849914550781,0.18421056866645813,0.17906366288661957,0.09650461375713348,0.35792669653892517,0.047919437289237976,0.13030163943767548,0.1353967934846878,0.19928881525993347,0.3282303512096405,0.4258587658405304,0.37232714891433716,0.19944711029529572,0.2590428590774536,0.11184900254011154,0.2312813103199005,0.06423941254615784,0.10197430104017258,0.1967812329530716,0.05724027007818222,0.14950501918792725,0.22389042377471924,0.0818648561835289,0.10706743597984314,0.07152441889047623,0.14355018734931946,0.04259558394551277,0.20118312537670135,0.09990192204713821,0.06865256279706955,0.05347409099340439,0.42262372374534607,0.32149508595466614,0.27360063791275024,0.08526735007762909,0.0986815094947815,0.09654991328716278,0.16438990831375122,0.11096024513244629,0.0961083471775055,0.1617971658706665,0.268883615732193,0.09476017206907272,0.06772314757108688,0.06476426869630814,0.08541776984930038,0.07913650572299957,0.19730879366397858,0.05924934893846512,,,,,,,,,,,,,,,,,,,,,,,,,,,,,,,,,,,,,,,,,,,,,,,,,,,,,,,,,,,,,,,
face_0,6370,212.33333333333334,0.9919285774230957,499.0638427734375,497.70556640625,322.9134521484375,483.507080078125,0.20527490973472595,0.16948875784873962,0.10222531855106354,0.3163125216960907,0.053712327033281326,0.14570358395576477,0.20616896450519562,0.21892987191677094,0.3268013596534729,0.3927476406097412,0.399188756942749,0.2257527858018875,0.3147936761379242,0.12199105322360992,0.19321587681770325,0.07099593430757523,0.11303291469812393,0.20396718382835388,0.05966758728027344,0.1509038358926773,0.27561861276626587,0.07096666842699051,0.11044114828109741,0.06778941303491592,0.16003625094890594,0.04997897148132324,0.19274310767650604,0.13732285797595978,0.06998097896575928,0.0790577381849289,0.44085294008255005,0.24935311079025269,0.21379874646663666,0.08265708386898041,0.08027984201908112,0.09292031824588776,0.20084115862846375,0.09690866619348526,0.08268491923809052,0.13846060633659363,0.2111838012933731,0.08277324587106705,0.06402669847011566,0.09912316501140594,0.13317246735095978,0.07433769106864929,0.16733142733573914,0.05726135894656181,,,,,,,,,,,,,,,,,,,,,,,,,,,,,,,,,,,,,,,,,,,,,,,,,,,,,,,,,,,,,,,
face_0,6450,215.0,0.9924485683441162,509.4214782714844,503.3575134277344,321.1786193847656,478.8869323730469,0.2069007009267807,0.16082864999771118,0.100227490067482,0.3262214958667755,0.05233141779899597,0.1430269032716751,0.23241998255252838,0.2244853675365448,0.2934977114200592,0.3760644495487213,0.3835158348083496,0.20705321431159973,0.314649373292923,0.1153264045715332,0.18623608350753784,0.06788564473390579,0.10871773958206177,0.18516376614570618,0.05626840144395828,0.14048686623573303,0.2659190595149994,0.07351568341255188,0.10709579288959503,0.060649797320365906,0.1612166464328766,0.04906829074025154,0.21113954484462738,0.14921937882900238,0.06358015537261963,0.09077692776918411,0.44714754819869995,0.25530919432640076,0.19934290647506714,0.07645311206579208,0.06739385426044464,0.09033770859241486,0.20497249066829681,0.0930522084236145,0.07378439605236053,0.1123988926410675,0.20285804569721222,0.07422827184200287,0.05738426744937897,0.11600204557180405,0.16537198424339294,0.06989994645118713,0.1470722109079361,0.057919941842556,,,,,,,,,,,,,,,,,,,,,,,,,,,,,,,,,,,,,,,,,,,,,,,,,,,,,,,,,,,,,,,
face_0,6570,219.0,0.9938911199569702,502.33245849609375,499.103759765625,319.27825927734375,472.4659423828125,0.20700305700302124,0.16634809970855713,0.10115386545658112,0.31804683804512024,0.05310143902897835,0.14742398262023926,0.22474312782287598,0.2196417599916458,0.31787246465682983,0.3759707808494568,0.3942902982234955,0.22420652210712433,0.32094448804855347,0.11755692958831787,0.18576620519161224,0.07054732739925385,0.11159978061914444,0.2004512995481491,0.05815920978784561,0.15104620158672333,0.27807122468948364,0.07214277982711792,0.11150219291448593,0.0664248913526535,0.16124823689460754,0.049701377749443054,0.19950950145721436,0.14640529453754425,0.06931432336568832,0.0867144763469696,0.4411207437515259,0.24593058228492737,0.20568960905075073,0.08057580888271332,0.07737661153078079,0.09037937968969345,0.2083137482404709,0.09529492259025574,0.07918774336576462,0.13240185379981995,0.2034406065940857,0.0793846845626831,0.06294320523738861,0.10911376774311066,0.1516827642917633,0.07232754677534103,0.16099004447460175,0.057248804718256,,,,,,,,,,,,,,,,,,,,,,,,,,,,,,,,,,,,,,,,,,,,,,,,,,,,,,,,,,,,,,,
face_0,7100,236.66666666666666,0.997905969619751,509.61981201171875,479.3764953613281,318.65447998046875,475.2110900878906,0.133835569024086,0.19243621826171875,0.08520018309354782,0.30826878547668457,0.02863636426627636,0.09294058382511139,0.07060395181179047,0.1431264579296112,0.26655474305152893,0.6007212996482849,0.21152028441429138,0.11387582123279572,0.1183694452047348,0.08656632900238037,0.37092867493629456,0.045832280069589615,0.05586862936615944,0.1778331696987152,0.04473154619336128,0.14072555303573608,0.10012653470039368,0.14772731065750122,0.10662070661783218,0.07142051309347153,0.13650450110435486,0.0254640094935894,0.16395696997642517,0.05620530992746353,0.0656261146068573,0.02505766972899437,0.22916539013385773,0.39826473593711853,0.43054503202438354,0.10905387997627258,0.1518384963274002,0.0951600894331932,0.12931697070598602,0.28850024938583374,0.13493821024894714,0.17282450199127197,0.5069330930709839,0.1276131272315979,0.08065047860145569,0.02467520534992218,0.028758695349097252,0.06173505634069443,0.3695294260978699,0.0616760216653347,,,,,,,,,,,,,,,,,,,,,,,,,,,,,,,,,,,,,,,,,,,,,,,,,,,,,,,,,,,,,,,
face_0,7420,247.33333333333334,0.9900615215301514,489.7314453125,498.3416748046875,321.76788330078125,487.47979736328125,0.1991780698299408,0.16417217254638672,0.1003226563334465,0.30672186613082886,0.05297822132706642,0.1470254361629486,0.2040877789258957,0.21363765001296997,0.3376661241054535,0.39602965116500854,0.40564361214637756,0.23022133111953735,0.31316429376602173,0.11881526559591293,0.191005140542984,0.07064885646104813,0.11265866458415985,0.20515652000904083,0.05884304270148277,0.15358507633209229,0.2745271325111389,0.07007517665624619,0.10919064283370972,0.06856449693441391,0.1599697470664978,0.04906073585152626,0.18727001547813416,0.13769200444221497,0.07072877883911133,0.07902273535728455,0.4333667457103729,0.24181205034255981,0.20822881162166595,0.08228254318237305,0.08242663741111755,0.0899219959974289,0.20076778531074524,0.09657666832208633,0.08102333545684814,0.14315515756607056,0.20929911732673645,0.08339647948741913,0.06435035169124603,0.09888340532779694,0.13239461183547974,0.07349095493555069,0.1740945279598236,0.0557381696999073,,,,,,,,,,,,,,,,,,,,,,,,,,,,,,,,,,,,,,,,,,,,,,,,,,,,,,,,,,,,,,,
face_0,7440,248.0,0.9915122389793396,498.3680725097656,508.9316711425781,315.7781066894531,471.4524841308594,0.08624665439128876,0.11922762542963028,0.050218064337968826,0.2311113327741623,0.043239351361989975,0.17392583191394806,0.05667939782142639,0.15008024871349335,0.24371790885925293,0.30144283175468445,0.21391916275024414,0.14136578142642975,0.19228136539459229,0.07374235987663269,0.17528899013996124,0.033744022250175476,0.05535672977566719,0.3202936351299286,0.06265812367200851,0.3109295070171356,0.15305691957473755,0.07281316071748734,0.18016058206558228,0.14278118312358856,0.08571189641952515,0.0226859413087368,0.11043722927570343,0.09222088754177094,0.14317770302295685,0.04046649485826492,0.1799166053533554,0.2418760359287262,0.24345754086971283,0.08894409984350204,0.36777356266975403,0.0587829127907753,0.13684040307998657,0.1348012536764145,0.07797601073980331,0.45176005363464355,0.2155921906232834,0.05924180522561073,0.16072256863117218,0.0334516242146492,0.027779607102274895,0.0758104920387268,0.3527759313583374,0.037492863833904266,,,,,,,,,,,,,,,,,,,,,,,,,,,,,,,,,,,,,,,,,,,,,,,,,,,,,,,,,,,,,,,
face_0,7510,250.33333333333334,0.9904250502586365,490.2197265625,499.1116943359375,330.88262939453125,506.4544677734375,0.20893268287181854,0.17871898412704468,0.10357766598463058,0.3432264029979706,0.048528194427490234,0.1356547772884369,0.1826149970293045,0.2141978144645691,0.34499749541282654,0.41326916217803955,0.39904147386550903,0.2194819152355194,0.3010824918746948,0.1175868958234787,0.21080613136291504,0.06904231011867523,0.10955765843391418,0.19104145467281342,0.05486679449677467,0.14037780463695526,0.2612999677658081,0.07315567880868912,0.10367096960544586,0.06264408677816391,0.15763194859027863,0.04791872948408127,0.20236888527870178,0.1172206848859787,0.06395082175731659,0.06608330458402634,0.463347464799881,0.2829511761665344,0.23949798941612244,0.08175905793905258,0.07432334870100021,0.09544393420219421,0.1877007633447647,0.09866199642419815,0.0882931798696518,0.1288309097290039,0.2328188121318817,0.0876224935054779,0.05984483286738396,0.08512742072343826,0.11936254054307938,0.07491572946310043,0.17140239477157593,0.05786177143454552,,,,,,,,,,,,,,,,,,,,,,,,,,,,,,,,,,,,,,,,,,,,,,,,,,,,,,,,,,,,,,,
face_0,7530,251.0,0.9922404289245605,495.2796325683594,519.6505126953125,307.9615783691406,462.89599609375,0.18014340102672577,0.15099568665027618,0.09562990814447403,0.2858254015445709,0.05867043137550354,0.13764886558055878,0.17225907742977142,0.20329615473747253,0.36542198061943054,0.44384488463401794,0.40365123748779297,0.21256335079669952,0.3083958923816681,0.1274552047252655,0.2008407711982727,0.06340878456830978,0.11393948644399643,0.2177770733833313,0.06106294319033623,0.15479525923728943,0.2632112503051758,0.06866420805454254,0.10055400431156158,0.06950986385345459,0.15516139566898346,0.047403499484062195,0.16669635474681854,0.11634332686662674,0.06821143627166748,0.06528764218091965,0.4046260118484497,0.2372608333826065,0.20283988118171692,0.08002249896526337,0.08840630203485489,0.09245587885379791,0.18658512830734253,0.10653717815876007,0.07591943442821503,0.15140365064144135,0.21758681535720825,0.08037323504686356,0.0631931722164154,0.08530072122812271,0.1071750819683075,0.07162462919950485,0.2051175981760025,0.05560005083680153,,,,,,,,,,,,,,,,,,,,,,,,,,,,,,,,,,,,,,,,,,,,,,,,,,,,,,,,,,,,,,,
face_0,7550,251.66666666666666,0.9917844533920288,493.7250061035156,506.32244873046875,313.0938415527344,482.0592041015625,0.20040331780910492,0.16287082433700562,0.10062532126903534,0.33627262711524963,0.054061807692050934,0.12446646392345428,0.21282514929771423,0.21383705735206604,0.3346097469329834,0.391935259103775,0.3707817494869232,0.19583716988563538,0.30384087562561035,0.12275689840316772,0.1943468451499939,0.06955547630786896,0.10951726883649826,0.1880742907524109,0.0566907674074173,0.13223594427108765,0.2556512653827667,0.07638536393642426,0.09770391881465912,0.05923435837030411,0.15726758539676666,0.04866339638829231,0.20860816538333893,0.11935829371213913,0.057617440819740295,0.07444953918457031,0.4402203857898712,0.26219087839126587,0.20693384110927582,0.0754728764295578,0.06897402554750443,0.09578971564769745,0.19162015616893768,0.09925532341003418,0.07575634866952896,0.11363402754068375,0.21947887539863586,0.08256806433200836,0.05438649654388428,0.09872949868440628,0.1432064324617386,0.06862105429172516,0.1684081256389618,0.06221702694892883,,,,,,,,,,,,,,,,,,,,,,,,,,,,,,,,,,,,,,,,,,,,,,,,,,,,,,,,,,,,,,,
face_0,7600,253.33333333333334,0.9927899241447449,487.3337707519531,490.0989990234375,305.9577331542969,452.24383544921875,0.2082887589931488,0.1767367720603943,0.10475557297468185,0.3169766366481781,0.052125077694654465,0.13123036921024323,0.1828020215034485,0.2157430499792099,0.3553640842437744,0.4274294972419739,0.4039880633354187,0.21858401596546173,0.3090040385723114,0.12754970788955688,0.20508094131946564,0.07134632766246796,0.11304424703121185,0.20386235415935516,0.058112356811761856,0.1403205692768097,0.2680025100708008,0.06639745831489563,0.1029910296201706,0.06548159569501877,0.15904730558395386,0.05046827346086502,0.18230779469013214,0.1150846853852272,0.06560707092285156,0.06404934078454971,0.45267075300216675,0.2554524540901184,0.2260046899318695,0.08390333503484726,0.0771447941660881,0.09625568240880966,0.18594247102737427,0.09579421579837799,0.08563142269849777,0.14109830558300018,0.21978141367435455,0.08568303287029266,0.06125485524535179,0.08211084455251694,0.10965437442064285,0.07535251975059509,0.17502328753471375,0.055935975164175034,,,,,,,,,,,,,,,,,,,,,,,,,,,,,,,,,,,,,,,,,,,,,,,,,,,,,,,,,,,,,,,
face_0,7620,254.0,0.9912035465240479,485.2813415527344,506.17626953125,322.4389953613281,498.4560546875,0.1840512454509735,0.14118416607379913,0.0966838151216507,0.26801425218582153,0.058554939925670624,0.14193326234817505,0.20591896772384644,0.2164335548877716,0.3624415397644043,0.4145234227180481,0.41220593452453613,0.2216065376996994,0.341158002614975,0.13210254907608032,0.17553499341011047,0.06819293648004532,0.11773259192705154,0.21415872871875763,0.06008598953485489,0.14836710691452026,0.2924511134624481,0.06151421368122101,0.10126036405563354,0.06496468186378479,0.16149049997329712,0.05085045099258423,0.16181319952011108,0.13390086591243744,0.06641536206007004,0.07767648249864578,0.4207512438297272,0.19782963395118713,0.17094047367572784,0.0759059488773346,0.07338043302297592,0.08725488185882568,0.20122630894184113,0.09210620075464249,0.06815038621425629,0.13253983855247498,0.18345391750335693,0.07519419491291046,0.05937119945883751,0.1039719209074974,0.13350719213485718,0.06914781033992767,0.17975395917892456,0.05168008804321289,,,,,,,,,,,,,,,,,,,,,,,,,,,,,,,,,,,,,,,,,,,,,,,,,,,,,,,,,,,,,,,
face_0,7630,254.33333333333334,0.9951373934745789,493.71820068359375,499.18499755859375,301.73907470703125,440.1549072265625,0.1878407746553421,0.16231074929237366,0.10032682865858078,0.30638882517814636,0.05281656235456467,0.1221301332116127,0.15923626720905304,0.2062145471572876,0.40673962235450745,0.4581358730792999,0.40282750129699707,0.20624224841594696,0.30084410309791565,0.13130289316177368,0.21147803962230682,0.06709833443164825,0.11173500865697861,0.20303605496883392,0.05844125524163246,0.1348828822374344,0.2562737762928009,0.06650973111391068,0.09275572001934052,0.06157757714390755,0.15392041206359863,0.04752635583281517,0.17054031789302826,0.09656702727079391,0.05937279015779495,0.053776077926158905,0.4350113868713379,0.2538801431655884,0.2182025909423828,0.07926124334335327,0.07433811575174332,0.09591566026210785,0.1710699200630188,0.100941501557827,0.08205610513687134,0.13411207497119904,0.22957497835159302,0.08886551856994629,0.057007819414138794,0.07237888872623444,0.09487815201282501,0.0721992775797844,0.20113608241081238,0.05554095655679703,,,,,,,,,,,,,,,,,,,,,,,,,,,,,,,,,,,,,,,,,,,,,,,,,,,,,,,,,,,,,,,
face_0,7640,254.66666666666666,0.997204065322876,493.6145935058594,492.5245666503906,300.6993713378906,436.0602111816406,0.1905829906463623,0.17032745480537415,0.10231077671051025,0.3074605464935303,0.05232391506433487,0.12474453449249268,0.14576314389705658,0.2110418975353241,0.4340445101261139,0.48275357484817505,0.4105912446975708,0.2132459133863449,0.2969205379486084,0.1364954710006714,0.2247580885887146,0.06705617159605026,0.11184997111558914,0.21380497515201569,0.060491714626550674,0.13882260024547577,0.25876951217651367,0.06373182684183121,0.09666676819324493,0.06494037806987762,0.1525353044271469,0.04843687266111374,0.16321319341659546,0.0944538339972496,0.06266120076179504,0.050248172134160995,0.4371499717235565,0.2595156729221344,0.23250547051429749,0.08364912867546082,0.07864224165678024,0.09845548868179321,0.1668516993522644,0.10110131651163101,0.08697590976953506,0.14863459765911102,0.23749230802059174,0.08889468014240265,0.061165276914834976,0.06616959720849991,0.08358445763587952,0.07612301409244537,0.20907066762447357,0.053989410400390625,,,,,,,,,,,,,,,,,,,,,,,,,,,,,,,,,,,,,,,,,,,,,,,,,,,,,,,,,,,,,,,
face_0,7650,255.0,0.9966572523117065,493.12701416015625,491.29827880859375,301.84832763671875,437.38128662109375,0.1963307112455368,0.16713103652000427,0.10206387937068939,0.3184441030025482,0.052824802696704865,0.12663984298706055,0.1679954081773758,0.2201531082391739,0.3865072429180145,0.45044001936912537,0.40751463174819946,0.20765317976474762,0.31063389778137207,0.13271239399909973,0.21141885221004486,0.0683090090751648,0.112541064620018,0.20314721763134003,0.05955525115132332,0.13474531471729279,0.26601406931877136,0.06464139372110367,0.09896478801965714,0.061838291585445404,0.15390457212924957,0.049359504133462906,0.17787572741508484,0.1042277067899704,0.06108078360557556,0.05860001966357231,0.45362982153892517,0.2576715648174286,0.2199752926826477,0.07899551838636398,0.07084297388792038,0.0963139683008194,0.1761293262243271,0.09591526538133621,0.08253560960292816,0.13080357015132904,0.22363606095314026,0.08472257852554321,0.0581543892621994,0.07886341959238052,0.10509295761585236,0.07414945960044861,0.1825026273727417,0.05469463765621185,,,,,,,,,,,,,,,,,,,,,,,,,,,,,,,,,,,,,,,,,,,,,,,,,,,,,,,,,,,,,,,
face_0,7660,255.33333333333334,0.9901032447814941,490.0912780761719,488.0891418457031,308.5342102050781,452.4537048339844,0.19137883186340332,0.16262739896774292,0.10069416463375092,0.32066965103149414,0.05299610644578934,0.1285637617111206,0.16265088319778442,0.21983972191810608,0.3735555410385132,0.4578317105770111,0.4155808687210083,0.20495854318141937,0.30354419350624084,0.12758375704288483,0.2133936583995819,0.0677523985505104,0.11359219253063202,0.20197129249572754,0.0593627467751503,0.13685038685798645,0.25857388973236084,0.06582926213741302,0.10032490640878677,0.06403408199548721,0.15410663187503815,0.04861541837453842,0.18079164624214172,0.1062353327870369,0.06368200480937958,0.059749145060777664,0.4556591808795929,0.2632375955581665,0.22045420110225677,0.07898160815238953,0.07403390109539032,0.09396827220916748,0.1745777130126953,0.09592123329639435,0.08157826215028763,0.13650982081890106,0.2246345579624176,0.0844469740986824,0.05954365432262421,0.07972636818885803,0.10582857578992844,0.07647871226072311,0.1837700456380844,0.05379174277186394,,,,,,,,,,,,,,,,,,,,,,,,,,,,,,,,,,,,,,,,,,,,,,,,,,,,,,,,,,,,,,,
face_0,7810,260.3333333333333,0.992563784122467,484.8502197265625,492.2014465332031,307.25299072265625,456.9875183105469,0.20050102472305298,0.16105510294437408,0.09986962378025055,0.32857272028923035,0.05316732078790665,0.12752632796764374,0.20629705488681793,0.218478724360466,0.3293834328651428,0.399031400680542,0.38785484433174133,0.19706963002681732,0.31341901421546936,0.12145881354808807,0.19258366525173187,0.06808147579431534,0.11017920076847076,0.19005820155143738,0.05781028792262077,0.1343824714422226,0.26171761751174927,0.07012612372636795,0.09985365718603134,0.06065884977579117,0.15637308359146118,0.04883800074458122,0.20120815932750702,0.12132660299539566,0.05999942868947983,0.07414678484201431,0.45330488681793213,0.2567793130874634,0.20456740260124207,0.07536870241165161,0.06921235471963882,0.09238912910223007,0.1899193823337555,0.09310691803693771,0.07507828623056412,0.11905331909656525,0.21047866344451904,0.07912291586399078,0.055619608610868454,0.09963227808475494,0.14190244674682617,0.07147777080535889,0.16395419836044312,0.05775091052055359,,,,,,,,,,,,,,,,,,,,,,,,,,,,,,,,,,,,,,,,,,,,,,,,,,,,,,,,,,,,,,,
face_0,7820,260.6666666666667,0.9944918155670166,488.0430603027344,492.0996398925781,306.4955139160156,448.4314880371094,0.18771544098854065,0.1468830108642578,0.09590937197208405,0.307343989610672,0.054833732545375824,0.13344450294971466,0.20508599281311035,0.22346870601177216,0.3387468755245209,0.39966487884521484,0.3959040939807892,0.19776733219623566,0.32336288690567017,0.12281148880720139,0.1834789663553238,0.06693926453590393,0.11099444329738617,0.1946873664855957,0.05861015245318413,0.13717223703861237,0.26935169100761414,0.06603597849607468,0.10162049531936646,0.060588203370571136,0.1542404592037201,0.04857662320137024,0.18947730958461761,0.12758959829807281,0.0614311508834362,0.07857967913150787,0.4408571124076843,0.23456700146198273,0.18530219793319702,0.07217760384082794,0.06691139936447144,0.08783597499132156,0.19067911803722382,0.08927349746227264,0.07025882601737976,0.1170244887471199,0.19618070125579834,0.075515016913414,0.0560152567923069,0.10677430778741837,0.14647455513477325,0.070053331553936,0.1640947461128235,0.05385366827249527,,,,,,,,,,,,,,,,,,,,,,,,,,,,,,,,,,,,,,,,,,,,,,,,,,,,,,,,,,,,,,,
face_0,7960,265.3333333333333,0.9934800863265991,497.56292724609375,519.23291015625,311.942138671875,445.16851806640625,0.16777533292770386,0.12856239080429077,0.08917950838804245,0.2614433169364929,0.06154049187898636,0.14687098562717438,0.20817533135414124,0.21234220266342163,0.3477117121219635,0.4073983132839203,0.4055725634098053,0.20462514460086823,0.3339002728462219,0.12444035708904266,0.1695144772529602,0.06192948296666145,0.11397010833024979,0.21288982033729553,0.062146756798028946,0.1551964432001114,0.2790536880493164,0.06377444416284561,0.10361175984144211,0.06662492454051971,0.15695178508758545,0.04816339164972305,0.1646566390991211,0.14167062938213348,0.06791474670171738,0.08661824464797974,0.39735621213912964,0.19707247614860535,0.16111791133880615,0.0714816078543663,0.07750745117664337,0.0807383731007576,0.1996711641550064,0.0923108160495758,0.06331639736890793,0.1317317634820938,0.1774325966835022,0.07013601809740067,0.060234036296606064,0.11755586415529251,0.147816002368927,0.06802590191364288,0.1867884397506714,0.05014948546886444,,,,,,,,,,,,,,,,,,,,,,,,,,,,,,,,,,,,,,,,,,,,,,,,,,,,,,,,,,,,,,,
face_0,7970,265.6666666666667,0.9912488460540771,500.2025146484375,521.9423828125,306.0142822265625,441.19329833984375,0.1890091598033905,0.15523719787597656,0.09816208481788635,0.2840072810649872,0.05516783520579338,0.13691066205501556,0.1920628398656845,0.20128563046455383,0.3658921718597412,0.43319475650787354,0.4123245179653168,0.22204725444316864,0.3142787218093872,0.12475580722093582,0.19386740028858185,0.06320420652627945,0.11338692158460617,0.20601701736450195,0.05792144313454628,0.14777174592018127,0.2733592092990875,0.06601563096046448,0.09855619817972183,0.0656193345785141,0.16089379787445068,0.048765622079372406,0.16954848170280457,0.12320269644260406,0.06559064239263535,0.07084475457668304,0.42319679260253906,0.22805029153823853,0.19834505021572113,0.07963285595178604,0.0775480642914772,0.08903729915618896,0.19338127970695496,0.0979362353682518,0.07523755729198456,0.13685524463653564,0.20387199521064758,0.07545468956232071,0.059934958815574646,0.09390711784362793,0.12290343642234802,0.07159323245286942,0.1881636530160904,0.052993714809417725,,,,,,,,,,,,,,,,,,,,,,,,,,,,,,,,,,,,,,,,,,,,,,,,,,,,,,,,,,,,,,,
face_0,8000,266.6666666666667,0.9946438074111938,500.2746276855469,518.87109375,303.1822814941406,437.73516845703125,0.16943013668060303,0.12011536955833435,0.08551668375730515,0.2747800350189209,0.06440280377864838,0.14141687750816345,0.26948752999305725,0.21506190299987793,0.29362738132476807,0.33976826071739197,0.36137622594833374,0.1785086989402771,0.3357447385787964,0.1172778457403183,0.14858762919902802,0.061966001987457275,0.10901027172803879,0.1920451819896698,0.0620235912501812,0.14618173241615295,0.26923760771751404,0.069682776927948,0.1033206433057785,0.06166185438632965,0.1543656587600708,0.04794576019048691,0.19438724219799042,0.16564969718456268,0.06114249676465988,0.11695615947246552,0.3916248679161072,0.19446568191051483,0.14278532564640045,0.06420914828777313,0.06886348873376846,0.07745487242937088,0.21156714856624603,0.08449815958738327,0.0549391470849514,0.10598095506429672,0.16215446591377258,0.06384874135255814,0.05392072722315788,0.16005001962184906,0.21618014574050903,0.06253974884748459,0.15792028605937958,0.05425552278757095,,,,,,,,,,,,,,,,,,,,,,,,,,,,,,,,,,,,,,,,,,,,,,,,,,,,,,,,,,,,,,,
face_0,8450,281.6666666666667,0.9940897226333618,513.7186279296875,505.81854248046875,308.9071044921875,449.1192626953125,0.1966116577386856,0.14843909442424774,0.0948982834815979,0.31352582573890686,0.05327475443482399,0.15698078274726868,0.2528650462627411,0.22395941615104675,0.2952743172645569,0.34790587425231934,0.38071078062057495,0.20630787312984467,0.3162047266960144,0.107563316822052,0.16942521929740906,0.06634832918643951,0.10701138526201248,0.18590697646141052,0.05534961074590683,0.1500927060842514,0.26885610818862915,0.07108549773693085,0.11207184940576553,0.06295328587293625,0.1585627943277359,0.047761887311935425,0.21087518334388733,0.17361031472682953,0.0670434832572937,0.10995525866746902,0.4320855438709259,0.23520945012569427,0.17933723330497742,0.07329630851745605,0.06892623007297516,0.08311238139867783,0.21141602098941803,0.08543580025434494,0.06767407804727554,0.11486999690532684,0.18089890480041504,0.06804872304201126,0.05870545655488968,0.13825112581253052,0.19350698590278625,0.06924457848072052,0.14397016167640686,0.054866984486579895,,,,,,,,,,,,,,,,,,,,,,,,,,,,,,,,,,,,,,,,,,,,,,,,,,,,,,,,,,,,,,,
face_0,8460,282.0,0.9920583367347717,513.1070556640625,506.86578369140625,311.3765869140625,450.0018310546875,0.19442763924598694,0.14764946699142456,0.0943695604801178,0.3178679645061493,0.05347362533211708,0.15101411938667297,0.24490033090114594,0.22417514026165009,0.30209505558013916,0.35473549365997314,0.37818047404289246,0.19913913309574127,0.31163081526756287,0.10828080773353577,0.17200492322444916,0.06578535586595535,0.10625649243593216,0.18489974737167358,0.05530731752514839,0.14525526762008667,0.26362404227256775,0.07107600569725037,0.1110398918390274,0.061356961727142334,0.15637803077697754,0.0475521981716156,0.2114645093679428,0.1628856211900711,0.06526429951190948,0.10415620356798172,0.43404754996299744,0.24002325534820557,0.1822577714920044,0.07182656228542328,0.06672866642475128,0.08340325951576233,0.20586706697940826,0.08514927327632904,0.06800664961338043,0.11160516738891602,0.18373480439186096,0.06875982135534286,0.05809888243675232,0.13405480980873108,0.19023530185222626,0.06905049085617065,0.14705868065357208,0.05483614653348923,,,,,,,,,,,,,,,,,,,,,,,,,,,,,,,,,,,,,,,,,,,,,,,,,,,,,,,,,,,,,,,
face_0,8480,282.6666666666667,0.9915798902511597,509.9814147949219,501.55853271484375,314.1825866699219,459.74322509765625,0.21039587259292603,0.1650790572166443,0.10095269232988358,0.3237791657447815,0.05231845751404762,0.1499243974685669,0.23649966716766357,0.22424769401550293,0.3136599063873291,0.3695419132709503,0.39037296175956726,0.2170037031173706,0.31920769810676575,0.11464004218578339,0.18282710015773773,0.06895503401756287,0.10981576144695282,0.19314613938331604,0.05629511922597885,0.14825427532196045,0.27564311027526855,0.07008864730596542,0.11169280111789703,0.06414802372455597,0.1606299877166748,0.04970205947756767,0.20604616403579712,0.1553073674440384,0.067320317029953,0.09398747235536575,0.4488562047481537,0.24682284891605377,0.19978953897953033,0.07855893671512604,0.07168407738208771,0.08962835371494293,0.2081306278705597,0.08988697081804276,0.07544207572937012,0.1237293928861618,0.1953001767396927,0.07334636896848679,0.060424260795116425,0.11840963363647461,0.1658477485179901,0.07221995294094086,0.150742769241333,0.056665629148483276,,,,,,,,,,,,,,,,,,,,,,,,,,,,,,,,,,,,,,,,,,,,,,,,,,,,,,,,,,,,,,,
face_0,8490,283.0,0.9908044338226318,512.4966430664062,502.7469787597656,310.053955078125,450.7874450683594,0.19794003665447235,0.15002045035362244,0.0966816395521164,0.30594465136528015,0.05430137738585472,0.15195858478546143,0.24463483691215515,0.22560763359069824,0.3115704655647278,0.367477148771286,0.39153727889060974,0.20867305994033813,0.3257817327976227,0.11330292373895645,0.17257431149482727,0.06764231622219086,0.10983369499444962,0.19375622272491455,0.05705581605434418,0.14906251430511475,0.2755948007106781,0.06803819537162781,0.11116209626197815,0.06359147280454636,0.1605534851551056,0.049052879214286804,0.19984561204910278,0.1634943038225174,0.0672139897942543,0.10179596394300461,0.43649500608444214,0.22813493013381958,0.18046142160892487,0.07449611276388168,0.06981433928012848,0.08435240387916565,0.20941750705242157,0.08646752685308456,0.06900621950626373,0.11981772631406784,0.18247897922992706,0.07021620124578476,0.059401750564575195,0.13078463077545166,0.1799541562795639,0.06989061832427979,0.15137894451618195,0.05396004021167755,,,,,,,,,,,,,,,,,,,,,,,,,,,,,,,,,,,,,,,,,,,,,,,,,,,,,,,,,,,,,,,
face_0,8520,284.0,0.9908816814422607,509.296630859375,500.8274841308594,309.6348876953125,454.8210144042969,0.20917482674121857,0.1733371466398239,0.10248768329620361,0.3403949737548828,0.05063283443450928,0.141072079539299,0.21067017316818237,0.22041381895542145,0.3349282741546631,0.38917702436447144,0.38896748423576355,0.2127348631620407,0.30101773142814636,0.11411738395690918,0.1980358362197876,0.07035970687866211,0.1088222786784172,0.19253191351890564,0.055487800389528275,0.14387483894824982,0.2611413896083832,0.073469378054142,0.10941463708877563,0.0641191378235817,0.15825627744197845,0.048606764525175095,0.20982098579406738,0.13474717736244202,0.06610997766256332,0.08034984022378922,0.454052209854126,0.26968836784362793,0.22178161144256592,0.0802886113524437,0.07453004270792007,0.09267036616802216,0.19560320675373077,0.09476011991500854,0.08242367953062057,0.12882380187511444,0.21669119596481323,0.08164411038160324,0.06101094186306,0.10160892456769943,0.14438016712665558,0.07385879009962082,0.1637754589319229,0.05805974453687668,,,,,,,,,,,,,,,,,,,,,,,,,,,,,,,,,,,,,,,,,,,,,,,,,,,,,,,,,,,,,,,
face_0,8710,290.3333333333333,0.9922568798065186,512.5859375,503.72833251953125,307.6827392578125,446.0382080078125,0.2071724534034729,0.16094475984573364,0.09886270761489868,0.34402742981910706,0.05244828760623932,0.14023002982139587,0.2446080446243286,0.22199904918670654,0.2948947846889496,0.3563084304332733,0.3693022131919861,0.19517536461353302,0.3042876124382019,0.10983117669820786,0.18310338258743286,0.06713950634002686,0.1065380871295929,0.1777006983757019,0.05406076833605766,0.13709282875061035,0.25577518343925476,0.07660410553216934,0.10622374713420868,0.05853120610117912,0.157809317111969,0.04805388301610947,0.22811909019947052,0.14874762296676636,0.06068223714828491,0.09532300382852554,0.44954779744148254,0.26651355624198914,0.19975998997688293,0.07352767139673233,0.06441836059093475,0.09051600098609924,0.2033063769340515,0.09059746563434601,0.07220213115215302,0.105120450258255,0.20132048428058624,0.0721321702003479,0.05509837716817856,0.12297560274600983,0.18399353325366974,0.06872054934501648,0.1436110883951187,0.060357969254255295,,,,,,,,,,,,,,,,,,,,,,,,,,,,,,,,,,,,,,,,,,,,,,,,,,,,,,,,,,,,,,,
face_0,8790,293.0,0.9974350333213806,513.6149291992188,481.54864501953125,312.68060302734375,452.846435546875,0.1305028200149536,0.17889553308486938,0.07754553854465485,0.2815954089164734,0.03440412878990173,0.1231820285320282,0.07639642059803009,0.16262748837471008,0.3332759439945221,0.4985882341861725,0.2486870437860489,0.14400126039981842,0.15695537626743317,0.09028208255767822,0.2796913683414459,0.04670322686433792,0.06189516931772232,0.2405838668346405,0.053602200001478195,0.1840936243534088,0.13831572234630585,0.09577983617782593,0.14395008981227875,0.09319194406270981,0.12427102774381638,0.02875427156686783,0.13970157504081726,0.07305385172367096,0.09488487243652344,0.032981209456920624,0.24543456733226776,0.3134424686431885,0.36390480399131775,0.10531068593263626,0.18581721186637878,0.07900681346654892,0.13757644593715668,0.1798247992992401,0.12234609574079514,0.2603507936000824,0.34151312708854675,0.10030435025691986,0.11637197434902191,0.0330149307847023,0.03511441871523857,0.0746561661362648,0.3728009760379791,0.0472981259226799,,,,,,,,,,,,,,,,,,,,,,,,,,,,,,,,,,,,,,,,,,,,,,,,,,,,,,,,,,,,,,,
face_0,8800,293.3333333333333,0.9952514171600342,499.22625732421875,486.54541015625,316.86083984375,472.09051513671875,0.1932603418827057,0.18121348321437836,0.09989695250988007,0.2910263240337372,0.05368420481681824,0.1392817199230194,0.15091393887996674,0.19447259604930878,0.4113072156906128,0.41060662269592285,0.3594490587711334,0.22725677490234375,0.2901957929134369,0.13384023308753967,0.21080824732780457,0.0669781044125557,0.10493645071983337,0.22737883031368256,0.06152816116809845,0.16459643840789795,0.2595740258693695,0.07001592963933945,0.1042175143957138,0.07417413592338562,0.14691829681396484,0.04688357934355736,0.16131362318992615,0.11134553700685501,0.06968173384666443,0.05731687322258949,0.38308119773864746,0.24907974898815155,0.24788865447044373,0.09113281965255737,0.10297597199678421,0.09864938259124756,0.1773356795310974,0.10920953750610352,0.09372466802597046,0.17304158210754395,0.24237266182899475,0.09300491958856583,0.06915928423404694,0.06632813811302185,0.07743954658508301,0.07306667417287827,0.22284580767154694,0.05905672907829285,,,,,,,,,,,,,,,,,,,,,,,,,,,,,,,,,,,,,,,,,,,,,,,,,,,,,,,,,,,,,,,
face_0,8810,293.6666666666667,0.9974284768104553,516.9440307617188,482.5433654785156,308.33795166015625,453.3936462402344,0.20423062145709991,0.19373811781406403,0.10574091970920563,0.2979225814342499,0.04816211387515068,0.13639914989471436,0.1450897753238678,0.19861119985580444,0.4615651071071625,0.4654678702354431,0.3967413604259491,0.23389974236488342,0.2836957275867462,0.12815777957439423,0.23005352914333344,0.06765593588352203,0.10633085668087006,0.21973276138305664,0.0555986724793911,0.15351204574108124,0.256908655166626,0.06606782972812653,0.10298968106508255,0.06918954104185104,0.15585848689079285,0.047046761959791183,0.15803271532058716,0.10046971589326859,0.0686403214931488,0.050204262137413025,0.42043888568878174,0.2594664990901947,0.2686745226383209,0.09340041875839233,0.08904918283224106,0.09789519757032394,0.17201469838619232,0.10735626518726349,0.10363014042377472,0.16537368297576904,0.2504632771015167,0.09704121947288513,0.06826673448085785,0.060945622622966766,0.07475709170103073,0.0766952633857727,0.22890865802764893,0.05432158708572388,,,,,,,,,,,,,,,,,,,,,,,,,,,,,,,,,,,,,,,,,,,,,,,,,,,,,,,,,,,,,,,
face_0,8830,294.3333333333333,0.9923589825630188,522.0435791015625,484.10986328125,309.57281494140625,449.3336181640625,0.2029852569103241,0.18904784321784973,0.10598023235797882,0.30995669960975647,0.04747018963098526,0.13825497031211853,0.1430346816778183,0.20450368523597717,0.4275101125240326,0.46680748462677,0.4182971119880676,0.2351416051387787,0.28931909799575806,0.12395060062408447,0.22909389436244965,0.06945030391216278,0.11006530374288559,0.20594893395900726,0.054838478565216064,0.14725837111473083,0.2570973336696625,0.06638707965612411,0.10199233144521713,0.06555163860321045,0.157884418964386,0.04706732556223869,0.16753877699375153,0.10081332921981812,0.06750265508890152,0.050509221851825714,0.44795912504196167,0.2714315354824066,0.2666650414466858,0.0889790952205658,0.0807332694530487,0.09523959457874298,0.1707601398229599,0.10171965509653091,0.10314787924289703,0.15029673278331757,0.24837416410446167,0.09920122474431992,0.06522926688194275,0.06271851807832718,0.07880991697311401,0.07643800228834152,0.2070101499557495,0.0527166910469532,,,,,,,,,,,,,,,,,,,,,,,,,,,,,,,,,,,,,,,,,,,,,,,,,,,,,,,,,,,,,,,
face_0,8970,299.0,0.9975597858428955,513.0184936523438,484.8590393066406,306.9150390625,439.7323913574219,0.21855264902114868,0.18789701163768768,0.10956406593322754,0.32922449707984924,0.04694904386997223,0.13489721715450287,0.17947039008140564,0.2200556993484497,0.3875938355922699,0.4484582841396332,0.416826993227005,0.22751621901988983,0.2914687991142273,0.12182305753231049,0.21846099197864532,0.0735124722123146,0.11324644088745117,0.19406530261039734,0.051898546516895294,0.13406454026699066,0.2598673403263092,0.06706888973712921,0.10363960266113281,0.05984274670481682,0.16410665214061737,0.04970991984009743,0.18569256365299225,0.11162981390953064,0.06440535187721252,0.059635840356349945,0.47588229179382324,0.27013537287712097,0.2470836043357849,0.08542963117361069,0.06652191281318665,0.09742191433906555,0.1836809664964676,0.0978936180472374,0.0953519269824028,0.12836243212223053,0.23257005214691162,0.09003851562738419,0.06092119961977005,0.07710756361484528,0.10776755213737488,0.07503418624401093,0.17554014921188354,0.055157314985990524,,,,,,,,,,,,,,,,,,,,,,,,,,,,,,,,,,,,,,,,,,,,,,,,,,,,,,,,,,,,,,,
face_0,9240,308.0,0.9911993145942688,509.087158203125,496.875732421875,325.42041015625,502.6676025390625,0.21241171658039093,0.170762836933136,0.10447698831558228,0.321509450674057,0.0503290630877018,0.14101454615592957,0.21780464053153992,0.22049468755722046,0.33576205372810364,0.3962172865867615,0.4014075994491577,0.22473041713237762,0.3159554898738861,0.1190473735332489,0.1923605054616928,0.0723034217953682,0.11176493018865585,0.19459503889083862,0.055469680577516556,0.14178140461444855,0.2738102674484253,0.0702834352850914,0.10623760521411896,0.062140632420778275,0.16426676511764526,0.049954693764448166,0.19584433734416962,0.1346842646598816,0.06558135151863098,0.0782695934176445,0.45662733912467957,0.25040969252586365,0.21209776401519775,0.0807710736989975,0.07039347290992737,0.09159312397241592,0.20274394750595093,0.09500235319137573,0.08182819932699203,0.12458419054746628,0.20908844470977783,0.08277029544115067,0.06001274660229683,0.10097675770521164,0.14224624633789062,0.07197345793247223,0.16231505572795868,0.05646919459104538,,,,,,,,,,,,,,,,,,,,,,,,,,,,,,,,,,,,,,,,,,,,,,,,,,,,,,,,,,,,,,,
face_0,9370,312.3333333333333,0.9910195469856262,505.0807800292969,499.1150207519531,319.8995056152344,489.1282043457031,0.21354898810386658,0.1716877818107605,0.10431914031505585,0.32629308104515076,0.051483988761901855,0.13796864449977875,0.2206825613975525,0.21859459578990936,0.3345939517021179,0.393963098526001,0.39418673515319824,0.21742822229862213,0.31033578515052795,0.11902268975973129,0.19403190910816193,0.07118239253759384,0.11168242990970612,0.19284957647323608,0.05499621853232384,0.13966135680675507,0.26753121614456177,0.0707622691988945,0.10448593646287918,0.06150251254439354,0.16266414523124695,0.04992951452732086,0.20013414323329926,0.1330636739730835,0.06375240534543991,0.07859128713607788,0.454107403755188,0.2548505961894989,0.21198737621307373,0.08034275472164154,0.06990998983383179,0.09344562143087387,0.20093122124671936,0.09551739692687988,0.08030261844396591,0.12237565964460373,0.21056416630744934,0.08009245991706848,0.058589689433574677,0.10141152888536453,0.1441125124692917,0.07141026854515076,0.1611853986978531,0.05820801854133606,,,,,,,,,,,,,,,,,,,,,,,,,,,,,,,,,,,,,,,,,,,,,,,,,,,,,,,,,,,,,,,
face_0,9390,313.0,0.9910587668418884,507.53082275390625,503.33935546875,315.39349365234375,482.7373046875,0.2118486911058426,0.1616239696741104,0.10075808316469193,0.3380850851535797,0.05112893879413605,0.13780756294727325,0.2510889172554016,0.22059288620948792,0.2947327792644501,0.3626933991909027,0.3731123208999634,0.19886605441570282,0.31133702397346497,0.11120402812957764,0.1829645037651062,0.06740295141935349,0.10738074034452438,0.17561860382556915,0.05246955156326294,0.13367637991905212,0.26020053029060364,0.07584726810455322,0.1023188978433609,0.0564386360347271,0.16187605261802673,0.0483834445476532,0.22383780777454376,0.14774656295776367,0.05884319916367531,0.09343589097261429,0.4561881721019745,0.2608776390552521,0.19657042622566223,0.07418656349182129,0.061185527592897415,0.0914032906293869,0.2076188027858734,0.09256304800510406,0.07146050781011581,0.1015176773071289,0.2012084275484085,0.07167518883943558,0.05276981741189957,0.122392438352108,0.18484172224998474,0.06784217059612274,0.14181429147720337,0.060321129858493805,,,,,,,,,,,,,,,,,,,,,,,,,,,,,,,,,,,,,,,,,,,,,,,,,,,,,,,,,,,,,,,
face_0,9420,314.0,0.9949605464935303,502.17938232421875,494.3626708984375,317.263427734375,478.36474609375,0.21060042083263397,0.17270967364311218,0.1025492399930954,0.33580154180526733,0.05120526999235153,0.14359140396118164,0.21475167572498322,0.2182343304157257,0.31634223461151123,0.3736531436443329,0.39185813069343567,0.2216632217168808,0.3119962811470032,0.1162627637386322,0.1917250156402588,0.07242877036333084,0.11109846830368042,0.19072693586349487,0.056572627276182175,0.14507904648780823,0.27002617716789246,0.07450401782989502,0.10771025717258453,0.06367118656635284,0.16008345782756805,0.04911515489220619,0.2091100513935089,0.13839596509933472,0.06598547101020813,0.08143671602010727,0.4546130299568176,0.2636471390724182,0.2184930145740509,0.08006632328033447,0.07423276454210281,0.09247490763664246,0.2002570629119873,0.09419596940279007,0.08337202668190002,0.12495286762714386,0.21441704034805298,0.08507972210645676,0.06024669483304024,0.10172013938426971,0.14367322623729706,0.0719539076089859,0.15594671666622162,0.05940144509077072,,,,,,,,,,,,,,,,,,,,,,,,,,,,,,,,,,,,,,,,,,,,,,,,,,,,,,,,,,,,,,,
face_0,9460,315.3333333333333,0.9904155731201172,511.34576416015625,495.73870849609375,317.248291015625,485.69085693359375,0.21903151273727417,0.18587477505207062,0.10849903523921967,0.3420603573322296,0.050074730068445206,0.13057997822761536,0.1904212385416031,0.21991975605487823,0.35463395714759827,0.42619872093200684,0.40134841203689575,0.21753421425819397,0.30407387018203735,0.12459851056337357,0.2131015658378601,0.07333332300186157,0.11288343369960785,0.1943133920431137,0.05559593811631203,0.1343657374382019,0.2641192376613617,0.07091328501701355,0.10269823670387268,0.06113725155591965,0.16193507611751556,0.050530679523944855,0.19765020906925201,0.11464101076126099,0.06270609050989151,0.06434407830238342,0.47323596477508545,0.2765815854072571,0.24016422033309937,0.08341976255178452,0.07040603458881378,0.09887921810150146,0.18783138692378998,0.09858736395835876,0.08996502310037613,0.1275208741426468,0.2316327542066574,0.08879831433296204,0.05921225994825363,0.08344777673482895,0.11816316843032837,0.07427649945020676,0.16819597780704498,0.05874130129814148,,,,,,,,,,,,,,,,,,,,,,,,,,,,,,,,,,,,,,,,,,,,,,,,,,,,,,,,,,,,,,,
face_0,9470,315.6666666666667,0.9958178400993347,511.0678405761719,498.9523620605469,316.5967712402344,474.7884216308594,0.20610442757606506,0.2070789635181427,0.10583967715501785,0.3846352994441986,0.045356106013059616,0.11285294592380524,0.12733496725559235,0.20543617010116577,0.36555051803588867,0.46770331263542175,0.3616650700569153,0.18915525078773499,0.25093770027160645,0.12358129024505615,0.2626798748970032,0.06566043198108673,0.1005278080701828,0.19327351450920105,0.056576844304800034,0.13045421242713928,0.21892812848091125,0.07949930429458618,0.10193681716918945,0.06460999697446823,0.1449274718761444,0.04502556845545769,0.2022518515586853,0.08091338723897934,0.06137692928314209,0.042618878185749054,0.4497665464878082,0.3538888394832611,0.3192503750324249,0.08921666443347931,0.08501600474119186,0.10775431245565414,0.15432563424110413,0.11522947251796722,0.10840177536010742,0.1468367576599121,0.2978195250034332,0.09866926074028015,0.06396222859621048,0.05318516865372658,0.07249686866998672,0.08078092336654663,0.19993281364440918,0.06201741844415665,,,,,,,,,,,,,,,,,,,,,,,,,,,,,,,,,,,,,,,,,,,,,,,,,,,,,,,,,,,,,,,
face_0,9480,316.0,0.9918528199195862,510.52685546875,497.1033935546875,319.21466064453125,485.542724609375,0.22108617424964905,0.194268599152565,0.10997607558965683,0.35388869047164917,0.049695760011672974,0.1250263899564743,0.17359694838523865,0.21815112233161926,0.3636501133441925,0.44376811385154724,0.39453423023223877,0.21317826211452484,0.2952282428741455,0.12862879037857056,0.22897489368915558,0.07153943926095963,0.11184835433959961,0.19563663005828857,0.05626330524682999,0.1320636123418808,0.2570267617702484,0.07228639721870422,0.1011601984500885,0.061216555535793304,0.15829357504844666,0.05018680915236473,0.19849488139152527,0.1039443165063858,0.06124492734670639,0.057230569422245026,0.4733969271183014,0.29632505774497986,0.2591436207294464,0.0854337140917778,0.07193496823310852,0.10449467599391937,0.18028396368026733,0.10413140058517456,0.09425289928913116,0.12944777309894562,0.25021520256996155,0.09068436920642853,0.05924036353826523,0.07415301352739334,0.10413875430822372,0.07612813264131546,0.1753259301185608,0.060859113931655884,,,,,,,,,,,,,,,,,,,,,,,,,,,,,,,,,,,,,,,,,,,,,,,,,,,,,,,,,,,,,,,
face_0,9490,316.3333333333333,0.9921528697013855,509.5784606933594,494.47564697265625,319.2716369628906,487.11590576171875,0.21394231915473938,0.18153072893619537,0.10648348182439804,0.33192625641822815,0.04927802085876465,0.13281570374965668,0.18869242072105408,0.22110098600387573,0.3606802225112915,0.42948442697525024,0.40171098709106445,0.21792875230312347,0.305091917514801,0.12370565533638,0.21059522032737732,0.0720234289765358,0.11092452704906464,0.1988125592470169,0.05580274388194084,0.13743284344673157,0.26518547534942627,0.0693131536245346,0.10566757619380951,0.06242695450782776,0.1607522964477539,0.0499102883040905,0.1910567283630371,0.1164059042930603,0.06492452323436737,0.06511272490024567,0.4634208083152771,0.2677061855792999,0.23623895645141602,0.0832194983959198,0.07188214361667633,0.09585539996623993,0.18824489414691925,0.0987408310174942,0.08921824395656586,0.13150282204151154,0.22734393179416656,0.08745814859867096,0.06154762580990791,0.08430768549442291,0.11758792400360107,0.07476776093244553,0.1739395409822464,0.05640272796154022,,,,,,,,,,,,,,,,,,,,,,,,,,,,,,,,,,,,,,,,,,,,,,,,,,,,,,,,,,,,,,,
face_0,9610,320.3333333333333,0.9926800727844238,510.5314636230469,491.1585388183594,318.1363220214844,485.6794738769531,0.21085315942764282,0.17121011018753052,0.10461987555027008,0.32413172721862793,0.05121069401502609,0.13559404015541077,0.20502260327339172,0.2225891649723053,0.34383460879325867,0.4150683879852295,0.40660417079925537,0.2184082567691803,0.314686119556427,0.12322559207677841,0.19911813735961914,0.07132218033075333,0.11300405859947205,0.19557005167007446,0.0565180778503418,0.13746988773345947,0.2712961733341217,0.06863751262426376,0.10432162880897522,0.06149318441748619,0.16260258853435516,0.050317369401454926,0.19267867505550385,0.12565074861049652,0.06397364288568497,0.07244034111499786,0.4623189866542816,0.2550888657569885,0.215083047747612,0.08037394285202026,0.06888724118471146,0.09372168779373169,0.19516664743423462,0.09519866853952408,0.0821998119354248,0.12449701130390167,0.2130911499261856,0.08228115737438202,0.059208519756793976,0.09488225728273392,0.1326858401298523,0.07276938110589981,0.1639927178621292,0.056215085089206696,,,,,,,,,,,,,,,,,,,,,,,,,,,,,,,,,,,,,,,,,,,,,,,,,,,,,,,,,,,,,,,
face_0,9720,324.0,0.9926156997680664,506.2040710449219,497.31170654296875,318.7611999511719,487.946044921875,0.22855213284492493,0.1929154396057129,0.11009135097265244,0.3416370153427124,0.05097339674830437,0.13282737135887146,0.20952050387859344,0.21605022251605988,0.3339082598686218,0.4038670063018799,0.39411628246307373,0.22577396035194397,0.3080020844936371,0.1242806613445282,0.2083398997783661,0.0731969103217125,0.11284992098808289,0.19588854908943176,0.056658968329429626,0.13884416222572327,0.2691650986671448,0.07324080914258957,0.10517556220293045,0.06358806043863297,0.164553701877594,0.05144767463207245,0.20303641259670258,0.12355000525712967,0.06449645757675171,0.07037001103162766,0.4659922122955322,0.27511781454086304,0.24134092032909393,0.08628295361995697,0.07476281374692917,0.10067258030176163,0.19814765453338623,0.10084249824285507,0.08997193723917007,0.13158071041107178,0.22881022095680237,0.08594411611557007,0.060771018266677856,0.08874307572841644,0.12699750065803528,0.07420030236244202,0.16330404579639435,0.06149723753333092,,,,,,,,,,,,,,,,,,,,,,,,,,,,,,,,,,,,,,,,,,,,,,,,,,,,,,,,,,,,,,,
face_0,9730,324.3333333333333,0.9930316209793091,508.9719543457031,494.9794616699219,319.1632385253906,487.3529968261719,0.207906574010849,0.16865548491477966,0.10148201137781143,0.3164999485015869,0.05045023933053017,0.14662514626979828,0.22493067383766174,0.21928367018699646,0.32454851269721985,0.37988609075546265,0.39417189359664917,0.2243689000606537,0.31323111057281494,0.1149534061551094,0.1871117651462555,0.06987228244543076,0.10882704704999924,0.19799599051475525,0.056707870215177536,0.1489475667476654,0.27262723445892334,0.07097290456295013,0.11276039481163025,0.06576969474554062,0.1623612940311432,0.04933730140328407,0.19703508913516998,0.1442565619945526,0.06968677788972855,0.08513708412647247,0.4417305588722229,0.2460860013961792,0.20958739519119263,0.08130012452602386,0.07564764469861984,0.08851757645606995,0.2063210904598236,0.09428959339857101,0.0808054506778717,0.13195788860321045,0.20249247550964355,0.07851708680391312,0.06384903192520142,0.1070336326956749,0.1506059616804123,0.07290014624595642,0.16283927857875824,0.05542798340320587,,,,,,,,,,,,,,,,,,,,,,,,,,,,,,,,,,,,,,,,,,,,,,,,,,,,,,,,,,,,,,,
face_0,9790,326.3333333333333,0.9942417144775391,509.94818115234375,500.2372741699219,318.14398193359375,490.2383117675781,0.21226149797439575,0.17268610000610352,0.10431981831789017,0.3369763493537903,0.050539109855890274,0.13276618719100952,0.20996998250484467,0.2205062210559845,0.33977487683296204,0.4022303819656372,0.38872072100639343,0.20835638046264648,0.3090886175632477,0.11992903053760529,0.19988365471363068,0.07024495303630829,0.10969571024179459,0.18891818821430206,0.05473925918340683,0.13475152850151062,0.26267319917678833,0.07204645127058029,0.10226808488368988,0.05914846062660217,0.1606152057647705,0.0492888018488884,0.20488420128822327,0.12457248568534851,0.060737770050764084,0.07356828451156616,0.46247488260269165,0.268074631690979,0.22000077366828918,0.07865981012582779,0.06684748083353043,0.09457409381866455,0.1941675841808319,0.09634560346603394,0.08141559362411499,0.11638923734426498,0.21855805814266205,0.08236290514469147,0.05672437697649002,0.09697200357913971,0.13953141868114471,0.07119765132665634,0.16299289464950562,0.05852453410625458,,,,,,,,,,,,,,,,,,,,,,,,,,,,,,,,,,,,,,,,,,,,,,,,,,,,,,,,,,,,,,,
face_0,9910,330.3333333333333,0.9910390973091125,506.8837890625,504.6881408691406,311.75830078125,462.5965270996094,0.20861530303955078,0.1701992154121399,0.10270221531391144,0.3159651756286621,0.053372662514448166,0.14334283769130707,0.21722976863384247,0.21425947546958923,0.33468613028526306,0.387900710105896,0.40005195140838623,0.22741225361824036,0.318778932094574,0.11921881884336472,0.19097036123275757,0.07118984311819077,0.11320798099040985,0.20382128655910492,0.05768050625920296,0.15039817988872528,0.2761269509792328,0.07139000296592712,0.10876505076885223,0.06670448929071426,0.1622599959373474,0.04997783899307251,0.19429199397563934,0.13735716044902802,0.0688658133149147,0.08032466471195221,0.4416901171207428,0.24687360227108002,0.2108040153980255,0.08234061300754547,0.07977676391601562,0.09241559356451035,0.20540198683738708,0.09817355871200562,0.08116918802261353,0.1379624754190445,0.20881514251232147,0.08164682239294052,0.06296484172344208,0.10171759128570557,0.14100243151187897,0.07264456897974014,0.1701844483613968,0.057676512748003006,,,,,,,,,,,,,,,,,,,,,,,,,,,,,,,,,,,,,,,,,,,,,,,,,,,,,,,,,,,,,,,
face_0,9960,332.0,0.9901306629180908,505.5748596191406,503.76116943359375,318.5663757324219,486.59033203125,0.2145829051733017,0.1721504032611847,0.10340097546577454,0.3365859091281891,0.052351150661706924,0.13471075892448425,0.22928039729595184,0.21529808640480042,0.31767538189888,0.3784491717815399,0.3802019953727722,0.20944340527057648,0.3034953474998474,0.11676757782697678,0.19236443936824799,0.07039222121238708,0.11059295386075974,0.18708087503910065,0.05462391674518585,0.13755325973033905,0.25972428917884827,0.07462061941623688,0.10252325981855392,0.06060784310102463,0.16104213893413544,0.04939192906022072,0.2123005986213684,0.13438746333122253,0.06166688725352287,0.08165864646434784,0.45143622159957886,0.2642076313495636,0.21229824423789978,0.07932085543870926,0.06977353245019913,0.09512293338775635,0.2018425166606903,0.0961018055677414,0.07829369604587555,0.11858134716749191,0.21245086193084717,0.07840678095817566,0.056654442101716995,0.10505309700965881,0.15400701761245728,0.07023292779922485,0.15577174723148346,0.06152574345469475,,,,,,,,,,,,,,,,,,,,,,,,,,,,,,,,,,,,,,,,,,,,,,,,,,,,,,,,,,,,,,,
face_0,9970,332.3333333333333,0.9946341514587402,509.79461669921875,501.4887390136719,315.91302490234375,482.3882141113281,0.22019970417022705,0.17860980331897736,0.10580997169017792,0.34089386463165283,0.04868708550930023,0.1329009085893631,0.21998371183872223,0.21865376830101013,0.3338681161403656,0.39485684037208557,0.3870812654495239,0.2109910398721695,0.3059713840484619,0.1163174957036972,0.19856318831443787,0.07067321240901947,0.10875166207551956,0.18386054039001465,0.05208400636911392,0.1327487826347351,0.2617052495479584,0.07237500697374344,0.10250544548034668,0.0579233281314373,0.16317513585090637,0.04941066354513168,0.20910748839378357,0.12689726054668427,0.06038203090429306,0.0750441774725914,0.4685589671134949,0.2698718011379242,0.2232002466917038,0.07971051335334778,0.06434676051139832,0.09458024799823761,0.1979590356349945,0.0954291820526123,0.0827617272734642,0.11341352015733719,0.2162577211856842,0.08091533929109573,0.056123726069927216,0.09866993874311447,0.14597970247268677,0.07112956792116165,0.1575891077518463,0.058911167085170746,,,,,,,,,,,,,,,,,,,,,,,,,,,,,,,,,,,,,,,,,,,,,,,,,,,,,,,,,,,,,,,
face_0,10040,334.6666666666667,0.9901260137557983,509.6336669921875,514.6028442382812,310.751708984375,461.8394775390625,0.1480593979358673,0.14819352328777313,0.07980675995349884,0.280657023191452,0.06301415711641312,0.15329709649085999,0.11632068455219269,0.1883109211921692,0.3308424651622772,0.3632470965385437,0.350234717130661,0.20467738807201385,0.30321425199508667,0.1212184876203537,0.18732842803001404,0.05471460148692131,0.0983734279870987,0.2662712335586548,0.07768844068050385,0.2099754810333252,0.2530520260334015,0.06689176708459854,0.12526960670948029,0.09949392080307007,0.12240298837423325,0.04112549126148224,0.14948487281799316,0.11013399809598923,0.09152435511350632,0.05699973925948143,0.33275964856147766,0.24971863627433777,0.2276858389377594,0.08420214802026749,0.16778042912483215,0.08407454192638397,0.16490651667118073,0.10387622565031052,0.08100414276123047,0.2587728798389435,0.21448585391044617,0.07805899530649185,0.09088772535324097,0.06397297978401184,0.0658954530954361,0.07843875885009766,0.23664085566997528,0.05165896937251091,,,,,,,,,,,,,,,,,,,,,,,,,,,,,,,,,,,,,,,,,,,,,,,,,,,,,,,,,,,,,,,
face_0,10150,338.3333333333333,0.9916902780532837,505.60906982421875,495.57733154296875,311.53271484375,464.68597412109375,0.20266678929328918,0.1585865318775177,0.10004958510398865,0.3243277966976166,0.05345714092254639,0.1344451904296875,0.21849821507930756,0.22529378533363342,0.3249867260456085,0.39326199889183044,0.3918847441673279,0.20173197984695435,0.318587064743042,0.12127512693405151,0.18739265203475952,0.06836425513029099,0.11108899116516113,0.188779816031456,0.05695786327123642,0.13522934913635254,0.26835545897483826,0.0685722753405571,0.10301732271909714,0.06002778559923172,0.1587076187133789,0.04989646002650261,0.20219586789608002,0.13417714834213257,0.061207640916109085,0.08225053548812866,0.45708274841308594,0.24888058006763458,0.19661161303520203,0.07472335547208786,0.06525299698114395,0.0909574031829834,0.19607606530189514,0.08854104578495026,0.07286768406629562,0.11455003917217255,0.1987539678812027,0.07437402009963989,0.055600833147764206,0.10948492586612701,0.15572163462638855,0.07111907750368118,0.1529456377029419,0.056146033108234406,,,,,,,,,,,,,,,,,,,,,,,,,,,,,,,,,,,,,,,,,,,,,,,,,,,,,,,,,,,,,,,
face_0,10420,347.3333333333333,0.9950357675552368,505.8683776855469,492.41961669921875,316.4259948730469,472.63909912109375,0.22144606709480286,0.18814632296562195,0.10803084075450897,0.3300696611404419,0.0452842079102993,0.1540849506855011,0.19584794342517853,0.2184729278087616,0.34853485226631165,0.40110838413238525,0.41704487800598145,0.2449895143508911,0.30562177300453186,0.1117311343550682,0.20232880115509033,0.07413549721240997,0.1113162562251091,0.19048550724983215,0.05094968527555466,0.14786866307258606,0.2746466100215912,0.07021107524633408,0.11171659827232361,0.06306999176740646,0.16627846658229828,0.04890229180455208,0.19582673907279968,0.13507597148418427,0.07032451778650284,0.07212439179420471,0.47800031304359436,0.26578235626220703,0.24288713932037354,0.08573052287101746,0.07138174772262573,0.09146766364574432,0.1983388364315033,0.09446784853935242,0.09677109122276306,0.1303863823413849,0.21978925168514252,0.09014736860990524,0.06426163762807846,0.0892859622836113,0.12492246180772781,0.07573579251766205,0.16242040693759918,0.05436079949140549,,,,,,,,,,,,,,,,,,,,,,,,,,,,,,,,,,,,,,,,,,,,,,,,,,,,,,,,,,,,,,,
face_0,10470,349.0,0.9953151941299438,519.108154296875,493.7498779296875,311.0306396484375,469.638671875,0.2061319351196289,0.17848911881446838,0.1051507219672203,0.3254829943180084,0.04990724101662636,0.14119663834571838,0.17247158288955688,0.22031822800636292,0.37270084023475647,0.4331352114677429,0.41623589396476746,0.226163849234581,0.3083147704601288,0.12293419986963272,0.21236246824264526,0.07206788659095764,0.11301868408918381,0.19987419247627258,0.05654118210077286,0.14386208355426788,0.2696147859096527,0.06863679736852646,0.10641881823539734,0.06386607140302658,0.15989543497562408,0.049097608774900436,0.1864997148513794,0.11669719219207764,0.06706301122903824,0.0629466250538826,0.465745210647583,0.2671806216239929,0.23924767971038818,0.08311058580875397,0.07452595978975296,0.09401503205299377,0.18343520164489746,0.09724094718694687,0.0926065742969513,0.13555549085140228,0.22948168218135834,0.0921361893415451,0.06292373687028885,0.08091249316930771,0.10857360064983368,0.07551595568656921,0.1778607815504074,0.0545446053147316,,,,,,,,,,,,,,,,,,,,,,,,,,,,,,,,,,,,,,,,,,,,,,,,,,,,,,,,,,,,,,,
face_0,10480,349.3333333333333,0.9923830628395081,514.3139038085938,496.3287658691406,319.76092529296875,485.4280090332031,0.22630271315574646,0.19350820779800415,0.11115558445453644,0.3444039821624756,0.049710359424352646,0.13013403117656708,0.18917451798915863,0.2186054140329361,0.3544420301914215,0.4228023886680603,0.3995591104030609,0.22360585629940033,0.3005875051021576,0.12722954154014587,0.21655438840389252,0.07492033392190933,0.11389299482107162,0.1912669986486435,0.054726630449295044,0.13242852687835693,0.2649078667163849,0.07163887470960617,0.10158232599496841,0.05962727963924408,0.16332995891571045,0.05129977688193321,0.1997503787279129,0.11288818717002869,0.06141917407512665,0.062349360436201096,0.4767303168773651,0.2796857953071594,0.24770735204219818,0.08538724482059479,0.06814159452915192,0.10283391177654266,0.18769481778144836,0.09922626614570618,0.09397172927856445,0.12240446358919144,0.23707985877990723,0.09142151474952698,0.058465100824832916,0.07981917262077332,0.11332368105649948,0.07348567247390747,0.164224773645401,0.06059451028704643,,,,,,,,,,,,,,,,,,,,,,,,,,,,,,,,,,,,,,,,,,,,,,,,,,,,,,,,,,,,,,,
face_0,10520,350.6666666666667,0.9927569031715393,509.3752746582031,494.88055419921875,320.8302307128906,500.67913818359375,0.2186998426914215,0.17655590176582336,0.10526802390813828,0.3516261577606201,0.05068401247262955,0.12605957686901093,0.22165220975875854,0.21819205582141876,0.32016339898109436,0.38928988575935364,0.377078652381897,0.19929178059101105,0.30376189947128296,0.11950239539146423,0.19811058044433594,0.07078772038221359,0.1091095432639122,0.179861918091774,0.053663309663534164,0.12778358161449432,0.2567073404788971,0.07521504908800125,0.09968075901269913,0.056698206812143326,0.16113153100013733,0.049900490790605545,0.21821385622024536,0.12315472960472107,0.05730285868048668,0.075162872672081,0.4691097140312195,0.27513545751571655,0.2203122079372406,0.07771299034357071,0.06295324862003326,0.09771986305713654,0.1951972246170044,0.09540504962205887,0.08053363859653473,0.10854971408843994,0.2183992564678192,0.08042774349451065,0.053723886609077454,0.09939299523830414,0.15062002837657928,0.07019995152950287,0.15143579244613647,0.06182160973548889,,,,,,,,,,,,,,,,,,,,,,,,,,,,,,,,,,,,,,,,,,,,,,,,,,,,,,,,,,,,,,,
face_0,10630,354.3333333333333,0.9922196865081787,505.83062744140625,505.2934875488281,316.1683349609375,474.2580261230469,0.21044516563415527,0.17432928085327148,0.1037018671631813,0.31711143255233765,0.0501144677400589,0.1494775414466858,0.20301827788352966,0.20907597243785858,0.3327912986278534,0.38558605313301086,0.4019380211830139,0.23479478061199188,0.31114014983177185,0.1147378534078598,0.1943473368883133,0.07135045528411865,0.11280806362628937,0.18994343280792236,0.05273793637752533,0.1490030586719513,0.27319300174713135,0.07234783470630646,0.10369051992893219,0.06321348994970322,0.1623971164226532,0.048276565968990326,0.1965605765581131,0.13705910742282867,0.06619980931282043,0.07643226534128189,0.4506716728210449,0.2549075186252594,0.2192545235157013,0.08230400085449219,0.0744270533323288,0.09355182945728302,0.1998557150363922,0.09629524499177933,0.08524943888187408,0.126911923289299,0.21513622999191284,0.08527538925409317,0.05928196758031845,0.09434782713651657,0.12971173226833344,0.07129037380218506,0.16174909472465515,0.05797488987445831,,,,,,,,,,,,,,,,,,,,,,,,,,,,,,,,,,,,,,,,,,,,,,,,,,,,,,,,,,,,,,,
face_0,10840,361.3333333333333,0.993790328502655,508.6783752441406,503.52001953125,310.6468811035156,471.77667236328125,0.19429312646389008,0.15496543049812317,0.0982169434428215,0.3170846700668335,0.05362129583954811,0.13442522287368774,0.204130157828331,0.2174292355775833,0.3366680145263672,0.39305973052978516,0.38731008768081665,0.20210033655166626,0.3148866593837738,0.12081824243068695,0.18852151930332184,0.06853026151657104,0.1110868901014328,0.1911778599023819,0.05566205829381943,0.13797374069690704,0.26604321599006653,0.07071158289909363,0.10035992413759232,0.059637121856212616,0.15554463863372803,0.04807461425662041,0.19662995636463165,0.12602266669273376,0.06058942899107933,0.07603668421506882,0.44089144468307495,0.24521760642528534,0.19702552258968353,0.07416671514511108,0.06743776798248291,0.09212879836559296,0.19270172715187073,0.09503971040248871,0.07474891096353531,0.11496824771165848,0.2076302021741867,0.07956521958112717,0.05556713044643402,0.10108896344900131,0.14216282963752747,0.06898869574069977,0.16522008180618286,0.057494115084409714,,,,,,,,,,,,,,,,,,,,,,,,,,,,,,,,,,,,,,,,,,,,,,,,,,,,,,,,,,,,,,,
face_0,10880,362.6666666666667,0.990900993347168,510.8520812988281,501.3578186035156,321.8153991699219,499.2063293457031,0.2041178196668625,0.1609833538532257,0.101891428232193,0.30864033102989197,0.05168731510639191,0.13493643701076508,0.21074777841567993,0.22167137265205383,0.350601464509964,0.41643235087394714,0.40354883670806885,0.21265919506549835,0.3241075575351715,0.1238337829709053,0.19117659330368042,0.06776542961597443,0.11100201308727264,0.19625356793403625,0.05546293780207634,0.13674286007881165,0.2761695683002472,0.06556031107902527,0.10234026610851288,0.05997665226459503,0.1619851440191269,0.04999057948589325,0.1857457160949707,0.12741035223007202,0.062347300350666046,0.07467852532863617,0.45411303639411926,0.23805004358291626,0.19916729629039764,0.07734934985637665,0.06537625938653946,0.09111564606428146,0.19782893359661102,0.09327899664640427,0.07559017837047577,0.11942645162343979,0.20006808638572693,0.07608330994844437,0.05712539702653885,0.10095341503620148,0.1409982293844223,0.07152408361434937,0.16575740277767181,0.05388990417122841,,,,,,,,,,,,,,,,,,,,,,,,,,,,,,,,,,,,,,,,,,,,,,,,,,,,,,,,,,,,,,,
face_0,11100,370.0,0.9925110340118408,507.88031005859375,497.331298828125,315.17950439453125,482.7392578125,0.2157856523990631,0.1800496131181717,0.10289300233125687,0.3363551199436188,0.05063590034842491,0.14972464740276337,0.22749795019626617,0.21840603649616241,0.3186388611793518,0.36376023292541504,0.37748897075653076,0.221927672624588,0.30935826897621155,0.11355631053447723,0.1912013590335846,0.07090494781732559,0.10656936466693878,0.19669494032859802,0.05718597024679184,0.1536511778831482,0.2704039514064789,0.07660270482301712,0.11580899357795715,0.06787367165088654,0.16074934601783752,0.049251023679971695,0.21163614094257355,0.15116503834724426,0.07038544118404388,0.08896578848361969,0.4412189722061157,0.26565128564834595,0.2263445407152176,0.08362245559692383,0.08125428855419159,0.09170758724212646,0.20561742782592773,0.09681687504053116,0.0855521559715271,0.13726870715618134,0.21268273890018463,0.08175056427717209,0.06515517085790634,0.1073525995016098,0.15162795782089233,0.07349924743175507,0.16011999547481537,0.05933075770735741,,,,,,,,,,,,,,,,,,,,,,,,,,,,,,,,,,,,,,,,,,,,,,,,,,,,,,,,,,,,,,,
face_0,11110,370.3333333333333,0.9910320043563843,512.0162963867188,501.0347900390625,313.1846923828125,472.8848876953125,0.20628565549850464,0.16555838286876678,0.09915504604578018,0.32981961965560913,0.05010548606514931,0.15562069416046143,0.23533925414085388,0.22038158774375916,0.3103625476360321,0.35330313444137573,0.38562679290771484,0.2216494083404541,0.3147669732570648,0.1083429828286171,0.18001997470855713,0.06970179080963135,0.10692650079727173,0.1925400197505951,0.05529576167464256,0.15407751500606537,0.2730201482772827,0.07477162778377533,0.1161719411611557,0.06597209721803665,0.1599065214395523,0.04801178723573685,0.2118033766746521,0.159404456615448,0.07063912600278854,0.09610297530889511,0.4417446553707123,0.25339317321777344,0.20586088299751282,0.0790463536977768,0.07617734372615814,0.08654637634754181,0.21032443642616272,0.09215530753135681,0.07901378720998764,0.12854358553886414,0.1985311210155487,0.0776524543762207,0.06365743279457092,0.11859390884637833,0.1689995676279068,0.0723525658249855,0.1539383977651596,0.056593626737594604,,,,,,,,,,,,,,,,,,,,,,,,,,,,,,,,,,,,,,,,,,,,,,,,,,,,,,,,,,,,,,,
face_0,11130,371.0,0.9909907579421997,506.08111572265625,498.6301574707031,321.8675537109375,486.9930725097656,0.19994200766086578,0.1578301340341568,0.09688635170459747,0.318558007478714,0.051946211606264114,0.15806007385253906,0.2407655119895935,0.22192566096782684,0.29982173442840576,0.3518509268760681,0.38219913840293884,0.21794337034225464,0.3172708749771118,0.10924102365970612,0.17588405311107635,0.06786281615495682,0.10701056569814682,0.1953200399875641,0.05710024759173393,0.15700417757034302,0.2737666964530945,0.07454298436641693,0.11796315014362335,0.06722503155469894,0.15967029333114624,0.04799517244100571,0.20881685614585876,0.16569170355796814,0.07176143676042557,0.10111881792545319,0.42920982837677,0.24354539811611176,0.1958307921886444,0.07792101800441742,0.07732073962688446,0.08505243808031082,0.21400853991508484,0.09276247024536133,0.0754304900765419,0.1279875934123993,0.1929100900888443,0.07440923899412155,0.06433427333831787,0.1252729594707489,0.17585287988185883,0.07177698612213135,0.1548481583595276,0.05598998814821243,,,,,,,,,,,,,,,,,,,,,,,,,,,,,,,,,,,,,,,,,,,,,,,,,,,,,,,,,,,,,,,
face_0,11160,372.0,0.9917810559272766,504.2483825683594,502.15545654296875,311.4455261230469,472.66217041015625,0.21990236639976501,0.18006834387779236,0.10616147518157959,0.3257562518119812,0.04937952011823654,0.1474323719739914,0.22480535507202148,0.2138635367155075,0.3278285562992096,0.3787255883216858,0.4004700183868408,0.23591452836990356,0.31198593974113464,0.11400383710861206,0.19221997261047363,0.07363469898700714,0.1122107058763504,0.19283652305603027,0.053447652608156204,0.14732660353183746,0.2741652727127075,0.07315654307603836,0.10862138867378235,0.06404095143079758,0.16670459508895874,0.04976561293005943,0.20271244645118713,0.1418522596359253,0.06806165724992752,0.08157023042440414,0.45671793818473816,0.2556876838207245,0.22099444270133972,0.08405822515487671,0.07440590858459473,0.09259368479251862,0.20867569744586945,0.09657212346792221,0.08610919117927551,0.1290247142314911,0.21144534647464752,0.08447954058647156,0.06182926893234253,0.10149120539426804,0.14448873698711395,0.07230005413293839,0.15955215692520142,0.05811113119125366,,,,,,,,,,,,,,,,,,,,,,,,,,,,,,,,,,,,,,,,,,,,,,,,,,,,,,,,,,,,,,,
face_0,11300,376.6666666666667,0.9910891056060791,503.89910888671875,506.2314147949219,312.05999755859375,476.2663879394531,0.20239926874637604,0.15257638692855835,0.0958632379770279,0.32866767048835754,0.0539185032248497,0.14601276814937592,0.26924777030944824,0.21887198090553284,0.2865026295185089,0.3358089327812195,0.3628672659397125,0.1955675631761551,0.3089592456817627,0.10640126466751099,0.17011019587516785,0.06705529242753983,0.10624251514673233,0.17923207581043243,0.05395069345831871,0.14304222166538239,0.2579978406429291,0.07719936966896057,0.1078348308801651,0.06009744852781296,0.1591203212738037,0.04765444993972778,0.22722207009792328,0.16649073362350464,0.06269088387489319,0.10979031771421432,0.4320971965789795,0.24770589172840118,0.18404507637023926,0.07255133986473083,0.06715625524520874,0.08641685545444489,0.21296453475952148,0.08901435881853104,0.06777139753103256,0.10773840546607971,0.18862482905387878,0.06914334744215012,0.055701494216918945,0.13946844637393951,0.20722058415412903,0.06675604730844498,0.14217478036880493,0.05993484705686569,,,,,,,,,,,,,,,,,,,,,,,,,,,,,,,,,,,,,,,,,,,,,,,,,,,,,,,,,,,,,,,
face_0,11430,381.0,0.9908125996589661,507.1463317871094,505.36529541015625,312.0909118652344,482.4427490234375,0.2079440951347351,0.15857386589050293,0.09739980101585388,0.33536389470100403,0.0522867813706398,0.14474305510520935,0.2670529782772064,0.21856725215911865,0.28706008195877075,0.33895382285118103,0.3608776032924652,0.1967938393354416,0.30367738008499146,0.10614734888076782,0.17440584301948547,0.06700959801673889,0.10507015883922577,0.1773986518383026,0.053010787814855576,0.14085304737091064,0.2557119131088257,0.07756821811199188,0.10792114585638046,0.05916992574930191,0.1594999134540558,0.0476246140897274,0.22904573380947113,0.1636253148317337,0.06197516620159149,0.10652237385511398,0.43721115589141846,0.2551082968711853,0.1916654109954834,0.07380925863981247,0.06573159992694855,0.08786432445049286,0.2118304967880249,0.08988157659769058,0.07015310972929001,0.1062624603509903,0.19328227639198303,0.06964124739170074,0.055580176413059235,0.1347089558839798,0.20211441814899445,0.06729457527399063,0.14102132618427277,0.06055013835430145,,,,,,,,,,,,,,,,,,,,,,,,,,,,,,,,,,,,,,,,,,,,,,,,,,,,,,,,,,,,,,,
face_0,11750,391.6666666666667,0.9929903745651245,507.690185546875,477.17236328125,315.036376953125,470.56683349609375,0.2118954062461853,0.17920899391174316,0.10641105473041534,0.3406628966331482,0.04843243584036827,0.12945136427879333,0.17750877141952515,0.22666212916374207,0.3556070923805237,0.44195568561553955,0.40329572558403015,0.21078360080718994,0.29440876841545105,0.12499884516000748,0.21796809136867523,0.0721297636628151,0.1117251068353653,0.18974119424819946,0.054355405271053314,0.12916269898414612,0.2562393546104431,0.06959172338247299,0.10288800299167633,0.05781354755163193,0.15895172953605652,0.049420133233070374,0.19518795609474182,0.10914266109466553,0.061361026018857956,0.0602862574160099,0.4727482795715332,0.27863720059394836,0.23867091536521912,0.08093279600143433,0.06364655494689941,0.09881444275379181,0.1814214289188385,0.0988912582397461,0.0896981731057167,0.11728513240814209,0.23544427752494812,0.08805388957262039,0.05844298005104065,0.07931213825941086,0.11261721700429916,0.07352186739444733,0.16563794016838074,0.05716356635093689,,,,,,,,,,,,,,,,,,,,,,,,,,,,,,,,,,,,,,,,,,,,,,,,,,,,,,,,,,,,,,,
face_0,11770,392.3333333333333,0.9950050711631775,514.7964477539062,480.3193664550781,311.76715087890625,464.2278747558594,0.20607823133468628,0.16865664720535278,0.10347738116979599,0.32246920466423035,0.05082292854785919,0.13425274193286896,0.19540967047214508,0.22516748309135437,0.3474371135234833,0.4201537072658539,0.4045998752117157,0.2140609323978424,0.3127112090587616,0.1239272877573967,0.200912207365036,0.07146081328392029,0.11263684928417206,0.19456440210342407,0.05620843917131424,0.1355893313884735,0.26873189210891724,0.0681503564119339,0.10401870310306549,0.059897586703300476,0.16037118434906006,0.0497746616601944,0.19064699113368988,0.12047381699085236,0.06325814872980118,0.06853608787059784,0.4612799286842346,0.25547927618026733,0.2168826013803482,0.07885738462209702,0.06638242304325104,0.09359150379896164,0.19070300459861755,0.09575887769460678,0.08295266330242157,0.12073779851198196,0.2167787402868271,0.0839204415678978,0.0587233304977417,0.09056754410266876,0.12693984806537628,0.07196854799985886,0.16478830575942993,0.05559404194355011,,,,,,,,,,,,,,,,,,,,,,,,,,,,,,,,,,,,,,,,,,,,,,,,,,,,,,,,,,,,,,,
face_0,11790,393.0,0.991870641708374,516.0152587890625,485.1598205566406,309.91729736328125,458.8914489746094,0.2202380895614624,0.18883167207241058,0.10821841657161713,0.35545146465301514,0.0477888360619545,0.12707564234733582,0.18640616536140442,0.22271694242954254,0.347000390291214,0.42461296916007996,0.38822245597839355,0.20914892852306366,0.2951899766921997,0.1228184700012207,0.21888823807239532,0.07277519255876541,0.1091172993183136,0.18806257843971252,0.053860854357481,0.12944455444812775,0.25532397627830505,0.07341630756855011,0.1033659279346466,0.058064065873622894,0.15918225049972534,0.049448609352111816,0.20506352186203003,0.10964714735746384,0.06064236909151077,0.061565086245536804,0.4737558662891388,0.29111504554748535,0.2504934072494507,0.08228659629821777,0.06589824706315994,0.10052146017551422,0.1844361275434494,0.10163851827383041,0.09267662465572357,0.11844794452190399,0.24166260659694672,0.08945082873106003,0.05842990428209305,0.08026619255542755,0.11668898910284042,0.0734320804476738,0.16536526381969452,0.05978968366980553,,,,,,,,,,,,,,,,,,,,,,,,,,,,,,,,,,,,,,,,,,,,,,,,,,,,,,,,,,,,,,,
face_0,11840,394.6666666666667,0.992384135723114,502.97943115234375,484.9468994140625,325.94500732421875,490.875,0.19370712339878082,0.14807018637657166,0.09587325900793076,0.2981981635093689,0.052197832614183426,0.15463703870773315,0.24183543026447296,0.22432449460029602,0.3064073622226715,0.36580976843833923,0.3988122344017029,0.21707718074321747,0.3238185942173004,0.11092478036880493,0.16985423862934113,0.06888329982757568,0.11002850532531738,0.19399835169315338,0.05625704303383827,0.15047597885131836,0.27529025077819824,0.06892449408769608,0.11379837244749069,0.0639667809009552,0.16258567571640015,0.04819101095199585,0.19523002207279205,0.16041021049022675,0.06996903568506241,0.0981176495552063,0.4324883222579956,0.2224545031785965,0.1809033453464508,0.07493458688259125,0.07027913630008698,0.08180356025695801,0.21306677162647247,0.08945198357105255,0.07210522145032883,0.11991196125745773,0.18294841051101685,0.074322909116745,0.06182475388050079,0.12666596472263336,0.17526055872440338,0.06961970776319504,0.15550488233566284,0.052568238228559494,,,,,,,,,,,,,,,,,,,,,,,,,,,,,,,,,,,,,,,,,,,,,,,,,,,,,,,,,,,,,,,
face_0,11850,395.0,0.9968875050544739,508.1471862792969,484.2127685546875,320.8822326660156,487.40655517578125,0.20408393442630768,0.15886861085891724,0.10113763809204102,0.2976037859916687,0.050407178699970245,0.1460055708885193,0.22999052703380585,0.22011011838912964,0.3248343765735626,0.3931587040424347,0.4117918908596039,0.2277257889509201,0.32613223791122437,0.11616167426109314,0.1806430220603943,0.07014936953783035,0.11206090450286865,0.1970221847295761,0.0553814060986042,0.14571613073349,0.2799597382545471,0.06651157885789871,0.10827790200710297,0.06348805874586105,0.16705000400543213,0.049505721777677536,0.1848466694355011,0.1449660211801529,0.06827312707901001,0.08503568917512894,0.446817010641098,0.2253502458333969,0.1920028030872345,0.0791272222995758,0.07002295553684235,0.08564707636833191,0.21046115458011627,0.09257188439369202,0.07623522728681564,0.1259453445672989,0.191310316324234,0.07707299292087555,0.06071474030613899,0.11088556051254272,0.15333180129528046,0.07140997052192688,0.1611475795507431,0.052436817437410355,,,,,,,,,,,,,,,,,,,,,,,,,,,,,,,,,,,,,,,,,,,,,,,,,,,,,,,,,,,,,,,
face_0,11870,395.6666666666667,0.992064893245697,505.6831359863281,488.8382263183594,323.4222717285156,494.9404602050781,0.20256036520004272,0.16307272017002106,0.10094958543777466,0.3078708052635193,0.050662897527217865,0.14651170372962952,0.21589815616607666,0.22289368510246277,0.33603230118751526,0.3985261023044586,0.40079131722450256,0.22101134061813354,0.31640464067459106,0.11762230098247528,0.18872858583927155,0.07005026936531067,0.10999961942434311,0.19863589107990265,0.056255970150232315,0.1466844528913498,0.27267634868621826,0.06900680065155029,0.11056133359670639,0.06375858932733536,0.16286751627922058,0.048960600048303604,0.18945157527923584,0.14049968123435974,0.068597212433815,0.08164282143115997,0.44198188185691833,0.24076910316944122,0.20523416996002197,0.07962986826896667,0.07203429192304611,0.08771252632141113,0.20285861194133759,0.09535405784845352,0.08009698241949081,0.12720414996147156,0.202551007270813,0.07996577024459839,0.06268057972192764,0.10492675751447678,0.1442667543888092,0.07174225151538849,0.1664438098669052,0.05380410701036453,,,,,,,,,,,,,,,,,,,,,,,,,,,,,,,,,,,,,,,,,,,,,,,,,,,,,,,,,,,,,,,
face_0,11950,398.3333333333333,0.9923375248908997,510.7035827636719,486.5099792480469,302.7440490722656,441.0392150878906,0.2010537087917328,0.16594922542572021,0.10142479091882706,0.33607473969459534,0.05003407597541809,0.1339629888534546,0.18587133288383484,0.23212961852550507,0.34494340419769287,0.4271598756313324,0.40015554428100586,0.20328040421009064,0.3168167173862457,0.12317859381437302,0.20583412051200867,0.06825974583625793,0.10871262848377228,0.19367457926273346,0.057950280606746674,0.13535816967487335,0.2672255337238312,0.068572498857975,0.10588565468788147,0.06016983091831207,0.1558549404144287,0.04879824072122574,0.19624188542366028,0.11888065934181213,0.06270352005958557,0.06874027103185654,0.4672108292579651,0.2695823013782501,0.21959882974624634,0.07668827474117279,0.06621246784925461,0.0921640545129776,0.18490539491176605,0.09474818408489227,0.08142847567796707,0.11928717792034149,0.2196500599384308,0.08188555389642715,0.05869567021727562,0.09185399860143661,0.12789224088191986,0.07428917288780212,0.16499026119709015,0.054342083632946014,,,,,,,,,,,,,,,,,,,,,,,,,,,,,,,,,,,,,,,,,,,,,,,,,,,,,,,,,,,,,,,
face_0,12020,400.6666666666667,0.9966641068458557,512.7076416015625,490.43121337890625,316.5633544921875,487.97955322265625,0.20522460341453552,0.16761189699172974,0.10087688267230988,0.33726343512535095,0.05041114240884781,0.13890741765499115,0.21048982441425323,0.2260417342185974,0.31972962617874146,0.38894572854042053,0.38465940952301025,0.2057003527879715,0.30818039178848267,0.11698170006275177,0.19560176134109497,0.06947272270917892,0.10734140872955322,0.189185231924057,0.05701526626944542,0.13939987123012543,0.2623853385448456,0.07353101670742035,0.10921140015125275,0.06123322248458862,0.15755070745944977,0.048451103270053864,0.20850145816802979,0.13306908309459686,0.06443233788013458,0.07957204431295395,0.45291489362716675,0.2674580216407776,0.21721743047237396,0.07721750438213348,0.06898073852062225,0.09112191200256348,0.1953781247138977,0.09533833712339401,0.08105728030204773,0.11748304963111877,0.21483683586120605,0.08080164343118668,0.059911951422691345,0.10251100361347198,0.1468150019645691,0.07176534831523895,0.15762478113174438,0.057335902005434036,,,,,,,,,,,,,,,,,,,,,,,,,,,,,,,,,,,,,,,,,,,,,,,,,,,,,,,,,,,,,,,
face_0,12050,401.6666666666667,0.9931179285049438,511.6482849121094,493.7913818359375,315.6469421386719,485.86602783203125,0.19818580150604248,0.1577138900756836,0.09845960885286331,0.30827364325523376,0.050106488168239594,0.15104424953460693,0.21991267800331116,0.22344577312469482,0.33440154790878296,0.3873359262943268,0.4006747007369995,0.22029894590377808,0.32316505908966064,0.11355523020029068,0.1829719841480255,0.06859959661960602,0.1079905778169632,0.1985354721546173,0.05633941665291786,0.1507522612810135,0.27628442645072937,0.06835679709911346,0.11250428110361099,0.06479460746049881,0.16040660440921783,0.04812074452638626,0.19084849953651428,0.14749212563037872,0.06975018233060837,0.08699646592140198,0.43942469358444214,0.2377030998468399,0.19792766869068146,0.07778134942054749,0.07299287617206573,0.08436564356088638,0.2042226791381836,0.09232001006603241,0.07699320465326309,0.12865561246871948,0.19545990228652954,0.07743171602487564,0.06295132637023926,0.11154288053512573,0.15279223024845123,0.07212016731500626,0.1650889813899994,0.05233732983469963,,,,,,,,,,,,,,,,,,,,,,,,,,,,,,,,,,,,,,,,,,,,,,,,,,,,,,,,,,,,,,,
face_0,12060,402.0,0.9944655299186707,510.109375,490.419677734375,316.447509765625,490.30755615234375,0.21598711609840393,0.18227872252464294,0.10569515824317932,0.3404589593410492,0.04883356764912605,0.13729804754257202,0.2010331004858017,0.22265857458114624,0.3336891233921051,0.4050687253475189,0.3900255560874939,0.2165665477514267,0.3030504286289215,0.11931023001670837,0.2065729796886444,0.07144495099782944,0.1085461750626564,0.19239845871925354,0.05606627091765404,0.1396864652633667,0.2625207304954529,0.07325240969657898,0.10900121927261353,0.062442291527986526,0.1605793684720993,0.04931233450770378,0.20345236361026764,0.12546010315418243,0.06549933552742004,0.07168211787939072,0.45999211072921753,0.27553054690361023,0.23605641722679138,0.08262674510478973,0.0720348209142685,0.09515371918678284,0.19374695420265198,0.0994277074933052,0.08884875476360321,0.12585948407649994,0.22643627226352692,0.08571317791938782,0.061736445873975754,0.09115491807460785,0.12947678565979004,0.07379589974880219,0.16421735286712646,0.05802322179079056,,,,,,,,,,,,,,,,,,,,,,,,,,,,,,,,,,,,,,,,,,,,,,,,,,,,,,,,,,,,,,,
face_0,12070,402.3333333333333,0.992326021194458,510.3809814453125,491.67755126953125,313.655029296875,479.86199951171875,0.21464425325393677,0.17629964649677277,0.10408318042755127,0.3451412618160248,0.04925675690174103,0.13665078580379486,0.2116948813199997,0.22612936794757843,0.3204103410243988,0.3920998275279999,0.38552266359329224,0.2096785306930542,0.3101927638053894,0.11788560450077057,0.19995492696762085,0.07095829397439957,0.10772623866796494,0.18744772672653198,0.056005313992500305,0.13713139295578003,0.26472535729408264,0.07368497550487518,0.10815180093050003,0.060345884412527084,0.159610778093338,0.04922919347882271,0.21055461466312408,0.13092470169067383,0.06343855708837509,0.07700341939926147,0.46335849165916443,0.27413949370384216,0.22534453868865967,0.07909641414880753,0.06789738684892654,0.09369929134845734,0.1960071325302124,0.09614366292953491,0.0837804526090622,0.11716806888580322,0.21901530027389526,0.08207374811172485,0.05918743461370468,0.09871672838926315,0.14294037222862244,0.07212339341640472,0.15439166128635406,0.05834641307592392,,,,,,,,,,,,,,,,,,,,,,,,,,,,,,,,,,,,,,,,,,,,,,,,,,,,,,,,,,,,,,,
face_0,12080,402.6666666666667,0.9933199882507324,511.8356628417969,491.53582763671875,317.1018371582031,487.4361572265625,0.20172643661499023,0.16369743645191193,0.1009291484951973,0.31738752126693726,0.05071335285902023,0.14131861925125122,0.205394446849823,0.22625732421875,0.3437102735042572,0.40495139360427856,0.39854925870895386,0.21456532180309296,0.3181920647621155,0.12060350179672241,0.19340533018112183,0.07005086541175842,0.10926677286624908,0.1984594762325287,0.057818226516246796,0.14304547011852264,0.27260637283325195,0.06867951899766922,0.10911396890878677,0.06277689337730408,0.1594569981098175,0.04913485050201416,0.19090361893177032,0.13259337842464447,0.06642191857099533,0.07712787389755249,0.4478558897972107,0.24778898060321808,0.2089596539735794,0.07832684367895126,0.07054782658815384,0.0889393538236618,0.19596362113952637,0.09448855370283127,0.08038661628961563,0.1253427416086197,0.20764240622520447,0.08139420300722122,0.0615532249212265,0.10023479163646698,0.13796581327915192,0.0721818059682846,0.16678649187088013,0.05408206582069397,,,,,,,,,,,,,,,,,,,,,,,,,,,,,,,,,,,,,,,,,,,,,,,,,,,,,,,,,,,,,,,
face_0,12110,403.6666666666667,0.9917702674865723,512.8823852539062,494.98663330078125,316.68292236328125,482.82269287109375,0.20654058456420898,0.17094896733760834,0.10349264740943909,0.33234506845474243,0.051227279007434845,0.13234561681747437,0.19674226641654968,0.22093774378299713,0.34333232045173645,0.4143342971801758,0.3969723582267761,0.21098288893699646,0.3075695037841797,0.1228165552020073,0.20319075882434845,0.07149262726306915,0.11132845282554626,0.19374223053455353,0.05717025697231293,0.1364622712135315,0.26294612884521484,0.07130331546068192,0.10254833847284317,0.06114448979496956,0.1590837687253952,0.04919801279902458,0.19674082100391388,0.1207062304019928,0.06259994208812714,0.06993117928504944,0.4564477801322937,0.26466935873031616,0.22090895473957062,0.07940997183322906,0.07030689716339111,0.09446355700492859,0.18969684839248657,0.09746551513671875,0.08316348493099213,0.12380780279636383,0.2223787158727646,0.08565942198038101,0.05859807878732681,0.09109080582857132,0.12740230560302734,0.07207666337490082,0.16714486479759216,0.05783325061202049,,,,,,,,,,,,,,,,,,,,,,,,,,,,,,,,,,,,,,,,,,,,,,,,,,,,,,,,,,,,,,,
face_0,12150,405.0,0.9964675903320312,512.3856811523438,493.8852233886719,315.58892822265625,480.1139221191406,0.21793878078460693,0.2072385847568512,0.11028669029474258,0.37805119156837463,0.045981597155332565,0.11571664363145828,0.14424698054790497,0.21077662706375122,0.36818385124206543,0.46738919615745544,0.3829421401023865,0.2032848745584488,0.2681913673877716,0.1258583515882492,0.2537781000137329,0.06950526684522629,0.10646545141935349,0.19063077867031097,0.05539890378713608,0.12723030149936676,0.23475006222724915,0.07683615386486053,0.09924217313528061,0.06162112578749657,0.15284289419651031,0.047617848962545395,0.20293523371219635,0.08673698455095291,0.059913840144872665,0.046051256358623505,0.4723336696624756,0.33651378750801086,0.30018144845962524,0.08851653337478638,0.0763903334736824,0.10850530862808228,0.16388186812400818,0.11123514175415039,0.10491177439689636,0.13618150353431702,0.28382933139801025,0.09795499593019485,0.06043766438961029,0.05880070477724075,0.08301226794719696,0.07899776846170425,0.1864054799079895,0.06204717606306076,,,,,,,,,,,,,,,,,,,,,,,,,,,,,,,,,,,,,,,,,,,,,,,,,,,,,,,,,,,,,,,
face_0,12160,405.3333333333333,0.9942843317985535,509.5679626464844,494.781494140625,319.8049621582031,490.149658203125,0.2237316071987152,0.20043610036373138,0.11095809936523438,0.3570288419723511,0.047925934195518494,0.12303198873996735,0.16830472648143768,0.21554170548915863,0.3625565469264984,0.4481193721294403,0.39177581667900085,0.2158985733985901,0.29143038392066956,0.1284286230802536,0.23477676510810852,0.0710521787405014,0.11006522923707962,0.19443021714687347,0.055712874978780746,0.13100659847259521,0.2548316419124603,0.07320089638233185,0.10049761086702347,0.06063759699463844,0.15848222374916077,0.04973888769745827,0.1975913941860199,0.099496029317379,0.060750074684619904,0.05382543057203293,0.4733826220035553,0.3041730523109436,0.2704671323299408,0.08698663115501404,0.07209654897451401,0.10568486154079437,0.1787286251783371,0.10680088400840759,0.09788259118795395,0.12910449504852295,0.258473664522171,0.0926583856344223,0.05964478850364685,0.06925864517688751,0.09781811386346817,0.076004259288311,0.17677254974842072,0.06108073145151138,,,,,,,,,,,,,,,,,,,,,,,,,,,,,,,,,,,,,,,,,,,,,,,,,,,,,,,,,,,,,,,
face_0,12170,405.6666666666667,0.9943444728851318,511.78607177734375,489.75128173828125,315.7369384765625,486.39752197265625,0.21712340414524078,0.19389456510543823,0.1078568771481514,0.34640365839004517,0.04802064970135689,0.12974782288074493,0.17387327551841736,0.21927335858345032,0.3597241938114166,0.4439198672771454,0.38786470890045166,0.21368932723999023,0.2900086045265198,0.12466452270746231,0.2293919324874878,0.06999930739402771,0.10777123272418976,0.20021067559719086,0.05625595524907112,0.1375425159931183,0.2552696764469147,0.0733746811747551,0.10733810067176819,0.06347553431987762,0.15757936239242554,0.04889506474137306,0.19583630561828613,0.10841359198093414,0.06496407836675644,0.05923730134963989,0.4581716060638428,0.2925194203853607,0.2632233202457428,0.08658555150032043,0.07562315464019775,0.10124383866786957,0.1824704110622406,0.10761439055204391,0.09638349711894989,0.13514815270900726,0.2516329884529114,0.09042055159807205,0.06327778100967407,0.07541480660438538,0.1053524911403656,0.07654082775115967,0.18183067440986633,0.05900515615940094,,,,,,,,,,,,,,,,,,,,,,,,,,,,,,,,,,,,,,,,,,,,,,,,,,,,,,,,,,,,,,,
face_0,12180,406.0,0.9940277338027954,509.6784973144531,492.6288757324219,315.9623718261719,481.1900939941406,0.22098301351070404,0.19729726016521454,0.10892628133296967,0.3590944707393646,0.0489809513092041,0.12702719867229462,0.17578628659248352,0.2175428569316864,0.35348859429359436,0.4321455955505371,0.3872227668762207,0.21304939687252045,0.2888981103897095,0.12484249472618103,0.22828930616378784,0.071639783680439,0.10938206315040588,0.1949048787355423,0.056684546172618866,0.13501034677028656,0.25339627265930176,0.07492068409919739,0.10458388924598694,0.06296706199645996,0.15768525004386902,0.049498312175273895,0.20433375239372253,0.10750697553157806,0.06338457763195038,0.05960215628147125,0.46740007400512695,0.3027234971523285,0.2669200599193573,0.08640333265066147,0.0756462961435318,0.10306385159492493,0.1807190626859665,0.10446877032518387,0.0968182384967804,0.13359993696212769,0.25261038541793823,0.09164943546056747,0.06167187541723251,0.07531470060348511,0.10652022063732147,0.07619429379701614,0.1742236465215683,0.06115073338150978,,,,,,,,,,,,,,,,,,,,,,,,,,,,,,,,,,,,,,,,,,,,,,,,,,,,,,,,,,,,,,,
face_0,12210,407.0,0.993504524230957,502.9757385253906,491.7579650878906,316.5943298339844,484.0608215332031,0.2152673900127411,0.18694597482681274,0.10524706542491913,0.34063953161239624,0.04921654239296913,0.14312763512134552,0.1970497965812683,0.21779614686965942,0.3367643654346466,0.3954803943634033,0.3870752453804016,0.2240438014268875,0.29938095808029175,0.11746040731668472,0.20771357417106628,0.07158899307250977,0.10840588808059692,0.19801664352416992,0.05669936165213585,0.14823023974895477,0.2645847499370575,0.07536005973815918,0.11229714751243591,0.06664425879716873,0.1594913899898529,0.04890099912881851,0.2044634073972702,0.12892436981201172,0.06908882409334183,0.07285962253808975,0.4513758718967438,0.2782002091407776,0.24559858441352844,0.08543267101049423,0.08018223941326141,0.09572397917509079,0.19475536048412323,0.10133853554725647,0.09284183382987976,0.13739588856697083,0.23131199181079865,0.08880193531513214,0.06520550698041916,0.08935840427875519,0.12509512901306152,0.07526519149541855,0.17066842317581177,0.05912277102470398,,,,,,,,,,,,,,,,,,,,,,,,,,,,,,,,,,,,,,,,,,,,,,,,,,,,,,,,,,,,,,,
face_0,12220,407.3333333333333,0.9912645816802979,502.9975280761719,497.43994140625,322.0046691894531,488.8302001953125,0.21681863069534302,0.18358978629112244,0.10618656873703003,0.3391890525817871,0.05041482672095299,0.13407807052135468,0.2046559900045395,0.215559184551239,0.34244266152381897,0.4015313386917114,0.39032864570617676,0.22027578949928284,0.3032662868499756,0.12139341235160828,0.20475871860980988,0.07305558025836945,0.11038729548454285,0.19603651762008667,0.0573260523378849,0.1409098356962204,0.2638251781463623,0.07404430955648422,0.10580376535654068,0.06395533680915833,0.1614372581243515,0.04996731877326965,0.2022082805633545,0.12483073025941849,0.06489189714193344,0.07208404690027237,0.45548322796821594,0.27200624346733093,0.2353239208459854,0.08381813764572144,0.07608101516962051,0.09622269868850708,0.1943073868751526,0.09918506443500519,0.08872221410274506,0.13254046440124512,0.22765372693538666,0.08835496753454208,0.061546966433525085,0.09089921414852142,0.12855912744998932,0.07343169301748276,0.1687496155500412,0.059851691126823425,,,,,,,,,,,,,,,,,,,,,,,,,,,,,,,,,,,,,,,,,,,,,,,,,,,,,,,,,,,,,,,
face_0,12230,407.6666666666667,0.9922040700912476,501.1582946777344,497.7273254394531,319.4266052246094,485.7417297363281,0.21781830489635468,0.18785464763641357,0.10731443762779236,0.3473128378391266,0.051005665212869644,0.1321004033088684,0.1937336027622223,0.21756646037101746,0.34825435280799866,0.41352277994155884,0.38971295952796936,0.21679608523845673,0.29972344636917114,0.12365817278623581,0.21404734253883362,0.0726805254817009,0.11102943867444992,0.1980540156364441,0.05780366435647011,0.13998597860336304,0.2613474428653717,0.07480974495410919,0.1060364842414856,0.06449411809444427,0.15969541668891907,0.05001571774482727,0.20412570238113403,0.1188739761710167,0.06495300680398941,0.06791289895772934,0.45870858430862427,0.2834702730178833,0.24549120664596558,0.08487628400325775,0.07756250351667404,0.09978562593460083,0.18982717394828796,0.10214094072580338,0.09093747287988663,0.13492703437805176,0.23724907636642456,0.08933402597904205,0.062042657285928726,0.08571156114339828,0.12102896720170975,0.07485318183898926,0.17232036590576172,0.06108184903860092,,,,,,,,,,,,,,,,,,,,,,,,,,,,,,,,,,,,,,,,,,,,,,,,,,,,,,,,,,,,,,,
face_0,12350,411.6666666666667,0.9923344254493713,506.9745788574219,500.2273254394531,316.0676574707031,488.4278869628906,0.22385066747665405,0.19533497095108032,0.10961265116930008,0.3527168333530426,0.047622859477996826,0.12998351454734802,0.18798869848251343,0.2108900099992752,0.35744792222976685,0.42050081491470337,0.39675939083099365,0.22427354753017426,0.2968796491622925,0.11926315724849701,0.21985478699207306,0.07124337553977966,0.11009044200181961,0.19052448868751526,0.05328013375401497,0.13582900166511536,0.2590384781360626,0.07441249489784241,0.10151996463537216,0.06108029931783676,0.161468967795372,0.04899286478757858,0.20462177693843842,0.11074595153331757,0.06207219883799553,0.06190433353185654,0.47393321990966797,0.2951105833053589,0.25720497965812683,0.08544693887233734,0.07268259674310684,0.10030803084373474,0.1882028430700302,0.10284320265054703,0.0945250391960144,0.12830384075641632,0.24397234618663788,0.09056886285543442,0.059289295226335526,0.07960345596075058,0.11487601697444916,0.0746922641992569,0.1738581359386444,0.060385074466466904,,,,,,,,,,,,,,,,,,,,,,,,,,,,,,,,,,,,,,,,,,,,,,,,,,,,,,,,,,,,,,,
face_0,12500,416.6666666666667,0.996260941028595,502.07330322265625,493.5550231933594,311.17803955078125,465.3474426269531,0.21406911313533783,0.1862020045518875,0.1068563312292099,0.35745832324028015,0.04883149638772011,0.12363382428884506,0.1687985062599182,0.22427445650100708,0.34242093563079834,0.4408229887485504,0.38810598850250244,0.20124781131744385,0.29745787382125854,0.1278822124004364,0.22610707581043243,0.06884858757257462,0.10853346437215805,0.1890183836221695,0.05718260630965233,0.12914590537548065,0.2542949318885803,0.07115867733955383,0.10122892260551453,0.05937018245458603,0.15448275208473206,0.04922584444284439,0.20205751061439514,0.104139044880867,0.05949312448501587,0.057966653257608414,0.4757964015007019,0.30041179060935974,0.25243014097213745,0.08137769252061844,0.06797248870134354,0.1016237884759903,0.17577528953552246,0.09932513535022736,0.0899357944726944,0.12060640007257462,0.24481096863746643,0.08703247457742691,0.057405829429626465,0.07620945572853088,0.10641280561685562,0.0757874920964241,0.16462823748588562,0.0589468739926815,,,,,,,,,,,,,,,,,,,,,,,,,,,,,,,,,,,,,,,,,,,,,,,,,,,,,,,,,,,,,,,
face_0,12550,418.3333333333333,0.9919490814208984,508.5295104980469,497.6975402832031,309.9621887207031,470.0549621582031,0.2185206413269043,0.18407723307609558,0.10677172243595123,0.34904608130455017,0.0498417466878891,0.13230769336223602,0.20503447949886322,0.21819525957107544,0.33270028233528137,0.39857447147369385,0.39004215598106384,0.21564915776252747,0.30457162857055664,0.12011953443288803,0.2066822201013565,0.0730607733130455,0.11059292405843735,0.18904970586299896,0.05560985580086708,0.13627658784389496,0.26223742961883545,0.07532669603824615,0.10384461283683777,0.06130487099289894,0.16096904873847961,0.049563128501176834,0.21054764091968536,0.12183587998151779,0.06243567913770676,0.07121317088603973,0.4662235379219055,0.28055882453918457,0.23579949140548706,0.08201978355646133,0.07125997543334961,0.097640760242939,0.19369088113307953,0.09972803294658661,0.08806508034467697,0.12271684408187866,0.2306452840566635,0.08828422427177429,0.05866812542080879,0.09110637754201889,0.13183745741844177,0.0727788507938385,0.16169415414333344,0.06098712235689163,,,,,,,,,,,,,,,,,,,,,,,,,,,,,,,,,,,,,,,,,,,,,,,,,,,,,,,,,,,,,,,
face_0,12590,419.6666666666667,0.9910030364990234,506.2202453613281,502.9150390625,308.4074401855469,470.36767578125,0.21215103566646576,0.17862500250339508,0.10416708886623383,0.3389553725719452,0.05137947201728821,0.13779187202453613,0.20396237075328827,0.21664707362651825,0.34241628646850586,0.3982158601284027,0.3878052532672882,0.21533064544200897,0.299024373292923,0.11821471154689789,0.20430338382720947,0.07072751969099045,0.11015868186950684,0.1959589123725891,0.055931512266397476,0.14308029413223267,0.2603188455104828,0.07405133545398712,0.10709965229034424,0.0640915259718895,0.15890182554721832,0.049067962914705276,0.20496436953544617,0.12757441401481628,0.06553627550601959,0.07447107881307602,0.4492202401161194,0.2729507088661194,0.22942648828029633,0.08252578973770142,0.07627464085817337,0.09597845375537872,0.19375956058502197,0.09957883507013321,0.08523601293563843,0.13178639113903046,0.2250257432460785,0.08384665101766586,0.06131873279809952,0.09367258101701736,0.13250383734703064,0.07324755191802979,0.1689375340938568,0.05984435975551605,,,,,,,,,,,,,,,,,,,,,,,,,,,,,,,,,,,,,,,,,,,,,,,,,,,,,,,,,,,,,,,
face_0,12660,422.0,0.9906821250915527,507.78631591796875,506.2584228515625,311.45758056640625,481.52557373046875,0.20633356273174286,0.16951650381088257,0.10154235363006592,0.34270671010017395,0.05118905380368233,0.1250469833612442,0.2101588249206543,0.21670646965503693,0.34220245480537415,0.3939886689186096,0.3691079020500183,0.19404520094394684,0.302297443151474,0.12055976688861847,0.198685884475708,0.0676516443490982,0.10565803200006485,0.18661439418792725,0.05556396394968033,0.13085223734378815,0.2548585534095764,0.07501699030399323,0.10112835466861725,0.05825338885188103,0.15608644485473633,0.04826712980866432,0.2092190682888031,0.1168285459280014,0.05813669040799141,0.07215862721204758,0.44790154695510864,0.2707705497741699,0.21787294745445251,0.07649455964565277,0.06682290881872177,0.09536876529455185,0.190486341714859,0.09914019703865051,0.07950957119464874,0.11283870041370392,0.22155305743217468,0.08181582391262054,0.055631157010793686,0.09691962599754333,0.14189232885837555,0.07017240673303604,0.16812197864055634,0.060409773141145706,,,,,,,,,,,,,,,,,,,,,,,,,,,,,,,,,,,,,,,,,,,,,,,,,,,,,,,,,,,,,,,
face_0,12670,422.3333333333333,0.9921879768371582,508.70025634765625,498.3529052734375,314.79583740234375,482.667724609375,0.2058958113193512,0.16819798946380615,0.10321459919214249,0.3198700547218323,0.05138624832034111,0.13691215217113495,0.20181609690189362,0.2208363264799118,0.3597275912761688,0.4172831177711487,0.4007885456085205,0.21213427186012268,0.313569575548172,0.12144770473241806,0.19921410083770752,0.06987803429365158,0.1114802435040474,0.19746124744415283,0.055050019174814224,0.13947176933288574,0.2678475081920624,0.06862501800060272,0.1040644645690918,0.061317119747400284,0.16110137104988098,0.04945091903209686,0.19132938981056213,0.12475943565368652,0.06364145874977112,0.07226923108100891,0.45538151264190674,0.2533518671989441,0.21438419818878174,0.07929100841283798,0.069149911403656,0.09249323606491089,0.1929762065410614,0.09652179479598999,0.08144749701023102,0.12443580478429794,0.2132854163646698,0.08230852335691452,0.05901966616511345,0.09567565470933914,0.13301590085029602,0.0723593607544899,0.17272374033927917,0.05574847757816315,,,,,,,,,,,,,,,,,,,,,,,,,,,,,,,,,,,,,,,,,,,,,,,,,,,,,,,,,,,,,,,
face_0,12840,428.0,0.9914687871932983,496.440673828125,490.9087219238281,320.65447998046875,482.1628112792969,0.20196206867694855,0.17977607250213623,0.1038936972618103,0.33963245153427124,0.051068972796201706,0.1255054920911789,0.15667371451854706,0.2209351807832718,0.3595529794692993,0.4513795077800751,0.3946472108364105,0.20614847540855408,0.2923193871974945,0.13136360049247742,0.22649627923965454,0.07009441405534744,0.1104138121008873,0.20046764612197876,0.06094146892428398,0.13550670444965363,0.254220187664032,0.07007652521133423,0.10243470966815948,0.06430790573358536,0.15212322771549225,0.04901949688792229,0.18894681334495544,0.10215257853269577,0.0634235292673111,0.0560569167137146,0.4558489918708801,0.28722476959228516,0.2503354549407959,0.08300064504146576,0.07718318700790405,0.0994052141904831,0.17138099670410156,0.10079707205295563,0.09164650738239288,0.13770714402198792,0.24824818968772888,0.09225233644247055,0.061446137726306915,0.07207611203193665,0.09591713547706604,0.07707078754901886,0.18119989335536957,0.057468097656965256,,,,,,,,,,,,,,,,,,,,,,,,,,,,,,,,,,,,,,,,,,,,,,,,,,,,,,,,,,,,,,,
face_0,12880,429.3333333333333,0.9918078780174255,504.5744323730469,497.6883544921875,315.5604553222656,488.89947509765625,0.20300418138504028,0.16558438539505005,0.10219080746173859,0.3210718333721161,0.05165502429008484,0.13493138551712036,0.19701090455055237,0.22146448493003845,0.3490966856479645,0.41749662160873413,0.3982822895050049,0.20852209627628326,0.3123320937156677,0.12259595841169357,0.2000393569469452,0.0694243535399437,0.11160004884004593,0.1952800750732422,0.05498332157731056,0.13758671283721924,0.2653805613517761,0.06909157335758209,0.10252278298139572,0.06026710569858551,0.1592312455177307,0.048984769731760025,0.1922404170036316,0.12183285504579544,0.06222423166036606,0.07061789184808731,0.4521656334400177,0.2546299993991852,0.21125343441963196,0.07813696563243866,0.06764614582061768,0.09400318562984467,0.19164085388183594,0.09775515645742416,0.079905204474926,0.1201036274433136,0.21483872830867767,0.08135650306940079,0.057754695415496826,0.09353157877922058,0.13021059334278107,0.07169216126203537,0.16908353567123413,0.05658183619379997,,,,,,,,,,,,,,,,,,,,,,,,,,,,,,,,,,,,,,,,,,,,,,,,,,,,,,,,,,,,,,,
face_0,12970,432.3333333333333,0.9979355335235596,544.9013671875,485.2175598144531,301.57281494140625,431.1239929199219,0.2022206038236618,0.18542486429214478,0.10517101734876633,0.2980515658855438,0.04909297823905945,0.13582196831703186,0.14623911678791046,0.20136025547981262,0.42249199748039246,0.46115347743034363,0.40727663040161133,0.23496471345424652,0.2925907373428345,0.1290055811405182,0.22503851354122162,0.06778497993946075,0.10973050445318222,0.21167472004890442,0.0555669330060482,0.14843019843101501,0.2625797390937805,0.06493546813726425,0.0998905599117279,0.0659925565123558,0.1561415195465088,0.04740796610713005,0.16067050397396088,0.10095549374818802,0.06640676409006119,0.050926387310028076,0.43195444345474243,0.25657063722610474,0.25399333238601685,0.0897006094455719,0.08181842416524887,0.09782097488641739,0.17445412278175354,0.1039324626326561,0.09826935082674026,0.1508394330739975,0.24422083795070648,0.09426487982273102,0.06418554484844208,0.06297850608825684,0.07809519022703171,0.07506517320871353,0.20872332155704498,0.05398223549127579,,,,,,,,,,,,,,,,,,,,,,,,,,,,,,,,,,,,,,,,,,,,,,,,,,,,,,,,,,,,,,,
face_0,12980,432.6666666666667,0.9984830021858215,551.06787109375,480.2257995605469,299.17889404296875,433.0184631347656,0.1974140852689743,0.1839185655117035,0.10384829342365265,0.28840914368629456,0.04756790027022362,0.13634203374385834,0.13665172457695007,0.1964075118303299,0.4466697871685028,0.46939507126808167,0.4044194221496582,0.23814131319522858,0.29347309470176697,0.1293238401412964,0.2263939529657364,0.06647756695747375,0.10705050081014633,0.21529197692871094,0.05564595013856888,0.15253952145576477,0.2627500891685486,0.06380452960729599,0.09866271913051605,0.06691262871026993,0.15404269099235535,0.045912448316812515,0.15110671520233154,0.09743699431419373,0.06640882045030594,0.04744413122534752,0.4196261167526245,0.2517349421977997,0.2544633448123932,0.09047765284776688,0.08537442237138748,0.09640134871006012,0.1707170605659485,0.10735287517309189,0.09959415346384048,0.15732145309448242,0.24770155549049377,0.09698688238859177,0.0646224394440651,0.05836159735918045,0.06919053941965103,0.0747012123465538,0.22388172149658203,0.052643097937107086,,,,,,,,,,,,,,,,,,,,,,,,,,,,,,,,,,,,,,,,,,,,,,,,,,,,,,,,,,,,,,,
face_0,12990,433.0,0.9971345663070679,551.205810546875,481.48724365234375,299.33697509765625,434.24713134765625,0.18665578961372375,0.16885963082313538,0.09957420825958252,0.2861109972000122,0.05023441091179848,0.13912668824195862,0.14165037870407104,0.20423388481140137,0.4473244845867157,0.4693374037742615,0.40505844354629517,0.22544440627098083,0.29628124833106995,0.12860682606697083,0.21863004565238953,0.0644628256559372,0.10700392723083496,0.21998517215251923,0.057930078357458115,0.15467312932014465,0.26178157329559326,0.06277652084827423,0.10140025615692139,0.06848515570163727,0.15087853372097015,0.045799095183610916,0.15238913893699646,0.10348603874444962,0.06770923733711243,0.05254960060119629,0.4123685956001282,0.244778573513031,0.2330702692270279,0.08618141710758209,0.08582913875579834,0.09316109120845795,0.17155230045318604,0.10429978370666504,0.09031292796134949,0.15895216166973114,0.23460820317268372,0.08971944451332092,0.06527240574359894,0.06612148135900497,0.07835482060909271,0.07530218362808228,0.22412872314453125,0.051391616463661194,,,,,,,,,,,,,,,,,,,,,,,,,,,,,,,,,,,,,,,,,,,,,,,,,,,,,,,,,,,,,,,
face_0,13000,433.3333333333333,0.9967118501663208,552.1588745117188,487.3514709472656,297.966796875,429.1654357910156,0.1837611049413681,0.16798511147499084,0.09940595924854279,0.2823953628540039,0.053543541580438614,0.13463133573532104,0.13653069734573364,0.20303116738796234,0.46544185280799866,0.4754409193992615,0.40312403440475464,0.22462570667266846,0.2969394326210022,0.13611821830272675,0.22180697321891785,0.06397902965545654,0.10910707712173462,0.23092111945152283,0.06107039749622345,0.15539202094078064,0.2636532485485077,0.06168796867132187,0.09991917014122009,0.07023873925209045,0.14868345856666565,0.04660902917385101,0.1478813886642456,0.0975734069943428,0.06774264574050903,0.04978758841753006,0.40487462282180786,0.2419310063123703,0.2324519157409668,0.08657962828874588,0.08989902585744858,0.09602008759975433,0.16937553882598877,0.10551925003528595,0.08875250816345215,0.16648747026920319,0.23693175613880157,0.0885448083281517,0.06620669364929199,0.06281770020723343,0.07329531013965607,0.07566013932228088,0.23390796780586243,0.05255801975727081,,,,,,,,,,,,,,,,,,,,,,,,,,,,,,,,,,,,,,,,,,,,,,,,,,,,,,,,,,,,,,,
face_0,13010,433.6666666666667,0.9977501034736633,547.4969482421875,484.2002868652344,298.5208740234375,427.2785339355469,0.18947625160217285,0.17009614408016205,0.1007625088095665,0.29997360706329346,0.05201536417007446,0.133059561252594,0.14442485570907593,0.2078198492527008,0.4150100350379944,0.47025221586227417,0.4047618806362152,0.21934664249420166,0.29542240500450134,0.13188554346561432,0.2236451357603073,0.06462070345878601,0.10940968245267868,0.21693386137485504,0.05896816775202751,0.1480015218257904,0.25947368144989014,0.06502200663089752,0.10075312107801437,0.06652797013521194,0.1509293019771576,0.04668785631656647,0.16118931770324707,0.09914689511060715,0.06580594182014465,0.05174838751554489,0.4219158887863159,0.25641337037086487,0.23558995127677917,0.08490139245986938,0.08197687566280365,0.09743498265743256,0.17347785830497742,0.10684400796890259,0.0889703556895256,0.1494300812482834,0.24128510057926178,0.0880482941865921,0.06358040124177933,0.06669680774211884,0.08240658044815063,0.07514569908380508,0.21206596493721008,0.05405044183135033,,,,,,,,,,,,,,,,,,,,,,,,,,,,,,,,,,,,,,,,,,,,,,,,,,,,,,,,,,,,,,,
face_0,13070,435.6666666666667,0.9933805465698242,511.26708984375,484.99078369140625,304.98626708984375,446.6142578125,0.20463678240776062,0.17585432529449463,0.10503655672073364,0.34140825271606445,0.049502961337566376,0.12627603113651276,0.16501028835773468,0.22727586328983307,0.36016207933425903,0.457636296749115,0.4058026373386383,0.20478960871696472,0.30172714591026306,0.12892311811447144,0.2228981852531433,0.0692911297082901,0.110359787940979,0.1938650906085968,0.05902819335460663,0.13151541352272034,0.2584154009819031,0.0677545964717865,0.10167530179023743,0.06132589653134346,0.15587972104549408,0.04947459697723389,0.19135969877243042,0.10600553452968597,0.06171955168247223,0.05877750366926193,0.47414058446884155,0.2835707664489746,0.23845836520195007,0.08079790323972702,0.06903155893087387,0.09706798940896988,0.17425158619880676,0.09597364068031311,0.08720147609710693,0.1267683506011963,0.23578289151191711,0.08703641593456268,0.058828141540288925,0.07783551514148712,0.105458565056324,0.07733503729104996,0.17148597538471222,0.0552203431725502,,,,,,,,,,,,,,,,,,,,,,,,,,,,,,,,,,,,,,,,,,,,,,,,,,,,,,,,,,,,,,,
face_0,13620,454.0,0.9917353391647339,492.3196716308594,505.1005554199219,313.1499328613281,476.5255432128906,0.1856677532196045,0.14481455087661743,0.09437865018844604,0.307477742433548,0.055878620594739914,0.13596218824386597,0.21191425621509552,0.22180980443954468,0.3404031991958618,0.3957686722278595,0.3848978877067566,0.19515269994735718,0.3265226483345032,0.12225025147199631,0.1822027713060379,0.06474970281124115,0.10910569131374359,0.19853046536445618,0.058876536786556244,0.14126034080982208,0.27064013481140137,0.06845498085021973,0.10338135063648224,0.06126555800437927,0.1541220247745514,0.04826224967837334,0.19139598309993744,0.1312578320503235,0.06195066124200821,0.08184601366519928,0.4303407669067383,0.23465019464492798,0.18424445390701294,0.07165146619081497,0.06886482238769531,0.08757174015045166,0.19511017203330994,0.09313017874956131,0.06850861012935638,0.1174677386879921,0.19543302059173584,0.07362169027328491,0.05697259306907654,0.11172071099281311,0.15452048182487488,0.06950002908706665,0.17106306552886963,0.05475815385580063,,,,,,,,,,,,,,,,,,,,,,,,,,,,,,,,,,,,,,,,,,,,,,,,,,,,,,,,,,,,,,,
face_0,13630,454.3333333333333,0.9935604333877563,490.92401123046875,501.8955078125,314.84698486328125,478.57806396484375,0.20914049446582794,0.16886048018932343,0.10131751000881195,0.3431926965713501,0.05141018331050873,0.12873230874538422,0.21218165755271912,0.22193564474582672,0.3166833817958832,0.3847413957118988,0.37401193380355835,0.19751060009002686,0.30742838978767395,0.120216004550457,0.19444026052951813,0.0694245770573616,0.10852837562561035,0.1847286820411682,0.05531859025359154,0.1316729635000229,0.2589079439640045,0.07316163182258606,0.10218740999698639,0.05769200995564461,0.15591822564601898,0.048725828528404236,0.21217414736747742,0.12371546030044556,0.05899692326784134,0.07516390830278397,0.45680078864097595,0.26954329013824463,0.21452295780181885,0.07551023364067078,0.06493519991636276,0.0950424000620842,0.19317078590393066,0.09462668001651764,0.07832901179790497,0.10958310216665268,0.21573853492736816,0.07985341548919678,0.05508418753743172,0.09986962378025055,0.14554114639759064,0.06973037123680115,0.1539435088634491,0.06009342521429062,,,,,,,,,,,,,,,,,,,,,,,,,,,,,,,,,,,,,,,,,,,,,,,,,,,,,,,,,,,,,,,
face_0,13640,454.6666666666667,0.9902862906455994,491.8527526855469,504.0640869140625,313.8223571777344,477.27154541015625,0.1911480575799942,0.15042343735694885,0.09683464467525482,0.30750641226768494,0.053946372121572495,0.13503175973892212,0.2052144706249237,0.22214768826961517,0.34303033351898193,0.404681921005249,0.3925541639328003,0.20218487083911896,0.3267083466053009,0.12364477664232254,0.18552197515964508,0.06641726195812225,0.11035975813865662,0.19886837899684906,0.05762738361954689,0.13967862725257874,0.2736555337905884,0.06639217585325241,0.1027340441942215,0.06075490266084671,0.1556810587644577,0.04863647744059563,0.18651551008224487,0.12686261534690857,0.062259405851364136,0.0764174833893776,0.43959176540374756,0.23573611676692963,0.18993766605854034,0.07360166311264038,0.0679432824254036,0.08873659372329712,0.19446921348571777,0.09317997097969055,0.0715581402182579,0.1189114898443222,0.19844207167625427,0.0758960023522377,0.05692502111196518,0.10429807007312775,0.14347746968269348,0.07027444243431091,0.16959157586097717,0.05400294065475464,,,,,,,,,,,,,,,,,,,,,,,,,,,,,,,,,,,,,,,,,,,,,,,,,,,,,,,,,,,,,,,
face_0,13760,458.6666666666667,0.9919853210449219,505.59625244140625,508.04296875,315.36212158203125,484.5770263671875,0.19322124123573303,0.15046297013759613,0.09631312638521194,0.30960458517074585,0.05534840002655983,0.13688132166862488,0.22393140196800232,0.22003066539764404,0.3339926302433014,0.3872735798358917,0.37938275933265686,0.19724631309509277,0.32486605644226074,0.12062250822782516,0.18223056197166443,0.06519580632448196,0.10801073163747787,0.19258616864681244,0.0577789768576622,0.1402685046195984,0.26922908425331116,0.07003308087587357,0.10259506106376648,0.06030686944723129,0.15675032138824463,0.04849841445684433,0.1963127851486206,0.1379016637802124,0.0605848953127861,0.08593114465475082,0.43092992901802063,0.23757703602313995,0.18626458942890167,0.07279341667890549,0.0675961822271347,0.08889628946781158,0.1985725611448288,0.0934063196182251,0.06944593787193298,0.11400704085826874,0.1970430612564087,0.07325984537601471,0.05541473627090454,0.11473283916711807,0.15958097577095032,0.06802327930927277,0.16394227743148804,0.05611925572156906,,,,,,,,,,,,,,,,,,,,,,,,,,,,,,,,,,,,,,,,,,,,,,,,,,,,,,,,,,,,,,,
face_0,13820,460.6666666666667,0.9907989501953125,506.61279296875,499.02734375,311.14434814453125,471.8082275390625,0.2149544060230255,0.17787939310073853,0.10617188364267349,0.3387082517147064,0.04926559701561928,0.129318505525589,0.19821742177009583,0.22334426641464233,0.35497158765792847,0.4229470193386078,0.3923642337322235,0.20861032605171204,0.30603349208831787,0.12379187345504761,0.2081097662448883,0.0702643021941185,0.10917767882347107,0.19117535650730133,0.05458574742078781,0.13181932270526886,0.2639071047306061,0.06989879906177521,0.10264038294553757,0.05922992527484894,0.16049905121326447,0.05005648732185364,0.1986786276102066,0.11756601184606552,0.06076434999704361,0.06766689568758011,0.4675794243812561,0.26948803663253784,0.2270263284444809,0.08053949475288391,0.06564826518297195,0.09729056805372238,0.1892269402742386,0.09653399884700775,0.08368435502052307,0.11936916410923004,0.22213301062583923,0.08220537006855011,0.057545632123947144,0.08972539752721786,0.12839172780513763,0.07344863563776016,0.16562670469284058,0.057346951216459274,,,,,,,,,,,,,,,,,,,,,,,,,,,,,,,,,,,,,,,,,,,,,,,,,,,,,,,,,,,,,,,
face_0,13940,464.6666666666667,0.9900422096252441,489.9517517089844,507.4989318847656,315.0144348144531,483.6640930175781,0.2021859884262085,0.1621214896440506,0.0994555801153183,0.3263271749019623,0.0536816231906414,0.12852248549461365,0.21968156099319458,0.211964413523674,0.33117032051086426,0.3802441656589508,0.3714449107646942,0.1991613209247589,0.3063412010669708,0.11986558139324188,0.18776163458824158,0.06859923899173737,0.109361931681633,0.18966352939605713,0.055153802037239075,0.13508082926273346,0.25846484303474426,0.07332716882228851,0.09956872463226318,0.05908466875553131,0.15614920854568481,0.048114627599716187,0.20405113697052002,0.12397924065589905,0.05889046564698219,0.07698152959346771,0.4369203746318817,0.2530091404914856,0.20359915494918823,0.07540300488471985,0.06837489455938339,0.09350349009037018,0.19566193222999573,0.09685851633548737,0.07558584958314896,0.11401623487472534,0.21116697788238525,0.08019159734249115,0.05508683994412422,0.10257115960121155,0.1475539207458496,0.06783774495124817,0.16636662185192108,0.06067943200469017,,,,,,,,,,,,,,,,,,,,,,,,,,,,,,,,,,,,,,,,,,,,,,,,,,,,,,,,,,,,,,,
face_0,13950,465.0,0.9914748668670654,492.2525634765625,503.16644287109375,308.8228759765625,472.70172119140625,0.193551704287529,0.15433001518249512,0.09803937375545502,0.3121153712272644,0.05251532793045044,0.13442963361740112,0.20109200477600098,0.22176198661327362,0.34774670004844666,0.4087282419204712,0.3917871117591858,0.2025408297777176,0.3177717626094818,0.1219823881983757,0.190341979265213,0.0671912282705307,0.10948744416236877,0.1962551325559616,0.05627409741282463,0.13802285492420197,0.2679123878479004,0.06723169982433319,0.10251379758119583,0.06010755896568298,0.15564244985580444,0.048242997378110886,0.1885528415441513,0.12393186241388321,0.061872173100709915,0.07403967529535294,0.4419410526752472,0.2432226836681366,0.1970144808292389,0.07452156394720078,0.06711584329605103,0.08977272361516953,0.19172456860542297,0.09423080831766129,0.07404694706201553,0.11829940229654312,0.20425736904144287,0.07807718217372894,0.05698046088218689,0.100389264523983,0.13861191272735596,0.07050125300884247,0.17045533657073975,0.05450960621237755,,,,,,,,,,,,,,,,,,,,,,,,,,,,,,,,,,,,,,,,,,,,,,,,,,,,,,,,,,,,,,,
face_0,14850,495.0,0.9920990467071533,500.4509582519531,501.6872253417969,309.2483215332031,466.7207946777344,0.19754664599895477,0.1581580638885498,0.09976591914892197,0.31341689825057983,0.05483362078666687,0.1382898986339569,0.20645511150360107,0.21776893734931946,0.3390476703643799,0.3942907154560089,0.39452245831489563,0.21077357232570648,0.3167255222797394,0.12272588163614273,0.18942037224769592,0.07025344669818878,0.11358560621738434,0.1965462863445282,0.05703486129641533,0.14222951233386993,0.2691499590873718,0.07047487795352936,0.10179749131202698,0.062137503176927567,0.15770338475704193,0.04901394248008728,0.1936517208814621,0.13007253408432007,0.06301836669445038,0.0772533044219017,0.44008374214172363,0.24370041489601135,0.19857779145240784,0.07705941796302795,0.0714796632528305,0.09290920197963715,0.1959034502506256,0.0956869125366211,0.07612959295511246,0.12274688482284546,0.20746545493602753,0.08079974353313446,0.057464227080345154,0.10104257613420486,0.13919419050216675,0.06998956948518753,0.16662558913230896,0.05791694298386574,,,,,,,,,,,,,,,,,,,,,,,,,,,,,,,,,,,,,,,,,,,,,,,,,,,,,,,,,,,,,,,
face_0,14860,495.3333333333333,0.9906689524650574,501.86444091796875,500.7984924316406,302.07989501953125,455.7658996582031,0.19802281260490417,0.15825769305229187,0.1014326885342598,0.3057534098625183,0.05531367287039757,0.1332065314054489,0.19506266713142395,0.2172972559928894,0.3551572263240814,0.42047613859176636,0.40927964448928833,0.21392372250556946,0.3224445879459381,0.1289214789867401,0.1946103721857071,0.07013604789972305,0.11726848036050797,0.19943413138389587,0.05714939534664154,0.1378219872713089,0.2744712233543396,0.0665900781750679,0.09740147739648819,0.06067030504345894,0.15938392281532288,0.049886707216501236,0.18268801271915436,0.11927638202905655,0.06133291870355606,0.06893271952867508,0.44910356402397156,0.23828274011611938,0.19802764058113098,0.07727780938148499,0.06869981437921524,0.09491784870624542,0.19185207784175873,0.09617448598146439,0.07635509967803955,0.12230616062879562,0.20963072776794434,0.081572026014328,0.05587060749530792,0.09281554818153381,0.12673664093017578,0.07023289054632187,0.17136089503765106,0.05678029730916023,,,,,,,,,,,,,,,,,,,,,,,,,,,,,,,,,,,,,,,,,,,,,,,,,,,,,,,,,,,,,,,
face_0,15040,501.3333333333333,0.9932782053947449,498.2793884277344,513.7271118164062,310.9632263183594,474.45269775390625,0.20080716907978058,0.1611163467168808,0.09676440805196762,0.3315771818161011,0.05422694608569145,0.1416243016719818,0.2266107052564621,0.21837083995342255,0.31674957275390625,0.3676489591598511,0.3709578216075897,0.20122158527374268,0.3125731348991394,0.11652201414108276,0.18557047843933105,0.06581728160381317,0.1070331409573555,0.1898297518491745,0.0576704777777195,0.14406083524227142,0.26631975173950195,0.07536511868238449,0.10890185087919235,0.06219180300831795,0.15574394166469574,0.04837746173143387,0.21211867034435272,0.14392498135566711,0.06344512850046158,0.0903448536992073,0.4380202293395996,0.2560872435569763,0.20570801198482513,0.07463975995779037,0.0711832121014595,0.09003598988056183,0.1999550461769104,0.0929475873708725,0.07553695142269135,0.1154516264796257,0.20532916486263275,0.07536718994379044,0.05878690630197525,0.11609560996294022,0.16466614603996277,0.06993982195854187,0.15621760487556458,0.05892030522227287,,,,,,,,,,,,,,,,,,,,,,,,,,,,,,,,,,,,,,,,,,,,,,,,,,,,,,,,,,,,,,,
face_0,15140,504.6666666666667,0.9923100471496582,499.1914978027344,514.005859375,304.3234558105469,463.205322265625,0.21563047170639038,0.17611289024353027,0.10208219289779663,0.3730801045894623,0.051607392728328705,0.12240257114171982,0.21512602269649506,0.21816137433052063,0.30242595076560974,0.38838106393814087,0.3603949248790741,0.1862834244966507,0.28543034195899963,0.11759679019451141,0.20777979493141174,0.06590687483549118,0.10677266865968704,0.17424428462982178,0.05369843542575836,0.12416853755712509,0.24358393251895905,0.08005087077617645,0.10044752061367035,0.05577003210783005,0.1556186079978943,0.04850281402468681,0.2340993583202362,0.12083559483289719,0.055566370487213135,0.07565735280513763,0.46405357122421265,0.3001839816570282,0.23006604611873627,0.07551874965429306,0.06201740726828575,0.1009591668844223,0.18971861898899078,0.09715498238801956,0.07845110446214676,0.10178927332162857,0.23153755068778992,0.07565250247716904,0.05291856825351715,0.09967891871929169,0.1550668329000473,0.07039311528205872,0.14672914147377014,0.06512457132339478,,,,,,,,,,,,,,,,,,,,,,,,,,,,,,,,,,,,,,,,,,,,,,,,,,,,,,,,,,,,,,,
face_0,15260,508.6666666666667,0.9940452575683594,505.6358642578125,515.0000610351562,310.33184814453125,464.71026611328125,0.19771531224250793,0.1539195477962494,0.09601988643407822,0.3112124800682068,0.05373239144682884,0.15413028001785278,0.24360524117946625,0.2125389128923416,0.31031864881515503,0.34633928537368774,0.3769126534461975,0.21529649198055267,0.31365105509757996,0.10851163417100906,0.17226916551589966,0.06714225560426712,0.10824304819107056,0.19127464294433594,0.05427457392215729,0.15417207777500153,0.26916763186454773,0.0735538899898529,0.1094689667224884,0.0648328885436058,0.15811516344547272,0.0474536195397377,0.20587249100208282,0.16271591186523438,0.06750582903623581,0.10090639442205429,0.4214783012866974,0.23625987768173218,0.18570494651794434,0.07641977071762085,0.0755283311009407,0.0868770182132721,0.21149209141731262,0.09159940481185913,0.07053112238645554,0.1243622675538063,0.188839852809906,0.07161171734333038,0.05961921811103821,0.12494518607854843,0.1753462851047516,0.06878305971622467,0.15490156412124634,0.05767926201224327,,,,,,,,,,,,,,,,,,,,,,,,,,,,,,,,,,,,,,,,,,,,,,,,,,,,,,,,,,,,,,,
face_0,15270,509.0,0.9935665726661682,505.12506103515625,512.189697265625,308.05682373046875,462.31781005859375,0.19740983843803406,0.1505010575056076,0.093605637550354,0.3212667405605316,0.053467169404029846,0.15858301520347595,0.26529839634895325,0.21579676866531372,0.28660377860069275,0.32427066564559937,0.3631211221218109,0.20574195683002472,0.30802175402641296,0.10253168642520905,0.165901780128479,0.06544853746891022,0.10453422367572784,0.18394556641578674,0.054293207824230194,0.1551065742969513,0.2622707486152649,0.07618820667266846,0.11278987675905228,0.06483706831932068,0.15638265013694763,0.046721454709768295,0.22176210582256317,0.18173323571681976,0.06755296140909195,0.11757666617631912,0.41855669021606445,0.24266444146633148,0.18104998767375946,0.07423241436481476,0.07439957559108734,0.08368302136659622,0.21530267596244812,0.08748459815979004,0.0672089010477066,0.11904389411211014,0.18215753138065338,0.06685766577720642,0.05914723500609398,0.14282198250293732,0.2039029449224472,0.06826090067625046,0.14307063817977905,0.05800517648458481,,,,,,,,,,,,,,,,,,,,,,,,,,,,,,,,,,,,,,,,,,,,,,,,,,,,,,,,,,,,,,,
face_0,15280,509.3333333333333,0.9901943802833557,502.5284423828125,508.764892578125,310.666015625,471.197265625,0.20814171433448792,0.1608106791973114,0.09895384311676025,0.31750786304473877,0.05169347673654556,0.15285134315490723,0.2617373764514923,0.2135845273733139,0.29911911487579346,0.3437952697277069,0.383713036775589,0.221671462059021,0.30992138385772705,0.1063910722732544,0.17098216712474823,0.06957876682281494,0.10880950093269348,0.18938401341438293,0.05369405820965767,0.15149615705013275,0.26895076036453247,0.07333412021398544,0.11188245564699173,0.06527259200811386,0.16378171741962433,0.0487218014895916,0.21076761186122894,0.1682102531194687,0.06890670210123062,0.10464373975992203,0.4346948564052582,0.23778237402439117,0.18982309103012085,0.07897987216711044,0.07480033487081528,0.08563175052404404,0.21875686943531036,0.08907746523618698,0.07301265746355057,0.12690512835979462,0.1863437294960022,0.07183631509542465,0.06078522279858589,0.12943227589130402,0.18655025959014893,0.07030283659696579,0.14866267144680023,0.057079531252384186,,,,,,,,,,,,,,,,,,,,,,,,,,,,,,,,,,,,,,,,,,,,,,,,,,,,,,,,,,,,,,,
face_0,16020,534.0,0.9924508929252625,496.72607421875,516.2308959960938,301.1199951171875,446.296875,0.18268868327140808,0.13796350359916687,0.0887271910905838,0.29847297072410583,0.05176529288291931,0.1616400182247162,0.259591668844223,0.21424444019794464,0.2985799014568329,0.32478398084640503,0.3613821566104889,0.2032085657119751,0.3114405870437622,0.09995949268341064,0.15696179866790771,0.06359099596738815,0.10009950399398804,0.18864573538303375,0.054398179054260254,0.1598862260580063,0.2640717923641205,0.07272343337535858,0.11559779942035675,0.06609336286783218,0.1538810133934021,0.045174531638622284,0.2047334909439087,0.18423335254192352,0.06984268873929977,0.11977062374353409,0.3991260528564453,0.22051450610160828,0.16804726421833038,0.07191252708435059,0.0759035274386406,0.0762900561094284,0.214035302400589,0.0852537602186203,0.06436622887849808,0.12221963703632355,0.17132534086704254,0.06649787724018097,0.061456650495529175,0.14761734008789062,0.20289607346057892,0.06747080385684967,0.1535482406616211,0.052790265530347824,,,,,,,,,,,,,,,,,,,,,,,,,,,,,,,,,,,,,,,,,,,,,,,,,,,,,,,,,,,,,,,
face_0,16030,534.3333333333334,0.9918186664581299,496.00921630859375,519.1441040039062,303.47540283203125,447.09417724609375,0.17813360691070557,0.1323421448469162,0.08674173802137375,0.29597604274749756,0.05405959114432335,0.16202116012573242,0.2645493745803833,0.21210865676403046,0.28302860260009766,0.31734898686408997,0.3600287437438965,0.19937247037887573,0.31469812989234924,0.09992139041423798,0.15274740755558014,0.06249494478106499,0.10169681906700134,0.18693065643310547,0.055122870951890945,0.160468190908432,0.26423490047454834,0.0735660195350647,0.11379868537187576,0.0659123957157135,0.15236876904964447,0.04487363249063492,0.20841214060783386,0.18888013064861298,0.06869253516197205,0.12563206255435944,0.39567139744758606,0.21662592887878418,0.1603710949420929,0.06962940096855164,0.07573272287845612,0.0761447548866272,0.215683713555336,0.08473183214664459,0.06108878180384636,0.11870133876800537,0.1682550311088562,0.06437990814447403,0.05974508449435234,0.15524061024188995,0.2136712521314621,0.06631924211978912,0.14900937676429749,0.05369231849908829,,,,,,,,,,,,,,,,,,,,,,,,,,,,,,,,,,,,,,,,,,,,,,,,,,,,,,,,,,,,,,,
face_0,16420,547.3333333333334,0.9945223331451416,495.9666442871094,519.0281372070312,298.2474060058594,438.2071533203125,0.17192837595939636,0.1462952345609665,0.0919441282749176,0.2973613739013672,0.056315261870622635,0.14564526081085205,0.17268003523349762,0.20319126546382904,0.3648455739021301,0.4085446894168854,0.39683932065963745,0.21110215783119202,0.30430445075035095,0.11512280255556107,0.19295454025268555,0.06292391568422318,0.10940853506326675,0.21269606053829193,0.05977731943130493,0.1620086282491684,0.2565687596797943,0.0711454302072525,0.1047942191362381,0.07181326299905777,0.14897651970386505,0.04473693668842316,0.17860998213291168,0.12486749142408371,0.07038706541061401,0.07240480184555054,0.40126532316207886,0.24725371599197388,0.19872435927391052,0.0776522308588028,0.09297938644886017,0.0874953418970108,0.1841236799955368,0.10174985229969025,0.07399305701255798,0.15539780259132385,0.21222323179244995,0.07937309890985489,0.0644739642739296,0.09159843623638153,0.11699607968330383,0.07284761965274811,0.20087793469429016,0.05471852421760559,,,,,,,,,,,,,,,,,,,,,,,,,,,,,,,,,,,,,,,,,,,,,,,,,,,,,,,,,,,,,,,
face_0,16480,549.3333333333334,0.991661548614502,511.0260314941406,539.3552856445312,291.6230163574219,407.6036376953125,0.09546643495559692,0.0834951251745224,0.060824744403362274,0.14587850868701935,0.07384034246206284,0.18915988504886627,0.0909290611743927,0.17823606729507446,0.38154053688049316,0.35715600848197937,0.4283875823020935,0.2511899173259735,0.3824772536754608,0.13225658237934113,0.12323609739542007,0.0466260127723217,0.10593979060649872,0.3365371823310852,0.08936906605958939,0.26121747493743896,0.3199719190597534,0.03576954826712608,0.12549006938934326,0.11172877252101898,0.11400505900382996,0.040502678602933884,0.07260104268789291,0.11274874210357666,0.11524827778339386,0.05185912922024727,0.27124258875846863,0.1134423241019249,0.11678600311279297,0.07318219542503357,0.18405745923519135,0.0571654811501503,0.16515618562698364,0.07231340557336807,0.05142728239297867,0.3216238021850586,0.11993442475795746,0.05528426170349121,0.10714709758758545,0.06212550774216652,0.04777839034795761,0.07392457127571106,0.28226086497306824,0.029205093160271645,,,,,,,,,,,,,,,,,,,,,,,,,,,,,,,,,,,,,,,,,,,,,,,,,,,,,,,,,,,,,,,
face_0,16610,553.6666666666666,0.9924020767211914,500.8874206542969,518.314697265625,302.5904235839844,456.5120849609375,0.18741098046302795,0.15856914222240448,0.09743103384971619,0.29131412506103516,0.05506182834506035,0.13894440233707428,0.17465393245220184,0.20599627494812012,0.364337295293808,0.4297153651714325,0.4059092402458191,0.22088521718978882,0.31676656007766724,0.1274951994419098,0.1981199085712433,0.06553544849157333,0.11291144788265228,0.21133305132389069,0.059732332825660706,0.15121246874332428,0.27348223328590393,0.06728596240282059,0.10227520018815994,0.06721610575914383,0.1560208946466446,0.04802493751049042,0.1693645715713501,0.11839752644300461,0.06713959574699402,0.06576099246740341,0.4217536449432373,0.23642921447753906,0.20958352088928223,0.07995740324258804,0.08182545751333237,0.09141548722982407,0.18676362931728363,0.10003718733787537,0.08023585379123688,0.14151668548583984,0.2151019275188446,0.08298294991254807,0.06249308958649635,0.08543963730335236,0.1086682677268982,0.0721222311258316,0.19199618697166443,0.05424556881189346,,,,,,,,,,,,,,,,,,,,,,,,,,,,,,,,,,,,,,,,,,,,,,,,,,,,,,,,,,,,,,,
face_0,16710,557.0,0.9962006211280823,498.0831298828125,510.9582214355469,303.5841064453125,459.2547302246094,0.1935172826051712,0.15272074937820435,0.09811829775571823,0.29783594608306885,0.0567656084895134,0.13736999034881592,0.20337249338626862,0.22118322551250458,0.34911370277404785,0.4124479293823242,0.4043457806110382,0.21131515502929688,0.32701006531715393,0.12874962389469147,0.18645212054252625,0.06802484393119812,0.11513575911521912,0.20251193642616272,0.05959929898381233,0.14099907875061035,0.2794243097305298,0.06468695402145386,0.10309906303882599,0.062052179127931595,0.15854261815547943,0.05029825121164322,0.179814413189888,0.12921223044395447,0.06351562589406967,0.07637497782707214,0.4408227205276489,0.22770549356937408,0.19134478271007538,0.07521826773881912,0.06912080943584442,0.09008719027042389,0.19402892887592316,0.09074591100215912,0.07368463277816772,0.12232419848442078,0.1974724978208542,0.07747318595647812,0.05823708325624466,0.10267801582813263,0.13710136711597443,0.07034330070018768,0.16884924471378326,0.05394954979419708,,,,,,,,,,,,,,,,,,,,,,,,,,,,,,,,,,,,,,,,,,,,,,,,,,,,,,,,,,,,,,,
face_0,16720,557.3333333333334,0.9963196516036987,495.4945068359375,510.1978759765625,306.984619140625,465.3958740234375,0.20155100524425507,0.16264206171035767,0.0995442196726799,0.3213307857513428,0.05437879264354706,0.13354985415935516,0.2035880982875824,0.22066743671894073,0.3366246223449707,0.3992730379104614,0.3872230052947998,0.20570623874664307,0.31578752398490906,0.12471218407154083,0.1925639510154724,0.06707557290792465,0.11090048402547836,0.19513893127441406,0.05805273354053497,0.1376795917749405,0.2696631848812103,0.06835782527923584,0.10383013635873795,0.06052444875240326,0.1556275337934494,0.049519557505846024,0.19463491439819336,0.12529702484607697,0.061752527952194214,0.07478148490190506,0.44739991426467896,0.25110557675361633,0.20700685679912567,0.07586828619241714,0.06850932538509369,0.09308704733848572,0.191848486661911,0.09264641255140305,0.07657311111688614,0.11839305609464645,0.20797529816627502,0.07760512828826904,0.05760809779167175,0.09952164441347122,0.13832958042621613,0.07081823796033859,0.16345621645450592,0.05670996755361557,,,,,,,,,,,,,,,,,,,,,,,,,,,,,,,,,,,,,,,,,,,,,,,,,,,,,,,,,,,,,,,
face_0,16730,557.6666666666666,0.9940528273582458,498.30633544921875,511.2044677734375,305.05908203125,463.95721435546875,0.2009676992893219,0.1620749980211258,0.10003910213708878,0.32003140449523926,0.05570497736334801,0.13327980041503906,0.2078767716884613,0.22003045678138733,0.3396401107311249,0.40074944496154785,0.3874022960662842,0.205586239695549,0.3134964108467102,0.12667052447795868,0.19224299490451813,0.06859102100133896,0.11264970898628235,0.19652993977069855,0.05892281234264374,0.13762468099594116,0.2689608931541443,0.06984495371580124,0.10357877612113953,0.06128062307834625,0.15762566030025482,0.050212256610393524,0.1953137218952179,0.1271425485610962,0.061833977699279785,0.07631005346775055,0.44506627321243286,0.24845823645591736,0.20564274489879608,0.07641453295946121,0.06927677243947983,0.09394881129264832,0.19294047355651855,0.09332559257745743,0.07670794427394867,0.11966538429260254,0.2088807374238968,0.07883615046739578,0.057894811034202576,0.10103100538253784,0.1407587081193924,0.07065258175134659,0.16473981738090515,0.05806650221347809,,,,,,,,,,,,,,,,,,,,,,,,,,,,,,,,,,,,,,,,,,,,,,,,,,,,,,,,,,,,,,,
face_0,16740,558.0,0.9951287508010864,496.6914367675781,509.641357421875,305.5594787597656,468.58740234375,0.20609529316425323,0.16833189129829407,0.10201074928045273,0.3177812993526459,0.054229702800512314,0.13521555066108704,0.1987447440624237,0.22025513648986816,0.3484208583831787,0.40837395191192627,0.3961155116558075,0.2145857810974121,0.3203311860561371,0.12751337885856628,0.1960691511631012,0.06898519396781921,0.11292771250009537,0.19874104857444763,0.05847564712166786,0.13979163765907288,0.2754993438720703,0.06715529412031174,0.10363389551639557,0.06197762116789818,0.1580026000738144,0.05042755603790283,0.189397394657135,0.12446630746126175,0.06297092139720917,0.0721585750579834,0.4534277021884918,0.2502915859222412,0.21319040656089783,0.0785345733165741,0.07060129940509796,0.09453001618385315,0.19125552475452423,0.09298429638147354,0.08010626584291458,0.12446239590644836,0.21094799041748047,0.0808456540107727,0.0586831159889698,0.09500110149383545,0.12917286157608032,0.07214396446943283,0.16651475429534912,0.05630657821893692,,,,,,,,,,,,,,,,,,,,,,,,,,,,,,,,,,,,,,,,,,,,,,,,,,,,,,,,,,,,,,,
face_0,16750,558.3333333333334,0.9950518012046814,496.5414123535156,512.7708129882812,303.5256042480469,461.012451171875,0.2015453279018402,0.15848161280155182,0.09820057451725006,0.31999364495277405,0.05388389900326729,0.13619406521320343,0.22948220372200012,0.21711072325706482,0.3202427923679352,0.3726188540458679,0.3759324550628662,0.20304207503795624,0.31569990515708923,0.1183747798204422,0.1819504052400589,0.0675068125128746,0.10911330580711365,0.18783381581306458,0.05577607452869415,0.13763955235481262,0.2675086259841919,0.07195420563220978,0.10401280224323273,0.05924835428595543,0.1583443582057953,0.04888072609901428,0.20476596057415009,0.1370236873626709,0.060671113431453705,0.08528535068035126,0.4406769871711731,0.24396468698978424,0.19683685898780823,0.07414131611585617,0.06632576137781143,0.09043324738740921,0.20096443593502045,0.09188725799322128,0.0736268162727356,0.11025010794401169,0.20050252974033356,0.07605786621570587,0.055997222661972046,0.11261089146137238,0.16210655868053436,0.06815182417631149,0.15754270553588867,0.058251652866601944,,,,,,,,,,,,,,,,,,,,,,,,,,,,,,,,,,,,,,,,,,,,,,,,,,,,,,,,,,,,,,,
face_0,16760,558.6666666666666,0.9924524426460266,495.57965087890625,510.62298583984375,304.81207275390625,468.28564453125,0.19890132546424866,0.15700431168079376,0.09560142457485199,0.32477879524230957,0.05222335830330849,0.14276227355003357,0.23267504572868347,0.21843653917312622,0.3147450387477875,0.3573932349681854,0.36865782737731934,0.20094095170497894,0.31193026900291443,0.11135554313659668,0.17850293219089508,0.06607147306203842,0.10439768433570862,0.18789230287075043,0.055797029286623,0.14490270614624023,0.2630801498889923,0.0731954276561737,0.10898688435554504,0.06185565143823624,0.15467186272144318,0.04733021557331085,0.21048323810100555,0.14824265241622925,0.06376903504133224,0.0932609885931015,0.43211859464645386,0.24939952790737152,0.1967819631099701,0.07394134998321533,0.07087825238704681,0.0866507813334465,0.20140044391155243,0.09007449448108673,0.07253489643335342,0.1170099750161171,0.1966981291770935,0.07357096672058105,0.05852467566728592,0.11959730088710785,0.1706797033548355,0.06921463459730148,0.1561238169670105,0.05681087076663971,,,,,,,,,,,,,,,,,,,,,,,,,,,,,,,,,,,,,,,,,,,,,,,,,,,,,,,,,,,,,,,
face_0,16830,561.0,0.9939720034599304,489.9183044433594,507.03106689453125,309.8990783691406,468.69232177734375,0.18803156912326813,0.14886391162872314,0.09590707719326019,0.3068815767765045,0.057821162045001984,0.13154755532741547,0.2109256535768509,0.21427355706691742,0.3397544324398041,0.3895286023616791,0.38343632221221924,0.19910934567451477,0.3208364248275757,0.12449022382497787,0.18172162771224976,0.06815926730632782,0.11270422488451004,0.19873368740081787,0.05915028974413872,0.14048324525356293,0.26740017533302307,0.07020695507526398,0.09946241974830627,0.061972834169864655,0.15522751212120056,0.048645827919244766,0.19133667647838593,0.12642422318458557,0.06098301708698273,0.07844700664281845,0.4263399541378021,0.23474468290805817,0.18704034388065338,0.07329058647155762,0.07252874225378036,0.09016882628202438,0.19390790164470673,0.09461503475904465,0.0705283060669899,0.12169910222291946,0.20073968172073364,0.07895154505968094,0.05615845322608948,0.10504987090826035,0.14454887807369232,0.06792569905519485,0.1729562133550644,0.05793338268995285,,,,,,,,,,,,,,,,,,,,,,,,,,,,,,,,,,,,,,,,,,,,,,,,,,,,,,,,,,,,,,,
face_0,16900,563.3333333333334,0.9934918284416199,497.24395751953125,515.2498168945312,307.4588623046875,454.172607421875,0.20024454593658447,0.16120538115501404,0.09823682904243469,0.32135024666786194,0.054080601781606674,0.13848361372947693,0.21622371673583984,0.21836377680301666,0.3282383382320404,0.3846167027950287,0.3818853795528412,0.20654280483722687,0.3114919662475586,0.12055373936891556,0.18831557035446167,0.06681586802005768,0.10988445580005646,0.19372698664665222,0.057100605219602585,0.14072541892528534,0.2688252627849579,0.07158246636390686,0.10724270343780518,0.06171641871333122,0.15693672001361847,0.049195341765880585,0.20089039206504822,0.1345297396183014,0.06329759210348129,0.0820179209113121,0.440049409866333,0.24835850298404694,0.20452721416950226,0.07603160291910172,0.06946905702352524,0.09148608148097992,0.1978599727153778,0.09325087070465088,0.07648000121116638,0.11716511100530624,0.20588727295398712,0.07640787959098816,0.05912887305021286,0.10745972394943237,0.15166975557804108,0.07049574702978134,0.16202980279922485,0.05770718306303024,,,,,,,,,,,,,,,,,,,,,,,,,,,,,,,,,,,,,,,,,,,,,,,,,,,,,,,,,,,,,,,
face_0,16910,563.6666666666666,0.9954503178596497,494.1298522949219,509.2255859375,308.2153625488281,464.9161376953125,0.210810124874115,0.1659931093454361,0.09924457967281342,0.32942861318588257,0.05085385963320732,0.1487710028886795,0.24324698746204376,0.21998006105422974,0.3097916543483734,0.35303059220314026,0.3779667615890503,0.21385256946086884,0.31598344445228577,0.1103430911898613,0.17831382155418396,0.06834457814693451,0.10616517066955566,0.18528619408607483,0.0543186329305172,0.14618590474128723,0.27095580101013184,0.07296508550643921,0.11128807067871094,0.061828624457120895,0.1604219526052475,0.04872315376996994,0.2137548327445984,0.1566503643989563,0.06526166200637817,0.0963316336274147,0.4485412836074829,0.2507656216621399,0.20323368906974792,0.07658925652503967,0.06919153779745102,0.08723996579647064,0.2078472077846527,0.08797857910394669,0.07642863690853119,0.11627756059169769,0.19492852687835693,0.07473042607307434,0.05924251303076744,0.12153328955173492,0.17513366043567657,0.06990106403827667,0.14779725670814514,0.056854840368032455,,,,,,,,,,,,,,,,,,,,,,,,,,,,,,,,,,,,,,,,,,,,,,,,,,,,,,,,,,,,,,,
face_0,16950,565.0,0.992618978023529,493.18414306640625,513.7774047851562,310.18438720703125,462.08087158203125,0.1909334808588028,0.14436239004135132,0.09146415442228317,0.31940627098083496,0.054189540445804596,0.14807553589344025,0.25687986612319946,0.22149501740932465,0.2950710952281952,0.3355161249637604,0.3564263582229614,0.18962404131889343,0.3120395839214325,0.10700191557407379,0.1658935248851776,0.06460671871900558,0.10276418179273605,0.18444064259529114,0.05597621947526932,0.1470029205083847,0.2597033381462097,0.07489173859357834,0.11167015135288239,0.06156383454799652,0.15318186581134796,0.046561677008867264,0.21809539198875427,0.16673418879508972,0.06408438086509705,0.11091183871030807,0.41827261447906494,0.2382778525352478,0.17869237065315247,0.07002228498458862,0.06938646733760834,0.08242779970169067,0.20781390368938446,0.08722656220197678,0.0659949779510498,0.11026035249233246,0.18335504829883575,0.06841990351676941,0.057666510343551636,0.14222340285778046,0.2030317187309265,0.06695939600467682,0.14925512671470642,0.05653480067849159,,,,,,,,,,,,,,,,,,,,,,,,,,,,,,,,,,,,,,,,,,,,,,,,,,,,,,,,,,,,,,,
face_0,16960,565.3333333333334,0.9954297542572021,498.1394348144531,513.5111083984375,302.4082946777344,458.38275146484375,0.19318154454231262,0.14787252247333527,0.09405998885631561,0.309548556804657,0.05449415743350983,0.1480075716972351,0.24330571293830872,0.21982812881469727,0.3118712902069092,0.3542449474334717,0.37470489740371704,0.20217272639274597,0.3189346492290497,0.1114872545003891,0.17036592960357666,0.06598091125488281,0.10658928006887436,0.18889792263507843,0.056372299790382385,0.14677056670188904,0.26849812269210815,0.07156829535961151,0.10966023802757263,0.0622844472527504,0.15712036192417145,0.04803639277815819,0.2047336995601654,0.15849195420742035,0.06479500234127045,0.10128872841596603,0.42667877674102783,0.23268941044807434,0.18199706077575684,0.07248706370592117,0.06963289529085159,0.0837012231349945,0.20605534315109253,0.08714772760868073,0.06855449825525284,0.11502154171466827,0.18497303128242493,0.07093638926744461,0.05837210267782211,0.13047808408737183,0.18310460448265076,0.068045973777771,0.1537807434797287,0.05506260693073273,,,,,,,,,,,,,,,,,,,,,,,,,,,,,,,,,,,,,,,,,,,,,,,,,,,,,,,,,,,,,,,
face_0,16970,565.6666666666666,0.9933798313140869,494.6763000488281,518.2503662109375,306.5135803222656,455.24371337890625,0.17159584164619446,0.14381194114685059,0.09115205705165863,0.2993321418762207,0.0548904649913311,0.14359061419963837,0.17999450862407684,0.20646589994430542,0.354179710149765,0.3975871801376343,0.38762134313583374,0.20553691685199738,0.3032446503639221,0.1147773414850235,0.1881452053785324,0.06256219744682312,0.10642971843481064,0.20595617592334747,0.05989675223827362,0.15671241283416748,0.2561231553554535,0.07122701406478882,0.10528970509767532,0.0692201554775238,0.14810098707675934,0.044821009039878845,0.18245244026184082,0.12658579647541046,0.06829226762056351,0.07561111450195312,0.4020654559135437,0.2435242086648941,0.19439949095249176,0.07555826753377914,0.08698567003011703,0.08534590899944305,0.18533490598201752,0.09811057895421982,0.07257203012704849,0.14331722259521484,0.20738443732261658,0.07823122292757034,0.06302551925182343,0.09668882191181183,0.1249353215098381,0.07187461853027344,0.19322969019412994,0.053944967687129974,,,,,,,,,,,,,,,,,,,,,,,,,,,,,,,,,,,,,,,,,,,,,,,,,,,,,,,,,,,,,,,
face_0,17010,567.0,0.9935382008552551,503.3334045410156,523.3533935546875,302.7970886230469,448.8404541015625,0.1742904782295227,0.13480505347251892,0.0923774465918541,0.2678571045398712,0.059397634118795395,0.14378632605075836,0.20756016671657562,0.20863108336925507,0.3465721011161804,0.41240814328193665,0.41108983755111694,0.21146352589130402,0.32702386379241943,0.12382880598306656,0.1745431274175644,0.06312751024961472,0.11470460891723633,0.2075355052947998,0.06087299808859825,0.15147945284843445,0.2771950960159302,0.06455603986978531,0.10089804232120514,0.06654506921768188,0.15963223576545715,0.048782456666231155,0.16741588711738586,0.13956208527088165,0.06693939119577408,0.08393646031618118,0.4088200628757477,0.20482471585273743,0.16778124868869781,0.07406507432460785,0.07685583084821701,0.08273348212242126,0.19948697090148926,0.09187883883714676,0.06548821926116943,0.13305418193340302,0.1817609667778015,0.07064799964427948,0.059189196676015854,0.1128464788198471,0.14443440735340118,0.06962297856807709,0.18143244087696075,0.05080705136060715,,,,,,,,,,,,,,,,,,,,,,,,,,,,,,,,,,,,,,,,,,,,,,,,,,,,,,,,,,,,,,,
face_0,17180,572.6666666666666,0.9962798953056335,502.0259704589844,508.1105041503906,306.4875183105469,459.8315124511719,0.19470825791358948,0.1518930345773697,0.09652410447597504,0.31833940744400024,0.05430413410067558,0.14035439491271973,0.22772552073001862,0.21609248220920563,0.317688524723053,0.36701834201812744,0.37576091289520264,0.20022884011268616,0.3130037486553192,0.11405898630619049,0.17901962995529175,0.06734289973974228,0.1088976040482521,0.18810121715068817,0.05497605726122856,0.1426558643579483,0.26250991225242615,0.07339209318161011,0.10286028683185577,0.06089962646365166,0.1562425196170807,0.04742448776960373,0.20620229840278625,0.14155277609825134,0.06198927387595177,0.08836714923381805,0.43129679560661316,0.2442004382610321,0.18892201781272888,0.0738491415977478,0.0699249804019928,0.08911660313606262,0.2007514387369156,0.09360551089048386,0.07072658091783524,0.1154673621058464,0.1986762285232544,0.07499426603317261,0.055780764669179916,0.11536289006471634,0.1634112447500229,0.06811939179897308,0.15941709280014038,0.058340586721897125,,,,,,,,,,,,,,,,,,,,,,,,,,,,,,,,,,,,,,,,,,,,,,,,,,,,,,,,,,,,,,,
face_0,17270,575.6666666666666,0.9901384115219116,497.202392578125,510.5436096191406,307.7901611328125,461.6130065917969,0.21345171332359314,0.17394916713237762,0.10269664973020554,0.32242321968078613,0.0475032702088356,0.15633827447891235,0.21913838386535645,0.20818187296390533,0.32062163949012756,0.36297962069511414,0.4008827209472656,0.24234020709991455,0.31672102212905884,0.10742473602294922,0.18592673540115356,0.06941112875938416,0.10919077694416046,0.1831936538219452,0.05094398185610771,0.15194569528102875,0.27830439805984497,0.07221214473247528,0.10614420473575592,0.06301620602607727,0.16324260830879211,0.04752364009618759,0.20426632463932037,0.14823868870735168,0.06705216318368912,0.08461657911539078,0.4559974670410156,0.255522221326828,0.214501291513443,0.08148933947086334,0.07289106398820877,0.08917421102523804,0.2070118486881256,0.09206010401248932,0.08321404457092285,0.12301561236381531,0.2043554037809372,0.08076898753643036,0.059218764305114746,0.10378775000572205,0.14629033207893372,0.07142530381679535,0.15197968482971191,0.05620001256465912,,,,,,,,,,,,,,,,,,,,,,,,,,,,,,,,,,,,,,,,,,,,,,,,,,,,,,,,,,,,,,,
face_0,17280,576.0,0.9912369251251221,501.35858154296875,512.932861328125,305.7354736328125,464.0887451171875,0.2074122130870819,0.1638205498456955,0.09867898374795914,0.33477118611335754,0.05046843737363815,0.14894121885299683,0.24324975907802582,0.21427857875823975,0.2964176833629608,0.3437715172767639,0.37266916036605835,0.211154967546463,0.30608507990837097,0.10527099668979645,0.17873020470142365,0.0684119164943695,0.10620071738958359,0.17887744307518005,0.05199098959565163,0.145186185836792,0.2615586221218109,0.07693752646446228,0.10814687609672546,0.06094507873058319,0.1586654782295227,0.047146983444690704,0.22263802587985992,0.1559787094593048,0.06394955515861511,0.09671881049871445,0.44236913323402405,0.25901085138320923,0.2011481523513794,0.07606148719787598,0.06935138255357742,0.08870691806077957,0.20769202709197998,0.09115816652774811,0.07504704594612122,0.11318894475698471,0.19901369512081146,0.07496257871389389,0.05716251581907272,0.12053515762090683,0.17681778967380524,0.06879806518554688,0.14509478211402893,0.05939195305109024,,,,,,,,,,,,,,,,,,,,,,,,,,,,,,,,,,,,,,,,,,,,,,,,,,,,,,,,,,,,,,,
face_0,17770,592.3333333333334,0.9919887185096741,496.18890380859375,516.5549926757812,303.3472900390625,453.69439697265625,0.20016971230506897,0.1575934737920761,0.09801597893238068,0.313541054725647,0.05384228751063347,0.13758379220962524,0.2313511073589325,0.20975783467292786,0.3195020854473114,0.366433322429657,0.375847190618515,0.20865552127361298,0.31586962938308716,0.1156252920627594,0.1790156215429306,0.06780312210321426,0.10849762707948685,0.19009625911712646,0.05561461299657822,0.14259710907936096,0.2658012807369232,0.07336848229169846,0.10247622430324554,0.06152557209134102,0.15849345922470093,0.048243455588817596,0.20137110352516174,0.13909704983234406,0.06185544654726982,0.08626825362443924,0.4286426901817322,0.2406117022037506,0.19359177350997925,0.0758834257721901,0.07171120494604111,0.08991660177707672,0.20330166816711426,0.09448392689228058,0.0728832334280014,0.11828380078077316,0.19998762011528015,0.07666396349668503,0.05678750202059746,0.11104270070791245,0.15761913359165192,0.067538321018219,0.1616710126399994,0.05880676954984665,,,,,,,,,,,,,,,,,,,,,,,,,,,,,,,,,,,,,,,,,,,,,,,,,,,,,,,,,,,,,,,
face_0,17780,592.6666666666666,0.9943189024925232,491.5830993652344,511.5869140625,307.6919250488281,462.76751708984375,0.2053595781326294,0.16400480270385742,0.09697709232568741,0.34381723403930664,0.05097627639770508,0.14598368108272552,0.23889997601509094,0.22088518738746643,0.2993163466453552,0.3446088433265686,0.3604269027709961,0.20021778345108032,0.3032015860080719,0.10765519738197327,0.18066278100013733,0.06703172624111176,0.10282666236162186,0.18195323646068573,0.0550297275185585,0.14477287232875824,0.2579483091831207,0.0770406499505043,0.11215229332447052,0.0618693083524704,0.1544390320777893,0.047346312552690506,0.2254071831703186,0.1546746790409088,0.06428084522485733,0.09768347442150116,0.43935778737068176,0.26635879278182983,0.2066587656736374,0.07501015812158585,0.07086685299873352,0.0878121554851532,0.2026711404323578,0.0896461009979248,0.07549946010112762,0.11524924635887146,0.20121783018112183,0.0744921863079071,0.05903672054409981,0.12247763574123383,0.17784100770950317,0.0700269564986229,0.14723515510559082,0.05883346498012543,,,,,,,,,,,,,,,,,,,,,,,,,,,,,,,,,,,,,,,,,,,,,,,,,,,,,,,,,,,,,,,
face_0,17900,596.6666666666666,0.9909821152687073,498.7880859375,525.2850341796875,301.91357421875,443.59393310546875,0.15819698572158813,0.11737939715385437,0.08585529029369354,0.249180406332016,0.06490983814001083,0.14548611640930176,0.21469494700431824,0.21454578638076782,0.3450106680393219,0.40388399362564087,0.40887701511383057,0.1975060999393463,0.3426380157470703,0.12491731345653534,0.16022270917892456,0.061296265572309494,0.11495503783226013,0.21494729816913605,0.06572958827018738,0.1553889662027359,0.27966925501823425,0.06126019358634949,0.10356323421001434,0.06788814067840576,0.15546414256095886,0.04817194864153862,0.159153550863266,0.14581185579299927,0.06793385744094849,0.09261071681976318,0.388163685798645,0.18314167857170105,0.14530621469020844,0.06819960474967957,0.07848037034273148,0.07639512419700623,0.19975358247756958,0.08779577910900116,0.057850077748298645,0.1328267753124237,0.1652408242225647,0.06728080660104752,0.05986325070261955,0.12911635637283325,0.15920217335224152,0.06711767613887787,0.18704257905483246,0.04772661626338959,,,,,,,,,,,,,,,,,,,,,,,,,,,,,,,,,,,,,,,,,,,,,,,,,,,,,,,,,,,,,,,
face_0,17910,597.0,0.995586633682251,491.7446594238281,510.90380859375,305.9273986816406,464.35858154296875,0.19634762406349182,0.15225891768932343,0.09482424706220627,0.32368141412734985,0.052320342510938644,0.14426974952220917,0.24624258279800415,0.21405544877052307,0.3079807162284851,0.3468286395072937,0.3683263659477234,0.20106425881385803,0.3046848773956299,0.10652478784322739,0.17278242111206055,0.06630361080169678,0.10482017695903778,0.18490903079509735,0.053915537893772125,0.1453379988670349,0.25761929154396057,0.07457160204648972,0.10779652744531631,0.062074508517980576,0.15562081336975098,0.04666351526975632,0.21390365064144135,0.1544584482908249,0.06400810182094574,0.0992363691329956,0.42588815093040466,0.24588613212108612,0.18813474476337433,0.07359994202852249,0.07125717401504517,0.08506152778863907,0.20541447401046753,0.0892115980386734,0.06977090239524841,0.11703994125127792,0.19095918536186218,0.07169697433710098,0.05767822265625,0.12654435634613037,0.18289661407470703,0.06822386384010315,0.15431807935237885,0.05757932364940643,,,,,,,,,,,,,,,,,,,,,,,,,,,,,,,,,,,,,,,,,,,,,,,,,,,,,,,,,,,,,,,
face_0,17920,597.3333333333334,0.995194137096405,494.6169738769531,513.7172241210938,301.7434997558594,456.00128173828125,0.1849444955587387,0.14079022407531738,0.09143363684415817,0.3024276793003082,0.05353051424026489,0.1482941061258316,0.24074047803878784,0.21516726911067963,0.3120653033256531,0.35330039262771606,0.37518230080604553,0.19987794756889343,0.315095454454422,0.10752567648887634,0.16692443192005157,0.06452474743127823,0.10492447763681412,0.18905407190322876,0.055399440228939056,0.14880824089050293,0.2637946307659149,0.07108321785926819,0.10797655582427979,0.06293568015098572,0.1547529250383377,0.04616968706250191,0.20102280378341675,0.15759748220443726,0.06523485481739044,0.10135283321142197,0.41548028588294983,0.22791393101215363,0.1746489703655243,0.07124656438827515,0.07145050913095474,0.08092581480741501,0.20505838096141815,0.08774339407682419,0.06597482413053513,0.11735912412405014,0.18201135098934174,0.07008439302444458,0.05817033722996712,0.13140995800495148,0.1830490231513977,0.06760293990373611,0.15916302800178528,0.05395595729351044,,,,,,,,,,,,,,,,,,,,,,,,,,,,,,,,,,,,,,,,,,,,,,,,,,,,,,,,,,,,,,,
face_0,17930,597.6666666666666,0.9962735176086426,491.73779296875,510.79534912109375,304.68841552734375,461.8148193359375,0.18911859393119812,0.14628595113754272,0.09302587062120438,0.30381572246551514,0.05321764573454857,0.152732253074646,0.2375863790512085,0.21798579394817352,0.32270199060440063,0.3553028702735901,0.3810136020183563,0.20694223046302795,0.3139541745185852,0.10802381485700607,0.16842998564243317,0.06644514203071594,0.10593579709529877,0.19404929876327515,0.05607482045888901,0.15310461819171906,0.26659849286079407,0.06954239308834076,0.11188232898712158,0.06513849645853043,0.15580153465270996,0.04698619991540909,0.19815810024738312,0.16031469404697418,0.06841008365154266,0.10062947869300842,0.42051607370376587,0.22869600355625153,0.18083082139492035,0.07375136762857437,0.0747506394982338,0.08080127835273743,0.2047712504863739,0.08605654537677765,0.06946147978305817,0.12623737752437592,0.1815861463546753,0.07216352969408035,0.06117331236600876,0.1283726990222931,0.17589031159877777,0.06939201056957245,0.16099153459072113,0.05305280536413193,,,,,,,,,,,,,,,,,,,,,,,,,,,,,,,,,,,,,,,,,,,,,,,,,,,,,,,,,,,,,,,
face_0,18000,600.0,0.9901143312454224,463.1542663574219,493.9030456542969,317.9263610839844,488.7915344238281,0.23090451955795288,0.20285195112228394,0.11383485794067383,0.348746657371521,0.04715585336089134,0.12501253187656403,0.1804371327161789,0.21468369662761688,0.3806553781032562,0.44392192363739014,0.40101751685142517,0.2252177745103836,0.2904166281223297,0.1276126652956009,0.22665543854236603,0.07447568327188492,0.11169850081205368,0.1936669647693634,0.05368140712380409,0.13042549788951874,0.25873425602912903,0.07098708301782608,0.10129465907812119,0.06000417470932007,0.16463422775268555,0.051120325922966,0.19389598071575165,0.10504060238599777,0.061514560133218765,0.056730370968580246,0.47982919216156006,0.28616976737976074,0.2642088532447815,0.08890669792890549,0.06913820654153824,0.1038561761379242,0.18240338563919067,0.10141989588737488,0.0997544527053833,0.12975572049617767,0.24561333656311035,0.09350734204053879,0.060218773782253265,0.07290761172771454,0.1036650687456131,0.07569053769111633,0.17501598596572876,0.059567950665950775,,,,,,,,,,,,,,,,,,,,,,,,,,,,,,,,,,,,,,,,,,,,,,,,,,,,,,,,,,,,,,,
face_0,18010,600.3333333333334,0.9956153631210327,446.787353515625,493.5766906738281,300.8724365234375,448.6091003417969,0.20375686883926392,0.17691022157669067,0.10622076690196991,0.3111030161380768,0.05036016181111336,0.13682439923286438,0.16394948959350586,0.21347081661224365,0.43448224663734436,0.45549532771110535,0.41474127769470215,0.2265753448009491,0.2995527684688568,0.1280013620853424,0.2178424894809723,0.07034118473529816,0.11361949145793915,0.20661693811416626,0.05492222681641579,0.1431606113910675,0.265264093875885,0.06581223011016846,0.10014764219522476,0.06367889046669006,0.15854179859161377,0.04903658479452133,0.1725381463766098,0.10828327387571335,0.06483755260705948,0.05753534287214279,0.4520875811576843,0.255868136882782,0.23423069715499878,0.08556903898715973,0.07444893568754196,0.09772517532110214,0.17781572043895721,0.09911254048347473,0.09063467383384705,0.1407531201839447,0.23104192316532135,0.08995261788368225,0.061311542987823486,0.07401033490896225,0.0968768522143364,0.07571908086538315,0.1986989676952362,0.055376939475536346,,,,,,,,,,,,,,,,,,,,,,,,,,,,,,,,,,,,,,,,,,,,,,,,,,,,,,,,,,,,,,,
