Id,Text,BeginPosition,EndPosition,BeginTime,EndTime,Confidence,SpeakerConfidence,Admiration,Adoration,Aesthetic Appreciation,Amusement,Anger,Annoyance,Anxiety,Awe,Awkwardness,Boredom,Calmness,Concentration,Confusion,Contemplation,Contempt,Contentment,Craving,Determination,Disappointment,Disapproval,Disgust,Distress,Doubt,Ecstasy,Embarrassment,Empathic Pain,Enthusiasm,Entrancement,Envy,Excitement,Fear,Gratitude,Guilt,Horror,Interest,Joy,Love,Nostalgia,Pain,Pride,Realization,Relief,Romance,Sadness,Sarcasm,Satisfaction,Desire,Shame,Surprise (negative),Surprise (positive),Sympathy,Tiredness,Triumph,1,2,3,4,5,6,7,8,9,toxic,severe_toxic,obscene,threat,insult,identity_hate
unknown,野,0,1,2.576658,2.6965027,0.9995117,,0.07129810005426407,0.03927111253142357,0.0827886313199997,0.045970529317855835,0.007182183209806681,0.048384711146354675,0.0050049456767737865,0.03292420879006386,0.06383964419364929,0.1600559651851654,0.15952974557876587,0.046692363917827606,0.10798731446266174,0.030276700854301453,0.04112550616264343,0.06135306507349014,0.005906297825276852,0.016979500651359558,0.025952070951461792,0.03163779154419899,0.01238104049116373,0.008456834591925144,0.016962192952632904,0.009682323783636093,0.014604312367737293,0.010227235965430737,0.026074104011058807,0.04476339370012283,0.006762938108295202,0.011186620220541954,0.002796480432152748,0.021163273602724075,0.002381413010880351,0.0027719212230294943,0.06218918412923813,0.03288707509636879,0.026860132813453674,0.010074758902192116,0.007080175448209047,0.010944724082946777,0.04931248351931572,0.016803687438368797,0.024405216798186302,0.009613282978534698,0.03567122295498848,0.05488140508532524,0.03651302307844162,0.012061232700943947,0.03427102044224739,0.04681505262851715,0.01725573092699051,0.033178701996803284,0.02137436904013157,,,,,,,,,,,,,,,
unknown,菜,2,3,2.6965027,3.1965027,0.9916992,,0.08167966455221176,0.06856721639633179,0.10411874204874039,0.12581710517406464,0.0068870726972818375,0.023520708084106445,0.005331468302756548,0.043074507266283035,0.05917805805802345,0.043867290019989014,0.2158913016319275,0.019116714596748352,0.033184174448251724,0.02718050591647625,0.04123801365494728,0.14347589015960693,0.00859064795076847,0.012694193050265312,0.011175865307450294,0.021775759756565094,0.013483722694218159,0.008773992769420147,0.006759156007319689,0.028630871325731277,0.01590810716152191,0.013029753230512142,0.07043476402759552,0.05507717281579971,0.0043373312801122665,0.03093578852713108,0.004247993230819702,0.03140740096569061,0.0025800352450460196,0.004285535775125027,0.08249840140342712,0.13252432644367218,0.05826514959335327,0.0074829645454883575,0.00949921365827322,0.034549348056316376,0.03705945983529091,0.015343345701694489,0.030950428918004036,0.008231286890804768,0.06391562521457672,0.1321830153465271,0.03570466488599777,0.010493825189769268,0.01829236000776291,0.057823438197374344,0.016556741669774055,0.007149213925004005,0.030978960916399956,,,,,,,,,,,,,,,
unknown,娘,4,5,8.169404,8.669404,1.0,,0.16104143857955933,0.24466592073440552,0.2080775499343872,0.0735040009021759,0.0035583777353167534,0.011275351978838444,0.002205256139859557,0.12581530213356018,0.017462266609072685,0.022887781262397766,0.15818683803081512,0.018762901425361633,0.03164050728082657,0.03824235126376152,0.02755262330174446,0.09625724703073502,0.014038924127817154,0.010635319165885448,0.006361145991832018,0.011190302670001984,0.005201548337936401,0.004388580564409494,0.003079824149608612,0.06040094047784805,0.004512411076575518,0.007257455959916115,0.07835741341114044,0.1816466599702835,0.005951705854386091,0.04668247699737549,0.0015962222823873162,0.03296305611729622,0.0015914459945634007,0.001962026348337531,0.09059977531433105,0.19452977180480957,0.18706372380256653,0.037620075047016144,0.004070406313985586,0.028386997058987617,0.02127506025135517,0.004965952131897211,0.11099907010793686,0.007900460623204708,0.027343498542904854,0.06848050653934479,0.06834716349840164,0.005662067793309689,0.0063429526053369045,0.027047298848628998,0.008509001694619656,0.009630642831325531,0.021046318113803864,,,,,,,,,,,,,,,
unknown,し,6,7,14.321425,14.481218,0.7861328,,0.26001662015914917,0.3159434497356415,0.20452143251895905,0.09491788595914841,0.007312800269573927,0.028026597574353218,0.0029375930316746235,0.14554834365844727,0.03241993486881256,0.025392072275280952,0.12606067955493927,0.014546780847012997,0.026263071224093437,0.035855796188116074,0.045222871005535126,0.08888787031173706,0.009648161008954048,0.010522480122745037,0.016857856884598732,0.03129672259092331,0.013358460739254951,0.005990315694361925,0.005497882142663002,0.03580964729189873,0.014812330715358257,0.008989769034087658,0.07302068173885345,0.1452733725309372,0.013233620673418045,0.04376741498708725,0.002141407225281,0.0296880304813385,0.0028785571921616793,0.0026130806654691696,0.08786485344171524,0.16862870752811432,0.188465878367424,0.027148127555847168,0.004812989849597216,0.052746932953596115,0.04483707994222641,0.005485954694449902,0.11898381263017654,0.011941906064748764,0.04040288180112839,0.08388033509254456,0.08861931413412094,0.014262763783335686,0.014844924211502075,0.053161706775426865,0.011306045576930046,0.006860711611807346,0.02297884225845337,,,,,,,,,,,,,,,
unknown,み,8,9,14.481218,14.561114,0.57373047,,0.20143333077430725,0.22334980964660645,0.16503728926181793,0.11057058721780777,0.006944512482732534,0.03205227479338646,0.0036986719351261854,0.11655054986476898,0.03537607192993164,0.036157578229904175,0.15462997555732727,0.019277364015579224,0.0400383435189724,0.060628484934568405,0.04644361883401871,0.09491322934627533,0.011624862439930439,0.013068711385130882,0.024528883397579193,0.03539460152387619,0.011876444332301617,0.0072916182689368725,0.00936210248619318,0.02788384072482586,0.015307777561247349,0.012408257462084293,0.07662763446569443,0.12513653934001923,0.01371842622756958,0.039818115532398224,0.002384582767263055,0.026917574927210808,0.00404258631169796,0.0024626993108540773,0.10208013653755188,0.15435607731342316,0.14242595434188843,0.04099623113870621,0.00640721945092082,0.04602161794900894,0.060903456062078476,0.006392133887857199,0.08348069339990616,0.018360791727900505,0.0508677177131176,0.07953688502311707,0.050735101103782654,0.016161929816007614,0.017798826098442078,0.05221984162926674,0.015698600560426712,0.009443084709346294,0.02326175570487976,,,,,,,,,,,,,,,
unknown,れ,10,11,14.561114,14.680959,0.98535156,,0.20145806670188904,0.21504904329776764,0.12766385078430176,0.14270292222499847,0.008091092109680176,0.04729104042053223,0.004544270224869251,0.080816850066185,0.04619500786066055,0.03771821781992912,0.12475810945034027,0.01723073609173298,0.034840237349271774,0.06142411008477211,0.053944431245326996,0.09206728637218475,0.012601962313055992,0.016069922596216202,0.03431043401360512,0.04677428677678108,0.013510092161595821,0.00850248709321022,0.012456978671252728,0.01860460452735424,0.022877557203173637,0.018499990925192833,0.08962777256965637,0.08167614787817001,0.018239684402942657,0.03939260169863701,0.0022735893726348877,0.0269975233823061,0.0061041307635605335,0.00197896221652627,0.10228998214006424,0.14592091739177704,0.155799001455307,0.04329819977283478,0.00793569814413786,0.059381309896707535,0.07587218284606934,0.007093341089785099,0.07117918878793716,0.02383239008486271,0.07383900135755539,0.085602767765522,0.04381977394223213,0.021689793094992638,0.019819317385554314,0.05256262794137001,0.02489018253982067,0.009911307133734226,0.0232777651399374,,,,,,,,,,,,,,,
unknown,る,12,13,14.680959,15.180959,0.98291016,,0.1310359388589859,0.1322852224111557,0.08061384409666061,0.18595018982887268,0.00957014225423336,0.0782381221652031,0.006898683495819569,0.04764925688505173,0.058884959667921066,0.06138911470770836,0.11695504933595657,0.019547374919056892,0.03809868171811104,0.06075694411993027,0.058576878160238266,0.086025670170784,0.01597878523170948,0.018147829920053482,0.049407318234443665,0.05933772027492523,0.015322139486670494,0.011745075695216656,0.01583000458776951,0.012921057641506195,0.029742920771241188,0.022374484688043594,0.09892530739307404,0.04982810840010643,0.017536764964461327,0.04338109493255615,0.002656873082742095,0.02427390217781067,0.00878923013806343,0.001944302930496633,0.11000661551952362,0.11439760029315948,0.10169835388660431,0.042579833418130875,0.009080512449145317,0.047248147428035736,0.08345288783311844,0.009354805573821068,0.03852120786905289,0.026299219578504562,0.09866031259298325,0.08576896041631699,0.03130427002906799,0.024203747510910034,0.024618390947580338,0.0513007752597332,0.03115953877568245,0.01675333082675934,0.020847473293542862,,,,,,,,,,,,,,,
unknown,神,14,15,19.415,19.915,0.99609375,,0.10433119535446167,0.12862078845500946,0.06903494149446487,0.12801644206047058,0.004947942215949297,0.034490328282117844,0.010346164926886559,0.06085385009646416,0.027699770405888557,0.04822066053748131,0.12192981690168381,0.019238926470279694,0.014107942581176758,0.05561162158846855,0.028117580339312553,0.17100541293621063,0.025575065985322,0.02443769760429859,0.024485668167471886,0.013501284644007683,0.005904029123485088,0.016421308740973473,0.005190893542021513,0.03689493611454964,0.018556978553533554,0.01992272585630417,0.14339850842952728,0.062057849019765854,0.008082376793026924,0.08982451260089874,0.00370994140394032,0.06565219908952713,0.009454118087887764,0.001985525945201516,0.0616113543510437,0.20641867816448212,0.11349634826183319,0.06277045607566833,0.017475033178925514,0.09320028126239777,0.08256972581148148,0.03152192384004593,0.02462499774992466,0.03807030990719795,0.059538617730140686,0.17942091822624207,0.016252705827355385,0.01755797676742077,0.011124307289719582,0.049075279384851456,0.020118597894906998,0.02615656703710556,0.05473418906331062,,,,,,,,,,,,,,,
unknown,楽,16,17,29.38976,29.509684,0.3696289,,0.09003248065710068,0.10844004154205322,0.07653563469648361,0.17726507782936096,0.00452801026403904,0.04365789517760277,0.003963574767112732,0.061247847974300385,0.027901027351617813,0.05732765048742294,0.12459906935691833,0.017471110448241234,0.026899149641394615,0.04534009099006653,0.030924804508686066,0.10533108562231064,0.017559336498379707,0.012949260883033276,0.03139414265751839,0.024392524734139442,0.006815220694988966,0.007068146485835314,0.005016144830733538,0.028253760188817978,0.011727560311555862,0.01119620818644762,0.16390307247638702,0.05631512776017189,0.008847753517329693,0.11462239176034927,0.0014514712383970618,0.023414643481373787,0.005107664503157139,0.0014809666899964213,0.1108771562576294,0.1901421695947647,0.07035309821367264,0.05377193167805672,0.005114411469548941,0.039613187313079834,0.0736863762140274,0.01295783556997776,0.02146018110215664,0.01699882000684738,0.07043559104204178,0.11206251382827759,0.017391974106431007,0.01063615083694458,0.021002162247896194,0.07126408070325851,0.01510651595890522,0.01349263358861208,0.02953721210360527,,,,,,,,,,,,,,,
unknown,し,18,19,29.509684,30.009684,0.9169922,,0.11215008050203323,0.1308470219373703,0.09657104313373566,0.20359861850738525,0.0040457542054355145,0.04222063720226288,0.003908847458660603,0.06487955152988434,0.03323642909526825,0.04935925826430321,0.10271945595741272,0.014290349557995796,0.02575552836060524,0.04979551210999489,0.033494733273983,0.09594686329364777,0.012405961751937866,0.012596607208251953,0.03707466647028923,0.02846592850983143,0.007647669408470392,0.00747615797445178,0.005963185802102089,0.02325083501636982,0.01693107560276985,0.014318212866783142,0.15927071869373322,0.05642213299870491,0.010428925044834614,0.09541843086481094,0.0013410685351118445,0.025280555710196495,0.007306448649615049,0.0013325079344213009,0.10242760181427002,0.2005404531955719,0.0766325518488884,0.04364295303821564,0.005129953380674124,0.0515190027654171,0.07568324357271194,0.009000309742987156,0.01895982027053833,0.025592781603336334,0.08225338906049728,0.0969032421708107,0.013396465219557285,0.01587836630642414,0.018560243770480156,0.05535958334803581,0.01931745558977127,0.011643080040812492,0.024821769446134567,,,,,,,,,,,,,,,
unknown,幸,20,21,33.627068,33.90689,0.9765625,,0.11254078894853592,0.14434005320072174,0.10227508842945099,0.20373882353305817,0.0033927992917597294,0.040793925523757935,0.004338135477155447,0.06419965624809265,0.03856071084737778,0.05499495193362236,0.10438267141580582,0.011281019076704979,0.030452094972133636,0.057815439999103546,0.031210877001285553,0.09053374826908112,0.01668936014175415,0.010487767867743969,0.044401973485946655,0.027492176741361618,0.006387931294739246,0.007918840274214745,0.00780066754668951,0.02329753153026104,0.016477355733513832,0.01666264608502388,0.14929033815860748,0.06135094538331032,0.014974257908761501,0.08657067269086838,0.0013236523373052478,0.023530153557658195,0.007533091586083174,0.0010671353666111827,0.09979632496833801,0.20603209733963013,0.08851747214794159,0.045425672084093094,0.005907106213271618,0.04005594924092293,0.07145383208990097,0.007818460464477539,0.02714523859322071,0.03572775050997734,0.09350653737783432,0.07863716036081314,0.016497157514095306,0.016415627673268318,0.017494292929768562,0.047421395778656006,0.022750219330191612,0.013531251810491085,0.017884178087115288,,,,,,,,,,,,,,,
unknown,せ,22,23,33.90689,34.40689,0.9975586,,0.08064916729927063,0.16041241586208344,0.08864890784025192,0.21005025506019592,0.0017675763228908181,0.024348314851522446,0.003751475131139159,0.04627585411071777,0.039329685270786285,0.05429908260703087,0.12415855377912521,0.008653467521071434,0.021409865468740463,0.046233393251895905,0.022948337718844414,0.1358150988817215,0.01905505545437336,0.008929664269089699,0.025151314213871956,0.01320729497820139,0.003480814164504409,0.005551937501877546,0.004870311822742224,0.03297244757413864,0.014026131480932236,0.013449191115796566,0.17477107048034668,0.056793440133333206,0.009315215051174164,0.11112354695796967,0.0008379516657441854,0.030290693044662476,0.008200103417038918,0.000605502282269299,0.08724310994148254,0.2939782738685608,0.15617604553699493,0.06275569647550583,0.004513365216553211,0.04562406241893768,0.05211130529642105,0.009209045208990574,0.04159983620047569,0.029527030885219574,0.07208210974931717,0.09961935877799988,0.021299807354807854,0.013034150004386902,0.009573074989020824,0.036583416163921356,0.018308505415916443,0.020090488716959953,0.01852552779018879,,,,,,,,,,,,,,,
unknown,高,24,25,39.343437,39.543312,0.9970703,,0.05812500789761543,0.1004912257194519,0.06933730095624924,0.22712835669517517,0.001788027468137443,0.02838262915611267,0.002717690309509635,0.03189367055892944,0.03723786398768425,0.07766184210777283,0.1423323005437851,0.008263150230050087,0.026416921988129616,0.04226832836866379,0.027953678742051125,0.16940034925937653,0.011895265430212021,0.0074844262562692165,0.02734905295073986,0.016201641410589218,0.0032817998435348272,0.00395715469494462,0.004922019317746162,0.027264604344964027,0.011103934608399868,0.00673854723572731,0.16711175441741943,0.03946023806929588,0.006966337561607361,0.10939161479473114,0.0005550432833842933,0.025785846635699272,0.0055994861759245396,0.00041641067946329713,0.07708891481161118,0.2897584140300751,0.09228616952896118,0.055526550859212875,0.002629572059959173,0.046869728714227676,0.04837314039468765,0.009493866004049778,0.019605614244937897,0.02288980595767498,0.07824885845184326,0.11658617109060287,0.010769502259790897,0.010143505409359932,0.009564400650560856,0.03344477713108063,0.009774845093488693,0.022037601098418236,0.021913807839155197,,,,,,,,,,,,,,,
unknown,い,26,27,39.543312,40.043312,0.9638672,,0.06622765958309174,0.11820228397846222,0.07163257151842117,0.22999617457389832,0.0014076228253543377,0.021133864298462868,0.002344548236578703,0.03448508679866791,0.034541402012109756,0.0596926175057888,0.14605304598808289,0.007366896606981754,0.02540230192244053,0.041886359453201294,0.026911824941635132,0.20880204439163208,0.008891432546079159,0.007316985633224249,0.01940111070871353,0.012182184495031834,0.0023928387090563774,0.0031766726169735193,0.004553120583295822,0.03337758779525757,0.009642412886023521,0.006429364439100027,0.18021948635578156,0.041447244584560394,0.006079946178942919,0.11473184078931808,0.00043832240044139326,0.03186168149113655,0.004775518551468849,0.0003015661786776036,0.07047669589519501,0.36463239789009094,0.12007855623960495,0.05416800454258919,0.002329947194084525,0.062159087508916855,0.043618496507406235,0.009663897566497326,0.021501850336790085,0.019500594586133957,0.06748352199792862,0.1348879635334015,0.009365469217300415,0.008693202398717403,0.006977565120905638,0.03154715523123741,0.009229162707924843,0.023128338158130646,0.02632458694279194,,,,,,,,,,,,,,,
unknown,苦,28,29,47.795002,47.995003,0.9760742,,0.053625818341970444,0.07271599024534225,0.06972726434469223,0.20085380971431732,0.0038500220980495214,0.04600489139556885,0.003986629191786051,0.030899394303560257,0.038598693907260895,0.09139630943536758,0.10700257122516632,0.014863508753478527,0.04717095568776131,0.058126091957092285,0.03741510212421417,0.12067897617816925,0.016603505238890648,0.014523059129714966,0.045069966465234756,0.029200907796621323,0.005919630639255047,0.007029012776911259,0.009156668558716774,0.022841861471533775,0.012649278156459332,0.00864228792488575,0.16086046397686005,0.04150120168924332,0.009184964932501316,0.10092296451330185,0.0011551037896424532,0.017941178753972054,0.007498384453356266,0.0008800012292340398,0.08828283101320267,0.19033728539943695,0.055526115000247955,0.04926900565624237,0.004579953383654356,0.059658776968717575,0.054474107921123505,0.0068035852164030075,0.012598247267305851,0.033696260303258896,0.11216286569833755,0.09624668210744858,0.009314296767115593,0.014411850832402706,0.014966803602874279,0.02896173857152462,0.011448336765170097,0.017163343727588654,0.028560681268572807,,,,,,,,,,,,,,,
unknown,し,30,31,47.995003,48.075,1.0,,0.051733337342739105,0.06791935861110687,0.06797695904970169,0.20408980548381805,0.0033143749460577965,0.03741277754306793,0.0038908037822693586,0.029611144214868546,0.03564402088522911,0.08523768186569214,0.10881311446428299,0.01487896777689457,0.052470121532678604,0.0574626624584198,0.03565916046500206,0.13888536393642426,0.01480864454060793,0.01505768671631813,0.03540894389152527,0.023236066102981567,0.004649529233574867,0.00622209906578064,0.008834428153932095,0.025561129674315453,0.010232091881334782,0.007716539781540632,0.18093901872634888,0.038741398602724075,0.0079740509390831,0.11588341742753983,0.001065033720806241,0.019515100866556168,0.006423572078347206,0.0007491824217140675,0.08897565305233002,0.2193664014339447,0.050572916865348816,0.046925708651542664,0.003993145190179348,0.07181897014379501,0.04628957808017731,0.007247347384691238,0.009422609582543373,0.02981032431125641,0.10629808157682419,0.1055930033326149,0.006463527679443359,0.011989131569862366,0.012307656928896904,0.027253909036517143,0.01049906574189663,0.016512775793671608,0.03489168733358383,,,,,,,,,,,,,,,
unknown,い,32,33,48.075,48.575,0.99560547,,0.04081585258245468,0.05803738534450531,0.05866538733243942,0.21221823990345,0.003141060471534729,0.0365949422121048,0.0046027530916035175,0.023497678339481354,0.042037129402160645,0.08194689452648163,0.10324278473854065,0.01461983285844326,0.049872029572725296,0.05305906757712364,0.03382746875286102,0.15233072638511658,0.01423793938010931,0.018182266503572464,0.0340418815612793,0.020206524059176445,0.004377465229481459,0.007052990607917309,0.008809770457446575,0.028551356866955757,0.012625284492969513,0.008646735921502113,0.18851973116397858,0.03444227948784828,0.00692801782861352,0.11983931064605713,0.0010977821657434106,0.01923403888940811,0.008696409873664379,0.0006988285458646715,0.0745186135172844,0.22351688146591187,0.05104977637529373,0.04072977229952812,0.004830042831599712,0.08694238215684891,0.04368065670132637,0.008390910923480988,0.009251057170331478,0.031945664435625076,0.10364433377981186,0.11465659737586975,0.006816892884671688,0.014253388158977032,0.010943572968244553,0.023405611515045166,0.011224612593650818,0.022756144404411316,0.04138287529349327,,,,,,,,,,,,,,,
unknown,研,34,35,51.315002,51.475002,0.9970703,,0.04413668438792229,0.06134333461523056,0.05738043040037155,0.20315568149089813,0.004538676701486111,0.046232592314481735,0.003980463836342096,0.025764109566807747,0.03836195915937424,0.08960430324077606,0.08475182205438614,0.015572255477309227,0.05578096956014633,0.05394037440419197,0.038436777889728546,0.12725676596164703,0.024953549727797508,0.022518783807754517,0.03932424634695053,0.024648020043969154,0.0054141562432050705,0.006736475974321365,0.008825540542602539,0.03128579258918762,0.010776403360068798,0.007814647629857063,0.22096461057662964,0.03719523176550865,0.010177172720432281,0.14467786252498627,0.0009182420908473432,0.016693884506821632,0.007984640076756477,0.0007065898971632123,0.0925869420170784,0.21406064927577972,0.04514022171497345,0.043281711637973785,0.004258563742041588,0.07971341907978058,0.04258212819695473,0.006715430878102779,0.009816708043217659,0.03052627667784691,0.10120607167482376,0.1079387441277504,0.00952643621712923,0.01322142593562603,0.012551715597510338,0.026968451216816902,0.010007151402533054,0.01804962567985058,0.04060719907283783,,,,,,,,,,,,,,,
unknown,究,36,37,51.475002,51.975002,0.9921875,,0.05622443929314613,0.06817784160375595,0.06373878568410873,0.1871815025806427,0.007898523472249508,0.06521902978420258,0.004383890889585018,0.03250476345419884,0.03224963694810867,0.07148367166519165,0.058351945132017136,0.020948389545083046,0.06123792380094528,0.04992508515715599,0.047910016030073166,0.09855849295854568,0.021725304424762726,0.03601711615920067,0.03788796067237854,0.034628208726644516,0.007888026535511017,0.008159873075783253,0.009384703822433949,0.03524697571992874,0.009375343099236488,0.007160877343267202,0.2543257176876068,0.04281182959675789,0.009914184920489788,0.17010760307312012,0.00115536293014884,0.016677001491189003,0.005133647937327623,0.0009476227569393814,0.09665824472904205,0.19195792078971863,0.041359223425388336,0.028756897896528244,0.004322265740483999,0.09503153711557388,0.03896770626306534,0.006206030026078224,0.009861377067863941,0.02382051944732666,0.10855638235807419,0.1037970557808876,0.012694665230810642,0.010978160426020622,0.014444621279835701,0.03133472800254822,0.008325007744133472,0.016510620713233948,0.05146137997508049,,,,,,,,,,,,,,,
unknown,バ,38,39,58.235,58.355003,0.9916992,,0.04910622909665108,0.07188024371862411,0.06536991894245148,0.2283415049314499,0.004532913211733103,0.04682490602135658,0.004177102353423834,0.025621742010116577,0.04224242642521858,0.07967858761548996,0.06081731989979744,0.018981657922267914,0.04644322022795677,0.045225612819194794,0.035450279712677,0.09429021179676056,0.025866767391562462,0.031545259058475494,0.0266475360840559,0.022239111363887787,0.005289163906127214,0.006178835406899452,0.007770596072077751,0.03168535232543945,0.012051453813910484,0.006689130794256926,0.2787637710571289,0.0403311550617218,0.01041208766400814,0.18812470138072968,0.0009643462253734469,0.013516184873878956,0.0063140359707176685,0.0007028272957541049,0.11002189666032791,0.20748130977153778,0.0494191013276577,0.03862001374363899,0.00334262871183455,0.09611234068870544,0.03558629751205444,0.004748328123241663,0.012550268322229385,0.019643187522888184,0.102128766477108,0.09642647951841354,0.01499211136251688,0.01159258745610714,0.010400639846920967,0.027141224592924118,0.008300618268549442,0.01430642418563366,0.04092767462134361,,,,,,,,,,,,,,,
unknown,ナ,40,41,58.355003,58.475002,0.9902344,,0.04346880689263344,0.07477833330631256,0.06659609824419022,0.21547381579875946,0.00428481912240386,0.05193761736154556,0.005050615407526493,0.026269398629665375,0.043931882828474045,0.09802510589361191,0.07632844895124435,0.0259853508323431,0.05239616334438324,0.051032550632953644,0.03185266628861427,0.08959336578845978,0.02858254872262478,0.02919730916619301,0.022108200937509537,0.020291093736886978,0.0050563202239573,0.006217962130904198,0.00797321368008852,0.028944358229637146,0.011976785957813263,0.005810278933495283,0.2646332383155823,0.047105830162763596,0.008930472657084465,0.19208036363124847,0.0010921880602836609,0.011901207268238068,0.00605454295873642,0.0007402444607578218,0.1347019374370575,0.1892508864402771,0.05238131806254387,0.04797092080116272,0.002780819544568658,0.07623593509197235,0.03884309157729149,0.004818703513592482,0.015764158219099045,0.013908294029533863,0.07872942090034485,0.09210480004549026,0.018921105191111565,0.010265174321830273,0.010935580357909203,0.03126855939626694,0.007082861382514238,0.01594412326812744,0.03203835338354111,,,,,,,,,,,,,,,
unknown,ナ,42,43,58.475002,58.975002,0.9970703,,0.0484207384288311,0.07991839945316315,0.07083085179328918,0.21346347033977509,0.003779757535085082,0.043068479746580124,0.0042390283197164536,0.029486944898962975,0.03609069809317589,0.08440475910902023,0.07689610868692398,0.026498833671212196,0.05096684396266937,0.049267757683992386,0.029582547023892403,0.08943608403205872,0.02994445525109768,0.02849251590669155,0.01693946123123169,0.016881318762898445,0.004280357155948877,0.005036570131778717,0.0070100161246955395,0.03214206546545029,0.008667011745274067,0.004938287660479546,0.29508548974990845,0.049500588327646255,0.008744298480451107,0.21806368231773376,0.0009679720969870687,0.012055340223014355,0.0042410376481711864,0.0006709272274747491,0.15483522415161133,0.20733672380447388,0.05152519419789314,0.04665342718362808,0.002226021606475115,0.07460648566484451,0.034445617347955704,0.004472602158784866,0.015208895318210125,0.010299314744770527,0.07200933247804642,0.09397057443857193,0.01833903230726719,0.007453522644937038,0.009781832806766033,0.034095510840415955,0.006215367000550032,0.01321927085518837,0.033015184104442596,,,,,,,,,,,,,,,
unknown,い,44,45,65.33,65.83,0.53564453,,0.0387246198952198,0.06848462671041489,0.06508200615644455,0.21714118123054504,0.003920549061149359,0.04709068313241005,0.005017733667045832,0.023643402382731438,0.04517103359103203,0.08692418038845062,0.06919640302658081,0.027507588267326355,0.05716667324304581,0.04826279357075691,0.029441827908158302,0.08462823182344437,0.030370034277439117,0.03429262340068817,0.018460331484675407,0.0177248977124691,0.004355207085609436,0.0057571325451135635,0.008117292076349258,0.03161540627479553,0.01105544064193964,0.005062367767095566,0.30187147855758667,0.04596833139657974,0.008136682212352753,0.21584294736385345,0.0010486512910574675,0.010940979234874249,0.005846105050295591,0.0006592712015844882,0.14068762958049774,0.192252978682518,0.048187460750341415,0.038638871163129807,0.0023866286501288414,0.0791221559047699,0.034291286021471024,0.004199307411909103,0.014505580998957157,0.010874275118112564,0.07615973055362701,0.08898469805717468,0.018695732578635216,0.009230024181306362,0.00968228280544281,0.02969016134738922,0.006242101080715656,0.015059014782309532,0.033804479986429214,,,,,,,,,,,,,,,
unknown,美,46,47,74.785,74.865005,0.9663086,,0.06141739338636398,0.09863417595624924,0.11180157959461212,0.21592921018600464,0.001988120609894395,0.024245750159025192,0.0038468686398118734,0.03665618970990181,0.026956668123602867,0.0688580870628357,0.08618475496768951,0.026301013305783272,0.040058694779872894,0.04532163217663765,0.021887004375457764,0.1394553929567337,0.030856681987643242,0.028317492455244064,0.009941301308572292,0.008800838142633438,0.0023735053837299347,0.004018115811049938,0.004894541576504707,0.04725257679820061,0.006099548190832138,0.003946930635720491,0.34536316990852356,0.059009019285440445,0.006721849087625742,0.2552710175514221,0.0008953913347795606,0.020179612562060356,0.0028001561295241117,0.0005409300792962313,0.15011663734912872,0.2910234034061432,0.06385205686092377,0.05028330907225609,0.002020913641899824,0.09843477606773376,0.027529260143637657,0.005920746363699436,0.013951237313449383,0.008734787814319134,0.05956122279167175,0.134644016623497,0.013637763448059559,0.004828725941479206,0.0062210652977228165,0.035177282989025116,0.004865259397774935,0.013038620352745056,0.043799422681331635,,,,,,,,,,,,,,,
unknown,味,48,49,74.865005,74.945,0.96972656,,0.08445525914430618,0.1253490000963211,0.12097016721963882,0.21223706007003784,0.0009507738286629319,0.007611222565174103,0.002517678774893284,0.05211705341935158,0.010676303878426552,0.027051789686083794,0.05793061852455139,0.02345702052116394,0.018971381708979607,0.03260889649391174,0.01566246710717678,0.21702361106872559,0.06701383739709854,0.03205021470785141,0.003791065653786063,0.003195925848558545,0.001290903426706791,0.002230465179309249,0.0023472460452467203,0.09519762545824051,0.0027470209170132875,0.002152689965441823,0.5094371438026428,0.059197477996349335,0.00420851306989789,0.4688290059566498,0.0008520658011548221,0.054695747792720795,0.0016341652953997254,0.0005737082101404667,0.20069007575511932,0.4272301197052002,0.08010075241327286,0.07656155526638031,0.001249952707439661,0.1406397670507431,0.022155217826366425,0.009066571481525898,0.007284962106496096,0.004069472197443247,0.03168553486466408,0.25984570384025574,0.007010012399405241,0.0021487241610884666,0.003918685484677553,0.06382092833518982,0.002663821680471301,0.004628329537808895,0.08879001438617706,,,,,,,,,,,,,,,
unknown,し,50,51,74.945,75.025,0.9995117,,0.18622174859046936,0.28360071778297424,0.17088279128074646,0.17055194079875946,0.001610046369023621,0.013437865301966667,0.002750669838860631,0.1255442351102829,0.010716798715293407,0.016877656802535057,0.053070392459630966,0.016517410054802895,0.02649010717868805,0.04424787312746048,0.01400034036487341,0.1585964560508728,0.025205697864294052,0.022766239941120148,0.010745584033429623,0.0064236377365887165,0.0017874372424557805,0.004151769448071718,0.0029400940984487534,0.08142389357089996,0.004629989620298147,0.005137512926012278,0.4429914355278015,0.09016174077987671,0.006245853379368782,0.38950294256210327,0.0009917550487443805,0.053268954157829285,0.003289952641353011,0.0008140851277858019,0.1803591102361679,0.467330664396286,0.16968601942062378,0.08665240556001663,0.002530461410060525,0.18112187087535858,0.039380233734846115,0.006869131233543158,0.01351588312536478,0.01333130057901144,0.03466629609465599,0.19299086928367615,0.0070527661591768265,0.004715510178357363,0.009828825481235981,0.09275586158037186,0.006086754612624645,0.004981117323040962,0.06788304448127747,,,,,,,,,,,,,,,
unknown,い,52,53,75.025,75.525,0.9824219,,0.1106468215584755,0.11203687638044357,0.15175102651119232,0.16435329616069794,0.0019752902444452047,0.015058942139148712,0.005057309754192829,0.08388248085975647,0.01927013508975506,0.029957998543977737,0.08168981224298477,0.03884889930486679,0.0547870397567749,0.091181181371212,0.022354060783982277,0.18921464681625366,0.029735587537288666,0.04806990176439285,0.010481687262654305,0.007903511635959148,0.0025693411007523537,0.005480565130710602,0.008120715618133545,0.08191215991973877,0.005753607954829931,0.006620919331908226,0.35761693120002747,0.10215677320957184,0.007406099233776331,0.24625307321548462,0.0017371810972690582,0.04433022066950798,0.0033748799469321966,0.001038886490277946,0.15152095258235931,0.33850812911987305,0.061214689165353775,0.04900779575109482,0.003739079227671027,0.15907111763954163,0.05095198005437851,0.01260978914797306,0.012971045449376106,0.012822653166949749,0.0591345950961113,0.2106160819530487,0.01029124390333891,0.006176764611154795,0.008575613610446453,0.06501531600952148,0.0071965791285037994,0.009619923308491707,0.09764613956212997,,,,,,,,,,,,,,,
unknown,枯,54,55,81.585,81.705,0.42285156,,0.11857537180185318,0.11475345492362976,0.18350167572498322,0.15184319019317627,0.003327665850520134,0.029839955270290375,0.006076332647353411,0.08140486478805542,0.02283330447971821,0.03654000535607338,0.07261817902326584,0.03703818470239639,0.060058023780584335,0.08243155479431152,0.024181203916668892,0.1425250917673111,0.03601139411330223,0.0376078225672245,0.022875500842928886,0.0145106241106987,0.004886894952505827,0.008909862488508224,0.008378681726753712,0.05665193125605583,0.008531277067959309,0.008735333569347858,0.3047228455543518,0.0947505459189415,0.009052522480487823,0.19564683735370636,0.0020914378110319376,0.039965081959962845,0.004945581313222647,0.0016566647682338953,0.15218468010425568,0.24959035217761993,0.0531671941280365,0.05449008196592331,0.005841527599841356,0.11006665229797363,0.054595157504081726,0.011695952154695988,0.011976170353591442,0.01988881826400757,0.0631822794675827,0.17922250926494598,0.012558544985949993,0.009038785472512245,0.015190905891358852,0.06799516081809998,0.008931086398661137,0.010814005509018898,0.06405839323997498,,,,,,,,,,,,,,,
unknown,れ,56,57,81.705,81.825005,0.97802734,,0.0788007378578186,0.08059413731098175,0.1426318734884262,0.15436945855617523,0.005780491512268782,0.05258917063474655,0.006328485906124115,0.06265655159950256,0.02284540794789791,0.050852321088314056,0.0547264888882637,0.027753444388508797,0.06310451775789261,0.06536633521318436,0.026867525652050972,0.11494151502847672,0.040418341755867004,0.02955610863864422,0.04392429441213608,0.020135018974542618,0.007235500030219555,0.013054924085736275,0.007931872271001339,0.05760250240564346,0.009253893978893757,0.0075331334955990314,0.26980042457580566,0.07374658435583115,0.009159203618764877,0.2025337517261505,0.002107231644913554,0.02846067026257515,0.005425811279565096,0.0019988033454865217,0.12005016207695007,0.23328998684883118,0.0401928648352623,0.043422192335128784,0.00951254554092884,0.08241790533065796,0.052444882690906525,0.009388547390699387,0.009522880427539349,0.028693759813904762,0.07761547714471817,0.14813876152038574,0.011332579888403416,0.010484742000699043,0.022481905296444893,0.0610891617834568,0.006347550079226494,0.016743253916502,0.05385829135775566,,,,,,,,,,,,,,,
unknown,る,58,59,81.825005,82.325005,0.97998047,,0.06302293390035629,0.0690765380859375,0.10722220689058304,0.1543174386024475,0.008629334159195423,0.07439923286437988,0.006860839668661356,0.0477837435901165,0.02460625395178795,0.06210145726799965,0.041665345430374146,0.024323828518390656,0.06207876279950142,0.05263155326247215,0.034386541694402695,0.09603998064994812,0.040184956043958664,0.030039837583899498,0.04870041459798813,0.02562989667057991,0.008878096006810665,0.014146740548312664,0.008088900707662106,0.0483047291636467,0.009186599403619766,0.006467731203883886,0.2788737714290619,0.05611078068614006,0.009827068075537682,0.22211964428424835,0.002116577932611108,0.02652542106807232,0.005678166635334492,0.001955667743459344,0.10821828246116638,0.2140769064426422,0.033763617277145386,0.03147532045841217,0.008730828762054443,0.07832030951976776,0.04603531211614609,0.007487352937459946,0.006891099736094475,0.02679617330431938,0.09704066812992096,0.12535466253757477,0.008671239949762821,0.01062787789851427,0.022876039147377014,0.05073106288909912,0.005517293699085712,0.01737377978861332,0.04906623065471649,,,,,,,,,,,,,,,
unknown,虐,60,61,87.87702,88.0769,0.93896484,,0.08699368685483932,0.08487838506698608,0.12959222495555878,0.1654583215713501,0.006411932408809662,0.05354980379343033,0.005372948478907347,0.07378769665956497,0.021584825590252876,0.05029509961605072,0.05428626388311386,0.033639535307884216,0.059037819504737854,0.07162488996982574,0.0327218733727932,0.10543788969516754,0.04389502480626106,0.029415851458907127,0.035514745861291885,0.02478267066180706,0.00898107048124075,0.010394659824669361,0.007825889624655247,0.0569755993783474,0.008331445045769215,0.007352474611252546,0.2864721715450287,0.08369811624288559,0.009041489101946354,0.21748638153076172,0.002146666869521141,0.033130399882793427,0.004597588442265987,0.002424479927867651,0.15320008993148804,0.21069787442684174,0.037494461983442307,0.043928440660238266,0.006612284108996391,0.06374509632587433,0.06456214934587479,0.010200719349086285,0.0102179991081357,0.016823086887598038,0.09458499401807785,0.15382938086986542,0.01424379087984562,0.008858352899551392,0.024923404678702354,0.08234439045190811,0.0065483697690069675,0.011283389292657375,0.05131084471940994,,,,,,,,,,,,,,,
unknown,待,62,63,88.0769,88.5769,0.8432617,,0.0699605643749237,0.04992217943072319,0.11607743054628372,0.17861953377723694,0.008610159158706665,0.06567788869142532,0.006061838008463383,0.045241836458444595,0.026418287307024002,0.05203749239444733,0.046022407710552216,0.025053182616829872,0.03958612680435181,0.04330858588218689,0.03775620833039284,0.10432478785514832,0.03019091486930847,0.02631280943751335,0.04123624786734581,0.026202844455838203,0.01091028656810522,0.011881094425916672,0.006208356004208326,0.042071420699357986,0.011565005406737328,0.008388355374336243,0.30901116132736206,0.04248154163360596,0.010134696960449219,0.2186514437198639,0.0021384411957114935,0.03407527133822441,0.004894037265330553,0.0025357548147439957,0.1260380744934082,0.2045350968837738,0.019424445927143097,0.029615912586450577,0.008910019882023335,0.07371584326028824,0.04706805199384689,0.012115167453885078,0.004406409803777933,0.016916655004024506,0.12416324764490128,0.1634196639060974,0.007332300301641226,0.010325857438147068,0.02364496886730194,0.07070281356573105,0.007841931656002998,0.012628758326172829,0.05907692387700081,,,,,,,,,,,,,,,
unknown,お,64,65,91.67459,91.79452,0.9692383,,0.07565740495920181,0.05851835384964943,0.1298668384552002,0.19451206922531128,0.007976347580552101,0.0498284250497818,0.0048828269354999065,0.050308313220739365,0.02421053685247898,0.04083007574081421,0.037834592163562775,0.017921045422554016,0.037155698984861374,0.03699405863881111,0.03773205727338791,0.10050681978464127,0.029968395829200745,0.020808598026633263,0.028796369209885597,0.021780725568532944,0.009699021466076374,0.009534484706819057,0.005156535189598799,0.05320654436945915,0.00963246263563633,0.006309709511697292,0.32513782382011414,0.04635104909539223,0.010192155838012695,0.24081860482692719,0.001874825218692422,0.03562771901488304,0.0035804128274321556,0.0023659614380449057,0.11245063692331314,0.2508581280708313,0.02111162059009075,0.02933509647846222,0.0071866135112941265,0.07710062712430954,0.03686585649847984,0.00935518927872181,0.004676931072026491,0.014014657586812973,0.1377224177122116,0.15296430885791779,0.0070999860763549805,0.008414003066718578,0.01792658306658268,0.06499840319156647,0.005768494680523872,0.009567107073962688,0.05998818948864937,,,,,,,,,,,,,,,
unknown,金,66,67,91.79452,92.29452,0.9614258,,0.052178073674440384,0.0405535064637661,0.08643995970487595,0.157863587141037,0.01194021012634039,0.08969924598932266,0.006652303971350193,0.03878716379404068,0.025972886011004448,0.08747223019599915,0.040567345917224884,0.021660953760147095,0.04093822091817856,0.0370175875723362,0.04310460388660431,0.09365659952163696,0.04079823940992355,0.024304326623678207,0.04676875099539757,0.027720877900719643,0.013183319009840488,0.01546974666416645,0.005664503667503595,0.03973010182380676,0.010716377757489681,0.007266151253134012,0.2675270736217499,0.037842512130737305,0.011353665962815285,0.20067349076271057,0.001981425331905484,0.03302403911948204,0.0051277875900268555,0.0024324755650013685,0.09122102707624435,0.1740889698266983,0.015064183622598648,0.03211137652397156,0.011331461369991302,0.06585153192281723,0.039227213710546494,0.011409033089876175,0.0032836333848536015,0.022420454770326614,0.13997796177864075,0.13437077403068542,0.006093608681112528,0.010807570070028305,0.022001834586262703,0.05409644544124603,0.006160305347293615,0.026030542328953743,0.055414360016584396,,,,,,,,,,,,,,,
unknown,広,68,69,99.36385,99.56339,0.8227539,,0.05925336852669716,0.04195447266101837,0.09000375866889954,0.2092534750699997,0.015286664478480816,0.10750073194503784,0.005060276016592979,0.041441913694143295,0.029079265892505646,0.06832412630319595,0.024361521005630493,0.014861280098557472,0.03821424022316933,0.027535252273082733,0.05631319433450699,0.06269529461860657,0.034050989896059036,0.017221223562955856,0.04595072939991951,0.04241153970360756,0.0204175915569067,0.012233826331794262,0.00551941804587841,0.03461256995797157,0.01280942838639021,0.005246354732662439,0.26250624656677246,0.034930597990751266,0.014326372183859348,0.20508281886577606,0.0017602613661438227,0.02676948346197605,0.0038156320806592703,0.002988372463732958,0.09097148478031158,0.15934091806411743,0.012078849598765373,0.024891208857297897,0.007088724058121443,0.056736789643764496,0.03612950071692467,0.007612086832523346,0.0029592355713248253,0.014853807166218758,0.21894453465938568,0.10834401100873947,0.006975807715207338,0.010465790517628193,0.027441971004009247,0.06714201718568802,0.0046563963405787945,0.012974805198609829,0.04452894628047943,,,,,,,,,,,,,,,
unknown,い,70,71,99.56339,100.06339,0.99609375,,0.09421591460704803,0.06365104019641876,0.16653549671173096,0.15938082337379456,0.010927580296993256,0.07455826550722122,0.003273007459938526,0.06690087169408798,0.01301106158643961,0.042916592210531235,0.0235393438488245,0.021174246445298195,0.019984586164355278,0.02271988056600094,0.040184322744607925,0.0694018304347992,0.05100330710411072,0.022076090797781944,0.027252981439232826,0.03006177954375744,0.015904011204838753,0.007921485230326653,0.0025654896162450314,0.04517233371734619,0.006799674592912197,0.0033738743513822556,0.3658353388309479,0.0490814708173275,0.012058151885867119,0.2824198305606842,0.0012901074951514602,0.03424078971147537,0.002164119388908148,0.00279541639611125,0.14155274629592896,0.16374653577804565,0.01271424163132906,0.029682213440537453,0.003579758107662201,0.058828018605709076,0.03201942518353462,0.008119456470012665,0.00271473522298038,0.007280092686414719,0.09512265771627426,0.15272298455238342,0.008702513761818409,0.0054130274802446365,0.022632000967860222,0.09572018682956696,0.003152409102767706,0.006500431336462498,0.05365610495209694,,,,,,,,,,,,,,,
unknown,緑,72,73,103.71385,104.21385,0.99902344,,0.12988775968551636,0.11494947224855423,0.44731584191322327,0.10429418087005615,0.0016641037072986364,0.010108987800776958,0.002143674762919545,0.12666867673397064,0.00909289438277483,0.02351309359073639,0.11276071518659592,0.03359973803162575,0.02025318518280983,0.03716694191098213,0.014551891945302486,0.17921681702136993,0.033380959182977676,0.012021016329526901,0.005480778869241476,0.005694938357919455,0.004053400829434395,0.004407666623592377,0.001113634672947228,0.09123851358890533,0.0030413710046559572,0.0038851783610880375,0.2701031267642975,0.14768724143505096,0.0035823939833790064,0.16332653164863586,0.0012362876441329718,0.0471738763153553,0.000954357732553035,0.0025780696887522936,0.1827373504638672,0.23851051926612854,0.0360071063041687,0.06124185025691986,0.003713662503287196,0.04929640516638756,0.021479269489645958,0.009740547277033329,0.010350811295211315,0.004992099013179541,0.020634761080145836,0.22703032195568085,0.0171385258436203,0.0023881662636995316,0.007791560143232346,0.06676508486270905,0.003286912338808179,0.00646062521263957,0.04353361949324608,,,,,,,,,,,,,,,
unknown,恋,74,75,110.099174,110.29871,0.9794922,,0.10517065972089767,0.11133105307817459,0.27999258041381836,0.11882094293832779,0.0042164321057498455,0.023779714480042458,0.0038134860806167126,0.09154925495386124,0.012558946385979652,0.02277224324643612,0.06524758040904999,0.03532704710960388,0.03700679540634155,0.05242574214935303,0.019457001239061356,0.11516355723142624,0.07153996080160141,0.021967262029647827,0.011878793127834797,0.010659805499017239,0.00671900250017643,0.008377919904887676,0.0028636627830564976,0.07672296464443207,0.004599170759320259,0.005210678093135357,0.27164342999458313,0.12216261774301529,0.005674195475876331,0.18012984097003937,0.0021457637194544077,0.03865336999297142,0.0017204487230628729,0.003478632541373372,0.18007735908031464,0.21006162464618683,0.054567765444517136,0.07858671993017197,0.007308243773877621,0.051276665180921555,0.033882103860378265,0.008680470287799835,0.01816241815686226,0.008589684963226318,0.04253746196627617,0.17569775879383087,0.027099454775452614,0.003787206020206213,0.014255785383284092,0.08166331797838211,0.0039796424098312855,0.006747343111783266,0.04375358298420906,,,,,,,,,,,,,,,
unknown,人,76,77,110.29871,110.79871,0.99853516,,0.09036844223737717,0.058647338300943375,0.15271610021591187,0.14178523421287537,0.01725001260638237,0.085487961769104,0.004868931137025356,0.052901484072208405,0.013052945025265217,0.03869396820664406,0.034296683967113495,0.024518577381968498,0.024277767166495323,0.023767704144120216,0.04283982887864113,0.09490030258893967,0.06188288703560829,0.033235203474760056,0.027119575068354607,0.026711544021964073,0.016853878274559975,0.012637239880859852,0.0030332847964018583,0.05104495957493782,0.005331089254468679,0.004179107490926981,0.3424399793148041,0.044261835515499115,0.010813220404088497,0.23541605472564697,0.0021953918039798737,0.0391867533326149,0.0016619961243122816,0.003370499238371849,0.1291740983724594,0.1840825378894806,0.017271023243665695,0.019710751250386238,0.007914962247014046,0.06603220105171204,0.02666665054857731,0.011293761432170868,0.0037088992539793253,0.00848492980003357,0.08830738812685013,0.18981048464775085,0.010570612736046314,0.004596611484885216,0.02062513306736946,0.0787728875875473,0.0035372015554457903,0.009222461842000484,0.06574344635009766,,,,,,,,,,,,,,,
unknown,気,78,79,115.50222,115.621956,0.46801758,,0.10800758004188538,0.08441730588674545,0.2054077833890915,0.12710078060626984,0.005674327723681927,0.03268255293369293,0.004972437396645546,0.08388945460319519,0.010904323309659958,0.0269134733825922,0.06268122792243958,0.040696460753679276,0.02053772285580635,0.03649989888072014,0.025708984583616257,0.13278378546237946,0.047733500599861145,0.032400816679000854,0.013213396072387695,0.013634647242724895,0.008182640187442303,0.008149766363203526,0.002657367615029216,0.06306130439043045,0.004538501147180796,0.004725082777440548,0.36014896631240845,0.07325849682092667,0.005895966198295355,0.283074289560318,0.002784617943689227,0.0533052422106266,0.0015800887485966086,0.0036913773510605097,0.19373056292533875,0.21056288480758667,0.030933694913983345,0.04393460229039192,0.004854287952184677,0.07352788746356964,0.03313298895955086,0.018192533403635025,0.0070254080928862095,0.006359172519296408,0.05415894091129303,0.23520807921886444,0.013453075662255287,0.0035575013607740402,0.017420588061213493,0.11360212415456772,0.004515594802796841,0.005678778048604727,0.07479391247034073,,,,,,,,,,,,,,,
unknown,し,80,81,115.621956,116.121956,0.43969727,,0.12384648621082306,0.09232167899608612,0.2472761869430542,0.12952761352062225,0.00435792887583375,0.025736652314662933,0.0038638811092823744,0.09371835738420486,0.010429676622152328,0.029495660215616226,0.06236007809638977,0.04275013133883476,0.024382615461945534,0.04063291475176811,0.024755122140049934,0.11543529480695724,0.04253154620528221,0.028940394520759583,0.011228279210627079,0.012874424457550049,0.006707422900944948,0.005953432526439428,0.0028302501887083054,0.056322310119867325,0.0036274301819503307,0.003539098659530282,0.3610714077949524,0.08605187386274338,0.006164281163364649,0.2826783359050751,0.0023791445419192314,0.04301958531141281,0.0010983777465298772,0.003152793738991022,0.22371289134025574,0.209927037358284,0.027975790202617645,0.047757018357515335,0.003141043009236455,0.06458210945129395,0.03061797097325325,0.011135333217680454,0.006922957021743059,0.005288345273584127,0.04940608888864517,0.19601692259311676,0.011729218065738678,0.0028939926996827126,0.014754516072571278,0.102708600461483,0.003486595582216978,0.0037978303153067827,0.061867985874414444,,,,,,,,,,,,,,,
unknown,他,82,83,121.80848,122.30848,0.7426758,,0.10187222063541412,0.06699446588754654,0.1877523958683014,0.15002921223640442,0.00978010706603527,0.057477787137031555,0.004762863740324974,0.07237512618303299,0.014220161363482475,0.033656805753707886,0.04723828658461571,0.04123447835445404,0.022776741534471512,0.030759533867239952,0.036744944751262665,0.09380826354026794,0.028971344232559204,0.0366634838283062,0.019046269357204437,0.024149537086486816,0.012791217304766178,0.008379274979233742,0.003264546860009432,0.043786972761154175,0.006095804739743471,0.004159146919846535,0.3567703366279602,0.05806000903248787,0.007680695038288832,0.28116723895072937,0.002690432360395789,0.03812020272016525,0.0015636535827070475,0.0040147011168301105,0.18593162298202515,0.1804821491241455,0.01945890299975872,0.024046335369348526,0.00402222340926528,0.07867550104856491,0.03788122162222862,0.012709960341453552,0.004786525387316942,0.005722592119127512,0.07896710932254791,0.19209742546081543,0.010162273421883583,0.004441064782440662,0.024753931909799576,0.11913974583148956,0.004177656956017017,0.004221347160637379,0.07274611294269562,,,,,,,,,,,,,,,
unknown,顔,84,85,128.61499,129.11499,0.9902344,,0.11786887794733047,0.11680203676223755,0.19710126519203186,0.1827515959739685,0.007937805727124214,0.04595940560102463,0.00298609072342515,0.07181134819984436,0.014700869098305702,0.02879265882074833,0.043376561254262924,0.03057686984539032,0.03507072478532791,0.029526878148317337,0.033028215169906616,0.08099169284105301,0.045889705419540405,0.02695947326719761,0.014376121573150158,0.020686142146587372,0.008701542392373085,0.0053151873871684074,0.003365332493558526,0.062316033989191055,0.004424545913934708,0.0024709843564778566,0.34805840253829956,0.08491812646389008,0.0076150610111653805,0.2848885655403137,0.0016702048014849424,0.02981390804052353,0.0010364175541326404,0.0024015475064516068,0.19829441606998444,0.23332186043262482,0.04693809151649475,0.02831222489476204,0.002348064910620451,0.04396750405430794,0.03258679434657097,0.006564703304320574,0.017258118838071823,0.003409269032999873,0.0669601634144783,0.15739013254642487,0.030580740422010422,0.0030342263635247946,0.017786024138331413,0.10487327724695206,0.0025553705636411905,0.0034932356793433428,0.04480404034256935,,,,,,,,,,,,,,,
unknown,す,86,87,134.935,135.095,0.97753906,,0.12829668819904327,0.10349032282829285,0.26625269651412964,0.1714344173669815,0.00638122484087944,0.0459202416241169,0.0034736066590994596,0.07986684143543243,0.014832698740065098,0.029279086738824844,0.05202063173055649,0.03661936894059181,0.038390934467315674,0.03711516037583351,0.032088086009025574,0.07726474851369858,0.031168121844530106,0.022377975285053253,0.014324609190225601,0.023664440959692,0.00954392272979021,0.005852283909916878,0.003615095280110836,0.041922762989997864,0.004999557975679636,0.002512183738872409,0.30223318934440613,0.08614542335271835,0.0065792943350970745,0.22014307975769043,0.0020682450849562883,0.029060471802949905,0.0010689811315387487,0.002931733150035143,0.19692201912403107,0.19227154552936554,0.030474696308374405,0.03155848756432533,0.0022114196326583624,0.04234067723155022,0.03664379566907883,0.006192315369844437,0.009044327773153782,0.003555998904630542,0.06469547748565674,0.14463940262794495,0.014957405626773834,0.0033646784722805023,0.016796566545963287,0.0926721841096878,0.002588478149846196,0.0035338590387254953,0.03765888139605522,,,,,,,,,,,,,,,
unknown,ぐ,88,89,135.095,135.175,0.99853516,,0.047545015811920166,0.04865582659840584,0.15624624490737915,0.197175994515419,0.01519529614597559,0.1321105659008026,0.006654675584286451,0.03516997769474983,0.03058469109237194,0.057269200682640076,0.03667746111750603,0.03312605991959572,0.037084970623254776,0.03488439694046974,0.04469745233654976,0.05437527969479561,0.030300144106149673,0.037606511265039444,0.039702583104372025,0.04301747307181358,0.016083640977740288,0.013301653787493706,0.004957820754498243,0.028610115870833397,0.013335500843822956,0.00425482913851738,0.29660704731941223,0.049950357526540756,0.009470139630138874,0.21632854640483856,0.002462253673002124,0.014865823090076447,0.0032078681979328394,0.0031882445327937603,0.1258895993232727,0.14244651794433594,0.018384432420134544,0.02986578457057476,0.005329563748091459,0.050161708146333694,0.04323221743106842,0.005253918468952179,0.0076679266057908535,0.010183282196521759,0.10430733859539032,0.09571168571710587,0.013841523788869381,0.008380805142223835,0.024096103385090828,0.05533277243375778,0.0035307337529957294,0.009156407788395882,0.03541221469640732,,,,,,,,,,,,,,,
unknown,に,90,91,135.175,135.295,0.9921875,,0.03708933666348457,0.035025425255298615,0.12820670008659363,0.1885041743516922,0.016233498230576515,0.13787060976028442,0.011280212551355362,0.026583394035696983,0.0438162125647068,0.06719181686639786,0.05599237605929375,0.039678558707237244,0.03157607093453407,0.037462953478097916,0.04666202515363693,0.08787618577480316,0.01966153085231781,0.04703928157687187,0.05516296252608299,0.04386736825108528,0.017670389264822006,0.019485190510749817,0.005375022534281015,0.02696540579199791,0.024693740531802177,0.007068747188895941,0.2886078655719757,0.03721993416547775,0.006805323529988527,0.21568842232227325,0.0037978996988385916,0.022461993619799614,0.007035000249743462,0.004269313532859087,0.10627630352973938,0.15420684218406677,0.015755435451865196,0.03680288791656494,0.00887648668140173,0.07662365585565567,0.0550537072122097,0.013864903710782528,0.005559180397540331,0.01821545884013176,0.0910487249493599,0.14450719952583313,0.008922009728848934,0.015149482525885105,0.029343469068408012,0.056867364794015884,0.005905753467231989,0.013286343775689602,0.05926111713051796,,,,,,,,,,,,,,,
unknown,去,92,93,135.295,135.415,0.76416016,,0.06150398030877113,0.06472685188055038,0.1994597464799881,0.17095617949962616,0.008202596567571163,0.06566793471574783,0.009212365373969078,0.038939088582992554,0.03824100270867348,0.04547906294465065,0.06676468998193741,0.034190062433481216,0.025857500731945038,0.043423186987638474,0.03700363636016846,0.11887450516223907,0.025898121297359467,0.03937580808997154,0.032003384083509445,0.02678580768406391,0.01181709859520197,0.013116894289851189,0.004670504480600357,0.0399918295443058,0.020272372290492058,0.00892932340502739,0.31376224756240845,0.0541987344622612,0.008814424276351929,0.2274160087108612,0.002923737745732069,0.031111178919672966,0.006074260454624891,0.0032531418837606907,0.12040828168392181,0.20604032278060913,0.031734779477119446,0.059774260967969894,0.007832568138837814,0.10306275635957718,0.04643027484416962,0.016625700518488884,0.011461826972663403,0.01780145801603794,0.06823374330997467,0.18052247166633606,0.01610085926949978,0.013526029884815216,0.01820513606071472,0.059839311987161636,0.008085052482783794,0.011346487328410149,0.0677860677242279,,,,,,,,,,,,,,,
unknown,る,94,95,135.415,135.915,0.9350586,,0.06611015647649765,0.057076774537563324,0.21857023239135742,0.17338047921657562,0.010714715346693993,0.08495935797691345,0.01017780788242817,0.0420418307185173,0.04032620042562485,0.05249824747443199,0.06841946393251419,0.0359930694103241,0.035540346056222916,0.04894258454442024,0.04334874451160431,0.11771412193775177,0.023668544366955757,0.036448780447244644,0.04448821395635605,0.036640483886003494,0.014955127611756325,0.01603785529732704,0.005911199375987053,0.03418869152665138,0.02153182215988636,0.008471623994410038,0.2886444926261902,0.056025419384241104,0.009495915845036507,0.19449719786643982,0.0036073517985641956,0.03104785643517971,0.0057836491614580154,0.004168087150901556,0.12611882388591766,0.17612557113170624,0.02388628013432026,0.054385874420404434,0.009034034796059132,0.09493570029735565,0.04764879494905472,0.015951339155435562,0.008543313480913639,0.021086888387799263,0.08329430222511292,0.1761825680732727,0.012699375860393047,0.01447534840553999,0.02434076927602291,0.06292402744293213,0.0073569039814174175,0.012648497708141804,0.06435225903987885,,,,,,,,,,,,,,,
unknown,幸,96,97,140.0266,140.30618,0.9926758,,0.025589993223547935,0.022416066378355026,0.08447706699371338,0.21815116703510284,0.021291375160217285,0.14920969307422638,0.01172852236777544,0.018267089501023293,0.05282948538661003,0.06490430980920792,0.05505075678229332,0.02918652817606926,0.05108924210071564,0.04787610471248627,0.06853937357664108,0.0994381383061409,0.03327424079179764,0.03667011484503746,0.05875784531235695,0.053308188915252686,0.02389000914990902,0.01850869320333004,0.007564657833427191,0.03103654459118843,0.025059614330530167,0.00865334551781416,0.23565788567066193,0.031823866069316864,0.009660971350967884,0.1649257242679596,0.0031980439089238644,0.02657354436814785,0.00811785738915205,0.00422880332916975,0.09519558399915695,0.12376849353313446,0.010572905652225018,0.04095807299017906,0.00887738075107336,0.05820225551724434,0.04840995743870735,0.028775442391633987,0.006158517673611641,0.01789848692715168,0.13803498446941376,0.1633840948343277,0.0164209995418787,0.016174960881471634,0.02864215150475502,0.05507635697722435,0.007836438715457916,0.01630692556500435,0.06938909739255905,,,,,,,,,,,,,,,
unknown,せ,98,99,140.30618,140.80618,0.99072266,,0.016913127154111862,0.014449605718255043,0.06343133747577667,0.2112547904253006,0.01883375644683838,0.15769164264202118,0.012756588868796825,0.012170416302978992,0.06178072467446327,0.08213313668966293,0.06180420145392418,0.02526356279850006,0.04679649695754051,0.05261066555976868,0.07569415867328644,0.11704561114311218,0.021768862381577492,0.0308038629591465,0.057234879583120346,0.0494333952665329,0.021658388897776604,0.01928345486521721,0.007913303561508656,0.021438390016555786,0.02857973240315914,0.009810508228838444,0.17778950929641724,0.023181675001978874,0.007613163907080889,0.11021041870117188,0.0028271658811718225,0.03474146127700806,0.009322120808064938,0.0032408626284450293,0.06378937512636185,0.10976000875234604,0.008306118659675121,0.05085316672921181,0.011249559931457043,0.05552460253238678,0.04605908319354057,0.045537497848272324,0.004302258603274822,0.021873220801353455,0.18574145436286926,0.16093802452087402,0.009171368554234505,0.017908388748764992,0.02171042189002037,0.03982854261994362,0.008545785211026669,0.02700152061879635,0.070530004799366,,,,,,,,,,,,,,,
unknown,家,100,101,148.73369,149.23369,0.57128906,,0.02707834541797638,0.020228786394000053,0.0756593719124794,0.23807844519615173,0.010965892113745213,0.11092596501111984,0.013210363686084747,0.015104629099369049,0.07905171066522598,0.07830242067575455,0.08921834081411362,0.0331987701356411,0.059671156108379364,0.054458074271678925,0.05381801351904869,0.1600494235754013,0.021192289888858795,0.031920596957206726,0.04316527023911476,0.03306346759200096,0.013870743103325367,0.015559127554297447,0.008328576572239399,0.022676806896924973,0.035257790237665176,0.011795734986662865,0.20969729125499725,0.024233339354395866,0.006712375674396753,0.1311887949705124,0.002803938230499625,0.05373914912343025,0.009374462068080902,0.0027436965610831976,0.10445362329483032,0.13577759265899658,0.011276818811893463,0.05861794576048851,0.009347306564450264,0.07417497783899307,0.054478853940963745,0.0721832886338234,0.005031119100749493,0.016855478286743164,0.12681972980499268,0.23119880259037018,0.010391030460596085,0.016230085864663124,0.023956594988703728,0.07415469735860825,0.012066618539392948,0.022596396505832672,0.08424045145511627,,,,,,,,,,,,,,,
unknown,仲,102,103,152.66188,152.7018,0.9628906,,0.024416504427790642,0.0255483016371727,0.07221224159002304,0.2919915020465851,0.00741195073351264,0.09036949276924133,0.014519372954964638,0.013858373276889324,0.10792849957942963,0.10377497225999832,0.07267916947603226,0.03204669803380966,0.06876720488071442,0.04757009074091911,0.04020638391375542,0.1308220773935318,0.02375989779829979,0.031654007732868195,0.034769680351018906,0.023560188710689545,0.009116489440202713,0.014226102270185947,0.009369906969368458,0.027959555387496948,0.040187936276197433,0.009213545359671116,0.2489778995513916,0.029048776254057884,0.005989398807287216,0.18093419075012207,0.0028621067758649588,0.03243737667798996,0.008609818294644356,0.0021357343066483736,0.11111601442098618,0.16930663585662842,0.0176609568297863,0.05532778799533844,0.008472028188407421,0.06564696133136749,0.05093530938029289,0.03624792769551277,0.009133796207606792,0.014282714575529099,0.107432059943676,0.17836609482765198,0.015507852658629417,0.014987586066126823,0.020355315878987312,0.06777951866388321,0.008870027028024197,0.023251967504620552,0.06233895942568779,,,,,,,,,,,,,,,
unknown,ん,104,105,152.7018,152.78162,0.5161133,,0.025010429322719574,0.02060735784471035,0.10900124162435532,0.1781853586435318,0.006311396602541208,0.07220502942800522,0.0174107626080513,0.018427660688757896,0.053186994045972824,0.056269239634275436,0.08979896456003189,0.07450879365205765,0.08660080283880234,0.07613031566143036,0.036318644881248474,0.1322178840637207,0.015198497101664543,0.05678127706050873,0.027144644409418106,0.025222793221473694,0.008059976622462273,0.015204609371721745,0.012427065521478653,0.025779137387871742,0.017108585685491562,0.008040115237236023,0.28347525000572205,0.03365545719861984,0.0036542010493576527,0.19338607788085938,0.0048730699345469475,0.02687779814004898,0.005489777773618698,0.003047734731808305,0.1514737457036972,0.144210085272789,0.01124495454132557,0.04066268727183342,0.006356199737638235,0.0834096372127533,0.057658106088638306,0.03306157886981964,0.004096026066690683,0.010520530864596367,0.06426992267370224,0.18434065580368042,0.005762673448771238,0.009629853069782257,0.022024329751729965,0.06477287411689758,0.008042276836931705,0.011708582751452923,0.08315456658601761,,,,,,,,,,,,,,,
unknown,か,106,107,152.78162,152.86143,0.6015625,,0.034122284501791,0.02264704369008541,0.17564770579338074,0.1129973828792572,0.01121144462376833,0.08942192792892456,0.012052234262228012,0.04211825877428055,0.02818477526307106,0.04340211674571037,0.06644654273986816,0.07440374791622162,0.12487753480672836,0.13575363159179688,0.0516267791390419,0.06619289517402649,0.023613549768924713,0.04216674715280533,0.0410865880548954,0.05650017410516739,0.017352182418107986,0.016429593786597252,0.017729273065924644,0.022222967818379402,0.00833828467875719,0.005675614811480045,0.20142368972301483,0.07021337747573853,0.008477778173983097,0.12927472591400146,0.006078497041016817,0.012422116473317146,0.003183987457305193,0.006280200555920601,0.18648414313793182,0.0761202722787857,0.007504425942897797,0.045196738094091415,0.005545306485146284,0.04584509879350662,0.05453728511929512,0.008626065216958523,0.00443131010979414,0.013047691434621811,0.0858026072382927,0.09245322644710541,0.007829425856471062,0.008788042701780796,0.035125646740198135,0.05164777860045433,0.004786109086126089,0.007187747862190008,0.04263375699520111,,,,,,,,,,,,,,,
unknown,良,108,109,152.86143,152.98119,0.8569336,,0.028234008699655533,0.021400729194283485,0.14472953975200653,0.12375373393297195,0.0102140624076128,0.07433747500181198,0.024025775492191315,0.026715531945228577,0.042772531509399414,0.04423825815320015,0.08077306300401688,0.08462391793727875,0.07155149430036545,0.08786934614181519,0.047105573117733,0.10395018011331558,0.022411130368709564,0.06752645969390869,0.026852717623114586,0.03857900947332382,0.015869269147515297,0.023296520113945007,0.012783157639205456,0.025847457349300385,0.01331592071801424,0.008804365061223507,0.2637529671192169,0.04705263301730156,0.00481020100414753,0.17589768767356873,0.011278670281171799,0.02228405512869358,0.004961208440363407,0.00824849121272564,0.1545758992433548,0.09629856795072556,0.009113543666899204,0.03779947757720947,0.008677538484334946,0.07748645544052124,0.051814060658216476,0.02346065454185009,0.0036502480506896973,0.012683777138590813,0.07779423147439957,0.1521545648574829,0.0066563463769853115,0.010500441305339336,0.02586269937455654,0.05172116309404373,0.007628864608705044,0.008414178155362606,0.07429288327693939,,,,,,,,,,,,,,,
unknown,い,110,111,152.98119,153.48119,0.9824219,,0.03584311529994011,0.029010415077209473,0.15463654696941376,0.13352306187152863,0.008774429559707642,0.07246273756027222,0.018216516822576523,0.029350901022553444,0.03400081768631935,0.05287185683846474,0.07036961615085602,0.06253199279308319,0.05139659717679024,0.0924505963921547,0.04429960995912552,0.14845122396945953,0.028110703453421593,0.0760258287191391,0.03865601494908333,0.03001878596842289,0.01071249134838581,0.018495649099349976,0.01098527293652296,0.03368613123893738,0.013636714778840542,0.006689397618174553,0.3439241349697113,0.046777866780757904,0.006685782689601183,0.2501792907714844,0.005542516242712736,0.0338301807641983,0.0055007655173540115,0.0036763090174645185,0.12808498740196228,0.1686752736568451,0.012200566940009594,0.07854097336530685,0.007947118952870369,0.11818292737007141,0.053989727050065994,0.02565922960639,0.003946973942220211,0.024189509451389313,0.062232986092567444,0.19419991970062256,0.005042645614594221,0.01134619489312172,0.01860598661005497,0.05069446563720703,0.005473913159221411,0.01301557570695877,0.10543575137853622,,,,,,,,,,,,,,,
unknown,さ,112,113,157.17197,157.67197,0.7246094,,0.03310601785778999,0.02918575331568718,0.13028639554977417,0.1228853091597557,0.010058785788714886,0.08694735169410706,0.019103633239865303,0.02386372722685337,0.041684869676828384,0.07435954362154007,0.07359694689512253,0.04989807680249214,0.05487106740474701,0.07615537941455841,0.04151607304811478,0.1272241473197937,0.028598692268133163,0.05836298689246178,0.047602660953998566,0.033323951065540314,0.01084254402667284,0.021399473771452904,0.011776646599173546,0.024917107075452805,0.014684039168059826,0.007335270754992962,0.29745280742645264,0.03862503916025162,0.007505458779633045,0.21409010887145996,0.005901218857616186,0.02422013320028782,0.0061181699857115746,0.0035536708310246468,0.1401694118976593,0.14529967308044434,0.014264536090195179,0.05724754184484482,0.009390315040946007,0.0936661809682846,0.046073753386735916,0.017611386254429817,0.004552746191620827,0.029297562316060066,0.06058347225189209,0.15401695668697357,0.005742569919675589,0.012422374449670315,0.023235591128468513,0.046315379440784454,0.006212059408426285,0.013886552304029465,0.06543102115392685,,,,,,,,,,,,,,,
unknown,研,114,115,172.95888,173.19853,0.99902344,,0.029953930526971817,0.02565428428351879,0.10528811067342758,0.12048333883285522,0.01353094819933176,0.11180346459150314,0.01948779821395874,0.022591974586248398,0.04496540501713753,0.08804008364677429,0.05505580082535744,0.04524620994925499,0.06468174606561661,0.05767453834414482,0.03851430118083954,0.09251786023378372,0.03489333391189575,0.05572184920310974,0.056487277150154114,0.03197097405791283,0.01158725656569004,0.02565542794764042,0.010523037984967232,0.024893440306186676,0.016109241172671318,0.005788912530988455,0.29010671377182007,0.03476147726178169,0.008818068541586399,0.22763873636722565,0.005570984445512295,0.016734296455979347,0.00598112354055047,0.0034825794864445925,0.12942719459533691,0.12819969654083252,0.010093520395457745,0.03933112695813179,0.010911521501839161,0.08753863722085953,0.04268867149949074,0.011864958330988884,0.0035348606761544943,0.030532239004969597,0.05892721191048622,0.12577396631240845,0.005738724954426289,0.013127184472978115,0.026942908763885498,0.04516628384590149,0.004525679163634777,0.014734597876667976,0.05722576752305031,,,,,,,,,,,,,,,
unknown,究,116,117,173.19853,173.69853,0.99658203,,0.014661944471299648,0.01079513132572174,0.06477677822113037,0.11015104502439499,0.02451453171670437,0.20455791056156158,0.032809656113386154,0.012767821550369263,0.06475678086280823,0.11409863829612732,0.058176439255476,0.08297713845968246,0.08087760210037231,0.07428024709224701,0.05697910115122795,0.06580459326505661,0.023857828229665756,0.0792670026421547,0.08269117772579193,0.06368240714073181,0.02601277083158493,0.04761309176683426,0.017915161326527596,0.01376708596944809,0.029097622260451317,0.008084348402917385,0.1781192421913147,0.02737349458038807,0.005958218593150377,0.11541781574487686,0.010390832088887691,0.009812045842409134,0.01097436435520649,0.006673686672002077,0.11034241318702698,0.05576373636722565,0.0055368817411363125,0.025483526289463043,0.01994434930384159,0.06279902160167694,0.05572136119008064,0.01072260644286871,0.0025068321265280247,0.029371611773967743,0.06672051548957825,0.09293857216835022,0.005544859450310469,0.023341253399848938,0.03922392427921295,0.030186757445335388,0.005355642177164555,0.028662657365202904,0.044683560729026794,,,,,,,,,,,,,,,
unknown,楽,118,119,176.67374,176.79356,0.9892578,,0.018198858946561813,0.015519705601036549,0.06769298017024994,0.12548327445983887,0.0089949369430542,0.08875484019517899,0.019286546856164932,0.013967671431601048,0.03937271609902382,0.10458459705114365,0.08495205640792847,0.07688455283641815,0.06262541562318802,0.06674420088529587,0.03154338151216507,0.1384308636188507,0.039628028869628906,0.08295124769210815,0.04194154590368271,0.020366908982396126,0.0076597509905695915,0.020680204033851624,0.009932720102369785,0.02934775874018669,0.012994249351322651,0.005297345574945211,0.3040121793746948,0.029501769691705704,0.004634398967027664,0.2341734617948532,0.004704110324382782,0.016108551993966103,0.0068888007663190365,0.002381633734330535,0.1536550372838974,0.13046565651893616,0.008514461107552052,0.03424559533596039,0.009371276013553143,0.08300123363733292,0.04340186342597008,0.020010191947221756,0.0029939960222691298,0.018312396481633186,0.032197266817092896,0.188364177942276,0.00617206422612071,0.010449865832924843,0.020110098645091057,0.042124681174755096,0.004187474492937326,0.01991218514740467,0.07514386624097824,,,,,,,,,,,,,,,
unknown,し,120,121,176.79356,176.9134,0.97753906,,0.023724116384983063,0.021651551127433777,0.08031565696001053,0.13874104619026184,0.006653520744293928,0.06648798286914825,0.013524092733860016,0.016001679003238678,0.03050227090716362,0.0902988612651825,0.08219829946756363,0.06260339170694351,0.05332004651427269,0.06881272792816162,0.029152177274227142,0.1527479737997055,0.04597257450222969,0.06945327669382095,0.03317048028111458,0.015589232556521893,0.005760491359978914,0.014064495451748371,0.007935170084238052,0.03064967319369316,0.009217522107064724,0.004769185092300177,0.3564525544643402,0.030433818697929382,0.004946303088217974,0.2697850465774536,0.003100021742284298,0.021511271595954895,0.005112041253596544,0.001669310498982668,0.18383440375328064,0.1795043647289276,0.011976383626461029,0.04845026880502701,0.0068899798206985,0.0815880298614502,0.03901929780840874,0.01670893467962742,0.0033734699245542288,0.016088878735899925,0.030217301100492477,0.1989871859550476,0.005218015518039465,0.0073951841332018375,0.014773226343095303,0.04407219588756561,0.003960443194955587,0.014333967119455338,0.06773131340742111,,,,,,,,,,,,,,,
unknown,い,122,123,176.9134,177.4134,0.92578125,,0.062042925506830215,0.09765807539224625,0.08141982555389404,0.17447946965694427,0.00392147246748209,0.02835335023701191,0.01203038077801466,0.03821459040045738,0.023737004026770592,0.023271283134818077,0.040660761296749115,0.04086543247103691,0.045797329396009445,0.09666227549314499,0.022288314998149872,0.1029585674405098,0.06772418320178986,0.09183642268180847,0.021830111742019653,0.010305531322956085,0.002710683736950159,0.009810339659452438,0.010729101486504078,0.08164647966623306,0.00640100659802556,0.009872648864984512,0.5169885158538818,0.07388400286436081,0.00817741546779871,0.47169190645217896,0.003233059076592326,0.036952629685401917,0.0039873686619102955,0.001325152930803597,0.21427026391029358,0.33862540125846863,0.11839158833026886,0.09646687656641006,0.005888974294066429,0.05912026762962341,0.05437169224023819,0.01580803655087948,0.06195478141307831,0.016490569338202477,0.04421600326895714,0.1490819901227951,0.03960590064525604,0.005391356069594622,0.013121956028044224,0.07552726566791534,0.008729307912290096,0.007972720079123974,0.063998743891716,,,,,,,,,,,,,,,
unknown,食,124,125,183.685,183.805,0.8178711,,0.04321102052927017,0.05087970569729805,0.08946774899959564,0.15444891154766083,0.002234881278127432,0.021373063325881958,0.009977567940950394,0.029890192672610283,0.023922108113765717,0.0660943016409874,0.08438989520072937,0.06381253898143768,0.04125029221177101,0.07807564735412598,0.021049952134490013,0.20573022961616516,0.08169915527105331,0.08651915192604065,0.014503231272101402,0.006319557782262564,0.002294927602633834,0.00722561264410615,0.0073382132686674595,0.05935319885611534,0.006867688149213791,0.0042741973884403706,0.46604833006858826,0.053439605981111526,0.0056596789509058,0.3786458373069763,0.0024274145253002644,0.04518236592411995,0.005102574359625578,0.0009959727758541703,0.1906898468732834,0.3068746328353882,0.03224174305796623,0.09186127036809921,0.003685643896460533,0.09756013005971909,0.04304100573062897,0.018179435282945633,0.006902060937136412,0.011509822681546211,0.025311511009931564,0.23352831602096558,0.006211691536009312,0.005920815747231245,0.0072097210213541985,0.05419112741947174,0.004424658138304949,0.011525217443704605,0.09258341789245605,,,,,,,,,,,,,,,
unknown,べ,126,127,183.805,183.92499,0.9111328,,0.04862679913640022,0.053581081330776215,0.11444159597158432,0.13758349418640137,0.0046455166302621365,0.042581330984830856,0.028921615332365036,0.033092666417360306,0.049723122268915176,0.06362947076559067,0.06380409747362137,0.0462033636868,0.07465820759534836,0.11877410858869553,0.02579868584871292,0.10233820229768753,0.0988420695066452,0.06709275394678116,0.044039346277713776,0.014958031475543976,0.004624112509191036,0.02076726406812668,0.021205617114901543,0.04169641062617302,0.015375524759292603,0.009946216829121113,0.34408923983573914,0.06372179090976715,0.01847655139863491,0.27585887908935547,0.007310834713280201,0.022303419187664986,0.010048501193523407,0.0021792103070765734,0.16516932845115662,0.2097635120153427,0.028227942064404488,0.06813126057386398,0.010291209444403648,0.062290437519550323,0.05223419889807701,0.011470003053545952,0.013554960489273071,0.040942028164863586,0.04348323121666908,0.11329437047243118,0.012633423320949078,0.01557966973632574,0.014580847695469856,0.03943398967385292,0.009379120543599129,0.012548748403787613,0.04219597205519676,,,,,,,,,,,,,,,
unknown,た,128,129,183.92499,184.045,0.9980469,,0.047855887562036514,0.05241335928440094,0.09716606140136719,0.1793530285358429,0.001781549770385027,0.01949559710919857,0.005841221194714308,0.025068072602152824,0.027972277253866196,0.045970842242240906,0.09164390712976456,0.04633525013923645,0.04662759602069855,0.06823180615901947,0.026541506871581078,0.23238159716129303,0.0337340384721756,0.05877102166414261,0.010521703399717808,0.008464681915938854,0.002400849713012576,0.0035969126038253307,0.008284030482172966,0.05540986359119415,0.006276070140302181,0.0031790505163371563,0.458667516708374,0.04587757587432861,0.005105949006974697,0.34296414256095886,0.0013393411645665765,0.03015757165849209,0.0031259239185601473,0.0006126193329691887,0.17418280243873596,0.3141762316226959,0.03357933461666107,0.05298806354403496,0.0017885143170133233,0.1305672824382782,0.037049319595098495,0.016027910634875298,0.007698890753090382,0.005198762286454439,0.029727347195148468,0.2653190493583679,0.008556612767279148,0.004884048830717802,0.006410946603864431,0.05276621878147125,0.004094530362635851,0.008876623585820198,0.10072308033704758,,,,,,,,,,,,,,,
unknown,い,130,131,184.045,184.545,0.9980469,,0.031413380056619644,0.02942516654729843,0.05795019119977951,0.16786877810955048,0.0029824040830135345,0.036965224891901016,0.012688239105045795,0.018550965934991837,0.04115350544452667,0.07092069089412689,0.0868893638253212,0.055352918803691864,0.09063812345266342,0.10404700040817261,0.027950147166848183,0.15272633731365204,0.04044285789132118,0.06373083591461182,0.02566726878285408,0.013213854283094406,0.00350157730281353,0.008623010478913784,0.019823376089334488,0.03141811490058899,0.010438375174999237,0.004363727755844593,0.35510924458503723,0.036075346171855927,0.006041285581886768,0.25448131561279297,0.0027662150096148252,0.02201414294540882,0.006243960000574589,0.0009472222882322967,0.1659020036458969,0.19301515817642212,0.019190605729818344,0.061198316514492035,0.003616083413362503,0.08958961814641953,0.04614722728729248,0.014005787670612335,0.005392540246248245,0.012944874353706837,0.05065377429127693,0.16843624413013458,0.006447674706578255,0.009114566259086132,0.011678669601678848,0.04341588541865349,0.004933624062687159,0.018845155835151672,0.06864426285028458,,,,,,,,,,,,,,,
unknown,わ,132,133,191.885,192.00499,0.77978516,,0.05397305265069008,0.05802932754158974,0.08974260836839676,0.14085616171360016,0.001421225257217884,0.022166991606354713,0.007202303968369961,0.0343223474919796,0.0347050204873085,0.0676487609744072,0.1262436956167221,0.05388293042778969,0.06330213695764542,0.15872344374656677,0.023284872993826866,0.16669607162475586,0.041394129395484924,0.04712792858481407,0.021934201940894127,0.011870094574987888,0.0024943172466009855,0.004429672844707966,0.019354384392499924,0.04216569662094116,0.007519681937992573,0.006402516737580299,0.35949596762657166,0.07167797535657883,0.010327964089810848,0.24791625142097473,0.0014200994046404958,0.015809331089258194,0.004814633168280125,0.0005294091533869505,0.2548099160194397,0.21942806243896484,0.04312215745449066,0.08668237924575806,0.0023405589163303375,0.06115005537867546,0.05817914009094238,0.01120462454855442,0.02470541186630726,0.01039922796189785,0.02323261834681034,0.16564017534255981,0.0268466304987669,0.007749166805297136,0.00978209637105465,0.05306295305490494,0.007488970644772053,0.01948101818561554,0.04354052618145943,,,,,,,,,,,,,,,
unknown,か,134,135,192.00499,192.08499,0.9946289,,0.06414204835891724,0.07432560622692108,0.11391408741474152,0.16866104304790497,0.0019283202709630132,0.01653759740293026,0.0063723111525177956,0.04226485639810562,0.0392063669860363,0.046241600066423416,0.09106522053480148,0.05830181762576103,0.06272765249013901,0.1526878923177719,0.030467793345451355,0.09791599959135056,0.03984184190630913,0.04888521879911423,0.010086375288665295,0.013306538574397564,0.004095750395208597,0.003908155485987663,0.020709846168756485,0.04602767154574394,0.008166945539414883,0.005547669716179371,0.3299145996570587,0.10925137251615524,0.012692945078015327,0.22304300963878632,0.0021926239132881165,0.010915238410234451,0.003591739572584629,0.0010843719355762005,0.2716456651687622,0.18983779847621918,0.05653797462582588,0.07563932240009308,0.0019679006654769182,0.07328198850154877,0.0356784351170063,0.0038339148741215467,0.043563131242990494,0.006121946964412928,0.054740678519010544,0.10122063010931015,0.05232587829232216,0.00838266871869564,0.007574530318379402,0.034757349640131,0.006256694905459881,0.01162578072398901,0.03707647696137428,,,,,,,,,,,,,,,
unknown,ら,136,137,192.08499,192.20499,0.9975586,,0.044733524322509766,0.06959974020719528,0.07431148737668991,0.20060127973556519,0.003057880327105522,0.023606112226843834,0.016284635290503502,0.029385842382907867,0.06758107244968414,0.04935219883918762,0.06073956564068794,0.0482814647257328,0.08316782861948013,0.1312020868062973,0.028025178238749504,0.07915651798248291,0.06168210133910179,0.056199442595243454,0.016872810199856758,0.015371599234640598,0.005384836345911026,0.010305695235729218,0.02924235537648201,0.05517399311065674,0.016888802871108055,0.010394933633506298,0.32585975527763367,0.08922401070594788,0.011062436737120152,0.2564239203929901,0.005529729183763266,0.011083679273724556,0.008096780627965927,0.0021425283048301935,0.22426718473434448,0.18472300469875336,0.07842257618904114,0.08305108547210693,0.005569470580667257,0.06508361548185349,0.03981376066803932,0.005338335409760475,0.06309039890766144,0.01361225824803114,0.0648820549249649,0.08974601328372955,0.0833904817700386,0.01452396810054779,0.012052864767611027,0.03637721762061119,0.009871640242636204,0.01711687445640564,0.03515975922346115,,,,,,,,,,,,,,,
unknown,な,138,139,192.20499,192.245,0.99609375,,0.06367477029561996,0.10177762806415558,0.09016900509595871,0.18834473192691803,0.0015757028013467789,0.012752361595630646,0.009533947333693504,0.03863745927810669,0.056363921612501144,0.03454858809709549,0.05901455134153366,0.034569885581731796,0.058533962815999985,0.13297511637210846,0.01946817710995674,0.08409646153450012,0.07308244705200195,0.043555714190006256,0.012096915394067764,0.009137970395386219,0.0031380453146994114,0.005657728761434555,0.020987149327993393,0.06432684510946274,0.013472804799675941,0.009873083792626858,0.3575732707977295,0.1058618351817131,0.014293366111814976,0.28517913818359375,0.0029874653555452824,0.01097002625465393,0.0069070663303136826,0.001248338376171887,0.2779375910758972,0.22847621142864227,0.11553263664245605,0.12933340668678284,0.0037238220684230328,0.060598310083150864,0.040545180439949036,0.0045970650389790535,0.10359439253807068,0.011309786699712276,0.038541994988918304,0.09462351351976395,0.11636193096637726,0.011553335934877396,0.009553040377795696,0.047070592641830444,0.00962163507938385,0.010869053192436695,0.030563777312636375,,,,,,,,,,,,,,,
unknown,い,140,141,192.245,192.745,0.9926758,,0.03899360075592995,0.05274777486920357,0.07847536355257034,0.16664662957191467,0.0021063685417175293,0.023448435589671135,0.010767362080514431,0.030101338401436806,0.050101686269044876,0.08363793790340424,0.09613560885190964,0.04842698574066162,0.07389870285987854,0.1659797579050064,0.02453732118010521,0.12728022038936615,0.06657107919454575,0.055216290056705475,0.022884204983711243,0.010923626832664013,0.0029419122729450464,0.007459151558578014,0.024922775104641914,0.05288839340209961,0.01073848083615303,0.007788621820509434,0.33076727390289307,0.0831226035952568,0.013731623068451881,0.2428995817899704,0.0024831825867295265,0.012829761020839214,0.006769178435206413,0.0008394887554459274,0.21707522869110107,0.23135486245155334,0.051744796335697174,0.08668278902769089,0.005101448856294155,0.058780696243047714,0.05638052895665169,0.006429253611713648,0.04133763536810875,0.01744968444108963,0.04296098276972771,0.1112891361117363,0.03931286185979843,0.011202650144696236,0.009937099181115627,0.03960235416889191,0.007000389508903027,0.028722301125526428,0.03701760992407799,,,,,,,,,,,,,,,
unknown,赤,142,143,193.405,193.525,0.9970703,,0.0370856411755085,0.060394808650016785,0.0638129785656929,0.15660351514816284,0.006974724121391773,0.050517406314611435,0.015319578349590302,0.027802852913737297,0.04499395191669464,0.06473544985055923,0.04565711319446564,0.03500049188733101,0.062311358749866486,0.07443245500326157,0.02859507128596306,0.08457475155591965,0.10035873204469681,0.06592477113008499,0.03198126330971718,0.01487500686198473,0.005063661839812994,0.015428997576236725,0.014281866140663624,0.05458996072411537,0.013119123876094818,0.008061094209551811,0.3792167007923126,0.0567464753985405,0.014603767544031143,0.3286972641944885,0.0038013311568647623,0.018654532730579376,0.008961133658885956,0.0016680655535310507,0.13901156187057495,0.23560233414173126,0.04825734347105026,0.068588025867939,0.008433240465819836,0.0674787387251854,0.04527391120791435,0.006873170379549265,0.02222990058362484,0.02512972056865692,0.06179927662014961,0.09902652353048325,0.022619402036070824,0.012479031458497047,0.014306288212537766,0.0420789010822773,0.007347580976784229,0.015579493716359138,0.045543938875198364,,,,,,,,,,,,,,,
unknown,い,144,145,193.525,194.025,0.9370117,,0.01774756982922554,0.040015995502471924,0.04345179349184036,0.1232280507683754,0.01258847489953041,0.0773872509598732,0.01854204386472702,0.016713524237275124,0.034768957644701004,0.09401588886976242,0.03336765617132187,0.029577670618891716,0.04885508865118027,0.04913737624883652,0.029024524614214897,0.07148784399032593,0.15680478513240814,0.06277821958065033,0.044497471302747726,0.016964981332421303,0.006611551623791456,0.022617381066083908,0.009237837977707386,0.07583414018154144,0.010042604990303516,0.005389539524912834,0.35759392380714417,0.04726865515112877,0.010414183139801025,0.40342235565185547,0.004330469761043787,0.01254857424646616,0.007926221005618572,0.002139564137905836,0.1009410172700882,0.20267519354820251,0.03743879124522209,0.05882873386144638,0.010024452582001686,0.03773567080497742,0.03589100018143654,0.00829121470451355,0.025244595482945442,0.030113091692328453,0.04126814380288124,0.09008125215768814,0.040640611201524734,0.01041337288916111,0.015989243984222412,0.03173510357737541,0.004016946069896221,0.021480923518538475,0.04103660583496094,,,,,,,,,,,,,,,
unknown,広,146,147,199.5,199.7,0.99365234,,0.020794108510017395,0.04812236130237579,0.04787508025765419,0.1005919948220253,0.005547461099922657,0.047418463975191116,0.021961553022265434,0.021094923838973045,0.028130628168582916,0.09584923833608627,0.05737840011715889,0.03833124786615372,0.0526408888399601,0.07248120754957199,0.019790396094322205,0.10203665494918823,0.11276177316904068,0.06295886635780334,0.04461120069026947,0.010639547370374203,0.0030109272338449955,0.01978287473320961,0.012339156121015549,0.06839309632778168,0.0073803192935884,0.004925894550979137,0.3666292428970337,0.05541470646858215,0.007087814621627331,0.42030635476112366,0.004874606616795063,0.017848549410700798,0.006527679972350597,0.001456079538911581,0.12238619476556778,0.22771406173706055,0.054226104170084,0.10414768010377884,0.007994396612048149,0.03825083002448082,0.03583187237381935,0.011005939915776253,0.028232676908373833,0.03905758261680603,0.027673151344060898,0.09860722720623016,0.02507299743592739,0.008304597809910774,0.014048663899302483,0.03395985811948776,0.003883415600284934,0.03132293000817299,0.04155302792787552,,,,,,,,,,,,,,,
unknown,い,148,149,199.7,200.2,0.9946289,,0.04189050942659378,0.07169786095619202,0.06731271743774414,0.18179243803024292,0.006410643924027681,0.02924504317343235,0.010970240458846092,0.027418339625000954,0.03916753828525543,0.03811318799853325,0.031913284212350845,0.030663982033729553,0.048027828335762024,0.05548584833741188,0.02812896855175495,0.0909123346209526,0.09834549576044083,0.07158952206373215,0.022421402856707573,0.013570135459303856,0.004953998606652021,0.010615703649818897,0.010539851151406765,0.1030709370970726,0.01051059365272522,0.004874803125858307,0.4798097610473633,0.06914234161376953,0.008426201529800892,0.46969032287597656,0.0041181896813213825,0.019277364015579224,0.004664500243961811,0.002197318710386753,0.15310625731945038,0.29193800687789917,0.06280529499053955,0.08209140598773956,0.005258997902274132,0.06652937829494476,0.029523689299821854,0.006839553359895945,0.04179520905017853,0.01608266681432724,0.04906582087278366,0.12292714416980743,0.05629577115178108,0.008301849476993084,0.01210404559969902,0.04445604607462883,0.004078900441527367,0.0072169434279203415,0.06454579532146454,,,,,,,,,,,,,,,
unknown,な,150,151,208.38,208.5,0.73583984,,0.08698397874832153,0.1358622908592224,0.1465298980474472,0.20054911077022552,0.002787631703540683,0.01688556931912899,0.005892838351428509,0.05373738333582878,0.028821034356951714,0.03167765215039253,0.03670063987374306,0.031871452927589417,0.04220146685838699,0.0637354627251625,0.022100621834397316,0.0822700634598732,0.1559727042913437,0.04717467352747917,0.01353144645690918,0.01089963037520647,0.004752811975777149,0.005770721007138491,0.008790938183665276,0.10634077340364456,0.008445887826383114,0.003945976961404085,0.40632110834121704,0.12487216293811798,0.012601790949702263,0.3751291036605835,0.002630946459248662,0.016634466126561165,0.0032776426523923874,0.0018083755858242512,0.2085648477077484,0.27039530873298645,0.07962652295827866,0.09748999029397964,0.0028691987972706556,0.058971427381038666,0.030307874083518982,0.004212170839309692,0.05590992420911789,0.00923267100006342,0.037046317011117935,0.12261702865362167,0.10500413924455643,0.007029937580227852,0.008572341874241829,0.04996650665998459,0.0037161209620535374,0.004006483592092991,0.04318269342184067,,,,,,,,,,,,,,,
unknown,い,152,153,208.5,209.0,0.8095703,,0.058432381600141525,0.09794420003890991,0.11467728018760681,0.19520050287246704,0.003153066150844097,0.022354736924171448,0.010056647472083569,0.038343098014593124,0.04142018035054207,0.03510041907429695,0.033625856041908264,0.03148086369037628,0.038191959261894226,0.05043487623333931,0.02034935913980007,0.08606302738189697,0.11493958532810211,0.04888623207807541,0.0153026869520545,0.011547068133950233,0.005365902557969093,0.008257705718278885,0.0094094667583704,0.11204734444618225,0.01324062142521143,0.004382853861898184,0.42145612835884094,0.09583336114883423,0.008602708578109741,0.44177940487861633,0.003931201063096523,0.016810450702905655,0.004338392056524754,0.002147604711353779,0.18551915884017944,0.25891658663749695,0.06545418500900269,0.05983325466513634,0.003599748481065035,0.06288932263851166,0.031490255147218704,0.006934101693332195,0.051590144634246826,0.00856204703450203,0.03669898957014084,0.13927942514419556,0.12425372749567032,0.008582483977079391,0.010776490904390812,0.05854975804686546,0.0037622167728841305,0.00574237247928977,0.047944337129592896,,,,,,,,,,,,,,,
unknown,探,154,155,211.715,211.995,0.6381836,,0.06356702744960785,0.0800594761967659,0.11463747173547745,0.2533420920372009,0.003130611963570118,0.015614870004355907,0.006873622536659241,0.03709583729505539,0.03502676263451576,0.01956862211227417,0.024695230647921562,0.03396746143698692,0.02883756160736084,0.0341215506196022,0.023143576458096504,0.1022513136267662,0.1315469741821289,0.07980785518884659,0.007243110332638025,0.008656369522213936,0.005677216220647097,0.005708479788154364,0.006418225355446339,0.13893736898899078,0.012453080154955387,0.0027623861096799374,0.5411203503608704,0.08087624609470367,0.006986606400460005,0.4985782504081726,0.003151901764795184,0.025636475533246994,0.003666515462100506,0.00205972814001143,0.19163239002227783,0.2855246663093567,0.03848492354154587,0.03341656178236008,0.0021074453834444284,0.11140311509370804,0.024760853499174118,0.0075553059577941895,0.020622214302420616,0.0037628498394042253,0.04716958478093147,0.2079092264175415,0.07858537137508392,0.0068933116272091866,0.007383519783616066,0.06860077381134033,0.0026033383328467607,0.0026485638227313757,0.09374595433473587,,,,,,,,,,,,,,,
unknown,市,156,157,211.995,212.495,0.78466797,,0.020301830023527145,0.03219315782189369,0.0441560260951519,0.23643216490745544,0.014907198026776314,0.08624548465013504,0.016936996951699257,0.014892663806676865,0.07758206874132156,0.05523260310292244,0.03436092287302017,0.03750721365213394,0.05899042263627052,0.06743182241916656,0.05429226905107498,0.04468913748860359,0.08165635913610458,0.07200140506029129,0.039339229464530945,0.04576632007956505,0.018646791577339172,0.017744949087500572,0.02036047726869583,0.04144250229001045,0.026716293767094612,0.007770090829581022,0.32366833090782166,0.04440375789999962,0.01079922541975975,0.2736421227455139,0.005807972047477961,0.008277767337858677,0.010394085198640823,0.004060508217662573,0.14258314669132233,0.13111612200737,0.028875302523374557,0.0684792697429657,0.006681451108306646,0.04312337189912796,0.043507885187864304,0.005121270660310984,0.030118506401777267,0.01607450284063816,0.11162097752094269,0.06789297610521317,0.07374942302703857,0.020305244252085686,0.02047610655426979,0.03353848680853844,0.0066833230666816235,0.011847227811813354,0.03546518459916115,,,,,,,,,,,,,,,
unknown,た,158,159,218.355,218.475,0.9897461,,0.022846907377243042,0.038958702236413956,0.05694303661584854,0.24711841344833374,0.009696492925286293,0.06166578829288483,0.01723639667034149,0.016976306214928627,0.08977033942937851,0.050299301743507385,0.029896924272179604,0.03368465602397919,0.06096639484167099,0.05469856411218643,0.03865514695644379,0.04795581474900246,0.0751475915312767,0.050069693475961685,0.03123612329363823,0.03553233668208122,0.0176014993339777,0.017154423519968987,0.017504582181572914,0.04995949938893318,0.03503791615366936,0.007049859035760164,0.3412095010280609,0.04920394718647003,0.007257585879415274,0.3125725984573364,0.006252267863601446,0.008852478116750717,0.01099137682467699,0.004846090450882912,0.14836016297340393,0.15979290008544922,0.03240877017378807,0.08140753209590912,0.006360266357660294,0.04431723430752754,0.04169550538063049,0.005349453538656235,0.027833277359604836,0.012753440998494625,0.07603906095027924,0.07624990493059158,0.07184893637895584,0.021029667928814888,0.02222137339413166,0.04615895077586174,0.005763792898505926,0.008839127607643604,0.03457650542259216,,,,,,,,,,,,,,,
unknown,だ,160,161,218.475,218.595,0.9868164,,0.02436342090368271,0.039899688214063644,0.0578494556248188,0.24091596901416779,0.008856045082211494,0.05515841767191887,0.014649942517280579,0.016020113602280617,0.09162954241037369,0.05615447089076042,0.02895592525601387,0.02862098067998886,0.05690409615635872,0.04055206477642059,0.0379607118666172,0.0528285913169384,0.06297022849321365,0.05006304010748863,0.026167338714003563,0.030420726165175438,0.01453714445233345,0.014084842056035995,0.014409218914806843,0.050931137055158615,0.030493034049868584,0.006017216481268406,0.3665817379951477,0.04346399009227753,0.006699675694108009,0.3363564610481262,0.004965750966221094,0.01063336431980133,0.008301449008286,0.0035384083166718483,0.13986897468566895,0.18116870522499084,0.029383942484855652,0.05275583639740944,0.005158770829439163,0.04994281008839607,0.031243713572621346,0.005570382811129093,0.022712696343660355,0.011075982823967934,0.07494819909334183,0.08135983347892761,0.059151966124773026,0.017073344439268112,0.01786409132182598,0.043835658580064774,0.005169256124645472,0.007465206552296877,0.038291532546281815,,,,,,,,,,,,,,,
unknown,し,162,163,218.595,219.095,0.98583984,,0.03728947415947914,0.06919369101524353,0.08931342512369156,0.23388737440109253,0.00742803979665041,0.04521126300096512,0.012082697823643684,0.025885332375764847,0.07735151052474976,0.04245089367032051,0.04129962995648384,0.03274676203727722,0.08294211328029633,0.08000418543815613,0.03821380063891411,0.05287044122815132,0.06757833808660507,0.044991157948970795,0.03125651553273201,0.035805922001600266,0.013173580169677734,0.012698959559202194,0.020230254158377647,0.061878226697444916,0.022100375965237617,0.008833535946905613,0.3355361819267273,0.07969547808170319,0.009397809393703938,0.2872075140476227,0.004837280139327049,0.00863970723003149,0.007757775951176882,0.0037324705626815557,0.1899353563785553,0.19639182090759277,0.06407191604375839,0.09141409397125244,0.005735967308282852,0.04017726704478264,0.0391821525990963,0.003849178785458207,0.0693058893084526,0.014279454946517944,0.060974545776844025,0.06990276277065277,0.12686824798583984,0.016731835901737213,0.01892140507698059,0.03861083462834358,0.007453800644725561,0.008283594623208046,0.0281749926507473,,,,,,,,,,,,,,,
unknown,割,164,165,224.715,224.83499,0.56103516,,0.0259355828166008,0.046052586287260056,0.06683014333248138,0.233591690659523,0.007524068001657724,0.04534006491303444,0.013952656649053097,0.015654459595680237,0.08131900429725647,0.05577351152896881,0.0370509997010231,0.04284248128533363,0.06443141400814056,0.0693758875131607,0.03889354690909386,0.049033310264348984,0.09099335223436356,0.0754532739520073,0.022909848019480705,0.02741655893623829,0.010014879517257214,0.011798078194260597,0.019266311079263687,0.047823332250118256,0.020061034709215164,0.006285712588578463,0.41663581132888794,0.057428013533353806,0.008977164514362812,0.338678240776062,0.005093658342957497,0.008467592298984528,0.007466781884431839,0.0027843269053846598,0.21337616443634033,0.17216750979423523,0.03901607170701027,0.05758664757013321,0.00430262042209506,0.041747868061065674,0.03262684494256973,0.002788265934213996,0.03672371059656143,0.009986733086407185,0.06565941125154495,0.06733020395040512,0.0736602321267128,0.013808071613311768,0.012289965525269508,0.02839355356991291,0.0054024094715714455,0.006962018087506294,0.02903539501130581,,,,,,,,,,,,,,,
unknown,れ,166,167,224.83499,224.915,0.5761719,,0.03317312151193619,0.08186881989240646,0.08090882748365402,0.20322732627391815,0.005364367738366127,0.03264382481575012,0.007565856445580721,0.022527208551764488,0.05690905824303627,0.07067451626062393,0.063252292573452,0.02378913201391697,0.059590306133031845,0.05486515164375305,0.03209908306598663,0.09423690289258957,0.10136508196592331,0.024964284151792526,0.01705758087337017,0.01841227151453495,0.009569655172526836,0.009074244648218155,0.009683286771178246,0.08183735609054565,0.013942141085863113,0.0056619420647621155,0.26661428809165955,0.07875382900238037,0.006692764814943075,0.22063207626342773,0.0023423770908266306,0.012440119870007038,0.005934133660048246,0.0020526039879769087,0.1443207710981369,0.23477289080619812,0.09043743461370468,0.10344397276639938,0.005575425922870636,0.034786585718393326,0.025288088247179985,0.004479223396629095,0.06926751881837845,0.011169026605784893,0.044750429689884186,0.0940627008676529,0.13113921880722046,0.011298255063593388,0.009901247918605804,0.028716694563627243,0.004694530740380287,0.02059820294380188,0.024861404672265053,,,,,,,,,,,,,,,
unknown,安,168,169,224.915,225.035,0.77490234,,0.02252589911222458,0.05555251985788345,0.06419972330331802,0.2618812620639801,0.013856256380677223,0.0636855810880661,0.006022830493748188,0.018663907423615456,0.05953564494848251,0.06235585734248161,0.03598706051707268,0.020283445715904236,0.0773787871003151,0.042412541806697845,0.05312218517065048,0.053208258002996445,0.09652244299650192,0.024388419464230537,0.022946255281567574,0.035186607390642166,0.019589366391301155,0.009815949015319347,0.009990653954446316,0.06433340162038803,0.01677515357732773,0.004126666579395533,0.25033459067344666,0.06284065544605255,0.008818693459033966,0.2124766856431961,0.0021043079905211926,0.006765641272068024,0.0054908073507249355,0.003354218089953065,0.1242782324552536,0.17782674729824066,0.04887432977557182,0.11062423139810562,0.005175868980586529,0.03430138900876045,0.022434089332818985,0.002386559499427676,0.04222540184855461,0.00923106912523508,0.0744035467505455,0.06535159796476364,0.10525504499673843,0.01262000110000372,0.01629192940890789,0.029069527983665466,0.003237562719732523,0.01135590672492981,0.02556927502155304,,,,,,,,,,,,,,,
unknown,す,170,171,225.035,225.115,0.59033203,,0.021812671795487404,0.0525188073515892,0.05608877167105675,0.25980061292648315,0.015775080770254135,0.05996975675225258,0.0064477743580937386,0.01810617744922638,0.055457331240177155,0.051643677055835724,0.03397694602608681,0.019600436091423035,0.07141128182411194,0.039370421320199966,0.05519498884677887,0.058171771466732025,0.08950617164373398,0.026156723499298096,0.02077627182006836,0.033868931233882904,0.0209489893168211,0.010754615068435669,0.008967609144747257,0.0697517842054367,0.017343943938612938,0.004326546564698219,0.24934712052345276,0.05787034332752228,0.007203175686299801,0.22339344024658203,0.002392103197053075,0.008205712772905827,0.005893277935683727,0.003937084227800369,0.11726564168930054,0.17480093240737915,0.04689602553844452,0.116690993309021,0.0056510791182518005,0.04030800610780716,0.02165919356048107,0.0030581210739910603,0.03632709011435509,0.009427949786186218,0.07016125321388245,0.07442215830087662,0.10089486092329025,0.01282531674951315,0.015817921608686447,0.02949456125497818,0.0032752056140452623,0.01139079499989748,0.032151803374290466,,,,,,,,,,,,,,,
unknown,い,172,173,225.115,225.615,0.98876953,,0.026332270354032516,0.05725613236427307,0.07619999349117279,0.2535804808139801,0.00794230680912733,0.035232238471508026,0.003928549587726593,0.018151400610804558,0.04034778103232384,0.034293632954359055,0.03555868938565254,0.020712176337838173,0.05550258234143257,0.04378139600157738,0.05085819214582443,0.07841309159994125,0.07494445145130157,0.030056606978178024,0.014564215205609798,0.0253980103880167,0.014366074465215206,0.005348593927919865,0.008356424048542976,0.0874301865696907,0.012744305655360222,0.0031867329962551594,0.3276865780353546,0.06136450171470642,0.007055009715259075,0.2704299986362457,0.001384659088216722,0.008961441926658154,0.005221292842179537,0.0021469127386808395,0.1294526904821396,0.21522320806980133,0.052285920828580856,0.09020930528640747,0.002461712807416916,0.05928538367152214,0.022196726873517036,0.003236186457797885,0.0357792004942894,0.005417658481746912,0.06580900400876999,0.10845748335123062,0.10280384868383408,0.011248033493757248,0.009854737669229507,0.028796840459108353,0.0029033564496785402,0.008102070540189743,0.045627105981111526,,,,,,,,,,,,,,,
unknown,開,174,175,238.17464,238.29454,0.9189453,,0.016339460387825966,0.03279711306095123,0.05724142864346504,0.3137010633945465,0.013103652745485306,0.05341796576976776,0.004661474376916885,0.01395607739686966,0.0663018524646759,0.02913232520222664,0.029041772708296776,0.019146911799907684,0.08283425122499466,0.0508456714451313,0.06475400924682617,0.04697573930025101,0.10236932337284088,0.02246824838221073,0.025476835668087006,0.05101341754198074,0.03617827966809273,0.00754996994510293,0.013051717542111874,0.0695703998208046,0.02571806125342846,0.004244954790920019,0.22499270737171173,0.05481572076678276,0.008634654805064201,0.1861875206232071,0.002032130490988493,0.003763532964512706,0.00879396591335535,0.004896469879895449,0.1501796394586563,0.12631411850452423,0.028664950281381607,0.08183912187814713,0.0033931005746126175,0.03446803241968155,0.028389805927872658,0.002313378266990185,0.035569120198488235,0.006003464572131634,0.08717680722475052,0.08163292706012726,0.20027253031730652,0.020970474928617477,0.021592697128653526,0.03256973251700401,0.0034408438950777054,0.004745770711451769,0.028066011145710945,,,,,,,,,,,,,,,
unknown,け,176,177,238.29454,238.41446,0.99316406,,0.015115149319171906,0.03070288524031639,0.062450721859931946,0.2593860924243927,0.013243469409644604,0.04765355959534645,0.004557523876428604,0.015691230073571205,0.0568687841296196,0.023038694635033607,0.02995753288269043,0.018175527453422546,0.08487410098314285,0.054270561784505844,0.06501034647226334,0.053977806121110916,0.08952897042036057,0.022682463750243187,0.025707731023430824,0.05094153806567192,0.036917269229888916,0.00789219792932272,0.012290900573134422,0.08702784031629562,0.022009408101439476,0.004332452081143856,0.2416166067123413,0.058345578610897064,0.007787788286805153,0.19358079135417938,0.0018481818260625005,0.004573894198983908,0.01068823505192995,0.004848384764045477,0.13036935031414032,0.14098988473415375,0.0275526512414217,0.08003313094377518,0.003290166612714529,0.03805452212691307,0.024991381913423538,0.0025081695057451725,0.030257049947977066,0.007311944384127855,0.07853604108095169,0.08320631086826324,0.1647930145263672,0.022563472390174866,0.020207766443490982,0.028523767367005348,0.0034750273916870356,0.006570744328200817,0.03206299990415573,,,,,,,,,,,,,,,
unknown,る,178,179,238.41446,238.91446,0.98046875,,0.017489682883024216,0.042072515934705734,0.06242594122886658,0.28221380710601807,0.011188671924173832,0.04020044207572937,0.004293844103813171,0.016135718673467636,0.056576911360025406,0.022857630625367165,0.028203489258885384,0.014861145988106728,0.062392860651016235,0.044277623295784,0.057222168892621994,0.049852173775434494,0.0807274803519249,0.02204900048673153,0.017525333911180496,0.03765907511115074,0.023234553635120392,0.006781250704079866,0.009048848412930965,0.08286475390195847,0.0171198770403862,0.004602526314556599,0.3086535632610321,0.05534243956208229,0.00797694269567728,0.25092455744743347,0.0016933393198996782,0.0053941975347697735,0.007429704535752535,0.003780082566663623,0.1404295265674591,0.17898158729076385,0.04006123170256615,0.0931088775396347,0.002936597215011716,0.03747505694627762,0.021968131884932518,0.002120237099006772,0.03820337355136871,0.006628912407904863,0.08807305991649628,0.07113588601350784,0.1366512030363083,0.015166029334068298,0.015297232195734978,0.027660544961690903,0.0038768439553678036,0.0058442712761461735,0.029043881222605705,,,,,,,,,,,,,,,
unknown,プ,180,181,242.77122,243.27122,0.85009766,,0.018757201731204987,0.02826334349811077,0.07907094806432724,0.24433037638664246,0.014839773997664452,0.05532701686024666,0.005385121330618858,0.01739850826561451,0.04574640095233917,0.021076519042253494,0.032141976058483124,0.02548280358314514,0.06949885189533234,0.04313310980796814,0.06368962675333023,0.0641608014702797,0.08640366792678833,0.027584969997406006,0.02333180047571659,0.04976813495159149,0.03960811346769333,0.008815260604023933,0.008952053263783455,0.08181179314851761,0.01728612557053566,0.00467505119740963,0.332389235496521,0.04961961880326271,0.006423546466976404,0.24991782009601593,0.002273393329232931,0.0063079167157411575,0.006314598955214024,0.00573631189763546,0.17224228382110596,0.14321719110012054,0.017118899151682854,0.05946195125579834,0.003579104784876108,0.03827566280961037,0.020084939897060394,0.003761076368391514,0.014771075919270515,0.004557472653687,0.05870908126235008,0.11424831300973892,0.10712627321481705,0.013970816507935524,0.020878678187727928,0.035841912031173706,0.00391793716698885,0.005694542545825243,0.03992946445941925,,,,,,,,,,,,,,,
unknown,ア,182,183,248.64685,248.80673,0.7480469,,0.019835270941257477,0.032867319881916046,0.0652727335691452,0.29517504572868347,0.013509895652532578,0.052172429859638214,0.005972025450319052,0.01972765475511551,0.0501115582883358,0.019940346479415894,0.027416855096817017,0.02566155605018139,0.10204941034317017,0.04753418639302254,0.05366199463605881,0.04662765935063362,0.08839262276887894,0.024419201537966728,0.02091876044869423,0.04450666904449463,0.032750342041254044,0.008565904572606087,0.013110589236021042,0.08773118257522583,0.017511580139398575,0.0036525686737149954,0.3088633716106415,0.05701102688908577,0.0065124970860779285,0.27481770515441895,0.002830452984198928,0.0042008040472865105,0.005275414325296879,0.0060279094614088535,0.19272424280643463,0.1531488597393036,0.020926248282194138,0.06264407932758331,0.003108058823272586,0.03166744112968445,0.023051630705595016,0.0028487732633948326,0.02239389345049858,0.003720603883266449,0.05810064077377319,0.0875454992055893,0.13800594210624695,0.012555764056742191,0.026757940649986267,0.049476493149995804,0.002968929708003998,0.004536047112196684,0.0328676700592041,,,,,,,,,,,,,,,
unknown,ホ,184,185,248.80673,249.30673,0.82666016,,0.013990749605000019,0.022188806906342506,0.06286326795816422,0.23512248694896698,0.01106788869947195,0.060422010719776154,0.01919458620250225,0.01555629912763834,0.07209653407335281,0.030421456322073936,0.02871798910200596,0.03308017551898956,0.09871334582567215,0.050868920981884,0.041323691606521606,0.06484796851873398,0.06971672177314758,0.03163713589310646,0.021777743473649025,0.035121459513902664,0.026198003441095352,0.018003568053245544,0.017186922952532768,0.08034723997116089,0.02405930869281292,0.003912297077476978,0.3761161267757416,0.04375842958688736,0.0036795304622501135,0.3721277713775635,0.007203563116490841,0.007594920229166746,0.0067063383758068085,0.006858134176582098,0.1604968160390854,0.179220512509346,0.013959265314042568,0.04150412976741791,0.005880926735699177,0.041168585419654846,0.025757966563105583,0.005535350646823645,0.009951097890734673,0.00531421834602952,0.05991782993078232,0.10438840836286545,0.04489417001605034,0.013124601915478706,0.024167602881789207,0.052564676851034164,0.002630826085805893,0.007837753742933273,0.038764599710702896,,,,,,,,,,,,,,,
unknown,自,186,187,254.06,254.18001,0.99072266,,0.009030946530401707,0.01705143228173256,0.04561225697398186,0.21877732872962952,0.01699119433760643,0.09960000962018967,0.029713835567235947,0.011895935982465744,0.06856188923120499,0.03518395498394966,0.024317461997270584,0.02527223713696003,0.09128393977880478,0.036421868950128555,0.03927130252122879,0.06667941808700562,0.05061235651373863,0.025593217462301254,0.03516975790262222,0.03548542410135269,0.024502182379364967,0.031015543267130852,0.013964693062007427,0.07435737550258636,0.026165274903178215,0.003955921623855829,0.34599828720092773,0.0296882726252079,0.0025263733696192503,0.4023662209510803,0.009764205664396286,0.009167470037937164,0.006886560469865799,0.008224681951105595,0.09654662758111954,0.19519935548305511,0.011920432560145855,0.05037127435207367,0.011397285386919975,0.04158034548163414,0.024431118741631508,0.00894620269536972,0.00613610353320837,0.009456838481128216,0.057131487876176834,0.10354602336883545,0.01849227398633957,0.01240657176822424,0.03265015780925751,0.05068613961338997,0.002372207585722208,0.009443781338632107,0.04428039491176605,,,,,,,,,,,,,,,
unknown,童,188,189,254.18001,254.68001,0.51220703,,0.007708394434303045,0.01549407746642828,0.03053601086139679,0.18448203802108765,0.03804599493741989,0.18404453992843628,0.039648186415433884,0.011739983223378658,0.07262535393238068,0.03428409621119499,0.01123106386512518,0.01733926124870777,0.11052245646715164,0.03270523622632027,0.060336269438266754,0.02456594817340374,0.03478352725505829,0.020941339433193207,0.07062574476003647,0.08109082281589508,0.04626188054680824,0.05535412207245827,0.019832028076052666,0.036334749311208725,0.032098282128572464,0.0049582552164793015,0.2517331540584564,0.023990478366613388,0.0035238603595644236,0.3142648935317993,0.015312488190829754,0.004546797834336758,0.008168916217982769,0.015223388560116291,0.07088764756917953,0.10537353157997131,0.009342571720480919,0.04787673428654671,0.014055728912353516,0.02421218901872635,0.026500917971134186,0.003452415345236659,0.0045494697988033295,0.017695484682917595,0.07353418320417404,0.03719956800341606,0.011727442964911461,0.017957186326384544,0.05851847305893898,0.03429754078388214,0.0027626068331301212,0.009120776318013668,0.021107709035277367,,,,,,,,,,,,,,,
unknown,恋,190,191,261.62,261.78,0.9926758,,0.009772039018571377,0.016697648912668228,0.03523189201951027,0.21433986723423004,0.00693276384845376,0.05581243708729744,0.07150263339281082,0.013804529793560505,0.0803171843290329,0.030343666672706604,0.01773400604724884,0.03954891860485077,0.12435787916183472,0.0676305815577507,0.02475637011229992,0.0389757938683033,0.04285169392824173,0.03832976147532463,0.03047293610870838,0.02346772700548172,0.01397625356912613,0.044901568442583084,0.03769910708069801,0.04261212795972824,0.033624570816755295,0.0038313402328640223,0.3431716561317444,0.03381659463047981,0.0020210030488669872,0.442760169506073,0.0324542336165905,0.00862193014472723,0.01077875867486,0.011383837088942528,0.12882095575332642,0.14306983351707458,0.012379946187138557,0.06662476807832718,0.009169777855277061,0.043375223875045776,0.0373019278049469,0.005803185515105724,0.004721811972558498,0.01320621557533741,0.07259716093540192,0.059869419783353806,0.00811875518411398,0.01693880744278431,0.03471380099654198,0.05121998488903046,0.002236520405858755,0.009422543458640575,0.033297233283519745,,,,,,,,,,,,,,,
unknown,人,192,193,261.78,262.28,0.9975586,,0.0070208399556577206,0.013413029722869396,0.021187711507081985,0.17008842527866364,0.011101367883384228,0.08006628602743149,0.12100476026535034,0.01044842042028904,0.0996185690164566,0.03730936348438263,0.017588648945093155,0.0376560240983963,0.11378230154514313,0.06103618070483208,0.027290619909763336,0.03837208077311516,0.04565129801630974,0.04653668403625488,0.041556842625141144,0.02463333122432232,0.01522335596382618,0.07149931788444519,0.04232722148299217,0.04196206107735634,0.04387826845049858,0.005521632730960846,0.31300589442253113,0.02691662311553955,0.0023264428600668907,0.44414201378822327,0.04298429936170578,0.008459316566586494,0.01590622588992119,0.012084408663213253,0.09722816944122314,0.12426401674747467,0.01169993169605732,0.054864488542079926,0.014950945042073727,0.03944326564669609,0.04472465440630913,0.009978877380490303,0.005597070325165987,0.019103631377220154,0.05654113367199898,0.05797964707016945,0.010403619147837162,0.022946739569306374,0.04189397022128105,0.049669668078422546,0.0030841806437820196,0.01761331781744957,0.036294545978307724,,,,,,,,,,,,,,,
unknown,作,194,195,266.8334,267.03308,0.9189453,,0.007229079492390156,0.01241950411349535,0.010573023930191994,0.11880858987569809,0.07041884958744049,0.20651081204414368,0.025750460103154182,0.009623871184885502,0.01752389781177044,0.04922722652554512,0.016199441626667976,0.018676666542887688,0.04762687906622887,0.026161499321460724,0.047981422394514084,0.047555699944496155,0.05994836241006851,0.04792054742574692,0.13136020302772522,0.03692134469747543,0.022130057215690613,0.07091806828975677,0.008555480279028416,0.04737361893057823,0.010655482299625874,0.007371106185019016,0.254279762506485,0.01425522193312645,0.0033680216874927282,0.32923659682273865,0.008881321176886559,0.010022299364209175,0.008003104478120804,0.008811025880277157,0.05021457374095917,0.12219540029764175,0.01204588171094656,0.07425966113805771,0.044574275612831116,0.037077419459819794,0.029207715764641762,0.015198644250631332,0.0034466716460883617,0.06304027140140533,0.05566618591547012,0.07465992122888565,0.005681607872247696,0.011599690653383732,0.06494851410388947,0.036710791289806366,0.004211373161524534,0.02801560051739216,0.07110928744077682,,,,,,,,,,,,,,,
unknown,る,196,197,267.03308,267.53308,0.9951172,,0.011254622600972652,0.021582843735814095,0.015265094116330147,0.13171525299549103,0.032484881579875946,0.10712184756994247,0.021150115877389908,0.013468838296830654,0.016677454113960266,0.036315690726041794,0.022011252120137215,0.02360430918633938,0.0429372563958168,0.0319979265332222,0.03382552042603493,0.0777362510561943,0.050879113376140594,0.05967036262154579,0.07788751274347305,0.021158527582883835,0.011446276679635048,0.043890200555324554,0.007547054905444384,0.07855388522148132,0.009830025024712086,0.007402495015412569,0.3674728572368622,0.02063661813735962,0.002433392219245434,0.4674079120159149,0.006860869936645031,0.017134208232164383,0.007517931051552296,0.005906545091420412,0.07056522369384766,0.2039419561624527,0.025148440152406693,0.10857900977134705,0.028915490955114365,0.06323974579572678,0.030693525448441505,0.021185224875807762,0.006271697115153074,0.045950908213853836,0.04280612990260124,0.12109304219484329,0.008170328103005886,0.009666924364864826,0.044620025902986526,0.05182556435465813,0.004462145734578371,0.023735886439681053,0.11526229977607727,,,,,,,,,,,,,,,
unknown,ゲ,198,199,272.62436,272.7841,0.43920898,,0.009029232896864414,0.016652842983603477,0.011967843398451805,0.13279205560684204,0.03913963586091995,0.16215597093105316,0.025776788592338562,0.010975450277328491,0.02703401818871498,0.05665406584739685,0.024596579372882843,0.02181442640721798,0.043819695711135864,0.0326014906167984,0.044112931936979294,0.06967611610889435,0.04724793881177902,0.047227680683135986,0.1117798388004303,0.03071010112762451,0.01748265139758587,0.05531872436404228,0.009796847589313984,0.0457407645881176,0.019037270918488503,0.008573678322136402,0.24662530422210693,0.017518524080514908,0.0030441980343312025,0.30084913969039917,0.007482361514121294,0.01683393307030201,0.013322382234036922,0.006431011948734522,0.05144365131855011,0.13516788184642792,0.019713720306754112,0.08914569765329361,0.03684107959270477,0.05250358581542969,0.03895559161901474,0.021758219227194786,0.0053799767047166824,0.05435996130108833,0.06644584983587265,0.10280314087867737,0.007780722342431545,0.01759166643023491,0.05429387465119362,0.04529189318418503,0.005425066687166691,0.038783710449934006,0.08122310042381287,,,,,,,,,,,,,,,
unknown,ム,200,201,272.7841,273.2841,0.72802734,,0.00953708030283451,0.016682716086506844,0.013693302869796753,0.13760767877101898,0.04203563928604126,0.16661156713962555,0.031124398112297058,0.009665033780038357,0.03790375962853432,0.06527095288038254,0.026711342856287956,0.028699414804577827,0.054690826684236526,0.03456426411867142,0.040992941707372665,0.059402190148830414,0.08609849959611893,0.05556250363588333,0.08731219917535782,0.02812100574374199,0.017946504056453705,0.05869874730706215,0.011602475307881832,0.032848842442035675,0.020780684426426888,0.00794493593275547,0.2656375765800476,0.017097504809498787,0.0039521511644124985,0.28107839822769165,0.009658141061663628,0.012945631518959999,0.011924772523343563,0.00714469887316227,0.0765475183725357,0.12200667709112167,0.016129298135638237,0.10405702143907547,0.0372864194214344,0.05093967169523239,0.0352947898209095,0.012492879293859005,0.004665091633796692,0.04494059085845947,0.05432781204581261,0.08969233930110931,0.00747499568387866,0.01566394232213497,0.049798812717199326,0.04330702871084213,0.004957089200615883,0.02086307294666767,0.059646669775247574,,,,,,,,,,,,,,,
unknown,幸,202,203,284.62225,284.94183,0.9975586,,0.012280152179300785,0.021228741854429245,0.018753163516521454,0.09807181358337402,0.021263116970658302,0.14236655831336975,0.03876740485429764,0.01613343134522438,0.044436708092689514,0.07698377221822739,0.031494930386543274,0.03358057141304016,0.16201186180114746,0.09110459685325623,0.027847357094287872,0.032949984073638916,0.0735507681965828,0.03191761672496796,0.09693226963281631,0.02737603150308132,0.009242360480129719,0.04872901365160942,0.027503542602062225,0.018930666148662567,0.015038268640637398,0.008953340351581573,0.21881325542926788,0.027474237605929375,0.006460858974605799,0.24231944978237152,0.009786728769540787,0.009199390187859535,0.010523609817028046,0.004922621883451939,0.14301949739456177,0.09347076714038849,0.01638496294617653,0.17538098990917206,0.020486801862716675,0.022625215351581573,0.04935110732913017,0.0067793517373502254,0.006987371947616339,0.04890790209174156,0.04157799109816551,0.03908772021532059,0.00645538792014122,0.0131524121388793,0.05852441489696503,0.05124136805534363,0.005948616657406092,0.018812164664268494,0.021262647584080696,,,,,,,,,,,,,,,
unknown,せ,204,205,284.94183,285.44183,0.9975586,,0.016789454966783524,0.033293429762125015,0.026992594823241234,0.1610621213912964,0.009466596879065037,0.06330173462629318,0.009843057952821255,0.019759852439165115,0.025029633194208145,0.04653831198811531,0.03492935746908188,0.016169320791959763,0.057070277631282806,0.05919666215777397,0.02722855657339096,0.09863211959600449,0.04106439650058746,0.02286778762936592,0.04835168644785881,0.01725924015045166,0.005875343456864357,0.016489965841174126,0.007836694829165936,0.04537873715162277,0.008670511655509472,0.0074820080772042274,0.36426252126693726,0.024915866553783417,0.003909754566848278,0.3829230070114136,0.002516991924494505,0.019616028293967247,0.006638320162892342,0.0023901306558400393,0.09227466583251953,0.27078962326049805,0.03321412578225136,0.2841040790081024,0.012582303024828434,0.06533872336149216,0.04221548140048981,0.012616829015314579,0.0054941256530582905,0.03992556780576706,0.07106462866067886,0.10755090415477753,0.0032382765784859657,0.007989635691046715,0.03055715560913086,0.0615457147359848,0.005443467292934656,0.015372226946055889,0.06671862304210663,,,,,,,,,,,,,,,
unknown,開,206,207,292.93155,293.0514,0.9560547,,0.018172265961766243,0.035137858241796494,0.027398932725191116,0.19035270810127258,0.010130524635314941,0.07095855474472046,0.012570496648550034,0.021709168329834938,0.03719557449221611,0.034168098121881485,0.029754284769296646,0.018291885033249855,0.07073265314102173,0.07353901118040085,0.02702651172876358,0.0597485788166523,0.046434249728918076,0.023531921207904816,0.055094294250011444,0.02249942347407341,0.008118139579892159,0.020750828087329865,0.011606721207499504,0.03423098847270012,0.015466338954865932,0.010404149070382118,0.3230060338973999,0.02826087549328804,0.004972426686435938,0.319254994392395,0.0037711889017373323,0.014435531571507454,0.010158003307878971,0.0037157535552978516,0.1155078336596489,0.21181084215641022,0.034655775874853134,0.30560874938964844,0.014906826429069042,0.049854155629873276,0.06003155931830406,0.008368815295398235,0.008305296301841736,0.03912755101919174,0.07766381651163101,0.07551775872707367,0.00563886109739542,0.012120313942432404,0.04307057708501816,0.07186797261238098,0.007283081766217947,0.011030937545001507,0.04240375757217407,,,,,,,,,,,,,,,
unknown,け,208,209,293.0514,293.17123,0.99365234,,0.026269977912306786,0.04133231192827225,0.03625355288386345,0.17385822534561157,0.006145223509520292,0.044976916164159775,0.011870875023305416,0.033766552805900574,0.03820643946528435,0.02909582480788231,0.04403850808739662,0.020455719903111458,0.07319881021976471,0.08935200423002243,0.021597804501652718,0.08698707073926926,0.03568020462989807,0.02807888574898243,0.041513942182064056,0.015508919954299927,0.005341060925275087,0.019275667145848274,0.010993920266628265,0.048161447048187256,0.01475861482322216,0.01652262546122074,0.3653047978878021,0.03799115866422653,0.004965819884091616,0.2958006262779236,0.0032338693272322416,0.023526428267359734,0.012361537665128708,0.0026955297216773033,0.11420003324747086,0.2661589980125427,0.03832600638270378,0.19876062870025635,0.016667846590280533,0.06458325684070587,0.06672967970371246,0.012542962096631527,0.008054301142692566,0.039637237787246704,0.07601895928382874,0.09688422828912735,0.004774790722876787,0.013027764856815338,0.031974904239177704,0.07951810956001282,0.012693094089627266,0.018107594922184944,0.056467216461896896,,,,,,,,,,,,,,,
unknown,る,210,211,293.17123,293.67123,0.9892578,,0.01749863103032112,0.031236475333571434,0.028850136324763298,0.20564040541648865,0.007305247709155083,0.06058889999985695,0.016744213178753853,0.025975162163376808,0.055001478642225266,0.03211235627532005,0.02945978008210659,0.02407686971127987,0.09286269545555115,0.07317181676626205,0.01931876875460148,0.059775371104478836,0.038214705884456635,0.0316728875041008,0.040198564529418945,0.015395882539451122,0.006167664658278227,0.0230579636991024,0.014116416685283184,0.04863608255982399,0.023002050817012787,0.009745300747454166,0.3589005768299103,0.03650521859526634,0.004064822103828192,0.36324015259742737,0.004896996542811394,0.01328771561384201,0.011867783963680267,0.003581096651032567,0.11705467104911804,0.21821436285972595,0.028219744563102722,0.16236092150211334,0.01553431712090969,0.06394587457180023,0.07110513001680374,0.009716714732348919,0.00920975673943758,0.02626684494316578,0.06914307177066803,0.08456096053123474,0.00803674478083849,0.013900509104132652,0.04505324363708496,0.10306978225708008,0.006381579674780369,0.013278770260512829,0.05424083024263382,,,,,,,,,,,,,,,
unknown,机,212,213,297.505,298.005,0.99316406,,0.02241061069071293,0.03127065673470497,0.03867989033460617,0.12930719554424286,0.0065530575811862946,0.05331141874194145,0.013107783161103725,0.031415317207574844,0.02370438538491726,0.03684660419821739,0.08752620220184326,0.07141625881195068,0.06644345074892044,0.1645795851945877,0.02672933228313923,0.09479822963476181,0.03987382724881172,0.06250584125518799,0.05337635055184364,0.02013770490884781,0.005914610344916582,0.020405616611242294,0.0133491400629282,0.03976058214902878,0.010690942406654358,0.01797463558614254,0.2842308282852173,0.05140767619013786,0.00363711966201663,0.2116621434688568,0.003939132206141949,0.022257531061768532,0.012055261060595512,0.003178882412612438,0.15156300365924835,0.16956529021263123,0.03540777042508125,0.21737486124038696,0.014858879148960114,0.0452093742787838,0.12126874178647995,0.01835404336452484,0.011584707535803318,0.03542787581682205,0.04690295457839966,0.11739428341388702,0.007291995920240879,0.012645374983549118,0.032918259501457214,0.06347163021564484,0.013872656971216202,0.021260464563965797,0.06200532987713814,,,,,,,,,,,,,,,
unknown,傘,214,215,303.385,303.885,0.95654297,,0.022581687197089195,0.033784303814172745,0.03630153462290764,0.09400127083063126,0.011110014282166958,0.06292164325714111,0.02461845800280571,0.0317855104804039,0.023237433284521103,0.026430098339915276,0.04294920340180397,0.04842066392302513,0.04848311096429825,0.07172874361276627,0.02237369865179062,0.09615352749824524,0.0348655991256237,0.09055736660957336,0.03385312482714653,0.01293222513049841,0.004387257620692253,0.02714252844452858,0.008780084550380707,0.068734310567379,0.008299348875880241,0.01199037954211235,0.5392588376998901,0.036136891692876816,0.0035661617293953896,0.538506031036377,0.005772856064140797,0.03201405704021454,0.007400823757052422,0.002817284082993865,0.12714974582195282,0.26316002011299133,0.023931026458740234,0.06809850037097931,0.012717260979115963,0.08857400715351105,0.06797627359628677,0.024533025920391083,0.005470350384712219,0.026575351133942604,0.03510427474975586,0.1428617238998413,0.0043477825820446014,0.007533706724643707,0.028028812259435654,0.08484791219234467,0.008533183485269547,0.01489397045224905,0.11049119383096695,,,,,,,,,,,,,,,
unknown,風,216,217,308.79642,309.29642,0.60302734,,0.022358739748597145,0.039144836366176605,0.05904792249202728,0.09858560562133789,0.009088541381061077,0.06902898102998734,0.05532011762261391,0.042366888374090195,0.03536980599164963,0.023462511599063873,0.0649004802107811,0.06528978794813156,0.04712416231632233,0.10731891542673111,0.02190561033785343,0.12069511413574219,0.02183646708726883,0.08372337371110916,0.04745281860232353,0.018038291484117508,0.0062157330103218555,0.05373958498239517,0.0133031215518713,0.07332500070333481,0.017823895439505577,0.028044436126947403,0.43077993392944336,0.05422164872288704,0.002803214592859149,0.4317403733730316,0.01408994197845459,0.03618914633989334,0.015104413963854313,0.006116542033851147,0.11068806052207947,0.2644283175468445,0.04035130515694618,0.08136743307113647,0.025896387174725533,0.0865630954504013,0.09592629969120026,0.03785219416022301,0.010279538109898567,0.0477013885974884,0.029779503121972084,0.1556028127670288,0.006200273986905813,0.01494567934423685,0.04232341796159744,0.09226883947849274,0.0174940787255764,0.0233144611120224,0.08774982392787933,,,,,,,,,,,,,,,
unknown,心,218,219,315.3474,315.8474,0.9951172,,0.024004675447940826,0.047623973339796066,0.03336063399910927,0.08964382112026215,0.012557096779346466,0.062298983335494995,0.041643958538770676,0.04432050883769989,0.020010190084576607,0.013988154008984566,0.03537825495004654,0.04210130125284195,0.0432484932243824,0.0821262076497078,0.020095258951187134,0.08817154914140701,0.0316481776535511,0.09533960372209549,0.04635079577565193,0.01493774726986885,0.0050706989131867886,0.04899265244603157,0.01092563383281231,0.09884729236364365,0.010002166964113712,0.02190404385328293,0.5028052926063538,0.04707977548241615,0.0029732524417340755,0.5587697625160217,0.011576122604310513,0.036080412566661835,0.012726391665637493,0.0052303108386695385,0.1048942357301712,0.30361026525497437,0.053217608481645584,0.08576074242591858,0.02183741331100464,0.0788578912615776,0.08159736543893814,0.03162823244929314,0.01166438590735197,0.05058106780052185,0.03014712780714035,0.12427724152803421,0.006308811251074076,0.010691515170037746,0.042371898889541626,0.09760885685682297,0.014131108298897743,0.018441233783960342,0.10322581976652145,,,,,,,,,,,,,,,
unknown,静,220,221,321.27466,321.5145,0.97753906,,0.03155916929244995,0.05981539189815521,0.05142869055271149,0.09650067985057831,0.014945701695978642,0.07541810721158981,0.05558757111430168,0.07495865970849991,0.03685822710394859,0.012258492410182953,0.04047892987728119,0.042661186307668686,0.06886552274227142,0.09859224408864975,0.022361043840646744,0.06347335129976273,0.014014585874974728,0.05359330773353577,0.06092056632041931,0.025469603016972542,0.007987326942384243,0.07320515066385269,0.015307645313441753,0.07025516778230667,0.02242323011159897,0.037779513746500015,0.3556852638721466,0.07150700688362122,0.0033583648037165403,0.3823856711387634,0.021211320534348488,0.024860253557562828,0.01784534938633442,0.012630602344870567,0.09800224006175995,0.21573248505592346,0.052323322743177414,0.09549546241760254,0.030796891078352928,0.07223712652921677,0.10708938539028168,0.022141123190522194,0.015226607210934162,0.07044624537229538,0.03547850251197815,0.08590999245643616,0.00684862956404686,0.019833628088235855,0.08801296353340149,0.11395996063947678,0.024004871025681496,0.01265487726777792,0.06418447196483612,,,,,,,,,,,,,,,
unknown,か,222,223,321.5145,322.0145,0.9975586,,0.036783039569854736,0.04527398198843002,0.07529281079769135,0.0634603500366211,0.009128234349191189,0.04603680223226547,0.036328818649053574,0.08473548293113708,0.0238792784512043,0.01323558297008276,0.08761408179998398,0.07614213228225708,0.07095596194267273,0.24475109577178955,0.031959086656570435,0.05535298213362694,0.012258450500667095,0.06730532646179199,0.04972279444336891,0.03132222220301628,0.007529089692980051,0.04893428459763527,0.023422205820679665,0.02649599313735962,0.011055904440581799,0.04784774035215378,0.17637984454631805,0.1000000461935997,0.004531897604465485,0.11656686663627625,0.019892185926437378,0.024054422974586487,0.012305276468396187,0.011198597960174084,0.11711291968822479,0.08519556373357773,0.03423389792442322,0.0949135422706604,0.024534888565540314,0.05054842308163643,0.11177211999893188,0.013343597762286663,0.012236109003424644,0.08079490065574646,0.05359271541237831,0.05492687225341797,0.0042095063254237175,0.01743437349796295,0.04440702497959137,0.041491080075502396,0.03648925945162773,0.011898539029061794,0.04245263338088989,,,,,,,,,,,,,,,
unknown,牛,224,225,327.19064,327.39053,0.99902344,,0.021111564710736275,0.030101362615823746,0.02923179417848587,0.09468929469585419,0.014651399105787277,0.11708036065101624,0.037554435431957245,0.036469075828790665,0.0409858375787735,0.032146915793418884,0.05974401533603668,0.03965658321976662,0.06279585510492325,0.13799257576465607,0.03611256554722786,0.04373027756810188,0.010252000764012337,0.04800265654921532,0.121180459856987,0.0415973998606205,0.008601678535342216,0.05832464620471001,0.022981541231274605,0.013055691495537758,0.025761162862181664,0.04179594665765762,0.15417978167533875,0.03777449205517769,0.005616799928247929,0.11232275515794754,0.011080950498580933,0.017898274585604668,0.023236297070980072,0.005806478206068277,0.07378828525543213,0.07734417170286179,0.02904386632144451,0.10907895863056183,0.02775684930384159,0.04546601325273514,0.10932190716266632,0.012959656305611134,0.008008687756955624,0.1278177797794342,0.08485614508390427,0.04264949634671211,0.0029574446380138397,0.029558090493083,0.0647294819355011,0.03879358246922493,0.03433256596326828,0.026885848492383957,0.030641624704003334,,,,,,,,,,,,,,,
unknown,乳,226,227,327.39053,327.89053,0.9951172,,0.04216347634792328,0.05903007090091705,0.06961334496736526,0.08296793699264526,0.008061015978455544,0.05988477170467377,0.027459794655442238,0.0817253515124321,0.02046314999461174,0.021256988868117332,0.09557067602872849,0.05658327415585518,0.0514705553650856,0.1666589230298996,0.023952605202794075,0.07180853933095932,0.013024936430156231,0.04904843866825104,0.07394938170909882,0.025129074230790138,0.005803424399346113,0.046418361365795135,0.014467751607298851,0.02445356175303459,0.014573890715837479,0.03861527517437935,0.17358264327049255,0.07782343029975891,0.003970906604081392,0.12585444748401642,0.011716324836015701,0.035156942903995514,0.013784606009721756,0.007121548056602478,0.09832680225372314,0.1100921556353569,0.04910390079021454,0.15099813044071198,0.02477269060909748,0.056960877031087875,0.12339743226766586,0.020452165976166725,0.011912456713616848,0.10351742804050446,0.05399344488978386,0.07374243438243866,0.003704877570271492,0.017990514636039734,0.05300077050924301,0.0621173158288002,0.03136635199189186,0.01694667339324951,0.04462801665067673,,,,,,,,,,,,,,,
unknown,オ,228,229,332.7469,332.86682,0.81591797,,0.023414265364408493,0.04108123108744621,0.0537647120654583,0.07519712299108505,0.01126248762011528,0.050402987748384476,0.037870168685913086,0.05603298544883728,0.024557532742619514,0.02369726449251175,0.08287226408720016,0.051248203963041306,0.04819005727767944,0.14600218832492828,0.028993280604481697,0.06687837094068527,0.016079260036349297,0.05123530328273773,0.053360387682914734,0.024011051282286644,0.009194474667310715,0.07021648436784744,0.01275843195617199,0.031428515911102295,0.016971172764897346,0.03793271631002426,0.14032314717769623,0.07888121902942657,0.0026893438771367073,0.09768261760473251,0.019989510998129845,0.028511613607406616,0.02224438264966011,0.013658096082508564,0.058869991451501846,0.09456478804349899,0.04574860632419586,0.1062590554356575,0.04050181806087494,0.05111238360404968,0.09227005392313004,0.01513525191694498,0.010722420178353786,0.11258948594331741,0.07583252340555191,0.059724703431129456,0.0035995561629533768,0.026221519336104393,0.03764986991882324,0.029699891805648804,0.026343723759055138,0.02835322543978691,0.04253723844885826,,,,,,,,,,,,,,,
unknown,レ,230,231,332.86682,332.98672,0.9638672,,0.0193991269916296,0.024178314954042435,0.05456794053316116,0.07810161262750626,0.0076873390935361385,0.07361430674791336,0.02962900884449482,0.02961057238280773,0.044373828917741776,0.06040586531162262,0.0740760788321495,0.059532977640628815,0.07825878262519836,0.1020052582025528,0.021636199206113815,0.0490836426615715,0.0190676711499691,0.04858402907848358,0.05730101093649864,0.01973871700465679,0.006195900496095419,0.03687063232064247,0.015262908302247524,0.014418508857488632,0.02247552014887333,0.010966415517032146,0.1854138821363449,0.045904312282800674,0.004393023904412985,0.14147831499576569,0.008856488391757011,0.014520159922540188,0.016726061701774597,0.004181420896202326,0.10222165286540985,0.06748610734939575,0.013088312931358814,0.06024957820773125,0.011529570445418358,0.047606632113456726,0.07491186261177063,0.008829817175865173,0.004265679512172937,0.0495741106569767,0.05825813487172127,0.053377050906419754,0.0028980679344385862,0.022101089358329773,0.034381404519081116,0.038554850965738297,0.009392037987709045,0.020429180935025215,0.03140801191329956,,,,,,,,,,,,,,,
unknown,ン,232,233,332.98672,333.06668,0.90722656,,0.023044364526867867,0.03100709058344364,0.053017351776361465,0.05755390599370003,0.008156639523804188,0.07066679745912552,0.02116321213543415,0.03923153132200241,0.03574909269809723,0.05373894423246384,0.09986953437328339,0.06512303650379181,0.06527678668498993,0.09546264261007309,0.02302679233253002,0.05465056747198105,0.012729670852422714,0.04653528332710266,0.04827113449573517,0.02303728275001049,0.007504207082092762,0.029156815260648727,0.009803720749914646,0.015137316659092903,0.017905080690979958,0.013953197747468948,0.17202912271022797,0.04991905018687248,0.003603121964260936,0.13494351506233215,0.0054669808596372604,0.015305100940167904,0.015552097000181675,0.003922045696526766,0.10870800912380219,0.06470180302858353,0.016343608498573303,0.05869043245911598,0.008954470977187157,0.04863758757710457,0.0803099274635315,0.012054546736180782,0.004986878018826246,0.0413573756814003,0.038099829107522964,0.0609634630382061,0.0037730399053543806,0.020287679508328438,0.03949504345655441,0.04713214561343193,0.012929059565067291,0.023730048909783363,0.03422855958342552,,,,,,,,,,,,,,,
unknown,ジ,234,235,333.06668,333.56668,0.9770508,,0.024233022704720497,0.030773328617215157,0.08357024937868118,0.06993284076452255,0.005832864437252283,0.06736692786216736,0.012931604869663715,0.041559796780347824,0.05556177720427513,0.032486461102962494,0.09053106606006622,0.05685001611709595,0.07336226105690002,0.11608307808637619,0.026783231645822525,0.0370682030916214,0.008315532468259335,0.02771182544529438,0.04968247190117836,0.039759695529937744,0.013440717943012714,0.02149943634867668,0.009957381524145603,0.00948377512395382,0.03454139083623886,0.016814565286040306,0.11414183676242828,0.0599454864859581,0.0034375691320747137,0.066288061439991,0.003888012608513236,0.013221334666013718,0.023924345150589943,0.005101942457258701,0.12830850481987,0.03803958743810654,0.01502144429832697,0.05677799507975578,0.00565349543467164,0.03151571750640869,0.10228007286787033,0.006769754458218813,0.006366463843733072,0.028169820085167885,0.04873921349644661,0.04550406336784363,0.006094538606703281,0.03190980106592178,0.0460374690592289,0.04435703903436661,0.016147835180163383,0.015258240513503551,0.01695936545729637,,,,,,,,,,,,,,,
unknown,黒,236,237,338.9977,339.19757,0.9995117,,0.02763848938047886,0.03597455844283104,0.06525935232639313,0.08260516822338104,0.01673061028122902,0.15608543157577515,0.011927396059036255,0.029191970825195312,0.11133139580488205,0.01976633071899414,0.068294458091259,0.04792365804314613,0.10735299438238144,0.10910886526107788,0.055291797965765,0.0252656452357769,0.006780404131859541,0.03928019478917122,0.11457038670778275,0.10509930551052094,0.023313503712415695,0.020955460146069527,0.021744174882769585,0.006628035567700863,0.06307979673147202,0.021587325260043144,0.08403414487838745,0.053992535918951035,0.006508491467684507,0.04279959201812744,0.0039051177445799112,0.013232346624135971,0.03429687023162842,0.0053345742635428905,0.13375763595104218,0.02771434746682644,0.03972551226615906,0.03224901854991913,0.006608928553760052,0.02499430626630783,0.14152409136295319,0.0056277550756931305,0.03811444714665413,0.030822938308119774,0.12160360813140869,0.03775452822446823,0.028181221336126328,0.05267954617738724,0.10585793107748032,0.051883403211832047,0.02278110943734646,0.00882919691503048,0.013563982211053371,,,,,,,,,,,,,,,
unknown,い,238,239,339.19757,339.69757,0.99658203,,0.020307980477809906,0.012779925018548965,0.048470694571733475,0.040612149983644485,0.030603179708123207,0.1614069789648056,0.01512322947382927,0.026181774213910103,0.07168256491422653,0.03329632058739662,0.12005139142274857,0.09028168767690659,0.08974750339984894,0.1475336104631424,0.08823051303625107,0.039374854415655136,0.004341611173003912,0.08023060113191605,0.09125837683677673,0.11700106412172318,0.038107942789793015,0.03256649523973465,0.019010936841368675,0.004031692631542683,0.044439516961574554,0.0396871380507946,0.07381368428468704,0.03539743274450302,0.005371548235416412,0.02426026575267315,0.004984672646969557,0.016183584928512573,0.04554511234164238,0.007620383519679308,0.11619764566421509,0.014840384013950825,0.005958275403827429,0.019000349566340446,0.011014746502041817,0.05594247952103615,0.08872997015714645,0.007928641512989998,0.0023043521214276552,0.04304054379463196,0.09359243512153625,0.04637492820620537,0.0026388445403426886,0.06256117671728134,0.05765431746840477,0.022095145657658577,0.039761364459991455,0.019099365919828415,0.029818907380104065,,,,,,,,,,,,,,,
unknown,さ,240,241,346.19293,346.69293,0.4050293,,0.029588114470243454,0.02457212470471859,0.06819996237754822,0.09333307296037674,0.01903320848941803,0.11090883612632751,0.014174328185617924,0.03644854202866554,0.08748001605272293,0.026251470670104027,0.0988195389509201,0.07875553518533707,0.10840630531311035,0.14425672590732574,0.06958437711000443,0.04638281837105751,0.010307963006198406,0.07317842543125153,0.04357917234301567,0.07362218201160431,0.02601589635014534,0.020222781226038933,0.020521583035588264,0.010858460329473019,0.04286525398492813,0.01971888542175293,0.14311254024505615,0.059101879596710205,0.008296906016767025,0.06133207678794861,0.004545536823570728,0.014316881075501442,0.026832839474081993,0.005588899366557598,0.14353974163532257,0.03887663036584854,0.009929118677973747,0.027337921783328056,0.005811688024550676,0.07444167137145996,0.08309183269739151,0.00683426670730114,0.005903491284698248,0.01945554092526436,0.11217012256383896,0.06382840871810913,0.008774669840931892,0.04259020835161209,0.04060281068086624,0.03770042583346367,0.01980803720653057,0.011078323237597942,0.03817097470164299,,,,,,,,,,,,,,,
unknown,挑,242,243,351.36386,351.6035,0.9189453,,0.01626555062830448,0.01072580274194479,0.0320541150867939,0.06276842206716537,0.05795709043741226,0.22215299308300018,0.015450824983417988,0.025222172960639,0.06596344709396362,0.027517294511198997,0.06195583939552307,0.06628862023353577,0.13446888327598572,0.12772145867347717,0.1295609325170517,0.016215601935982704,0.005609394516795874,0.045938488095998764,0.08878213167190552,0.19637322425842285,0.06609752029180527,0.03516943380236626,0.02597905322909355,0.004509013146162033,0.032894380390644073,0.029423387721180916,0.05456051602959633,0.034971583634614944,0.009449170902371407,0.024615108966827393,0.006890071555972099,0.0037694487255066633,0.018821461126208305,0.012419145554304123,0.12498114258050919,0.010267283767461777,0.004071585834026337,0.014587732031941414,0.009490778669714928,0.026909608393907547,0.0769970566034317,0.00264817476272583,0.0034168052952736616,0.02680918015539646,0.09617891907691956,0.022640826180577278,0.00793823879212141,0.04387641325592995,0.07390131056308746,0.017574720084667206,0.025907188653945923,0.012589464895427227,0.015557261183857918,,,,,,,,,,,,,,,
unknown,発,244,245,351.6035,352.1035,0.8779297,,0.02513001300394535,0.013766685500741005,0.05381482467055321,0.05609023943543434,0.05368133634328842,0.16643784940242767,0.011439711786806583,0.04164920374751091,0.061327558010816574,0.02028932236135006,0.06239490583539009,0.07222286611795425,0.1246325671672821,0.1269145905971527,0.11060606688261032,0.015191269107162952,0.005622306372970343,0.047367144376039505,0.0848393440246582,0.18678228557109833,0.06996302306652069,0.03136014565825462,0.016282405704259872,0.005905168130993843,0.03356858342885971,0.04280027747154236,0.07093018293380737,0.04853720963001251,0.011994793079793453,0.031091414391994476,0.0058314199559390545,0.004348436836153269,0.023782825097441673,0.01716264896094799,0.1787518560886383,0.011248236522078514,0.0038615791127085686,0.01892145536839962,0.009088847786188126,0.02962089516222477,0.06784623116254807,0.0025520219933241606,0.0036186128854751587,0.02878493070602417,0.07584092766046524,0.024363284930586815,0.009738391265273094,0.05088900029659271,0.08554179221391678,0.021843746304512024,0.03662028908729553,0.008103745989501476,0.017649536952376366,,,,,,,,,,,,,,,
unknown,楽,246,247,356.2364,356.3562,0.9980469,,0.0166526660323143,0.010215585120022297,0.07082463055849075,0.07612232118844986,0.05361510068178177,0.17095039784908295,0.019673531875014305,0.037873148918151855,0.042231086641550064,0.020341984927654266,0.07067207247018814,0.14270330965518951,0.08406465500593185,0.16149857640266418,0.1324387490749359,0.02002532035112381,0.011181107722222805,0.10683964192867279,0.06215519458055496,0.18078242242336273,0.06722903251647949,0.03445195034146309,0.019231289625167847,0.011842554435133934,0.021484527736902237,0.0212487131357193,0.12265907973051071,0.07256539911031723,0.011037182062864304,0.0672268271446228,0.013948768377304077,0.004158040042966604,0.014387601055204868,0.026425078511238098,0.1822766214609146,0.012880206108093262,0.0026393088046461344,0.013398278504610062,0.006219706032425165,0.028766710311174393,0.08638449758291245,0.003766010282561183,0.004033800680190325,0.013454216532409191,0.09937526285648346,0.03997643291950226,0.015455950982868671,0.032007649540901184,0.06256987154483795,0.02151372656226158,0.01743326522409916,0.006345156580209732,0.0314510241150856,,,,,,,,,,,,,,,
unknown,し,248,249,356.3562,356.476,0.99560547,,0.03513116389513016,0.022549789398908615,0.14426426589488983,0.09594186395406723,0.03091997094452381,0.10429507493972778,0.010648396797478199,0.09019479155540466,0.024987323209643364,0.024286210536956787,0.0763392373919487,0.08467751741409302,0.051399797201156616,0.1371363401412964,0.11855864524841309,0.028790928423404694,0.010280565358698368,0.0512431301176548,0.04764312878251076,0.12534962594509125,0.05421411618590355,0.022231819108128548,0.010062512010335922,0.020612409338355064,0.014000763185322285,0.015407421626150608,0.12506262958049774,0.1285683810710907,0.013736809603869915,0.07827860116958618,0.008379940874874592,0.006750680506229401,0.006894697435200214,0.021428128704428673,0.13946279883384705,0.026208702474832535,0.004019555635750294,0.015872089192271233,0.004725684877485037,0.029040956869721413,0.06482430547475815,0.003505643690004945,0.005176313687115908,0.015547122806310654,0.1222473680973053,0.047721002250909805,0.01520230807363987,0.022547297179698944,0.04367481544613838,0.024046380072832108,0.012795667164027691,0.0062520564533770084,0.0292371679097414,,,,,,,,,,,,,,,
unknown,い,250,251,356.476,356.976,0.9921875,,0.022926924750208855,0.01664857566356659,0.14885571599006653,0.05610133707523346,0.04864497482776642,0.12989675998687744,0.012391860596835613,0.08194763958454132,0.02018546871840954,0.023689014837145805,0.09720829129219055,0.13571743667125702,0.048955488950014114,0.17391599714756012,0.1401650607585907,0.032677289098501205,0.01238561887294054,0.08533531427383423,0.039630111306905746,0.14139094948768616,0.06683523207902908,0.025875898078083992,0.0109868748113513,0.02924351580440998,0.009496714919805527,0.013992173597216606,0.11342082172632217,0.1636655628681183,0.013377361930906773,0.06943461298942566,0.009323951788246632,0.004357435740530491,0.005839675664901733,0.023211374878883362,0.13302691280841827,0.021466068923473358,0.003779778955504298,0.00953016895800829,0.005401753354817629,0.02737407758831978,0.08016765862703323,0.003796809818595648,0.008577529340982437,0.011161230504512787,0.07368187606334686,0.05237617343664169,0.030878037214279175,0.019758597016334534,0.03906150907278061,0.020762568339705467,0.009918549098074436,0.008948800154030323,0.03521423786878586,,,,,,,,,,,,,,,
unknown,象,252,253,362.38693,362.88693,0.70654297,,0.016165411099791527,0.008120086044073105,0.06852727383375168,0.08304449170827866,0.03381775692105293,0.147905170917511,0.022550173103809357,0.04144693538546562,0.0519951730966568,0.055494628846645355,0.05687258392572403,0.14285586774349213,0.07690369337797165,0.10261578112840652,0.11562768369913101,0.01996518485248089,0.00713823176920414,0.07645493745803833,0.046970874071121216,0.13537806272506714,0.08155949413776398,0.03872787207365036,0.017708366736769676,0.01097562164068222,0.03320484235882759,0.01436904538422823,0.07924000918865204,0.07841666787862778,0.008290383033454418,0.04567226767539978,0.014631997793912888,0.002484175842255354,0.01355954073369503,0.02621210180222988,0.11269491910934448,0.009438682347536087,0.0014190291985869408,0.004561622627079487,0.006500960327684879,0.02764814905822277,0.07176320999860764,0.0030248097609728575,0.0017362521030008793,0.011255322024226189,0.09202846139669418,0.035364434123039246,0.011247343383729458,0.041642285883426666,0.05266067758202553,0.017351649701595306,0.010925916954874992,0.014537401497364044,0.026405593380331993,,,,,,,,,,,,,,,
unknown,硬,254,255,368.80002,369.04,0.8310547,,0.007046229671686888,0.0038558845408260822,0.02037457935512066,0.05321435257792473,0.12592989206314087,0.31224143505096436,0.02798801101744175,0.013376977294683456,0.03312977775931358,0.06641282141208649,0.0327872596681118,0.06994160264730453,0.04308998957276344,0.07768276333808899,0.23516680300235748,0.011450852267444134,0.004806100390851498,0.08147503435611725,0.09122790396213531,0.22173307836055756,0.1311168521642685,0.07392627745866776,0.02009524032473564,0.0037283727433532476,0.024903282523155212,0.018515566363930702,0.02994794212281704,0.026720600202679634,0.00808839313685894,0.014577899128198624,0.019288083538413048,0.0014143962180241942,0.009989227168262005,0.029345396906137466,0.03561137989163399,0.004196009133011103,0.001388229546137154,0.005216710735112429,0.020550379529595375,0.020697040483355522,0.05647750943899155,0.0021198061294853687,0.0014425680274143815,0.03329931199550629,0.12107911705970764,0.01582757569849491,0.005289439577609301,0.044108204543590546,0.040970537811517715,0.004475795663893223,0.011849738657474518,0.024341313168406487,0.01912500336766243,,,,,,,,,,,,,,,
unknown,い,256,257,369.04,369.54,0.9511719,,0.00831560231745243,0.00419622752815485,0.02707304246723652,0.053602445870637894,0.11087217181921005,0.2513725161552429,0.025658776983618736,0.01789400354027748,0.023342549800872803,0.06116814538836479,0.042236536741256714,0.09595031291246414,0.046373527497053146,0.11358176171779633,0.22366277873516083,0.015015323646366596,0.005610579624772072,0.10373342037200928,0.0771845355629921,0.18513108789920807,0.10052312910556793,0.06466851383447647,0.020610613748431206,0.00545509485527873,0.014811752364039421,0.0147488322108984,0.0404907763004303,0.03815879300236702,0.00829812977463007,0.020507147535681725,0.02063870057463646,0.0016587265999987721,0.00672354968264699,0.028630224987864494,0.0456727109849453,0.005479783751070499,0.0013201066758483648,0.006771974265575409,0.018256263807415962,0.024912336841225624,0.059153962880373,0.0023757468443363905,0.0015561686595901847,0.030509227886795998,0.12438370287418365,0.020680774003267288,0.0050761220045387745,0.03139268606901169,0.034561801701784134,0.004931751172989607,0.009080380201339722,0.021900907158851624,0.027973581105470657,,,,,,,,,,,,,,,
unknown,ボ,258,259,373.76,373.84,0.9814453,,0.011963014490902424,0.006813586689531803,0.05074393004179001,0.08665546029806137,0.052455779165029526,0.1619264930486679,0.018621178343892097,0.02700118161737919,0.02385369874536991,0.0641365572810173,0.08152269572019577,0.17142778635025024,0.06521427631378174,0.16087542474269867,0.15987975895404816,0.026910241693258286,0.0080334497615695,0.13975946605205536,0.037229400128126144,0.11104142665863037,0.04452575743198395,0.033460844308137894,0.019246332347393036,0.010078966617584229,0.01055201981216669,0.008828839287161827,0.07790615409612656,0.07441785931587219,0.007545387838035822,0.0378224216401577,0.01441873237490654,0.002339730504900217,0.004083200357854366,0.0156403835862875,0.07915731519460678,0.01110791601240635,0.0016908533871173859,0.010823615826666355,0.0075510283932089806,0.035928018391132355,0.06058618798851967,0.0028047116938978434,0.002414763206616044,0.01384403184056282,0.12348990887403488,0.03724318742752075,0.007288501597940922,0.017266513779759407,0.02100636623799801,0.007318632211536169,0.006179756484925747,0.013715101405978203,0.04336763173341751,,,,,,,,,,,,,,,
unknown,ー,260,261,373.84,373.96,0.97558594,,0.016516894102096558,0.011650269851088524,0.09134167432785034,0.08195579797029495,0.028262030333280563,0.14888356626033783,0.015370238572359085,0.039664071053266525,0.02903703786432743,0.05800029635429382,0.11875447630882263,0.13475511968135834,0.09411952644586563,0.1833212822675705,0.10978292673826218,0.03260932117700577,0.009184876456856728,0.07397741079330444,0.0348232164978981,0.08893657475709915,0.02851516753435135,0.022902047261595726,0.01777760684490204,0.01010983344167471,0.010979725979268551,0.0075649176724255085,0.08484535664319992,0.09609196335077286,0.008882920257747173,0.04366350173950195,0.007802658714354038,0.004180894233286381,0.004210025537759066,0.008250737562775612,0.11057346314191818,0.016799800097942352,0.0022538448683917522,0.014528953470289707,0.003853902220726013,0.02858130820095539,0.06105009466409683,0.0032134547363966703,0.0034413107205182314,0.01271502673625946,0.0974922850728035,0.0390939898788929,0.008472342975437641,0.014239049516618252,0.0212976336479187,0.012122654356062412,0.006006396841257811,0.010478014126420021,0.025204721838235855,,,,,,,,,,,,,,,
unknown,ル,262,263,373.96,374.46,0.9995117,,0.00811830349266529,0.008039643056690693,0.05601181834936142,0.09649348258972168,0.012563281692564487,0.1097697764635086,0.018107963725924492,0.022600067779421806,0.04246796667575836,0.11039400845766068,0.20652952790260315,0.16412495076656342,0.0784931555390358,0.19314438104629517,0.06269704550504684,0.03582081198692322,0.015586625784635544,0.07305912673473358,0.027123209089040756,0.047184109687805176,0.015154599212110043,0.017200695350766182,0.018410414457321167,0.009084917604923248,0.013115289621055126,0.007158147171139717,0.07341651618480682,0.07959132641553879,0.007378995418548584,0.04645151644945145,0.0074363648891448975,0.0029224688187241554,0.005957067012786865,0.005291236098855734,0.1416940838098526,0.016572855412960052,0.002945119980722666,0.02267901599407196,0.003095528343692422,0.018299903720617294,0.08261461555957794,0.0057528396137058735,0.007580051198601723,0.010700233280658722,0.09637650847434998,0.0389789380133152,0.01815870590507984,0.014212090522050858,0.022178595885634422,0.016656527295708656,0.00646700756624341,0.015064656734466553,0.019917357712984085,,,,,,,,,,,,,,,
unknown,楽,264,265,382.495,382.615,0.97753906,,0.0063706086948513985,0.004800806753337383,0.016531744971871376,0.10823269188404083,0.028190825134515762,0.19159261882305145,0.018893463537096977,0.012715755961835384,0.05631381645798683,0.08164625614881516,0.20329833030700684,0.19138288497924805,0.09048499912023544,0.13444608449935913,0.0901956558227539,0.03322020173072815,0.008181384764611721,0.11578076332807541,0.03029375709593296,0.07981110364198685,0.02189423143863678,0.01735083945095539,0.02282504364848137,0.005943694151937962,0.019754663109779358,0.005987145937979221,0.1004701480269432,0.0322788767516613,0.0046683503314852715,0.05812026560306549,0.007258119992911816,0.0037935676518827677,0.011577815748751163,0.004762107972055674,0.15935896337032318,0.01403755135834217,0.001727467984892428,0.008707774803042412,0.0017732082633301616,0.02445332147181034,0.09316407144069672,0.007809788454324007,0.002615245757624507,0.005074663553386927,0.1455528736114502,0.047024764120578766,0.008481127209961414,0.019288016483187675,0.03184792771935463,0.021815229207277298,0.0071881734766066074,0.01702716574072838,0.031224362552165985,,,,,,,,,,,,,,,
unknown,し,266,267,382.615,382.69498,0.98583984,,0.009001977741718292,0.008439491502940655,0.03447315841913223,0.1577226221561432,0.00910770520567894,0.08206737041473389,0.012281954288482666,0.017604166641831398,0.06886756420135498,0.12740424275398254,0.19616669416427612,0.18670505285263062,0.12543968856334686,0.1345527619123459,0.06236957013607025,0.03860413655638695,0.008101115934550762,0.06512096524238586,0.016115959733724594,0.04553652182221413,0.013653506524860859,0.009595944546163082,0.020508036017417908,0.008689577691257,0.020151939243078232,0.0033144624903798103,0.1016199141740799,0.06224110722541809,0.003347647376358509,0.06573629379272461,0.005532270297408104,0.0038288363721221685,0.007991233840584755,0.004022589884698391,0.17066338658332825,0.0229315347969532,0.0028039461467415094,0.02151971310377121,0.0010028773685917258,0.02469516545534134,0.05887685343623161,0.004717900883406401,0.004087604116648436,0.004179236479103565,0.11486831307411194,0.04335056617856026,0.010565949603915215,0.01600240170955658,0.018913082778453827,0.01928691938519478,0.003883074503391981,0.013034464791417122,0.025221023708581924,,,,,,,,,,,,,,,
unknown,い,268,269,382.69498,383.19498,0.81152344,,0.007472822442650795,0.007952134124934673,0.03875455632805824,0.21793903410434723,0.010381975211203098,0.10074958950281143,0.017163850367069244,0.010753781534731388,0.11143342405557632,0.11911539733409882,0.05314650759100914,0.09882840514183044,0.15226799249649048,0.11555292457342148,0.056179072707891464,0.022080978378653526,0.022734384983778,0.07384210079908371,0.027623251080513,0.06664751470088959,0.023710506036877632,0.015459949150681496,0.03861517459154129,0.012761066667735577,0.03798192739486694,0.003641426097601652,0.14335128664970398,0.04846462979912758,0.006688781548291445,0.09938421845436096,0.007055134978145361,0.001926863333210349,0.014885051175951958,0.0047265696339309216,0.1693805754184723,0.02857501618564129,0.0037759174592792988,0.01360011100769043,0.0020223157480359077,0.028301436454057693,0.0611221008002758,0.002051110379397869,0.005993647500872612,0.006600911729037762,0.15650369226932526,0.03197198361158371,0.03068218193948269,0.029993878677487373,0.025188202038407326,0.02034621499478817,0.003313221037387848,0.016951151192188263,0.01862752065062523,,,,,,,,,,,,,,,
unknown,故,270,271,386.335,386.455,0.45166016,,0.010189676657319069,0.013369199819862843,0.0415024608373642,0.19436560571193695,0.007466727402061224,0.08166155964136124,0.013611994683742523,0.012420476414263248,0.09675487130880356,0.11958792060613632,0.07747233659029007,0.09718826413154602,0.1389780193567276,0.10299773514270782,0.040909964591264725,0.0352499857544899,0.022641798481345177,0.06554672867059708,0.02026788704097271,0.04148169234395027,0.013792065903544426,0.013036660850048065,0.02248356118798256,0.013684827834367752,0.030795544385910034,0.003918659873306751,0.15791739523410797,0.04937656596302986,0.004423065111041069,0.09889660775661469,0.004702712409198284,0.004417626652866602,0.017603637650609016,0.003036234527826309,0.17301972210407257,0.04358699917793274,0.006976654753088951,0.0182669535279274,0.0019424164202064276,0.03418802097439766,0.06750220060348511,0.0030578668229281902,0.005769907962530851,0.006290932185947895,0.11190956085920334,0.045603036880493164,0.017508894205093384,0.023948082700371742,0.01877775974571705,0.022657165303826332,0.004013401921838522,0.017265180125832558,0.02091936394572258,,,,,,,,,,,,,,,
unknown,書,272,273,386.455,386.955,0.5644531,,0.003599321935325861,0.004269804805517197,0.02222299575805664,0.15863735973834991,0.02390267327427864,0.15577933192253113,0.01677955687046051,0.0072852312587201595,0.08172696083784103,0.22128209471702576,0.04670242592692375,0.07071273773908615,0.051478058099746704,0.049398135393857956,0.06762035191059113,0.021999338641762733,0.01723109930753708,0.06034499779343605,0.037173524498939514,0.08048813790082932,0.031842418015003204,0.02320083975791931,0.013061690144240856,0.012043334543704987,0.03118368610739708,0.0032558299135416746,0.17047838866710663,0.026809783652424812,0.004416861571371555,0.14413121342658997,0.0074461838230490685,0.0018399815307930112,0.014813327230513096,0.007615839596837759,0.11644739657640457,0.02896968089044094,0.001742021064274013,0.011584030464291573,0.003187269438058138,0.01812211237847805,0.05515539273619652,0.0024800279643386602,0.0019190042512491345,0.009400365874171257,0.1273951381444931,0.028695257380604744,0.007968674413859844,0.026103751733899117,0.03578255698084831,0.019559314474463463,0.002618879545480013,0.01623726263642311,0.019258910790085793,,,,,,,,,,,,,,,
unknown,い,274,275,398.87,398.99,0.7109375,,0.004517106339335442,0.004417853429913521,0.02798275090754032,0.1322813332080841,0.024576205760240555,0.1579214185476303,0.013554482720792294,0.008712626062333584,0.07032781839370728,0.24481993913650513,0.05580906942486763,0.06376093626022339,0.04645683243870735,0.05889284238219261,0.08271607011556625,0.037463702261447906,0.014561628922820091,0.05273234471678734,0.05349054932594299,0.09031848609447479,0.038816723972558975,0.021446097642183304,0.012789575383067131,0.016321685165166855,0.03124641440808773,0.0038046417757868767,0.15127483010292053,0.030379872769117355,0.005241864826530218,0.12864448130130768,0.005403310060501099,0.002553302329033613,0.015138371847569942,0.0067434608936309814,0.09703465551137924,0.0348065122961998,0.0017870482988655567,0.011202860623598099,0.0042649563401937485,0.02521386742591858,0.06188717484474182,0.004427391104400158,0.002228532452136278,0.013320243917405605,0.11901716887950897,0.04702235013246536,0.010198409669101238,0.031952451914548874,0.03541221097111702,0.020399345085024834,0.0028833358082920313,0.02546873688697815,0.028592579066753387,,,,,,,,,,,,,,,
unknown,え,276,277,398.99,399.49,0.90722656,,0.011496813036501408,0.011928049847483635,0.05099868029356003,0.19166813790798187,0.011347704567015171,0.0955858826637268,0.006633750628679991,0.017838913947343826,0.04397759959101677,0.16830191016197205,0.04619544371962547,0.05092746764421463,0.041422367095947266,0.04878273233771324,0.04598579183220863,0.05264230817556381,0.021479802206158638,0.04122227057814598,0.03578798472881317,0.04109947010874748,0.021163584664463997,0.012125699780881405,0.006817636080086231,0.029547786340117455,0.024446286261081696,0.003326999256387353,0.2499937117099762,0.04290071502327919,0.005249636247754097,0.20919619500637054,0.002115868963301182,0.005452887155115604,0.011315654031932354,0.0035335517022758722,0.1277170330286026,0.08377140760421753,0.004092553164809942,0.020165372639894485,0.0031907083466649055,0.03683963045477867,0.06114479899406433,0.004913697950541973,0.0028019507881253958,0.009267793968319893,0.09249276667833328,0.07884661853313446,0.009946857579052448,0.01983577571809292,0.02769138664007187,0.04355573654174805,0.002677349606528878,0.017737198621034622,0.038414113223552704,,,,,,,,,,,,,,,
unknown,神,278,279,404.605,404.885,0.51708984,,0.016781877726316452,0.02265782654285431,0.039852458983659744,0.12686771154403687,0.003935492597520351,0.027626847848296165,0.006445521023124456,0.021106919273734093,0.02484310232102871,0.10590045899152756,0.11608245968818665,0.07694821804761887,0.0305545162409544,0.08510997891426086,0.03240683674812317,0.1580503284931183,0.02790466509759426,0.08518356829881668,0.013256825506687164,0.011630699969828129,0.0053708236664533615,0.008125306107103825,0.006051684729754925,0.046217694878578186,0.008649377152323723,0.005492989905178547,0.27712133526802063,0.052649423480033875,0.0027109929360449314,0.18544794619083405,0.0018921269802376628,0.020449798554182053,0.010236172005534172,0.0015043466119095683,0.11755376309156418,0.1474272906780243,0.016025958582758904,0.04026678949594498,0.0037479689344763756,0.08749812096357346,0.06486766040325165,0.014188883826136589,0.004906062036752701,0.012557350099086761,0.052594587206840515,0.16439533233642578,0.0068657672964036465,0.011448921635746956,0.008638709783554077,0.027695434167981148,0.005304563790559769,0.028139907866716385,0.08884715288877487,,,,,,,,,,,,,,,
unknown,透,280,281,404.885,405.385,0.4699707,,0.02138553559780121,0.0224143136292696,0.05878404155373573,0.15800027549266815,0.0037495072465389967,0.03108101896941662,0.004819770343601704,0.02772885374724865,0.025206241756677628,0.07128085196018219,0.0909663587808609,0.08921600133180618,0.04849062114953995,0.0980173870921135,0.034480176866054535,0.12899833917617798,0.04195218160748482,0.1003180667757988,0.014614841900765896,0.014314656145870686,0.005313362460583448,0.005244618747383356,0.008142770268023014,0.047272227704524994,0.008119041100144386,0.0037880081217736006,0.3714863657951355,0.06336556375026703,0.004514102358371019,0.2505599856376648,0.0014968839241191745,0.019030649214982986,0.008056159131228924,0.00132047850638628,0.18727999925613403,0.14698371291160583,0.009937254711985588,0.02879682555794716,0.001703777932561934,0.08346617966890335,0.0675639808177948,0.010350154712796211,0.004115263465791941,0.006757553666830063,0.06491397321224213,0.1694539189338684,0.007931729778647423,0.008997634053230286,0.01158510148525238,0.046865206211805344,0.004293955396860838,0.00833436381071806,0.09105260670185089,,,,,,,,,,,,,,,
unknown,痛,282,283,410.845,410.965,0.9951172,,0.030500777065753937,0.02081434614956379,0.08100227266550064,0.11881893873214722,0.006099643185734749,0.024940447881817818,0.00518516032025218,0.027141517028212547,0.022789366543293,0.035209570080041885,0.07896235585212708,0.13380113244056702,0.05365404859185219,0.0800824910402298,0.03058742545545101,0.15891045331954956,0.04378415271639824,0.1677892953157425,0.007148960139602423,0.009175144135951996,0.004412510432302952,0.00811006873846054,0.004730573855340481,0.06920073181390762,0.005521757993847132,0.007364653050899506,0.4315154254436493,0.059377770870923996,0.0030653593130409718,0.20925888419151306,0.0021619126200675964,0.03390245512127876,0.004792419262230396,0.0020944864954799414,0.18238840997219086,0.14720769226551056,0.0074219899252057076,0.022303037345409393,0.007637024391442537,0.14432187378406525,0.05591227114200592,0.017374742776155472,0.0022624367848038673,0.0043771895579993725,0.03651032596826553,0.2763924300670624,0.005228257272392511,0.0052466923370957375,0.008138476870954037,0.042701806873083115,0.005853549111634493,0.006091669201850891,0.2054343968629837,,,,,,,,,,,,,,,
unknown,い,284,285,410.965,411.465,0.6904297,,0.04739759489893913,0.02982919290661812,0.08859273046255112,0.09087882936000824,0.005905246827751398,0.02748667076230049,0.005226298701018095,0.03272906318306923,0.0179897453635931,0.028273217380046844,0.08279711753129959,0.1408318430185318,0.06293544173240662,0.13124439120292664,0.03271210566163063,0.16429024934768677,0.03820493072271347,0.20073361694812775,0.010759636759757996,0.011379980482161045,0.0037141714710742235,0.008353388868272305,0.007033088244497776,0.047493502497673035,0.004748701583594084,0.011033061891794205,0.4051051735877991,0.06309658288955688,0.003921444062143564,0.1498786360025406,0.0017927095759660006,0.039257973432540894,0.005222408566623926,0.0014183532912284136,0.1746586412191391,0.13535812497138977,0.011832249350845814,0.038494884967803955,0.008362902328372002,0.16091351211071014,0.07255404442548752,0.016881272196769714,0.002844499656930566,0.0075655789114534855,0.02869308926165104,0.264314740896225,0.004141836427152157,0.005769835785031319,0.007719278335571289,0.03703886270523071,0.009106750600039959,0.007424041163176298,0.19356778264045715,,,,,,,,,,,,,,,
unknown,汚,286,287,416.98,417.06003,0.7236328,,0.03536495193839073,0.02854805625975132,0.09384403377771378,0.12325623631477356,0.006939339451491833,0.032020777463912964,0.0058326032012701035,0.029303917661309242,0.025132855400443077,0.036803893744945526,0.07843710482120514,0.09740132093429565,0.06577061861753464,0.11700190603733063,0.03578232601284981,0.16451382637023926,0.06725958734750748,0.1290595382452011,0.017803167924284935,0.015054573304951191,0.007515133824199438,0.011362902820110321,0.007919574156403542,0.05847747251391411,0.009028295986354351,0.011787052266299725,0.31832462549209595,0.06598232686519623,0.004988981410861015,0.1344146728515625,0.002167655620723963,0.03150496631860733,0.011127431876957417,0.0025417753495275974,0.1581537425518036,0.14467884600162506,0.01489400863647461,0.04968739673495293,0.012602685950696468,0.13275673985481262,0.06982000172138214,0.01442734245210886,0.004188218619674444,0.0127437524497509,0.03976624086499214,0.24882175028324127,0.008143078535795212,0.01185949333012104,0.011556226760149002,0.03749966248869896,0.009050348773598671,0.009186383336782455,0.14030595123767853,,,,,,,,,,,,,,,
unknown,れ,288,289,417.06003,417.56003,0.9892578,,0.02137860283255577,0.02310161106288433,0.06443213671445847,0.12788662314414978,0.004803534597158432,0.033595021814107895,0.006623185705393553,0.017276952043175697,0.03138117119669914,0.060948025435209274,0.07416658848524094,0.0685216560959816,0.0730704665184021,0.08772947639226913,0.02496238984167576,0.14874736964702606,0.07238486409187317,0.0835094153881073,0.022859632968902588,0.011235609650611877,0.005243603605777025,0.011516375467181206,0.008215292356908321,0.04629860445857048,0.0104947155341506,0.007459903135895729,0.29865002632141113,0.044120319187641144,0.0038737349677830935,0.15742506086826324,0.0019376201089471579,0.024179473519325256,0.014135485514998436,0.0017025491688400507,0.14856433868408203,0.154220849275589,0.015384587459266186,0.05987604707479477,0.010690479539334774,0.09877908229827881,0.052484992891550064,0.010960466228425503,0.003582591889426112,0.01578747108578682,0.0335991233587265,0.19267919659614563,0.006360847968608141,0.012587975710630417,0.011454831808805466,0.03033219650387764,0.005940175615251064,0.014239560812711716,0.0891706719994545,,,,,,,,,,,,,,,
unknown,幸,290,291,424.38,424.62003,0.96435547,,0.019345905631780624,0.017137322574853897,0.048996906727552414,0.12220259755849838,0.0056417579762637615,0.047678325325250626,0.008519674651324749,0.014849713072180748,0.04516411945223808,0.09371035546064377,0.08981294184923172,0.060218170285224915,0.1106562465429306,0.1389179825782776,0.03861556574702263,0.1329667866230011,0.04903716221451759,0.06004545837640762,0.04365558922290802,0.023037726059556007,0.007574645336717367,0.013586895540356636,0.017901625484228134,0.020860793069005013,0.01434194017201662,0.0097468551248312,0.21089868247509003,0.03631248697638512,0.005017215386033058,0.0894455537199974,0.002377989934757352,0.023865673691034317,0.022603683173656464,0.001778183737769723,0.1396217942237854,0.10648711770772934,0.010018640197813511,0.05791271850466728,0.008902139030396938,0.06557252258062363,0.07695925980806351,0.010400529019534588,0.002176599809899926,0.02752029150724411,0.06060807779431343,0.13565915822982788,0.00289740483276546,0.02107577584683895,0.015157921239733696,0.024203062057495117,0.009177597239613533,0.016166290268301964,0.05339505895972252,,,,,,,,,,,,,,,
unknown,せ,292,293,424.62003,425.12003,0.99316406,,0.029607877135276794,0.022068290039896965,0.05538957193493843,0.15493422746658325,0.013005663640797138,0.08366619795560837,0.009138176217675209,0.019161486998200417,0.054903410375118256,0.08795984834432602,0.06004186347126961,0.04120408371090889,0.11895669996738434,0.1432141214609146,0.06888186931610107,0.08525758981704712,0.0320434495806694,0.04533050209283829,0.06384514272212982,0.050475042313337326,0.016794759780168533,0.01855435222387314,0.023549867793917656,0.014761717990040779,0.021718479692935944,0.01538450550287962,0.16511619091033936,0.03555130958557129,0.010127527639269829,0.06313970685005188,0.0029787111561745405,0.02206290140748024,0.021726923063397408,0.002934086602181196,0.11320324242115021,0.09167427569627762,0.010510795749723911,0.056240860372781754,0.01320017408579588,0.07120037078857422,0.08264019340276718,0.007365645840764046,0.002440342213958502,0.04251400753855705,0.14235109090805054,0.09176766872406006,0.002914105774834752,0.031114516779780388,0.019874220713973045,0.022218486294150352,0.014104503206908703,0.015711581334471703,0.043851565569639206,,,,,,,,,,,,,,,
unknown,は,294,295,429.63498,430.13498,0.90625,,0.027445850893855095,0.024647247046232224,0.04792896285653114,0.12587252259254456,0.008201184682548046,0.06417451053857803,0.00721170986071229,0.018501807004213333,0.045543208718299866,0.07463093101978302,0.08410508185625076,0.05004037544131279,0.08022329956293106,0.15838171541690826,0.05758276954293251,0.10610374063253403,0.03185804560780525,0.06366840749979019,0.04881136864423752,0.03735790774226189,0.01130994688719511,0.01282728835940361,0.01988806575536728,0.014853348024189472,0.0189181137830019,0.01412520743906498,0.18020738661289215,0.03876497596502304,0.00746296439319849,0.06428572535514832,0.002081172773614526,0.029742058366537094,0.02571127377450466,0.0017967399908229709,0.11088115721940994,0.08930764347314835,0.015546086244285107,0.06978800147771835,0.008479828014969826,0.07707831263542175,0.098308265209198,0.010914281010627747,0.0036801397800445557,0.03202388063073158,0.11922779679298401,0.11228639632463455,0.003934531472623348,0.028640100732445717,0.015398851595818996,0.023509584367275238,0.014492698945105076,0.021012967452406883,0.0547245629131794,,,,,,,,,,,,,,,
unknown,は,296,297,434.51498,434.595,0.9638672,,0.02784821391105652,0.024489006027579308,0.04960335046052933,0.12909314036369324,0.00565760163590312,0.06160373613238335,0.008834846317768097,0.018041104078292847,0.06389912217855453,0.07154502719640732,0.0970146507024765,0.054933253675699234,0.08973231166601181,0.17676617205142975,0.05383435636758804,0.10110874474048615,0.025898141786456108,0.06221271678805351,0.045931361615657806,0.038344353437423706,0.010478341020643711,0.01216729823499918,0.026362059637904167,0.01110617071390152,0.02609833888709545,0.017840232700109482,0.15788063406944275,0.03866005688905716,0.00770697882398963,0.05110454186797142,0.002284817863255739,0.03277132287621498,0.03441284969449043,0.00159959658049047,0.12527532875537872,0.07217937707901001,0.016025040298700333,0.04953690245747566,0.0065477872267365456,0.06855732202529907,0.11233508586883545,0.012509122490882874,0.004125736188143492,0.02838936448097229,0.1300654113292694,0.10357439517974854,0.004500747658312321,0.034606825560331345,0.01589866168797016,0.02533825859427452,0.020879026502370834,0.02084946259856224,0.041436199098825455,,,,,,,,,,,,,,,
unknown,い,298,299,434.595,435.095,0.4987793,,0.031119855120778084,0.024626819416880608,0.057095613330602646,0.16414818167686462,0.007295047864317894,0.0712723359465599,0.00754179572686553,0.019364256411790848,0.06562092900276184,0.07159704715013504,0.08118245750665665,0.05815109238028526,0.09894922375679016,0.168932244181633,0.07071169465780258,0.09010059386491776,0.02499961294233799,0.0605904795229435,0.04400084912776947,0.053601816296577454,0.015537098050117493,0.011422202922403812,0.02813568338751793,0.011597149074077606,0.026089852675795555,0.015254110097885132,0.1628681868314743,0.04262561351060867,0.008285137824714184,0.05186888948082924,0.002494968706741929,0.028149278834462166,0.02472676709294319,0.0021760938689112663,0.13929250836372375,0.06844459474086761,0.015014193952083588,0.04288202524185181,0.0060980296693742275,0.07035280019044876,0.10066211223602295,0.008874231018126011,0.004231066443026066,0.02096405066549778,0.18286758661270142,0.10024702548980713,0.005600945558398962,0.03159867972135544,0.017275894060730934,0.02553597278892994,0.017142150551080704,0.016425546258687973,0.0413140133023262,,,,,,,,,,,,,,,
unknown,使,300,301,442.4849,442.6846,0.9995117,,0.02868039347231388,0.028697744011878967,0.06275758892297745,0.22074219584465027,0.008148021064698696,0.06749886274337769,0.0062673515640199184,0.026917802169919014,0.06738946586847305,0.0432087779045105,0.05198068171739578,0.031224647536873817,0.07691540569067001,0.10033130645751953,0.04228730499744415,0.10307292640209198,0.06438030302524567,0.04957960546016693,0.06821736693382263,0.03689289838075638,0.015999717637896538,0.01363172847777605,0.014498426578938961,0.0489826500415802,0.036816176027059555,0.011680527590215206,0.24561171233654022,0.05916310101747513,0.009102223441004753,0.1332356482744217,0.002061642939224839,0.027552764862775803,0.031509269028902054,0.002948326524347067,0.11849315464496613,0.14860275387763977,0.018357407301664352,0.05763755366206169,0.010297614149749279,0.06594537198543549,0.09342097491025925,0.014115611091256142,0.010357564315199852,0.02233150228857994,0.10120732337236404,0.15978077054023743,0.025546081364154816,0.03594883531332016,0.03098888508975506,0.06330791115760803,0.009092411026358604,0.013740124180912971,0.06335941702127457,,,,,,,,,,,,,,,
unknown,わ,302,303,442.6846,442.8044,1.0,,0.028543705120682716,0.04037366434931755,0.06811292469501495,0.19118893146514893,0.0026320340111851692,0.024015219882130623,0.005617072805762291,0.029265111312270164,0.040798019617795944,0.03782018646597862,0.06620028614997864,0.03011055663228035,0.0696224644780159,0.1194419413805008,0.022094061598181725,0.130250945687294,0.09614410996437073,0.04166817665100098,0.03209780156612396,0.011789686046540737,0.004966863431036472,0.008318223990499973,0.012704339809715748,0.07297875732183456,0.016243431717157364,0.007901887409389019,0.29835331439971924,0.07239817827939987,0.007378408685326576,0.1947420984506607,0.0016545052640140057,0.027501966804265976,0.02257479541003704,0.0014260124880820513,0.15074513852596283,0.24063530564308167,0.035290610045194626,0.074610136449337,0.006339765153825283,0.05590497702360153,0.08677373081445694,0.010409174486994743,0.01526730041950941,0.01859927363693714,0.05036396533250809,0.15893757343292236,0.02008855901658535,0.019419847056269646,0.015342604368925095,0.05583079531788826,0.006776755675673485,0.01188476849347353,0.05177365988492966,,,,,,,,,,,,,,,
unknown,な,304,305,442.8044,442.88428,0.99609375,,0.02482571080327034,0.03588556498289108,0.05697871744632721,0.2108325958251953,0.003072843188419938,0.024642368778586388,0.005562799051403999,0.02592562884092331,0.04333551600575447,0.032266777008771896,0.05774538964033127,0.02950497530400753,0.06945891678333282,0.10541189461946487,0.02483537420630455,0.1291205883026123,0.08820667117834091,0.0482085756957531,0.028337934985756874,0.01260755117982626,0.005801467690616846,0.008290858939290047,0.012914655730128288,0.07985368371009827,0.016708113253116608,0.007519034668803215,0.3314782679080963,0.06531182676553726,0.0061685508117079735,0.21753525733947754,0.00180079007986933,0.028865579515695572,0.023871636018157005,0.0016225790604948997,0.14447586238384247,0.2467999905347824,0.034011006355285645,0.05305769294500351,0.006002600770443678,0.06364168226718903,0.08386038988828659,0.010142170824110508,0.013267829082906246,0.014476006850600243,0.06795001029968262,0.1670844554901123,0.019151870161294937,0.019609814509749413,0.016081877052783966,0.057483043521642685,0.0065174526534974575,0.010768186300992966,0.06160280108451843,,,,,,,,,,,,,,,
unknown,い,306,307,442.88428,443.38428,0.9951172,,0.02042858675122261,0.027855677530169487,0.05146698281168938,0.17967857420444489,0.008125276304781437,0.0498342327773571,0.011797882616519928,0.022581670433282852,0.05787871778011322,0.02528485655784607,0.03843415528535843,0.034860823303461075,0.10562834143638611,0.1682382971048355,0.0523015558719635,0.07984316349029541,0.0755571573972702,0.0705539807677269,0.07404112070798874,0.05122262239456177,0.02358073927462101,0.0224908459931612,0.034764330834150314,0.06450388580560684,0.029357818886637688,0.02060427889227867,0.2018035650253296,0.07175365835428238,0.0070330072194337845,0.11864186078310013,0.004715255461633205,0.015170481987297535,0.044041771441698074,0.005240391008555889,0.09811477363109589,0.11736859381198883,0.034874700009822845,0.052956704050302505,0.01716245338320732,0.05596265196800232,0.10676597058773041,0.010284686461091042,0.021724000573158264,0.04103180393576622,0.1043289452791214,0.1100255623459816,0.04533020034432411,0.04876493290066719,0.030902033671736717,0.03581592068076134,0.014058063738048077,0.014355950057506561,0.056027017533779144,,,,,,,,,,,,,,,
unknown,あ,308,309,449.07495,449.19476,0.9921875,,0.02416187897324562,0.03207288309931755,0.0533672533929348,0.20948249101638794,0.014020600356161594,0.07327455282211304,0.010661479085683823,0.02658732794225216,0.06571138650178909,0.028170490637421608,0.026363611221313477,0.02063964679837227,0.08925597369670868,0.13302081823349,0.06831876188516617,0.06361373513936996,0.0939270630478859,0.04266110435128212,0.1050833910703659,0.07128269970417023,0.044728782027959824,0.02581506036221981,0.0320596881210804,0.07179967314004898,0.0448823980987072,0.02036151848733425,0.15995487570762634,0.07411278039216995,0.012816362082958221,0.10739441961050034,0.0043083555065095425,0.013658634386956692,0.045452434569597244,0.007127558812499046,0.08587983250617981,0.11050239205360413,0.03445250913500786,0.046837761998176575,0.023006416857242584,0.04752636328339577,0.10560932755470276,0.008599226363003254,0.030638284981250763,0.04653482884168625,0.13966748118400574,0.10169018805027008,0.09155204147100449,0.06593377888202667,0.042227715253829956,0.04375791177153587,0.012576088309288025,0.016211220994591713,0.043011296540498734,,,,,,,,,,,,,,,
unknown,ま,310,311,449.19476,449.27466,0.9814453,,0.026143105700612068,0.033803172409534454,0.0496256947517395,0.1763453334569931,0.011589888483285904,0.05780480429530144,0.010870481841266155,0.027568534016609192,0.05359528958797455,0.026706630364060402,0.03391338512301445,0.02257840521633625,0.10771365463733673,0.16102486848831177,0.054558347910642624,0.09001562744379044,0.10706465691328049,0.043056197464466095,0.10776659101247787,0.04959942400455475,0.027438830584287643,0.027220344170928,0.03259505331516266,0.07135677337646484,0.03358111158013344,0.02109570801258087,0.18523822724819183,0.07159214466810226,0.009625433944165707,0.10569053143262863,0.004387159366160631,0.021042566746473312,0.05394493043422699,0.005856749136000872,0.09361548721790314,0.14652001857757568,0.037348683923482895,0.06920378655195236,0.030977347865700722,0.052332691848278046,0.10576162487268448,0.00934730563312769,0.01881713606417179,0.05794523283839226,0.09603139758110046,0.12229929119348526,0.033789582550525665,0.05766277760267258,0.03744177147746086,0.042217399924993515,0.01238201092928648,0.01694459840655327,0.04918243736028671,,,,,,,,,,,,,,,
unknown,り,312,313,449.27466,449.43442,0.99902344,,0.02665862627327442,0.043790318071842194,0.05152905732393265,0.17038966715335846,0.007890545763075352,0.05014975368976593,0.008864892646670341,0.025928186252713203,0.0604604035615921,0.03672757372260094,0.05056113749742508,0.020421640947461128,0.089378722012043,0.15768350660800934,0.04355812072753906,0.09774310886859894,0.12099790573120117,0.03412828594446182,0.09000507742166519,0.03746301680803299,0.017944609746336937,0.019862810149788857,0.027737291529774666,0.07170183211565018,0.03208484873175621,0.017033442854881287,0.1465187817811966,0.08842150121927261,0.010121569037437439,0.08637942373752594,0.003118047956377268,0.018184904009103775,0.038555942475795746,0.0033672733698040247,0.09603061527013779,0.13178181648254395,0.058172814548015594,0.07775922119617462,0.023330915719270706,0.04059937596321106,0.09364063292741776,0.009144940413534641,0.0505371131002903,0.04875617474317551,0.07661356031894684,0.11878950893878937,0.1013372614979744,0.04733370617032051,0.026750024408102036,0.03544698655605316,0.010629655793309212,0.024624427780508995,0.034720130264759064,,,,,,,,,,,,,,,
unknown,な,314,315,449.43442,449.51428,0.9716797,,0.03180014714598656,0.05365615338087082,0.06844068318605423,0.1780795156955719,0.00523721519857645,0.034307900816202164,0.007526533678174019,0.032706283032894135,0.056194622069597244,0.03147825598716736,0.05483778193593025,0.021504346281290054,0.08667001128196716,0.1507359743118286,0.03592294082045555,0.11402175575494766,0.13305579125881195,0.030996359884738922,0.06341694295406342,0.02681209146976471,0.014853360131382942,0.014866583980619907,0.023624565452337265,0.08507554233074188,0.029887596145272255,0.013930106535553932,0.16223730146884918,0.10541417449712753,0.009646019898355007,0.10015852004289627,0.0028115634340792894,0.024160806089639664,0.03708593547344208,0.0032522911205887794,0.1122690811753273,0.16399253904819489,0.06689240038394928,0.08266634494066238,0.016689689829945564,0.04578644409775734,0.09127360582351685,0.009363850578665733,0.05072635039687157,0.03672739863395691,0.075226329267025,0.13886190950870514,0.09425368160009384,0.042339980602264404,0.02452925592660904,0.04631391912698746,0.0093348054215312,0.01681285724043846,0.03679242730140686,,,,,,,,,,,,,,,
unknown,い,316,317,449.51428,450.01428,0.9873047,,0.031029004603624344,0.04320438578724861,0.06307022273540497,0.18320509791374207,0.005803342908620834,0.04296373575925827,0.007419805973768234,0.031035281717777252,0.058832235634326935,0.03878491744399071,0.05740315839648247,0.02565028890967369,0.0910806730389595,0.16668665409088135,0.0439826063811779,0.12110492587089539,0.09763429313898087,0.03730234503746033,0.08270261436700821,0.03639647364616394,0.017178161069750786,0.013990812934935093,0.030494818463921547,0.06525653600692749,0.033329159021377563,0.01194929052144289,0.16666442155838013,0.0945131853222847,0.009652473032474518,0.10078693926334381,0.0029362149070948362,0.024898426607251167,0.038187865167856216,0.0032029924914240837,0.11837854981422424,0.1425659954547882,0.047975972294807434,0.0774196982383728,0.012966440059244633,0.05262518301606178,0.10234230756759644,0.010626555420458317,0.03559013456106186,0.03647109493613243,0.0893295481801033,0.14872102439403534,0.0696060061454773,0.04673130065202713,0.02953299693763256,0.05120323970913887,0.008653583936393261,0.01660318300127983,0.04374345391988754,,,,,,,,,,,,,,,
unknown,赤,318,319,452.80502,452.92502,1.0,,0.008572838269174099,0.023179171606898308,0.028449611738324165,0.15046554803848267,0.010137613862752914,0.053230978548526764,0.013033062219619751,0.016270944848656654,0.06515618413686752,0.03257592394948006,0.02774697169661522,0.014069613069295883,0.054419759660959244,0.07329534739255905,0.032013874500989914,0.050818901509046555,0.2206566035747528,0.03025030717253685,0.08740105479955673,0.02861405909061432,0.025496333837509155,0.029041050001978874,0.013487759046256542,0.08165255188941956,0.04174771532416344,0.013705657795071602,0.16578570008277893,0.05623235926032066,0.00848747231066227,0.1633610725402832,0.004664919339120388,0.012678873725235462,0.10927622020244598,0.007439212407916784,0.07652018219232559,0.10965666174888611,0.03195364028215408,0.05268597602844238,0.019468307495117188,0.025160443037748337,0.07673429697751999,0.007405666634440422,0.023435158655047417,0.04988612234592438,0.09569764882326126,0.0753060057759285,0.06429190933704376,0.07093695551156998,0.042391110211610794,0.0362379364669323,0.009067236445844173,0.012543539516627789,0.02654029242694378,,,,,,,,,,,,,,,
unknown,ち,320,321,452.92502,452.965,0.9970703,,0.013983088545501232,0.03697605058550835,0.041870392858982086,0.12858732044696808,0.00954203400760889,0.05091109126806259,0.01323453988879919,0.026833856478333473,0.058368019759655,0.015687495470046997,0.024184031412005424,0.012258143164217472,0.06634105741977692,0.0789620578289032,0.02779446169734001,0.06663624197244644,0.13601329922676086,0.02520020492374897,0.08209178596735,0.022465866059064865,0.024624144658446312,0.033479202538728714,0.011173766106367111,0.12145242840051651,0.059025947004556656,0.016967730596661568,0.15227162837982178,0.0742131844162941,0.0073297349736094475,0.14462696015834808,0.003525033127516508,0.02417227253317833,0.16226443648338318,0.006324644200503826,0.05343233421444893,0.16109678149223328,0.050888463854789734,0.05194319784641266,0.028612293303012848,0.045871760696172714,0.08210944384336472,0.00923149473965168,0.02530927211046219,0.05189450457692146,0.06366489827632904,0.10294961929321289,0.05295748636126518,0.09878475964069366,0.034264009445905685,0.04058600962162018,0.009151702746748924,0.020136596634984016,0.036338817328214645,,,,,,,,,,,,,,,
unknown,ゃ,322,323,452.965,453.005,0.98583984,,0.02145034819841385,0.04204457253217697,0.04895073547959328,0.11040979623794556,0.008413375355303288,0.045221537351608276,0.014288450591266155,0.03701964020729065,0.04839305952191353,0.01613006927073002,0.025886761024594307,0.016377488151192665,0.07014847546815872,0.09558536857366562,0.026544960215687752,0.07806167006492615,0.11077997088432312,0.033229656517505646,0.08876378834247589,0.01955094374716282,0.019072391092777252,0.033719807863235474,0.014272969216108322,0.10662756115198135,0.053765397518873215,0.018055565655231476,0.17551463842391968,0.08125297725200653,0.00818347092717886,0.14719651639461517,0.0039715031161904335,0.03425956144928932,0.14555341005325317,0.00562678650021553,0.06053772196173668,0.16968446969985962,0.047222644090652466,0.062314096838235855,0.030711684376001358,0.05960806831717491,0.09418835490942001,0.011523673310875893,0.01861974224448204,0.056609466671943665,0.051510389894247055,0.11777541786432266,0.029402410611510277,0.09325020760297775,0.03484226390719414,0.051139574497938156,0.010146994143724442,0.023196863010525703,0.04972920939326286,,,,,,,,,,,,,,,
unknown,ん,324,325,453.005,453.505,0.9819336,,0.016541488468647003,0.032509006559848785,0.036077890545129776,0.10611142218112946,0.01317221112549305,0.060130853205919266,0.016698220744729042,0.03070802427828312,0.05019202083349228,0.01900116726756096,0.026462411507964134,0.01821114867925644,0.08496323972940445,0.10510662943124771,0.03399129584431648,0.0644100084900856,0.13778559863567352,0.04424639418721199,0.10852091759443283,0.02905893698334694,0.0240362249314785,0.03971761837601662,0.019207481294870377,0.095059335231781,0.045260000973939896,0.015022934414446354,0.1708717793226242,0.07608293741941452,0.009021594189107418,0.1503916084766388,0.005880388896912336,0.024168556556105614,0.1382429003715515,0.007380988448858261,0.06623794138431549,0.12769559025764465,0.03626887872815132,0.041855983436107635,0.028770359233021736,0.051725052297115326,0.0961117222905159,0.009777144528925419,0.018268749117851257,0.06192338094115257,0.07557426393032074,0.09699177742004395,0.03461240977048874,0.0911477655172348,0.04348768666386604,0.04381619766354561,0.008933466859161854,0.019121425226330757,0.04736655205488205,,,,,,,,,,,,,,,
unknown,ブ,326,327,458.725,458.765,0.92089844,,0.029221586883068085,0.03125336766242981,0.0668083056807518,0.17454685270786285,0.008410586044192314,0.06109583377838135,0.010500909760594368,0.02663571387529373,0.04572558403015137,0.023978790268301964,0.028628593310713768,0.03030097670853138,0.10148285329341888,0.07842420041561127,0.0226003248244524,0.06811940670013428,0.12438643723726273,0.044116102159023285,0.051820315420627594,0.021157395094633102,0.014995717443525791,0.023449532687664032,0.013831833377480507,0.06843563169240952,0.02570849098265171,0.014922155067324638,0.3081420660018921,0.04796992242336273,0.008953988552093506,0.20787303149700165,0.0034891802351921797,0.01631653867661953,0.028226112946867943,0.004290739540010691,0.1480635702610016,0.16911225020885468,0.02457103319466114,0.06439771503210068,0.03217562288045883,0.06417036056518555,0.05540524795651436,0.007793926168233156,0.008765168488025665,0.020118724554777145,0.05833054706454277,0.12816067039966583,0.021063361316919327,0.02532917819917202,0.0331670306622982,0.06948279589414597,0.009400220587849617,0.013813165947794914,0.05518053472042084,,,,,,,,,,,,,,,
unknown,ー,328,329,458.765,458.885,0.9785156,,0.029016956686973572,0.033267561346292496,0.07067245990037918,0.15015073120594025,0.007542901206761599,0.05631379783153534,0.010724112391471863,0.027069091796875,0.04619365930557251,0.024862242862582207,0.038891565054655075,0.031649213284254074,0.09021294862031937,0.07468410581350327,0.01920844428241253,0.0789540708065033,0.11595191806554794,0.04625455662608147,0.05007670074701309,0.016271356493234634,0.011640407145023346,0.023646730929613113,0.011887636035680771,0.06357473880052567,0.02676803432404995,0.01656833291053772,0.2836144268512726,0.04727231711149216,0.009123088791966438,0.1851128488779068,0.0032135886140167713,0.019084734842181206,0.03437839075922966,0.0037416662089526653,0.13548655807971954,0.17672991752624512,0.02901412360370159,0.06695548444986343,0.0375753752887249,0.0689157098531723,0.059354618191719055,0.009257733821868896,0.00974589679390192,0.023702507838606834,0.04711979255080223,0.13307897746562958,0.017718637362122536,0.027245379984378815,0.03192386403679848,0.07023930549621582,0.011085936799645424,0.01544610783457756,0.057817243039608,,,,,,,,,,,,,,,
unknown,ケ,330,331,458.885,459.385,0.80322266,,0.04016755521297455,0.05033232644200325,0.07247661054134369,0.1585180163383484,0.0038974471390247345,0.04021299630403519,0.008394217118620872,0.0379951149225235,0.02849034033715725,0.03230367228388786,0.0496363490819931,0.02437642775475979,0.06713622808456421,0.10986266285181046,0.020068688318133354,0.09910274296998978,0.1176367774605751,0.03409552574157715,0.07118063420057297,0.01701696403324604,0.008953592739999294,0.01387121994048357,0.015230856835842133,0.05591168254613876,0.019201967865228653,0.010441917926073074,0.2705777883529663,0.05770422890782356,0.012772289104759693,0.21251660585403442,0.002202433068305254,0.020063059404492378,0.030209390446543694,0.0020838542841374874,0.15799488127231598,0.2243795096874237,0.04463360831141472,0.12905248999595642,0.010647027753293514,0.05023305490612984,0.0816848874092102,0.009760181419551373,0.014841565862298012,0.0354665108025074,0.040063127875328064,0.13405631482601166,0.019049953669309616,0.026533102616667747,0.027449555695056915,0.07843167334794998,0.008833827450871468,0.015925036743283272,0.041620999574661255,,,,,,,,,,,,,,,
unknown,人,332,333,464.725,465.225,0.6015625,,0.030052438378334045,0.04304500296711922,0.05623113363981247,0.16491587460041046,0.007386047393083572,0.06916766613721848,0.00903804786503315,0.025552324950695038,0.039329737424850464,0.05546969175338745,0.048284996300935745,0.02473266050219536,0.07029207050800323,0.07513310015201569,0.027161458507180214,0.08419456332921982,0.14712892472743988,0.03101472742855549,0.07130197435617447,0.025495370849967003,0.015521743334829807,0.015366469509899616,0.014420571736991405,0.05003771558403969,0.02049960196018219,0.007862063124775887,0.2672122120857239,0.04738916829228401,0.011127307079732418,0.21921129524707794,0.002456041518598795,0.017094364389777184,0.02182048000395298,0.002532006474211812,0.1600455790758133,0.18646913766860962,0.03710224851965904,0.0792599767446518,0.009900021366775036,0.03567565232515335,0.07182627171278,0.008974460884928703,0.016530444845557213,0.021504046395421028,0.051150623708963394,0.12336849421262741,0.03404533118009567,0.022636231034994125,0.03184685483574867,0.07867354899644852,0.006693008355796337,0.016620954498648643,0.03205950930714607,,,,,,,,,,,,,,,
unknown,夢,334,335,470.2967,470.7967,0.99609375,,0.027035260573029518,0.03375549614429474,0.03228788822889328,0.16085226833820343,0.008572210557758808,0.09786167740821838,0.017289184033870697,0.031304776668548584,0.04758520424365997,0.053553346544504166,0.040521878749132156,0.02911774255335331,0.20904819667339325,0.14616438746452332,0.023892903700470924,0.04795858636498451,0.09829865396022797,0.031455621123313904,0.09372037649154663,0.018773561343550682,0.005546698346734047,0.020590398460626602,0.037110716104507446,0.03310779482126236,0.02115830034017563,0.007271353155374527,0.19558332860469818,0.05319919064640999,0.01964256539940834,0.18808063864707947,0.0035137864761054516,0.0133515615016222,0.018294068053364754,0.0015751642640680075,0.16195064783096313,0.12997645139694214,0.02033415623009205,0.08902302384376526,0.009362658485770226,0.0314013734459877,0.08276224136352539,0.00814259797334671,0.01634625904262066,0.034222014248371124,0.05513898283243179,0.06315761804580688,0.022422535344958305,0.020621178671717644,0.039425525814294815,0.0751705914735794,0.00620924262329936,0.023636963218450546,0.02538757584989071,,,,,,,,,,,,,,,
unknown,楽,336,337,476.97186,477.09177,0.984375,,0.03822794184088707,0.05212482064962387,0.05078510940074921,0.1855030208826065,0.003663348965346813,0.043348245322704315,0.008178948424756527,0.03269487991929054,0.033541951328516006,0.06040872633457184,0.043774303048849106,0.01903863437473774,0.11679958552122116,0.08603740483522415,0.017746785655617714,0.0715673640370369,0.1381925493478775,0.025488248094916344,0.04851686209440231,0.00911329872906208,0.002725542290136218,0.008688668720424175,0.016727013513445854,0.04886266961693764,0.009971914812922478,0.0045334589667618275,0.29356104135513306,0.05231267586350441,0.02145802415907383,0.2908715307712555,0.0016335557447746396,0.016637353226542473,0.008092537522315979,0.0007486799149774015,0.18938428163528442,0.2279224842786789,0.02862708643078804,0.06620009243488312,0.0045527443289756775,0.03879518806934357,0.04330919682979584,0.006334785837680101,0.015678804367780685,0.022776024416089058,0.049999505281448364,0.08864042907953262,0.02087247557938099,0.009909660555422306,0.017727065831422806,0.06484048813581467,0.004854723811149597,0.010366550646722317,0.028050197288393974,,,,,,,,,,,,,,,
unknown,し,338,339,477.09177,477.17172,0.9692383,,0.04202861338853836,0.04542937129735947,0.07785231620073318,0.17508336901664734,0.003389406017959118,0.0512765571475029,0.00681321183219552,0.04487841576337814,0.02664874494075775,0.039641156792640686,0.05477108806371689,0.029162734746932983,0.10447326302528381,0.1327541023492813,0.018601002171635628,0.0683242678642273,0.08288299292325974,0.030229277908802032,0.0689723864197731,0.016965491697192192,0.0044069839641451836,0.008879323489964008,0.017569823190569878,0.048287954181432724,0.010850897990167141,0.005455690901726484,0.28073838353157043,0.06960532814264297,0.01651429757475853,0.2519218921661377,0.0016549552092328668,0.011660204268991947,0.009813513606786728,0.0010861909249797463,0.21208612620830536,0.1823481321334839,0.022557802498340607,0.07087200880050659,0.003996426705271006,0.03357207402586937,0.08211048692464828,0.007374939508736134,0.016926350072026253,0.021454306319355965,0.04084869846701622,0.09732874482870102,0.02815423533320427,0.01277746632695198,0.027581611648201942,0.08421667665243149,0.00517217768356204,0.011608632281422615,0.029183248057961464,,,,,,,,,,,,,,,
unknown,い,340,341,477.17172,477.67172,0.76464844,,0.032377827912569046,0.042128387838602066,0.07081202417612076,0.16258688271045685,0.0034962506033480167,0.04811277240514755,0.007940337993204594,0.03701017051935196,0.026154866442084312,0.047071341425180435,0.05950017273426056,0.03594297915697098,0.10538091510534286,0.13112002611160278,0.017680292949080467,0.0667208656668663,0.11778958886861801,0.04301072657108307,0.052007079124450684,0.012023895047605038,0.003271724795922637,0.009330266155302525,0.015755614265799522,0.0508388951420784,0.008758312091231346,0.005066640209406614,0.3132189214229584,0.06965480744838715,0.016516510397195816,0.2797570824623108,0.0017162954900413752,0.011006834916770458,0.009513387456536293,0.0009366213344037533,0.22191208600997925,0.18156543374061584,0.022993719205260277,0.06218980252742767,0.003980969078838825,0.034726325422525406,0.06806054711341858,0.00594564713537693,0.0169140063226223,0.020412862300872803,0.039095357060432434,0.08894471079111099,0.025372223928570747,0.010680897161364555,0.019786054268479347,0.06065240874886513,0.004873317666351795,0.012337327934801579,0.029271256178617477,,,,,,,,,,,,,,,
unknown,空,342,343,482.185,482.545,0.9658203,,0.05180341750383377,0.07140260189771652,0.18104922771453857,0.10577479004859924,0.002471995074301958,0.039928194135427475,0.010879969224333763,0.07343421131372452,0.019540362060070038,0.04176238551735878,0.09748903661966324,0.06082013621926308,0.07907699793577194,0.25624752044677734,0.015904052183032036,0.06305281817913055,0.09507840126752853,0.04992340877652168,0.045863013714551926,0.01188788004219532,0.002254277467727661,0.012262006290256977,0.015845226123929024,0.0443291999399662,0.0064610973931849,0.0072428882122039795,0.23734089732170105,0.169623464345932,0.019164137542247772,0.17662516236305237,0.002680592006072402,0.011567438952624798,0.00571105582639575,0.001096983440220356,0.21787619590759277,0.15248990058898926,0.03638482838869095,0.11557866632938385,0.005233359523117542,0.025134816765785217,0.08901696652173996,0.004779952112585306,0.043387506157159805,0.03506186977028847,0.025669340044260025,0.06549455970525742,0.03232666105031967,0.008772614412009716,0.01306250412017107,0.03742630407214165,0.005648891907185316,0.014278500340878963,0.018465083092451096,,,,,,,,,,,,,,,
unknown,飛,344,345,482.545,482.70502,0.9526367,,0.03742240369319916,0.04967152699828148,0.12728922069072723,0.1331593543291092,0.0037245380226522684,0.05039605125784874,0.01013885997235775,0.05046393722295761,0.0158313550055027,0.04620852693915367,0.07986146211624146,0.06106302887201309,0.057845260947942734,0.17647486925125122,0.01753842830657959,0.06315972656011581,0.15325795114040375,0.061402156949043274,0.04116705805063248,0.013208453543484211,0.0031398346181958914,0.011693169362843037,0.010951612144708633,0.05130689963698387,0.005250296555459499,0.00568895461037755,0.33482876420021057,0.11100532114505768,0.018328409641981125,0.28635427355766296,0.0025517961475998163,0.007634278852492571,0.004648744594305754,0.0012749329907819629,0.26837077736854553,0.1478489339351654,0.022958246991038322,0.08757033944129944,0.004331344738602638,0.028663532808423042,0.0683392584323883,0.005047115497291088,0.02281782403588295,0.022553158923983574,0.027034036815166473,0.08562809973955154,0.033529751002788544,0.006740617100149393,0.014258546754717827,0.043715476989746094,0.004658719524741173,0.010212329216301441,0.024524496868252754,,,,,,,,,,,,,,,
unknown,ぶ,346,347,482.70502,483.20502,0.8642578,,0.0395674854516983,0.05423054099082947,0.1373610943555832,0.1484391689300537,0.002757677575573325,0.03634020313620567,0.009022846817970276,0.055927034467458725,0.015305828303098679,0.03853214904665947,0.07104669511318207,0.062381163239479065,0.062096983194351196,0.16751691699028015,0.016032522544264793,0.05865577608346939,0.11802368611097336,0.058394599705934525,0.023385165259242058,0.010903021320700645,0.002423002850264311,0.008530751802027225,0.010456129908561707,0.06285425275564194,0.0043228440918028355,0.004218526650220156,0.36848342418670654,0.12899380922317505,0.01438814029097557,0.3367840349674225,0.0024080693256109953,0.006140125449746847,0.0030034405644983053,0.0011253692209720612,0.27249616384506226,0.16512596607208252,0.02335697039961815,0.07183053344488144,0.0026419644709676504,0.028426798060536385,0.06486121565103531,0.004578383173793554,0.024852894246578217,0.012227487750351429,0.025135310366749763,0.0831337720155716,0.03684230521321297,0.004945142660290003,0.01134465727955103,0.04841472953557968,0.003557459218427539,0.007746231276541948,0.02636265940964222,,,,,,,,,,,,,,,
unknown,9,348,349,490.025,490.185,0.89697266,,0.03839556500315666,0.04621042683720589,0.1367562711238861,0.12772665917873383,0.0048636398278176785,0.04752054810523987,0.006255363579839468,0.06823697686195374,0.00907959509640932,0.0417136512696743,0.06830429285764694,0.06909748911857605,0.04766739532351494,0.17553168535232544,0.02924555167555809,0.05335349217057228,0.10649146884679794,0.0714959129691124,0.018934577703475952,0.01742243766784668,0.0035097049549221992,0.00625549117103219,0.008598501794040203,0.06459411978721619,0.0019325774628669024,0.0029266448691487312,0.4646012485027313,0.1374538391828537,0.019135981798171997,0.42306533455848694,0.0017432363238185644,0.006492424290627241,0.0015603265492245555,0.001087187440134585,0.3032626807689667,0.16615831851959229,0.013279874809086323,0.04534954950213432,0.0012958177831023932,0.02232770062983036,0.05759698525071144,0.0030879995319992304,0.014245806261897087,0.0073920865543186665,0.03293219953775406,0.07145050168037415,0.01980859413743019,0.0029520352836698294,0.009280076250433922,0.044063713401556015,0.002544456860050559,0.005524429492652416,0.02643631584942341,,,,,,,,,,,,,,,
unknown,時,350,351,490.185,490.685,0.82666016,,0.057166386395692825,0.08636379987001419,0.17941375076770782,0.1352693885564804,0.0021597109735012054,0.021551767364144325,0.00440474646165967,0.09169258922338486,0.009574954397976398,0.03666135296225548,0.11886319518089294,0.08505239337682724,0.038739386945962906,0.21658238768577576,0.023769332095980644,0.08380329608917236,0.10183030366897583,0.07196769118309021,0.013274610973894596,0.011152657680213451,0.002368337707594037,0.00458558602258563,0.007983234710991383,0.0982149988412857,0.002115950919687748,0.004503027535974979,0.39755919575691223,0.23484939336776733,0.015203491784632206,0.30866310000419617,0.0014245688216760755,0.008405429311096668,0.002008468145504594,0.0008739473414607346,0.28318631649017334,0.21317462623119354,0.04666738584637642,0.08936718851327896,0.0016431435942649841,0.023900507017970085,0.06697745621204376,0.003325672121718526,0.0562443770468235,0.007559477351605892,0.024346327409148216,0.0875672996044159,0.0522475503385067,0.0036177542060613632,0.005997512023895979,0.033462487161159515,0.003952991683036089,0.012509762309491634,0.028355274349451065,,,,,,,,,,,,,,,
unknown,幽,352,353,497.43365,497.6332,0.9941406,,0.05602492019534111,0.06641063839197159,0.21895036101341248,0.10808522999286652,0.0032545586582273245,0.0336059108376503,0.004560993518680334,0.11081887781620026,0.008274182677268982,0.046482279896736145,0.11498798429965973,0.10346753150224686,0.03942614421248436,0.23734964430332184,0.029274022206664085,0.07907326519489288,0.0910467728972435,0.06689814478158951,0.018109790980815887,0.015058733522891998,0.003712978446856141,0.005747142247855663,0.007674528285861015,0.07161347568035126,0.002416870789602399,0.0035930934827774763,0.301249623298645,0.2521715760231018,0.0178205668926239,0.23069797456264496,0.0016080265631899238,0.010380192659795284,0.0019013886339962482,0.0012380712432786822,0.25853848457336426,0.14323192834854126,0.023657839745283127,0.08275246620178223,0.0018387878080829978,0.02571936883032322,0.08047237247228622,0.0038567017763853073,0.03211643919348717,0.008952520787715912,0.029655560851097107,0.08936744183301926,0.03623925894498825,0.004089338704943657,0.008073938079178333,0.03859079256653786,0.0028899875469505787,0.01290004700422287,0.030042355880141258,,,,,,,,,,,,,,,
unknown,霊,354,355,497.6332,498.1332,0.96875,,0.05124296247959137,0.0654502585530281,0.16487018764019012,0.16859781742095947,0.00237081665545702,0.026388702914118767,0.004176878370344639,0.08126019686460495,0.008858156390488148,0.04573727399110794,0.09464427083730698,0.07915544509887695,0.051244884729385376,0.18532802164554596,0.02083568274974823,0.0905463770031929,0.1081080436706543,0.05454340577125549,0.019437169656157494,0.01018499955534935,0.002567024901509285,0.005355924367904663,0.007585243787616491,0.07513708621263504,0.0028920031618326902,0.0027814365457743406,0.3431333005428314,0.1870918571949005,0.010233470238745213,0.2814328372478485,0.0015758788213133812,0.012789804488420486,0.0021313803736120462,0.0011207670904695988,0.26363563537597656,0.19349902868270874,0.027365414425730705,0.13332632184028625,0.0018099696608260274,0.028717178851366043,0.0597902350127697,0.004252216778695583,0.022488821297883987,0.00973848532885313,0.029137132689356804,0.10720544308423996,0.024232329800724983,0.0036883882712572813,0.008419537916779518,0.044887762516736984,0.0023460746742784977,0.0085210632532835,0.034140173345804214,,,,,,,,,,,,,,,
unknown,鳥,356,357,499.62857,500.12857,0.51464844,,0.06588423997163773,0.07658615708351135,0.18610136210918427,0.17220917344093323,0.003300722222775221,0.047468770295381546,0.005086999852210283,0.0817379355430603,0.01075931265950203,0.060779161751270294,0.10467458516359329,0.059742044657468796,0.04689914733171463,0.1733526587486267,0.02665494754910469,0.08550838381052017,0.07577213644981384,0.030552800744771957,0.039065998047590256,0.020875370129942894,0.004267053212970495,0.007048688363283873,0.00890025682747364,0.04411347582936287,0.004316470120102167,0.003170971293002367,0.27346479892730713,0.15632875263690948,0.013513052836060524,0.2157834768295288,0.0018708755960687995,0.011013724841177464,0.0024805651046335697,0.001316513167694211,0.241705983877182,0.16324375569820404,0.026684649288654327,0.14206260442733765,0.002069866983219981,0.024555938318371773,0.0655292272567749,0.003981634043157101,0.018812768161296844,0.015040108934044838,0.03247838094830513,0.09808489680290222,0.020703893154859543,0.005367309786379337,0.012005163356661797,0.0421508252620697,0.0028030360117554665,0.011062473990023136,0.02159333974123001,,,,,,,,,,,,,,,
unknown,星,358,359,508.8241,508.94403,0.9555664,,0.058675579726696014,0.07125143706798553,0.13004907965660095,0.1879892498254776,0.0039015826769173145,0.07680490612983704,0.004424762446433306,0.07540509104728699,0.011574666015803814,0.09488249570131302,0.08736467361450195,0.048322152346372604,0.03416590765118599,0.10294334590435028,0.02542511187493801,0.08845775574445724,0.06118469685316086,0.032220982015132904,0.06031326204538345,0.019264090806245804,0.0038660713471472263,0.006649268791079521,0.006088945083320141,0.04336688667535782,0.005443710833787918,0.0028974933084100485,0.33212438225746155,0.11714507639408112,0.015765924006700516,0.3002746105194092,0.0011351170251145959,0.012785392813384533,0.00322389742359519,0.0008191640372388065,0.21080940961837769,0.18045058846473694,0.0218742024153471,0.0850689560174942,0.0018178472528234124,0.03021319769322872,0.06411249190568924,0.005502931773662567,0.013059857301414013,0.016266068443655968,0.036793824285268784,0.11485840380191803,0.01673031784594059,0.005976456217467785,0.01593976840376854,0.05587092787027359,0.002801354741677642,0.015379654243588448,0.026793215423822403,,,,,,,,,,,,,,,
unknown,い,360,361,508.94403,509.44403,0.66503906,,0.047504208981990814,0.05787811055779457,0.11244137585163116,0.19156236946582794,0.003955824300646782,0.07542332261800766,0.004467681050300598,0.06684872508049011,0.01280120573937893,0.09373427927494049,0.07690352946519852,0.04646942391991615,0.03776737302541733,0.09497960656881332,0.024258872494101524,0.08502829819917679,0.06718160212039948,0.0349276065826416,0.05842866003513336,0.01782003790140152,0.003928381484001875,0.006689626723527908,0.0062293969094753265,0.04770750179886818,0.00642021419480443,0.002489411039277911,0.3299972116947174,0.10907302051782608,0.015075994655489922,0.30778661370277405,0.001098630134947598,0.011431781575083733,0.004007413517683744,0.0008042316767387092,0.1937231719493866,0.17283456027507782,0.017124410718679428,0.07224500924348831,0.0017372368602082133,0.03221077099442482,0.06643371284008026,0.005874739494174719,0.010762005113065243,0.014428897760808468,0.03564717248082161,0.11577080935239792,0.016927426680922508,0.00685105612501502,0.016103539615869522,0.05862943455576897,0.00241508474573493,0.015644142404198647,0.031138991937041283,,,,,,,,,,,,,,,
unknown,お,362,363,516.3385,516.5383,0.39819336,,0.05474355071783066,0.06184902414679527,0.11149537563323975,0.19758565723896027,0.003836157498881221,0.07263966649770737,0.0036041499115526676,0.07794258743524551,0.010448900051414967,0.07880690693855286,0.07181650400161743,0.041759103536605835,0.03918389230966568,0.09634806215763092,0.023892609402537346,0.08109242469072342,0.05691174790263176,0.03295150771737099,0.060889869928359985,0.018224425613880157,0.003600242082029581,0.005784720182418823,0.00623543094843626,0.04909420385956764,0.005021083168685436,0.0023614768870174885,0.3534218668937683,0.10882607102394104,0.015287043526768684,0.33065101504325867,0.0009042299934662879,0.011460847221314907,0.0031572021543979645,0.0007202673004940152,0.20221562683582306,0.19076573848724365,0.01733524352312088,0.0698900893330574,0.0014989273622632027,0.02915319800376892,0.06707940995693207,0.005465646740049124,0.010005961172282696,0.014233962632715702,0.03595113009214401,0.11118608713150024,0.013643898069858551,0.005607207305729389,0.018276425078511238,0.06979873776435852,0.0023494241759181023,0.013265321031212807,0.030802983790636063,,,,,,,,,,,,,,,
unknown,薬,364,365,516.5383,517.0383,0.9716797,,0.03222283348441124,0.04478740692138672,0.06828313320875168,0.2111452966928482,0.003024341771379113,0.0488906130194664,0.004831394646316767,0.044542305171489716,0.01384222786873579,0.0789274126291275,0.08296485245227814,0.05705111846327782,0.058634404093027115,0.08495394885540009,0.019987909123301506,0.07462985068559647,0.16277876496315002,0.050902195274829865,0.04201964661478996,0.014466224238276482,0.0031136891338974237,0.005828232504427433,0.007926694117486477,0.06361610442399979,0.0042837499640882015,0.002968141809105873,0.4000645577907562,0.08987441658973694,0.011430620215833187,0.3684374988079071,0.0013081751530990005,0.009586064144968987,0.004565631505101919,0.0008561707800254226,0.2779555916786194,0.14747057855129242,0.018053371459245682,0.045154426246881485,0.0012050732038915157,0.01817231997847557,0.05069860443472862,0.007008580956608057,0.012362412177026272,0.009381900541484356,0.03655382990837097,0.11205440014600754,0.031327228993177414,0.005050783045589924,0.017855999991297722,0.06272171437740326,0.0038302834145724773,0.010492165572941303,0.030042916536331177,,,,,,,,,,,,,,,
unknown,眠,366,367,520.3754,520.5753,0.99609375,,0.04620271921157837,0.050787098705768585,0.088887520134449,0.17285090684890747,0.003701964858919382,0.05493941158056259,0.003753288881853223,0.06941390037536621,0.00991362426429987,0.056920330971479416,0.07885129004716873,0.06253894418478012,0.0700269266963005,0.12394324690103531,0.028492247685790062,0.05243951454758644,0.09065844863653183,0.04032633453607559,0.03465494513511658,0.02372429147362709,0.004078602883964777,0.0046265400014817715,0.009920172393321991,0.04268322512507439,0.002696523442864418,0.0024588066153228283,0.3619447946548462,0.11571726202964783,0.013795606791973114,0.29989415407180786,0.0012106907088309526,0.007838025689125061,0.002271409612149,0.0009360912954434752,0.3209817707538605,0.10478691011667252,0.013873562216758728,0.04271264746785164,0.000757048255763948,0.016305329278111458,0.04915400967001915,0.0036837803199887276,0.009826436638832092,0.006473924499005079,0.05049743130803108,0.07771272212266922,0.02135264128446579,0.0036944106686860323,0.01732020638883114,0.057819437235593796,0.003188633592799306,0.008393393829464912,0.021867061033844948,,,,,,,,,,,,,,,
unknown,い,368,369,520.5753,521.01,0.97802734,,0.03358052670955658,0.042934805154800415,0.08392199873924255,0.1278529167175293,0.00153248046990484,0.03044353425502777,0.004457775969058275,0.05135670304298401,0.008285482414066792,0.05969179421663284,0.13775095343589783,0.10594355314970016,0.05058175325393677,0.17187835276126862,0.022851550951600075,0.08577953279018402,0.056479621678590775,0.06965383142232895,0.022013669833540916,0.012391814030706882,0.0018595969304442406,0.0036805339623242617,0.010831058956682682,0.04332303628325462,0.0016313743544742465,0.0028251803014427423,0.4061543941497803,0.11461099237203598,0.007198696490377188,0.32208433747291565,0.0011217811843380332,0.009014440700411797,0.002193805295974016,0.0004948106943629682,0.34016677737236023,0.12389136850833893,0.020760387182235718,0.039511919021606445,0.0006960612372495234,0.01947653293609619,0.04790694639086723,0.004361656494438648,0.012083045206964016,0.005754786543548107,0.0280389916151762,0.09358268976211548,0.01472405530512333,0.002837994135916233,0.008807174861431122,0.033193692564964294,0.003558257594704628,0.018690824508666992,0.025191843509674072,,,,,,,,,,,,,,,
unknown,家,370,371,526.75,526.87,1.0,,0.018622569739818573,0.026919299736618996,0.06069624051451683,0.1196729764342308,0.0018290210282430053,0.04064146801829338,0.007760492153465748,0.032722972333431244,0.012549924664199352,0.10275520384311676,0.16905511915683746,0.11078079789876938,0.05811944976449013,0.13930484652519226,0.01865987293422222,0.11112694442272186,0.060890473425388336,0.0621565543115139,0.03163373842835426,0.01156897284090519,0.0020650250371545553,0.006564926356077194,0.010893255472183228,0.046069033443927765,0.003014927264302969,0.0025975690223276615,0.30989885330200195,0.09057825058698654,0.004301962908357382,0.27888765931129456,0.0017338527832180262,0.009450345300137997,0.003546186489984393,0.0006588232354260981,0.25517311692237854,0.10736402124166489,0.01565992832183838,0.042923107743263245,0.0012517329305410385,0.017876775935292244,0.05421297624707222,0.009739686734974384,0.01121413055807352,0.008322506211698055,0.020642125979065895,0.11592309921979904,0.019001679494976997,0.004148080479353666,0.0124218063428998,0.03666142374277115,0.002809063531458378,0.03784947469830513,0.02865288220345974,,,,,,,,,,,,,,,
unknown,族,372,373,526.87,527.07,1.0,,0.01058862917125225,0.014592872932553291,0.04082738235592842,0.11885318160057068,0.002567142713814974,0.07094951719045639,0.009947261773049831,0.01977824792265892,0.015446750447154045,0.14691047370433807,0.175848126411438,0.12226301431655884,0.061317216604948044,0.13196079432964325,0.022189078852534294,0.10454684495925903,0.045401714742183685,0.06701342761516571,0.04727794975042343,0.01454356499016285,0.0025924218352884054,0.00848727859556675,0.011805589310824871,0.03135666996240616,0.004294338170439005,0.002573773032054305,0.27922171354293823,0.05785717815160751,0.003894476918503642,0.25762036442756653,0.0016232776688411832,0.008945861831307411,0.00564165273681283,0.0006038524443283677,0.21851998567581177,0.08108414709568024,0.008351802825927734,0.031640443950891495,0.0013190523022785783,0.01793832704424858,0.06406079232692719,0.012197962030768394,0.005742416251450777,0.009263865649700165,0.0237937793135643,0.11178130656480789,0.011468869633972645,0.0056951711885631084,0.014710579067468643,0.03157939016819,0.002826192881911993,0.06830062717199326,0.02971842512488365,,,,,,,,,,,,,,,
unknown,と,374,375,527.07,527.15,0.9868164,,0.009501107037067413,0.01293861772865057,0.043437015265226364,0.109784796833992,0.0020265597850084305,0.056591473519802094,0.008923236280679703,0.020445488393306732,0.012509597465395927,0.14125315845012665,0.2180641144514084,0.12210133671760559,0.04730195179581642,0.11558480560779572,0.01873651146888733,0.12269894778728485,0.03629407286643982,0.05819729343056679,0.04463057219982147,0.011255773715674877,0.0022552129812538624,0.007993554696440697,0.008454620838165283,0.03606963902711868,0.003780676983296871,0.002381462138146162,0.24071870744228363,0.05755854770541191,0.003030821681022644,0.24378709495067596,0.001626748126000166,0.008747170679271221,0.004929151851683855,0.0006600536871701479,0.19206014275550842,0.08355367183685303,0.00819551944732666,0.03182479366660118,0.0014392667217180133,0.01694418303668499,0.06362605839967728,0.016409406438469887,0.005873745307326317,0.009330486878752708,0.018060825765132904,0.1289001852273941,0.011620989069342613,0.005277718883007765,0.015161707997322083,0.031980935484170914,0.002544238930568099,0.07318037748336792,0.033024758100509644,,,,,,,,,,,,,,,
unknown,過,376,377,527.15,527.27,0.9975586,,0.009782121516764164,0.010715763084590435,0.042617347091436386,0.11677616834640503,0.003341175150126219,0.0818343386054039,0.015073060058057308,0.019571250304579735,0.02185571938753128,0.09705895930528641,0.12387844920158386,0.14798933267593384,0.11722329258918762,0.20426079630851746,0.023683013394474983,0.05986889451742172,0.040333233773708344,0.0691966861486435,0.05450645461678505,0.023289810866117477,0.004351719282567501,0.013212810270488262,0.025357460603117943,0.021401457488536835,0.0073730372823774815,0.0035863383673131466,0.1896710842847824,0.06477447599172592,0.004207459744066,0.1496039479970932,0.003448058618232608,0.005211332347244024,0.007159898057579994,0.001286673592403531,0.2239179015159607,0.04309301823377609,0.006150859873741865,0.03207160532474518,0.002000815700739622,0.015190217643976212,0.08838681876659393,0.009587843902409077,0.006508398801088333,0.009751396253705025,0.03215167298913002,0.07447455823421478,0.015508734621107578,0.008771827444434166,0.023333068937063217,0.03555676341056824,0.0035099622327834368,0.04471059888601303,0.023220553994178772,,,,,,,,,,,,,,,
unknown,ご,378,379,527.27,527.39,1.0,,0.013509737327694893,0.01389375701546669,0.05817114934325218,0.13079646229743958,0.0018795926589518785,0.047683730721473694,0.010916600003838539,0.02581881731748581,0.01771244965493679,0.07508117705583572,0.13186772167682648,0.1657969057559967,0.09421764314174652,0.21433347463607788,0.020177403464913368,0.0776171013712883,0.0332891121506691,0.07950495183467865,0.031095338985323906,0.014978796243667603,0.002667528809979558,0.00843198224902153,0.01937103271484375,0.028633225709199905,0.005475059151649475,0.003037460148334503,0.2589256763458252,0.08061680197715759,0.0035913540050387383,0.19535592198371887,0.00255371630191803,0.006901899818331003,0.005222341977059841,0.000914500851649791,0.24593496322631836,0.06160816177725792,0.007307651452720165,0.04167205095291138,0.0013645272701978683,0.021521341055631638,0.08244533091783524,0.009965520352125168,0.006154167000204325,0.0065016732551157475,0.028344498947262764,0.09645237773656845,0.012329201214015484,0.006306148134171963,0.014787544496357441,0.037647221237421036,0.0030211147386580706,0.03972875699400902,0.03302593529224396,,,,,,,,,,,,,,,
unknown,す,380,381,527.39,527.47003,0.99560547,,0.01571894809603691,0.020848816260695457,0.07709112763404846,0.16368089616298676,0.0014593973755836487,0.021873384714126587,0.005839521996676922,0.04037056118249893,0.00912391021847725,0.06996943056583405,0.16495856642723083,0.132483571767807,0.04808267951011658,0.1759641468524933,0.024349140003323555,0.14301720261573792,0.029468577355146408,0.07313282787799835,0.012638471089303493,0.008377376943826675,0.0017738804453983903,0.004699280019849539,0.007657517213374376,0.07836134731769562,0.002040949882939458,0.0021056707482784986,0.359687864780426,0.12779779732227325,0.0026304591447114944,0.33110693097114563,0.0017261970788240433,0.012336540967226028,0.0019882151391357183,0.0008066123118624091,0.20421479642391205,0.15075112879276276,0.011334036476910114,0.04722584784030914,0.0009475385886617005,0.02720247022807598,0.04806908965110779,0.01054846215993166,0.008111652918159962,0.005175353959202766,0.03454582765698433,0.1371660828590393,0.010264898650348186,0.002812494058161974,0.006225068587809801,0.02705395594239235,0.001953916624188423,0.03074108064174652,0.053579509258270264,,,,,,,,,,,,,,,
unknown,こ,382,383,527.47003,527.59,0.9736328,,0.02084825374186039,0.025314955040812492,0.11192643642425537,0.1949048638343811,0.001374892657622695,0.02348790317773819,0.005632508080452681,0.05204634740948677,0.01182364672422409,0.04798463359475136,0.11912747472524643,0.11634163558483124,0.08115147799253464,0.22611258924007416,0.021420910954475403,0.07540622353553772,0.028688890859484673,0.04665052518248558,0.014383997768163681,0.011014925315976143,0.0020462926477193832,0.005205167457461357,0.011850966140627861,0.05143534019589424,0.0030399367678910494,0.0025849533267319202,0.25620484352111816,0.16413135826587677,0.0038449459243565798,0.20143194496631622,0.0021604292560368776,0.008315660059452057,0.0019670745823532343,0.0011867532739415765,0.20886670053005219,0.10408667474985123,0.012025639414787292,0.07573112100362778,0.00110997271258384,0.02027134783565998,0.055178046226501465,0.005445270333439112,0.011975745670497417,0.0058829691261053085,0.05038833245635033,0.07877875119447708,0.013954348862171173,0.003460719482973218,0.008650898933410645,0.029185263440012932,0.002334294840693474,0.018108008429408073,0.03104638308286667,,,,,,,,,,,,,,,
unknown,と,384,385,527.59,528.09,0.9550781,,0.03519150987267494,0.04563888907432556,0.1417888104915619,0.21350611746311188,0.0017447362188249826,0.02256924659013748,0.003648709272965789,0.05293739587068558,0.012052264995872974,0.04735521972179413,0.11032471805810928,0.10883208364248276,0.06160420924425125,0.1636802852153778,0.027422498911619186,0.08696097880601883,0.04620668292045593,0.05568747967481613,0.012346912175416946,0.013650971464812756,0.002542732050642371,0.003629580605775118,0.009165245108306408,0.06140156835317612,0.0029767081141471863,0.002510369522497058,0.34390610456466675,0.16671369969844818,0.005688616540282965,0.24044670164585114,0.0014510945184156299,0.008524110540747643,0.0019774020183831453,0.0010032133432105184,0.2654436528682709,0.1325092911720276,0.020651627331972122,0.07512729614973068,0.0008726941305212677,0.027599278837442398,0.04072071239352226,0.003416767343878746,0.01616792008280754,0.004056955222040415,0.037550970911979675,0.09944549947977066,0.023472754284739494,0.0034739580005407333,0.006371266674250364,0.02613402158021927,0.002587700029835105,0.01165700238198042,0.033560629934072495,,,,,,,,,,,,,,,
unknown,k,386,387,530.03,530.53,0.37768555,,0.02625432424247265,0.0431768074631691,0.12113767117261887,0.23319914937019348,0.0009721970418468118,0.01495512668043375,0.003601952688768506,0.03819209337234497,0.010558568872511387,0.04190324619412422,0.10788416117429733,0.08905086666345596,0.05573271960020065,0.14824233949184418,0.022249972447752953,0.10167134553194046,0.059163786470890045,0.043313026428222656,0.007166600786149502,0.00792103260755539,0.001534256967715919,0.0025746969040483236,0.00671407813206315,0.06086592376232147,0.001962670823559165,0.0014821089571341872,0.45514002442359924,0.12592512369155884,0.003586307168006897,0.36084794998168945,0.001052418490871787,0.009617011062800884,0.001464264583773911,0.0006411023787222803,0.2706109285354614,0.18981295824050903,0.020926957949995995,0.1707388311624527,0.000493837462272495,0.023925233632326126,0.028155846521258354,0.0030594973359256983,0.009739120490849018,0.0026937241200357676,0.02454424276947975,0.10240393131971359,0.009807960130274296,0.0020202351734042168,0.0036567621864378452,0.02171408012509346,0.0015181516064330935,0.009481547400355339,0.03080873005092144,,,,,,,,,,,,,,,
unknown,戦,388,389,540.1583,540.31805,0.9916992,,0.014379127882421017,0.01489768922328949,0.06073927879333496,0.1516668200492859,0.0021772764157503843,0.04174458980560303,0.01016894169151783,0.021452628076076508,0.01975741982460022,0.07418505102396011,0.13435840606689453,0.15401490032672882,0.10307368636131287,0.20902326703071594,0.02522946521639824,0.062275711447000504,0.031106578186154366,0.05050729587674141,0.019164476543664932,0.019265664741396904,0.003169470001012087,0.00699818367138505,0.016754480078816414,0.017301714047789574,0.0047357878647744656,0.0018460911232978106,0.2715519964694977,0.07155118137598038,0.0026563031133264303,0.18997779488563538,0.0032245577313005924,0.005113749299198389,0.0027646415401250124,0.001388708595186472,0.2507171928882599,0.054272376000881195,0.005845664069056511,0.18227243423461914,0.0009531983523629606,0.01994192600250244,0.0498974435031414,0.004524344112724066,0.003706681542098522,0.00440553855150938,0.027422640472650528,0.07007285207509995,0.005878748372197151,0.0043456703424453735,0.009486195631325245,0.0212380550801754,0.0016999932704493403,0.020947733893990517,0.02650652825832367,,,,,,,,,,,,,,,
unknown,争,390,391,540.31805,540.81805,0.96972656,,0.012032663449645042,0.009688925929367542,0.058456480503082275,0.1687059849500656,0.004734013695269823,0.07631386816501617,0.012342778034508228,0.01916102133691311,0.024592464789748192,0.06768529117107391,0.09702055901288986,0.184762641787529,0.164694681763649,0.2106637954711914,0.03173341974616051,0.034824371337890625,0.022319450974464417,0.05322166904807091,0.022736014798283577,0.03398999571800232,0.005130178760737181,0.010149926878511906,0.023415865376591682,0.011008042842149734,0.006259781774133444,0.0013720033457502723,0.21885009109973907,0.0643395408987999,0.0027595434803515673,0.14778777956962585,0.00534793408587575,0.0025720696430653334,0.001985341077670455,0.0024554457049816847,0.2648089528083801,0.031117649748921394,0.002711769426241517,0.12668631970882416,0.001055485219694674,0.020517364144325256,0.05390390381217003,0.002224381547421217,0.002262731548398733,0.003313917899504304,0.03563236445188522,0.048381298780441284,0.004993918351829052,0.004438151605427265,0.014365321956574917,0.021278884261846542,0.001063184579834342,0.012588194571435452,0.02247806265950203,,,,,,,,,,,,,,,
unknown,幸,392,393,546.30896,546.5486,0.92041016,,0.019015736877918243,0.01614994741976261,0.07782056927680969,0.22300148010253906,0.003113221377134323,0.06127430498600006,0.007657012902200222,0.02359251119196415,0.022997455671429634,0.05598526448011398,0.09570874273777008,0.12403399497270584,0.13010740280151367,0.18307356536388397,0.03146649897098541,0.06644999235868454,0.024886466562747955,0.04542423412203789,0.02241552621126175,0.02551889792084694,0.003575289621949196,0.005794153083115816,0.017633622512221336,0.01807277277112007,0.006438291631639004,0.001337931607849896,0.3160659372806549,0.06762434542179108,0.003527740016579628,0.21039226651191711,0.0024395103100687265,0.00619111955165863,0.0023545713629573584,0.0012717770878225565,0.24006961286067963,0.07126513123512268,0.004804462660104036,0.1854727566242218,0.0008016367210075259,0.034752026200294495,0.044709138572216034,0.003995799459517002,0.002762345364317298,0.003348097437992692,0.03805536776781082,0.08852879703044891,0.004687731619924307,0.004326529800891876,0.011225273832678795,0.02919568121433258,0.001226521679200232,0.011867102235555649,0.037127651274204254,,,,,,,,,,,,,,,
unknown,せ,394,395,546.5486,547.0486,0.91064453,,0.01632467657327652,0.01457027904689312,0.057584963738918304,0.32220256328582764,0.002422116929665208,0.03857482969760895,0.006043111439794302,0.01934617944061756,0.032195791602134705,0.049262549728155136,0.07790782302618027,0.0902094617486,0.13958501815795898,0.13145750761032104,0.02850005030632019,0.06561581790447235,0.021747348830103874,0.03763807564973831,0.016233356669545174,0.019291594624519348,0.00391790084540844,0.004666414111852646,0.017664136365056038,0.0278619434684515,0.00879127997905016,0.0014463538536801934,0.2956327199935913,0.06167266145348549,0.002788279205560684,0.21760445833206177,0.0023521396797150373,0.004786132834851742,0.00241353502497077,0.001481350394897163,0.19992518424987793,0.08701853454113007,0.006217136979103088,0.1402466893196106,0.0008899773238226771,0.03682024031877518,0.03977889567613602,0.004773720633238554,0.00460251048207283,0.0025005917996168137,0.057587601244449615,0.09406768530607224,0.010605431161820889,0.005088414531201124,0.012075628153979778,0.03525038808584213,0.0013789149234071374,0.011648153886198997,0.04667038470506668,,,,,,,,,,,,,,,
unknown,黒,396,397,547.74677,548.24677,0.8300781,,0.00963623821735382,0.010623977519571781,0.03800570219755173,0.3035958707332611,0.003764271968975663,0.045364342629909515,0.01158065628260374,0.012814472429454327,0.054693493992090225,0.07450292259454727,0.08021102845668793,0.0957614853978157,0.13219593465328217,0.07805287837982178,0.027395348995923996,0.07501614093780518,0.020060192793607712,0.0422978401184082,0.015008995309472084,0.016146814450621605,0.005952529143542051,0.009149882942438126,0.015233471058309078,0.03397611528635025,0.01754004880785942,0.001681552967056632,0.27593478560447693,0.043699998408555984,0.001555700204335153,0.24141715466976166,0.004140476230531931,0.006254374515265226,0.00489711482077837,0.002616702113300562,0.1539756953716278,0.10517336428165436,0.0059503549709916115,0.08460616320371628,0.0019332414958626032,0.04285534471273422,0.03859790787100792,0.006822877563536167,0.0034975300077348948,0.0030137430876493454,0.05037609860301018,0.10308901965618134,0.008636724203824997,0.008323660120368004,0.015768570825457573,0.040080033242702484,0.0013724187156185508,0.021593002602458,0.054017338901758194,,,,,,,,,,,,,,,
unknown,3,398,399,554.5564,554.7962,0.9790039,,0.0071482290513813496,0.007493212819099426,0.025211209431290627,0.3265356123447418,0.005680271424353123,0.05610567331314087,0.014249468222260475,0.010759503580629826,0.04961303249001503,0.07743877172470093,0.05149196460843086,0.08323974162340164,0.12823237478733063,0.06656960397958755,0.03296951949596405,0.05660692974925041,0.013311480171978474,0.03754948079586029,0.01741478405892849,0.021859969943761826,0.008255396969616413,0.012217295356094837,0.01646348275244236,0.032410915940999985,0.017360549420118332,0.0014948227908462286,0.29131370782852173,0.03412199392914772,0.0010651444317772985,0.29180657863616943,0.006078606005758047,0.0059450408443808556,0.004551468882709742,0.00400721188634634,0.13363264501094818,0.0980483889579773,0.00408522691577673,0.07341256737709045,0.0019294777885079384,0.03389034420251846,0.04116251692175865,0.006998240016400814,0.002079010708257556,0.0031236654613167048,0.07670929282903671,0.08443213999271393,0.005041651893407106,0.008011063560843468,0.021294739097356796,0.042859114706516266,0.0011236750287935138,0.021701952442526817,0.05505722761154175,,,,,,,,,,,,,,,
unknown,0,400,401,554.7962,555.2962,0.29248047,,0.007551631890237331,0.007765801157802343,0.03783436492085457,0.4291425943374634,0.002985126804560423,0.027967005968093872,0.013158388435840607,0.014242834411561489,0.07590607553720474,0.04072682932019234,0.07617602497339249,0.0696980357170105,0.10003911703824997,0.10450828075408936,0.029354317113757133,0.07335735857486725,0.01820424757897854,0.024384595453739166,0.018564727157354355,0.022866664454340935,0.013504826463758945,0.011595221236348152,0.019717281684279442,0.04275647923350334,0.041987042874097824,0.003325407626107335,0.2074154168367386,0.05070643126964569,0.001340552349574864,0.18108060956001282,0.008125698193907738,0.004433445632457733,0.011100897565484047,0.008506965823471546,0.15292495489120483,0.08831905573606491,0.0057463571429252625,0.1204812303185463,0.0031473522540181875,0.030624572187662125,0.061868056654930115,0.007345021702349186,0.005051213316619396,0.0037946105003356934,0.07083680480718613,0.11366401612758636,0.01787472702562809,0.018939267843961716,0.02957283891737461,0.054898086935281754,0.0022924980148673058,0.017175979912281036,0.04491528123617172,,,,,,,,,,,,,,,
unknown,全,402,403,560.6724,560.8723,0.9814453,,0.009695467539131641,0.012507668696343899,0.04498345032334328,0.3816235661506653,0.00466396939009428,0.041950955986976624,0.013230467215180397,0.023725157603621483,0.052613865584135056,0.03465355932712555,0.062462709844112396,0.05810803174972534,0.08915559202432632,0.07489988207817078,0.03169859200716019,0.07239441573619843,0.0220955777913332,0.0186123326420784,0.022287148982286453,0.028508704155683517,0.02037094347178936,0.014258093200623989,0.01347628515213728,0.06432937830686569,0.038596197962760925,0.0025050381664186716,0.21115151047706604,0.0657317191362381,0.001501157646998763,0.21063879132270813,0.007528429385274649,0.004852874670177698,0.011305350810289383,0.010745962150394917,0.11674918979406357,0.10120320320129395,0.007204539142549038,0.09483903646469116,0.002983402693644166,0.03041309304535389,0.0660087987780571,0.007229187060147524,0.004828314296901226,0.0035823145881295204,0.05790625512599945,0.12243617326021194,0.019832709804177284,0.019792428240180016,0.03835930675268173,0.06764338165521622,0.0017117252573370934,0.021859338507056236,0.045474566519260406,,,,,,,,,,,,,,,
unknown,体,404,405,560.8723,561.3723,0.9555664,,0.00933282170444727,0.010640827007591724,0.04150427132844925,0.1999446600675583,0.008166288025677204,0.0960860475897789,0.021804245188832283,0.018335014581680298,0.07312384992837906,0.06436068564653397,0.07486464083194733,0.05975436419248581,0.1042976975440979,0.07954464107751846,0.03826024755835533,0.04447655752301216,0.023842882364988327,0.016726838424801826,0.07896196842193604,0.05961119011044502,0.03536943718791008,0.028277017176151276,0.019389843568205833,0.020321447402238846,0.0653836652636528,0.005180181935429573,0.10273142158985138,0.046565476804971695,0.002553940052166581,0.08508419990539551,0.009157721884548664,0.004268141929060221,0.024125507101416588,0.013062926009297371,0.09773314744234085,0.036722633987665176,0.005591960623860359,0.07931327819824219,0.005582583136856556,0.015002133324742317,0.08229896426200867,0.007891247980296612,0.004627498798072338,0.012079861015081406,0.04628194496035576,0.06816747784614563,0.019885292276740074,0.04140934720635414,0.07133689522743225,0.0477161668241024,0.004084309097379446,0.03727664053440094,0.019884899258613586,,,,,,,,,,,,,,,
unknown,手,406,407,570.125,570.28503,0.7636719,,0.009221776388585567,0.006836025509983301,0.042976491153240204,0.16848810017108917,0.01032943744212389,0.15421995520591736,0.04336119070649147,0.013458439148962498,0.13550318777561188,0.07297835499048233,0.05173608288168907,0.052597466856241226,0.06617198884487152,0.07140250504016876,0.056772105395793915,0.02781403437256813,0.013970885425806046,0.0162956602871418,0.14480485022068024,0.12157150357961655,0.06702637672424316,0.04703336954116821,0.027193285524845123,0.008382841944694519,0.1565648913383484,0.010572852566838264,0.07669000327587128,0.029336124658584595,0.00410187104716897,0.05312018468976021,0.015953605994582176,0.003970573656260967,0.04103925824165344,0.019226593896746635,0.06779464334249496,0.016574883833527565,0.0025386903434991837,0.044350095093250275,0.008435825817286968,0.0130309434607625,0.10745984315872192,0.009261781349778175,0.0022569044958800077,0.0184995885938406,0.060282956808805466,0.04727675020694733,0.011481676250696182,0.08729645609855652,0.08408036082983017,0.033006858080625534,0.008754824288189411,0.04041021317243576,0.014824950136244297,,,,,,,,,,,,,,,
unknown,ク,408,409,570.28503,570.36505,0.5761719,,0.009430001489818096,0.007592828944325447,0.03683805838227272,0.1494818925857544,0.013669555075466633,0.15964169800281525,0.03786267712712288,0.014155157841742039,0.10455121845006943,0.1071658730506897,0.0477486215531826,0.05046677589416504,0.0741959884762764,0.07287104427814484,0.06200815737247467,0.02928495593369007,0.019857177510857582,0.015103300102055073,0.1328810304403305,0.12161816656589508,0.07201013714075089,0.04821218177676201,0.02854960411787033,0.010052673518657684,0.0952640250325203,0.009757430292665958,0.07712160795927048,0.03127463161945343,0.004535671789199114,0.055784475058317184,0.0158514566719532,0.003139209933578968,0.026641421020030975,0.020039232447743416,0.06860850006341934,0.01975378207862377,0.0033289154525846243,0.05066212639212608,0.012652808800339699,0.012718798592686653,0.09514804184436798,0.006831619888544083,0.0026651255320757627,0.020649002864956856,0.06772932410240173,0.04390748217701912,0.011545618064701557,0.06415026634931564,0.08448610454797745,0.031384699046611786,0.007633508648723364,0.04307718575000763,0.014659012667834759,,,,,,,,,,,,,,,
unknown,癖,410,411,570.36505,570.86505,0.49243164,,0.007411046884953976,0.010920882225036621,0.043783918023109436,0.13578428328037262,0.01846453547477722,0.18520936369895935,0.026265477761626244,0.013956787995994091,0.06960615515708923,0.05278785899281502,0.01785219833254814,0.035646140575408936,0.06306637078523636,0.048943597823381424,0.04693993553519249,0.02458919957280159,0.17669296264648438,0.018754571676254272,0.07234546542167664,0.08372411876916885,0.0829571783542633,0.035056162625551224,0.013479447923600674,0.03467882052063942,0.04892056807875633,0.0035047109704464674,0.15181168913841248,0.04250836744904518,0.006757709197700024,0.17156189680099487,0.0076423529535532,0.003798116696998477,0.017986316233873367,0.01393546350300312,0.09040436893701553,0.03727418929338455,0.0046302201226353645,0.05373005568981171,0.006655478850007057,0.010728435590863228,0.07147091627120972,0.006674640346318483,0.006191233638674021,0.006404775194823742,0.04199628159403801,0.0648263692855835,0.07262301445007324,0.030456550419330597,0.06934577226638794,0.060698334127664566,0.0019877988379448652,0.013950630091130733,0.015626749023795128,,,,,,,,,,,,,,,
unknown,か,412,413,572.005,572.125,0.69433594,,0.011014116927981377,0.01398476678878069,0.05886062607169151,0.16120798885822296,0.01711839996278286,0.1779112070798874,0.018000897020101547,0.019392238929867744,0.06327464431524277,0.06545407325029373,0.02179776504635811,0.04316336289048195,0.08214525878429413,0.05832920968532562,0.04914619028568268,0.022597650066018105,0.12662315368652344,0.019741376861929893,0.07328556478023529,0.09124036878347397,0.06314283609390259,0.028158947825431824,0.01569647155702114,0.03222281113266945,0.03727409616112709,0.0036999534349888563,0.15505245327949524,0.057455066591501236,0.007999048568308353,0.1540014147758484,0.006643061991780996,0.0039697447791695595,0.011378993280231953,0.012134375981986523,0.11732928454875946,0.037308696657419205,0.005672030616551638,0.057988282293081284,0.005707355681806803,0.009582393802702427,0.0631026104092598,0.0047135129570961,0.008973345160484314,0.006673973519355059,0.058024752885103226,0.05291373282670975,0.08590877056121826,0.02324160933494568,0.06757459789514542,0.05874919891357422,0.0022677455563098192,0.018017401918768883,0.013877895660698414,,,,,,,,,,,,,,,
unknown,わ,414,415,572.125,572.28503,0.7475586,,0.011073026806116104,0.015504265204071999,0.05750871077179909,0.18128985166549683,0.015588670037686825,0.13602854311466217,0.01758633553981781,0.01867528446018696,0.06739918887615204,0.05172351375222206,0.018347805365920067,0.03986479714512825,0.10522859543561935,0.06604646891355515,0.05068155750632286,0.019045529887080193,0.16259628534317017,0.01983906328678131,0.05994725599884987,0.08937257528305054,0.06678111851215363,0.02586531452834606,0.019746914505958557,0.039848294109106064,0.035614270716905594,0.003692487021908164,0.1653294563293457,0.0638854131102562,0.008615965954959393,0.16938453912734985,0.007183073088526726,0.003421236528083682,0.012629234232008457,0.013494085520505905,0.136977419257164,0.03924202919006348,0.006800217553973198,0.057834528386592865,0.0047272685915231705,0.009026221930980682,0.0568900965154171,0.0033922595903277397,0.011935245245695114,0.006240360904484987,0.06676030158996582,0.04563083127140999,0.12744751572608948,0.0248422771692276,0.058967817574739456,0.05170363560318947,0.0023105673026293516,0.014565110206604004,0.012598476372659206,,,,,,,,,,,,,,,
unknown,い,416,417,572.28503,572.78503,0.7583008,,0.014968681149184704,0.017086468636989594,0.08221806585788727,0.186065673828125,0.011121723800897598,0.12116283178329468,0.019047178328037262,0.028652075678110123,0.06880638748407364,0.046204570680856705,0.024161523208022118,0.05760596692562103,0.09287235140800476,0.08676238358020782,0.04514531418681145,0.02508021704852581,0.08134183287620544,0.024989642202854156,0.05727574601769447,0.06997982412576675,0.05368169769644737,0.029441634193062782,0.01969640888273716,0.04502611979842186,0.05068128928542137,0.005513303447514772,0.14550338685512543,0.09272734075784683,0.007950302213430405,0.12562064826488495,0.00713482266291976,0.0043689836747944355,0.014463820494711399,0.012530642561614513,0.10817792266607285,0.037977129220962524,0.007810602895915508,0.059657011181116104,0.0074818977154791355,0.014804194681346416,0.0714457556605339,0.004878240171819925,0.015148896723985672,0.007556714583188295,0.07092762738466263,0.05677731707692146,0.13379447162151337,0.03288901597261429,0.05094007030129433,0.049726445227861404,0.0030794995836913586,0.04494616389274597,0.01824619621038437,,,,,,,,,,,,,,,
unknown,ビ,418,419,578.36505,578.445,0.8491211,,0.03708582744002342,0.03932337462902069,0.13135507702827454,0.20987674593925476,0.005117475520819426,0.05295763909816742,0.016228843480348587,0.03316688910126686,0.0670769214630127,0.035496730357408524,0.029120389372110367,0.0793369859457016,0.09317538887262344,0.10768003761768341,0.03499386087059975,0.03774258866906166,0.07856995612382889,0.03399752825498581,0.0226454921066761,0.04265236109495163,0.020838623866438866,0.016310233622789383,0.02101294696331024,0.035287387669086456,0.03063962049782276,0.005983657203614712,0.22800350189208984,0.10458212345838547,0.0057918778620660305,0.150877445936203,0.008340067230165005,0.008057722821831703,0.005247438792139292,0.009187610819935799,0.18054120242595673,0.06345593184232712,0.018581373617053032,0.15441054105758667,0.00544695882126689,0.026828274130821228,0.06689472496509552,0.004771379288285971,0.020358866080641747,0.005366093944758177,0.057260338217020035,0.08075771480798721,0.07972956448793411,0.013770761899650097,0.02756304293870926,0.05616792291402817,0.003998527303338051,0.00832635909318924,0.02531605027616024,,,,,,,,,,,,,,,
unknown,ー,420,421,578.445,578.525,0.93603516,,0.03263449668884277,0.033993132412433624,0.14905069768428802,0.1831740438938141,0.007509435992687941,0.08463191241025925,0.01483327616006136,0.030850650742650032,0.0658218041062355,0.047116223722696304,0.03027775138616562,0.07853154093027115,0.09905992448329926,0.10282337665557861,0.041999246925115585,0.03468725085258484,0.07750502973794937,0.026576094329357147,0.03423310071229935,0.06106898561120033,0.030544348061084747,0.01656024158000946,0.021241892129182816,0.026998013257980347,0.03193205967545509,0.004791712388396263,0.21420544385910034,0.09473135322332382,0.007017373573035002,0.13875238597393036,0.006682123057544231,0.006090999580919743,0.004919805098325014,0.009352643974125385,0.19444110989570618,0.056810516864061356,0.01315433531999588,0.15485630929470062,0.004952318500727415,0.021975696086883545,0.0678916871547699,0.003537512617185712,0.01590466871857643,0.005337930750101805,0.04535927623510361,0.07319404929876328,0.06757653504610062,0.014240381307899952,0.03718912601470947,0.06051545962691307,0.0030930377542972565,0.0073690651915967464,0.019052594900131226,,,,,,,,,,,,,,,
unknown,ル,422,423,578.525,579.025,0.96875,,0.04100929573178291,0.04288257658481598,0.1882631629705429,0.18414336442947388,0.006766367703676224,0.059830449521541595,0.012070025317370892,0.035727765411138535,0.05427876487374306,0.031498104333877563,0.03924466669559479,0.07806651294231415,0.06972568482160568,0.12340135872364044,0.0445566326379776,0.044979773461818695,0.09676774591207504,0.027281813323497772,0.025638258084654808,0.05647667124867439,0.033471859991550446,0.013614543713629246,0.016288679093122482,0.0350797176361084,0.028415916487574577,0.00680559454485774,0.2195787876844406,0.11386813968420029,0.00785005185753107,0.1327369660139084,0.00576819060370326,0.007662717252969742,0.004775475710630417,0.010481443256139755,0.2224409580230713,0.0642988458275795,0.018507910892367363,0.2153959721326828,0.005113613326102495,0.025333061814308167,0.06957675516605377,0.004500920884311199,0.025899533182382584,0.005445233080536127,0.04192008078098297,0.09777120500802994,0.11479879170656204,0.013628765940666199,0.02934250980615616,0.06148410961031914,0.004507066216319799,0.005410711746662855,0.021955810487270355,,,,,,,,,,,,,,,
unknown,天,424,425,584.7,584.9,0.9223633,,0.02256026677787304,0.02601447142660618,0.1322951316833496,0.22809183597564697,0.006655980367213488,0.0703711062669754,0.012976226396858692,0.02552393451333046,0.06409216672182083,0.051539476960897446,0.03996538370847702,0.09407982230186462,0.06393636763095856,0.12183214724063873,0.051426056772470474,0.03739053010940552,0.09955927729606628,0.04916806146502495,0.03155355527997017,0.05856209993362427,0.03063587285578251,0.012475446797907352,0.019778290763497353,0.04547034576535225,0.0317111499607563,0.006347414571791887,0.23288221657276154,0.11404119431972504,0.010014223866164684,0.16657213866710663,0.00508255185559392,0.004772385116666555,0.006993974559009075,0.0072883497923612595,0.18908752501010895,0.05659720301628113,0.015091344714164734,0.09501904249191284,0.0038086911663413048,0.02299395762383938,0.06624175608158112,0.0047205970622599125,0.03671937435865402,0.00513802794739604,0.08953632414340973,0.08126717060804367,0.21375226974487305,0.018377548083662987,0.02564479038119316,0.04193471372127533,0.004608617164194584,0.012612251564860344,0.02592535875737667,,,,,,,,,,,,,,,
unknown,気,426,427,584.9,585.4,0.9951172,,0.02946576662361622,0.02380906045436859,0.13632124662399292,0.20427466928958893,0.0146409273147583,0.0901954397559166,0.010486749932169914,0.03292088583111763,0.03650274500250816,0.0338103286921978,0.037468891590833664,0.11432309448719025,0.05098478123545647,0.13010214269161224,0.07665437459945679,0.034232959151268005,0.101900115609169,0.08511321246623993,0.03695221617817879,0.08098004013299942,0.04160749167203903,0.013309628702700138,0.017021436244249344,0.04030800610780716,0.018408488482236862,0.007538049481809139,0.30617931485176086,0.10218062251806259,0.014784462749958038,0.19275429844856262,0.005308639723807573,0.005518605466932058,0.004490508697926998,0.00995741505175829,0.23248346149921417,0.05123978108167648,0.009653215296566486,0.10520368069410324,0.003897261805832386,0.029386740177869797,0.0634843111038208,0.004434261471033096,0.02186780609190464,0.005588636267930269,0.09496960788965225,0.0861026719212532,0.1359453648328781,0.013560407795011997,0.02967170998454094,0.04421309754252434,0.005448493640869856,0.007096883375197649,0.03974657878279686,,,,,,,,,,,,,,,
unknown,8,428,429,589.86,590.06,0.99560547,,0.024640850722789764,0.01837933622300625,0.09972045570611954,0.19029901921749115,0.018790632486343384,0.12711086869239807,0.009147310629487038,0.023853033781051636,0.05976995825767517,0.028490450233221054,0.04321916773915291,0.10046690702438354,0.08867517858743668,0.12356774508953094,0.11317674815654755,0.029933707788586617,0.03643781319260597,0.052681777626276016,0.043761689215898514,0.1255822777748108,0.05263025686144829,0.013200181536376476,0.02237742207944393,0.015719125047326088,0.030605735257267952,0.007712699938565493,0.14336223900318146,0.06894853711128235,0.007836499251425266,0.06524413079023361,0.0044465926475822926,0.015035402961075306,0.006844336166977882,0.009807438589632511,0.1615554690361023,0.028848538175225258,0.008548215962946415,0.0636843889951706,0.0033615566790103912,0.020513469353318214,0.08286160975694656,0.005230573005974293,0.014094024896621704,0.005095449276268482,0.16001549363136292,0.0666847676038742,0.05801171809434891,0.018258631229400635,0.03777600824832916,0.039295971393585205,0.006446320563554764,0.006850551813840866,0.025814959779381752,,,,,,,,,,,,,,,
unknown,0,430,431,590.06,590.18,0.98583984,,0.02855857089161873,0.01992831565439701,0.15670239925384521,0.22122587263584137,0.007319674361497164,0.05985413119196892,0.010714900679886341,0.02714468538761139,0.07649727165699005,0.026397528126835823,0.058960311114788055,0.138818621635437,0.08392942696809769,0.16238628327846527,0.07830443978309631,0.03804968670010567,0.04033801332116127,0.049158476293087006,0.02940014936029911,0.08939356356859207,0.04092228785157204,0.011708956211805344,0.026330403983592987,0.01769048161804676,0.040622416883707047,0.01013943925499916,0.1482125073671341,0.09294099360704422,0.005989339202642441,0.060518182814121246,0.006442083045840263,0.016063513234257698,0.008005340583622456,0.012555149383842945,0.2223091870546341,0.02986474148929119,0.009810847230255604,0.09386640787124634,0.003402923233807087,0.018906883895397186,0.0997820645570755,0.006207516882568598,0.01790679804980755,0.004247734788805246,0.12263547629117966,0.08375588059425354,0.07434726506471634,0.019782284274697304,0.03423012048006058,0.0472402349114418,0.008535596542060375,0.005631905514746904,0.024421678856015205,,,,,,,,,,,,,,,
unknown,0,432,433,590.18,590.68,0.9658203,,0.02395491674542427,0.022041432559490204,0.12370853126049042,0.288418710231781,0.006431461311876774,0.05371040478348732,0.009767483919858932,0.027688510715961456,0.06920497864484787,0.029571115970611572,0.05006083846092224,0.0932527482509613,0.06834451854228973,0.17780251801013947,0.07388310134410858,0.039810508489608765,0.05074821412563324,0.037205182015895844,0.031315576285123825,0.10158426314592361,0.051773879677057266,0.010506793856620789,0.028660865500569344,0.029645513743162155,0.04083767533302307,0.012090656906366348,0.1639484167098999,0.10217179358005524,0.00915922038257122,0.08254030346870422,0.005680838134139776,0.0029003159143030643,0.008752928115427494,0.012723114341497421,0.21589642763137817,0.042308125644922256,0.014523175545036793,0.11310268193483353,0.004212698899209499,0.02365001291036606,0.11205631494522095,0.0036352083552628756,0.026978200301527977,0.004626444075256586,0.08745472878217697,0.08366022258996964,0.13012762367725372,0.025992661714553833,0.039075057953596115,0.04942438006401062,0.009613985195755959,0.005583477672189474,0.024058952927589417,,,,,,,,,,,,,,,
unknown,無,434,435,597.035,597.19495,0.90722656,,0.02172570303082466,0.019778812304139137,0.0952581912279129,0.25410565733909607,0.013172063045203686,0.0941334068775177,0.01189355831593275,0.025081941857933998,0.06842552125453949,0.02985144592821598,0.04077776148915291,0.08736084401607513,0.08038230985403061,0.16081073880195618,0.09720306843519211,0.029461177065968513,0.0653364285826683,0.04142550006508827,0.0438392348587513,0.15610241889953613,0.07974047213792801,0.014795794151723385,0.03623764216899872,0.025421231985092163,0.04178659990429878,0.008648370392620564,0.13089564442634583,0.09502480924129486,0.010245305486023426,0.0693645253777504,0.007861814461648464,0.0028310678899288177,0.00851005595177412,0.01626748964190483,0.1811830699443817,0.03050442971289158,0.012257943861186504,0.08283469080924988,0.004453964065760374,0.01926324889063835,0.10386619716882706,0.003228212473914027,0.02627565711736679,0.005060954485088587,0.10765601694583893,0.06610333919525146,0.1623113453388214,0.028540752828121185,0.0470455102622509,0.043493449687957764,0.006616999860852957,0.006414991803467274,0.02067548967897892,,,,,,,,,,,,,,,
unknown,用,436,437,597.19495,597.69495,0.87841797,,0.016991183161735535,0.012072142213582993,0.08872141689062119,0.2939760982990265,0.011523718014359474,0.07747532427310944,0.007003096863627434,0.02026304230093956,0.07013940811157227,0.03085714392364025,0.039216652512550354,0.07391425967216492,0.08746492117643356,0.15228767693042755,0.1133083701133728,0.028682151809334755,0.04926564544439316,0.03843733295798302,0.036345548927783966,0.14075395464897156,0.0825035572052002,0.008721387945115566,0.03950870782136917,0.027811039239168167,0.04241904243826866,0.005531119182705879,0.09092453122138977,0.08661457151174545,0.011777926236391068,0.05339296907186508,0.004689264111220837,0.0019996031187474728,0.005490682553499937,0.011737090535461903,0.16057278215885162,0.02532072365283966,0.007439291104674339,0.040642254054546356,0.0027322452515363693,0.020767537876963615,0.10477230697870255,0.003705262439325452,0.031379763036966324,0.0033278479240834713,0.1505395919084549,0.0759069174528122,0.32045015692710876,0.027662912383675575,0.04572214186191559,0.05163327977061272,0.004283668473362923,0.004746933002024889,0.025570644065737724,,,,,,,,,,,,,,,
