Id,Text,BeginTime,EndTime,Confidence,SpeakerConfidence,Admiration,Adoration,Aesthetic Appreciation,Amusement,Anger,Anxiety,Awe,Awkwardness,Boredom,Calmness,Concentration,Contemplation,Confusion,Contempt,Contentment,Craving,Determination,Disappointment,Disgust,Distress,Doubt,Ecstasy,Embarrassment,Empathic Pain,Entrancement,Envy,Excitement,Fear,Guilt,Horror,Interest,Joy,Love,Nostalgia,Pain,Pride,Realization,Relief,Romance,Sadness,Satisfaction,Desire,Shame,Surprise (negative),Surprise (positive),Sympathy,Tiredness,Triumph
unknown,ふ わ ふ わ,2.2550437,3.2339911,0.9805908,,0.016993453726172447,0.009307121858000755,0.007385529112070799,0.03965640813112259,0.026397835463285446,0.045129917562007904,0.010125981643795967,0.07632701843976974,0.18471360206604004,0.18766000866889954,0.03375094756484032,0.026414666324853897,0.04639451205730438,0.03921766206622124,0.027781065553426743,0.009664112702012062,0.032897040247917175,0.06524843722581863,0.030548380687832832,0.044205550104379654,0.0386696383357048,0.006883450783789158,0.0265661533921957,0.015295682474970818,0.007600666023790836,0.02034660428762436,0.015139617025852203,0.01895136572420597,0.01939385011792183,0.0070174820721149445,0.03387240320444107,0.021362965926527977,0.01255110464990139,0.01735677383840084,0.0304039865732193,0.011169049888849258,0.025890912860631943,0.03693833574652672,0.020580172538757324,0.04564282298088074,0.02610417827963829,0.027278177440166473,0.020516207441687584,0.01519540511071682,0.007293186150491238,0.022496599704027176,0.11771513521671295,0.008861041627824306
unknown,勝 チ,8.680921,9.3405695,0.69091797,,0.0056440820917487144,0.004196995869278908,0.003266944782808423,0.0516001433134079,0.08150111138820648,0.04803759232163429,0.006633075885474682,0.0782545730471611,0.016653098165988922,0.04382038488984108,0.06628989428281784,0.01701129414141178,0.07486054301261902,0.025877375155687332,0.011036940850317478,0.012840703129768372,0.15005455911159515,0.03803170099854469,0.023765262216329575,0.08341687172651291,0.07346633821725845,0.01670919731259346,0.012378877960145473,0.013578269630670547,0.006000610999763012,0.009614776819944382,0.0923500508069992,0.03435156121850014,0.014668754301965237,0.01692800596356392,0.039109017699956894,0.02665139175951481,0.005465312860906124,0.010250846855342388,0.03199879452586174,0.01370211597532034,0.025968795642256737,0.02087108977138996,0.006856931373476982,0.01598426327109337,0.021180760115385056,0.02168121002614498,0.014706193469464779,0.044043757021427155,0.019367342814803123,0.017192166298627853,0.04308775067329407,0.02240438014268875
unknown,神 社 ャ,14.124697,14.904511,0.79573566,,0.04752013087272644,0.02273113653063774,0.025274544954299927,0.06996098905801773,0.05119656026363373,0.02427213452756405,0.04088418185710907,0.03527699410915375,0.026448648422956467,0.12506403028964996,0.07997511327266693,0.020695051178336143,0.0374019593000412,0.026606449857354164,0.03184064105153084,0.011468909680843353,0.09158265590667725,0.020193414762616158,0.018582185730338097,0.031402166932821274,0.027389487251639366,0.032261282205581665,0.010843632742762566,0.0074209910817444324,0.029172247275710106,0.021754857152700424,0.0911891907453537,0.018332095816731453,0.009344853460788727,0.013950630091130733,0.07796844840049744,0.06187092512845993,0.017633827403187752,0.0330013781785965,0.009669730439782143,0.03463821858167648,0.03534217178821564,0.04380340874195099,0.011896699666976929,0.010375671088695526,0.06791365891695023,0.01552636083215475,0.011347068473696709,0.037702471017837524,0.05735300853848457,0.010775655508041382,0.016697918996214867,0.0332387313246727
unknown,ご 飯,20.200686,20.86058,0.8366699,,0.04130230471491814,0.02464717999100685,0.028481649234890938,0.06643036752939224,0.05039489269256592,0.010630186647176743,0.01257697306573391,0.05307509005069733,0.06114540249109268,0.16010862588882446,0.04636159911751747,0.015486356802284718,0.024426216259598732,0.020618189126253128,0.04146523028612137,0.04079422354698181,0.09790022671222687,0.020873237401247025,0.013174248859286308,0.031414952129125595,0.015292899683117867,0.011486387811601162,0.022237299010157585,0.012508372776210308,0.009346985258162022,0.021461203694343567,0.044399160891771317,0.01584349013864994,0.015966441482305527,0.00876687653362751,0.056191060692071915,0.05464731901884079,0.026008589193224907,0.02799816057085991,0.02059861086308956,0.07363984733819962,0.00967952236533165,0.04515232518315315,0.0061169760301709175,0.02926618978381157,0.0894949734210968,0.014024237170815468,0.01938576065003872,0.013735626824200153,0.015351970680058002,0.030063116922974586,0.021780744194984436,0.03571600839495659
unknown,後 石,26.156754,26.896595,0.70532227,,0.01857329159975052,0.008554032072424889,0.011325139552354813,0.02315027266740799,0.03843647241592407,0.02358914539217949,0.01905978098511696,0.024120381101965904,0.01566644012928009,0.11477190256118774,0.10687629133462906,0.026823366060853004,0.0287283044308424,0.018900349736213684,0.012907889671623707,0.0066990419290959835,0.07533300668001175,0.015039617195725441,0.01801259256899357,0.030911333858966827,0.024706922471523285,0.012041915208101273,0.004737830255180597,0.005014673341065645,0.012305020354688168,0.0037835489492863417,0.06398863345384598,0.016418462619185448,0.0035186498425900936,0.01473290752619505,0.06186825782060623,0.0235222689807415,0.005468592047691345,0.018194282427430153,0.006002794951200485,0.027150319889187813,0.019980888813734055,0.01491490937769413,0.003901565447449684,0.0068970187567174435,0.027903122827410698,0.007445772644132376,0.006051718257367611,0.019354308024048805,0.013054435141384602,0.005756755359470844,0.013761592097580433,0.015524974092841148
unknown,悩 み,32.127907,32.947704,0.99609375,,0.024410249665379524,0.024102697148919106,0.01862764172255993,0.05999676138162613,0.011743845418095589,0.028495915234088898,0.038682326674461365,0.037291694432497025,0.11861149221658707,0.2593725919723511,0.024378785863518715,0.03472164645791054,0.023615781217813492,0.006285291630774736,0.06102149561047554,0.021204782649874687,0.039801593869924545,0.018607251346111298,0.00391714833676815,0.045263152569532394,0.01620510220527649,0.03445730730891228,0.010372835211455822,0.010055646300315857,0.0451144203543663,0.005629493854939938,0.06039782613515854,0.029531637206673622,0.01571732759475708,0.01201655250042677,0.054777324199676514,0.1060682088136673,0.024916792288422585,0.04594297334551811,0.02712855488061905,0.05210820212960243,0.030379926785826683,0.10521174967288971,0.02541080117225647,0.04810933396220207,0.06250490248203278,0.028902588412165642,0.0163744930177927,0.012977411970496178,0.024160321801900864,0.005499360151588917,0.0711229145526886,0.026082664728164673
unknown,努 力,38.92359,39.623466,0.43554688,,0.013001124374568462,0.004330189432948828,0.007131650578230619,0.013216108083724976,0.05258580297231674,0.052933353930711746,0.009380785748362541,0.030669815838336945,0.04396604001522064,0.12655316293239594,0.1348663866519928,0.02937392331659794,0.04202600196003914,0.02224079519510269,0.010892316699028015,0.01290913950651884,0.18876518309116364,0.06511666625738144,0.021477876231074333,0.07109996676445007,0.058155257254838943,0.004624516703188419,0.013639603741466999,0.015489655546844006,0.007286575622856617,0.014570241793990135,0.023698480799794197,0.041950151324272156,0.012089586816728115,0.01883789896965027,0.032128993421792984,0.011981269344687462,0.0036958293057978153,0.0060021416284143925,0.02101760357618332,0.014278086833655834,0.026758937165141106,0.03624832630157471,0.008037816733121872,0.038429129868745804,0.024215316399931908,0.012484352104365826,0.015801914036273956,0.023311248049139977,0.008625386282801628,0.023713530972599983,0.09081773459911346,0.01613280549645424
unknown,海,45.093845,45.593845,0.93408203,,0.009033769369125366,0.007692484650760889,0.005952930077910423,0.03379761427640915,0.05995192378759384,0.06243738532066345,0.0172162763774395,0.09574269503355026,0.06420641392469406,0.06125344708561897,0.04443502426147461,0.020888352766633034,0.10405660420656204,0.02925518900156021,0.03061436116695404,0.008686491288244724,0.05612587183713913,0.050169866532087326,0.029204173013567924,0.09122935682535172,0.07544012367725372,0.013614566996693611,0.04077060520648956,0.008340660482645035,0.01620430126786232,0.012526902370154858,0.021959539502859116,0.04544943571090698,0.016326790675520897,0.014725884422659874,0.04164201393723488,0.024427464231848717,0.008382272906601429,0.021576734259724617,0.03654369339346886,0.02895827405154705,0.03661765530705452,0.02742774784564972,0.024670321494340897,0.03585176169872284,0.02225010097026825,0.015514058992266655,0.022964073345065117,0.04872443899512291,0.02273310348391533,0.00449224142357707,0.05960274487733841,0.012054943479597569
unknown,マ,51.27949,51.77949,0.45581055,,0.004822227172553539,0.005017101299017668,0.004835627507418394,0.060669053345918655,0.09120332449674606,0.045529067516326904,0.009390708990395069,0.08556513488292694,0.03748625889420509,0.05162752792239189,0.08492334187030792,0.01655699498951435,0.08618800342082977,0.03261718526482582,0.016469987109303474,0.01934749446809292,0.19423562288284302,0.03835977241396904,0.028640583157539368,0.09229696542024612,0.053567539900541306,0.006511853076517582,0.03092443011701107,0.007829567417502403,0.008245375007390976,0.009684685617685318,0.029901428148150444,0.027889028191566467,0.012448298744857311,0.010929296724498272,0.07204925268888474,0.016430886462330818,0.006774431560188532,0.006077460013329983,0.022960176691412926,0.02165587618947029,0.01398845948278904,0.026223622262477875,0.012552188709378242,0.014295028522610664,0.018136728554964066,0.03411880135536194,0.014887158758938313,0.03540167585015297,0.012112731114029884,0.023907436057925224,0.04478898271918297,0.023174861446022987
unknown,飛 び 跳 ン ネ ー ル,56.38764,57.48625,0.7860631,,0.0291634239256382,0.013304328545928001,0.013267002068459988,0.015230699442327023,0.01953965611755848,0.021716635674238205,0.016269534826278687,0.013355555012822151,0.11549416184425354,0.3287273943424225,0.1738329380750656,0.03044821321964264,0.014788545668125153,0.010133221745491028,0.036436572670936584,0.013029120862483978,0.19138838350772858,0.01410089060664177,0.005930391140282154,0.01884080097079277,0.014177161268889904,0.012264045886695385,0.003643725998699665,0.0029918942600488663,0.023874495178461075,0.011131301522254944,0.036954134702682495,0.030165402218699455,0.003684021532535553,0.009419704787433147,0.07472990453243256,0.03459100425243378,0.01453275978565216,0.022141018882393837,0.009301939979195595,0.02772352658212185,0.010074990801513195,0.0293622687458992,0.01747104525566101,0.014933690428733826,0.04303869232535362,0.02374827116727829,0.0037013154942542315,0.006296012084931135,0.008010159246623516,0.004972109105437994,0.0662153959274292,0.015442783012986183
unknown,寝 る,62.35658,63.016464,0.9904785,,0.023025548085570335,0.011596018448472023,0.012838617898523808,0.10799518972635269,0.03296315297484398,0.03239255025982857,0.024101875722408295,0.05594228580594063,0.060975976288318634,0.16177240014076233,0.06166960299015045,0.014293027110397816,0.08053343743085861,0.022412162274122238,0.051787491887807846,0.007130882702767849,0.10829098522663116,0.020813748240470886,0.015550445765256882,0.03806271031498909,0.05655345320701599,0.01912081241607666,0.013581781648099422,0.005803325213491917,0.016617275774478912,0.014432452619075775,0.05934789776802063,0.028782343491911888,0.009435053914785385,0.012957251630723476,0.11265194416046143,0.04682771489024162,0.011235274374485016,0.008364254608750343,0.01260245032608509,0.04089691489934921,0.013169215060770512,0.057359904050827026,0.018542170524597168,0.012294807471334934,0.06184852123260498,0.026795608922839165,0.010496992617845535,0.024869633838534355,0.05183994397521019,0.009404333308339119,0.03995057940483093,0.03949432075023651
unknown,み か,68.63212,69.29201,0.61279297,,0.012659436091780663,0.007752810139209032,0.009077058173716068,0.03985382616519928,0.08203236013650894,0.027621764689683914,0.011887732893228531,0.046607885509729385,0.05650194734334946,0.20210237801074982,0.09903678297996521,0.02539360336959362,0.07029668986797333,0.03610566630959511,0.022020060569047928,0.01468485128134489,0.11631244421005249,0.03843862935900688,0.03373058885335922,0.04732385277748108,0.052154868841171265,0.007209517993032932,0.02077404595911503,0.008907841518521309,0.011620181612670422,0.013149423524737358,0.025203218683600426,0.024018093943595886,0.01620646007359028,0.015659010037779808,0.03920946270227432,0.021790869534015656,0.009611883200705051,0.012422814033925533,0.01710142195224762,0.022458696737885475,0.024640848860144615,0.021912075579166412,0.013792085461318493,0.025149747729301453,0.02493255026638508,0.028321899473667145,0.01758643426001072,0.03656241297721863,0.012914956547319889,0.010757243260741234,0.040028057992458344,0.01553304772824049
unknown,神,76.325,76.825,0.94921875,,0.02482803538441658,0.013682729564607143,0.010805001482367516,0.043741483241319656,0.048310622572898865,0.05145956575870514,0.026780879124999046,0.03899296745657921,0.024994593113660812,0.06414666026830673,0.03694990649819374,0.027507025748491287,0.04705726355314255,0.020681781694293022,0.01810230314731598,0.006979047786444426,0.058089278638362885,0.032054636627435684,0.027985362336039543,0.07054895907640457,0.02335985004901886,0.01087462343275547,0.010521926917135715,0.020215310156345367,0.016974108293652534,0.02910565957427025,0.04405242204666138,0.04502357542514801,0.015238563530147076,0.017541300505399704,0.07176603376865387,0.026518743485212326,0.014207025058567524,0.031130947172641754,0.025863507762551308,0.02026224695146084,0.05016864091157913,0.03196307271718979,0.012548821978271008,0.045242518186569214,0.019806647673249245,0.019714247435331345,0.025001464411616325,0.04268450289964676,0.038680270314216614,0.024142658337950706,0.017346786335110664,0.01831424981355667
unknown,牛 乳,86.645,87.36,0.998291,,0.013230332173407078,0.0063899727538228035,0.005205423105508089,0.020411087200045586,0.04442000389099121,0.015443247742950916,0.015294156968593597,0.03735627606511116,0.235252246260643,0.2556930184364319,0.11345985531806946,0.03838644176721573,0.09011238813400269,0.03157830610871315,0.01965286023914814,0.013620434328913689,0.1076732650399208,0.05348727107048035,0.017336860299110413,0.026582613587379456,0.09861398488283157,0.010292469523847103,0.013748056255280972,0.00789283774793148,0.013137558475136757,0.022763719782233238,0.020093096420168877,0.012417813763022423,0.013666171580553055,0.010412881150841713,0.045501384884119034,0.015310005284845829,0.006577743217349052,0.016620561480522156,0.0165565125644207,0.011527590453624725,0.021592458710074425,0.03600034862756729,0.015534690581262112,0.029605543240904808,0.02449812740087509,0.04125616326928139,0.01693679206073284,0.019789861515164375,0.01602115109562874,0.009523767977952957,0.10410057008266449,0.011037096381187439
unknown,飛 行 機,92.45661,93.39632,0.9991862,,0.028437845408916473,0.011712910607457161,0.027143999934196472,0.03183255344629288,0.03376709669828415,0.01803424209356308,0.024568313732743263,0.023214926943182945,0.025952599942684174,0.3545364439487457,0.1032591238617897,0.04149796813726425,0.053460028022527695,0.018579214811325073,0.02205023355782032,0.005533270537853241,0.07347439229488373,0.019185535609722137,0.016626857221126556,0.024443525820970535,0.0382794514298439,0.012596752494573593,0.003501161467283964,0.007936414331197739,0.011531597934663296,0.006199550814926624,0.05571836978197098,0.01589249074459076,0.004936706740409136,0.010707193985581398,0.10533218085765839,0.0476701483130455,0.008906766772270203,0.02010430581867695,0.00832573976367712,0.01812709867954254,0.056410375982522964,0.03489624708890915,0.002905959030613303,0.009409954771399498,0.03629530221223831,0.005278349854052067,0.006210783496499062,0.019125299528241158,0.02527075819671154,0.014651037752628326,0.03196591138839722,0.01331502478569746
unknown,マ イ ク,98.01291,98.752754,0.99397784,,0.011472458951175213,0.006460929289460182,0.0037876057904213667,0.021493250504136086,0.05944034829735756,0.011722338385879993,0.0066029466688632965,0.02526054158806801,0.07510650902986526,0.17901574075222015,0.0890888124704361,0.02548256702721119,0.05538954958319664,0.03315393999218941,0.023816978558897972,0.01969616860151291,0.13733871281147003,0.032832011580467224,0.01659984327852726,0.019576361402869225,0.025198359042406082,0.007239233702421188,0.007076147478073835,0.004377594217658043,0.008209310472011566,0.015003850683569908,0.03585919365286827,0.005781709682196379,0.004701954312622547,0.003722617868334055,0.09442455321550369,0.010605549439787865,0.009303674101829529,0.018753083422780037,0.0056337700225412846,0.013581101782619953,0.03030918352305889,0.02404407598078251,0.009669224731624126,0.009547642432153225,0.02545798197388649,0.017412498593330383,0.00791760440915823,0.022426754236221313,0.011862589977681637,0.0058594862930476665,0.022660983726382256,0.009045824408531189
unknown,木,105.065,105.565,0.58740234,,0.014304537326097488,0.005400392226874828,0.008189774118363857,0.032280001789331436,0.046201903373003006,0.019155504181981087,0.015843277797102928,0.046061936765909195,0.018184678629040718,0.04552904888987541,0.03515450656414032,0.016693800687789917,0.06277050822973251,0.013536748476326466,0.02581200562417507,0.004207433667033911,0.06830524653196335,0.018547488376498222,0.017917172983288765,0.039019614458084106,0.04765075817704201,0.011906176805496216,0.00774513790383935,0.0034971237182617188,0.007220851257443428,0.008723907172679901,0.06867501139640808,0.022787582129240036,0.005718267522752285,0.009540999308228493,0.06606095284223557,0.033925529569387436,0.004919055383652449,0.014905155636370182,0.007909748703241348,0.019427867606282234,0.04255860298871994,0.023556018248200417,0.005324273835867643,0.010938446037471294,0.026508457958698273,0.011022821068763733,0.005990561563521624,0.03729429095983505,0.04463586583733559,0.002528625540435314,0.0186667051166296,0.014656285755336285
unknown,す む と こ ろ,111.305,112.405,0.725293,,0.012953723780810833,0.006565953139215708,0.004193414933979511,0.0084558529779315,0.05145026743412018,0.02105838805437088,0.013650690205395222,0.010379396378993988,0.033555708825588226,0.07541624456644058,0.10126329958438873,0.009559239260852337,0.01742587611079216,0.006437402684241533,0.026549536734819412,0.006405314430594444,0.1657664030790329,0.01224785391241312,0.006556098349392414,0.02533041499555111,0.02344357781112194,0.011599070392549038,0.009488512761890888,0.0034530451521277428,0.004339585080742836,0.002225729404017329,0.04320432245731354,0.040018230676651,0.011568630114197731,0.012689255177974701,0.0339382104575634,0.013885628432035446,0.007372188847512007,0.008941671811044216,0.0082662682980299,0.04996102303266525,0.033668071031570435,0.06011520326137543,0.006273740902543068,0.021688662469387054,0.024512406438589096,0.014503613114356995,0.008310155011713505,0.014477500692009926,0.010325441136956215,0.0069455355405807495,0.0546751394867897,0.033379580825567245
unknown,安 心,113.505,114.244995,0.6520996,,0.039834484457969666,0.016189834102988243,0.011302792467176914,0.023219848051667213,0.05392963066697121,0.056504394859075546,0.014482916332781315,0.04187006130814552,0.03357186168432236,0.11646921932697296,0.02913706749677658,0.04829491674900055,0.033283792436122894,0.025785041972994804,0.019541753455996513,0.01567639783024788,0.039450500160455704,0.09093025326728821,0.03972387686371803,0.07287763804197311,0.01493274886161089,0.0058882771991193295,0.016790375113487244,0.030739042907953262,0.011419693939387798,0.026784084737300873,0.022200681269168854,0.019862590357661247,0.019559772685170174,0.010073332116007805,0.035189371556043625,0.01935493014752865,0.024008503183722496,0.04377998411655426,0.04130125045776367,0.017290808260440826,0.06354721635580063,0.02635105513036251,0.010568803176283836,0.08886446803808212,0.018789920955896378,0.011809838935732841,0.05117136985063553,0.03257409855723381,0.017507323995232582,0.03539333492517471,0.033742643892765045,0.013526578433811665
unknown,な す,115.905,116.765,0.77734375,,0.014901983551681042,0.005455069709569216,0.006528891157358885,0.008982351049780846,0.0601537860929966,0.02869831584393978,0.006200245115906,0.024257270619273186,0.14421051740646362,0.26054954528808594,0.08002673089504242,0.025303155183792114,0.026997271925210953,0.03726640343666077,0.03309422731399536,0.005864778533577919,0.12903930246829987,0.07651708275079727,0.022480925545096397,0.03498775139451027,0.02993796207010746,0.006336957216262817,0.010660813190042973,0.007126995828002691,0.008067029528319836,0.009775659069418907,0.01694318652153015,0.017056185752153397,0.012943189591169357,0.005068304017186165,0.03880227729678154,0.013771857134997845,0.007828815840184689,0.0062345415353775024,0.029282817617058754,0.021204333752393723,0.015652453526854515,0.043484099209308624,0.008895009756088257,0.04039689153432846,0.03111259825527668,0.02153991535305977,0.01594613492488861,0.011542077176272869,0.006715373136103153,0.010088367387652397,0.09042273461818695,0.011873544193804264
unknown,開 け る,123.079994,123.899994,0.9835612,,0.007342437747865915,0.008585874922573566,0.008786095306277275,0.027932263910770416,0.07132454961538315,0.06369911134243011,0.01353456825017929,0.06484618037939072,0.07786199450492859,0.2399718314409256,0.06923851370811462,0.03176814317703247,0.06092044338583946,0.01772979460656643,0.02937040477991104,0.012835053727030754,0.1291712373495102,0.042571526020765305,0.019142530858516693,0.11114967614412308,0.06856095045804977,0.02078055962920189,0.014744771644473076,0.006112078204751015,0.01719278283417225,0.008997047320008278,0.07151912897825241,0.03949590399861336,0.015536509454250336,0.014628304168581963,0.04174547269940376,0.054503824561834335,0.010082362219691277,0.0059883370995521545,0.02565920725464821,0.008563250303268433,0.01457161083817482,0.02879546396434307,0.0068024746142327785,0.021602699533104897,0.028111308813095093,0.01954708620905876,0.018271978944540024,0.02491833083331585,0.01226119790226221,0.004518040921539068,0.13522569835186005,0.01474914513528347
unknown,生 き る,129.48,130.3,0.97835284,,0.012302970513701439,0.0070731146261096,0.013049895875155926,0.01992971822619438,0.15902705490589142,0.04321783781051636,0.01898888312280178,0.026686348021030426,0.03841167315840721,0.2959684729576111,0.07804840803146362,0.04538564756512642,0.046309709548950195,0.047097161412239075,0.023525027558207512,0.007730997167527676,0.26464173197746277,0.03241194784641266,0.028981689363718033,0.0987761914730072,0.04036108776926994,0.014329986646771431,0.025007622316479683,0.01228873897343874,0.01857081614434719,0.009853815659880638,0.037571340799331665,0.02110457792878151,0.018683217465877533,0.021706968545913696,0.04542725905776024,0.015464112162590027,0.007394088432192802,0.007210283074527979,0.017297344282269478,0.02680007368326187,0.06664393842220306,0.029267655685544014,0.003064764430746436,0.01781679503619671,0.029399044811725616,0.01369980163872242,0.03910385072231293,0.030196530744433403,0.006406645756214857,0.013798903673887253,0.070485919713974,0.0202326737344265
unknown,一 生,134.49385,135.31311,0.95532227,,0.009372088126838207,0.003467754926532507,0.008832480758428574,0.04496181011199951,0.10853946954011917,0.023632913827896118,0.012708992697298527,0.03138386830687523,0.039450377225875854,0.09507491439580917,0.04452599585056305,0.008652039803564548,0.03266153484582901,0.060685038566589355,0.01648310385644436,0.008155487477779388,0.09170752018690109,0.03432018682360649,0.03722553327679634,0.03355758264660835,0.03401186317205429,0.01708812266588211,0.01958286389708519,0.004747915547341108,0.00644667400047183,0.012230491265654564,0.05699777975678444,0.015698939561843872,0.015354909934103489,0.011020048521459103,0.058545082807540894,0.028446413576602936,0.005962972063571215,0.00606304407119751,0.026563121005892754,0.012025265023112297,0.03318095952272415,0.0280077513307333,0.00798499584197998,0.022780079394578934,0.031343501061201096,0.022684371098876,0.014477869495749474,0.0223640538752079,0.014847571030259132,0.004735848400741816,0.0251323189586401,0.01919291540980339
unknown,ゆ 霊,140.83926,141.61862,0.71875,,0.06566615402698517,0.04410850629210472,0.02262088470160961,0.09964821487665176,0.026940396055579185,0.019192708656191826,0.05864400044083595,0.025714732706546783,0.03517427295446396,0.16634370386600494,0.03799483925104141,0.014607695862650871,0.04984772577881813,0.0229799747467041,0.02970295585691929,0.012971263378858566,0.06289114058017731,0.018267786130309105,0.028593888506293297,0.03678573668003082,0.01583731919527054,0.025547504425048828,0.006692875176668167,0.01947987638413906,0.0430590957403183,0.02917894348502159,0.04182177782058716,0.02688436023890972,0.00795947015285492,0.027713436633348465,0.0919061228632927,0.045669712126255035,0.027354048565030098,0.006600690074265003,0.015841292217373848,0.028872082009911537,0.0670940950512886,0.041873592883348465,0.03496573865413666,0.016565365716814995,0.03695506975054741,0.08844532072544098,0.010165884159505367,0.02848469279706478,0.05669121444225311,0.025108104571700096,0.026312580332159996,0.02562682330608368
unknown,家,146.58604,147.06,0.6533203,,0.023839641362428665,0.00771478284150362,0.014315590262413025,0.03782138228416443,0.011614303104579449,0.00997191108763218,0.01874493807554245,0.032020311802625656,0.08899269998073578,0.18832096457481384,0.06552250683307648,0.021115576848387718,0.025105731561779976,0.01354055106639862,0.07973520457744598,0.006016291677951813,0.06760083138942719,0.01963079907000065,0.0066083515994250774,0.011317189782857895,0.02337815798819065,0.015629293397068977,0.010376890189945698,0.004765455145388842,0.01421649381518364,0.010983478277921677,0.0749141126871109,0.004785763565450907,0.005236866883933544,0.0025079287588596344,0.10118415206670761,0.04579029604792595,0.008172639645636082,0.02157071977853775,0.00758832972496748,0.021258316934108734,0.04163188114762306,0.10193267464637756,0.014393999241292477,0.011133236810564995,0.12571920454502106,0.025761082768440247,0.004629252944141626,0.012002665549516678,0.036945607513189316,0.009132740087807178,0.04056967422366142,0.049665432423353195
unknown,波 が あ る,151.95999,152.98,0.9995117,,0.01331062987446785,0.007141624111682177,0.005503685679286718,0.01170374359935522,0.07793837040662766,0.019260713830590248,0.012542651034891605,0.022366436198353767,0.07826220244169235,0.22882696986198425,0.07522835582494736,0.01892479695379734,0.020280271768569946,0.04747885465621948,0.00957535207271576,0.025181975215673447,0.12121205776929855,0.06585942953824997,0.03397030383348465,0.04564982280135155,0.025775233283638954,0.008261426351964474,0.015516945160925388,0.01716611534357071,0.026077067479491234,0.01796896569430828,0.012927400879561901,0.02800484374165535,0.03319946676492691,0.014077244326472282,0.03163867071270943,0.008151724003255367,0.011616445146501064,0.015491020865738392,0.03549021854996681,0.015287276357412338,0.022979404777288437,0.04888135567307472,0.03460933268070221,0.03136194869875908,0.014386593364179134,0.058284904807806015,0.026469511911273003,0.022031132131814957,0.005844517145305872,0.023804761469364166,0.08019908517599106,0.008852138184010983
unknown,い け な い,158.59999,159.5,0.98791504,,0.0060539525002241135,0.0042434982024133205,0.004155606031417847,0.011561118997633457,0.058105941861867905,0.10234655439853668,0.006230083294212818,0.07479790598154068,0.06713894009590149,0.14213623106479645,0.07539119571447372,0.04350825399160385,0.07826071232557297,0.03862529993057251,0.015271571464836597,0.019598916172981262,0.1382177472114563,0.08748040348291397,0.02314767800271511,0.12201108783483505,0.0947590246796608,0.005429977551102638,0.02651563473045826,0.015576930716633797,0.010723063722252846,0.011972563341259956,0.026433739811182022,0.06383445858955383,0.020069018006324768,0.019599299877882004,0.03768353536725044,0.0073281554505229,0.005397147033363581,0.012758752331137657,0.03488389775156975,0.004848411772400141,0.015581784769892693,0.012974738143384457,0.01048319973051548,0.04758810997009277,0.010194705799221992,0.019893821328878403,0.035660795867443085,0.02550743706524372,0.004807205870747566,0.01560172624886036,0.0937822163105011,0.0061686099506914616
unknown,勉 強,164.49294,165.31273,0.99121094,,0.04278437793254852,0.02081887237727642,0.017535420134663582,0.020716533064842224,0.006469440180808306,0.007556944619864225,0.020849211141467094,0.009860876016318798,0.20903216302394867,0.3352711796760559,0.06392958760261536,0.023582754656672478,0.008009382523596287,0.003961299546062946,0.04100174829363823,0.017252150923013687,0.0808597058057785,0.01291431114077568,0.002698715543374419,0.01181232463568449,0.011217288672924042,0.01625451073050499,0.0038998837117105722,0.002821394009515643,0.03135912865400314,0.00250050937756896,0.03211512044072151,0.013946421444416046,0.00525095546618104,0.01142696850001812,0.04667752608656883,0.060927700251340866,0.015674317255616188,0.016543405130505562,0.007939673960208893,0.030750557780265808,0.022173361852765083,0.09779903292655945,0.010485980659723282,0.010491876862943172,0.07241061329841614,0.021369189023971558,0.002411114051938057,0.003068883204832673,0.011053983122110367,0.004388384986668825,0.13704073429107666,0.024025628343224525
unknown,マ イ ナ ス e,171.88809,172.94772,0.91875,,0.016738571226596832,0.01005627866834402,0.0035517264623194933,0.0075228530913591385,0.07086773216724396,0.011599997989833355,0.008185220882296562,0.018676597625017166,0.04641669988632202,0.1580272614955902,0.053812943398952484,0.0071024587377905846,0.011873056180775166,0.037630029022693634,0.01955881528556347,0.0054830084554851055,0.05821759253740311,0.024070192128419876,0.023358525708317757,0.01827446185052395,0.006913586053997278,0.00699301203712821,0.006252678576856852,0.009074066765606403,0.007555401884019375,0.005090845283120871,0.012524555437266827,0.006473185494542122,0.008939464576542377,0.005144427064806223,0.011988586746156216,0.009007944725453854,0.012023272924125195,0.010284938849508762,0.015645628795027733,0.040764059871435165,0.020160634070634842,0.0742248073220253,0.0217458363622427,0.03795458748936653,0.028528116643428802,0.03377671539783478,0.012570751830935478,0.011158045381307602,0.008642071858048439,0.0054807779379189014,0.02197294309735298,0.007549566216766834
unknown,悲 し い,178.5771,179.35669,0.7919922,,0.014101621694862843,0.011723171919584274,0.0077901361510157585,0.009940673597157001,0.01649080589413643,0.03603680804371834,0.013194361701607704,0.05892046168446541,0.08784554898738861,0.12058831751346588,0.018199020996689796,0.1196620762348175,0.11201596260070801,0.01658659614622593,0.00588191719725728,0.016243305057287216,0.010805562138557434,0.09103817492723465,0.01785406470298767,0.04856470972299576,0.0501127652823925,0.006678867153823376,0.021751491352915764,0.04463442042469978,0.017476078122854233,0.017352722585201263,0.015399561263620853,0.01641613431274891,0.013743036426603794,0.009394006803631783,0.025006501004099846,0.012816201895475388,0.012365318834781647,0.044145382940769196,0.03992057591676712,0.0014278496382758021,0.08904574811458588,0.026098113507032394,0.03289598226547241,0.09491809457540512,0.005209032911807299,0.04107535630464554,0.02478666976094246,0.03415713831782341,0.011274155229330063,0.045310501009225845,0.028717614710330963,0.0008384721586480737
unknown,短 い,181.69244,182.51196,0.98706055,,0.020312242209911346,0.009144884534180164,0.016282645985484123,0.02213684469461441,0.0033579147420823574,0.011798100546002388,0.023114487528800964,0.011529985815286636,0.09364954382181168,0.33983492851257324,0.0785297080874443,0.0356006920337677,0.02659633569419384,0.0038766658399254084,0.025987325236201286,0.012155885808169842,0.05170328915119171,0.009374783374369144,0.0028756933752447367,0.014743649400770664,0.012844123877584934,0.012595984153449535,0.004157746210694313,0.002879431704059243,0.031957026571035385,0.0031997011974453926,0.05243096873164177,0.014428122900426388,0.009443068876862526,0.009273962117731571,0.05913836881518364,0.03536773473024368,0.009384740144014359,0.016380134969949722,0.004567247815430164,0.01467209868133068,0.04344223067164421,0.02335711568593979,0.008604458533227444,0.013744591735303402,0.03580491617321968,0.010796944610774517,0.007188516668975353,0.007582958322018385,0.011358620598912239,0.004127494525164366,0.010035918094217777,0.007382238283753395
unknown,本 当,188.682,189.3817,0.99438477,,0.012326440773904324,0.009576261974871159,0.0045769233256578445,0.02049403451383114,0.029375871643424034,0.05893002077937126,0.010768079198896885,0.09964003413915634,0.052216120064258575,0.106316477060318,0.02550244890153408,0.012410524301230907,0.1086164340376854,0.012136130593717098,0.02042575180530548,0.011918416246771812,0.09475448727607727,0.028179991990327835,0.007207672111690044,0.06044499948620796,0.09641672670841217,0.010713799856603146,0.05053001642227173,0.008234158158302307,0.005435483064502478,0.009507711976766586,0.03307771310210228,0.03211882710456848,0.018808480352163315,0.01466963067650795,0.035409875214099884,0.020421164110302925,0.012022989802062511,0.011270447634160519,0.025852788239717484,0.0153850382193923,0.03302248939871788,0.058135371655225754,0.01101003773510456,0.03399491682648659,0.023134922608733177,0.020033547654747963,0.023648777976632118,0.03222540766000748,0.025115730240941048,0.010750986635684967,0.043968405574560165,0.015341534279286861
unknown,悲,195.05501,195.55501,0.6845703,,0.01656220108270645,0.011007064953446388,0.009650461375713348,0.010506792925298214,0.009071866050362587,0.040827956050634384,0.026356779038906097,0.06642588973045349,0.09860147535800934,0.194349005818367,0.027493752539157867,0.19278526306152344,0.191983163356781,0.010610049590468407,0.012649217620491982,0.014196421019732952,0.014679369516670704,0.08066806942224503,0.013902057893574238,0.03561754152178764,0.10664387792348862,0.007540260441601276,0.01943381503224373,0.020134009420871735,0.019789919257164,0.017470866441726685,0.019369475543498993,0.013453437015414238,0.011746332980692387,0.007073583081364632,0.05258836969733238,0.011399805545806885,0.013028808869421482,0.08335614204406738,0.022762354463338852,0.003337129717692733,0.13589024543762207,0.03605083003640175,0.030168315395712852,0.05794208124279976,0.008814129047095776,0.03542565554380417,0.0302346833050251,0.04214097559452057,0.022283289581537247,0.021656766533851624,0.029714107513427734,0.0018892934313043952
unknown,駐 射 割,201.935,202.755,0.8208008,,0.008448537439107895,0.003614956047385931,0.005717189982533455,0.018368111923336983,0.056330934166908264,0.03456248715519905,0.007037970703095198,0.036970071494579315,0.044148337095975876,0.18819250166416168,0.13007134199142456,0.03319329023361206,0.030708475038409233,0.023650670424103737,0.015884945169091225,0.008489594794809818,0.12351634353399277,0.01816410943865776,0.01106195617467165,0.03459550440311432,0.028648806735873222,0.007214097306132317,0.010699387639760971,0.002899464685469866,0.007492045871913433,0.005163898225873709,0.04659118130803108,0.02109401859343052,0.01192462258040905,0.009411800652742386,0.052263904362916946,0.01644020900130272,0.004800328519195318,0.01840638928115368,0.00567250931635499,0.02005542628467083,0.01855161041021347,0.018554454669356346,0.002575232181698084,0.01229524239897728,0.024179941043257713,0.006243398413062096,0.012802043929696083,0.013213235884904861,0.008757920004427433,0.006391526665538549,0.025251254439353943,0.01697416603565216
unknown,南 膏,206.50806,207.32759,0.4802246,,0.004909354727715254,0.0035958481021225452,0.003615011228248477,0.019564436748623848,0.016445111483335495,0.01913125067949295,0.004282394889742136,0.04879671335220337,0.15948693454265594,0.12713098526000977,0.012699305079877377,0.021785033866763115,0.12372283637523651,0.009858316741883755,0.003928603604435921,0.013090278953313828,0.008435273543000221,0.12935151159763336,0.021079931408166885,0.052588336169719696,0.10884024947881699,0.0025949326809495687,0.026233816519379616,0.01308626402169466,0.0031227217987179756,0.005592723842710257,0.005292119458317757,0.009487512521445751,0.02466929517686367,0.0068832384422421455,0.014499513432383537,0.008108243346214294,0.007612286601215601,0.015340842306613922,0.037243686616420746,0.0030640019103884697,0.03262246027588844,0.009752979502081871,0.01140851341187954,0.0699446052312851,0.003065729746595025,0.01149112917482853,0.025550665333867073,0.022165652364492416,0.005627219565212727,0.006613808684051037,0.11411882936954498,0.002207702025771141
unknown,h t o,213.37805,214.27747,0.7573242,,0.014228159561753273,0.007909447886049747,0.005839287769049406,0.021472597494721413,0.05074111744761467,0.028764523565769196,0.010065216571092606,0.04662838205695152,0.04453209415078163,0.05152789503335953,0.027432948350906372,0.023644061759114265,0.05939999967813492,0.03252200037240982,0.016251904889941216,0.011307347565889359,0.04806636646389961,0.0701761245727539,0.023484133183956146,0.048521630465984344,0.01886817067861557,0.007737535052001476,0.017831850796937943,0.0057248012162745,0.007235168945044279,0.008115362375974655,0.02623794972896576,0.019978083670139313,0.01153768040239811,0.012654991820454597,0.026140397414565086,0.016485601663589478,0.0061635179445147514,0.027281736955046654,0.021177474409341812,0.023501457646489143,0.0241021066904068,0.015149073675274849,0.008582819253206253,0.030420023947954178,0.023727472871541977,0.015162371098995209,0.01746213436126709,0.032396480441093445,0.014513563364744186,0.004607408307492733,0.03626963496208191,0.013722148723900318
unknown,鼻,219.38467,219.88467,0.5463867,,0.009286941029131413,0.005480650812387466,0.006750108674168587,0.05906322970986366,0.056649353355169296,0.031414493918418884,0.018075214698910713,0.04994695633649826,0.07967328280210495,0.1241900846362114,0.10940784215927124,0.028514191508293152,0.18498289585113525,0.02509605884552002,0.011137190274894238,0.008239327929913998,0.08086233586072922,0.030863327905535698,0.019348176196217537,0.03461829945445061,0.05745694413781166,0.008341141976416111,0.010426324792206287,0.0032521907705813646,0.0089578153565526,0.010207087732851505,0.0471828319132328,0.019141441211104393,0.005820937920361757,0.013747463002800941,0.08706967532634735,0.02373596839606762,0.00798671692609787,0.014612541534006596,0.00816713273525238,0.010454943403601646,0.034165021032094955,0.02553354762494564,0.0147482268512249,0.011012313887476921,0.017741525545716286,0.021973729133605957,0.007958621717989445,0.059580620378255844,0.02008024975657463,0.005304928869009018,0.02733159251511097,0.010211368091404438
unknown,ノ ー ト,225.38042,226.16022,0.89160156,,0.025249481201171875,0.013143687509000301,0.012165668420493603,0.03263053297996521,0.021543310955166817,0.014406954869627953,0.021763121709227562,0.023402396589517593,0.04014554247260094,0.27503904700279236,0.14124630391597748,0.041739095002412796,0.043078191578388214,0.008895418606698513,0.07465969026088715,0.00688970647752285,0.1274334192276001,0.006912185810506344,0.003377754706889391,0.01599843055009842,0.02346949651837349,0.011630089953541756,0.005172606557607651,0.0028611086308956146,0.013445302844047546,0.006838853470981121,0.07779679447412491,0.012367633171379566,0.0036639468744397163,0.0052431016229093075,0.16247273981571198,0.04998122528195381,0.008199343457818031,0.01796427182853222,0.0045789554715156555,0.030122116208076477,0.04961395636200905,0.042991332709789276,0.004442424979060888,0.006542218383401632,0.06606660783290863,0.009791098535060883,0.003246644278988242,0.013095512054860592,0.044068969786167145,0.005765567068010569,0.015705717727541924,0.031003622338175774
unknown,森 林,230.49678,231.71626,0.80859375,,0.038190990686416626,0.019987327978014946,0.030515078455209732,0.024362532421946526,0.010656929574906826,0.05061075836420059,0.05025239288806915,0.04152641445398331,0.024023476988077164,0.2496435046195984,0.025784064084291458,0.0872720330953598,0.09275440871715546,0.003489118069410324,0.011054989881813526,0.009081821888685226,0.019852755591273308,0.014335735701024532,0.006621409673243761,0.04659881442785263,0.021015971899032593,0.014208595268428326,0.004378002602607012,0.014521305449306965,0.03759368509054184,0.004388774279505014,0.0462760254740715,0.032620251178741455,0.0075428602285683155,0.028354749083518982,0.05166776105761528,0.02689323201775551,0.01812485232949257,0.022001419216394424,0.03692634031176567,0.007841897197067738,0.052825700491666794,0.01976688764989376,0.022021785378456116,0.06237855926156044,0.02032359316945076,0.03436270356178284,0.01229813788086176,0.0132452929392457,0.015133703127503395,0.008280714973807335,0.027912402525544167,0.005038726609200239
unknown,つ み,236.18999,237.04999,0.6113281,,0.029553795233368874,0.023753266781568527,0.015218512155115604,0.034365374594926834,0.017236484214663506,0.016644522547721863,0.02724730595946312,0.04167696088552475,0.09739737957715988,0.24994218349456787,0.060781821608543396,0.030423888936638832,0.02574443444609642,0.0113441227003932,0.06563842296600342,0.028754688799381256,0.07712754607200623,0.015447474084794521,0.0053807212971150875,0.019574729725718498,0.015580853447318077,0.028329472988843918,0.010747743770480156,0.0029135881923139095,0.027939368039369583,0.010055100545287132,0.06129484996199608,0.0170095544308424,0.010674702934920788,0.005050150211900473,0.08138721436262131,0.08113894611597061,0.03402671217918396,0.03225984051823616,0.011569525115191936,0.05285016447305679,0.015113008208572865,0.04393048211932182,0.035114459693431854,0.018349539488554,0.07654459029436111,0.046989358961582184,0.009031849913299084,0.008880725130438805,0.024665003642439842,0.003515259362757206,0.032161399722099304,0.0312923789024353
unknown,鉛 筆,242.98999,243.81,0.9946289,,0.05209014564752579,0.021804092451930046,0.037167489528656006,0.02134072408080101,0.02031993679702282,0.013608853332698345,0.016823729500174522,0.038743484765291214,0.040450189262628555,0.2638058066368103,0.058560438454151154,0.03736883029341698,0.03162185847759247,0.020301880314946175,0.02340450882911682,0.025904495269060135,0.04360293596982956,0.027454035356640816,0.022169411182403564,0.014454803429543972,0.02508074790239334,0.007120897993445396,0.020256036892533302,0.013075732626020908,0.01257533859461546,0.016170483082532883,0.020164834335446358,0.006805942393839359,0.01075784396380186,0.007095835171639919,0.06965383887290955,0.028470728546380997,0.021369971334934235,0.0079110786318779,0.0072844685055315495,0.010259500704705715,0.021119629964232445,0.007729664910584688,0.010031402111053467,0.01482104416936636,0.033391840755939484,0.02017149329185486,0.01775493659079075,0.01270128134638071,0.00980277732014656,0.011182957328855991,0.01307094469666481,0.004795832093805075
unknown,考 え,249.04228,249.70195,0.9980469,,0.0061152419075369835,0.0015710396692156792,0.002400316298007965,0.006955406628549099,0.1757228970527649,0.011936686001718044,0.00372667470946908,0.028558455407619476,0.23274293541908264,0.18557089567184448,0.05933157727122307,0.037511587142944336,0.18222388625144958,0.07301855832338333,0.009289996698498726,0.0029845067765563726,0.025671280920505524,0.06311888992786407,0.04385453462600708,0.031731490045785904,0.058005496859550476,0.0014672486577183008,0.010326460003852844,0.006569101940840483,0.0033566425554454327,0.0070845866575837135,0.004345096182078123,0.004049506038427353,0.0063864365220069885,0.004945944994688034,0.021649427711963654,0.0037413490936160088,0.00237710471265018,0.007116374094039202,0.0072580245323479176,0.00315785757265985,0.039672620594501495,0.008627387695014477,0.0035907875280827284,0.023338720202445984,0.006788845174014568,0.0056504434905946255,0.00879543088376522,0.02857188880443573,0.0041880919598042965,0.006274644285440445,0.04356902092695236,0.002764582633972168
unknown,ミ ス,254.82979,255.48944,0.8996582,,0.017198123037815094,0.006190533749759197,0.008061520755290985,0.024364210665225983,0.03180300071835518,0.021626053377985954,0.016365591436624527,0.04497290775179863,0.041988618671894073,0.11293232440948486,0.025143366307020187,0.019041050225496292,0.04377300292253494,0.020643802359700203,0.027158580720424652,0.02774922177195549,0.0429428368806839,0.04837671294808388,0.019849272444844246,0.04475294053554535,0.0265764482319355,0.014560732990503311,0.014031442813575268,0.00872949231415987,0.01546267606317997,0.0156562440097332,0.029625292867422104,0.012356605380773544,0.017365502193570137,0.009642808698117733,0.028936803340911865,0.023516453802585602,0.008295748382806778,0.021531127393245697,0.017282923683524132,0.0098484568297863,0.025520455092191696,0.045236680656671524,0.030365444719791412,0.048681147396564484,0.025272563099861145,0.09822908043861389,0.023117313161492348,0.026163440197706223,0.017789922654628754,0.008688497357070446,0.037008136510849,0.011301391758024693
unknown,開 け る,260.13834,260.95764,0.8725586,,0.00956101343035698,0.004522980190813541,0.007577558979392052,0.01627570204436779,0.14689168334007263,0.033407360315322876,0.007156876847147942,0.04463009536266327,0.11287401616573334,0.27033182978630066,0.12217477709054947,0.02741415984928608,0.04185832291841507,0.04222691059112549,0.029019614681601524,0.007516016718000174,0.21570444107055664,0.03932753577828407,0.024295445531606674,0.06171763315796852,0.049221064895391464,0.011220077984035015,0.021994803100824356,0.004967399872839451,0.008364913985133171,0.009020864963531494,0.05031384155154228,0.02151537872850895,0.015967605635523796,0.010279056616127491,0.0441264845430851,0.02974669449031353,0.005306954961270094,0.008229452185332775,0.0177060067653656,0.01651405170559883,0.022971754893660545,0.0282355397939682,0.0045980182476341724,0.016755713149905205,0.031083662062883377,0.011574823409318924,0.021310031414031982,0.01846674643456936,0.009534009732306004,0.004144072998315096,0.09477805346250534,0.014940045773983002
unknown,し い,266.74652,267.6063,0.44628906,,0.007906715385615826,0.006283845752477646,0.006303476635366678,0.02462766133248806,0.3027689754962921,0.05314289778470993,0.011329423636198044,0.039180636405944824,0.026223978027701378,0.09391966462135315,0.04064133018255234,0.04600157216191292,0.04760882258415222,0.1441716104745865,0.00725218141451478,0.019051935523748398,0.06560344249010086,0.12176273763179779,0.16849163174629211,0.12203057110309601,0.04069618135690689,0.005101194139569998,0.03677169233560562,0.025583984330296516,0.00857823807746172,0.02664860710501671,0.016724565997719765,0.03553913161158562,0.05798949673771858,0.032672200351953506,0.018464427441358566,0.009108654223382473,0.004973295144736767,0.01054543349891901,0.03588089719414711,0.016049420461058617,0.059417854994535446,0.018525883555412292,0.00487638171762228,0.07327873259782791,0.009436968713998795,0.03388155996799469,0.1315666288137436,0.04293045774102211,0.006584379822015762,0.01949276588857174,0.02383166179060936,0.012074618600308895
unknown,宝 石,273.82166,274.64145,0.8425293,,0.017657427117228508,0.006090289913117886,0.013588810339570045,0.011328554712235928,0.036154087632894516,0.033012621104717255,0.01665704883635044,0.03259551152586937,0.030794793739914894,0.16472075879573822,0.04560346156358719,0.03585467115044594,0.06596185266971588,0.04540029168128967,0.009966283105313778,0.008439346216619015,0.02965998463332653,0.06416143476963043,0.04230882599949837,0.0646822527050972,0.06776414066553116,0.007183895446360111,0.013490170240402222,0.017344880849123,0.013814369216561317,0.010626353323459625,0.024786515161395073,0.029253177344799042,0.015420605428516865,0.02921360544860363,0.053741149604320526,0.010867448523640633,0.008663713000714779,0.025772474706172943,0.02599067986011505,0.006086354609578848,0.02317463606595993,0.014407481998205185,0.010866453871130943,0.03351198136806488,0.009807934053242207,0.016443945467472076,0.021011395379900932,0.03352629020810127,0.007846225053071976,0.018913283944129944,0.03263308107852936,0.003576374612748623
unknown,温 か い,278.27194,279.29114,0.9744466,,0.020029747858643532,0.008426949381828308,0.015785064548254013,0.016117531806230545,0.008269725367426872,0.010847224853932858,0.018567606806755066,0.012627143412828445,0.07174049317836761,0.24334929883480072,0.1154896542429924,0.06230904534459114,0.02193809486925602,0.006955217104405165,0.020788684487342834,0.008797360584139824,0.07492242008447647,0.012782538309693336,0.0059538548812270164,0.014018295332789421,0.012934346683323383,0.014898428693413734,0.0035058872308582067,0.003740771673619747,0.013160789385437965,0.0010959599167108536,0.06540120393037796,0.009805061854422092,0.004397110547870398,0.006570751778781414,0.07641041278839111,0.03551687300205231,0.009165184572339058,0.016596719622612,0.006731896195560694,0.011039434000849724,0.04369400069117546,0.019992846995592117,0.0028131138533353806,0.009337733499705791,0.0288521908223629,0.008308357559144497,0.003239697776734829,0.008304057642817497,0.0076272739097476006,0.008668983355164528,0.04653749614953995,0.009651409462094307
unknown,細 い,285.10153,285.7613,0.9987793,,0.002169193234294653,0.0015257500344887376,0.0035717494320124388,0.014379528351128101,0.0461418479681015,0.12413065880537033,0.004928112030029297,0.11070825159549713,0.052662450820207596,0.023542841896414757,0.008178170770406723,0.01569686271250248,0.06679359823465347,0.020974518731236458,0.002640369813889265,0.007014579139649868,0.008510046638548374,0.10646966844797134,0.08679701387882233,0.20577149093151093,0.04606304317712784,0.0049619837664067745,0.04759829863905907,0.024592921137809753,0.003121322952210903,0.003470849245786667,0.012514658272266388,0.06767917424440384,0.045145709067583084,0.04483070224523544,0.006924652960151434,0.005391744896769524,0.0015821579145267606,0.004952264484018087,0.08401057869195938,0.0015724377008154988,0.01422200445085764,0.00824423972517252,0.003025023965165019,0.08854518085718155,0.0024181499611586332,0.0066244094632565975,0.06464044749736786,0.06268015503883362,0.0040265461429953575,0.01745947264134884,0.05051448568701744,0.002711307955905795
unknown,全 体,291.7863,292.64572,0.97387695,,0.01504772063344717,0.008324717171490192,0.010462377220392227,0.01568184606730938,0.0243188738822937,0.010414645075798035,0.012112200260162354,0.014581725932657719,0.11648594588041306,0.41219067573547363,0.12420609593391418,0.020370271056890488,0.023419685661792755,0.01460481621325016,0.029958724975585938,0.013984380289912224,0.07466262578964233,0.029394958168268204,0.00717282947152853,0.022108621895313263,0.023247553035616875,0.007961609400808811,0.006139326374977827,0.007744424510747194,0.019257649779319763,0.002558453707024455,0.01847907342016697,0.014996936544775963,0.008004668168723583,0.009443770162761211,0.0691167563199997,0.023155448958277702,0.012752373702824116,0.011739318259060383,0.023116592317819595,0.008212868124246597,0.01553787849843502,0.0401277057826519,0.012596972286701202,0.03462032228708267,0.029188083484768867,0.023054054006934166,0.008609533309936523,0.01546915527433157,0.012155372649431229,0.011357355862855911,0.08886541426181793,0.009622493758797646
unknown,離 す,296.85834,297.59796,0.95166016,,0.008710506372153759,0.005775419529527426,0.008424455299973488,0.01142873615026474,0.025790764018893242,0.027612745761871338,0.011415693908929825,0.05144200474023819,0.07328563183546066,0.11802729964256287,0.017563531175255775,0.04513324052095413,0.06600075960159302,0.04049772396683693,0.011684855446219444,0.0020718462765216827,0.023111822083592415,0.15303529798984528,0.04777386784553528,0.06145486980676651,0.08297127485275269,0.003922097850590944,0.024800490587949753,0.017158664762973785,0.008953500539064407,0.010822589509189129,0.009765616618096828,0.012392735108733177,0.02182869054377079,0.01023847609758377,0.02158922329545021,0.0070663755759596825,0.008561624214053154,0.007557525299489498,0.04005308821797371,0.006282441318035126,0.1528671383857727,0.03719117119908333,0.011829743161797523,0.07950456440448761,0.012724291533231735,0.017365531995892525,0.04058631882071495,0.03503198176622391,0.010585670359432697,0.014500869438052177,0.06496265530586243,0.004647864028811455
unknown,男,302.82346,303.32346,0.9980469,,0.028321579098701477,0.02963986247777939,0.016242513433098793,0.08967562019824982,0.015537186525762081,0.020884817466139793,0.04986853152513504,0.03593853488564491,0.0317261703312397,0.08905642479658127,0.016775265336036682,0.023690635338425636,0.05159727483987808,0.01026722602546215,0.02234579250216484,0.009286705404520035,0.023809216916561127,0.009882106445729733,0.012051406316459179,0.03777908533811569,0.020765842869877815,0.03204074129462242,0.0105724036693573,0.01543152704834938,0.03319302946329117,0.015281769447028637,0.06774456799030304,0.018809664994478226,0.013009707443416119,0.01409502886235714,0.08782272785902023,0.06942220032215118,0.02871025539934635,0.03641018271446228,0.015260795131325722,0.011411335319280624,0.020438561215996742,0.008169682696461678,0.028766347095370293,0.02065649814903736,0.01718435436487198,0.03095809370279312,0.009896322153508663,0.030086573213338852,0.04182526096701622,0.023531226441264153,0.02725234068930149,0.00993316899985075
unknown,運 ん で く る,309.6465,310.66522,0.9939453,,0.02236226014792919,0.015398800373077393,0.017059674486517906,0.022569837048649788,0.0876268744468689,0.0334644578397274,0.019863968715071678,0.010943627916276455,0.041082922369241714,0.1856580227613449,0.06396958231925964,0.012278958223760128,0.01936313696205616,0.014677558094263077,0.010907486081123352,0.01268107257783413,0.08004457503557205,0.02075963094830513,0.0225397739559412,0.066710464656353,0.011738027445971966,0.014472596347332,0.006080503575503826,0.009579197503626347,0.017628779634833336,0.003755443263798952,0.04360285773873329,0.05367448925971985,0.01318113598972559,0.034119121730327606,0.059243880212306976,0.035488273948431015,0.015634970739483833,0.006330688949674368,0.029281677678227425,0.016601430252194405,0.0060035609640181065,0.01605997420847416,0.01326803769916296,0.03950217366218567,0.019915129989385605,0.02344357594847679,0.009127086959779263,0.012859740294516087,0.006920757703483105,0.007527340203523636,0.08758310228586197,0.006965697277337313
unknown,n c l,315.00903,316.1881,0.7789714,,0.02811434678733349,0.009698444046080112,0.01131577230989933,0.011520527303218842,0.03127288818359375,0.03309386968612671,0.023355964571237564,0.0152724115177989,0.04147303104400635,0.16020402312278748,0.09230051189661026,0.05285831540822983,0.029017919674515724,0.01850791648030281,0.020846808329224586,0.0049536083824932575,0.10845285654067993,0.02825622633099556,0.013912265188992023,0.02589724399149418,0.018292248249053955,0.009131227619946003,0.005597681272774935,0.005057461094111204,0.012756596319377422,0.023830560967326164,0.0399838425219059,0.018516266718506813,0.0052362303249537945,0.006719751283526421,0.07012271136045456,0.014286350458860397,0.006824043113738298,0.0176735520362854,0.008915655314922333,0.019620470702648163,0.044738080352544785,0.026822170242667198,0.007434025406837463,0.02660956420004368,0.02259034290909767,0.012423164211213589,0.007179211359471083,0.010868851095438004,0.01641997881233692,0.008153528906404972,0.017554841935634613,0.01576504111289978
unknown,お 金,320.60144,321.26123,0.91552734,,0.014017817564308643,0.01375324185937643,0.0062421346083283424,0.03441672399640083,0.01741711236536503,0.010456145741045475,0.012624412775039673,0.04407801106572151,0.07254216074943542,0.2737303674221039,0.06193595752120018,0.01856154017150402,0.04267192631959915,0.009784217923879623,0.027201583608984947,0.012582652270793915,0.058508336544036865,0.013895480893552303,0.007635766174644232,0.02332061529159546,0.026005586609244347,0.01075078547000885,0.009839204140007496,0.007401836104691029,0.009312148205935955,0.004161348566412926,0.03402229771018028,0.015911173075437546,0.015942351892590523,0.008751093409955502,0.03172601759433746,0.0393778420984745,0.02199636958539486,0.019812265411019325,0.017420094460248947,0.010179735720157623,0.020606882870197296,0.0640246570110321,0.020317867398262024,0.0241480004042387,0.03500273451209068,0.03880052641034126,0.012700647115707397,0.022316211834549904,0.01411654707044363,0.011849777773022652,0.05344141274690628,0.00966667104512453
unknown,大 人,326.23376,326.89355,0.9321289,,0.03229375183582306,0.01462200004607439,0.009263317100703716,0.020717648789286613,0.02819514460861683,0.023514291271567345,0.021934788674116135,0.051854684948921204,0.06505970656871796,0.13860131800174713,0.07539581507444382,0.03386443853378296,0.09025971591472626,0.014419632963836193,0.01586354523897171,0.005318433046340942,0.07012249529361725,0.015752926468849182,0.008789178915321827,0.019948510453104973,0.02693125419318676,0.007137839682400227,0.012033084407448769,0.004983545280992985,0.010974766686558723,0.011935673654079437,0.02367844432592392,0.015038360841572285,0.005385739263147116,0.011291421949863434,0.06389371305704117,0.01523574162274599,0.013248581439256668,0.04487641155719757,0.00672720093280077,0.019903115928173065,0.026081696152687073,0.014726676978170872,0.010690145194530487,0.019785553216934204,0.01638159714639187,0.02105761133134365,0.0077776918187737465,0.029902566224336624,0.015662869438529015,0.010236368514597416,0.01359046995639801,0.010846482589840889
unknown,鼻,332.87607,333.37607,0.66503906,,0.025650814175605774,0.012004968710243702,0.01798282377421856,0.11267977952957153,0.024937059730291367,0.01997237093746662,0.01640758477151394,0.044972002506256104,0.05862056091427803,0.11474073678255081,0.054264213889837265,0.01450897753238678,0.03857896476984024,0.014049142599105835,0.021567966789007187,0.011917351745069027,0.06940701603889465,0.016384020447731018,0.01460392214357853,0.028492368757724762,0.031466711312532425,0.022558515891432762,0.010816226713359356,0.006555274594575167,0.01856769248843193,0.010424045845866203,0.10198044776916504,0.015847809612751007,0.009218862280249596,0.009931901469826698,0.0870254710316658,0.10085078328847885,0.0131850466132164,0.012669075280427933,0.012322756461799145,0.01890520006418228,0.015267019160091877,0.02211056835949421,0.009022628888487816,0.01321656908839941,0.037142034620046616,0.013589644804596901,0.005594418849796057,0.015252085402607918,0.02367163449525833,0.0059112911112606525,0.03721321374177933,0.0218243096023798
unknown,山,339.42087,339.92087,0.9604492,,0.019947096705436707,0.009286805056035519,0.011414255946874619,0.0298497024923563,0.0996900275349617,0.019714079797267914,0.01722218096256256,0.022493762895464897,0.05424031615257263,0.12310325354337692,0.11966652423143387,0.01954798586666584,0.05039113387465477,0.013083628378808498,0.03747822716832161,0.00869835540652275,0.10378182679414749,0.011651110835373402,0.010768498294055462,0.023797180503606796,0.013516813516616821,0.013921912759542465,0.006971003953367472,0.0016710009658709168,0.011596016585826874,0.005692897364497185,0.06859354674816132,0.011948682367801666,0.003737475024536252,0.007694074884057045,0.06433884054422379,0.05447966605424881,0.012625632807612419,0.039782918989658356,0.00721390824764967,0.0520809143781662,0.014048938639461994,0.028982853516936302,0.011375143192708492,0.009183190762996674,0.0479758195579052,0.014788633212447166,0.005478056613355875,0.013450691476464272,0.02098875120282173,0.0013670315966010094,0.015411483123898506,0.029057785868644714
unknown,嬉 し い,346.4668,347.36652,0.90966797,,0.14015890657901764,0.1183570995926857,0.08232729136943817,0.02954709716141224,0.006546913180500269,0.016082052141427994,0.04872626066207886,0.026525091379880905,0.12399295717477798,0.17556078732013702,0.005758899729698896,0.025543423369526863,0.03328661248087883,0.007107253186404705,0.05369137227535248,0.0853717029094696,0.008270148187875748,0.06165935844182968,0.006808032747358084,0.023351963609457016,0.018775008618831635,0.02909577637910843,0.014094536192715168,0.01498454064130783,0.04389770328998566,0.05173322185873985,0.05037054046988487,0.009533895179629326,0.014441419392824173,0.008608588948845863,0.0980888083577156,0.2365153729915619,0.07562029361724854,0.011620196513831615,0.01170821487903595,0.009690899401903152,0.03432818129658699,0.10116350650787354,0.04553689807653427,0.04835142567753792,0.09935294836759567,0.03528737276792526,0.012924990616738796,0.011345761828124523,0.026331346482038498,0.01902790367603302,0.05097053945064545,0.006051398813724518
unknown,ス タ ー ト,352.30264,353.1624,0.99853516,,0.008691214956343174,0.00590287521481514,0.007321229670196772,0.024043304845690727,0.2553209960460663,0.04301697015762329,0.014164255000650883,0.033023472875356674,0.03757350891828537,0.07804181426763535,0.12087854743003845,0.018474766984581947,0.06135319173336029,0.06405508518218994,0.01559822354465723,0.007047969847917557,0.2010493129491806,0.08385464549064636,0.06266966462135315,0.09447181224822998,0.04250962287187576,0.020012564957141876,0.0242490042001009,0.008437096141278744,0.007394732907414436,0.012551939114928246,0.043926551938056946,0.048194967210292816,0.019062992185354233,0.027273546904325485,0.0626595988869667,0.01723938062787056,0.005093339364975691,0.0256788432598114,0.03263682499527931,0.027195358648896217,0.05353763699531555,0.038885802030563354,0.00728230644017458,0.024274500086903572,0.029300441965460777,0.030613046139478683,0.023874348029494286,0.06064499169588089,0.021177344024181366,0.009720005095005035,0.04234226047992706,0.026754597201943398
unknown,喧 カ,356.9944,357.7742,0.7336426,,0.012888831086456776,0.007170329801738262,0.0031804630998522043,0.019829347729682922,0.02855856716632843,0.009716290980577469,0.010115939192473888,0.013881840743124485,0.08900204300880432,0.2705994248390198,0.14514288306236267,0.04483918100595474,0.04409237578511238,0.016334133222699165,0.03474052995443344,0.014092768542468548,0.11461581289768219,0.024239402264356613,0.0074886237271130085,0.023954691365361214,0.025700192898511887,0.004545330069959164,0.0029860783834010363,0.012123226188123226,0.008245409466326237,0.005235680844634771,0.02178948000073433,0.009523400105535984,0.007443098817020655,0.004706264939159155,0.067243292927742,0.020479489117860794,0.00899999588727951,0.027437426149845123,0.010190674103796482,0.026509469375014305,0.05515756458044052,0.02738117054104805,0.0035367263481020927,0.020427308976650238,0.05004569888114929,0.007757158484309912,0.004551211837679148,0.012887902557849884,0.007101886905729771,0.02369125932455063,0.0597793385386467,0.014152544550597668
unknown,水,363.2303,363.7303,0.9760742,,0.022340627387166023,0.01773681305348873,0.01604234240949154,0.06406482309103012,0.0049661812372505665,0.02093503810465336,0.026394657790660858,0.03676048666238785,0.0697820633649826,0.1567114144563675,0.02905510738492012,0.017016157507896423,0.0523444302380085,0.005481669679284096,0.030813327059149742,0.01718432828783989,0.02437150664627552,0.018976885825395584,0.0072745513170957565,0.033472638577222824,0.025020794942975044,0.020033134147524834,0.008447459898889065,0.009567825123667717,0.020942997187376022,0.0059553636237978935,0.03220144286751747,0.023512285202741623,0.019461756572127342,0.014355290681123734,0.06279344856739044,0.04947454482316971,0.015863478183746338,0.011017265729606152,0.01727147027850151,0.009985041804611683,0.02154192328453064,0.0412178561091423,0.02336340770125389,0.03993099927902222,0.03560537472367287,0.05526082217693329,0.01256808266043663,0.015116225928068161,0.03151640668511391,0.005550107453018427,0.05148332193493843,0.006349485833197832
unknown,砂,370.14575,370.64575,0.9921875,,0.022785954177379608,0.008475242182612419,0.007929394952952862,0.07927074283361435,0.08083517849445343,0.03304463252425194,0.016485881060361862,0.04572257772088051,0.06658227741718292,0.1110820546746254,0.07970596104860306,0.025960370898246765,0.06737973541021347,0.07185226678848267,0.029867537319660187,0.011702440679073334,0.08700086176395416,0.08955240994691849,0.08979902416467667,0.043964892625808716,0.026760278269648552,0.009378611110150814,0.022896580398082733,0.010655420832335949,0.010447779670357704,0.03337419033050537,0.022272339090704918,0.017568448558449745,0.018440624698996544,0.009921659715473652,0.046190399676561356,0.029467085376381874,0.01411772333085537,0.011348821222782135,0.024321014061570168,0.032120898365974426,0.05355161800980568,0.04044137895107269,0.010462097823619843,0.034307315945625305,0.03894926235079765,0.013419713824987411,0.03092922456562519,0.045689113438129425,0.018211890012025833,0.017040027305483818,0.04989965260028839,0.02600494958460331
unknown,氷,374.4,374.9,0.9423828,,0.018605010583996773,0.00838156882673502,0.013657824136316776,0.03837539255619049,0.024864379316568375,0.009505238384008408,0.015523028559982777,0.02323446050286293,0.061343465000391006,0.1919199377298355,0.06283582001924515,0.024760013446211815,0.025294359773397446,0.013942335732281208,0.013136462308466434,0.009698149748146534,0.04682900011539459,0.017103493213653564,0.028866903856396675,0.019012296572327614,0.01499356608837843,0.008879273198544979,0.005562437232583761,0.0047620791010558605,0.013301357626914978,0.0033830050379037857,0.03463440760970116,0.012772155925631523,0.009094049222767353,0.0079722348600626,0.06461084634065628,0.02825259417295456,0.010582427494227886,0.012889410369098186,0.011361497454345226,0.01283013354986906,0.019562631845474243,0.010119080543518066,0.003989744000136852,0.012872815132141113,0.01889464259147644,0.01215939037501812,0.006142870057374239,0.009125867858529091,0.013396365568041801,0.005540571175515652,0.02635471150279045,0.009073236957192421
unknown,こ き,381.32,382.22,0.35058594,,0.02662893757224083,0.01373179629445076,0.020598260685801506,0.0459449402987957,0.015435170382261276,0.015253678895533085,0.02926880493760109,0.024724507704377174,0.033350732177495956,0.14410346746444702,0.06351010501384735,0.017258215695619583,0.06053915619850159,0.007658381946384907,0.02828299067914486,0.010757639072835445,0.07467915862798691,0.009128679521381855,0.005022479221224785,0.01427485328167677,0.02735999971628189,0.02284550480544567,0.00358019582927227,0.0028924213256686926,0.018259437754750252,0.011254481039941311,0.16716478765010834,0.0117716733366251,0.003782927058637142,0.004832388833165169,0.17887374758720398,0.0718357190489769,0.01457866933196783,0.017966266721487045,0.006837049964815378,0.028357770293951035,0.01667672023177147,0.024510575458407402,0.008673474192619324,0.006958693265914917,0.03952964022755623,0.01521486695855856,0.0037204038817435503,0.014566403813660145,0.05740027129650116,0.004946719389408827,0.015635855495929718,0.015300058759748936
unknown,果 物,386.63998,387.315,0.998291,,0.01411250326782465,0.0073628234677016735,0.006092215422540903,0.01385484915226698,0.05295239016413689,0.009174305945634842,0.006540302652865648,0.00960136204957962,0.07268281280994415,0.17509987950325012,0.14579932391643524,0.02839736081659794,0.012440523132681847,0.013907395303249359,0.021586870774626732,0.011858552694320679,0.2315034717321396,0.00943862646818161,0.008915074169635773,0.012624223716557026,0.01667279191315174,0.01041930727660656,0.004332392476499081,0.0021268941927701235,0.010571523569524288,0.0039116395637393,0.04680202528834343,0.011322583071887493,0.0035229551140218973,0.004770772997289896,0.06583323329687119,0.028163863345980644,0.012216738425195217,0.022074611857533455,0.005880532320588827,0.03427888825535774,0.00832833256572485,0.009887698106467724,0.005957051180303097,0.010397356003522873,0.029615255072712898,0.012728492729365826,0.0037437346763908863,0.005129791330546141,0.007241767831146717,0.00456576980650425,0.05143741890788078,0.018623122945427895
unknown,バ,393.575,394.075,0.5395508,,0.014210263267159462,0.006049721967428923,0.010549096390604973,0.06600470840930939,0.05024374648928642,0.013747080229222775,0.02580377273261547,0.02752147987484932,0.1140039786696434,0.1795705258846283,0.07573443651199341,0.02026326395571232,0.03215574473142624,0.03766416758298874,0.0675840973854065,0.007185612805187702,0.17165875434875488,0.03967314958572388,0.028368109837174416,0.03251439332962036,0.037646472454071045,0.018200859427452087,0.020102037116885185,0.00451525067910552,0.01468606200069189,0.008588441647589207,0.05099118873476982,0.01247191708534956,0.02261086367070675,0.010635933838784695,0.059202440083026886,0.018338268622756004,0.006950605660676956,0.016340000554919243,0.017844514921307564,0.07160741090774536,0.07833267748355865,0.1334034949541092,0.009579270146787167,0.014291592873632908,0.08619427680969238,0.034861017018556595,0.018412135541439056,0.028827067464590073,0.03141742944717407,0.0062102945521473885,0.054422590881586075,0.07482309639453888
unknown,長 さ,398.975,399.715,0.9880371,,0.01470735389739275,0.008181383833289146,0.010362806729972363,0.02236041985452175,0.03576463460922241,0.029968198388814926,0.018688777461647987,0.018356481567025185,0.053186167031526566,0.2824493944644928,0.17749899625778198,0.0392211489379406,0.04884985089302063,0.011197766289114952,0.017880253493785858,0.024192355573177338,0.21263624727725983,0.020277690142393112,0.010999824851751328,0.04752875119447708,0.025563552975654602,0.02210732363164425,0.005250294227153063,0.007145461160689592,0.02038949728012085,0.006933989003300667,0.06135592237114906,0.03917687013745308,0.0117323137819767,0.018932141363620758,0.04733361676335335,0.03779827058315277,0.009119794704020023,0.02104579284787178,0.030455201864242554,0.017252754420042038,0.02809523604810238,0.06346301734447479,0.018347444012761116,0.022453928366303444,0.019977735355496407,0.04111026972532272,0.010492566972970963,0.030652109533548355,0.016242388635873795,0.009663533419370651,0.05999063327908516,0.01640576496720314
unknown,嬉 し い,405.1024,405.9617,0.97184247,,0.0846482589840889,0.04690556228160858,0.0467212051153183,0.013322935439646244,0.024196604266762733,0.02362724393606186,0.03228607773780823,0.02377796731889248,0.06953239440917969,0.1370147168636322,0.02709888108074665,0.039386507123708725,0.026332126930356026,0.015110930427908897,0.038010373711586,0.05708295851945877,0.043125640600919724,0.04760747402906418,0.014978096820414066,0.032455869019031525,0.024661412462592125,0.027545366436243057,0.017059996724128723,0.013823622837662697,0.02772711031138897,0.032278090715408325,0.05504349619150162,0.012916753999888897,0.016900693997740746,0.008463669568300247,0.0877186506986618,0.06182825565338135,0.03866855800151825,0.008917722851037979,0.014981091022491455,0.014038912951946259,0.03418970853090286,0.09134591370820999,0.02604212984442711,0.04146353900432587,0.05667055770754814,0.0562288723886013,0.020168308168649673,0.01093678455799818,0.022524764761328697,0.02092071808874607,0.06715679913759232,0.009781013242900372
unknown,地 面,410.65146,411.35107,0.9885254,,0.010296234861016273,0.004993461072444916,0.0048764427192509174,0.03521694988012314,0.0895715206861496,0.037863947451114655,0.02087281458079815,0.035335853695869446,0.026648525148630142,0.10790441930294037,0.11117997765541077,0.03862174600362778,0.09972740709781647,0.0399765819311142,0.010320558212697506,0.0059812553226947784,0.1135401800274849,0.04051869362592697,0.01699530892074108,0.05503159016370773,0.08154890686273575,0.008998304605484009,0.010497734881937504,0.0049098096787929535,0.01210699137300253,0.009153558872640133,0.03291379287838936,0.030181868001818657,0.008334481157362461,0.017910126596689224,0.07282517850399017,0.009675273671746254,0.004809805657714605,0.011710149236023426,0.007246416062116623,0.017172982916235924,0.09922466427087784,0.011357295326888561,0.00568763492628932,0.00917763914912939,0.013823175802826881,0.006600323133170605,0.013729373924434185,0.049156706780195236,0.026890235021710396,0.0055976309813559055,0.015149073675274849,0.014154748059809208
unknown,単 位,416.975,417.755,0.7069092,,0.009763935580849648,0.007354225032031536,0.008224831894040108,0.07964465767145157,0.12592026591300964,0.04758806899189949,0.01993190497159958,0.11299191415309906,0.05560442805290222,0.06097433343529701,0.022272387519478798,0.011772118508815765,0.10266180336475372,0.03968866541981697,0.018322160467505455,0.01364953350275755,0.05106092244386673,0.03116942197084427,0.05802655965089798,0.11985640227794647,0.03831060603260994,0.02197646163403988,0.028805404901504517,0.014146147295832634,0.010511064901947975,0.009255281649529934,0.03771631419658661,0.028414404019713402,0.019772164523601532,0.022338658571243286,0.03296590968966484,0.027274813503026962,0.010539100505411625,0.009141257032752037,0.04461824521422386,0.016166266053915024,0.017243141308426857,0.028529789298772812,0.013834429904818535,0.021253885701298714,0.022624609991908073,0.05422836169600487,0.02451963536441326,0.03941577672958374,0.01606595516204834,0.007841354236006737,0.05023915320634842,0.022416293621063232
unknown,ウ ェ イ デ ィ ン グ ト レ ス,423.015,424.355,0.7936279,,0.06934031844139099,0.02088283747434616,0.029084615409374237,0.02514517493546009,0.017167430371046066,0.013034245930612087,0.017453307285904884,0.019033867865800858,0.07390730828046799,0.3089433014392853,0.10261697322130203,0.03993493691086769,0.020661192014813423,0.01793934963643551,0.08948573470115662,0.02410072460770607,0.1261233240365982,0.017031969502568245,0.008573082275688648,0.010681957006454468,0.020996812731027603,0.011156214401125908,0.006823145784437656,0.006338477600365877,0.014941691420972347,0.026322169229388237,0.05578131973743439,0.007345627527683973,0.004350654780864716,0.0031126304529607296,0.12130016088485718,0.03592520207166672,0.0310965683311224,0.007885482162237167,0.007461946457624435,0.028912167996168137,0.02202484756708145,0.04315158724784851,0.021257273852825165,0.00925576314330101,0.07132904976606369,0.033320702612400055,0.004785805940628052,0.005694606341421604,0.01764170080423355,0.01698150299489498,0.027170704677700996,0.01748446188867092
unknown,知 識,429.34998,430.00998,0.9995117,,0.03527896851301193,0.01598602905869484,0.015317006967961788,0.04302886500954628,0.010563732124865055,0.016503004357218742,0.03217924013733864,0.023479362949728966,0.036110080778598785,0.15961962938308716,0.043608155101537704,0.04456488415598869,0.08123277872800827,0.007556105963885784,0.018436389043927193,0.01446266658604145,0.034749552607536316,0.01193508505821228,0.008454728871583939,0.017742525786161423,0.04989711940288544,0.022460971027612686,0.006282231770455837,0.0046904003247618675,0.02568979188799858,0.0154002346098423,0.08656492084264755,0.012875077314674854,0.0028995524626225233,0.007241544779390097,0.0966571643948555,0.08322682231664658,0.018121059983968735,0.022042345255613327,0.004999571479856968,0.018914271146059036,0.021850939840078354,0.02484365738928318,0.010199087671935558,0.012114076875150204,0.025936391204595566,0.015824422240257263,0.0071290540508925915,0.0210830457508564,0.03426247462630272,0.005172330420464277,0.008945764042437077,0.015180135145783424
unknown,き,435.91,436.41,0.6977539,,0.014974391087889671,0.006964943837374449,0.012030933983623981,0.04766092821955681,0.07879745960235596,0.0299576073884964,0.03749140724539757,0.010487492196261883,0.014369568787515163,0.060381222516298294,0.07247304916381836,0.019200051203370094,0.04749311879277229,0.015507709234952927,0.02765812911093235,0.00996528472751379,0.18349868059158325,0.024702290073037148,0.018081797286868095,0.05681011453270912,0.01585252210497856,0.027299214154481888,0.00403254758566618,0.0034942547790706158,0.01620238646864891,0.006532083265483379,0.1316543072462082,0.018255239352583885,0.0029079176019877195,0.0120124202221632,0.0400979109108448,0.024760141968727112,0.004915166646242142,0.004365410190075636,0.013717749156057835,0.025431452319025993,0.02624165639281273,0.04375859349966049,0.0030008021276444197,0.007092317100614309,0.039755403995513916,0.014266472309827805,0.004358644597232342,0.03485267236828804,0.04586779698729515,0.0026183356530964375,0.028875580057501793,0.06739716976881027
unknown,き れ,440.8842,441.54382,0.5810547,,0.03470505401492119,0.022865694016218185,0.020697033032774925,0.030841605737805367,0.02912883833050728,0.029179245233535767,0.027036035433411598,0.05030125007033348,0.04576994478702545,0.18228553235530853,0.1097850352525711,0.027181973680853844,0.032137490808963776,0.013169985264539719,0.08751876652240753,0.010630099102854729,0.30254560708999634,0.016073500737547874,0.008265577256679535,0.029943296685814857,0.02773219533264637,0.021195946261286736,0.011485238559544086,0.005599091295152903,0.014152854681015015,0.010415550321340561,0.11221431195735931,0.02171446941792965,0.011183704249560833,0.004561812616884708,0.13682250678539276,0.05152419954538345,0.02501075714826584,0.010735069401562214,0.010753404349088669,0.05432229861617088,0.019520100206136703,0.03850386664271355,0.012181419879198074,0.012238400056958199,0.06394076347351074,0.010903235524892807,0.009807473979890347,0.010694928467273712,0.03955205902457237,0.017275001853704453,0.0204416923224926,0.038336120545864105
unknown,鉛 り,448.34778,449.20697,0.70336914,,0.012074132449924946,0.009455477818846703,0.013073869980871677,0.011254905723035336,0.018899647518992424,0.02073727920651436,0.012470521964132786,0.022160237655043602,0.05836142599582672,0.2713063359260559,0.04594768211245537,0.0332920141518116,0.02730751223862171,0.007635899353772402,0.011194723658263683,0.03232284262776375,0.02830866537988186,0.04603953659534454,0.01531310472637415,0.04416040703654289,0.017501235008239746,0.008529367856681347,0.011149823665618896,0.006087057758122683,0.014103831723332405,0.0030923173762857914,0.01502468716353178,0.017097357660531998,0.015985844656825066,0.010817590169608593,0.02504144050180912,0.015717333182692528,0.016493678092956543,0.028823023661971092,0.036064740270376205,0.006427498534321785,0.026629719883203506,0.024534273892641068,0.01155142392963171,0.07531483471393585,0.013027586042881012,0.05462518334388733,0.02625166065990925,0.010452775284647942,0.004264915362000465,0.004403176251798868,0.08293972909450531,0.0062439111061394215
unknown,髪 除 毛,453.29688,454.17,0.63411456,,0.017262378707528114,0.007308300584554672,0.00575391435995698,0.022131657227873802,0.08551430702209473,0.0335625521838665,0.009251492097973824,0.03382283076643944,0.03512627258896828,0.17244668304920197,0.21554873883724213,0.021883999928832054,0.04869791120290756,0.03108077310025692,0.021030724048614502,0.012014384381473064,0.34969502687454224,0.028931671753525734,0.03091457672417164,0.05072743073105812,0.045573748648166656,0.007192124612629414,0.012815039604902267,0.008596628904342651,0.014424326829612255,0.0151996910572052,0.02928193472325802,0.031755123287439346,0.012119780294597149,0.014868412166833878,0.05068428814411163,0.01667192205786705,0.010128526948392391,0.010968227870762348,0.01884879358112812,0.030894901603460312,0.02035675197839737,0.04545920342206955,0.024362031370401382,0.018929915502667427,0.030623221769928932,0.05295855924487114,0.018867945298552513,0.020229345187544823,0.007689708843827248,0.014414967969059944,0.04040679335594177,0.030214598402380943
unknown,b,459.42578,459.92578,0.6230469,,0.01592344045639038,0.005719087552279234,0.007106862496584654,0.026540258899331093,0.05911426991224289,0.02857210673391819,0.008185228332877159,0.024657970294356346,0.03732768073678017,0.10833363234996796,0.06530489027500153,0.019955620169639587,0.024903997778892517,0.03370393440127373,0.02010401524603367,0.0060744499787688255,0.09892722219228745,0.03907269611954689,0.021540775895118713,0.04145517572760582,0.03180345892906189,0.009881534613668919,0.014247179962694645,0.010824986733496189,0.00816893670707941,0.0058464123867452145,0.02567257545888424,0.025086596608161926,0.022918161004781723,0.014008688740432262,0.037461619824171066,0.021716604009270668,0.004524896387010813,0.016738951206207275,0.016471929848194122,0.03134709224104881,0.0205368734896183,0.015944451093673706,0.005196644924581051,0.027365533635020256,0.033069536089897156,0.012132744304835796,0.018689723685383797,0.0206794124096632,0.011295740492641926,0.00890910904854536,0.03713751211762428,0.017151499167084694
unknown,ピ ー マ ン,467.3931,468.17245,0.9827881,,0.010726012289524078,0.011714963242411613,0.007901200093328953,0.06246005371212959,0.08620034903287888,0.032294150441884995,0.01989891566336155,0.04485154151916504,0.06495752930641174,0.05097852274775505,0.057906270027160645,0.01641234941780567,0.041732192039489746,0.03509502485394478,0.01205469574779272,0.05373072624206543,0.0485946387052536,0.02803969569504261,0.09649795293807983,0.06386211514472961,0.0242905355989933,0.018198933452367783,0.03065205179154873,0.009279639460146427,0.008939318358898163,0.005220917984843254,0.03715767338871956,0.034911129623651505,0.015494798310101032,0.03483763709664345,0.05377007648348808,0.017429744824767113,0.010948914103209972,0.013732192106544971,0.026503341272473335,0.022085335105657578,0.04794296994805336,0.01777542196214199,0.011630160734057426,0.013130404986441135,0.034100715070962906,0.060299795120954514,0.03390827775001526,0.046960052102804184,0.011964071542024612,0.011023379862308502,0.03480706363916397,0.01572492904961109
unknown,暖 温 か い 位,470.70535,472.203,0.68183595,,0.06791970133781433,0.05331600829958916,0.05667790770530701,0.0095050148665905,0.0016528962878510356,0.003114221850410104,0.04199915751814842,0.006620486732572317,0.046855468302965164,0.4184095859527588,0.11523710936307907,0.07758702337741852,0.006244745571166277,0.0016554011963307858,0.02911996841430664,0.026768431067466736,0.11394092440605164,0.002185345394536853,0.0014023346593603492,0.004062939435243607,0.00750027596950531,0.04356304556131363,0.0014574176166206598,0.0036924234591424465,0.05319816991686821,0.001685399911366403,0.13555651903152466,0.004606902599334717,0.0016090018907561898,0.0028486335650086403,0.153516948223114,0.109292171895504,0.05231769010424614,0.014601237140595913,0.0036330223083496094,0.013234916143119335,0.022568661719560623,0.013920008204877377,0.03060329705476761,0.005092063918709755,0.04755958169698715,0.059276096522808075,0.0013212142512202263,0.0023005937691777945,0.009673730470240116,0.009720239788293839,0.053404323756694794,0.00998323317617178
unknown,嫌 な こ と,476.81104,477.78992,0.8190918,,0.017577985301613808,0.01004963368177414,0.008021633140742779,0.024886013939976692,0.020160391926765442,0.014896358363330364,0.014335636980831623,0.024810289964079857,0.02779410593211651,0.16659614443778992,0.09242016077041626,0.027159597724676132,0.08747371286153793,0.017692415043711662,0.03275022283196449,0.005076269619166851,0.10103447735309601,0.01973237469792366,0.011540805920958519,0.02315189130604267,0.09132155030965805,0.007845709100365639,0.010826644487679005,0.013988510705530643,0.009368625469505787,0.013548599556088448,0.0328950509428978,0.011833186261355877,0.010754574090242386,0.007473926059901714,0.08716315776109695,0.021228523924946785,0.011381126008927822,0.017529286444187164,0.009360200725495815,0.027316343039274216,0.03818283602595329,0.024473853409290314,0.013223151676356792,0.021073060110211372,0.03241430222988129,0.014772811904549599,0.008562520146369934,0.01967596635222435,0.01595478504896164,0.033724453300237656,0.023738181218504906,0.01919742301106453
unknown,皮,482.3,482.8,0.5698242,,0.009349998086690903,0.006050063297152519,0.013329019770026207,0.03133174031972885,0.03503664582967758,0.02937188185751438,0.01068527065217495,0.09766735136508942,0.10990601032972336,0.17543615400791168,0.02034853957593441,0.03304038196802139,0.097108393907547,0.03399226441979408,0.014029037207365036,0.005444243084639311,0.015662193298339844,0.026470959186553955,0.029533036053180695,0.05227463319897652,0.04205337539315224,0.007987137883901596,0.021212924271821976,0.01040915958583355,0.009348729625344276,0.005737600848078728,0.018543552607297897,0.02451455406844616,0.015947241336107254,0.012486151419579983,0.021093731746077538,0.025635117664933205,0.004372220952063799,0.007677707355469465,0.017061298713088036,0.0047600651159882545,0.02346194162964821,0.023710448294878006,0.0062303366139531136,0.019436612725257874,0.017569774761795998,0.024839580059051514,0.014143062755465508,0.0320199690759182,0.011322586797177792,0.01641453057527542,0.050981275737285614,0.0035125189460814
unknown,軽,488.9,489.4,0.67333984,,0.024799423292279243,0.016503939405083656,0.012110457755625248,0.11279518157243729,0.025819681584835052,0.005816647782921791,0.027866680175065994,0.028313854709267616,0.09447189420461655,0.11516675353050232,0.03130730614066124,0.016438428312540054,0.013826906681060791,0.029031530022621155,0.04239325225353241,0.00994050782173872,0.03926945477724075,0.02743407152593136,0.03235946223139763,0.01341694314032793,0.011260481551289558,0.021212991327047348,0.015550807118415833,0.006048420909792185,0.02934582531452179,0.01600983738899231,0.0428583025932312,0.005739586427807808,0.0318579375743866,0.007908733561635017,0.05551585182547569,0.04350560903549194,0.017024729400873184,0.014625978656113148,0.00757177546620369,0.03807045891880989,0.07868767529726028,0.08261191844940186,0.013053294271230698,0.01153836864978075,0.09692377597093582,0.02550531178712845,0.01595921628177166,0.021119417622685432,0.04865369200706482,0.009200193919241428,0.0228413138538599,0.03772212564945221
unknown,海,495.11502,495.61502,0.9897461,,0.013506075367331505,0.009862021543085575,0.008700268343091011,0.030923666432499886,0.019143860787153244,0.027414659038186073,0.02076512575149536,0.03721585124731064,0.052571121603250504,0.1031719297170639,0.03502987325191498,0.027326496317982674,0.04280542582273483,0.01126345619559288,0.014171372167766094,0.01021665520966053,0.03692595660686493,0.02557002380490303,0.015418893657624722,0.04682183265686035,0.02649994008243084,0.008448407985270023,0.010865002870559692,0.007182970643043518,0.021337658166885376,0.006182956509292126,0.029733631759881973,0.031588949263095856,0.009745484218001366,0.01208856888115406,0.04308873414993286,0.022345390170812607,0.007352881599217653,0.016544140875339508,0.025061573833227158,0.015172181650996208,0.04728574678301811,0.01849391497671604,0.01573473960161209,0.02957073785364628,0.017840251326560974,0.017902882769703865,0.01337581966072321,0.02731439098715782,0.02104194276034832,0.004681441001594067,0.03468389809131622,0.00871319230645895
unknown,ラ ッ キ ー,501.39502,502.295,0.9470215,,0.049908578395843506,0.039310283958911896,0.027056174352765083,0.09600940346717834,0.028499431908130646,0.01544677373021841,0.05241217091679573,0.019254662096500397,0.03760078549385071,0.0791424885392189,0.017528420314192772,0.01572384685277939,0.03988059610128403,0.013292712159454823,0.05661120265722275,0.01565682515501976,0.05938433110713959,0.03332610800862312,0.012305333279073238,0.0345543771982193,0.02168990857899189,0.044912323355674744,0.006706936750560999,0.007776458747684956,0.03170805051922798,0.02748296968638897,0.06680579483509064,0.01711856573820114,0.006577196530997753,0.010445169173181057,0.04416024684906006,0.10313669592142105,0.03828287497162819,0.008986257947981358,0.020685523748397827,0.02525138296186924,0.03658539801836014,0.16509293019771576,0.038361236453056335,0.018605777993798256,0.04801444336771965,0.058868423104286194,0.008103606291115284,0.035338252782821655,0.05213986709713936,0.007030606735497713,0.04312405735254288,0.04801296070218086
unknown,靴,507.56906,508.06906,0.9975586,,0.005317324306815863,0.0027400124818086624,0.004396033938974142,0.03400293365120888,0.07648255676031113,0.02706862799823284,0.008391753770411015,0.04932887852191925,0.026284996420145035,0.06188008934259415,0.06382343918085098,0.02464960888028145,0.09864278882741928,0.05276025831699371,0.02323024719953537,0.0032459923531860113,0.07149309664964676,0.052710555493831635,0.041904471814632416,0.05728808790445328,0.06546441465616226,0.004671129398047924,0.01492533553391695,0.008386907167732716,0.003657539375126362,0.012205655686557293,0.020936693996191025,0.018664687871932983,0.009458435699343681,0.011705555021762848,0.04374579340219498,0.00871686264872551,0.0032069857697933912,0.010410254821181297,0.017299477010965347,0.011630109511315823,0.06062661111354828,0.02638978511095047,0.003584205638617277,0.02031829208135605,0.02031608298420906,0.004240003414452076,0.012336471118032932,0.0658763125538826,0.020355798304080963,0.009270059876143932,0.023707324638962746,0.01208556815981865
unknown,感 情,513.161,513.9805,0.9638672,,0.013514392077922821,0.007133148144930601,0.0038381482008844614,0.014203011989593506,0.004621007479727268,0.012691768817603588,0.008376989513635635,0.05572902038693428,0.06143135577440262,0.17708171904087067,0.014942815527319908,0.024172933772206306,0.05895107984542847,0.004712679423391819,0.0077137122862041,0.005819592159241438,0.007480206433683634,0.007324087433516979,0.004460824653506279,0.01626681163907051,0.03224855288863182,0.0036777881905436516,0.007832145318388939,0.0035461231600493193,0.0072188349440693855,0.0008018637890927494,0.009174858219921589,0.009323282167315483,0.005196056328713894,0.007322737015783787,0.02483224868774414,0.017182035371661186,0.010349203832447529,0.017912615090608597,0.007542646024376154,0.002186455298215151,0.019241640344262123,0.010345565155148506,0.01166040264070034,0.009985553100705147,0.013601074926555157,0.011511614546179771,0.003502568695694208,0.011554202996194363,0.012209804728627205,0.005157742649316788,0.03586643561720848,0.0017274250276386738
unknown,ボ ー リ,518.39343,519.21295,0.51782227,,0.013665979728102684,0.00799647718667984,0.011949951760470867,0.050200190395116806,0.045929644256830215,0.03280598297715187,0.015976376831531525,0.037008386105298996,0.10840971767902374,0.10811784118413925,0.031230052933096886,0.01549389585852623,0.0560758151113987,0.03209269791841507,0.01313401386141777,0.01737697795033455,0.041716497391462326,0.0427728071808815,0.039508070796728134,0.07785238325595856,0.029379773885011673,0.00993358064442873,0.014896511100232601,0.024999752640724182,0.012808471918106079,0.015692442655563354,0.021201705560088158,0.045198954641819,0.0198074858635664,0.026690032333135605,0.03665575385093689,0.018828237429261208,0.011039577424526215,0.008271767757833004,0.056741636246442795,0.013564909808337688,0.01949334517121315,0.025393618270754814,0.014641459099948406,0.052209559828042984,0.015184320509433746,0.051706209778785706,0.021089106798171997,0.02883233316242695,0.014377854764461517,0.018219299614429474,0.06765762716531754,0.014818117022514343
unknown,箱,525.51807,526.01807,0.74853516,,0.02097831666469574,0.022283056750893593,0.018647020682692528,0.13469167053699493,0.017407283186912537,0.03269226476550102,0.03662034496665001,0.06174013018608093,0.03935432434082031,0.0756850317120552,0.020526086911559105,0.012790096923708916,0.09876649081707001,0.007085027638822794,0.02544696256518364,0.017672855406999588,0.03491588309407234,0.01611843705177307,0.010190499946475029,0.044165149331092834,0.033365398645401,0.03782562538981438,0.014860406517982483,0.007475704420357943,0.019683033227920532,0.008416580967605114,0.10884218662977219,0.03234909102320671,0.013706098310649395,0.013078304938971996,0.0825255811214447,0.13212190568447113,0.02750157192349434,0.016221554949879646,0.020021233707666397,0.022523045539855957,0.02817816473543644,0.04008472338318825,0.018330559134483337,0.019178664311766624,0.03652428463101387,0.02869504690170288,0.008788193576037884,0.026327501982450485,0.055305082350969315,0.005714016500860453,0.022689221426844597,0.0237270575016737
unknown,ペ レ,531.3496,532.0493,0.42749023,,0.011071830056607723,0.0054245153442025185,0.00736578181385994,0.08751984685659409,0.19489344954490662,0.02558358944952488,0.015032230876386166,0.04327962547540665,0.03866254910826683,0.06176619604229927,0.07595387101173401,0.028577273711562157,0.10773134231567383,0.08290200680494308,0.020191824063658714,0.005408621858805418,0.09996096044778824,0.07760342955589294,0.07226516306400299,0.07059250771999359,0.0592731237411499,0.009204786270856857,0.01614062674343586,0.009533475153148174,0.0066701932810246944,0.028795672580599785,0.04554084688425064,0.028330689296126366,0.008896388113498688,0.022116905078291893,0.06628285348415375,0.0144257927313447,0.005435673985630274,0.005416300147771835,0.025311917066574097,0.018113533034920692,0.04806213080883026,0.017138555645942688,0.005063503514975309,0.013742982409894466,0.017218580469489098,0.009393499232828617,0.01643611118197441,0.11443626880645752,0.045955900102853775,0.010505390353500843,0.022818299010396004,0.01747414469718933
unknown,温 か い,538.0752,539.0146,0.96533203,,0.027398744598031044,0.011898975819349289,0.01586383394896984,0.02190738543868065,0.01165018044412136,0.013075307011604309,0.02713424526154995,0.016950398683547974,0.02431551180779934,0.1632608026266098,0.09758114814758301,0.04192829132080078,0.029576828703284264,0.007658487185835838,0.03092673420906067,0.007414079271256924,0.12924450635910034,0.010516025125980377,0.005197945050895214,0.014828965999186039,0.012059812434017658,0.019473381340503693,0.002939862199127674,0.0032280453015118837,0.016476880759000778,0.002519692061468959,0.12054630368947983,0.01234184019267559,0.004336858633905649,0.005843970458954573,0.09994352608919144,0.0445072203874588,0.019439516589045525,0.012821141630411148,0.003927809186279774,0.023632194846868515,0.03849026560783386,0.02369627356529236,0.007720803841948509,0.005292126908898354,0.052402179688215256,0.015103450044989586,0.0031747897155582905,0.009495650418102741,0.013247285969555378,0.008115683682262897,0.009227937087416649,0.021920541301369667
unknown,嫌 な こ と,544.2268,545.1263,0.89367676,,0.021585410460829735,0.009544714353978634,0.008834692649543285,0.021372169256210327,0.10447556525468826,0.01265043206512928,0.012048715725541115,0.013669256120920181,0.05196264758706093,0.17065109312534332,0.11549940705299377,0.014512186869978905,0.013598562218248844,0.03811206296086311,0.027620647102594376,0.0058503104373812675,0.21807129681110382,0.030255675315856934,0.023394908756017685,0.01780863292515278,0.016411447897553444,0.011197950690984726,0.008599952794611454,0.00657673878595233,0.009450403973460197,0.01630132459104061,0.04514944925904274,0.013153137639164925,0.006877870298922062,0.007346378173679113,0.055769700556993484,0.030642565339803696,0.011226007714867592,0.01753068156540394,0.010865823365747929,0.03655725717544556,0.027155669406056404,0.05392254889011383,0.006808537989854813,0.014224518090486526,0.03389827162027359,0.012084211222827435,0.006595211569219828,0.015399053692817688,0.011521362699568272,0.017645785585045815,0.03807463124394417,0.036602891981601715
unknown,牛 乳,549.635,550.495,0.99609375,,0.03374423086643219,0.01794479601085186,0.005836772732436657,0.0189642533659935,0.027614807710051537,0.010509530082345009,0.02330629527568817,0.024073021486401558,0.16391457617282867,0.22565540671348572,0.07577504962682724,0.020545966923236847,0.04667963460087776,0.016740111634135246,0.020145956426858902,0.01696052774786949,0.041986722499132156,0.02980157919228077,0.009619900025427341,0.02280929684638977,0.03951690346002579,0.013657807372510433,0.00810214877128601,0.00759386271238327,0.03212064877152443,0.024437185376882553,0.011103573255240917,0.012565527111291885,0.011763784103095531,0.012634076178073883,0.04843013361096382,0.02094494178891182,0.013221093453466892,0.02102072536945343,0.016791870817542076,0.011023405939340591,0.015046363696455956,0.036378469318151474,0.050837334245443344,0.038732100278139114,0.020914895460009575,0.11839121580123901,0.013145378790795803,0.011402267962694168,0.01834220066666603,0.0082096541300416,0.09098266065120697,0.008206912316381931
unknown,馬,555.755,556.255,0.9716797,,0.005677321460098028,0.004065940622240305,0.0033104708418250084,0.020042484626173973,0.09008803218603134,0.04728403687477112,0.006248957011848688,0.0534406453371048,0.035344917327165604,0.07054086774587631,0.03546569123864174,0.01645338535308838,0.08968687057495117,0.029761815443634987,0.008256114087998867,0.004541195463389158,0.058433208614587784,0.08440566807985306,0.0269925594329834,0.09038931131362915,0.07228509336709976,0.004536079242825508,0.024554846808314323,0.007994857616722584,0.005319784861057997,0.008028071373701096,0.01772749051451683,0.03265027701854706,0.017420681193470955,0.013132577762007713,0.03262839838862419,0.012956873513758183,0.0062011489644646645,0.01643243059515953,0.030888106673955917,0.01088596973568201,0.03027743473649025,0.018273109570145607,0.010155427269637585,0.04691985622048378,0.009721403010189533,0.014619297347962856,0.02396457828581333,0.03933364897966385,0.008099159225821495,0.008058655075728893,0.035364191979169846,0.007336325943470001
unknown,出 会 う,561.195,562.055,0.95719403,,0.011685218662023544,0.004762572236359119,0.0064757876098155975,0.013372777961194515,0.08972906321287155,0.03358842805027962,0.009186208248138428,0.03185059502720833,0.06393375247716904,0.1618742197751999,0.07845943421125412,0.01683267578482628,0.07147900760173798,0.02090119570493698,0.020075051113963127,0.00813255738466978,0.08653660118579865,0.02784697525203228,0.020200097933411598,0.041346918791532516,0.04880494996905327,0.007933691143989563,0.009502511471509933,0.005463427398353815,0.00916818343102932,0.010658401064574718,0.018508046865463257,0.037296295166015625,0.012028348632156849,0.015968918800354004,0.03979778662323952,0.012508124113082886,0.004785283003002405,0.006060110870748758,0.02657260186970234,0.016367943957448006,0.014115647412836552,0.012838641181588173,0.008272473700344563,0.01919170282781124,0.019745605066418648,0.019947560504078865,0.010984926484525204,0.018191276118159294,0.0064377556554973125,0.003907692153006792,0.04839325323700905,0.017712993547320366
unknown,動 物,567.0876,567.90735,0.96240234,,0.022273613139986992,0.008697804063558578,0.010566266253590584,0.033860042691230774,0.01924194023013115,0.02535502426326275,0.019864695146679878,0.024259746074676514,0.0643230453133583,0.17978529632091522,0.0374203696846962,0.019283538684248924,0.0390164814889431,0.01661134883761406,0.02288096211850643,0.009606227278709412,0.040215086191892624,0.040385060012340546,0.014621342532336712,0.03913551941514015,0.030871687456965446,0.012344583868980408,0.006994142662733793,0.016789067536592484,0.021092427894473076,0.008861932903528214,0.029213938862085342,0.03675933554768562,0.016458505764603615,0.016058651730418205,0.048740506172180176,0.02817593142390251,0.011332475580275059,0.015419866889715195,0.037952981889247894,0.015548591502010822,0.0215600673109293,0.04189605638384819,0.018863968551158905,0.051899299025535583,0.029382918030023575,0.029567431658506393,0.010278808884322643,0.014277813956141472,0.018806196749210358,0.014315030537545681,0.10020391643047333,0.017343776300549507
unknown,透 明,573.0037,573.82355,0.9873047,,0.016791654750704765,0.01628941111266613,0.00819540023803711,0.05932926759123802,0.06450854241847992,0.046518027782440186,0.028991131111979485,0.02806938998401165,0.06518478691577911,0.06933512538671494,0.018272442743182182,0.013108372688293457,0.059492625296115875,0.014781895093619823,0.010329139418900013,0.038114793598651886,0.026514602825045586,0.05289921164512634,0.02664753794670105,0.15082360804080963,0.03253427892923355,0.01680361106991768,0.025405436754226685,0.025252338498830795,0.02668994665145874,0.01275133341550827,0.02181628905236721,0.08467253297567368,0.021424252539873123,0.047500427812337875,0.020081212744116783,0.027517588809132576,0.019102955237030983,0.010885830037295818,0.0951218381524086,0.011134441941976547,0.013081971555948257,0.019304238259792328,0.02855983003973961,0.08828727155923843,0.013951967470347881,0.08411812037229538,0.029172735288739204,0.04111652076244354,0.010245710611343384,0.01380097959190607,0.120636947453022,0.011122358962893486
unknown,か 労 点,579.375,580.23505,0.53597003,,0.021737592294812202,0.01044817641377449,0.011602702550590038,0.033120036125183105,0.1729515939950943,0.01616440713405609,0.012261980213224888,0.021302543580532074,0.054373204708099365,0.21572822332382202,0.09843669086694717,0.01925467513501644,0.02208855003118515,0.10659312456846237,0.025387490168213844,0.011400307528674603,0.21897800266742706,0.07254631072282791,0.05118807405233383,0.04844514653086662,0.030404286459088326,0.006406841333955526,0.01554744690656662,0.015970220789313316,0.013826349750161171,0.05291489511728287,0.023284420371055603,0.01958024874329567,0.01698673889040947,0.012151314876973629,0.0423407182097435,0.01539213489741087,0.013419668190181255,0.011403068900108337,0.02156076394021511,0.03475918620824814,0.028839077800512314,0.03373516723513603,0.009778222069144249,0.026269126683473587,0.028451263904571533,0.01245126686990261,0.020972076803445816,0.01843711920082569,0.00636271433904767,0.02502848580479622,0.03603851795196533,0.026044195517897606
unknown,選 択,585.455,586.35504,0.71972656,,0.027027677744627,0.011490145698189735,0.0161348395049572,0.006570529192686081,0.002216391498222947,0.0019068240653723478,0.015389000065624714,0.004585837014019489,0.05274943634867668,0.46245986223220825,0.15419626235961914,0.046855274587869644,0.005761947017163038,0.0026792078278958797,0.01998293586075306,0.013460589572787285,0.06298864632844925,0.003592665307223797,0.0011737735476344824,0.0029961674008518457,0.003927584271878004,0.007186481729149818,0.0007685370510444045,0.0015124344499781728,0.01949189230799675,0.0016575439367443323,0.035051796585321426,0.0011706158984452486,0.000720703334081918,0.000981316901743412,0.14708763360977173,0.04060834273695946,0.012312555685639381,0.012344855815172195,0.0008163549937307835,0.006806609220802784,0.005397443193942308,0.014903881587088108,0.004368515219539404,0.0030852360650897026,0.02217020094394684,0.0062936339527368546,0.0006815360975451767,0.0011435538763180375,0.01169392466545105,0.006477674935013056,0.04069513455033302,0.005250412039458752
unknown,ス キ ン 止 キ ッ プ,591.815,593.03503,0.6327079,,0.021605614572763443,0.0073334346525371075,0.008052126504480839,0.02797124907374382,0.03264351189136505,0.031723588705062866,0.01364031434059143,0.03127233311533928,0.03105878084897995,0.10370094329118729,0.12071819603443146,0.05149414762854576,0.04206531494855881,0.03268444910645485,0.027470169588923454,0.009903354570269585,0.15639545023441315,0.03741311654448509,0.020645542070269585,0.030042313039302826,0.05335143208503723,0.01639380306005478,0.017306389287114143,0.006539139896631241,0.013452865183353424,0.006627201102674007,0.05941135808825493,0.027798784896731377,0.01422896608710289,0.008601846173405647,0.04950349032878876,0.02947394736111164,0.008203202858567238,0.0475098118185997,0.007354893255978823,0.08820812404155731,0.05634384974837303,0.0358956940472126,0.008962903171777725,0.020294593647122383,0.047524936497211456,0.00947616994380951,0.012595206499099731,0.01695539988577366,0.011330180801451206,0.0078651187941432,0.030145639553666115,0.02110343612730503
unknown,図,597.185,597.685,0.5444336,,0.005962146446108818,0.0031315044034272432,0.004020527936518192,0.017025133594870567,0.11831679940223694,0.03415488824248314,0.00836528092622757,0.049701958894729614,0.038358498364686966,0.068028524518013,0.06879322975873947,0.021962177008390427,0.07297614961862564,0.034729912877082825,0.025186361744999886,0.004643416032195091,0.10165709257125854,0.031891655176877975,0.02765056863427162,0.05652493238449097,0.04148057848215103,0.005055435001850128,0.015846965834498405,0.00537168188020587,0.004587777890264988,0.0047986325807869434,0.05403609946370125,0.017512453719973564,0.0070154378190636635,0.0064039709977805614,0.05075026676058769,0.015262104570865631,0.00334935006685555,0.01214305218309164,0.011056722141802311,0.017852455377578735,0.02673494443297386,0.010564220137894154,0.0029689406510442495,0.01031850092113018,0.022344447672367096,0.004742572084069252,0.008510827086865902,0.02448279783129692,0.012636418454349041,0.004420782905071974,0.01716849021613598,0.010228068567812443
