Id,Text,BeginPosition,EndPosition,BeginTime,EndTime,Confidence,SpeakerConfidence,Admiration,Adoration,Aesthetic Appreciation,Amusement,Anger,Annoyance,Anxiety,Awe,Awkwardness,Boredom,Calmness,Concentration,Confusion,Contemplation,Contempt,Contentment,Craving,Determination,Disappointment,Disapproval,Disgust,Distress,Doubt,Ecstasy,Embarrassment,Empathic Pain,Enthusiasm,Entrancement,Envy,Excitement,Fear,Gratitude,Guilt,Horror,Interest,Joy,Love,Nostalgia,Pain,Pride,Realization,Relief,Romance,Sadness,Sarcasm,Satisfaction,Desire,Shame,Surprise (negative),Surprise (positive),Sympathy,Tiredness,Triumph,1,2,3,4,5,6,7,8,9,toxic,severe_toxic,obscene,threat,insult,identity_hate
unknown,椅,0,1,1.8574932,2.0572236,0.70947266,,0.015574144199490547,0.007534485775977373,0.029691630974411964,0.014122211374342442,0.011784030124545097,0.05541117116808891,0.010829010978341103,0.014447212219238281,0.0380731038749218,0.10103816539049149,0.16094908118247986,0.09293640404939651,0.19841355085372925,0.0913197249174118,0.04330439120531082,0.06038909777998924,0.003943552263081074,0.048623017966747284,0.03011387027800083,0.027288561686873436,0.007438408676534891,0.013225370086729527,0.04545576870441437,0.0055104270577430725,0.007879572920501232,0.005478227976709604,0.018289731815457344,0.026791956275701523,0.004490173887461424,0.008757810108363628,0.005592715926468372,0.009364171884953976,0.004433836322277784,0.002350036520510912,0.04948878288269043,0.012665760703384876,0.006177654955536127,0.008592759259045124,0.0071272170171141624,0.02095862291753292,0.07420704513788223,0.013174776919186115,0.0049057030119001865,0.013447098433971405,0.02239931933581829,0.04557894542813301,0.005880062002688646,0.014452670700848103,0.028738606721162796,0.021326541900634766,0.007588168140500784,0.04171974956989288,0.036320120096206665,,,,,,,,,,,,,,,
unknown,子,2,3,2.0572236,2.5572236,0.8286133,,0.04698312655091286,0.030117807909846306,0.06725842505693436,0.02295234240591526,0.006185539532452822,0.024839002639055252,0.008737942203879356,0.03952202945947647,0.031745459884405136,0.05952455848455429,0.18948723375797272,0.09888819605112076,0.12306679040193558,0.11900577694177628,0.037243302911520004,0.09245306253433228,0.007972519844770432,0.05949682742357254,0.012086729519069195,0.01593470573425293,0.004947738256305456,0.008419612422585487,0.0271721463650465,0.014219716191291809,0.007000547833740711,0.00598936015740037,0.03949170187115669,0.06857354193925858,0.00656523322686553,0.020373033359646797,0.0050444588996469975,0.022992892190814018,0.00364449224434793,0.0020087214652448893,0.07575713843107224,0.036032699048519135,0.021189427003264427,0.017734026536345482,0.004827812779694796,0.04492572322487831,0.08407878875732422,0.015132665634155273,0.015896905213594437,0.009159089997410774,0.026742521673440933,0.07354085147380829,0.013426088728010654,0.011506976559758186,0.012836633250117302,0.03011217527091503,0.00797900091856718,0.02465641126036644,0.05695315822958946,,,,,,,,,,,,,,,
unknown,針,4,5,7.3301077,7.8301077,0.6074219,,0.01270957849919796,0.006986555177718401,0.0414511002600193,0.04531193897128105,0.021473215892910957,0.08923249691724777,0.014096996746957302,0.017571423202753067,0.05206884816288948,0.11399991810321808,0.049772050231695175,0.04457980394363403,0.19242703914642334,0.04659469053149223,0.0449911430478096,0.0299892108887434,0.00846488494426012,0.02725869044661522,0.07823539525270462,0.0409788154065609,0.018650460988283157,0.03279569372534752,0.024938134476542473,0.01208864338696003,0.025929421186447144,0.003989604767411947,0.030969981104135513,0.03321746364235878,0.007401523645967245,0.02213619090616703,0.0073553831316530704,0.0036026742309331894,0.011686492711305618,0.006421838421374559,0.0368332639336586,0.018198838457465172,0.0029074843041598797,0.008494618348777294,0.01529845129698515,0.02799367904663086,0.04421277716755867,0.004318069666624069,0.002226026263087988,0.029093988239765167,0.04412473365664482,0.03198160231113434,0.005589499603956938,0.04080929607152939,0.04432736709713936,0.01706521399319172,0.0035179725382477045,0.04504869505763054,0.03318922221660614,,,,,,,,,,,,,,,
unknown,空,6,7,13.082345,13.202183,0.7651367,,0.011459189467132092,0.0070921932347118855,0.01910308375954628,0.08349420875310898,0.0048996093682944775,0.017793139442801476,0.006872381083667278,0.032505400478839874,0.026030397042632103,0.030905479565262794,0.03554212674498558,0.01888580620288849,0.14394178986549377,0.028401285409927368,0.016935192048549652,0.0660354495048523,0.0035002268850803375,0.01228067185729742,0.03101526014506817,0.012475931085646152,0.008729921653866768,0.0158560611307621,0.008453202433884144,0.09126370400190353,0.012595610693097115,0.006394627969712019,0.127689927816391,0.030321380123496056,0.0011851460440084338,0.1522187888622284,0.0026295536663383245,0.006194299086928368,0.011193833313882351,0.004871823359280825,0.0553276464343071,0.09181489050388336,0.0037525638472288847,0.00732926232740283,0.009143980219960213,0.03120725043118,0.039444081485271454,0.023699035868048668,0.0012276106281206012,0.014509139582514763,0.028142835944890976,0.0956396535038948,0.003954012878239155,0.01894131861627102,0.07361461967229843,0.08799188584089279,0.005793048534542322,0.037234384566545486,0.09492246806621552,,,,,,,,,,,,,,,
unknown,ら,8,9,13.202183,13.702183,0.5800781,,0.013966303318738937,0.008201195858418941,0.016996974125504494,0.07757993787527084,0.008789909072220325,0.03050629235804081,0.013206036761403084,0.03642642870545387,0.018432335928082466,0.017425766214728355,0.023610515519976616,0.017831837758421898,0.11091132462024689,0.022181436419487,0.016641678288578987,0.054604802280664444,0.0028965631499886513,0.01535410899668932,0.03594941273331642,0.01628483086824417,0.00924704596400261,0.024355098605155945,0.009076109156012535,0.08852194994688034,0.009968633763492107,0.006842834874987602,0.16809366643428802,0.022331541404128075,0.001033232780173421,0.2470342069864273,0.0052587976679205894,0.008408809080719948,0.006125063635408878,0.00700360955670476,0.06393060088157654,0.10024133324623108,0.0042056855745613575,0.00591611722484231,0.009824518114328384,0.02919803559780121,0.03947518393397331,0.04485183209180832,0.0012161140330135822,0.012243460863828659,0.02227015607059002,0.10112424194812775,0.003803952829912305,0.011241479776799679,0.11312386393547058,0.1614801287651062,0.0061845844611525536,0.02612994611263275,0.10449335724115372,,,,,,,,,,,,,,,
unknown,見,10,11,19.575,19.735,0.8046875,,0.011239049024879932,0.005303735379129648,0.021761421114206314,0.05961929261684418,0.013599088415503502,0.06422221660614014,0.018514784052968025,0.029913825914263725,0.01937105692923069,0.02625112421810627,0.03752746805548668,0.02451486326754093,0.13573884963989258,0.03984927386045456,0.023938503116369247,0.04753616079688072,0.0017448316793888807,0.013833051547408104,0.09461714327335358,0.03681175410747528,0.01596747525036335,0.0448400154709816,0.014554121531546116,0.030620532110333443,0.013728898949921131,0.008574063889682293,0.08503922820091248,0.019854232668876648,0.0009205008973367512,0.09869834780693054,0.008300334215164185,0.007993252947926521,0.007616217248141766,0.010360455140471458,0.05102672800421715,0.050536349415779114,0.002538838889449835,0.008185407146811485,0.01597006805241108,0.02089821919798851,0.05984123796224594,0.03377925604581833,0.0007520921062678099,0.03153238072991371,0.02717939391732216,0.06976471096277237,0.0015353375347331166,0.01765322871506214,0.1444787085056305,0.09364881366491318,0.0067828064784407616,0.03757989779114723,0.05819841846823692,,,,,,,,,,,,,,,
unknown,る,12,13,19.735,20.235,0.9970703,,0.008782022632658482,0.004217703361064196,0.015590212307870388,0.0601111501455307,0.03624952957034111,0.1959247887134552,0.02606445550918579,0.018404383212327957,0.03315865993499756,0.04956156015396118,0.0433797761797905,0.030835652723908424,0.16122357547283173,0.05388672649860382,0.04918411001563072,0.02214481122791767,0.0027590340469032526,0.018188247457146645,0.24533787369728088,0.12122141569852829,0.03216708451509476,0.06595683842897415,0.030367258936166763,0.008265434764325619,0.023125819861888885,0.010792453773319721,0.0471278615295887,0.016109978780150414,0.002442969474941492,0.046312667429447174,0.013340498320758343,0.003911369945853949,0.009191938675940037,0.014043217524886131,0.058827802538871765,0.016230573877692223,0.0019224353600293398,0.010239263996481895,0.01561268512159586,0.010727731510996819,0.08629526197910309,0.017333410680294037,0.001256512594409287,0.05042322725057602,0.0503632053732872,0.03209604322910309,0.0031772961374372244,0.027890222147107124,0.22067168354988098,0.055177200585603714,0.009780598804354668,0.033491913229227066,0.024391625076532364,,,,,,,,,,,,,,,
unknown,選,14,15,25.335,25.695,0.7114258,,0.003984432201832533,0.0033135402482002974,0.011565973982214928,0.07677271962165833,0.029881369322538376,0.16518333554267883,0.0406881682574749,0.009883471764624119,0.03687943518161774,0.07040999829769135,0.04236042872071266,0.022986670956015587,0.11774096637964249,0.04887082800269127,0.03841464966535568,0.023540111258625984,0.005584189668297768,0.012230023741722107,0.22829581797122955,0.08050787448883057,0.031021244823932648,0.09455492347478867,0.02169056050479412,0.009938395582139492,0.025770151987671852,0.009709684178233147,0.047102149575948715,0.013456596061587334,0.001688517164438963,0.06257636100053787,0.022838175296783447,0.003049156628549099,0.01629733107984066,0.021926172077655792,0.048681918531656265,0.02100987359881401,0.0024221171624958515,0.021340154111385345,0.026316320523619652,0.008601831272244453,0.06429588049650192,0.014533900655806065,0.001252767164260149,0.08495262265205383,0.055944450199604034,0.02817874774336815,0.002554146805778146,0.03330622985959053,0.17470499873161316,0.0301025602966547,0.00755213713273406,0.04325723648071289,0.017410967499017715,,,,,,,,,,,,,,,
unknown,挙,16,17,25.695,26.195,0.66015625,,0.004437134135514498,0.004141862504184246,0.011520136147737503,0.0718674510717392,0.03189300000667572,0.19059787690639496,0.047518208622932434,0.009581165388226509,0.027741340920329094,0.0774337574839592,0.032853659242391586,0.020963672548532486,0.09875048696994781,0.05477109178900719,0.04103121906518936,0.018154151737689972,0.00870570819824934,0.011857530102133751,0.29555633664131165,0.09771305322647095,0.030246848240494728,0.09956204891204834,0.024553433060646057,0.008513065986335278,0.017720704898238182,0.010012120008468628,0.056505631655454636,0.013076968491077423,0.002392635913565755,0.08546244353055954,0.026242384687066078,0.002707191277295351,0.012391073629260063,0.021139593794941902,0.05870424583554268,0.020171137526631355,0.0028885502833873034,0.027897892519831657,0.022317133843898773,0.00627386849373579,0.06960580497980118,0.011662210337817669,0.001509679015725851,0.10682516545057297,0.05563061311841011,0.023279443383216858,0.002782439813017845,0.025663862004876137,0.18475817143917084,0.02751309983432293,0.008114639669656754,0.03094261698424816,0.01289111003279686,,,,,,,,,,,,,,,
unknown,純,18,19,31.346972,31.706106,0.99902344,,0.005782279185950756,0.005773512180894613,0.010806778445839882,0.048419974744319916,0.0438564196228981,0.21385937929153442,0.06384144723415375,0.010280496440827847,0.026609152555465698,0.07445481419563293,0.028756720945239067,0.02000484988093376,0.09710293263196945,0.053052231669425964,0.0446130633354187,0.017137596383690834,0.010533304885029793,0.012354007922112942,0.2938762307167053,0.10719829797744751,0.03379335254430771,0.1200740709900856,0.0263512022793293,0.007452310994267464,0.01592322252690792,0.011726840399205685,0.057146910578012466,0.012718518264591694,0.0029286493081599474,0.08846727758646011,0.031038150191307068,0.003318601520732045,0.01309685967862606,0.02203758805990219,0.06184987723827362,0.019047008827328682,0.00382337742485106,0.03038043901324272,0.023525143042206764,0.006481820251792669,0.06656370311975479,0.012160858139395714,0.0016844464698806405,0.12499632686376572,0.0408547967672348,0.022046102210879326,0.002921778243035078,0.026000672951340675,0.1865852177143097,0.027165988460183144,0.00958290509879589,0.02919265255331993,0.01133767794817686,,,,,,,,,,,,,,,
unknown,粋,20,21,31.706106,32.20611,0.9848633,,0.004114892333745956,0.003912202548235655,0.009059036150574684,0.04303113371133804,0.060409899801015854,0.2809695303440094,0.0551849827170372,0.008224692195653915,0.023021938279271126,0.06967855244874954,0.02340208925306797,0.01879567839205265,0.09613720327615738,0.048723965883255005,0.051454756408929825,0.012515898793935776,0.008266025222837925,0.013293479569256306,0.3893819749355316,0.13181480765342712,0.039264898747205734,0.13163727521896362,0.025023283436894417,0.0052624777890741825,0.015598365105688572,0.010921688750386238,0.04942120611667633,0.009737624786794186,0.0028569852001965046,0.07178744673728943,0.026510218158364296,0.0026867305859923363,0.014661325141787529,0.02274308167397976,0.05077008903026581,0.013699505478143692,0.0026092526968568563,0.023606939241290092,0.02347702346742153,0.005510404706001282,0.06728988140821457,0.008719203062355518,0.0010996324708685279,0.15112927556037903,0.04936905577778816,0.016000259667634964,0.0016983491368591785,0.02836311049759388,0.22060252726078033,0.021160833537578583,0.008997747674584389,0.030129464343190193,0.009727620519697666,,,,,,,,,,,,,,,
unknown,ダ,22,23,37.17293,37.37245,0.98046875,,0.005273179616779089,0.005125382915139198,0.01197365764528513,0.04969440773129463,0.07369045913219452,0.2654725909233093,0.05467692390084267,0.011771570891141891,0.02185662090778351,0.04631916806101799,0.018165359273552895,0.017004061490297318,0.07967452704906464,0.04075036942958832,0.05634094774723053,0.011488012038171291,0.008230774663388729,0.013240362517535686,0.34896120429039,0.14087072014808655,0.056485917419195175,0.15024423599243164,0.019404709339141846,0.007473287638276815,0.017841525375843048,0.013497855514287949,0.05274038016796112,0.01213815063238144,0.00304964417591691,0.07715869694948196,0.03218863159418106,0.00286518270149827,0.014560232870280743,0.0392339825630188,0.04569273814558983,0.016137149184942245,0.0031039731111377478,0.02485388144850731,0.029990622773766518,0.006358318962156773,0.0569605752825737,0.007686048746109009,0.0012995763681828976,0.14657273888587952,0.04605380818247795,0.015961909666657448,0.002264009090140462,0.030859962105751038,0.23135262727737427,0.022348200902342796,0.010081429965794086,0.02581295184791088,0.010660797357559204,,,,,,,,,,,,,,,
unknown,ン,24,25,37.37245,37.532066,0.953125,,0.005653602071106434,0.004855843260884285,0.014141881838440895,0.04535307362675667,0.06082262843847275,0.2589854300022125,0.05612505227327347,0.009432806633412838,0.0250172708183527,0.05540066212415695,0.03265725448727608,0.026132792234420776,0.07080907374620438,0.059111010283231735,0.06034434959292412,0.015030878596007824,0.010342489928007126,0.02163899876177311,0.3661227524280548,0.1533726453781128,0.052268221974372864,0.12899735569953918,0.025725334882736206,0.0052226847037673,0.02014114521443844,0.017413506284356117,0.04797014966607094,0.01200872752815485,0.0039642187766730785,0.056172747164964676,0.030436282977461815,0.002806355943903327,0.017091399058699608,0.027854764834046364,0.058057453483343124,0.012208051979541779,0.0033054600935429335,0.02690890058875084,0.027705511078238487,0.008323940448462963,0.06674794107675552,0.00892985425889492,0.0017579140840098262,0.15540286898612976,0.04605305939912796,0.019361406564712524,0.0033760666847229004,0.036146026104688644,0.17576557397842407,0.017808470875024796,0.014797930605709553,0.024677347391843796,0.01185334287583828,,,,,,,,,,,,,,,
unknown,ス,26,27,37.532066,38.032066,0.9423828,,0.004733249079436064,0.0041838595643639565,0.010398208163678646,0.043695200234651566,0.07795321941375732,0.3242834806442261,0.06003931164741516,0.007099664770066738,0.028445562347769737,0.07058551162481308,0.030407104641199112,0.02571723982691765,0.0627201497554779,0.049006130546331406,0.06739287823438644,0.01298623625189066,0.010239215567708015,0.02476193569600582,0.3695644736289978,0.15693821012973785,0.0543842688202858,0.13264308869838715,0.025023259222507477,0.0040590050630271435,0.022561199963092804,0.015957513824105263,0.044986333698034286,0.009497730992734432,0.004357966128736734,0.05210082232952118,0.028187422081828117,0.0025939918123185635,0.017738722264766693,0.023171352222561836,0.050014887005090714,0.010638998821377754,0.0030248926486819983,0.022860415279865265,0.02718217857182026,0.007975611835718155,0.06409439444541931,0.008627167902886868,0.001699604094028473,0.14498405158519745,0.05062451586127281,0.01689666323363781,0.0033317389898002148,0.03746543824672699,0.16244110465049744,0.015220250934362411,0.013932393863797188,0.030087972059845924,0.01108001172542572,,,,,,,,,,,,,,,
unknown,読,28,29,43.294403,43.53421,0.98779297,,0.0068754767999053,0.005130759906023741,0.02028634399175644,0.05977451056241989,0.04790482297539711,0.24700351059436798,0.037682417780160904,0.010264537297189236,0.03445902839303017,0.07885096967220306,0.03325790911912918,0.03233478218317032,0.0763854905962944,0.06839722394943237,0.07235300540924072,0.012887747958302498,0.01004826556891203,0.020277244970202446,0.2915206551551819,0.19043391942977905,0.06414878368377686,0.0869966447353363,0.02801494114100933,0.004375519696623087,0.024466902017593384,0.01325076725333929,0.04107578843832016,0.01650386117398739,0.005207810550928116,0.039773520082235336,0.02419969066977501,0.0015181946801021695,0.011934366077184677,0.025678234174847603,0.0651932805776596,0.009666845202445984,0.002647365676239133,0.02803165651857853,0.020581278949975967,0.009013107977807522,0.06441149860620499,0.0046287886798381805,0.002095425734296441,0.10329188406467438,0.059881988912820816,0.017138566821813583,0.005716960411518812,0.03760493919253349,0.13624267280101776,0.01464783027768135,0.010859607718884945,0.016751861199736595,0.009785971604287624,,,,,,,,,,,,,,,
unknown,む,30,31,43.53421,44.03421,0.9785156,,0.0049880011938512325,0.003224658314138651,0.016197368502616882,0.0552869588136673,0.04269629716873169,0.2610619366168976,0.04634064435958862,0.008160695433616638,0.037277255207300186,0.0917888730764389,0.0385730154812336,0.049170203506946564,0.08503347635269165,0.0916597843170166,0.07840435206890106,0.01109553687274456,0.007619359530508518,0.0271405391395092,0.2708103060722351,0.20726560056209564,0.0573686920106411,0.08598355203866959,0.04051098972558975,0.0030269313137978315,0.02449430711567402,0.013802364468574524,0.03312475234270096,0.015343749895691872,0.004890476819127798,0.03019709326326847,0.029331229627132416,0.0010846342192962766,0.011193257756531239,0.02301582135260105,0.07134296745061874,0.0058192480355501175,0.0016432979609817266,0.020931167528033257,0.01758144609630108,0.007748611271381378,0.07729712128639221,0.004794343840330839,0.0017317297169938684,0.08442676812410355,0.062081802636384964,0.014289439655840397,0.005325423553586006,0.036656852811574936,0.1259305328130722,0.012159372679889202,0.011613283306360245,0.020538682118058205,0.009094380773603916,,,,,,,,,,,,,,,
unknown,す,32,33,49.289566,49.489403,0.9838867,,0.005063410848379135,0.0032965773716568947,0.015423651784658432,0.054289206862449646,0.04391132667660713,0.27660295367240906,0.04022146388888359,0.007860387675464153,0.04161027446389198,0.09485592693090439,0.03881349787116051,0.05061357095837593,0.10712573677301407,0.09776721149682999,0.07938453555107117,0.01050917711108923,0.007592189125716686,0.027656691148877144,0.2739200294017792,0.20139028131961823,0.05364135652780533,0.07752810418605804,0.04385345056653023,0.0026567690074443817,0.026672879233956337,0.014091945253312588,0.03039724938571453,0.015288988128304482,0.005184300243854523,0.025625957176089287,0.02208860032260418,0.001155399950221181,0.011985566467046738,0.01817077025771141,0.07469069212675095,0.005542008206248283,0.0017312016570940614,0.022593257948756218,0.016802314668893814,0.007828247733414173,0.07828322052955627,0.004220310598611832,0.0019030990079045296,0.08344748616218567,0.06049904227256775,0.013226660899817944,0.005489646457135677,0.0377318300306797,0.12244970351457596,0.0121743930503726,0.01189214363694191,0.02137320674955845,0.008476546965539455,,,,,,,,,,,,,,,
unknown,る,34,35,49.489403,49.989403,0.95996094,,0.005264702253043652,0.0036244115326553583,0.01516388077288866,0.06068612262606621,0.05147113278508186,0.2964261472225189,0.03568209707736969,0.007941123098134995,0.04639250412583351,0.09628787636756897,0.032390620559453964,0.04406307637691498,0.12515604496002197,0.0892610177397728,0.08792503923177719,0.010164468549191952,0.009183316491544247,0.026755550876259804,0.2627134621143341,0.2029695361852646,0.05970361456274986,0.0717586949467659,0.04492956027388573,0.003090336686000228,0.028182273730635643,0.012375906109809875,0.0342610739171505,0.01567956991493702,0.0061098383739590645,0.028813902288675308,0.01780593954026699,0.0012330872705206275,0.012228981591761112,0.016422225162386894,0.07506170123815536,0.0065597533248364925,0.0018636941676959395,0.02048894576728344,0.015566064044833183,0.008105456829071045,0.07120965421199799,0.0035170558840036392,0.0020975875668227673,0.07162277400493622,0.06707122921943665,0.01313747838139534,0.006577674765139818,0.03795691207051277,0.11905919760465622,0.013111807405948639,0.010190548375248909,0.022382676601409912,0.008492053486406803,,,,,,,,,,,,,,,
unknown,植,36,37,55.739998,56.1,0.9995117,,0.0048189242370426655,0.004015115089714527,0.013912208378314972,0.07103466987609863,0.051550984382629395,0.31671205163002014,0.03842240571975708,0.006616913713514805,0.0592106357216835,0.10882770270109177,0.03857208415865898,0.04110424965620041,0.10177265107631683,0.0711265578866005,0.08134590089321136,0.013359739445149899,0.011532076634466648,0.027272533625364304,0.2411755621433258,0.1739925593137741,0.057432375848293304,0.07209490984678268,0.03680061548948288,0.0032729958184063435,0.0382128469645977,0.011139224283397198,0.03915762901306152,0.013767375610768795,0.005335511639714241,0.033023394644260406,0.01673050969839096,0.0017664100741967559,0.017027132213115692,0.014746022410690784,0.06658103317022324,0.008941400796175003,0.002525322837755084,0.025749538093805313,0.01614202931523323,0.009592580609023571,0.0723850429058075,0.004669365473091602,0.002325691282749176,0.06632891297340393,0.07294484972953796,0.016871614381670952,0.006354612298309803,0.043103720992803574,0.1104477196931839,0.014874991960823536,0.009550126269459724,0.024700194597244263,0.009560482576489449,,,,,,,,,,,,,,,
unknown,物,38,39,56.1,56.6,0.9995117,,0.005224978551268578,0.004172924440354109,0.017673389986157417,0.09450244158506393,0.03691975772380829,0.2748434245586395,0.04120667651295662,0.007387660443782806,0.06917505711317062,0.11711502075195312,0.0442146398127079,0.05361027643084526,0.10506020486354828,0.08040592819452286,0.07361365109682083,0.016464581713080406,0.010543227195739746,0.028080185875296593,0.1929393857717514,0.1539984941482544,0.05558914318680763,0.06621386855840683,0.0378415510058403,0.003605941776186228,0.049352455884218216,0.010507756844162941,0.046682775020599365,0.01606839708983898,0.004079247824847698,0.038705337792634964,0.01877768151462078,0.0022478599566966295,0.017360221594572067,0.016535643488168716,0.0790419653058052,0.010750874876976013,0.0023650352377444506,0.03841789811849594,0.013451776467263699,0.011399902403354645,0.07796498388051987,0.005839638877660036,0.002078475197777152,0.05059223994612694,0.07322490960359573,0.02152242697775364,0.006007166113704443,0.04323448985815048,0.10337414592504501,0.01910286583006382,0.008823047392070293,0.024129275232553482,0.011473400518298149,,,,,,,,,,,,,,,
unknown,花,40,41,61.62,62.12,0.8964844,,0.018281083554029465,0.02095160447061062,0.11885935068130493,0.11590711772441864,0.0061734458431601524,0.0940747782588005,0.026251014322042465,0.02456989884376526,0.04311859980225563,0.12842172384262085,0.1011599600315094,0.08033651858568192,0.06986356526613235,0.09712923318147659,0.02614251896739006,0.05141004920005798,0.019203832373023033,0.027553653344511986,0.07971781492233276,0.03826814144849777,0.012264959514141083,0.032417427748441696,0.014064609073102474,0.011587378568947315,0.023886997252702713,0.007377373054623604,0.13164810836315155,0.05300135537981987,0.004144724924117327,0.11393452435731888,0.009895204566419125,0.007013007998466492,0.009042972698807716,0.0071449060924351215,0.1421033889055252,0.049886275082826614,0.008991992101073265,0.1043769046664238,0.008097948506474495,0.027315525338053703,0.06270108371973038,0.007222943939268589,0.004891399759799242,0.0432865172624588,0.040824323892593384,0.05703258141875267,0.006770639214664698,0.019807659089565277,0.04184623062610626,0.030532408505678177,0.0062461900524795055,0.020616542547941208,0.018415488302707672,,,,,,,,,,,,,,,
unknown,食,42,43,67.22,67.42,0.98535156,,0.011818806640803814,0.013821929693222046,0.06262724846601486,0.12057196348905563,0.009400165639817715,0.11621405184268951,0.038821641355752945,0.016583692282438278,0.06364982575178146,0.1212683841586113,0.07548601925373077,0.07127279788255692,0.08118762075901031,0.09315279871225357,0.032580066472291946,0.03526090458035469,0.021154241636395454,0.027352117002010345,0.1061873510479927,0.05602925643324852,0.02146819978952408,0.0477542020380497,0.021212629973888397,0.008969908580183983,0.04202427342534065,0.010424227453768253,0.09854637831449509,0.03916361555457115,0.004017347004264593,0.08929019421339035,0.016340862959623337,0.004767335020005703,0.016437675803899765,0.012347716838121414,0.12257029116153717,0.031141340732574463,0.0069155278615653515,0.10874585062265396,0.01129947416484356,0.021219000220298767,0.06614888459444046,0.007274962496012449,0.004511022008955479,0.05391497164964676,0.04607801139354706,0.04220420494675636,0.008805057033896446,0.03364110365509987,0.060500700026750565,0.027030130848288536,0.00872245617210865,0.0212844405323267,0.015544271096587181,,,,,,,,,,,,,,,
unknown,べ,44,45,67.42,67.619995,0.9667969,,0.015778176486492157,0.01555723138153553,0.0888390988111496,0.1134670302271843,0.011500708758831024,0.12388386577367783,0.025712372735142708,0.023559866473078728,0.041850704699754715,0.1052449569106102,0.073320172727108,0.06337472796440125,0.08984316885471344,0.10248791426420212,0.038727208971977234,0.03403230756521225,0.015672490000724792,0.021962417289614677,0.11784965544939041,0.07141216844320297,0.02525930292904377,0.04380379617214203,0.018223101273179054,0.009199379943311214,0.026293298229575157,0.01038369257003069,0.08919858932495117,0.045356810092926025,0.004438101314008236,0.0735362321138382,0.01220561470836401,0.005125946830958128,0.009839287027716637,0.01283740159124136,0.12227088958024979,0.03229343146085739,0.006618558429181576,0.09659332782030106,0.011663434095680714,0.01977728120982647,0.059376731514930725,0.005649164784699678,0.0039873444475233555,0.06118102744221687,0.05575352534651756,0.03874729201197624,0.006691892631351948,0.025099046528339386,0.06245662644505501,0.0254655871540308,0.008372406475245953,0.019869143143296242,0.01456860639154911,,,,,,,,,,,,,,,
unknown,る,46,47,67.619995,68.119995,0.93115234,,0.022181237116456032,0.02570667676627636,0.11349746584892273,0.13546068966388702,0.008435362949967384,0.08986879885196686,0.020195653662085533,0.02846212312579155,0.042981501668691635,0.09942330420017242,0.07329896092414856,0.06312596797943115,0.09897767752408981,0.10279569029808044,0.0340375117957592,0.03861478716135025,0.020261187106370926,0.024800928309559822,0.07766282558441162,0.0528906024992466,0.01696203649044037,0.03189888969063759,0.017103977501392365,0.01352053415030241,0.02120630443096161,0.009053852409124374,0.1216348260641098,0.061378784477710724,0.004743807949125767,0.09775630384683609,0.009426341392099857,0.006581190507858992,0.007877600379288197,0.008962122723460197,0.1418660283088684,0.04923997074365616,0.011651604436337948,0.10384559631347656,0.009028594009578228,0.023705899715423584,0.04988091066479683,0.004500316455960274,0.006759956944733858,0.04712652415037155,0.0595463290810585,0.04232725873589516,0.009886530227959156,0.019208615645766258,0.041901249438524246,0.02564002014696598,0.007523654960095882,0.018254689872264862,0.016064578667283058,,,,,,,,,,,,,,,
unknown,歌,48,49,73.508125,74.008125,0.8378906,,0.021455179899930954,0.02862379141151905,0.08414441347122192,0.13058297336101532,0.00685928575694561,0.07736405730247498,0.02408576011657715,0.024902651086449623,0.04019802436232567,0.07835055142641068,0.058977968990802765,0.0828557088971138,0.10952316224575043,0.11583105474710464,0.028201069682836533,0.02631000615656376,0.03845798596739769,0.035280417650938034,0.044390007853507996,0.04140590503811836,0.011325694620609283,0.025503674522042274,0.020430631935596466,0.01073727197945118,0.013944335281848907,0.006370847579091787,0.1929466724395752,0.055890172719955444,0.004927372094243765,0.16346608102321625,0.011552117764949799,0.005580750759691,0.006435048766434193,0.007328108884394169,0.23194682598114014,0.044598981738090515,0.01142258569598198,0.14337819814682007,0.004152792505919933,0.020681042224168777,0.047369908541440964,0.002956223674118519,0.005755136255174875,0.023767979815602303,0.05080066993832588,0.03296023979783058,0.008826730772852898,0.011809874325990677,0.032994963228702545,0.027360375970602036,0.005803735461086035,0.008834977634251118,0.013061979785561562,,,,,,,,,,,,,,,
unknown,ペ,50,51,79.26036,79.3802,0.77783203,,0.017759840935468674,0.018407776951789856,0.050532225519418716,0.11759591102600098,0.025071434676647186,0.16316889226436615,0.031211847439408302,0.01916658878326416,0.040722571313381195,0.06768282502889633,0.03481093794107437,0.06937012821435928,0.13225515186786652,0.10137858241796494,0.04738743230700493,0.016120996326208115,0.0342915840446949,0.048279788345098495,0.09643515199422836,0.08370961993932724,0.022226639091968536,0.04580626264214516,0.028783567249774933,0.008562412112951279,0.01595817133784294,0.008837956003844738,0.1808147132396698,0.03742516413331032,0.007282051723450422,0.14596030116081238,0.01626516506075859,0.004185908008366823,0.006988815497606993,0.011835018172860146,0.20043227076530457,0.03056343086063862,0.007351147010922432,0.09100963175296783,0.007971304468810558,0.018021784722805023,0.04883100464940071,0.002632765332236886,0.004694329109042883,0.03889453411102295,0.07052856683731079,0.024340512230992317,0.00845587719231844,0.015065609477460384,0.062410589307546616,0.026180127635598183,0.007431659381836653,0.009410891681909561,0.014109229668974876,,,,,,,,,,,,,,,
unknown,ン,52,53,79.3802,79.65983,0.90283203,,0.013859318569302559,0.018394390121102333,0.04476683586835861,0.17267364263534546,0.021644672378897667,0.13700748980045319,0.02228786237537861,0.012907390482723713,0.054406557232141495,0.05829157307744026,0.05225435644388199,0.10409682244062424,0.1468246877193451,0.10750100761651993,0.05783257260918617,0.023861903697252274,0.04376042261719704,0.07394526898860931,0.032706763595342636,0.06100911647081375,0.017539752647280693,0.023709675297141075,0.025592904537916183,0.012647721916437149,0.01444001030176878,0.004547548945993185,0.2037966251373291,0.04376129060983658,0.005768877454102039,0.14676032960414886,0.010265079326927662,0.0037544372025877237,0.00502508832141757,0.006779789924621582,0.1983744353055954,0.04242704063653946,0.009911135770380497,0.08170146495103836,0.004417079500854015,0.030872736126184464,0.04417508840560913,0.002357081277295947,0.00828638393431902,0.010229265317320824,0.08500762283802032,0.03655887022614479,0.018020983785390854,0.010873300023376942,0.026227055117487907,0.019822347909212112,0.0038263648748397827,0.008363339118659496,0.022269757464528084,,,,,,,,,,,,,,,
unknown,キ,54,55,79.65983,80.15983,0.47485352,,0.019497910514473915,0.02900644578039646,0.051219455897808075,0.12397021055221558,0.006995813455432653,0.07468707114458084,0.013140393421053886,0.013932972215116024,0.030001036822795868,0.10048981755971909,0.07188180088996887,0.10154706239700317,0.09201127290725708,0.07840266823768616,0.030718527734279633,0.056086018681526184,0.06260376423597336,0.06837056577205658,0.022102413699030876,0.02144462615251541,0.005182108376175165,0.01133627351373434,0.01395755261182785,0.01680045947432518,0.005877600517123938,0.002296962309628725,0.33668655157089233,0.03880094364285469,0.0035013726446777582,0.268998920917511,0.0040977164171636105,0.009400565177202225,0.002947581233456731,0.0017567580798640847,0.2243346869945526,0.09457726776599884,0.016185620799660683,0.09113534539937973,0.0024355531204491854,0.039507146924734116,0.034536395221948624,0.003754301695153117,0.0053117056377232075,0.007435469888150692,0.040399882942438126,0.07233622670173645,0.0068160430528223515,0.004722655285149813,0.013523324392735958,0.026855571195483208,0.0023000852670520544,0.009067079983651638,0.0305493101477623,,,,,,,,,,,,,,,
unknown,食,56,57,85.14534,85.34486,0.9819336,,0.020424334332346916,0.029288697987794876,0.044099360704422,0.1401708722114563,0.007726759184151888,0.09083878248929977,0.013835467398166656,0.012582349590957165,0.03630807623267174,0.09162446856498718,0.06803528219461441,0.07338924705982208,0.06948769092559814,0.0642894059419632,0.03141360729932785,0.060529448091983795,0.08204593509435654,0.06535235792398453,0.031096823513507843,0.025042079389095306,0.005918314214795828,0.011863377876579762,0.012595579028129578,0.016938582062721252,0.008488284423947334,0.0028045172803103924,0.37285634875297546,0.03125457465648651,0.004745740443468094,0.2937639057636261,0.003721679328009486,0.011389514431357384,0.004509525373578072,0.0015793787315487862,0.2225298136472702,0.09858163446187973,0.015583513304591179,0.06763749569654465,0.0024136421270668507,0.0369301475584507,0.04096898064017296,0.005573696456849575,0.00526133319362998,0.008128546178340912,0.043429888784885406,0.08858348429203033,0.008864002302289009,0.006225157994776964,0.016570210456848145,0.035282496362924576,0.0031329337507486343,0.008427631109952927,0.03031826950609684,,,,,,,,,,,,,,,
unknown,べ,58,59,85.34486,85.544365,0.9975586,,0.03429244086146355,0.04332510381937027,0.07322576642036438,0.11967334151268005,0.006001762114465237,0.0594426766037941,0.009531084448099136,0.02052060142159462,0.017584998160600662,0.06182745099067688,0.07114234566688538,0.06851348280906677,0.0559929721057415,0.06248008459806442,0.02637423388659954,0.07898631691932678,0.07443873584270477,0.05635896697640419,0.0276265237480402,0.017728907987475395,0.00450886320322752,0.009856058284640312,0.008059062995016575,0.024187086150050163,0.0044755637645721436,0.0028108207043260336,0.37406882643699646,0.03869587182998657,0.004507322795689106,0.30911627411842346,0.002980199409648776,0.015580354258418083,0.002742517041042447,0.0015808752505108714,0.22020627558231354,0.1291361302137375,0.02136264555156231,0.08055470883846283,0.002789278980344534,0.047681279480457306,0.03460225835442543,0.006372368428856134,0.00508838752284646,0.009646275080740452,0.030833851546049118,0.11792108416557312,0.006771056447178125,0.004189251456409693,0.014148307964205742,0.03704264760017395,0.0030649870168417692,0.006572043057531118,0.040327925235033035,,,,,,,,,,,,,,,
unknown,る,60,61,85.544365,86.044365,0.9970703,,0.026904530823230743,0.03943539783358574,0.06320485472679138,0.12408161908388138,0.003946052864193916,0.04160335287451744,0.009475577622652054,0.018328197300434113,0.019226696342229843,0.06786148995161057,0.08068958669900894,0.07695698738098145,0.052899010479450226,0.0553324893116951,0.02268170565366745,0.09487609565258026,0.051255881786346436,0.058046694844961166,0.018509088084101677,0.012142352759838104,0.003300050739198923,0.008286281488835812,0.00733589893206954,0.029252350330352783,0.004404621198773384,0.002396923489868641,0.3709077835083008,0.040318649262189865,0.0026177307590842247,0.3436145782470703,0.003088545287027955,0.016846850514411926,0.0024875435046851635,0.0014560919953510165,0.20413264632225037,0.14010590314865112,0.024320894852280617,0.07595188915729523,0.0023951358161866665,0.052733249962329865,0.03079948015511036,0.0076946537010371685,0.005837074015289545,0.007338803727179766,0.02884599380195141,0.1293325275182724,0.007214719895273447,0.0036387015134096146,0.011779098771512508,0.03597322478890419,0.0025844608899205923,0.007691952399909496,0.04868356138467789,,,,,,,,,,,,,,,
unknown,大,62,63,92.048386,92.3676,0.80615234,,0.026035873219370842,0.02892191708087921,0.04958965629339218,0.11302485316991806,0.005500854458659887,0.054248642176389694,0.007217989768832922,0.016864130273461342,0.01599637046456337,0.08082298189401627,0.05889536440372467,0.0641682967543602,0.059684205800294876,0.04667198285460472,0.02657320536673069,0.09001021087169647,0.04727872088551521,0.05375974252820015,0.02312678098678589,0.015017841011285782,0.003930526319891214,0.007393586914986372,0.006402058061212301,0.02708597294986248,0.0034145284444093704,0.001813338021747768,0.4458652138710022,0.028798146173357964,0.00251579936593771,0.4051986038684845,0.001991781173273921,0.020035013556480408,0.0021064418833702803,0.0011499067768454552,0.2082797735929489,0.14266246557235718,0.011868361383676529,0.05945109575986862,0.00178496481385082,0.04729260504245758,0.03021652065217495,0.008674965240061283,0.0021383636631071568,0.006526346784085035,0.028915919363498688,0.1349027454853058,0.0032478193752467632,0.0029786506202071905,0.013556458055973053,0.04497065767645836,0.0020085384603589773,0.007896129973232746,0.057831428945064545,,,,,,,,,,,,,,,
unknown,一,64,65,92.3676,92.8676,0.27490234,,0.029058760032057762,0.037890948355197906,0.05914156883955002,0.10341036319732666,0.004303887020796537,0.03990903124213219,0.006624360103160143,0.02197958528995514,0.010808605700731277,0.04156151041388512,0.03215854614973068,0.061742041260004044,0.033796779811382294,0.03277600556612015,0.017445212230086327,0.06354785710573196,0.05604882165789604,0.07211246341466904,0.01176405604928732,0.008705275133252144,0.0024853055365383625,0.006224397569894791,0.0036175698041915894,0.03507736697793007,0.002675205934792757,0.0015521380119025707,0.6257162690162659,0.031886424869298935,0.002478051697835326,0.5928137302398682,0.0017013978213071823,0.0242482740432024,0.0017339843325316906,0.0009628856205381453,0.24519845843315125,0.16086915135383606,0.013194438070058823,0.05467384308576584,0.0010418853489682078,0.047486189752817154,0.0259682796895504,0.007597044575959444,0.0021227910183370113,0.00361235230229795,0.02041633427143097,0.12125161290168762,0.00337772024795413,0.0019444616045802832,0.010399479418992996,0.061752401292324066,0.0017358766635879874,0.004628230817615986,0.06151130795478821,,,,,,,,,,,,,,,
unknown,泳,66,67,97.854996,98.095,0.9711914,,0.02724279835820198,0.027828706428408623,0.0649958923459053,0.11096645146608353,0.0032285847701132298,0.04354842007160187,0.007014463655650616,0.020860232412815094,0.015743596479296684,0.07284849882125854,0.06486146152019501,0.07690579444169998,0.0477425791323185,0.05594116449356079,0.019772429019212723,0.06639356911182404,0.0643610879778862,0.053096361458301544,0.013935917057096958,0.011460722424089909,0.003006222192198038,0.005987363867461681,0.00572979636490345,0.01944832131266594,0.0031976436730474234,0.0017160754650831223,0.4859021008014679,0.033852122724056244,0.003178610000759363,0.40176093578338623,0.0019394481787458062,0.020039862021803856,0.0018642137292772532,0.0010076385224238038,0.28505367040634155,0.10500961542129517,0.008547431789338589,0.0613023079931736,0.0009846145985648036,0.030329294502735138,0.03936824947595596,0.007689653430134058,0.0019570672884583473,0.0037067371886223555,0.033872514963150024,0.11087358742952347,0.0035431827418506145,0.002389810746535659,0.011732876300811768,0.06080489233136177,0.002140515949577093,0.005819003097712994,0.03819013014435768,,,,,,,,,,,,,,,
unknown,ぐ,68,69,98.095,98.595,0.93847656,,0.026604898273944855,0.03554902598261833,0.08069668710231781,0.09799257665872574,0.0015380897093564272,0.021930092945694923,0.007403316907584667,0.023885207250714302,0.01364167407155037,0.0789099633693695,0.09710495918989182,0.07415979355573654,0.038132987916469574,0.06981211155653,0.013100598938763142,0.09948986768722534,0.08860715478658676,0.04759326949715614,0.009175200015306473,0.00505623035132885,0.001497737248428166,0.005580480210483074,0.004447571001946926,0.028870759531855583,0.002341862302273512,0.0019053862197324634,0.45352858304977417,0.0466662235558033,0.002916277153417468,0.39645299315452576,0.0019194517517462373,0.022498641163110733,0.0016566070262342691,0.0007924468955025077,0.26617079973220825,0.14277313649654388,0.01504028495401144,0.10903289914131165,0.0014247230719774961,0.031076235696673393,0.033629488199949265,0.008974816650152206,0.0036332609597593546,0.005195654463022947,0.020672302693128586,0.12477555871009827,0.004478624556213617,0.0019717055838555098,0.006767773535102606,0.04620957002043724,0.0020871281158179045,0.008752992376685143,0.03639472648501396,,,,,,,,,,,,,,,
unknown,細,70,71,104.134995,104.295,0.98339844,,0.03063035011291504,0.03083486109972,0.06830506771802902,0.12187459319829941,0.001953618600964546,0.025651173666119576,0.008992825634777546,0.018702160567045212,0.021163448691368103,0.055183034390211105,0.06704658269882202,0.06849919259548187,0.04128081724047661,0.060818541795015335,0.016518866643309593,0.0676223412156105,0.07154640555381775,0.0582461953163147,0.010753114707767963,0.008176497183740139,0.002320788102224469,0.0056346929632127285,0.007339111529290676,0.017141861841082573,0.004016421735286713,0.002239515772089362,0.46939194202423096,0.03281833976507187,0.003671121783554554,0.37152591347694397,0.002707189414650202,0.019994882866740227,0.0020829527638852596,0.001011233776807785,0.2989616096019745,0.10366091877222061,0.011185765266418457,0.0658637285232544,0.001099895336665213,0.033798810094594955,0.0317174568772316,0.00813618116080761,0.002816363237798214,0.004328108858317137,0.03538369759917259,0.10399246215820312,0.004796769469976425,0.002772596199065447,0.009073887020349503,0.05160153657197952,0.0030813401099294424,0.004406494554132223,0.03512834385037422,,,,,,,,,,,,,,,
unknown,い,72,73,104.295,104.795,0.9980469,,0.039178118109703064,0.05580838769674301,0.09201611578464508,0.11723392456769943,0.0012709826696664095,0.017033221200108528,0.006696936674416065,0.023298591375350952,0.02090081200003624,0.07015562057495117,0.059671588242053986,0.04497930034995079,0.030542969703674316,0.04394860565662384,0.012877981178462505,0.0902986153960228,0.08993573486804962,0.03473007306456566,0.007716129533946514,0.004717892035841942,0.0016785815823823214,0.004272062797099352,0.0045726909302175045,0.027585245668888092,0.0038038373459130526,0.0015562929911538959,0.5223034620285034,0.04350314289331436,0.0033986843191087246,0.46447575092315674,0.0017518253298476338,0.02813410758972168,0.0017487028380855918,0.0006921698804944754,0.29345157742500305,0.17417457699775696,0.02139420248568058,0.09290517866611481,0.0009471004013903439,0.033039554953575134,0.024180449545383453,0.007009511347860098,0.0051333061419427395,0.0038751258980482817,0.020777909085154533,0.12004254758358002,0.007333817426115274,0.002287384355440736,0.006469518877565861,0.05920295789837837,0.0018722255481407046,0.004926304332911968,0.0294553954154253,,,,,,,,,,,,,,,
unknown,カ,74,75,109.50895,110.00895,0.5058594,,0.056385453790426254,0.06267431378364563,0.1078072115778923,0.12267214059829712,0.001856173388659954,0.020557275041937828,0.02382553368806839,0.033815398812294006,0.025061307474970818,0.048549070954322815,0.034067075699567795,0.04458092525601387,0.03341197222471237,0.04174176603555679,0.012692349962890148,0.057398851960897446,0.12486755102872849,0.03196172043681145,0.009530385956168175,0.007379505317658186,0.003990519791841507,0.01390787586569786,0.006396404467523098,0.02304697223007679,0.0073679774068295956,0.0029609710909426212,0.4972633421421051,0.04367481544613838,0.004615918267518282,0.4781283438205719,0.009696983732283115,0.01992270164191723,0.003398291999474168,0.0030784052796661854,0.31152212619781494,0.1118144541978836,0.012298867106437683,0.053590089082717896,0.0018933991668745875,0.04272979497909546,0.022654201835393906,0.005645460914820433,0.0016165190609171987,0.006543225608766079,0.022332660853862762,0.10430757701396942,0.004469540901482105,0.00473118107765913,0.00988756399601698,0.053052179515361786,0.0033266013488173485,0.002891391748562455,0.023448839783668518,,,,,,,,,,,,,,,
unknown,タ,76,77,115.54484,115.70473,0.93896484,,0.028863709419965744,0.03358573466539383,0.0802760049700737,0.1127171590924263,0.00134710140991956,0.016545746475458145,0.012135861441493034,0.019426506012678146,0.020980149507522583,0.06014682725071907,0.06615623086690903,0.083794005215168,0.034370001405477524,0.06282814592123032,0.01482416968792677,0.08814622461795807,0.10731367766857147,0.0543055534362793,0.004662089515477419,0.0047774966806173325,0.0019472191343083978,0.005391470622271299,0.006092737894505262,0.02305004745721817,0.0035261923912912607,0.0015777497319504619,0.5049542188644409,0.04119773581624031,0.0030577455181628466,0.4517103135585785,0.003622544463723898,0.021111760288476944,0.0018516267882660031,0.0010553699685260653,0.3505331873893738,0.11799564957618713,0.010051348246634007,0.0628240779042244,0.0008886659052222967,0.041035450994968414,0.025006869807839394,0.007266530767083168,0.0022518064361065626,0.0024681324139237404,0.021186286583542824,0.1305743157863617,0.004480324219912291,0.0022040382027626038,0.0051653687842190266,0.045854322612285614,0.00184273486956954,0.0033879911061376333,0.03475714102387428,,,,,,,,,,,,,,,
unknown,ッ,78,79,115.70473,115.86462,0.51416016,,0.052304867655038834,0.07934395223855972,0.11767951399087906,0.143137589097023,0.002802303060889244,0.025147080421447754,0.011257512494921684,0.02974473312497139,0.02373499423265457,0.038459714502096176,0.0348789244890213,0.031796712428331375,0.03135520964860916,0.03827820345759392,0.01657681353390217,0.07300916314125061,0.1339377909898758,0.03312931954860687,0.009004897437989712,0.00804613996297121,0.0033273291774094105,0.0077850958332419395,0.004634631797671318,0.04580111801624298,0.0049344259314239025,0.0023689940571784973,0.578872561454773,0.05353110656142235,0.0053487615659832954,0.5479167699813843,0.003609350183978677,0.02602396346628666,0.0019011531258001924,0.0015684711979702115,0.2766038179397583,0.18997009098529816,0.02620915323495865,0.061312854290008545,0.0016572284512221813,0.03795263171195984,0.02000909112393856,0.006788286846131086,0.007559740915894508,0.004519931506365538,0.030294662341475487,0.12416429817676544,0.017136448994278908,0.002835393650457263,0.007903765887022018,0.0587494932115078,0.002413481008261442,0.0034737177193164825,0.03008335269987583,,,,,,,,,,,,,,,
unknown,チ,80,81,115.86462,116.104454,0.75,,0.0518544465303421,0.06061450019478798,0.10783910006284714,0.12461469322443008,0.0032868681009858847,0.03287462145090103,0.012274597771465778,0.02904019132256508,0.01986479014158249,0.037416115403175354,0.03216824308037758,0.04209759086370468,0.04514157399535179,0.04965197294950485,0.017551762983202934,0.05211164429783821,0.14120987057685852,0.03703496232628822,0.010811331681907177,0.010795640759170055,0.003935609012842178,0.008972813375294209,0.006894051097333431,0.02665592171251774,0.004056233912706375,0.001976098632439971,0.5364915132522583,0.045438963919878006,0.005839342251420021,0.46945318579673767,0.004336718004196882,0.019145255908370018,0.0016998137580230832,0.0017367281252518296,0.30752110481262207,0.13011658191680908,0.01566265895962715,0.05605029687285423,0.0015043088933452964,0.032665904611349106,0.025117335841059685,0.00461440859362483,0.0035132833290845156,0.00423318101093173,0.03362489864230156,0.09694390743970871,0.008138712495565414,0.002699075033888221,0.009905961342155933,0.05717729777097702,0.002154978457838297,0.00297615141607821,0.02480173297226429,,,,,,,,,,,,,,,
unknown,た,82,83,121.30091,121.50078,0.59814453,,0.05194680765271187,0.06658010929822922,0.1029333770275116,0.14558196067810059,0.0026697779539972544,0.028875747695565224,0.007949503138661385,0.026896385475993156,0.019857998937368393,0.04717732593417168,0.046305425465106964,0.040825944393873215,0.04260570928454399,0.051253341138362885,0.01799902133643627,0.06584548950195312,0.14045867323875427,0.0361614003777504,0.009985223412513733,0.009227955713868141,0.003064640797674656,0.006144995801150799,0.006044843699783087,0.0264580100774765,0.00351304211653769,0.002018694533035159,0.5248510241508484,0.04620594531297684,0.006005667615681887,0.42973843216896057,0.0026159114204347134,0.02022242173552513,0.0015038297278806567,0.0011314055882394314,0.32051458954811096,0.15199077129364014,0.021045848727226257,0.06600627303123474,0.0013546536210924387,0.03286304324865341,0.024306125938892365,0.004462243523448706,0.005031040403991938,0.004038689658045769,0.037223491817712784,0.10519910603761673,0.009416111744940281,0.0023498123046010733,0.00815283041447401,0.0528748594224453,0.0024022278375923634,0.003241594647988677,0.02471015974879265,,,,,,,,,,,,,,,
unknown,め,84,85,121.50078,121.70064,0.93310547,,0.04617514833807945,0.05622304975986481,0.0977836400270462,0.15723714232444763,0.0027133109979331493,0.030349377542734146,0.008633336052298546,0.026161687448620796,0.020171629264950752,0.04330473020672798,0.047730740159749985,0.039793677628040314,0.041417255997657776,0.057925593107938766,0.01852693222463131,0.06087517738342285,0.15491780638694763,0.032455578446388245,0.009485381655395031,0.009885202161967754,0.0034010575618594885,0.006406137254089117,0.0061408402398228645,0.022340910509228706,0.003391791135072708,0.002201405121013522,0.5263822078704834,0.043217483907938004,0.006459550932049751,0.42411166429519653,0.0029764825012534857,0.016740579158067703,0.0014580308925360441,0.0013233204372227192,0.3646693229675293,0.13433881103992462,0.015313302166759968,0.06507954746484756,0.0013211295008659363,0.028788069263100624,0.02566259168088436,0.004047307651489973,0.003702315269038081,0.0037767342291772366,0.04059862345457077,0.1003863587975502,0.007644684053957462,0.002200530609115958,0.008839602582156658,0.05565331503748894,0.002563612535595894,0.0023433102760463953,0.02053850144147873,,,,,,,,,,,,,,,
unknown,ル,86,87,121.70064,122.20064,0.7705078,,0.03073790855705738,0.03872391954064369,0.058608993887901306,0.1427331566810608,0.006975206546485424,0.05376086384057999,0.013463052920997143,0.014252975583076477,0.027230000123381615,0.060183968394994736,0.025161398574709892,0.04973815381526947,0.056475330144166946,0.035589851438999176,0.0273218285292387,0.04357876628637314,0.16429878771305084,0.06672248989343643,0.010971006937325,0.014114649035036564,0.005389838479459286,0.010432344861328602,0.007932300679385662,0.020724860951304436,0.005633742082864046,0.0018379822140559554,0.5195893049240112,0.028107378631830215,0.00624281819909811,0.4291935861110687,0.0038206304889172316,0.014537748880684376,0.0023871073499321938,0.001640644040890038,0.23541052639484406,0.10066688060760498,0.010715948417782784,0.0589400939643383,0.0015778389060869813,0.0539863295853138,0.017180582508444786,0.003966694697737694,0.0022162061650305986,0.004640973173081875,0.04231506586074829,0.08249878883361816,0.006909486372023821,0.0036053701769560575,0.008467498235404491,0.03340856730937958,0.002095573814585805,0.0035380818881094456,0.03674216568470001,,,,,,,,,,,,,,,
unknown,え,88,89,128.515,129.015,0.52001953,,0.04632461443543434,0.05516644939780235,0.11263478547334671,0.14517678320407867,0.002128186170011759,0.025200044736266136,0.006088888738304377,0.023600125685334206,0.01762518845498562,0.0590788833796978,0.056121423840522766,0.05100628733634949,0.04440908506512642,0.05861654505133629,0.01943022571504116,0.07646089047193527,0.14692676067352295,0.042902037501335144,0.007044625002890825,0.007175846491008997,0.0024348569568246603,0.004347851034253836,0.005150909535586834,0.022190261632204056,0.0028949538245797157,0.001777016674168408,0.5030946135520935,0.04343241825699806,0.006821538787335157,0.37412455677986145,0.00150806806050241,0.017591243609786034,0.0014067653100937605,0.000705485581420362,0.3190253973007202,0.1391272395849228,0.013694573193788528,0.07771196216344833,0.0010009199613705277,0.046820830553770065,0.021344833076000214,0.0039904918521642685,0.0028359401039779186,0.003688468597829342,0.02973443642258644,0.11237852275371552,0.005597718525677919,0.002113774884492159,0.004796013701707125,0.0362551175057888,0.0022072044666856527,0.0031061172485351562,0.029519716277718544,,,,,,,,,,,,,,,
unknown,開,90,91,133.275,133.475,0.9765625,,0.0278557650744915,0.029461821541190147,0.03720754757523537,0.12279600650072098,0.002561805536970496,0.019681083038449287,0.005627461709082127,0.01519791316241026,0.018648602068424225,0.04392873868346214,0.03413563594222069,0.044297244399785995,0.07190632820129395,0.03731637820601463,0.01763368770480156,0.06255331635475159,0.17487627267837524,0.04968209192156792,0.005534560419619083,0.006066232454031706,0.0023551499471068382,0.003478392492979765,0.006890350021421909,0.032128795981407166,0.0022285794839262962,0.0009456858388148248,0.5680846571922302,0.028874438256025314,0.004348647315055132,0.4934481084346771,0.0014025154523551464,0.011146408505737782,0.0014120000414550304,0.0005865517305210233,0.3246503174304962,0.12594428658485413,0.0069662416353821754,0.029759766533970833,0.0005391405429691076,0.03696111962199211,0.015080389566719532,0.0043594567105174065,0.001601100550033152,0.0015860518906265497,0.01729731261730194,0.114350825548172,0.006669294089078903,0.0017536309314891696,0.006447583436965942,0.05103748291730881,0.001321677933447063,0.002046420471742749,0.041389938443899155,,,,,,,,,,,,,,,
unknown,け,92,93,133.475,133.675,0.99658203,,0.028983617201447487,0.030887668952345848,0.040406256914138794,0.11183129251003265,0.002357637509703636,0.02020922675728798,0.0064309872686862946,0.018406139686703682,0.02216232940554619,0.0447176992893219,0.029103046283125877,0.04192567244172096,0.07847276329994202,0.03680004924535751,0.01536219660192728,0.05295361950993538,0.10658954828977585,0.04736475646495819,0.007614286616444588,0.006475040223449469,0.002102016005665064,0.004060083068907261,0.007866743952035904,0.03596951439976692,0.0028986053075641394,0.0010514199966564775,0.5722959637641907,0.0338907353579998,0.0041927071288228035,0.5411206483840942,0.0016100844368338585,0.011032278649508953,0.001582318334840238,0.0006387803005054593,0.30603235960006714,0.12193278223276138,0.007779821753501892,0.031237086281180382,0.0005948413163423538,0.037052690982818604,0.014877266250550747,0.004242749884724617,0.0023349241819232702,0.0022222204133868217,0.0184421818703413,0.09409403800964355,0.009190792217850685,0.0021703732199966908,0.008169388398528099,0.05238296836614609,0.0013345989864319563,0.0032996004447340965,0.04092712700366974,,,,,,,,,,,,,,,
unknown,る,94,95,133.675,134.175,0.9682617,,0.03199898079037666,0.0320066437125206,0.03754115104675293,0.12542948126792908,0.0024560163728892803,0.018196340650320053,0.00625964067876339,0.01677650399506092,0.02176646515727043,0.036798469722270966,0.03276372700929642,0.03782913461327553,0.06063086912035942,0.032305873930454254,0.016246475279331207,0.07484130561351776,0.08758289366960526,0.05191320925951004,0.0067144157364964485,0.005564178340137005,0.0017774500884115696,0.0037122287321835756,0.006382051855325699,0.043374866247177124,0.002744225552305579,0.001212005503475666,0.6270603537559509,0.02901228331029415,0.003495190292596817,0.586830198764801,0.001590921776369214,0.017064359039068222,0.0012887833872810006,0.0005695648724213243,0.3013509511947632,0.163003072142601,0.008761275559663773,0.027807408943772316,0.0006883872556500137,0.045407623052597046,0.014647598378360271,0.007179200649261475,0.002547799376770854,0.0020721089094877243,0.018349187448620796,0.13266098499298096,0.009180358611047268,0.0017843485111370683,0.00710128853097558,0.057520512491464615,0.001580534502863884,0.002865957096219063,0.05770569294691086,,,,,,,,,,,,,,,
unknown,る,96,97,139.92346,140.42346,0.77441406,,0.040578871965408325,0.038436856120824814,0.038175731897354126,0.13036617636680603,0.002508749021217227,0.01575530134141445,0.0050096409395337105,0.02198532596230507,0.013756624422967434,0.03460121154785156,0.02832671068608761,0.02724326029419899,0.04110843315720558,0.02581196092069149,0.015831103548407555,0.09742259979248047,0.07047256827354431,0.04251246899366379,0.007308509666472673,0.004640586208552122,0.0016109063290059566,0.0035455808974802494,0.003937326371669769,0.06475688517093658,0.0021105424966663122,0.0013820799067616463,0.6391906142234802,0.02783919870853424,0.0034836698323488235,0.6531620621681213,0.0013197021326050162,0.023687835782766342,0.0009551856201142073,0.0005942197749391198,0.23461085557937622,0.2255719006061554,0.010383356362581253,0.036294326186180115,0.0009357341332361102,0.059150658547878265,0.015220309607684612,0.01299280859529972,0.0024017184041440487,0.0030596242286264896,0.018896760419011116,0.17324227094650269,0.007358088158071041,0.001507003791630268,0.007271292619407177,0.06912924349308014,0.0017784817609936,0.0030621038749814034,0.09098514914512634,,,,,,,,,,,,,,,
unknown,飲,98,99,145.39557,145.59528,0.77783203,,0.02646779455244541,0.03196869045495987,0.044945042580366135,0.13731050491333008,0.002131512388586998,0.01501151081174612,0.004690705332905054,0.01694035902619362,0.019318409264087677,0.04417012631893158,0.04376528412103653,0.048677943646907806,0.03352413326501846,0.02962210215628147,0.016316760331392288,0.10211960971355438,0.17019090056419373,0.06756152212619781,0.005124938208609819,0.004461773205548525,0.002181942807510495,0.0031457815784960985,0.004038718994706869,0.06285560876131058,0.003577217925339937,0.00132020004093647,0.5967796444892883,0.036040082573890686,0.00429752329364419,0.5346391201019287,0.0011175961699336767,0.01651102490723133,0.0024106744676828384,0.0006086353096179664,0.2728686034679413,0.1617540717124939,0.01104415487498045,0.037405144423246384,0.0007115656626410782,0.05960748344659805,0.016718721017241478,0.0084255775436759,0.0035023766104131937,0.001781732076779008,0.015201736241579056,0.18610917031764984,0.017175229266285896,0.0026430394500494003,0.005510630551725626,0.05415981635451317,0.001787282875739038,0.0038454236928373575,0.07640393078327179,,,,,,,,,,,,,,,
unknown,む,100,101,145.59528,146.09528,0.7114258,,0.025794116780161858,0.024174951016902924,0.04894263669848442,0.13878196477890015,0.005160024389624596,0.03757104277610779,0.007803216110914946,0.020080983638763428,0.02832000143826008,0.036377713084220886,0.033552136272192,0.0689506083726883,0.07473695278167725,0.055578526109457016,0.019899889826774597,0.05241139978170395,0.17024698853492737,0.08678971976041794,0.009376656264066696,0.010464818216860294,0.005021223332732916,0.006708855740725994,0.008176041767001152,0.039969053119421005,0.006520632188767195,0.0022967904806137085,0.5238562226295471,0.03973168879747391,0.007260831072926521,0.42160606384277344,0.001929753227159381,0.009132915176451206,0.0041589136235415936,0.0012294893385842443,0.33467182517051697,0.09474638849496841,0.005895518697798252,0.03129241615533829,0.0013138859067112207,0.054705288261175156,0.03023887611925602,0.005193518474698067,0.002902274951338768,0.0027112970128655434,0.02353046089410782,0.11938751488924026,0.01891074702143669,0.004729409236460924,0.011671743355691433,0.06647546589374542,0.0025732372887432575,0.0037520448677241802,0.05399893596768379,,,,,,,,,,,,,,,
unknown,受,102,103,151.44214,151.64186,0.95996094,,0.01935765892267227,0.01675589010119438,0.04332735389471054,0.14085619151592255,0.009601586498320103,0.07215167582035065,0.011743588373064995,0.015307131223380566,0.03951580822467804,0.03675633668899536,0.022084534168243408,0.05076832324266434,0.07629161328077316,0.03545792028307915,0.024841193109750748,0.040573202073574066,0.15358294546604156,0.06777559965848923,0.017639247700572014,0.019082417711615562,0.013431069441139698,0.012876656837761402,0.007890640757977962,0.03576280549168587,0.014754034578800201,0.0027005767915397882,0.4082082211971283,0.02758060209453106,0.00681638065725565,0.3491859436035156,0.0027164602652192116,0.009388402104377747,0.008557776920497417,0.002395292976871133,0.21063801646232605,0.07004155218601227,0.0035548878367990255,0.016764381900429726,0.002090526046231389,0.05141453444957733,0.036262448877096176,0.007975160144269466,0.0016657371306791902,0.0037852430250495672,0.03651834651827812,0.1177857518196106,0.0188177190721035,0.00998105201870203,0.020775433629751205,0.06921553611755371,0.0029379124753177166,0.004983589984476566,0.05508062615990639,,,,,,,,,,,,,,,
unknown,け,104,105,151.64186,151.8416,0.9897461,,0.016866790130734444,0.01570986770093441,0.03143776208162308,0.1597517430782318,0.006487415172159672,0.05618007481098175,0.015906136482954025,0.012354574166238308,0.051512572914361954,0.05066623538732529,0.022328516468405724,0.050375036895275116,0.0832897201180458,0.03598228096961975,0.017945969477295876,0.040855731815099716,0.18958309292793274,0.08440643548965454,0.016270674765110016,0.010730110108852386,0.006769469939172268,0.015005416236817837,0.009187784045934677,0.028418730944395065,0.01739315502345562,0.0035294892732053995,0.4507671594619751,0.022271601483225822,0.006800539791584015,0.36556118726730347,0.0032261773012578487,0.010685380548238754,0.012089913710951805,0.0017952496418729424,0.20118001103401184,0.07799655944108963,0.0036946178879588842,0.020954815670847893,0.002909824950620532,0.05556711554527283,0.037655219435691833,0.007244194392114878,0.0011360017815604806,0.005961674731224775,0.03515031933784485,0.10070901364088058,0.007542985491454601,0.010443785227835178,0.01728007011115551,0.06002012640237808,0.0039616236463189125,0.005601122975349426,0.05415339022874832,,,,,,,,,,,,,,,
unknown,る,106,107,151.8416,152.3416,0.9946289,,0.014706828631460667,0.014153644442558289,0.025853630155324936,0.13288429379463196,0.007513269316405058,0.08278075605630875,0.017799174413084984,0.011560659855604172,0.05685263127088547,0.061976347118616104,0.028525525704026222,0.056248739361763,0.09525199979543686,0.04790186136960983,0.02115306444466114,0.03444084897637367,0.09329427033662796,0.08212851732969284,0.026828724890947342,0.017870144918560982,0.006665597204118967,0.016058897599577904,0.012475969269871712,0.020562246441841125,0.017172450199723244,0.0047716195695102215,0.40588462352752686,0.02195490151643753,0.006526218261569738,0.3329022228717804,0.003171020420268178,0.007622728124260902,0.01264785137027502,0.001562279649078846,0.2045319527387619,0.05648816376924515,0.003970385063439608,0.018816174939274788,0.0024525336921215057,0.0423072911798954,0.04655267670750618,0.007511370349675417,0.001683898619376123,0.007540291175246239,0.037579238414764404,0.07672485709190369,0.010110575705766678,0.01182591263204813,0.02184559591114521,0.04912552610039711,0.005635622888803482,0.009466458112001419,0.041568875312805176,,,,,,,,,,,,,,,
unknown,祈,108,109,157.71387,157.95355,0.8125,,0.03762698918581009,0.022417161613702774,0.0355398915708065,0.10777605324983597,0.020974835380911827,0.10058974474668503,0.017576634883880615,0.031088629737496376,0.027634119614958763,0.027428142726421356,0.018367949873209,0.03614671900868416,0.10817709565162659,0.062361374497413635,0.031145727261900902,0.01761125586926937,0.12206732481718063,0.06151662394404411,0.05454416945576668,0.03578125685453415,0.017679674550890923,0.03691904619336128,0.012641891837120056,0.01917995698750019,0.010106442496180534,0.015352566726505756,0.2744120657444,0.02922363393008709,0.012992403469979763,0.18603593111038208,0.005934298504143953,0.010580322705209255,0.006800591945648193,0.0057228244841098785,0.17524942755699158,0.03943438082933426,0.004196855239570141,0.03108481504023075,0.011890004388988018,0.022554980590939522,0.04668465629220009,0.007226470857858658,0.001847970299422741,0.027642926201224327,0.06215927377343178,0.0432240329682827,0.009173562750220299,0.010581145994365215,0.042527999728918076,0.052503351122140884,0.014528632164001465,0.007636436726897955,0.03046666458249092,,,,,,,,,,,,,,,
unknown,る,110,111,157.95355,158.45355,0.9741211,,0.033363889902830124,0.021840346977114677,0.034204963594675064,0.11314450949430466,0.02086087502539158,0.08943166583776474,0.020131753757596016,0.026031943038105965,0.03287544474005699,0.02860819734632969,0.019737064838409424,0.03865024447441101,0.125851571559906,0.05368897318840027,0.031878404319286346,0.01912163570523262,0.12563587725162506,0.06289353221654892,0.037223514169454575,0.03423232585191727,0.018716778606176376,0.03730005770921707,0.01362621784210205,0.021090222522616386,0.00995007622987032,0.014791980385780334,0.28271248936653137,0.028295228257775307,0.010200012475252151,0.18939542770385742,0.00726302620023489,0.010001718997955322,0.006013532634824514,0.0066547696478664875,0.18368792533874512,0.0398135744035244,0.004628452938050032,0.025399135425686836,0.010749006643891335,0.02382947877049446,0.035937272012233734,0.007502211257815361,0.001989501528441906,0.02004644088447094,0.06198657676577568,0.045296937227249146,0.012159410864114761,0.009472477249801159,0.03899625688791275,0.050199415534734726,0.014871564693748951,0.007426917552947998,0.03134079650044441,,,,,,,,,,,,,,,
unknown,つ,112,113,163.54619,163.74593,0.32202148,,0.02140238508582115,0.018665513023734093,0.033485446125268936,0.13861766457557678,0.008532264269888401,0.055224958807229996,0.018131893128156662,0.016891494393348694,0.04056224972009659,0.03309911489486694,0.03930586948990822,0.04088090360164642,0.10058099031448364,0.06908033043146133,0.0268787182867527,0.026136234402656555,0.13613273203372955,0.057801783084869385,0.02749173901975155,0.02534034475684166,0.011459872126579285,0.023612147197127342,0.01494910940527916,0.016818111762404442,0.010488566942512989,0.01525783445686102,0.24221298098564148,0.02667696215212345,0.008925051428377628,0.1488988846540451,0.006593186408281326,0.00836239941418171,0.010424232110381126,0.004360645543783903,0.19314101338386536,0.04070392623543739,0.005920169875025749,0.022860515862703323,0.0066385832615196705,0.02236601896584034,0.03505782037973404,0.006350877229124308,0.0023063700646162033,0.017238354310393333,0.0756523460149765,0.04690658673644066,0.010830540210008621,0.01127917692065239,0.02295960672199726,0.03015686571598053,0.01982477493584156,0.005692080594599247,0.022665442898869514,,,,,,,,,,,,,,,
unknown,く,114,115,163.74593,164.24593,0.71533203,,0.044209420680999756,0.050876520574092865,0.0836392417550087,0.15534082055091858,0.005368266254663467,0.029878754168748856,0.00892576202750206,0.029399249702692032,0.03241898491978645,0.030552050098776817,0.06362097710371017,0.057239972054958344,0.1078050434589386,0.09641432017087936,0.030966270714998245,0.056415461003780365,0.15564581751823425,0.06433591991662979,0.011596753261983395,0.017095746472477913,0.006353209260851145,0.008793503046035767,0.014814392663538456,0.038515616208314896,0.0060657477006316185,0.007466493174433708,0.32428282499313354,0.06555827707052231,0.010782375931739807,0.1906241774559021,0.0034165193792432547,0.01583685353398323,0.0053487299010157585,0.0022357210982590914,0.2638395130634308,0.10866381973028183,0.021643903106451035,0.04028677940368652,0.0029792955610901117,0.04028908535838127,0.028679635375738144,0.004545752424746752,0.010031059384346008,0.007366579957306385,0.058951448649168015,0.08121594786643982,0.025697574019432068,0.006787299178540707,0.01014012936502695,0.030981671065092087,0.009906080551445484,0.0045163980685174465,0.032356612384319305,,,,,,,,,,,,,,,
unknown,い,116,117,170.40001,170.56001,0.9897461,,0.039664074778556824,0.044392507523298264,0.08155050873756409,0.1253514587879181,0.003236226737499237,0.021115364506840706,0.010470489971339703,0.02722148783504963,0.035369835793972015,0.024728626012802124,0.0935862585902214,0.08362887054681778,0.11241103708744049,0.13728606700897217,0.025729861110448837,0.06764161586761475,0.10844522714614868,0.08297049254179001,0.008748694323003292,0.012846657074987888,0.0040868609212338924,0.007711468264460564,0.019218867644667625,0.03220491483807564,0.006191140040755272,0.009064793586730957,0.2944178581237793,0.07146452367305756,0.007484062109142542,0.15052735805511475,0.00384212052449584,0.01721886545419693,0.006000441033393145,0.0017536107916384935,0.28130218386650085,0.08935581147670746,0.021743228659033775,0.035919684916734695,0.002565610222518444,0.04290539398789406,0.035574790090322495,0.006370530929416418,0.011534390971064568,0.006230268627405167,0.04291001707315445,0.08921752125024796,0.023468853905797005,0.00667777843773365,0.008434783667325974,0.03014838509261608,0.012836398556828499,0.004238152876496315,0.03522754833102226,,,,,,,,,,,,,,,
unknown,や,118,119,170.56001,171.06001,0.9692383,,0.02928427793085575,0.03409662842750549,0.08044115453958511,0.15646490454673767,0.00437149778008461,0.03291407972574234,0.009017315693199635,0.02599656581878662,0.04181356355547905,0.03825581446290016,0.0630938932299614,0.06207319349050522,0.13988551497459412,0.10759562999010086,0.024192119017243385,0.05503251776099205,0.10767380148172379,0.05184035748243332,0.016450246796011925,0.01718859188258648,0.007160430308431387,0.009828698821365833,0.017100976780056953,0.04291534423828125,0.00999415572732687,0.006987507455050945,0.26676145195961,0.06696845591068268,0.007472195662558079,0.17075124382972717,0.003098379820585251,0.010228962637484074,0.007816245779395103,0.0023637579288333654,0.23307932913303375,0.1043657436966896,0.017044397071003914,0.04370477423071861,0.003813824150711298,0.03385308012366295,0.04470696300268173,0.00532655231654644,0.011360515840351582,0.007769270800054073,0.042307451367378235,0.08079688996076584,0.03243975713849068,0.009841181337833405,0.015075414441525936,0.042059216648340225,0.007778349332511425,0.007340055424720049,0.031981877982616425,,,,,,,,,,,,,,,
unknown,ベ,120,121,175.68001,175.84001,0.93652344,,0.029181258752942085,0.024082332849502563,0.0690932646393776,0.09975960105657578,0.012890306301414967,0.055541858077049255,0.01163728442043066,0.01958520896732807,0.021178649738430977,0.026264186948537827,0.05309276655316353,0.08267795294523239,0.08132754266262054,0.07457190752029419,0.03513338416814804,0.06199237331748009,0.09555793553590775,0.14866837859153748,0.02895583212375641,0.025476155802607536,0.00941583700478077,0.016173213720321655,0.013102379627525806,0.03338215872645378,0.006028222851455212,0.006696323398500681,0.4263073801994324,0.03663867339491844,0.006217069923877716,0.25171226263046265,0.004729603882879019,0.01654084026813507,0.0059393784031271935,0.003252580761909485,0.22244678437709808,0.09263265132904053,0.008969251997768879,0.03103211708366871,0.0053162421099841595,0.060541026294231415,0.030559074133634567,0.007393807638436556,0.0032996274530887604,0.012527842074632645,0.03239820897579193,0.11057498306035995,0.009566848166286945,0.007436451502144337,0.017600178718566895,0.0339910052716732,0.0072597479447722435,0.004848144017159939,0.07164690643548965,,,,,,,,,,,,,,,
unknown,ッ,122,123,175.84001,176.08,0.9370117,,0.04922826588153839,0.03734840080142021,0.09743426740169525,0.09887182712554932,0.013081740587949753,0.033854901790618896,0.009447542950510979,0.03290242701768875,0.01903640478849411,0.014793281443417072,0.05142858624458313,0.0840393602848053,0.07049275934696198,0.0721934586763382,0.035160914063453674,0.06382124125957489,0.06028050556778908,0.1889045089483261,0.021869512274861336,0.02289307489991188,0.008272508159279823,0.015166168101131916,0.011155137792229652,0.054165199398994446,0.0054822699166834354,0.013905677013099194,0.48229706287384033,0.05345436558127403,0.007004863116890192,0.2533535957336426,0.005105262156575918,0.0197436660528183,0.005401168018579483,0.004477402660995722,0.21602870523929596,0.11650585383176804,0.015192566439509392,0.02566148340702057,0.007177550345659256,0.07453056424856186,0.029581235721707344,0.007924174889922142,0.0062750522047281265,0.013432567939162254,0.0319221206009388,0.11279984563589096,0.01375585701316595,0.00752068730071187,0.017629805952310562,0.03656783327460289,0.015687279403209686,0.004148879554122686,0.1041017696261406,,,,,,,,,,,,,,,
unknown,ド,124,125,176.08,176.475,0.9926758,,0.02294284850358963,0.022294754162430763,0.04229084402322769,0.094485342502594,0.032305024564266205,0.10417315363883972,0.01394595392048359,0.016955658793449402,0.021281378343701363,0.02098354883491993,0.03242845460772514,0.06601136177778244,0.10184038430452347,0.0806591659784317,0.0501825287938118,0.03284277021884918,0.0803203359246254,0.1662984937429428,0.059248458594083786,0.055029477924108505,0.015127954073250294,0.02606137841939926,0.019713133573532104,0.030071791261434555,0.006357018835842609,0.011282738298177719,0.36994025111198425,0.0340576134622097,0.008084243163466454,0.22203324735164642,0.006056613754481077,0.00850211177021265,0.007940363138914108,0.00474503031000495,0.2017238587141037,0.06463593989610672,0.011783192865550518,0.025313152000308037,0.00782802328467369,0.04051561653614044,0.03527776151895523,0.00480072945356369,0.006186740472912788,0.022249484434723854,0.039702970534563065,0.06393209844827652,0.017937714233994484,0.010157604701817036,0.032508768141269684,0.02708641067147255,0.011100049130618572,0.006061031483113766,0.05117621645331383,,,,,,,,,,,,,,,
unknown,よ,126,127,182.36096,182.52058,0.6484375,,0.0562865324318409,0.04255559667944908,0.07199914008378983,0.08987421542406082,0.009928256273269653,0.04255226254463196,0.008300861343741417,0.04824863746762276,0.011152503080666065,0.013805154711008072,0.03380690515041351,0.047459349036216736,0.07264915108680725,0.09958242624998093,0.02496476285159588,0.037367891520261765,0.08069542050361633,0.0944671481847763,0.0733039528131485,0.03134611248970032,0.009071660228073597,0.0177358016371727,0.0146065354347229,0.04086175933480263,0.004615031648427248,0.017181631177663803,0.3941364586353302,0.052181243896484375,0.009906073100864887,0.26884496212005615,0.0040724026039242744,0.014339457266032696,0.007880247198045254,0.004128898493945599,0.27085885405540466,0.09693609178066254,0.017532870173454285,0.042113564908504486,0.006841083522886038,0.028608141466975212,0.05168622359633446,0.007051417604088783,0.007043412420898676,0.03618931025266647,0.028378397226333618,0.07405345886945724,0.014063723385334015,0.00928647629916668,0.046065978705883026,0.06426233798265457,0.019121211022138596,0.0042356522753834724,0.04482477903366089,,,,,,,,,,,,,,,
unknown,く,128,129,182.52058,182.68019,0.9995117,,0.03630635887384415,0.03410913422703743,0.060850292444229126,0.13332636654376984,0.017597755417227745,0.06180700659751892,0.008721360005438328,0.02746180258691311,0.023087361827492714,0.01604374498128891,0.036803603172302246,0.040769994258880615,0.08418648689985275,0.09796791523694992,0.04744097962975502,0.04281244054436684,0.1143985390663147,0.11342713981866837,0.05416496470570564,0.04423404484987259,0.014567730017006397,0.01748834364116192,0.01902702823281288,0.042853452265262604,0.008074402809143066,0.01547879446297884,0.34360140562057495,0.04841911792755127,0.015171833336353302,0.18834248185157776,0.003918878734111786,0.011241123080253601,0.01092194952070713,0.004000936634838581,0.19216935336589813,0.08598147332668304,0.017345134168863297,0.034039247781038284,0.007748691365122795,0.048634737730026245,0.03680732473731041,0.004855955485254526,0.0097889956086874,0.02785458229482174,0.05973101034760475,0.07625562697649002,0.02974020130932331,0.014147430658340454,0.026656944304704666,0.03091682307422161,0.016729047521948814,0.005651990883052349,0.05067060515284538,,,,,,,,,,,,,,,
unknown,な,130,131,182.68019,182.83981,0.9995117,,0.04836858808994293,0.04698789492249489,0.08168615400791168,0.14739833772182465,0.0091351717710495,0.043462470173835754,0.006138894706964493,0.0393545962870121,0.01986813358962536,0.022336848080158234,0.046714842319488525,0.03833538293838501,0.08210159838199615,0.10019271075725555,0.03612881898880005,0.06019146367907524,0.12243806570768356,0.070455402135849,0.04661624878644943,0.030797751620411873,0.010368799790740013,0.011615309864282608,0.013997349888086319,0.05347053334116936,0.006744977552443743,0.01156366802752018,0.3567146062850952,0.06385775655508041,0.01346003357321024,0.2156098335981369,0.002539008157327771,0.01509159617125988,0.008323661983013153,0.002922679064795375,0.20989125967025757,0.12494946271181107,0.0211745984852314,0.062675841152668,0.005729024764150381,0.043770499527454376,0.03750702366232872,0.006096435710787773,0.010851356200873852,0.024822944775223732,0.04787124693393707,0.0948050320148468,0.02812344767153263,0.010971945710480213,0.023510996252298355,0.04197198152542114,0.012633428908884525,0.006047044415026903,0.0486534908413887,,,,,,,,,,,,,,,
unknown,い,132,133,182.83981,183.33981,0.9995117,,0.06382843106985092,0.04937883839011192,0.11820266395807266,0.18797710537910461,0.008163397200405598,0.04858008772134781,0.006926263682544231,0.04959062486886978,0.03439123556017876,0.01756427064538002,0.03522123023867607,0.03808183595538139,0.08583278208971024,0.11531280726194382,0.04307934641838074,0.0431436263024807,0.0732819065451622,0.05842959135770798,0.05593813583254814,0.04973646253347397,0.020734138786792755,0.012760813347995281,0.021686432883143425,0.043331049382686615,0.017845455557107925,0.01622786931693554,0.26551058888435364,0.07932032644748688,0.0179599616676569,0.1501595675945282,0.0032745946664363146,0.012771246954798698,0.012429384514689445,0.004542575217783451,0.1984720081090927,0.09162768721580505,0.019160442054271698,0.0390976220369339,0.0065702833235263824,0.045851320028305054,0.05863909795880318,0.00574450334534049,0.015160510316491127,0.021663183346390724,0.07651602476835251,0.08453609049320221,0.052213624119758606,0.021786175668239594,0.033103253692388535,0.057393331080675125,0.01672808639705181,0.005097033455967903,0.04036056622862816,,,,,,,,,,,,,,,
unknown,打,134,135,187.58849,187.74811,0.828125,,0.04448306933045387,0.042355600744485855,0.0574522465467453,0.1085108146071434,0.01743699423968792,0.04649863764643669,0.020351078361272812,0.048922982066869736,0.03541739284992218,0.0072441380470991135,0.031310275197029114,0.05357041954994202,0.07780396938323975,0.11101731657981873,0.039028286933898926,0.035741135478019714,0.038405682891607285,0.14652234315872192,0.060957882553339005,0.04680440202355385,0.017038945108652115,0.034587860107421875,0.023656604811549187,0.053386785089969635,0.017825795337557793,0.04480940103530884,0.39746928215026855,0.06672286242246628,0.007640394847840071,0.2472183108329773,0.012158568017184734,0.018779125064611435,0.023764874786138535,0.01188171561807394,0.1916254162788391,0.09190410375595093,0.02330802194774151,0.02635878510773182,0.013979551382362843,0.05247160419821739,0.06355232745409012,0.009427039884030819,0.01289887074381113,0.03937474265694618,0.049453817307949066,0.07045529782772064,0.023597434163093567,0.026153622195124626,0.05743654444813728,0.059998754411935806,0.04284351319074631,0.004801115021109581,0.06369379162788391,,,,,,,,,,,,,,,
unknown,っ,136,137,187.74811,187.82791,0.67089844,,0.03486580029129982,0.03142056614160538,0.04299904778599739,0.12300769984722137,0.013462113216519356,0.044307589530944824,0.02068943902850151,0.03425469622015953,0.04550933092832565,0.009039262309670448,0.03254587575793266,0.0502130426466465,0.08709443360567093,0.09755117446184158,0.030960457399487495,0.03172438219189644,0.05795401334762573,0.13660839200019836,0.043592698872089386,0.035066667944192886,0.012569943442940712,0.028178980574011803,0.025721993297338486,0.04441040754318237,0.017543358728289604,0.03305719047784805,0.38608318567276,0.05208558961749077,0.008122852072119713,0.24403850734233856,0.01116724219173193,0.01518750935792923,0.018549246713519096,0.008212152868509293,0.2290879637002945,0.07956048101186752,0.01744244061410427,0.01753358729183674,0.01038233283907175,0.03719743713736534,0.060892488807439804,0.009963692165911198,0.012589612975716591,0.022802097722887993,0.0536886602640152,0.06688348203897476,0.031721919775009155,0.01948443241417408,0.05175274610519409,0.07227369397878647,0.03483929857611656,0.0039775981567800045,0.04977289214730263,,,,,,,,,,,,,,,
unknown,た,138,139,187.82791,188.32791,0.9394531,,0.021301139146089554,0.026178374886512756,0.04337533563375473,0.20990513265132904,0.010316519066691399,0.06984519213438034,0.014886386692523956,0.01842234656214714,0.05174675211310387,0.027038205415010452,0.04012599587440491,0.04879739508032799,0.10042518377304077,0.08510646224021912,0.03221080079674721,0.035532452166080475,0.06825464963912964,0.07483863085508347,0.053109895437955856,0.040327053517103195,0.013195937499403954,0.02059674635529518,0.023998070508241653,0.03738326579332352,0.0206742063164711,0.012709795497357845,0.2702513635158539,0.04878628998994827,0.00648852763697505,0.20158466696739197,0.00641739834100008,0.007263959385454655,0.012322399765253067,0.004818324465304613,0.21191804111003876,0.07326821982860565,0.01941559463739395,0.03235412761569023,0.007124654948711395,0.029186787083745003,0.04988803341984749,0.007187545299530029,0.02030424401164055,0.016583086922764778,0.06037510186433792,0.07053662091493607,0.0766790360212326,0.016793977469205856,0.040228333324193954,0.04859592765569687,0.012124250642955303,0.00797454547137022,0.03268539905548096,,,,,,,,,,,,,,,
unknown,カ,140,141,194.44,194.56,0.99902344,,0.014623241499066353,0.022304149344563484,0.025619879364967346,0.12211277335882187,0.029358146712183952,0.12570820748806,0.026986971497535706,0.01255514845252037,0.05778127163648605,0.03854227066040039,0.04057062044739723,0.05000637099146843,0.08165894448757172,0.07725692540407181,0.049484655261039734,0.03129807859659195,0.1156020313501358,0.09180797636508942,0.08154396712779999,0.06502367556095123,0.028507806360721588,0.04169826954603195,0.02781548723578453,0.029109187424182892,0.02459276281297207,0.014962665736675262,0.20166520774364471,0.038301609456539154,0.0079845255240798,0.16485029458999634,0.012420380488038063,0.006507282145321369,0.020996008068323135,0.00859525240957737,0.17004887759685516,0.04514410346746445,0.02026493288576603,0.03104342520236969,0.013918662443757057,0.024820810183882713,0.058013856410980225,0.007126297801733017,0.02385754883289337,0.02822168543934822,0.048787713050842285,0.058395855128765106,0.09930332750082016,0.02664237841963768,0.04925968870520592,0.03370775282382965,0.0131782665848732,0.01114405132830143,0.027734356001019478,,,,,,,,,,,,,,,
unknown,ッ,142,143,194.56,194.68,1.0,,0.015973974019289017,0.02181045524775982,0.020311804488301277,0.1272100806236267,0.04004383459687233,0.15415550768375397,0.03508759289979935,0.012643174268305302,0.05245457962155342,0.03873471915721893,0.031864721328020096,0.04653681069612503,0.0808667540550232,0.058196719735860825,0.05079524591565132,0.02424926869571209,0.07691487669944763,0.10757482796907425,0.09104885160923004,0.06663914024829865,0.025325970724225044,0.05545107647776604,0.027360187843441963,0.02358774095773697,0.021650217473506927,0.01913512498140335,0.2360215038061142,0.028789004310965538,0.007398823741823435,0.19224926829338074,0.015878990292549133,0.007070374675095081,0.016698552295565605,0.009421848691999912,0.149770587682724,0.04783767834305763,0.018105216324329376,0.022628948092460632,0.016707349568605423,0.02360432967543602,0.04861317574977875,0.007259299512952566,0.014777378179132938,0.036348093301057816,0.059670206159353256,0.04540371149778366,0.04611525312066078,0.021975526586174965,0.05791901797056198,0.03321404382586479,0.017895469442009926,0.011569234542548656,0.028045624494552612,,,,,,,,,,,,,,,
unknown,プ,144,145,194.68,194.84,0.99902344,,0.010344835929572582,0.014466906897723675,0.013940180651843548,0.08910240978002548,0.055035632103681564,0.20408634841442108,0.041266363114118576,0.009184783324599266,0.05790967866778374,0.04817357659339905,0.032582879066467285,0.04496471956372261,0.10142985731363297,0.056427113711833954,0.05509387329220772,0.017257362604141235,0.06860382854938507,0.08858378976583481,0.11775223165750504,0.08569417148828506,0.02931571751832962,0.06877439469099045,0.030973464250564575,0.013519445434212685,0.021596970036625862,0.01843305304646492,0.1561863273382187,0.021821709349751472,0.006921003572642803,0.12833735346794128,0.018574846908450127,0.004576937295496464,0.0188337042927742,0.010709650814533234,0.13294628262519836,0.026749391108751297,0.012318618595600128,0.018857039511203766,0.019255125895142555,0.015499811619520187,0.05013066157698631,0.005441470071673393,0.01058289222419262,0.043239910155534744,0.05006858706474304,0.029019756242632866,0.03190230205655098,0.024082886055111885,0.07198982685804367,0.02429904043674469,0.0174968671053648,0.012101845815777779,0.01812124252319336,,,,,,,,,,,,,,,
unknown,ル,146,147,194.84,195.34,0.99853516,,0.023783667013049126,0.03673499822616577,0.025968529284000397,0.13558202981948853,0.050498928874731064,0.13526855409145355,0.02421371079981327,0.017559446394443512,0.0407898835837841,0.036220770329236984,0.040852222591638565,0.04191664606332779,0.09728769212961197,0.10010019689798355,0.08024471253156662,0.025873476639389992,0.12617214024066925,0.08449672907590866,0.09299805015325546,0.09331926703453064,0.0359874963760376,0.05147150158882141,0.028846561908721924,0.02805330604314804,0.014023891650140285,0.037037793546915054,0.17747505009174347,0.0470380038022995,0.012560460716485977,0.11171535402536392,0.012708861380815506,0.006455420982092619,0.014675140380859375,0.011660645715892315,0.1589743196964264,0.04618515819311142,0.03247089311480522,0.04964005947113037,0.025787392631173134,0.01920614391565323,0.04692818969488144,0.005165623035281897,0.031179828569293022,0.058080755174160004,0.0682293251156807,0.040086086839437485,0.0851476714015007,0.02204340137541294,0.04379751905798912,0.019014092162251472,0.0330653116106987,0.011676095426082611,0.021663634106516838,,,,,,,,,,,,,,,
unknown,猫,148,149,199.8,200.3,0.9926758,,0.015649909153580666,0.01749771647155285,0.010770967230200768,0.08016914874315262,0.055968962609767914,0.16140645742416382,0.06454870104789734,0.010895703919231892,0.03128790855407715,0.02896174229681492,0.025599030777812004,0.037585411220788956,0.09192664176225662,0.08368703722953796,0.06675252318382263,0.01323581114411354,0.06403098255395889,0.0840514749288559,0.115676149725914,0.09957484155893326,0.030879240483045578,0.11484697461128235,0.035811297595500946,0.008728766813874245,0.010115193203091621,0.07328368723392487,0.14250482618808746,0.01673087850213051,0.0075422050431370735,0.09286046028137207,0.03401263430714607,0.005167044699192047,0.016890885308384895,0.016402358189225197,0.14406321942806244,0.020614052191376686,0.013679361902177334,0.01911931298673153,0.03727170079946518,0.011734799481928349,0.04996442422270775,0.005330821964889765,0.004751803353428841,0.09806767851114273,0.05848102644085884,0.020329872146248817,0.009894639253616333,0.018750440329313278,0.059121232479810715,0.012929136864840984,0.07329261302947998,0.011027351021766663,0.012385631911456585,,,,,,,,,,,,,,,
unknown,美,150,151,205.97298,206.09274,0.8491211,,0.034938961267471313,0.03925759345293045,0.03290695697069168,0.09281961619853973,0.02004653960466385,0.08891504257917404,0.045512422919273376,0.026818420737981796,0.023243295028805733,0.03916564956307411,0.05398297309875488,0.06093817204236984,0.09947529435157776,0.09645456820726395,0.04030545800924301,0.03804618865251541,0.08752744644880295,0.09720070660114288,0.06078844889998436,0.04291122779250145,0.012920254841446877,0.0562419630587101,0.023425210267305374,0.019633568823337555,0.0066473521292209625,0.031264595687389374,0.2916289269924164,0.0347602479159832,0.00843217596411705,0.21050073206424713,0.018368151038885117,0.016106389462947845,0.010938611812889576,0.0076029677875339985,0.19944025576114655,0.061620522290468216,0.017579030245542526,0.030757062137126923,0.013509592972695827,0.029027506709098816,0.03931272774934769,0.01008125115185976,0.003943304065614939,0.06115347892045975,0.05362864211201668,0.052933137863874435,0.007024914957582951,0.011620844714343548,0.03416622057557106,0.025234190747141838,0.0383625365793705,0.011360793374478817,0.02714703418314457,,,,,,,,,,,,,,,
unknown,味,152,153,206.09274,206.25244,0.88916016,,0.030706025660037994,0.035106509923934937,0.033017367124557495,0.10982518643140793,0.022062798961997032,0.1064508706331253,0.03951912000775337,0.01874798722565174,0.028309492394328117,0.0316484272480011,0.0391450934112072,0.04274081438779831,0.08546122163534164,0.09112478792667389,0.04566309228539467,0.028547968715429306,0.14041443169116974,0.08772248029708862,0.07030210644006729,0.055986735969781876,0.01713085174560547,0.04924725368618965,0.02388857677578926,0.015170050784945488,0.007504232227802277,0.030887078493833542,0.3050808608531952,0.02668607234954834,0.012809115462005138,0.20363499224185944,0.015393377281725407,0.01108577474951744,0.012171484529972076,0.007321743760257959,0.21677078306674957,0.05556411296129227,0.017273172736167908,0.03807159513235092,0.011970476247370243,0.023411016911268234,0.039389532059431076,0.007095193024724722,0.004452208057045937,0.056679051369428635,0.06356208026409149,0.04585174843668938,0.010174894705414772,0.012814573012292385,0.03587291017174721,0.023000255227088928,0.03814447298645973,0.007208225317299366,0.019544392824172974,,,,,,,,,,,,,,,
unknown,し,154,155,206.25244,206.37221,1.0,,0.049150191247463226,0.05537594482302666,0.05051499605178833,0.11380967497825623,0.017339251935482025,0.06028743460774422,0.033406227827072144,0.03251505643129349,0.02399376593530178,0.021094931289553642,0.05424079671502113,0.04351148009300232,0.08066552132368088,0.10585550218820572,0.04837203770875931,0.043891873210668564,0.09463980793952942,0.07744665443897247,0.04976676404476166,0.050481561571359634,0.017420195043087006,0.04366539418697357,0.021462226286530495,0.024999989196658134,0.006606516893953085,0.04703463986515999,0.2911422848701477,0.041889384388923645,0.010365487076342106,0.18171469867229462,0.016959626227617264,0.01883631944656372,0.011313331313431263,0.010456266812980175,0.2032490372657776,0.07719787210226059,0.027491256594657898,0.036274950951337814,0.0137128671631217,0.031823817640542984,0.042155671864748,0.010516133159399033,0.006275228224694729,0.06108386814594269,0.06434508413076401,0.06465518474578857,0.011168728582561016,0.013120779767632484,0.033418767154216766,0.026563961058855057,0.06047348305583,0.005480825435370207,0.027924872934818268,,,,,,,,,,,,,,,
unknown,い,156,157,206.37221,206.87221,0.9946289,,0.032325658947229385,0.03668573498725891,0.05564483627676964,0.12783145904541016,0.01919659413397312,0.10532978922128677,0.019775910302996635,0.019064901396632195,0.02524057775735855,0.038774676620960236,0.040140245109796524,0.05629105493426323,0.06581700593233109,0.08591309189796448,0.05191836133599281,0.04539845883846283,0.13473568856716156,0.07737251371145248,0.04576806351542473,0.0636880174279213,0.022959019988775253,0.02246047742664814,0.018296334892511368,0.022839298471808434,0.007314785849303007,0.00622912123799324,0.38195496797561646,0.03747209534049034,0.009149965830147266,0.2737478017807007,0.00824393518269062,0.00926657859236002,0.0070896814577281475,0.0051357680931687355,0.2746342122554779,0.08710940182209015,0.017237752676010132,0.04177983105182648,0.004020253662019968,0.030064769089221954,0.04145253077149391,0.004460107069462538,0.006085183005779982,0.014339301735162735,0.04901738092303276,0.08216685801744461,0.019532926380634308,0.010095920413732529,0.02730070799589157,0.0330645777285099,0.0063666109926998615,0.006176686380058527,0.023677201941609383,,,,,,,,,,,,,,,
unknown,田,158,159,211.7619,211.9216,0.9790039,,0.04065188392996788,0.04956752434372902,0.07379508018493652,0.1250409185886383,0.013432606123387814,0.07883863896131516,0.0190105177462101,0.029143808409571648,0.021230176091194153,0.03068501502275467,0.0496080182492733,0.05817868560552597,0.07899138331413269,0.11846856772899628,0.04124912992119789,0.051519542932510376,0.12748153507709503,0.0730428695678711,0.03980313986539841,0.04576600715517998,0.014881663955748081,0.02195701189339161,0.017687620595097542,0.028148628771305084,0.005630449391901493,0.007566152140498161,0.3855157494544983,0.05356945842504501,0.009324432350695133,0.2622573971748352,0.007683879230171442,0.010616809129714966,0.00545915961265564,0.004640545696020126,0.2640518844127655,0.1099112257361412,0.024241818115115166,0.07503944635391235,0.0050323461182415485,0.02977874130010605,0.048978015780448914,0.0049720583483576775,0.009148204699158669,0.019546715542674065,0.04573098570108414,0.08041085302829742,0.018566694110631943,0.008095490746200085,0.025532424449920654,0.036561574786901474,0.007174343802034855,0.007477995473891497,0.02458783984184265,,,,,,,,,,,,,,,
unknown,ん,160,161,211.9216,212.08128,0.9116211,,0.051745809614658356,0.06511012464761734,0.08611727505922318,0.11402586847543716,0.005965455435216427,0.04088389873504639,0.01192948967218399,0.035281792283058167,0.01391924824565649,0.030888499692082405,0.06007380783557892,0.0584295280277729,0.07956010103225708,0.13040059804916382,0.027821360155940056,0.06472622603178024,0.14411142468452454,0.06423088908195496,0.025346821174025536,0.023832734674215317,0.006500972900539637,0.012454595416784286,0.014799682423472404,0.03740391880273819,0.0027160209137946367,0.0052674007602036,0.4050629436969757,0.06853345036506653,0.0077379015274345875,0.2884857952594757,0.004699028562754393,0.010603547096252441,0.0028186228591948748,0.0023799752816557884,0.2874511480331421,0.14265388250350952,0.033513057976961136,0.08448196202516556,0.0034199035726487637,0.02619779109954834,0.04363519698381424,0.004549565725028515,0.012243548408150673,0.014333385042846203,0.028651585802435875,0.0915340855717659,0.019488070160150528,0.004304775968194008,0.01560380682349205,0.03613584116101265,0.0051758973859250546,0.005965168122202158,0.024758242070674896,,,,,,,,,,,,,,,
unknown,ぼ,162,163,212.08128,212.58128,0.98876953,,0.06845517456531525,0.09031159430742264,0.1205950453877449,0.12107523530721664,0.004176565445959568,0.030351199209690094,0.009318657219409943,0.049744538962841034,0.014162776060402393,0.03169455751776695,0.08730219304561615,0.048989683389663696,0.07466887682676315,0.15352796018123627,0.024601111188530922,0.08629506826400757,0.09977757185697556,0.0413271002471447,0.02680336683988571,0.020029475912451744,0.005035382695496082,0.010671613737940788,0.013939883559942245,0.04347836598753929,0.003154151840135455,0.0057994951494038105,0.3189799189567566,0.09760802239179611,0.007483396213501692,0.21850945055484772,0.003859512507915497,0.012347010895609856,0.0024304084945470095,0.00215486204251647,0.24608467519283295,0.17733262479305267,0.053856704384088516,0.15307560563087463,0.004193810746073723,0.025074191391468048,0.054271258413791656,0.0057656429708004,0.026076866313815117,0.020183369517326355,0.025520486757159233,0.10012239962816238,0.02722366340458393,0.004630206618458033,0.015555883757770061,0.04140535369515419,0.0053610485047101974,0.007416031323373318,0.024350624531507492,,,,,,,,,,,,,,,
unknown,探,164,165,218.06984,218.46907,0.95947266,,0.06241096928715706,0.06111299246549606,0.0941857397556305,0.1220489963889122,0.007106496021151543,0.045839015394449234,0.010648385621607304,0.04041183739900589,0.013249794952571392,0.03284669294953346,0.08019019663333893,0.0643639788031578,0.051413629204034805,0.10117369145154953,0.029613733291625977,0.09829536825418472,0.055059682577848434,0.06722328066825867,0.0314338393509388,0.02369157038629055,0.007374999579042196,0.013212260790169239,0.009977243840694427,0.029543977230787277,0.0044580623507499695,0.006577374413609505,0.3842286169528961,0.05427614226937294,0.005219196435064077,0.25932884216308594,0.004415157716721296,0.01903180032968521,0.0031706325244158506,0.002760034054517746,0.24508683383464813,0.15198053419589996,0.028813626617193222,0.10705794394016266,0.0048636021092534065,0.0530688501894474,0.04447992518544197,0.00916405487805605,0.00693163787946105,0.018718982115387917,0.030908824875950813,0.13740965723991394,0.009433435276150703,0.005568025168031454,0.020067213103175163,0.049134016036987305,0.006534680258482695,0.0083698695525527,0.04693267121911049,,,,,,,,,,,,,,,
unknown,す,166,167,218.46907,218.96907,0.99316406,,0.04642932489514351,0.048926129937171936,0.09379198402166367,0.15284714102745056,0.009386256337165833,0.06371094286441803,0.014020148664712906,0.03751397877931595,0.016332147642970085,0.04847950115799904,0.08941908180713654,0.06278353929519653,0.060984451323747635,0.0903121754527092,0.033727362751960754,0.09082651138305664,0.040202196687459946,0.05287642776966095,0.037945736199617386,0.029646074399352074,0.01033830363303423,0.020251784473657608,0.009269490838050842,0.026369517669081688,0.0061493837274611,0.007424505427479744,0.3031918406486511,0.051102764904499054,0.004386839456856251,0.22317199409008026,0.006328083574771881,0.01704542338848114,0.0038503711111843586,0.004599149338901043,0.21322090923786163,0.13608382642269135,0.022885791957378387,0.08006884902715683,0.006760283373296261,0.04881424456834793,0.04325171932578087,0.008843021467328072,0.005233022850006819,0.026686863973736763,0.05205245688557625,0.11654134094715118,0.007141211070120335,0.007101425435394049,0.025957871228456497,0.041430991142988205,0.006879948079586029,0.012213146314024925,0.03863899037241936,,,,,,,,,,,,,,,
unknown,お,168,169,224.23474,224.3945,0.67871094,,0.0546138770878315,0.053271278738975525,0.0944388136267662,0.15973956882953644,0.009031234309077263,0.06441492587327957,0.01272541843354702,0.03936715051531792,0.019507944583892822,0.04972649738192558,0.09330321848392487,0.06964472681283951,0.07008976489305496,0.10351375490427017,0.03614777326583862,0.07307267934083939,0.041470952332019806,0.053973812609910965,0.03353079408407211,0.032043132930994034,0.009730637073516846,0.0160694383084774,0.01205109991133213,0.021670682355761528,0.006427815183997154,0.0075815171003341675,0.2942151427268982,0.054469723254442215,0.006018392741680145,0.20338113605976105,0.005578479263931513,0.016191842034459114,0.003664586693048477,0.003680444322526455,0.2630942463874817,0.12159599363803864,0.02257417142391205,0.0676247775554657,0.004995379596948624,0.03949552774429321,0.04864124581217766,0.006996190641075373,0.006855435203760862,0.018841637298464775,0.05549335479736328,0.09584899991750717,0.009332886897027493,0.006932169198989868,0.024003520607948303,0.04388232156634331,0.007851198315620422,0.010361861437559128,0.030528273433446884,,,,,,,,,,,,,,,
unknown,金,170,171,224.3945,224.8945,0.9248047,,0.03515550121665001,0.04579552263021469,0.061963170766830444,0.1986374706029892,0.027734458446502686,0.09060995280742645,0.01456555537879467,0.02944774180650711,0.020344676449894905,0.03968659043312073,0.03996951878070831,0.03566302731633186,0.06539126485586166,0.07468925416469574,0.05891065299510956,0.046803444623947144,0.13950327038764954,0.04607844352722168,0.043310269713401794,0.05367347598075867,0.02891266718506813,0.02968374639749527,0.009068114683032036,0.036171771585941315,0.007824118249118328,0.00950346328318119,0.2877228856086731,0.05136527493596077,0.009997950866818428,0.2240142673254013,0.007650952320545912,0.010636135004460812,0.00661710137501359,0.01030009612441063,0.20812354981899261,0.10744559019804001,0.022814393043518066,0.09803901612758636,0.009087597019970417,0.030180267989635468,0.029333144426345825,0.004220282193273306,0.007760742679238319,0.03060164861381054,0.0978119745850563,0.07313276827335358,0.02165188081562519,0.011228211224079132,0.02858245000243187,0.027896633371710777,0.007646160200238228,0.009274190291762352,0.02607557736337185,,,,,,,,,,,,,,,
unknown,竿,172,173,229.58694,229.78665,0.96240234,,0.0551452711224556,0.06388109177350998,0.07700550556182861,0.2152727246284485,0.009284957312047482,0.036054499447345734,0.00850906316190958,0.0420098640024662,0.015364531427621841,0.02408432587981224,0.0436057522892952,0.04849503934383392,0.061452582478523254,0.07399647682905197,0.037009451538324356,0.06729258596897125,0.11521366238594055,0.057241786271333694,0.014641823247075081,0.021448226645588875,0.009184564463794231,0.00979305524379015,0.00885776523500681,0.055628035217523575,0.004501332063227892,0.003375614294782281,0.4104124903678894,0.0712815448641777,0.007671542931348085,0.35605019330978394,0.00505727156996727,0.011289292946457863,0.0026873189490288496,0.0042459601536393166,0.27020010352134705,0.16254973411560059,0.026742415502667427,0.08209425956010818,0.0025451930705457926,0.05519543215632439,0.024808524176478386,0.0041294158436357975,0.008649451658129692,0.007273206487298012,0.061374738812446594,0.11726360023021698,0.0222526453435421,0.005087725352495909,0.015184581279754639,0.04380274936556816,0.0033084119204431772,0.003693690989166498,0.04772380739450455,,,,,,,,,,,,,,,
unknown,を,174,175,229.78665,230.28665,0.5341797,,0.045214299112558365,0.05214819684624672,0.0648963451385498,0.21003974974155426,0.009744248352944851,0.0499143972992897,0.011811884120106697,0.03312552347779274,0.019813351333141327,0.036757610738277435,0.04507586732506752,0.04606844112277031,0.07269096374511719,0.09911934286355972,0.03943508118391037,0.07311847060918808,0.10781504213809967,0.05346766486763954,0.031200066208839417,0.029219137504696846,0.0112987719476223,0.015263091772794724,0.01286706980317831,0.03865625336766243,0.007327306549996138,0.005777382757514715,0.35472652316093445,0.05703824386000633,0.007776031270623207,0.28073832392692566,0.005588044412434101,0.011258525773882866,0.005289323162287474,0.004405560903251171,0.2232830971479416,0.14133423566818237,0.025205984711647034,0.14557534456253052,0.00469551607966423,0.05626031011343002,0.034794148057699203,0.00547900190576911,0.006838748697191477,0.01999303139746189,0.06414393335580826,0.11010299623012543,0.014543729834258556,0.008997121825814247,0.019761940464377403,0.036533743143081665,0.005307292100042105,0.007144843228161335,0.043934449553489685,,,,,,,,,,,,,,,
unknown,た,176,177,235.43358,235.59335,0.8510742,,0.029350515455007553,0.026460770517587662,0.04545697942376137,0.20716597139835358,0.024540765210986137,0.11116870492696762,0.0151299349963665,0.020832180976867676,0.02277306839823723,0.03772052377462387,0.027907753363251686,0.046742506325244904,0.08067454397678375,0.07419154793024063,0.06638379395008087,0.03724188730120659,0.10833178460597992,0.06541325896978378,0.0328163243830204,0.05970444530248642,0.025034017860889435,0.019112806767225266,0.016545061022043228,0.021091826260089874,0.008149738423526287,0.0035270981024950743,0.3241066634654999,0.03480628505349159,0.010632225312292576,0.24381127953529358,0.007567533757537603,0.006473565008491278,0.005033739842474461,0.0056773219257593155,0.22575125098228455,0.0777946263551712,0.007918497547507286,0.037686318159103394,0.0029891757294535637,0.04440203309059143,0.0309076476842165,0.0029625948518514633,0.0023289648815989494,0.00961952656507492,0.10398685932159424,0.0722622349858284,0.009886305779218674,0.009595196694135666,0.02396981418132782,0.03019486740231514,0.003354791784659028,0.005137233063578606,0.03144650161266327,,,,,,,,,,,,,,,
unknown,正,178,179,235.59335,235.83304,0.6586914,,0.02728966809809208,0.02634366974234581,0.038713280111551285,0.22605520486831665,0.024778857827186584,0.07918146997690201,0.014174501411616802,0.01942332834005356,0.021194806322455406,0.02613544836640358,0.02743317186832428,0.05893775820732117,0.06444534659385681,0.05328379571437836,0.058551348745822906,0.045245397835969925,0.10387405008077621,0.10522419959306717,0.017045937478542328,0.03706902265548706,0.017599955201148987,0.0174773670732975,0.011209380812942982,0.03338034451007843,0.0069990381598472595,0.0031679936219006777,0.4055643379688263,0.034243423491716385,0.006686765234917402,0.3189791738986969,0.008601950481534004,0.008394726552069187,0.004004992078989744,0.00631882157176733,0.20795153081417084,0.09913230687379837,0.009381745010614395,0.034051649272441864,0.003113752231001854,0.07098621875047684,0.025486409664154053,0.0038599916733801365,0.0025233151391148567,0.006222293246537447,0.09930449724197388,0.09750967472791672,0.010246478952467442,0.006989502813667059,0.01881495490670204,0.032524436712265015,0.003077508183196187,0.0034365898463875055,0.06029210984706879,,,,,,,,,,,,,,,
unknown,し,180,181,235.83304,236.33304,0.9995117,,0.032695475965738297,0.03844454512000084,0.053061142563819885,0.2264298051595688,0.01258876547217369,0.05245974287390709,0.014108541421592236,0.021167049184441566,0.024203186854720116,0.029946858063340187,0.031192747876048088,0.05178501456975937,0.06923329830169678,0.048654988408088684,0.037728484719991684,0.062544085085392,0.12550140917301178,0.08181901276111603,0.012245492078363895,0.02100897766649723,0.009987160563468933,0.014764276333153248,0.009321790188550949,0.04800193011760712,0.0067657530307769775,0.0030069679487496614,0.42943838238716125,0.04098181426525116,0.00560753233730793,0.36629706621170044,0.0071033514104783535,0.011651312932372093,0.003700053784996271,0.0042889658361673355,0.20205238461494446,0.14951249957084656,0.016081273555755615,0.0432579480111599,0.0032044437248259783,0.07730839401483536,0.02254454791545868,0.005060149822384119,0.004008792340755463,0.0061731357127428055,0.07141384482383728,0.12074737250804901,0.013853196054697037,0.005782540421932936,0.013284062035381794,0.035424284636974335,0.0028933887369930744,0.003970181103795767,0.05978848412632942,,,,,,,,,,,,,,,
unknown,美,182,183,242.14452,242.26436,0.63427734,,0.04411943629384041,0.04314957186579704,0.08102896809577942,0.2632351815700531,0.006423467304557562,0.04181485250592232,0.009189657866954803,0.02988586202263832,0.023062368854880333,0.0372033528983593,0.03909403830766678,0.06055033951997757,0.08074157685041428,0.06579712778329849,0.03791171312332153,0.0667409598827362,0.08905870467424393,0.0604313388466835,0.011664812453091145,0.021938716992735863,0.008341805078089237,0.008724062703549862,0.010692531242966652,0.03712756931781769,0.006162494421005249,0.0022518939804285765,0.40657666325569153,0.055744774639606476,0.006091748829931021,0.3079797327518463,0.004858963657170534,0.010102573782205582,0.002684924518689513,0.003252871334552765,0.23182019591331482,0.14151912927627563,0.013249203562736511,0.05010765418410301,0.0017761237686499953,0.07383060455322266,0.02563578262925148,0.0036120801232755184,0.003059603739529848,0.0046345810405910015,0.08935781568288803,0.11766600608825684,0.008856170810759068,0.005299463868141174,0.012250413186848164,0.03668039292097092,0.002410197164863348,0.003304618876427412,0.04909544810652733,,,,,,,,,,,,,,,
unknown,味,184,185,242.26436,242.46408,0.5307617,,0.044460199773311615,0.05513730272650719,0.08171536028385162,0.27864035964012146,0.003837325843051076,0.020756004378199577,0.007431626785546541,0.029854441061615944,0.02269075997173786,0.02704952470958233,0.03819387033581734,0.06088867783546448,0.06263645738363266,0.06679178029298782,0.027208460494875908,0.07423042505979538,0.16313056647777557,0.07628943026065826,0.006031241733580828,0.010500484146177769,0.0052215768955647945,0.006659757345914841,0.007712142076343298,0.0520310252904892,0.006423525046557188,0.0023788316175341606,0.445647656917572,0.06527769565582275,0.006160424556583166,0.33941978216171265,0.0038885280955582857,0.0122192008420825,0.003875488182529807,0.0026544402353465557,0.25267598032951355,0.17423948645591736,0.021482503041625023,0.08908912539482117,0.001637097797356546,0.09681383520364761,0.02510249614715576,0.0032427858095616102,0.004799474496394396,0.004374489653855562,0.06111053004860878,0.12930215895175934,0.01272711530327797,0.00545870466157794,0.0071217771619558334,0.03325507417321205,0.0025659583043307066,0.0023718015290796757,0.05849496275186539,,,,,,,,,,,,,,,
unknown,し,186,187,242.46408,242.58392,0.9995117,,0.06403038650751114,0.09018261730670929,0.1174863949418068,0.26530903577804565,0.0029165036976337433,0.012969301082193851,0.005626465659588575,0.04600530117750168,0.01851283572614193,0.017287477850914,0.03476044163107872,0.051062870770692825,0.05291005223989487,0.0642421543598175,0.02292865328490734,0.07810315489768982,0.179876908659935,0.06239866465330124,0.004059827420860529,0.007875796407461166,0.0046660020016133785,0.005459939129650593,0.005735138431191444,0.08495785295963287,0.005373083520680666,0.0024002594873309135,0.4370715618133545,0.10040204226970673,0.006080436520278454,0.3563058078289032,0.0033792646136134863,0.014933062717318535,0.0030152674298733473,0.0028584888204932213,0.25020790100097656,0.2199500948190689,0.03869578242301941,0.10239046812057495,0.0016042013885453343,0.09209075570106506,0.024921733886003494,0.003146232571452856,0.010238021612167358,0.0037214828189462423,0.048301246017217636,0.13963933289051056,0.02520175464451313,0.004585206974297762,0.006124027539044619,0.040208473801612854,0.002392150228843093,0.0018109966767951846,0.0581916905939579,,,,,,,,,,,,,,,
unknown,い,188,189,242.58392,243.08392,0.99316406,,0.0757155790925026,0.10745721310377121,0.15004117786884308,0.26273268461227417,0.0018097800202667713,0.00943569652736187,0.0042078071273863316,0.05377315729856491,0.01571551337838173,0.01424039714038372,0.045187462121248245,0.06091854348778725,0.04102077707648277,0.06680449098348618,0.019940627738833427,0.10186973214149475,0.14921946823596954,0.07005605846643448,0.002565826987847686,0.00549247395247221,0.0030798192601650953,0.0036183716729283333,0.00452922098338604,0.1014411598443985,0.004341371823102236,0.0024186628870666027,0.45646315813064575,0.12206639349460602,0.0053803282789886,0.3461742401123047,0.0023195717949420214,0.01836068369448185,0.0023051565513014793,0.001840807730332017,0.263711541891098,0.24747280776500702,0.05094275623559952,0.08575796335935593,0.0012178777251392603,0.10340921580791473,0.02769637480378151,0.00405126204714179,0.014750423841178417,0.0022905957885086536,0.039857782423496246,0.17896033823490143,0.03276001662015915,0.0034385607577860355,0.0043637449853122234,0.04466267675161362,0.0025529102422297,0.0019388512009754777,0.06841208785772324,,,,,,,,,,,,,,,
unknown,い,190,191,247.65707,247.85681,0.71875,,0.08413920551538467,0.10697826743125916,0.18055884540081024,0.23320482671260834,0.0012975260615348816,0.0088337492197752,0.00417886720970273,0.05392387509346008,0.01479474175721407,0.013366877101361752,0.06355633586645126,0.07009532302618027,0.03279599919915199,0.08213499933481216,0.01910415105521679,0.12645457684993744,0.12764716148376465,0.08393967896699905,0.0023456434719264507,0.004954556003212929,0.002203896641731262,0.002986065112054348,0.004324178211390972,0.08494696021080017,0.0036133744288235903,0.0030455244705080986,0.48036661744117737,0.12013215571641922,0.005859253462404013,0.315177857875824,0.0018377609085291624,0.023911092430353165,0.0020741471089422703,0.0011295784497633576,0.29006990790367126,0.2446703016757965,0.047774359583854675,0.06257402151823044,0.0010350465308874846,0.10203074663877487,0.032345883548259735,0.005778228398412466,0.014446785673499107,0.00203704577870667,0.03398483246564865,0.21024829149246216,0.028960485011339188,0.0029045448172837496,0.003257252974435687,0.04263877123594284,0.0035585907753556967,0.002153780311346054,0.06671731173992157,,,,,,,,,,,,,,,
unknown,な,192,193,247.85681,247.97664,0.9165039,,0.11159876734018326,0.1372867077589035,0.23220908641815186,0.22389844059944153,0.0010720876744017005,0.007210611831396818,0.0035410504788160324,0.06442303955554962,0.014027141965925694,0.010401284322142601,0.06234888359904289,0.054384760558605194,0.02283472567796707,0.0684952586889267,0.01902303472161293,0.158023402094841,0.11695677042007446,0.06995117664337158,0.002228309167549014,0.004961991682648659,0.0025179616641253233,0.002561084693297744,0.0037692266050726175,0.09906725585460663,0.0038512391038239002,0.0032582050189375877,0.5001690983772278,0.126519113779068,0.006032851058989763,0.31382954120635986,0.0015717406058683991,0.03156273812055588,0.0020617377012968063,0.0010639845859259367,0.28364428877830505,0.2839392125606537,0.06310063600540161,0.046196889132261276,0.0009956368012353778,0.11218627542257309,0.031833335757255554,0.006788183469325304,0.01672191172838211,0.001760532963089645,0.031399309635162354,0.2653608024120331,0.03577522933483124,0.003068451536819339,0.003221316495910287,0.053702402859926224,0.003898780792951584,0.0020443520043045282,0.06909045577049255,,,,,,,,,,,,,,,
unknown,い,194,195,247.97664,248.47664,0.9589844,,0.06872101873159409,0.08581601083278656,0.13978654146194458,0.18553951382637024,0.0015418075490742922,0.013282508589327335,0.008952230215072632,0.03587794676423073,0.01754186488687992,0.016324469819664955,0.06837324798107147,0.07501094043254852,0.021510254591703415,0.08166816085577011,0.020186763256788254,0.15560893714427948,0.11152727156877518,0.13105811178684235,0.004212422762066126,0.006611559074372053,0.0028096612077206373,0.005305605474859476,0.005687272176146507,0.05942896008491516,0.00490974448621273,0.00576788978651166,0.5403240323066711,0.06970880925655365,0.0053617930971086025,0.35837551951408386,0.0030403805430978537,0.031004460528492928,0.0038188216276466846,0.0011961774434894323,0.27673444151878357,0.23407559096813202,0.049986597150564194,0.042488135397434235,0.0018736734054982662,0.1312422752380371,0.040382083505392075,0.010859496891498566,0.009657514281570911,0.0037624977994710207,0.031879570335149765,0.25427907705307007,0.017566611990332603,0.004295948892831802,0.0040927669033408165,0.04300568625330925,0.00674568023532629,0.003834756091237068,0.07706259936094284,,,,,,,,,,,,,,,
unknown,買,196,197,253.82388,254.02362,0.99560547,,0.06035727635025978,0.0623297281563282,0.0944351777434349,0.14805826544761658,0.0059075066819787025,0.0368802547454834,0.015338495373725891,0.030218079686164856,0.017862292006611824,0.017667924985289574,0.04591578617691994,0.0599423348903656,0.024916794151067734,0.059828996658325195,0.030914289876818657,0.13245491683483124,0.1064629778265953,0.12413574755191803,0.011819680221378803,0.014994521625339985,0.007312093395739794,0.012786462903022766,0.006762153934687376,0.04481443762779236,0.007769705727696419,0.007175706326961517,0.47773516178131104,0.038801636546850204,0.006898964289575815,0.3442029356956482,0.005311286076903343,0.037107665091753006,0.007528296206146479,0.0025589626748114824,0.20534037053585052,0.19386091828346252,0.030111271888017654,0.03480011969804764,0.004154801368713379,0.14974214136600494,0.04773176088929176,0.016899360343813896,0.0038046464323997498,0.008442621678113937,0.04215686023235321,0.2520640790462494,0.008078578859567642,0.00815134309232235,0.009746311232447624,0.054545339196920395,0.00808626413345337,0.005004485137760639,0.09610213339328766,,,,,,,,,,,,,,,
unknown,う,198,199,254.02362,254.52362,0.9609375,,0.06994275003671646,0.06904883682727814,0.1300281286239624,0.14995428919792175,0.00610972149297595,0.03568081185221672,0.007671421859413385,0.04227292910218239,0.017388416454195976,0.014039554633200169,0.04433717951178551,0.04729316383600235,0.02418087236583233,0.06579925864934921,0.03300468996167183,0.12178360670804977,0.12532520294189453,0.10685063153505325,0.013908004388213158,0.015968553721904755,0.007530587259680033,0.007791721727699041,0.00629804003983736,0.06141504645347595,0.007899479940533638,0.00544277299195528,0.47099563479423523,0.05686971917748451,0.012079696170985699,0.3387731909751892,0.0026783524081110954,0.03649500757455826,0.0070673273876309395,0.0019847482908517122,0.2175501137971878,0.2200537770986557,0.0306378360837698,0.03622720018029213,0.0029757048469036818,0.11936604976654053,0.05836203321814537,0.01348267775028944,0.008211248554289341,0.006956834811717272,0.04334884136915207,0.24185703694820404,0.01803678274154663,0.008479117415845394,0.01152418740093708,0.07762620598077774,0.006000497378408909,0.00338585302233696,0.0912739560008049,,,,,,,,,,,,,,,
unknown,精,200,201,259.41644,259.85587,0.9663086,,0.03525933995842934,0.03900112584233284,0.07496203482151031,0.15704920887947083,0.00907033123075962,0.0705689936876297,0.010513694025576115,0.024461161345243454,0.01795906573534012,0.02684447541832924,0.04015233740210533,0.04543468356132507,0.024051951244473457,0.053953588008880615,0.033425167202949524,0.10958238691091537,0.18410305678844452,0.09020140022039413,0.028846463188529015,0.021682720631361008,0.010954451747238636,0.012256170623004436,0.006385014392435551,0.04192439094185829,0.011289987713098526,0.0037323026917874813,0.4215276837348938,0.03526424616575241,0.009566948749125004,0.333187073469162,0.003036340232938528,0.026962975040078163,0.013065136037766933,0.0022773430682718754,0.1819811314344406,0.1734311729669571,0.01670495793223381,0.04843229427933693,0.0031600301153957844,0.08757548779249191,0.06057944521307945,0.013212627731263638,0.003156900405883789,0.010015856474637985,0.03716818615794182,0.22323846817016602,0.00907099712640047,0.01185886561870575,0.016816843301057816,0.06788016855716705,0.003903874894604087,0.005069733131676912,0.07260015606880188,,,,,,,,,,,,,,,
unknown,進,202,203,259.85587,260.35587,0.9609375,,0.039748214185237885,0.041057195514440536,0.09554620832204819,0.13697196543216705,0.007753533776849508,0.048081062734127045,0.013398273847997189,0.026035627350211143,0.019339077174663544,0.03116067871451378,0.06030799821019173,0.06249435991048813,0.027075741440057755,0.07312721759080887,0.04077257215976715,0.1513928771018982,0.08377228677272797,0.11372458934783936,0.017699463292956352,0.01950591616332531,0.009075353853404522,0.01284427847713232,0.007996397092938423,0.04552580043673515,0.008628886193037033,0.005180066917091608,0.42436492443084717,0.042191606014966965,0.007139869965612888,0.3040490746498108,0.004255111329257488,0.028754951432347298,0.007707775570452213,0.002506575081497431,0.16951188445091248,0.17816001176834106,0.02149033360183239,0.048961833119392395,0.004400230944156647,0.150064617395401,0.0416286326944828,0.014127740636467934,0.004061901941895485,0.011948659084737301,0.045949939638376236,0.23002447187900543,0.008279168047010899,0.00990372709929943,0.010163095779716969,0.03902037441730499,0.005086155608296394,0.009814297780394554,0.10083011537790298,,,,,,,,,,,,,,,
unknown,3,204,205,265.66202,266.06116,0.7661133,,0.06475795805454254,0.05900542810559273,0.10763251781463623,0.1467510163784027,0.003243235871195793,0.012645047158002853,0.004950805567204952,0.04892123490571976,0.009197801351547241,0.013326725922524929,0.05050817131996155,0.06332660466432571,0.021676385775208473,0.0715775117278099,0.028649572283029556,0.14426498115062714,0.11565542966127396,0.12435147911310196,0.005895047914236784,0.008150726556777954,0.003967406693845987,0.004283435642719269,0.005458769854158163,0.07786247134208679,0.003151415614411235,0.002646769629791379,0.5518453121185303,0.06562333554029465,0.006741989869624376,0.42793428897857666,0.0026565229054540396,0.033037081360816956,0.003146511735394597,0.0018251209985464811,0.258154034614563,0.23556673526763916,0.024789145216345787,0.04878197982907295,0.001420690561644733,0.13766634464263916,0.036486998200416565,0.008788013830780983,0.0044291880913078785,0.003990115597844124,0.03336568549275398,0.24464964866638184,0.0074553582817316055,0.004007154144346714,0.00633823499083519,0.06152965873479843,0.0032052788883447647,0.0019484934164211154,0.13143357634544373,,,,,,,,,,,,,,,
unknown,万,206,207,266.06116,266.56116,0.8305664,,0.03805297613143921,0.03850361332297325,0.08932419121265411,0.15512485802173615,0.009874064475297928,0.047248248010873795,0.0074510592967271805,0.032188959419727325,0.014106380753219128,0.026211844757199287,0.047151315957307816,0.02959381602704525,0.01772167533636093,0.03917039930820465,0.04503219574689865,0.17834371328353882,0.10222684592008591,0.05570261552929878,0.02449016645550728,0.024247558787465096,0.017800280824303627,0.00976080633699894,0.004835980944335461,0.0713273286819458,0.009301204234361649,0.003023755270987749,0.40996986627578735,0.037977054715156555,0.007462069857865572,0.3509683907032013,0.002685360610485077,0.028138671070337296,0.008899371139705181,0.0033208581153303385,0.141311377286911,0.22533640265464783,0.016196995973587036,0.03370964899659157,0.0031304145231842995,0.12299111485481262,0.04099064692854881,0.017086640000343323,0.0026010554283857346,0.009185200557112694,0.04535035416483879,0.3107573091983795,0.008269456215202808,0.011907038278877735,0.01846899278461933,0.07905004918575287,0.0031104148365557194,0.005589284002780914,0.1100374087691307,,,,,,,,,,,,,,,
unknown,海,208,209,271.7289,272.2289,0.8720703,,0.05188653990626335,0.05043000355362892,0.13715359568595886,0.12662559747695923,0.006658535450696945,0.04104328528046608,0.007150409277528524,0.053984493017196655,0.011629728600382805,0.015271445736289024,0.032212045043706894,0.0325036384165287,0.01871902495622635,0.05681684613227844,0.030895506963133812,0.09706202894449234,0.17512354254722595,0.05717308819293976,0.02806178666651249,0.02168351411819458,0.015952421352267265,0.00982933584600687,0.004991130903363228,0.051676999777555466,0.009633268229663372,0.003348036203533411,0.4262871742248535,0.053506627678871155,0.013466869480907917,0.3516073524951935,0.0027146670036017895,0.02268223464488983,0.011081616394221783,0.0037148490082472563,0.20001794397830963,0.1588621586561203,0.01361257117241621,0.0681166797876358,0.002443971112370491,0.09731680154800415,0.0529782772064209,0.008828004822134972,0.0024629393592476845,0.011520832777023315,0.034046269953250885,0.1996876448392868,0.008332561701536179,0.013166057877242565,0.019977781921625137,0.08803188055753708,0.00341746024787426,0.003106973832473159,0.06811527162790298,,,,,,,,,,,,,,,
unknown,海,210,211,278.77,279.27,0.94921875,,0.04023657739162445,0.03868210315704346,0.12598690390586853,0.11306209862232208,0.006712150759994984,0.05717723071575165,0.01217531505972147,0.04245736822485924,0.01740090735256672,0.01556280069053173,0.028260763734579086,0.024333158507943153,0.014521860517561436,0.04999981448054314,0.02825102023780346,0.08679629117250443,0.17523455619812012,0.0535101518034935,0.05828651413321495,0.027033349499106407,0.022380853071808815,0.01654762588441372,0.005427837371826172,0.038205549120903015,0.021028166636824608,0.005455703940242529,0.3834187686443329,0.038413114845752716,0.01684296876192093,0.32325243949890137,0.003458707593381405,0.025255396962165833,0.03120027482509613,0.004414835013449192,0.1514735072851181,0.13181139528751373,0.010651158168911934,0.06155519559979439,0.0035078779328614473,0.08854105323553085,0.06618166714906693,0.01396630983799696,0.0017791206482797861,0.024397846311330795,0.03606189414858818,0.18275918066501617,0.006743173114955425,0.02935163304209709,0.028135590255260468,0.08619679510593414,0.005793210584670305,0.004720526747405529,0.05763053521513939,,,,,,,,,,,,,,,
unknown,開,212,213,283.49,283.69,0.7104492,,0.05266900360584259,0.04844450578093529,0.1358882188796997,0.13575606048107147,0.007897047325968742,0.06637383997440338,0.01163517590612173,0.05644981563091278,0.02137639746069908,0.01748042367398739,0.03328162804245949,0.029870593920350075,0.028103241696953773,0.05995561555027962,0.033421944826841354,0.08554872870445251,0.1413714438676834,0.04753611609339714,0.05612122267484665,0.03915337845683098,0.023587582632899284,0.015048956498503685,0.008386700414121151,0.04086208716034889,0.01896895095705986,0.00488134054467082,0.3990871012210846,0.05155959725379944,0.015023143962025642,0.32890546321868896,0.004047860391438007,0.02505720965564251,0.018304530531167984,0.005152579862624407,0.19448502361774445,0.1295762062072754,0.011352600529789925,0.057435084134340286,0.0025459295138716698,0.07742905616760254,0.07093336433172226,0.013214041478931904,0.0025732899084687233,0.017529157921671867,0.04676740989089012,0.17717881500720978,0.010924512520432472,0.02208869904279709,0.04057089984416962,0.11791519075632095,0.005405174568295479,0.004080397076904774,0.05338684469461441,,,,,,,,,,,,,,,
unknown,け,214,215,283.69,283.93,0.9213867,,0.08242298662662506,0.068170465528965,0.19437584280967712,0.09779875725507736,0.0064565157517790794,0.05436541512608528,0.009840674698352814,0.09429430961608887,0.01755646802484989,0.017039550468325615,0.030289987102150917,0.018602553755044937,0.03199262171983719,0.053224846720695496,0.025092756375670433,0.10337477177381516,0.07883351296186447,0.02701619826257229,0.06242123246192932,0.025820767506957054,0.014859586022794247,0.01583479717373848,0.007262140978127718,0.05839458480477333,0.015636231750249863,0.004886310547590256,0.37822797894477844,0.0671154037117958,0.01694132573902607,0.30915120244026184,0.002840136643499136,0.035794951021671295,0.013707254081964493,0.0035753538832068443,0.14234067499637604,0.1780199408531189,0.014715595170855522,0.04651370272040367,0.003922280855476856,0.08053996413946152,0.05979163199663162,0.013371937908232212,0.002998224925249815,0.025644848123192787,0.03500031307339668,0.17998923361301422,0.00808838289231062,0.01981000043451786,0.03901141509413719,0.13748273253440857,0.004630133043974638,0.008283979259431362,0.05348630249500275,,,,,,,,,,,,,,,
unknown,る,216,217,283.93,284.43,0.9458008,,0.06891457736492157,0.07130394876003265,0.18935826420783997,0.12084095925092697,0.005163500551134348,0.04469718784093857,0.009848019108176231,0.08400918543338776,0.021313520148396492,0.017574558034539223,0.03503940999507904,0.018943561241030693,0.03190159425139427,0.05538983270525932,0.022726230323314667,0.11088912934064865,0.09935604780912399,0.02753230556845665,0.05393902212381363,0.021866776049137115,0.01303841732442379,0.014308114536106586,0.007355328183621168,0.06631612032651901,0.018950439989566803,0.004383410327136517,0.3834235668182373,0.07454287260770798,0.016036106273531914,0.3338509202003479,0.003105529583990574,0.02886999025940895,0.017051810398697853,0.0037684920243918896,0.1532084047794342,0.1858057677745819,0.018036680296063423,0.057316675782203674,0.003330652602016926,0.09181659668684006,0.05891884118318558,0.011827115900814533,0.004220800939947367,0.02538253925740719,0.03759479150176048,0.1905045062303543,0.012293185107409954,0.022527577355504036,0.036845047026872635,0.12788212299346924,0.004250959027558565,0.006649315822869539,0.053272295743227005,,,,,,,,,,,,,,,
unknown,水,218,219,289.89,290.39,0.86621094,,0.025812512263655663,0.030928483232855797,0.09644762426614761,0.128322571516037,0.009876513853669167,0.11620181053876877,0.02467511221766472,0.02929667755961418,0.06390010565519333,0.032623291015625,0.035661570727825165,0.024806959554553032,0.035266902297735214,0.05085555091500282,0.033316195011138916,0.08498598635196686,0.09678614139556885,0.037506069988012314,0.10260510444641113,0.04514571651816368,0.029706642031669617,0.031169986352324486,0.010832645930349827,0.030597303062677383,0.08222218602895737,0.005565186962485313,0.22862087190151215,0.042621925473213196,0.013159477151930332,0.1963147073984146,0.006096434313803911,0.02012849971652031,0.07149806618690491,0.0062661427073180676,0.08570808917284012,0.08477140218019485,0.010219447314739227,0.049984946846961975,0.005178198218345642,0.09299982339143753,0.08917306363582611,0.018429512158036232,0.003156796796247363,0.03672465682029724,0.059158917516469955,0.1639331579208374,0.015642497688531876,0.07879897207021713,0.054567329585552216,0.07756426930427551,0.005290776025503874,0.012489442713558674,0.04567623883485794,,,,,,,,,,,,,,,
unknown,良,220,221,295.58322,295.743,0.64404297,,0.025336742401123047,0.028243256732821465,0.07862598448991776,0.11065181344747543,0.013133282773196697,0.17176011204719543,0.02425721101462841,0.0264541357755661,0.05845590680837631,0.040275707840919495,0.038607966154813766,0.029385466128587723,0.056753210723400116,0.062060751020908356,0.03664534166455269,0.06270688772201538,0.10047169774770737,0.03421946242451668,0.12434560060501099,0.060335077345371246,0.028795698657631874,0.03105335682630539,0.014636271633207798,0.0187680721282959,0.05811818316578865,0.005060948897153139,0.18390505015850067,0.03788789361715317,0.015190635807812214,0.15170323848724365,0.005970703903585672,0.014553136192262173,0.04434153065085411,0.00544361025094986,0.10652603209018707,0.05933495610952377,0.008953602984547615,0.05235297977924347,0.004740563686937094,0.06327402591705322,0.08865208923816681,0.014590559527277946,0.003398827277123928,0.034167081117630005,0.05765405669808388,0.12096960097551346,0.016698399558663368,0.05516817793250084,0.06590478867292404,0.07357681542634964,0.005139804445207119,0.011638501659035683,0.030401719734072685,,,,,,,,,,,,,,,
unknown,く,222,223,295.743,295.94278,0.9995117,,0.03588717058300972,0.02410249598324299,0.08785057067871094,0.09247326850891113,0.0076087042689323425,0.11652753502130508,0.01622849330306053,0.03509191796183586,0.0408262237906456,0.03833482414484024,0.06090239807963371,0.04348524287343025,0.06440036743879318,0.08083096146583557,0.0269683338701725,0.08135475963354111,0.051412537693977356,0.040500715374946594,0.103059321641922,0.04066339507699013,0.01703939214348793,0.02281344123184681,0.015712382271885872,0.01579168811440468,0.0347176156938076,0.006774849724024534,0.21513371169567108,0.03417649865150452,0.011099908500909805,0.13861866295337677,0.0039943004958331585,0.023186642676591873,0.03008480742573738,0.0034373351372778416,0.15358784794807434,0.06610962003469467,0.0073401303961873055,0.03614383190870285,0.004785393830388784,0.06895530223846436,0.11059510707855225,0.018763892352581024,0.002034708159044385,0.028106316924095154,0.05619334056973457,0.1440393626689911,0.006675717420876026,0.03565908595919609,0.0667962059378624,0.11216306686401367,0.00745798135176301,0.01598954200744629,0.03997708857059479,,,,,,,,,,,,,,,
unknown,な,224,225,295.94278,296.10257,0.99902344,,0.04818052425980568,0.030867943540215492,0.13887181878089905,0.09799693524837494,0.004396083764731884,0.07093224674463272,0.010191426612436771,0.04916958510875702,0.02778524160385132,0.02798812836408615,0.07423529028892517,0.04188905656337738,0.05032408982515335,0.0888308435678482,0.022389739751815796,0.11379563063383102,0.052524518221616745,0.0341436006128788,0.07144009321928024,0.028624510392546654,0.01310584507882595,0.014878107234835625,0.011554780416190624,0.021022506058216095,0.023682404309511185,0.005495359189808369,0.24944444000720978,0.0441984161734581,0.00965476781129837,0.14630721509456635,0.00273273978382349,0.030859433114528656,0.022430716082453728,0.0027651465497910976,0.17552611231803894,0.09606053680181503,0.008889785967767239,0.04131866618990898,0.0036121346056461334,0.07244309037923813,0.11555669456720352,0.018567275255918503,0.002024388872087002,0.020231040194630623,0.04535336419939995,0.19378823041915894,0.0053958347998559475,0.02567293681204319,0.05020692199468613,0.13695034384727478,0.006023215129971504,0.011118918657302856,0.04410602152347565,,,,,,,,,,,,,,,
unknown,い,226,227,296.10257,296.60257,0.99902344,,0.07247854769229889,0.04365526884794235,0.23532399535179138,0.0832885205745697,0.0024513225071132183,0.04229681193828583,0.00831690151244402,0.0718294158577919,0.02089269459247589,0.019842835143208504,0.07741794735193253,0.041765615344047546,0.03986351564526558,0.10913943499326706,0.020481422543525696,0.13686470687389374,0.04278728365898132,0.029753010720014572,0.05517664924263954,0.024348491802811623,0.010855228640139103,0.010666952468454838,0.011066528037190437,0.02289406768977642,0.017651410773396492,0.005147650837898254,0.2531980276107788,0.06041119247674942,0.009320192970335484,0.1436261534690857,0.0024772181641310453,0.0397578664124012,0.015663668513298035,0.0024709992576390505,0.18970482051372528,0.11339297890663147,0.011452586390078068,0.050813186913728714,0.0028439254965633154,0.07666244357824326,0.11767727136611938,0.01846640184521675,0.00237533962354064,0.017795106396079063,0.03357991576194763,0.2190409153699875,0.004870597273111343,0.020538348704576492,0.03654579073190689,0.14412270486354828,0.005570271518081427,0.007618616800755262,0.044369544833898544,,,,,,,,,,,,,,,
unknown,い,228,229,303.45334,303.61313,0.88134766,,0.09522943943738937,0.055203475058078766,0.31057828664779663,0.0889119803905487,0.001984468661248684,0.029460137709975243,0.008070707321166992,0.0830332413315773,0.023235812783241272,0.015356930904090405,0.06410016864538193,0.034802429378032684,0.03452674672007561,0.10680150240659714,0.02154080756008625,0.13756662607192993,0.046959683299064636,0.025658385828137398,0.037457000464200974,0.022800002247095108,0.011473207734525204,0.008615339174866676,0.011426154524087906,0.02882855199277401,0.018666310235857964,0.004852760583162308,0.2586568295955658,0.07250668108463287,0.012869707308709621,0.14782875776290894,0.0027106269262731075,0.040000542998313904,0.013150835409760475,0.0026557804085314274,0.18772269785404205,0.12676076591014862,0.01285756379365921,0.044480662792921066,0.0025173339527100325,0.0894957184791565,0.10393994301557541,0.016392411664128304,0.003228479530662298,0.01291593350470066,0.034223657101392746,0.22707675397396088,0.00759526202455163,0.020667271688580513,0.025838268920779228,0.13941562175750732,0.005343526601791382,0.005204930901527405,0.04539893567562103,,,,,,,,,,,,,,,
unknown,や,230,231,303.61313,304.11313,0.9448242,,0.09913218021392822,0.06410842388868332,0.3627084791660309,0.10417705029249191,0.0025532525032758713,0.03989578038454056,0.006404656916856766,0.09156312793493271,0.02247292548418045,0.01290982961654663,0.0503699891269207,0.023957185447216034,0.029455846175551414,0.09602111577987671,0.024923838675022125,0.12842291593551636,0.039308879524469376,0.01695096679031849,0.050703324377536774,0.030665719881653786,0.016381636261940002,0.008614778518676758,0.00906740128993988,0.02790839597582817,0.024982577189803123,0.004500455688685179,0.2328149974346161,0.07316505908966064,0.014438950456678867,0.1395314782857895,0.0020114968065172434,0.04048824682831764,0.014735887758433819,0.0030439060647040606,0.1516140252351761,0.143222376704216,0.015622165985405445,0.0749906376004219,0.002637594472616911,0.09742087870836258,0.11053091287612915,0.014569512568414211,0.0036561996676027775,0.015838993713259697,0.039219241589307785,0.21879872679710388,0.007503954228013754,0.02557423897087574,0.03240840882062912,0.1560824066400528,0.004523681942373514,0.004158491734415293,0.04198792949318886,,,,,,,,,,,,,,,
unknown,飛,232,233,307.6081,307.76788,0.9794922,,0.04625630006194115,0.042406000196933746,0.12164949625730515,0.1392751783132553,0.004619550425559282,0.06144275516271591,0.009551986120641232,0.04841095954179764,0.0304935984313488,0.03372938558459282,0.07082229852676392,0.034306980669498444,0.03941958770155907,0.1430189609527588,0.02722957544028759,0.09270317107439041,0.22164444625377655,0.037237100303173065,0.06433483213186264,0.026909321546554565,0.011731425300240517,0.010804938152432442,0.013465642929077148,0.027321139350533485,0.022399533540010452,0.006610858719795942,0.2735078036785126,0.06297896802425385,0.032312214374542236,0.17589718103408813,0.0023547131568193436,0.02073195017874241,0.02872825413942337,0.0021510040387511253,0.2568317949771881,0.11698880791664124,0.013604343868792057,0.12127166986465454,0.0033431004267185926,0.04334092140197754,0.12389804422855377,0.01168571226298809,0.006854004692286253,0.0217448640614748,0.038540635257959366,0.1511835753917694,0.01951330155134201,0.026964830234646797,0.029970938339829445,0.10947158187627792,0.007201202679425478,0.007373037748038769,0.028323650360107422,,,,,,,,,,,,,,,
unknown,ん,234,235,307.76788,307.8478,0.99658203,,0.03559485450387001,0.027450406923890114,0.09364308416843414,0.0755167156457901,0.0045361509546637535,0.08077578246593475,0.018856942653656006,0.04397983476519585,0.02825099602341652,0.060960717499256134,0.09107455611228943,0.039109114557504654,0.04242347553372383,0.24387651681900024,0.027248075231909752,0.06924735009670258,0.1081220805644989,0.04829706996679306,0.12804345786571503,0.030704110860824585,0.007359620183706284,0.01986539736390114,0.025176813825964928,0.014142356812953949,0.015517202205955982,0.0146041139960289,0.21817216277122498,0.0538238100707531,0.04097540304064751,0.12840567529201508,0.0032349564135074615,0.014210103079676628,0.024397188797593117,0.0014397527556866407,0.2123333066701889,0.07354365289211273,0.010427608154714108,0.13230684399604797,0.007222691550850868,0.024925678968429565,0.13445165753364563,0.011755796149373055,0.006828865502029657,0.07415223866701126,0.03505288064479828,0.07270292192697525,0.009383694268763065,0.026842553168535233,0.02881915122270584,0.052832625806331635,0.013845019042491913,0.03660307452082634,0.018510151654481888,,,,,,,,,,,,,,,
unknown,で,236,237,307.8478,308.0076,0.99853516,,0.04586907476186752,0.026351843029260635,0.12976422905921936,0.08129699528217316,0.003256838535889983,0.069827139377594,0.01053086668252945,0.05679091438651085,0.019951652735471725,0.04092816263437271,0.0976102277636528,0.043964188545942307,0.049955591559410095,0.28207531571388245,0.025511134415864944,0.07104680687189102,0.11593273282051086,0.04432585462927818,0.12054812908172607,0.033252913504838943,0.007126502227038145,0.01219174824655056,0.02586219273507595,0.013122957199811935,0.011216998100280762,0.007130589336156845,0.1973138451576233,0.06503862887620926,0.04212328791618347,0.10509085655212402,0.002331195631995797,0.012009200640022755,0.014949209988117218,0.0011847243877127767,0.2616731822490692,0.06193520873785019,0.0069955880753695965,0.09661515802145004,0.0037170667201280594,0.024872133508324623,0.15148815512657166,0.008740739896893501,0.00500666256994009,0.04241223260760307,0.03268025815486908,0.08674809336662292,0.009517211467027664,0.019812921062111855,0.030059311538934708,0.06958107650279999,0.0071834996342659,0.0172626543790102,0.01823621243238449,,,,,,,,,,,,,,,
unknown,く,238,239,308.0076,308.12744,0.94970703,,0.041663553565740585,0.021488159894943237,0.10629137605428696,0.07282610237598419,0.0038045530673116446,0.08720345795154572,0.012890458106994629,0.0448605939745903,0.02366809733211994,0.04446413740515709,0.08028046786785126,0.0421738438308239,0.06020656228065491,0.23734846711158752,0.026379352435469627,0.0635448768734932,0.09605128318071365,0.04095272347331047,0.13480427861213684,0.03985549882054329,0.00829319003969431,0.01378094032406807,0.03059243969619274,0.009745066054165363,0.014216897077858448,0.005956094246357679,0.18890134990215302,0.048312827944755554,0.03693696856498718,0.1019412949681282,0.002682026010006666,0.011520503088831902,0.018112968653440475,0.0012141295010223985,0.2413015514612198,0.047382958233356476,0.004758074413985014,0.06321439892053604,0.0032266436610370874,0.028997784480452538,0.14425505697727203,0.008859212510287762,0.00261071790009737,0.036162119358778,0.03460752218961716,0.08539526909589767,0.006194067653268576,0.02364007942378521,0.03495435789227486,0.06911751627922058,0.006546910852193832,0.01740371249616146,0.01899324357509613,,,,,,,,,,,,,,,
unknown,る,240,241,308.12744,308.62744,0.9980469,,0.037049081176519394,0.01779859885573387,0.09557495266199112,0.08048234134912491,0.004294276237487793,0.09595947712659836,0.013342699967324734,0.040014754980802536,0.04183654859662056,0.053982362151145935,0.08309434354305267,0.039647769182920456,0.07207132130861282,0.19801640510559082,0.02812277153134346,0.06367556750774384,0.04967697337269783,0.0334060974419117,0.13481347262859344,0.04349797964096069,0.00925366673618555,0.014172937721014023,0.033856723457574844,0.008956042118370533,0.025790158659219742,0.005778612568974495,0.15431331098079681,0.04622530937194824,0.02912573330104351,0.08460237085819244,0.003024326404556632,0.011580947786569595,0.01858855038881302,0.0014527041930705309,0.18803904950618744,0.03897915035486221,0.0039215004071593285,0.04860829934477806,0.003495418233796954,0.03793392702937126,0.15139789879322052,0.010629317723214626,0.003014958230778575,0.03241274133324623,0.05109291896224022,0.08688406646251678,0.008313391357660294,0.030803687870502472,0.04455864429473877,0.07764988392591476,0.006324689835309982,0.01868458278477192,0.022950248792767525,,,,,,,,,,,,,,,
unknown,死,242,243,313.8573,314.05716,1.0,,0.017079854384064674,0.007074520457535982,0.04150558263063431,0.06339092552661896,0.007174661848694086,0.14786496758460999,0.025810789316892624,0.022338107228279114,0.05640077218413353,0.06879647821187973,0.08399923890829086,0.04160541668534279,0.07183942198753357,0.15599903464317322,0.02677898108959198,0.056487102061510086,0.028556333854794502,0.03773599863052368,0.2025427222251892,0.04139373451471329,0.010358849540352821,0.02972930297255516,0.03592456504702568,0.005709303077310324,0.044750623404979706,0.008459346368908882,0.09896333515644073,0.02397792786359787,0.016358239576220512,0.05820680409669876,0.005089070647954941,0.015803297981619835,0.031134560704231262,0.002123897196725011,0.12008624523878098,0.02525239996612072,0.0019732830114662647,0.03502378985285759,0.007300314027816057,0.02811930887401104,0.17733347415924072,0.02678566239774227,0.0015086582861840725,0.05533934384584427,0.055754441767930984,0.07821796834468842,0.003919162787497044,0.04382587596774101,0.07435192167758942,0.08237136900424957,0.00829259306192398,0.03687409684062004,0.024932272732257843,,,,,,,,,,,,,,,
unknown,ぬ,244,245,314.05716,314.55716,1.0,,0.024641383439302444,0.010579593479633331,0.057934459298849106,0.05831087753176689,0.0056811063550412655,0.12102670222520828,0.025876397266983986,0.0300969909876585,0.04655454307794571,0.06096939370036125,0.07305967062711716,0.042909394949674606,0.08042649179697037,0.16668005287647247,0.021929489448666573,0.05297697335481644,0.02680564671754837,0.034056104719638824,0.2062319815158844,0.03898875042796135,0.008433360606431961,0.029570916667580605,0.038642767816782,0.006793889217078686,0.03429603949189186,0.007096229586750269,0.12449929118156433,0.03070831671357155,0.014719152823090553,0.08011952042579651,0.005783185828477144,0.013621962629258633,0.02058417536318302,0.002177469665184617,0.13934706151485443,0.0306477639824152,0.0027224605437368155,0.04794373735785484,0.007096068933606148,0.030446277931332588,0.16486363112926483,0.019039994105696678,0.0018699686042964458,0.05863790214061737,0.04135705158114433,0.07498671114444733,0.004169240593910217,0.035263899713754654,0.07507586479187012,0.08654236793518066,0.006495715118944645,0.03299961984157562,0.02429250255227089,,,,,,,,,,,,,,,
unknown,わ,246,247,319.61322,319.85303,0.7182617,,0.033706411719322205,0.0135045750066638,0.0816006138920784,0.059790804982185364,0.003294229507446289,0.07109404355287552,0.02993832528591156,0.039976902306079865,0.04553922638297081,0.05879548564553261,0.10171722620725632,0.07068882882595062,0.06527713686227798,0.23901112377643585,0.01976272091269493,0.07390272617340088,0.029636608436703682,0.05179314315319061,0.12023123353719711,0.02806072309613228,0.005865138024091721,0.023829618468880653,0.04269646108150482,0.009082911536097527,0.026458995416760445,0.007051223888993263,0.17144517600536346,0.04754478484392166,0.012850678525865078,0.10838954895734787,0.008583133108913898,0.017002711072564125,0.013112503103911877,0.0022038593888282776,0.195652037858963,0.03737868741154671,0.0033782029058784246,0.06752768158912659,0.005961697548627853,0.041438937187194824,0.17177195847034454,0.023140529170632362,0.0029201225843280554,0.04592261090874672,0.039007481187582016,0.10221438854932785,0.006263419054448605,0.025176506489515305,0.048529595136642456,0.09200733155012131,0.005903467070311308,0.02679799124598503,0.03279777243733406,,,,,,,,,,,,,,,
unknown,る,248,249,319.85303,320.35303,0.80371094,,0.04017036408185959,0.015531879849731922,0.07225023955106735,0.09257027506828308,0.0030212458223104477,0.060721226036548615,0.0262609776109457,0.05363566428422928,0.07165350019931793,0.053617190569639206,0.07766339182853699,0.05310874432325363,0.08220156282186508,0.15419457852840424,0.01609797589480877,0.06725522875785828,0.022388460114598274,0.03984368219971657,0.07932744175195694,0.018847741186618805,0.005325252655893564,0.020020900294184685,0.03556950390338898,0.01363037247210741,0.04217448830604553,0.007532407995313406,0.21935832500457764,0.04744573310017586,0.013096562586724758,0.16215477883815765,0.007019054610282183,0.022670965641736984,0.013727113604545593,0.00230226363055408,0.20650163292884827,0.054522957652807236,0.003170587820932269,0.03958936408162117,0.004939714912325144,0.04867665842175484,0.1676199585199356,0.029827753081917763,0.002943219617009163,0.02487010508775711,0.050009191036224365,0.11181242763996124,0.007722693029791117,0.02475244551897049,0.0651380866765976,0.1994968205690384,0.006752597633749247,0.02147681638598442,0.04032756760716438,,,,,,,,,,,,,,,
unknown,友,250,251,325.785,326.14502,0.99853516,,0.005485180765390396,0.0026799028273671865,0.014815137721598148,0.07188206166028976,0.011774402111768723,0.20320290327072144,0.04499947279691696,0.007178763393312693,0.0901082456111908,0.1392563134431839,0.061266232281923294,0.04298822954297066,0.0422632172703743,0.07280406355857849,0.03266565129160881,0.03619038313627243,0.010710623115301132,0.05743411183357239,0.19445227086544037,0.04617345705628395,0.012569533661007881,0.06159612163901329,0.025334812700748444,0.0045380257070064545,0.06307664513587952,0.01101717073470354,0.09811428934335709,0.011461026035249233,0.005310215055942535,0.05678301304578781,0.008929080329835415,0.008448086678981781,0.03372618556022644,0.0030184544157236814,0.04713191092014313,0.016866406425833702,0.0012637218460440636,0.012471246533095837,0.014665260910987854,0.019430536776781082,0.14898581802845,0.023402681574225426,0.0009600425255484879,0.06894246488809586,0.08631761372089386,0.045804738998413086,0.0025145630352199078,0.05149666219949722,0.06274588406085968,0.029944678768515587,0.008957603946328163,0.12256231158971786,0.024103770032525063,,,,,,,,,,,,,,,
unknown,人,252,253,326.14502,326.64502,0.99609375,,0.005388433579355478,0.0031819597352296114,0.012881739996373653,0.0673632100224495,0.009285537526011467,0.1689622402191162,0.07651134580373764,0.004885964095592499,0.10051675885915756,0.19287437200546265,0.054050493985414505,0.029202846810221672,0.024656854569911957,0.07872927933931351,0.03315379470586777,0.042617905884981155,0.016162702813744545,0.05598236247897148,0.20715931057929993,0.034966908395290375,0.008893382735550404,0.08478639274835587,0.02655094675719738,0.004549856763333082,0.055445075035095215,0.01704431138932705,0.10939740389585495,0.009849696420133114,0.006585216149687767,0.06194089725613594,0.012299416586756706,0.01366490963846445,0.03877556324005127,0.0023066680878400803,0.03211228922009468,0.024446845054626465,0.0021543505135923624,0.01926511339843273,0.02649679034948349,0.014416063204407692,0.14192143082618713,0.029368126764893532,0.0013248291797935963,0.14318647980690002,0.0855170413851738,0.040887679904699326,0.0019177079666405916,0.05382971838116646,0.03287148103117943,0.015328342095017433,0.012927382253110409,0.20981495082378387,0.019067641347646713,,,,,,,,,,,,,,,
unknown,人,254,255,332.58502,333.08502,0.9291992,,0.010994220152497292,0.006488325539976358,0.028881389647722244,0.10011328011751175,0.0062098391354084015,0.11704806983470917,0.02231457643210888,0.008501588366925716,0.043403495103120804,0.1500651240348816,0.10546870529651642,0.031397122889757156,0.011538321152329445,0.08168516308069229,0.03633369505405426,0.12602058053016663,0.017333684489130974,0.0678228810429573,0.14576657116413116,0.026848629117012024,0.006798648741096258,0.03015311434864998,0.009642213582992554,0.010516087524592876,0.022468319162726402,0.014777235686779022,0.23129689693450928,0.013913212344050407,0.005927606485784054,0.11955875158309937,0.003504939377307892,0.044549837708473206,0.01861012540757656,0.0012042346643283963,0.049521464854478836,0.08115517348051071,0.004354014527052641,0.031434640288352966,0.014280562289059162,0.025251096114516258,0.12294501066207886,0.061261966824531555,0.0017164848977699876,0.07949133217334747,0.09398945420980453,0.12753842771053314,0.002026496222242713,0.023227587342262268,0.020058007910847664,0.028074687346816063,0.012728570029139519,0.13144980370998383,0.04513594135642052,,,,,,,,,,,,,,,
unknown,ハ,256,257,337.465,337.58502,0.96728516,,0.012652895413339138,0.007378188893198967,0.03492673113942146,0.11113019287586212,0.004702996928244829,0.08783174306154251,0.020278766751289368,0.010432315059006214,0.043091122061014175,0.12054124474525452,0.10158789157867432,0.04378976300358772,0.014594495296478271,0.09467252343893051,0.029341792687773705,0.12056796252727509,0.01757718063890934,0.08863605558872223,0.11940833926200867,0.02244827337563038,0.005196963902562857,0.024052847176790237,0.012029607780277729,0.013460415415465832,0.020933447405695915,0.010231999680399895,0.29850175976753235,0.01911710947751999,0.004847816191613674,0.16156768798828125,0.0040978193283081055,0.03597539663314819,0.01365865208208561,0.001230920315720141,0.07084262371063232,0.09063134342432022,0.0045344773679971695,0.033397454768419266,0.010546264238655567,0.028827030211687088,0.12198897451162338,0.04521317407488823,0.002357747871428728,0.052235763520002365,0.07573575526475906,0.13195110857486725,0.0029391206335276365,0.018336759880185127,0.02068641223013401,0.03657098114490509,0.008401460945606232,0.08810878545045853,0.053449444472789764,,,,,,,,,,,,,,,
unknown,ン,258,259,337.58502,337.745,0.9970703,,0.017596013844013214,0.011304590851068497,0.04007956013083458,0.13337942957878113,0.006952053867280483,0.0869513675570488,0.007579244207590818,0.011728601530194283,0.03469851240515709,0.1093054786324501,0.08457819372415543,0.06771989166736603,0.027495868504047394,0.0707971453666687,0.03800971806049347,0.10525024682283401,0.03618763014674187,0.14556118845939636,0.04213894531130791,0.022658146917819977,0.0051744370721280575,0.009165609255433083,0.009212097153067589,0.02095366269350052,0.009340296499431133,0.00583787402138114,0.46304288506507874,0.023822521790862083,0.007409804500639439,0.25279417634010315,0.001491244533099234,0.025270424783229828,0.007293936796486378,0.0007100504590198398,0.17455334961414337,0.10131782293319702,0.004772115033119917,0.014087118208408356,0.003073193598538637,0.04544894024729729,0.05986113101243973,0.017618533223867416,0.0024691270664334297,0.010885696858167648,0.06894088536500931,0.1437198519706726,0.006894993595778942,0.008383229374885559,0.012997135519981384,0.039445918053388596,0.00655559916049242,0.030587252229452133,0.06767553836107254,,,,,,,,,,,,,,,
unknown,カ,260,261,337.745,337.905,0.9975586,,0.020538896322250366,0.014606320299208164,0.03681076690554619,0.14310109615325928,0.011479710228741169,0.10574673861265182,0.011027049273252487,0.01355394721031189,0.027327191084623337,0.12837858498096466,0.09444066882133484,0.07657048106193542,0.027537373825907707,0.10383249074220657,0.0568985790014267,0.0794709250330925,0.03881063312292099,0.10904250293970108,0.049059752374887466,0.04618125036358833,0.011736760847270489,0.01503724604845047,0.012765640392899513,0.015135503374040127,0.008547935634851456,0.009246448054909706,0.2942027449607849,0.028691429644823074,0.007362455129623413,0.1585700660943985,0.0036818846128880978,0.01603100821375847,0.0059931157156825066,0.0019575278274714947,0.16730055212974548,0.06455663591623306,0.007792843505740166,0.03162090852856636,0.005163278430700302,0.033324822783470154,0.07296281307935715,0.01384139433503151,0.0042164199985563755,0.016875434666872025,0.10235479474067688,0.10185540467500687,0.010622123256325722,0.009766456671059132,0.01550977025181055,0.02692035213112831,0.009619513526558876,0.03510073572397232,0.04517341032624245,,,,,,,,,,,,,,,
unknown,チ,262,263,337.905,338.405,0.9970703,,0.023275580257177353,0.014629908837378025,0.04259169474244118,0.12196438014507294,0.008498313836753368,0.09604919701814651,0.009826594032347202,0.013694075867533684,0.022689566016197205,0.13605192303657532,0.10601628571748734,0.07172786444425583,0.029191454872488976,0.12342774122953415,0.05086969956755638,0.09811723232269287,0.04790036752820015,0.09443940222263336,0.059434741735458374,0.039743538945913315,0.008897707797586918,0.01223704218864441,0.01420531328767538,0.013487826101481915,0.006484732963144779,0.006977118086069822,0.2993842363357544,0.027024997398257256,0.008521485142409801,0.1603889912366867,0.0028601717203855515,0.01943974941968918,0.004823915660381317,0.0012969978852197528,0.18096336722373962,0.07293306291103363,0.007055741269141436,0.03953642025589943,0.0044516632333397865,0.0312192365527153,0.08458704501390457,0.016048874706029892,0.0034760523121804,0.01843099668622017,0.08443211764097214,0.12021463364362717,0.007092714309692383,0.008147436194121838,0.014822183176875114,0.031027384102344513,0.007475255988538265,0.0299119520932436,0.04445696249604225,,,,,,,,,,,,,,,
unknown,お,264,265,343.87714,344.1969,0.46044922,,0.03258225694298744,0.019550155848264694,0.05847719684243202,0.1615827977657318,0.010834603570401669,0.09655443578958511,0.006422076839953661,0.022602451965212822,0.01901167631149292,0.10056842118501663,0.08465804159641266,0.06860627979040146,0.028151780366897583,0.10347838699817657,0.05907543748617172,0.08950430899858475,0.04066162556409836,0.08917729556560516,0.053472261875867844,0.047270987182855606,0.012038771994411945,0.009873594157397747,0.010592604987323284,0.020268993452191353,0.0068281106650829315,0.005667980760335922,0.3385392427444458,0.03759433329105377,0.009805363602936268,0.19564320147037506,0.0023189946077764034,0.018315499648451805,0.0038379852194339037,0.0017741508781909943,0.18139004707336426,0.09074237197637558,0.00734035624191165,0.04521285369992256,0.0035110858734697104,0.039552100002765656,0.07322511821985245,0.012696932069957256,0.003985027316957712,0.013596367090940475,0.0965476930141449,0.12532001733779907,0.009434127248823643,0.007940728217363358,0.01749877631664276,0.04104182496666908,0.0058920918963849545,0.020419301465153694,0.05752938613295555,,,,,,,,,,,,,,,
unknown,t,266,267,344.1969,344.6969,0.6430664,,0.031758084893226624,0.015572996810078621,0.04986152425408363,0.12302593141794205,0.012557386420667171,0.10815302282571793,0.008592747151851654,0.020404834300279617,0.015633584931492805,0.07430117577314377,0.08152063935995102,0.08435016125440598,0.031643763184547424,0.1065073311328888,0.05072672292590141,0.09162569791078568,0.039903268218040466,0.11970540881156921,0.061399511992931366,0.040904298424720764,0.009877395816147327,0.01208484172821045,0.011477673426270485,0.018375366926193237,0.006212632171809673,0.00608500512316823,0.3447011113166809,0.028752995654940605,0.0090287821367383,0.20647111535072327,0.0027618510648608208,0.02152523770928383,0.004069667775183916,0.001648886245675385,0.1882299780845642,0.08129002898931503,0.005707304924726486,0.0360889732837677,0.00412377854809165,0.049234434962272644,0.07636763900518417,0.019241930916905403,0.002580370521172881,0.013743787072598934,0.06685621291399002,0.14898467063903809,0.006524579133838415,0.0073682405054569244,0.019544290378689766,0.04734218493103981,0.006503545679152012,0.019044427201151848,0.07725276052951813,,,,,,,,,,,,,,,
unknown,小,268,269,349.75302,350.03284,0.9604492,,0.04951339215040207,0.028661727905273438,0.06234457343816757,0.1731729507446289,0.01991395279765129,0.12688513100147247,0.006358073092997074,0.02341800183057785,0.028749506920576096,0.048244908452034,0.07869347929954529,0.085694320499897,0.038498878479003906,0.09786614775657654,0.07861293852329254,0.050737086683511734,0.027498697862029076,0.1187957227230072,0.039888326078653336,0.07535167783498764,0.014961324632167816,0.009702276438474655,0.014329618774354458,0.011184711009263992,0.009528490714728832,0.010830139741301537,0.3311539590358734,0.033897899091243744,0.012574514374136925,0.1368209719657898,0.002608083887025714,0.01831049472093582,0.0039400928653776646,0.0021374376956373453,0.25799670815467834,0.06242528557777405,0.010785938240587711,0.03757844492793083,0.0031003067269921303,0.042923662811517715,0.06897415220737457,0.0072597055695950985,0.006307562813162804,0.007968299090862274,0.10461875051259995,0.08529385179281235,0.013602661900222301,0.008197344839572906,0.02002553455531597,0.0430748276412487,0.01369472499936819,0.00856940820813179,0.0452946238219738,,,,,,,,,,,,,,,
unknown,さ,270,271,350.03284,350.2327,0.9995117,,0.058970507234334946,0.047971099615097046,0.052932966500520706,0.19096679985523224,0.013134215958416462,0.06311240047216415,0.007222447078675032,0.029515886679291725,0.03132733702659607,0.04200815036892891,0.05453566461801529,0.06525889039039612,0.051050275564193726,0.0857919380068779,0.06017943471670151,0.06379867345094681,0.042609862983226776,0.11161617189645767,0.023966794833540916,0.041886232793331146,0.009991072118282318,0.00806154403835535,0.017057020217180252,0.029924020171165466,0.007524098269641399,0.0073990910314023495,0.49484187364578247,0.047618698328733444,0.011448845267295837,0.29035577178001404,0.003085671691223979,0.014550303108990192,0.003488894086331129,0.0020062499679625034,0.27031397819519043,0.13630813360214233,0.021551448851823807,0.03983863443136215,0.00283005740493536,0.05822324380278587,0.04815374314785004,0.005118417087942362,0.011071588844060898,0.006563304923474789,0.07322260737419128,0.0978039801120758,0.02145208604633808,0.007099619135260582,0.016619674861431122,0.048210084438323975,0.00878207664936781,0.0077277980744838715,0.05797317996621132,,,,,,,,,,,,,,,
unknown,い,272,273,350.2327,350.7327,0.99902344,,0.031057192012667656,0.02505701407790184,0.036530591547489166,0.1490790694952011,0.03206958249211311,0.16366098821163177,0.011856273747980595,0.017772110179066658,0.04284605383872986,0.04524562135338783,0.037983838468790054,0.0780976265668869,0.0640859454870224,0.09203202277421951,0.0826348066329956,0.023767273873090744,0.02854975312948227,0.13198721408843994,0.0473252534866333,0.0991269126534462,0.020015912130475044,0.01568988338112831,0.02591591887176037,0.012816619127988815,0.012766105122864246,0.011059604585170746,0.37304025888442993,0.03306986764073372,0.012838540598750114,0.2010839879512787,0.004512239713221788,0.005558307282626629,0.005817350000143051,0.003054576925933361,0.2692130208015442,0.05182547867298126,0.010730279609560966,0.02591310255229473,0.0036523297894746065,0.03288334608078003,0.05650326609611511,0.0025920274201780558,0.008767290972173214,0.00807861052453518,0.06528080254793167,0.04095456004142761,0.022376326844096184,0.01152078527957201,0.027229491621255875,0.030726144090294838,0.011389964260160923,0.009502867236733437,0.02985168620944023,,,,,,,,,,,,,,,
unknown,作,274,275,356.125,356.565,0.9604492,,0.04954257607460022,0.039871737360954285,0.056042421609163284,0.18794459104537964,0.0128349419683218,0.08665906637907028,0.007852624170482159,0.023128697648644447,0.043793704360723495,0.05252719670534134,0.05838717892765999,0.08334092795848846,0.05824016407132149,0.0827489048242569,0.057501282542943954,0.04135792329907417,0.031003007665276527,0.11830735206604004,0.03795292600989342,0.05306660011410713,0.011118888854980469,0.009103541262447834,0.021511686965823174,0.014631308615207672,0.01321092527359724,0.009012999013066292,0.4294707179069519,0.03842578083276749,0.01151567418128252,0.2336800992488861,0.003124625189229846,0.010437714867293835,0.004999438766390085,0.0021106137428432703,0.30990922451019287,0.08103375881910324,0.017305079847574234,0.04294823855161667,0.002753301290795207,0.05354306474328041,0.0535140298306942,0.0037406927440315485,0.009781007654964924,0.007837449200451374,0.06591066718101501,0.06766173988580704,0.017927726730704308,0.01001354493200779,0.02317645028233528,0.04675857722759247,0.011581351980566978,0.006580865476280451,0.04317636042833328,,,,,,,,,,,,,,,
unknown,る,276,277,356.565,357.065,0.9941406,,0.051806267350912094,0.04673010855913162,0.0687914565205574,0.2446090281009674,0.011548821814358234,0.0836324617266655,0.007666368968784809,0.024777093902230263,0.04711557552218437,0.04945371672511101,0.055188290774822235,0.07107991725206375,0.05640218406915665,0.07647797465324402,0.05576701834797859,0.04337785392999649,0.02629001997411251,0.09123314917087555,0.033948592841625214,0.04967217519879341,0.010844140313565731,0.00894285086542368,0.018781187012791634,0.017634443938732147,0.015148181468248367,0.009661780670285225,0.42825329303741455,0.04268241301178932,0.011329874396324158,0.24247978627681732,0.002983679762110114,0.009304889477789402,0.004366961307823658,0.002290185308083892,0.28999173641204834,0.0969187468290329,0.020999496802687645,0.048450082540512085,0.00313912914134562,0.06000346690416336,0.05123264342546463,0.003608942497521639,0.012119893915951252,0.007471916265785694,0.07442224025726318,0.07157355546951294,0.021556716412305832,0.009791362099349499,0.022537309676408768,0.04782908037304878,0.011774972081184387,0.006567914970219135,0.043354760855436325,,,,,,,,,,,,,,,
unknown,飛,278,279,362.36502,362.565,0.9794922,,0.05974700301885605,0.03874235972762108,0.07546786218881607,0.21919222176074982,0.009688450023531914,0.07109983265399933,0.006829428486526012,0.02891613356769085,0.038893379271030426,0.03825988993048668,0.07534651458263397,0.11104849725961685,0.05225960910320282,0.11178800463676453,0.05685008317232132,0.04702199622988701,0.019952353090047836,0.13196273148059845,0.026523683220148087,0.050567131489515305,0.00992112047970295,0.007966499775648117,0.01905667409300804,0.015967870131134987,0.011767762713134289,0.014284784905612469,0.4483817517757416,0.04884715378284454,0.010261273942887783,0.19739989936351776,0.00272323377430439,0.009290698915719986,0.003787805326282978,0.002137551549822092,0.34141185879707336,0.0737149715423584,0.015281464904546738,0.03994745761156082,0.0028659191448241472,0.060933709144592285,0.06840280443429947,0.004702192265540361,0.009884599596261978,0.005527987144887447,0.06900974363088608,0.0849885642528534,0.02018405869603157,0.008428285829722881,0.019444722682237625,0.04797082021832466,0.01817302778363228,0.007412197533994913,0.054927632212638855,,,,,,,,,,,,,,,
unknown,行,280,281,362.565,362.885,0.9980469,,0.07715564966201782,0.06086637079715729,0.08196307718753815,0.24732550978660583,0.008149991743266582,0.048539675772190094,0.005062472075223923,0.03507503122091293,0.02991567924618721,0.025959279388189316,0.06651575863361359,0.08292242884635925,0.03501097857952118,0.08641781657934189,0.055212490260601044,0.05097843334078789,0.021967794746160507,0.13270598649978638,0.015999365597963333,0.03723384067416191,0.0071990396827459335,0.005337983835488558,0.01346622034907341,0.02220163866877556,0.0072279986925423145,0.012028641067445278,0.5633227825164795,0.05397619679570198,0.011952178552746773,0.28171929717063904,0.00231082271784544,0.009728103876113892,0.0022627487778663635,0.00178489217069,0.3520486056804657,0.11460360139608383,0.02720765583217144,0.04247981309890747,0.0020760393235832453,0.08303942531347275,0.045532409101724625,0.0034777596592903137,0.014637239277362823,0.004220786038786173,0.07942873984575272,0.08998678624629974,0.023884303867816925,0.005599683616310358,0.013692076317965984,0.04419824853539467,0.016831252723932266,0.004028286784887314,0.06296940892934799,,,,,,,,,,,,,,,
unknown,機,282,283,362.885,363.385,0.8413086,,0.05096865072846413,0.039887625724077225,0.05512160435318947,0.24703653156757355,0.004327732603996992,0.03102973848581314,0.007961028255522251,0.02442978322505951,0.03457002341747284,0.04050712287425995,0.06387369334697723,0.10246094316244125,0.03900671750307083,0.08757660537958145,0.029665758833289146,0.03963201120495796,0.054015759378671646,0.1589493602514267,0.009987999685108662,0.015863046050071716,0.003309156047180295,0.0056109302677214146,0.015597252175211906,0.022161997854709625,0.0059980591759085655,0.010682567954063416,0.5879489779472351,0.05277595669031143,0.012043642811477184,0.31973183155059814,0.0032490810845047235,0.005982149858027697,0.0017700431635603309,0.0012984503991901875,0.4582112729549408,0.0867728590965271,0.01639714650809765,0.03401590511202812,0.0018364102579653263,0.043795790523290634,0.03174393251538277,0.0033821200486272573,0.014435926452279091,0.0031310541089624166,0.05199941620230675,0.07052575796842575,0.038422901183366776,0.003780945437029004,0.00977350678294897,0.04065648466348648,0.014874900691211224,0.003916028421372175,0.04262619465589523,,,,,,,,,,,,,,,
unknown,第,284,285,373.86002,374.06,0.98828125,,0.11674706637859344,0.1232491061091423,0.08058848232030869,0.2647257149219513,0.0031158176716417074,0.016270114108920097,0.0041870055720210075,0.0564238466322422,0.018690282478928566,0.017847683280706406,0.026540854945778847,0.03779319301247597,0.025949161499738693,0.05519881844520569,0.01978444866836071,0.040629949420690536,0.05604277923703194,0.08810476958751678,0.008183886297047138,0.009153456427156925,0.0021453676745295525,0.004021631088107824,0.007317693904042244,0.045649453997612,0.004563611466437578,0.006115866359323263,0.7056134343147278,0.07562423497438431,0.012415748089551926,0.49947383999824524,0.0020386141259223223,0.010870268568396568,0.0013654892100021243,0.0011318866163492203,0.3511090576648712,0.21659331023693085,0.04787113890051842,0.09669380635023117,0.0015733600594103336,0.06740152090787888,0.0225895494222641,0.002126289764419198,0.020063163712620735,0.004516411107033491,0.04093937203288078,0.06995762139558792,0.025733891874551773,0.0030311851296573877,0.007985817268490791,0.05472512170672417,0.007428327575325966,0.002069579903036356,0.05028507858514786,,,,,,,,,,,,,,,
unknown,1,286,287,374.06,374.56,0.52441406,,0.1094137504696846,0.11021969467401505,0.07430031150579453,0.24291394650936127,0.002919112564995885,0.01660267822444439,0.0036513363011181355,0.04515659064054489,0.016665328294038773,0.021446002647280693,0.020060742273926735,0.026131438091397285,0.02070734091103077,0.03837437555193901,0.018070729449391365,0.045315131545066833,0.05766085907816887,0.06688330322504044,0.008690180256962776,0.007807251065969467,0.0019934780430048704,0.003623907221481204,0.005382627248764038,0.03930824249982834,0.004353811498731375,0.004080551210790873,0.721754789352417,0.05105137452483177,0.01140177808701992,0.5297546982765198,0.0014705865178257227,0.013692108914256096,0.001293638371862471,0.0008248292724601924,0.3153243958950043,0.2382967323064804,0.03887644410133362,0.09651194512844086,0.0014399318024516106,0.07222506403923035,0.0204292181879282,0.0024616264272481203,0.010468312539160252,0.004822967108339071,0.03790075704455376,0.07735329121351242,0.013057010248303413,0.0027649085968732834,0.007320513483136892,0.06067594140768051,0.004941022954881191,0.0022059136535972357,0.05078303441405296,,,,,,,,,,,,,,,
unknown,東,288,289,379.62,379.82,0.47827148,,0.14234580099582672,0.11167388409376144,0.08106247335672379,0.24231235682964325,0.0021372472401708364,0.014768052846193314,0.004075880162417889,0.055217768996953964,0.01732221618294716,0.015111499466001987,0.03181363269686699,0.03581911697983742,0.022540271282196045,0.06584525853395462,0.01830717921257019,0.046119097620248795,0.06291807442903519,0.08396536856889725,0.008583185262978077,0.008857306092977524,0.0017612619558349252,0.0029633932281285524,0.009336202405393124,0.027607034891843796,0.004111635964363813,0.004613239783793688,0.7130451798439026,0.060626935213804245,0.018050694838166237,0.4577423632144928,0.001953250728547573,0.010342595167458057,0.0012841594871133566,0.0007722282316535711,0.4293278157711029,0.18028104305267334,0.0346294641494751,0.08561360090970993,0.0010767331114038825,0.0710001289844513,0.026331381872296333,0.0023929004091769457,0.011275097727775574,0.0034646037966012955,0.03903017193078995,0.08223184943199158,0.014509903267025948,0.0028779066633433104,0.00791220273822546,0.07156143337488174,0.006857050117105246,0.0014601578004658222,0.046302709728479385,,,,,,,,,,,,,,,
unknown,部,290,291,379.82,380.32,0.99316406,,0.11533472687005997,0.07614757865667343,0.08302544802427292,0.2639170289039612,0.0033229109831154346,0.023323051631450653,0.01376310084015131,0.03703422471880913,0.04265337064862251,0.01977035403251648,0.036354899406433105,0.05335858091711998,0.03358686715364456,0.06612502783536911,0.022526975721120834,0.041535962373018265,0.05090823024511337,0.10087624937295914,0.014250044710934162,0.015543783083558083,0.003193255513906479,0.007671670988202095,0.021236630156636238,0.017999257892370224,0.011637295596301556,0.005898843985050917,0.6472707986831665,0.05027007311582565,0.01426970586180687,0.37722843885421753,0.009021884761750698,0.010568264871835709,0.0021661967039108276,0.0022506052628159523,0.39711543917655945,0.12049946188926697,0.021714644506573677,0.05694812163710594,0.0021178103052079678,0.06926800310611725,0.030597936362028122,0.0031692341435700655,0.008574129082262516,0.0046382201835513115,0.06595432013273239,0.07686194032430649,0.013090812601149082,0.005637418478727341,0.013753371313214302,0.06938929855823517,0.008432340808212757,0.0015354371862486005,0.0432828851044178,,,,,,,,,,,,,,,
unknown,全,292,293,385.75208,386.19177,0.93359375,,0.09617987275123596,0.06552629917860031,0.07016213238239288,0.2715660631656647,0.004428694024682045,0.037007417529821396,0.012615433894097805,0.031693726778030396,0.04556938260793686,0.029462555423378944,0.025626378133893013,0.0418948158621788,0.040803950279951096,0.042718205600976944,0.020352188497781754,0.03881639987230301,0.06678418815135956,0.07458467036485672,0.024092627689242363,0.015796400606632233,0.003421045606955886,0.008474741131067276,0.017641831189393997,0.018744133412837982,0.016763975843787193,0.0033689369447529316,0.6304395198822021,0.03999849781394005,0.014067545533180237,0.41785353422164917,0.006434081122279167,0.011657027527689934,0.003005941631272435,0.001856807735748589,0.3451278507709503,0.12274441868066788,0.01445474661886692,0.055927298963069916,0.001955142244696617,0.05966731533408165,0.028866106644272804,0.0033442287240177393,0.0049962508492171764,0.004758797120302916,0.048963047564029694,0.08160549402236938,0.009911993518471718,0.006747840438038111,0.018585095182061195,0.08975504338741302,0.004636487923562527,0.0018575622234493494,0.04256431385874748,,,,,,,,,,,,,,,
unknown,体,294,295,386.19177,386.69177,0.9970703,,0.08322793990373611,0.043876633048057556,0.05627283453941345,0.2824654281139374,0.005255188327282667,0.049689698964357376,0.014673858880996704,0.027801284566521645,0.06480985134840012,0.04012162983417511,0.03162315487861633,0.05034710094332695,0.06775500625371933,0.06079389154911041,0.024573123082518578,0.0314946249127388,0.052410583943128586,0.06361527740955353,0.03993060812354088,0.026301708072423935,0.0053626070730388165,0.010658915154635906,0.03169706463813782,0.012044196017086506,0.024599796161055565,0.0043900758028030396,0.5162557363510132,0.036738745868206024,0.013594015501439571,0.29897546768188477,0.007836940698325634,0.00846980232745409,0.004087032284587622,0.002552375663071871,0.3667314052581787,0.07711741328239441,0.009553362615406513,0.06349524110555649,0.0023986243177205324,0.04040893539786339,0.04318935051560402,0.003454354591667652,0.004472991451621056,0.0059100487269461155,0.06497601419687271,0.06622099131345749,0.010465395636856556,0.009973989799618721,0.03137810528278351,0.09590659290552139,0.005860321223735809,0.0026960503309965134,0.03328146040439606,,,,,,,,,,,,,,,
unknown,黒,296,297,392.02777,392.52777,0.9658203,,0.044685862958431244,0.024012882262468338,0.04519948735833168,0.33049070835113525,0.01747463457286358,0.07638342678546906,0.02265707589685917,0.019706711173057556,0.10878811031579971,0.03680871054530144,0.029498975723981857,0.04076937213540077,0.08732862025499344,0.04650719463825226,0.05217898637056351,0.02880077436566353,0.047800175845623016,0.06291095167398453,0.05902223289012909,0.05845045670866966,0.021177498623728752,0.023046687245368958,0.04143610596656799,0.014312800951302052,0.05084359273314476,0.009085716679692268,0.33192336559295654,0.030000485479831696,0.015079141594469547,0.18930715322494507,0.016924908384680748,0.006045954301953316,0.008042390458285809,0.010320289060473442,0.24084849655628204,0.05682216212153435,0.0070243761874735355,0.035237450152635574,0.00611327588558197,0.041173920035362244,0.0397518165409565,0.00442518712952733,0.0048589082434773445,0.011804521083831787,0.144852876663208,0.05980287119746208,0.018295465037226677,0.023255467414855957,0.06141386553645134,0.07722276449203491,0.011388387531042099,0.002702456433326006,0.03893754258751869,,,,,,,,,,,,,,,
unknown,戦,298,299,397.83762,398.2371,0.9946289,,0.059133123606443405,0.03075246885418892,0.03802758827805519,0.3269350230693817,0.010901353321969509,0.048753492534160614,0.011438058689236641,0.019183404743671417,0.07777466624975204,0.02835000678896904,0.027699563652276993,0.04062486067414284,0.05711523815989494,0.04081151634454727,0.046746887266635895,0.029549412429332733,0.025536205619573593,0.07958399504423141,0.029334738850593567,0.0392957478761673,0.008929855190217495,0.010839605703949928,0.02888619154691696,0.011901935562491417,0.026800042018294334,0.00719050457701087,0.4797331392765045,0.023477185517549515,0.010735918767750263,0.24977709352970123,0.008328774943947792,0.00948365032672882,0.004231131635606289,0.004351325333118439,0.23231802880764008,0.07415224611759186,0.009266789071261883,0.06331343203783035,0.003043142845854163,0.06428380310535431,0.034152258187532425,0.0037758806720376015,0.0036981578450649977,0.006457746494561434,0.13987448811531067,0.059834469109773636,0.008279932662844658,0.011989994905889034,0.03127559646964073,0.06455511599779129,0.010857134126126766,0.0023393791634589434,0.06063162535429001,,,,,,,,,,,,,,,
unknown,争,300,301,398.2371,398.7371,0.93652344,,0.07823346555233002,0.033138204365968704,0.06251309812068939,0.2739749550819397,0.009805022738873959,0.05042000859975815,0.010376433841884136,0.02961105667054653,0.060652200132608414,0.03588871285319328,0.029939213767647743,0.049110930413007736,0.07809809595346451,0.04644617438316345,0.03788201883435249,0.035446323454380035,0.044367749243974686,0.06429923325777054,0.036791373044252396,0.03812839090824127,0.009813289158046246,0.011064688675105572,0.027488818392157555,0.016047073528170586,0.022611849009990692,0.00459199259057641,0.45781779289245605,0.03422629088163376,0.011870430782437325,0.26192837953567505,0.007726622745394707,0.01028588879853487,0.00344514986500144,0.004463200457394123,0.3038834035396576,0.07825621217489243,0.006417033728212118,0.04282722994685173,0.0029456326737999916,0.051545802503824234,0.036270253360271454,0.003701559966430068,0.002765154466032982,0.005671234335750341,0.08255046606063843,0.08039305359125137,0.008981026709079742,0.010170099325478077,0.03822553902864456,0.0997026264667511,0.005861736834049225,0.0020512938499450684,0.0516403466463089,,,,,,,,,,,,,,,
unknown,開,302,303,403.78964,403.98938,0.92333984,,0.07346707582473755,0.03160395100712776,0.0646696612238884,0.31478652358055115,0.008033305406570435,0.03974694758653641,0.008851442486047745,0.030042648315429688,0.06167982891201973,0.028093697503209114,0.027881329879164696,0.05208972841501236,0.08818066865205765,0.04859742894768715,0.03582964465022087,0.03294775262475014,0.03074975311756134,0.07000364363193512,0.03181605413556099,0.033635467290878296,0.008298350498080254,0.009646433405578136,0.026218533515930176,0.017781220376491547,0.023204799741506577,0.005134444683790207,0.4870172142982483,0.036098651587963104,0.009845544584095478,0.27062463760375977,0.006847286596894264,0.009058751165866852,0.0036424051504582167,0.004452680703252554,0.2962820529937744,0.0831039622426033,0.00643618730828166,0.045203257352113724,0.002765373094007373,0.06181721016764641,0.03404860943555832,0.0031448700465261936,0.0026811338029801846,0.005479956977069378,0.09281452000141144,0.07539829611778259,0.007775265257805586,0.010600833222270012,0.03491823375225067,0.08761422336101532,0.006703542545437813,0.0018692270386964083,0.06147932633757591,,,,,,,,,,,,,,,
unknown,け,304,305,403.98938,404.22906,0.9941406,,0.09415355324745178,0.03941000998020172,0.072029247879982,0.24721968173980713,0.012081633321940899,0.06175082549452782,0.00931366067379713,0.045709848403930664,0.053782254457473755,0.030315574258565903,0.03379740193486214,0.07120867818593979,0.11431054025888443,0.06073053926229477,0.038673285394907,0.028825566172599792,0.028297051787376404,0.06621395796537399,0.039002105593681335,0.0450558103621006,0.010911167599260807,0.011505002155900002,0.030943067744374275,0.018101610243320465,0.02143954485654831,0.005484615918248892,0.37254685163497925,0.055726394057273865,0.01193967554718256,0.20466992259025574,0.007070030085742474,0.006640398874878883,0.0028440970927476883,0.005005829501897097,0.3285391330718994,0.05997713655233383,0.008032100275158882,0.03851599246263504,0.0034307590685784817,0.050227560102939606,0.041674572974443436,0.0033005119767040014,0.005441692192107439,0.00461281044408679,0.07448264211416245,0.07181035727262497,0.01904732920229435,0.010244646109640598,0.04877913370728493,0.10814004391431808,0.006239904090762138,0.002731404500082135,0.05069857835769653,,,,,,,,,,,,,,,
unknown,る,306,307,404.22906,404.72906,0.97265625,,0.06852875649929047,0.03279842063784599,0.06859244406223297,0.23764467239379883,0.006575777195394039,0.0431683287024498,0.010609352961182594,0.035492636263370514,0.05506652593612671,0.029523493722081184,0.03603416308760643,0.09829287976026535,0.13877184689044952,0.07359429448843002,0.0265455711632967,0.023482374846935272,0.03087949939072132,0.07532282173633575,0.023417869582772255,0.029073340818285942,0.0064035928808152676,0.009785943664610386,0.03518392890691757,0.015787780284881592,0.016871506348252296,0.0042067947797477245,0.3798322379589081,0.060106854885816574,0.00803919043391943,0.2082933485507965,0.00793101079761982,0.004318913910537958,0.0021926069166511297,0.00392913119867444,0.3880762457847595,0.050496384501457214,0.007335300091654062,0.0386301726102829,0.0023161545395851135,0.03869255632162094,0.03704695776104927,0.0022439861204475164,0.005801739636808634,0.0029738249722868204,0.052798084914684296,0.05718197673559189,0.020327351987361908,0.007198604289442301,0.03499424830079079,0.08522637188434601,0.004805183038115501,0.002286540810018778,0.03794410824775696,,,,,,,,,,,,,,,
unknown,子,308,309,409.8615,410.06125,0.9355469,,0.07209306210279465,0.04129066690802574,0.07651668787002563,0.23491965234279633,0.0038843003567308187,0.03169054165482521,0.009566279128193855,0.03872383013367653,0.05134044960141182,0.02407638169825077,0.03610566630959511,0.08855043351650238,0.1231832429766655,0.07366790622472763,0.01871863380074501,0.02522291988134384,0.03342394530773163,0.07781870663166046,0.02039838768541813,0.02246883697807789,0.004451615270227194,0.00803508423268795,0.032201994210481644,0.018399769440293312,0.015580878593027592,0.004198126960545778,0.425180047750473,0.06493629515171051,0.007544018793851137,0.24270369112491608,0.006664032582193613,0.0039953612722456455,0.002446654951199889,0.0029334016144275665,0.4016263782978058,0.06147386133670807,0.01047136913985014,0.039424117654561996,0.001843455946072936,0.041385818272829056,0.04064875841140747,0.0022893762215971947,0.007493346929550171,0.002876227255910635,0.04134373366832733,0.06026534363627434,0.023702751845121384,0.00691655557602644,0.0332542322576046,0.10112075507640839,0.005215697456151247,0.0018909766804426908,0.03737063333392143,,,,,,,,,,,,,,,
unknown,ど,310,311,410.06125,410.30093,0.47509766,,0.0765586569905281,0.04112088680267334,0.08325167745351791,0.22078880667686462,0.004502129275351763,0.03370458260178566,0.01104564219713211,0.03798950836062431,0.048363715410232544,0.017360061407089233,0.029871443286538124,0.09184588491916656,0.11935250461101532,0.07200537621974945,0.01890399120748043,0.025667857378721237,0.03542137145996094,0.08993449807167053,0.020677726715803146,0.024205191060900688,0.005132192745804787,0.009393061511218548,0.032278064638376236,0.018323706462979317,0.017409415915608406,0.003879267955198884,0.4263380765914917,0.05987052246928215,0.00719135906547308,0.2430926412343979,0.008188069798052311,0.004713709466159344,0.0028441024478524923,0.0034456406719982624,0.3802779018878937,0.06004820764064789,0.009930159896612167,0.03563806042075157,0.001885961159132421,0.047762151807546616,0.04987340047955513,0.0028269686736166477,0.006179593037813902,0.0027706786058843136,0.038248542696237564,0.07073722779750824,0.020834211260080338,0.007715622428804636,0.03474454581737518,0.11317678540945053,0.004752789158374071,0.001567243947647512,0.04435035586357117,,,,,,,,,,,,,,,
unknown,も,312,313,410.30093,410.80093,0.6791992,,0.06001242250204086,0.03246520087122917,0.06527959555387497,0.19086983799934387,0.005370854865759611,0.042505841702222824,0.011547673493623734,0.030167264863848686,0.049724169075489044,0.026180600747466087,0.03562752157449722,0.097099170088768,0.13160622119903564,0.0717504695057869,0.021220289170742035,0.02449505403637886,0.03915832191705704,0.08875112980604172,0.020561495795845985,0.025787020102143288,0.005002246238291264,0.008952513337135315,0.03496646136045456,0.015012433752417564,0.013640179298818111,0.0032570797484368086,0.3855868875980377,0.05174245685338974,0.007786921225488186,0.22739581763744354,0.007468997500836849,0.004448768682777882,0.002439423231408,0.002651282586157322,0.3969511091709137,0.05078025162220001,0.007777516730129719,0.025706719607114792,0.0015344867715612054,0.035068903118371964,0.04517297446727753,0.002859964035451412,0.00577704980969429,0.002500176662579179,0.03795761242508888,0.061343081295490265,0.021286752074956894,0.006429719738662243,0.031574733555316925,0.09711140394210815,0.004266634117811918,0.0019209481542930007,0.03528986871242523,,,,,,,,,,,,,,,
unknown,い,314,315,415.947,416.10675,0.99365234,,0.08857845515012741,0.032045260071754456,0.0760878175497055,0.17103809118270874,0.0036655834410339594,0.039230283349752426,0.008429688401520252,0.04460190236568451,0.03629908710718155,0.01670241914689541,0.03289686515927315,0.11372663825750351,0.12440600991249084,0.09432153403759003,0.018504124134778976,0.020546218380331993,0.02999076247215271,0.10649003833532333,0.019624415785074234,0.02244517020881176,0.003522673388943076,0.005906484089791775,0.03823360055685043,0.01259891502559185,0.009921283461153507,0.002916110446676612,0.3981538712978363,0.05585559457540512,0.01146853156387806,0.22608035802841187,0.004639947321265936,0.004569815006107092,0.0016629493329674006,0.0015161128249019384,0.4640927314758301,0.04472125694155693,0.005878606345504522,0.017325853928923607,0.0009817283134907484,0.03353813290596008,0.06440449506044388,0.0032458731438964605,0.005389731843024492,0.0016484453808516264,0.036231935024261475,0.06279558688402176,0.01986883394420147,0.004816513974219561,0.03335828334093094,0.15151843428611755,0.003959085792303085,0.0017704832134768367,0.03790105879306793,,,,,,,,,,,,,,,
unknown,や,316,317,416.10675,416.60675,0.97558594,,0.06608406454324722,0.025060271844267845,0.05564263090491295,0.2209094613790512,0.005783046595752239,0.049230895936489105,0.008494765497744083,0.030128417536616325,0.04280993714928627,0.021634062752127647,0.036647215485572815,0.104092076420784,0.11502671986818314,0.08055512607097626,0.029071368277072906,0.02262478694319725,0.02542729489505291,0.1128809005022049,0.017018893733620644,0.032023195177316666,0.005484241526573896,0.005796770565211773,0.04167626053094864,0.012257489375770092,0.011353259906172752,0.0025682055857032537,0.36644861102104187,0.044055238366127014,0.011098071001470089,0.20777779817581177,0.005168593488633633,0.003062934149056673,0.0015673857415094972,0.0018372912891209126,0.3918827772140503,0.04354056715965271,0.005457425490021706,0.017291707918047905,0.0009411690989509225,0.04481382668018341,0.04925762861967087,0.003083027433604002,0.005175905767828226,0.0014093095669522882,0.05424179509282112,0.06519699096679688,0.024432886391878128,0.005553902126848698,0.029333824291825294,0.10699404031038284,0.003605490317568183,0.002002451568841934,0.04685563966631889,,,,,,,,,,,,,,,
unknown,ヒ,318,319,421.8574,421.93726,0.9975586,,0.0676063597202301,0.02710149623453617,0.07848875969648361,0.21461613476276398,0.00414007855579257,0.049276772886514664,0.00873029138892889,0.03882843255996704,0.04465341195464134,0.032119836658239365,0.028232567012310028,0.07050531357526779,0.12890097498893738,0.08947738260030746,0.020488077774643898,0.028039228171110153,0.05170975252985954,0.0673065334558487,0.03384368121623993,0.030233271420001984,0.006328337825834751,0.007925587706267834,0.03889717534184456,0.024020880460739136,0.015654994174838066,0.002127693733200431,0.3336876332759857,0.06611283868551254,0.01163465902209282,0.22105474770069122,0.004832450300455093,0.0034133875742554665,0.002356348792091012,0.0020925861317664385,0.336029052734375,0.05521366000175476,0.005513251293450594,0.021732011809945107,0.001600417192094028,0.0262078195810318,0.06971607357263565,0.004199167713522911,0.007322813384234905,0.0027428166940808296,0.037846099585294724,0.07912462204694748,0.04689858481287956,0.007789862807840109,0.03968507796525955,0.1450011283159256,0.002171954372897744,0.0038902072701603174,0.036037445068359375,,,,,,,,,,,,,,,
unknown,ン,320,321,421.93726,422.01712,0.9345703,,0.054338239133358,0.032394785434007645,0.07482430338859558,0.20214791595935822,0.0062407683581113815,0.05136124789714813,0.011261298321187496,0.03453461453318596,0.05282573774456978,0.03664300590753555,0.024004032835364342,0.0680413469672203,0.1322084218263626,0.07328696548938751,0.024110358208417892,0.021878942847251892,0.056554995477199554,0.05955449491739273,0.026048287749290466,0.03581679239869118,0.00904655922204256,0.00985775701701641,0.03597036749124527,0.030330844223499298,0.01606726087629795,0.002523200586438179,0.3456697463989258,0.07517503201961517,0.01034069899469614,0.25880876183509827,0.006750139407813549,0.002685240935534239,0.00259248074144125,0.0032171430066227913,0.34883570671081543,0.05756700038909912,0.0073619503527879715,0.01708553545176983,0.0015578572638332844,0.02159443125128746,0.05209513008594513,0.0026440478395670652,0.011293012648820877,0.0024430810008198023,0.03508225455880165,0.05873764678835869,0.08062826097011566,0.00818746630102396,0.03569084405899048,0.1062944307923317,0.0024419748224318027,0.0035399470943957567,0.026317304000258446,,,,,,,,,,,,,,,
unknown,ト,322,323,422.01712,422.51712,0.99365234,,0.03592618927359581,0.017994269728660583,0.053759150207042694,0.1676037460565567,0.010121412575244904,0.09117276966571808,0.01897684670984745,0.019890204071998596,0.07378335297107697,0.052980344742536545,0.034049056470394135,0.09248394519090652,0.12437478452920914,0.08083195984363556,0.03463875129818916,0.022900031879544258,0.0457572266459465,0.07900417596101761,0.04240606725215912,0.061177000403404236,0.013231654651463032,0.01646028831601143,0.04836076870560646,0.014771782793104649,0.023084266111254692,0.00419835839420557,0.2700580358505249,0.047620825469493866,0.009306235238909721,0.15984748303890228,0.01109360158443451,0.0030132236424833536,0.004141042474657297,0.004438158590346575,0.3096310496330261,0.030872879549860954,0.004943665582686663,0.015223105438053608,0.0028150626458227634,0.019963419064879417,0.06492044031620026,0.004164967220276594,0.007121744565665722,0.0038522451650351286,0.046772923320531845,0.0565386638045311,0.04942929744720459,0.01185893826186657,0.045050159096717834,0.07329189032316208,0.004311832133680582,0.005671803839504719,0.02533000521361828,,,,,,,,,,,,,,,
unknown,塩,324,325,428.38998,428.88998,0.9838867,,0.022534320130944252,0.01375436782836914,0.03703919053077698,0.13521495461463928,0.013129280880093575,0.1007637232542038,0.028388725593686104,0.011602682992815971,0.08192407339811325,0.043315719813108444,0.03295283764600754,0.08810991048812866,0.1206035315990448,0.08527003228664398,0.03615806624293327,0.0215037502348423,0.1012767106294632,0.10646472126245499,0.04626074433326721,0.05942535027861595,0.015235699713230133,0.02338854968547821,0.054097980260849,0.014640800654888153,0.027912208810448647,0.005028062034398317,0.23373450338840485,0.03812255710363388,0.010301954112946987,0.1282033920288086,0.014017660170793533,0.0037547354586422443,0.009792177937924862,0.004340214189141989,0.27984869480133057,0.024807581678032875,0.0049512735567986965,0.010167422704398632,0.003407518845051527,0.01569635048508644,0.06418537348508835,0.004513862542808056,0.007760514505207539,0.004927447065711021,0.04169280081987381,0.05324885621666908,0.06609106063842773,0.017431652173399925,0.034612733870744705,0.04533183202147484,0.005212629679590464,0.006204075179994106,0.02038486674427986,,,,,,,,,,,,,,,
unknown,か,326,327,439.8014,440.0412,0.59228516,,0.024494752287864685,0.016258956864476204,0.05189206451177597,0.13970857858657837,0.011420049704611301,0.069924496114254,0.018500691279768944,0.017315128818154335,0.046124186366796494,0.03828098624944687,0.034656643867492676,0.08529423922300339,0.13399629294872284,0.10412367433309555,0.036099545657634735,0.02358834259212017,0.1328260600566864,0.08267861604690552,0.031798020005226135,0.05088573321700096,0.015104579739272594,0.017296884208917618,0.04641415551304817,0.022300265729427338,0.01300180796533823,0.0033773023169487715,0.2612055540084839,0.055720336735248566,0.010181582532823086,0.15465407073497772,0.011484925635159016,0.003643366973847151,0.005529017653316259,0.00482579180970788,0.3346545696258545,0.03330502659082413,0.0055951206013560295,0.014221366494894028,0.002564319409430027,0.014532560482621193,0.04463040083646774,0.0027638489846140146,0.007941321469843388,0.0038323719054460526,0.04652826488018036,0.0520901158452034,0.06437517702579498,0.01057139877229929,0.028522446751594543,0.04511338844895363,0.003289974294602871,0.005177358165383339,0.019112437963485718,,,,,,,,,,,,,,,
unknown,け,328,329,440.0412,440.281,0.9633789,,0.07316579669713974,0.03996146097779274,0.06554411351680756,0.16705799102783203,0.014003105461597443,0.07582015544176102,0.01283861231058836,0.03398440405726433,0.03816720470786095,0.0226412545889616,0.027065200731158257,0.04972522333264351,0.09776049107313156,0.06981822848320007,0.04677721858024597,0.03261599689722061,0.13593058288097382,0.06644120067358017,0.035957708954811096,0.06228473782539368,0.018411114811897278,0.013029579073190689,0.03688783943653107,0.029630856588482857,0.011824099346995354,0.00409433338791132,0.34459251165390015,0.056033339351415634,0.018531497567892075,0.20357763767242432,0.007808777969330549,0.011004218831658363,0.004596363753080368,0.004155621398240328,0.31958261132240295,0.06739413738250732,0.011399883776903152,0.011919927783310413,0.0023024112451821566,0.020205454900860786,0.0483209490776062,0.0049985661171376705,0.009222947061061859,0.003598056500777602,0.0750388354063034,0.08175533264875412,0.05486743524670601,0.009578940458595753,0.03646811470389366,0.09480840712785721,0.004967404995113611,0.0035449527204036713,0.026627229526638985,,,,,,,,,,,,,,,
unknown,る,330,331,440.281,440.781,0.98583984,,0.023163778707385063,0.014541255310177803,0.029516493901610374,0.13340285420417786,0.01089821569621563,0.08787503093481064,0.03688464313745499,0.014145432971417904,0.06581360846757889,0.03346437215805054,0.035624124109745026,0.0838993638753891,0.13663990795612335,0.07923980057239532,0.03298807144165039,0.025080040097236633,0.10380949825048447,0.08796412497758865,0.03883495181798935,0.05714276060461998,0.014863066375255585,0.024893904104828835,0.06450126320123672,0.01890496537089348,0.01851273514330387,0.0049208542332053185,0.2640261650085449,0.03606569394469261,0.007405517157167196,0.17510506510734558,0.01886347495019436,0.00591848511248827,0.00858505442738533,0.005048129707574844,0.30570271611213684,0.029079750180244446,0.0062781814485788345,0.007175548002123833,0.0026997237000614405,0.012677974067628384,0.05888855829834938,0.0076733841560781,0.006847070064395666,0.003421688685193658,0.05022268742322922,0.061722613871097565,0.059279438108205795,0.01258031465113163,0.04578797146677971,0.06870856136083603,0.005788307636976242,0.009665708988904953,0.0211400855332613,,,,,,,,,,,,,,,
unknown,す,332,333,445.67667,445.91647,0.9794922,,0.01487167552113533,0.014292343519628048,0.019888386130332947,0.11557962745428085,0.012578114867210388,0.08743470907211304,0.03421979770064354,0.010108120739459991,0.09350915253162384,0.03251258656382561,0.030080970376729965,0.05639622360467911,0.1035669595003128,0.06614696979522705,0.031814269721508026,0.02170952782034874,0.084954634308815,0.06415937840938568,0.03934720158576965,0.05890987068414688,0.01763172633945942,0.024330930784344673,0.04808236286044121,0.01676723174750805,0.02873534895479679,0.004628555383533239,0.29356542229652405,0.026583204045891762,0.005364895332604647,0.2220190316438675,0.015053078532218933,0.005555600859224796,0.018072443082928658,0.005163238849490881,0.28277409076690674,0.03730743005871773,0.007488171570003033,0.012402994558215141,0.0023818572517484426,0.011343691498041153,0.08199923485517502,0.005401316564530134,0.00695699080824852,0.0037245999556034803,0.03504862263798714,0.048236873000860214,0.03870881348848343,0.01893289014697075,0.049704670906066895,0.07081598043441772,0.004966097883880138,0.007599888369441032,0.0162817295640707,,,,,,,,,,,,,,,
unknown,る,334,335,445.91647,446.41647,0.92333984,,0.019954202696681023,0.01840183511376381,0.0259565319865942,0.15791097283363342,0.007394001819193363,0.06581452488899231,0.024798326194286346,0.012373498640954494,0.1095123216509819,0.04316509887576103,0.041485369205474854,0.05586006119847298,0.11445335298776627,0.08287527412176132,0.032438088208436966,0.026315584778785706,0.08278614282608032,0.0492795966565609,0.03290585055947304,0.0485617034137249,0.015416031703352928,0.015788763761520386,0.04958919808268547,0.018619628623127937,0.030781345441937447,0.005618484690785408,0.23171646893024445,0.035963889211416245,0.007701554335653782,0.1729353815317154,0.00988647062331438,0.004304044879972935,0.015105245634913445,0.003680776571854949,0.3092084228992462,0.03825750574469566,0.009627709165215492,0.01206323504447937,0.002259525703266263,0.013561921194195747,0.07993850857019424,0.0051099141128361225,0.012112429365515709,0.0036090353969484568,0.04217079281806946,0.056946080178022385,0.08050254732370377,0.020255491137504578,0.036549393087625504,0.06180872768163681,0.006364705506712198,0.008872320875525475,0.015194484032690525,,,,,,,,,,,,,,,
unknown,場,336,337,459.06534,459.225,0.97558594,,0.01957058720290661,0.02189108543097973,0.02448791265487671,0.09359856694936752,0.012471807189285755,0.08396602421998978,0.015106279402971268,0.01038430817425251,0.05566670745611191,0.04875733703374863,0.03073497861623764,0.06289573758840561,0.10309148579835892,0.060668934136629105,0.03126857802271843,0.01804521307349205,0.10931409895420074,0.09258609265089035,0.0240470003336668,0.03845791891217232,0.00829158816486597,0.01224824134260416,0.02614784426987171,0.01726832054555416,0.007843825966119766,0.0034619795624166727,0.42384034395217896,0.03099980764091015,0.00750954682007432,0.2888762950897217,0.004574268590658903,0.0035036762710660696,0.004726615268737078,0.0015399000840261579,0.38887807726860046,0.04423895850777626,0.009769100695848465,0.01098560355603695,0.001555665978230536,0.011954190209507942,0.0323539674282074,0.0017358531476929784,0.009686178527772427,0.0025939533952623606,0.021206147968769073,0.03629034385085106,0.052496057003736496,0.0063566286116838455,0.019451985135674477,0.03395643085241318,0.003568827174603939,0.007249448448419571,0.012857085093855858,,,,,,,,,,,,,,,
unknown,所,338,339,459.225,459.34473,0.9790039,,0.02617095410823822,0.025898072868585587,0.028587467968463898,0.0657532587647438,0.020507730543613434,0.12460782378911972,0.011590307578444481,0.013486674055457115,0.043476399034261703,0.037261880934238434,0.03532218933105469,0.06344203650951385,0.09723757952451706,0.06513164192438126,0.0416218526661396,0.019614292308688164,0.09618760645389557,0.09574843943119049,0.03578261286020279,0.06597981601953506,0.012686328031122684,0.012238772585988045,0.02429617941379547,0.0165591761469841,0.007342509459704161,0.00491954293102026,0.3414415419101715,0.03182697296142578,0.010959391482174397,0.20922279357910156,0.0034461331088095903,0.004495295230299234,0.005767000839114189,0.001600972842425108,0.36915263533592224,0.03581998869776726,0.010915535502135754,0.00962912943214178,0.0016739775892347097,0.012808404862880707,0.0466618612408638,0.002817294793203473,0.011898166500031948,0.0030554679688066244,0.018745288252830505,0.04305923730134964,0.07249812036752701,0.007844151929020882,0.0262362752109766,0.041288111358881,0.005838688462972641,0.008054175414144993,0.015190829522907734,,,,,,,,,,,,,,,
unknown,を,340,341,459.34473,459.84473,0.9082031,,0.02785053662955761,0.04215967655181885,0.03126715496182442,0.054133567959070206,0.04257328435778618,0.17409449815750122,0.014609993435442448,0.012066731229424477,0.06400766968727112,0.03314833715558052,0.02314499393105507,0.03968670591711998,0.09567776322364807,0.03491011634469032,0.043009769171476364,0.016124499961733818,0.14014573395252228,0.07824968546628952,0.0538964681327343,0.0707344338297844,0.019629191607236862,0.02239202708005905,0.01600821688771248,0.019834257662296295,0.016439437866210938,0.00608684541657567,0.23341430723667145,0.034702811390161514,0.011936438269913197,0.15921235084533691,0.0043541984632611275,0.0058888583444058895,0.009919838979840279,0.002732671331614256,0.24813926219940186,0.03215062990784645,0.02273637242615223,0.013554959557950497,0.0036282024811953306,0.013166717253625393,0.03734781593084335,0.0029622202273458242,0.03241684287786484,0.006368968170136213,0.01374017633497715,0.03846270591020584,0.20546941459178925,0.014052469283342361,0.03380763530731201,0.034307919442653656,0.0061005884781479836,0.0071587651036679745,0.013119034469127655,,,,,,,,,,,,,,,
unknown,沈,342,343,464.11328,464.47305,0.93847656,,0.04164009541273117,0.058781299740076065,0.06349131464958191,0.1262798309326172,0.009576300159096718,0.05864793434739113,0.011973626911640167,0.022235844284296036,0.11251048743724823,0.025531845167279243,0.03531189262866974,0.03481975942850113,0.1281554102897644,0.048383064568042755,0.027377383783459663,0.026741873472929,0.11677494645118713,0.0273286160081625,0.03245779871940613,0.043501824140548706,0.018867038190364838,0.015333524905145168,0.016179155558347702,0.0341465137898922,0.04281047359108925,0.009734179824590683,0.1702384501695633,0.06326110661029816,0.008488484658300877,0.12177956104278564,0.004442036617547274,0.01022265199571848,0.017565084621310234,0.004498918540775776,0.2724738121032715,0.04970965534448624,0.029424341395497322,0.030122989788651466,0.003653161460533738,0.01274491474032402,0.061172787100076675,0.006339666899293661,0.04425310343503952,0.005566797684878111,0.02130928449332714,0.06339692324399948,0.29684847593307495,0.024734927341341972,0.038371093571186066,0.07125003635883331,0.01045188121497631,0.005686864256858826,0.013130413368344307,,,,,,,,,,,,,,,
unknown,め,344,345,464.47305,464.63293,0.9995117,,0.08047240227460861,0.10800637304782867,0.07904409617185593,0.0992477536201477,0.005277741700410843,0.043159786611795425,0.009522980079054832,0.037946756929159164,0.07495099306106567,0.027651047334074974,0.038233738392591476,0.03102196753025055,0.2102862298488617,0.07017246633768082,0.018981067463755608,0.028219202533364296,0.10324070602655411,0.02045978233218193,0.029613390564918518,0.030774498358368874,0.007795944344252348,0.011457988061010838,0.02185838855803013,0.03744751587510109,0.016514373943209648,0.008408801630139351,0.17008475959300995,0.0946107879281044,0.009886681102216244,0.1122809648513794,0.00313909281976521,0.011221715249121189,0.007097390480339527,0.001992996549233794,0.3095819652080536,0.0601658821105957,0.05721305310726166,0.03602918982505798,0.0032219896093010902,0.009688185527920723,0.054644208401441574,0.005633866414427757,0.08267610520124435,0.006234972737729549,0.016926581040024757,0.05292335897684097,0.3261074423789978,0.01187022216618061,0.030396712943911552,0.07446121424436569,0.00941931176930666,0.01090157125145197,0.009900056757032871,,,,,,,,,,,,,,,
unknown,る,346,347,464.63293,465.13293,0.99902344,,0.05702796205878258,0.10197459906339645,0.060207925736904144,0.13845132291316986,0.008639289997518063,0.057275090366601944,0.008624857291579247,0.029355548322200775,0.06889574974775314,0.02186538279056549,0.03286749869585037,0.026926418766379356,0.1299809068441391,0.0441831611096859,0.02531903050839901,0.028270971029996872,0.06641499698162079,0.028945837169885635,0.02068420872092247,0.03454121947288513,0.008954083546996117,0.010111033916473389,0.013280007056891918,0.04115026816725731,0.016198644414544106,0.007800379768013954,0.2540144920349121,0.06743524968624115,0.008598847314715385,0.18289992213249207,0.002625078661367297,0.008840956725180149,0.0077446745708584785,0.0020347018726170063,0.2638860046863556,0.08849314600229263,0.0665939450263977,0.022399403154850006,0.0024831437040120363,0.018570292741060257,0.04144483432173729,0.004015188664197922,0.0625021755695343,0.004245526157319546,0.027529682964086533,0.054254043847322464,0.21206800639629364,0.011113792657852173,0.026057863608002663,0.06456293165683746,0.009355765767395496,0.007813362404704094,0.014240202493965626,,,,,,,,,,,,,,,
unknown,寝,348,349,469.78952,469.9494,0.5185547,,0.05396363139152527,0.07055619359016418,0.08752809464931488,0.10140680521726608,0.006541945040225983,0.05706208199262619,0.010432788170874119,0.05585141479969025,0.05411381274461746,0.015127710066735744,0.031847912818193436,0.041104838252067566,0.2300644963979721,0.0913531631231308,0.024791797623038292,0.018215566873550415,0.03506573289632797,0.016421262174844742,0.03230013698339462,0.060766782611608505,0.019227055832743645,0.015648355707526207,0.024484500288963318,0.026088949292898178,0.016601702198386192,0.011096148751676083,0.13071183860301971,0.09106598049402237,0.006294995080679655,0.0927538126707077,0.005036468617618084,0.006495135370641947,0.008891811594367027,0.00641053169965744,0.2951473891735077,0.03971448168158531,0.03441944345831871,0.023627540096640587,0.0036187826190143824,0.010173043236136436,0.07781277596950531,0.0036169050727039576,0.030440710484981537,0.0062425145879387856,0.029495157301425934,0.0361606702208519,0.1202564686536789,0.014721260406076908,0.07261691987514496,0.0932903066277504,0.011699746362864971,0.00845095794647932,0.00814979337155819,,,,,,,,,,,,,,,
unknown,る,350,351,469.9494,470.4494,0.97753906,,0.021157439798116684,0.03382522612810135,0.04236646369099617,0.127806156873703,0.010766128078103065,0.09155937284231186,0.012836888432502747,0.02019939385354519,0.0490451455116272,0.03835393115878105,0.06607843935489655,0.05172838270664215,0.15917961299419403,0.11862389743328094,0.04509039223194122,0.018111014738678932,0.04310552030801773,0.023027637973427773,0.03684469312429428,0.09077285975217819,0.024347955361008644,0.018735259771347046,0.031212687492370605,0.01278637070208788,0.01267932541668415,0.012785552069544792,0.06714683026075363,0.05695807561278343,0.006435280665755272,0.042095884680747986,0.0067492080852389336,0.0029011149890720844,0.006692864000797272,0.005835411604493856,0.2444021999835968,0.019915824756026268,0.03113185055553913,0.026120364665985107,0.005079727619886398,0.007344142068177462,0.07505665719509125,0.0030320219229906797,0.04278096184134483,0.008683278225362301,0.05779765918850899,0.026035161688923836,0.16703566908836365,0.013380718417465687,0.04083551466464996,0.028858911246061325,0.013974541798233986,0.01979007199406624,0.0060426765121519566,,,,,,,,,,,,,,,
unknown,使,352,353,475.8255,476.18524,0.74316406,,0.022707512602210045,0.042535450309515,0.04166007414460182,0.13116781413555145,0.019961567595601082,0.12963442504405975,0.01595960557460785,0.019500568509101868,0.05145617574453354,0.03107054904103279,0.054153356701135635,0.04188183322548866,0.11668410152196884,0.09271872788667679,0.05167460814118385,0.021115045994520187,0.06756850332021713,0.028311895206570625,0.0649084597826004,0.11948636919260025,0.0375857874751091,0.029372021555900574,0.023850850760936737,0.018329430371522903,0.01881052739918232,0.016820814460515976,0.08419746905565262,0.05296570807695389,0.00787363015115261,0.06020735204219818,0.008350813761353493,0.003307885490357876,0.011449568904936314,0.009033438749611378,0.21346095204353333,0.025617992505431175,0.04197278991341591,0.04246767237782478,0.008920704945921898,0.010194697417318821,0.07873257994651794,0.00434032641351223,0.05487198010087013,0.015488424338400364,0.042203113436698914,0.03569220378994942,0.23484236001968384,0.02089070715010166,0.0564890131354332,0.032370470464229584,0.016662316396832466,0.017362773418426514,0.008636590093374252,,,,,,,,,,,,,,,
unknown,う,354,355,476.18524,476.58,0.9145508,,0.008015915751457214,0.01386299543082714,0.02488737180829048,0.12326668947935104,0.009277218952775002,0.08351954817771912,0.017089076340198517,0.012210365384817123,0.05834106728434563,0.03162778541445732,0.059475116431713104,0.0500185489654541,0.1824144423007965,0.1388576626777649,0.04271189495921135,0.015239010564982891,0.034829527139663696,0.01992170698940754,0.036540158092975616,0.1026163175702095,0.03122926875948906,0.022300442680716515,0.03659525513648987,0.011278579011559486,0.015150133520364761,0.011337388306856155,0.058757733553647995,0.0401347354054451,0.003524737898260355,0.04268505424261093,0.009125631302595139,0.0016395990969613194,0.01084899716079235,0.008744931779801846,0.23351742327213287,0.012388382107019424,0.014863553456962109,0.025057751685380936,0.004033540841192007,0.005722179543226957,0.08357904851436615,0.003244842402637005,0.021713729947805405,0.007543911691755056,0.05752282589673996,0.022592144086956978,0.1332886517047882,0.01722520776093006,0.053310006856918335,0.026112306863069534,0.011466211639344692,0.021994367241859436,0.005570904817432165,,,,,,,,,,,,,,,
unknown,心,356,357,482.75998,483.25998,0.9633789,,0.033086977899074554,0.04090329259634018,0.07180977612733841,0.107712522149086,0.007490148302167654,0.06263218820095062,0.013645478524267673,0.039911478757858276,0.039155684411525726,0.021764997392892838,0.0452180951833725,0.05909454822540283,0.2103562355041504,0.22777476906776428,0.04319275543093681,0.021107034757733345,0.05462047830224037,0.031210891902446747,0.041634686291217804,0.07719067484140396,0.02211523801088333,0.01703382469713688,0.054095860570669174,0.021369177848100662,0.011088362894952297,0.008477132767438889,0.08853981643915176,0.1153586357831955,0.008317752741277218,0.05509668216109276,0.007575008552521467,0.00536498986184597,0.00627813721075654,0.005977180786430836,0.21774162352085114,0.02794584445655346,0.03045576997101307,0.03833373263478279,0.004145346116274595,0.008764810860157013,0.09936225414276123,0.003815546864643693,0.05383680760860443,0.01105981133878231,0.06971831619739532,0.03189301863312721,0.1533043384552002,0.013994903303682804,0.041719648987054825,0.04297184199094772,0.007814504206180573,0.013231185264885426,0.008970055729150772,,,,,,,,,,,,,,,
unknown,海,358,359,488.31998,488.81998,0.9194336,,0.01545157190412283,0.023675857111811638,0.034240756183862686,0.12556150555610657,0.008240532130002975,0.0966983363032341,0.02197997458279133,0.014461060985922813,0.07050161808729172,0.036346253007650375,0.0344621017575264,0.021299630403518677,0.10518550872802734,0.1311008632183075,0.038796566426754,0.021071700379252434,0.1048273891210556,0.016996905207633972,0.11652154475450516,0.09806322306394577,0.03353279083967209,0.030666127800941467,0.03829479590058327,0.02010807767510414,0.02857964299619198,0.014645063318312168,0.0673833042383194,0.05058012902736664,0.009231689386069775,0.05400754138827324,0.00798068381845951,0.004058134742081165,0.019655674695968628,0.005821987520903349,0.14579200744628906,0.02214009314775467,0.026281917467713356,0.04562899470329285,0.009024926461279392,0.005067142657935619,0.0863431766629219,0.008211404085159302,0.057432446628808975,0.029199590906500816,0.059786468744277954,0.03408913314342499,0.3575279116630554,0.034206390380859375,0.05044913664460182,0.028862617909908295,0.012663590721786022,0.040199924260377884,0.005662383046001196,,,,,,,,,,,,,,,
unknown,ダ,360,361,494.495,494.61502,0.99902344,,0.010350286029279232,0.019759071990847588,0.02466999739408493,0.15248864889144897,0.010630827397108078,0.09501663595438004,0.02376544661819935,0.011733200401067734,0.0841207280755043,0.023767946287989616,0.03404664993286133,0.03497767820954323,0.15617066621780396,0.10534410923719406,0.03428935259580612,0.015739381313323975,0.1042255237698555,0.03521573916077614,0.06725016981363297,0.08348725736141205,0.026892833411693573,0.029366543516516685,0.04284567013382912,0.021078873425722122,0.02927272766828537,0.010894660837948322,0.0940987840294838,0.046128708869218826,0.006146454717963934,0.07426807284355164,0.011063902638852596,0.0027562316972762346,0.022067975252866745,0.007611386012285948,0.1794247180223465,0.021572891622781754,0.02518787607550621,0.02360178530216217,0.0058723147958517075,0.007182018365710974,0.09009487181901932,0.005105519667267799,0.04925520345568657,0.013151685707271099,0.06945782899856567,0.030621664598584175,0.291268527507782,0.028798680752515793,0.0627707690000534,0.03686995804309845,0.010707173496484756,0.015249966643750668,0.008127293549478054,,,,,,,,,,,,,,,
unknown,イ,362,363,494.61502,494.73502,0.99902344,,0.01204274594783783,0.021201832219958305,0.02179013192653656,0.14468856155872345,0.01010684110224247,0.07592495530843735,0.02501177042722702,0.011865672655403614,0.08376306295394897,0.014842844568192959,0.0318170003592968,0.03257899731397629,0.13131840527057648,0.09905914217233658,0.032261986285448074,0.01879650168120861,0.08713547140359879,0.04004881531000137,0.050742633640766144,0.06832266598939896,0.023853452876210213,0.02849305234849453,0.04127801954746246,0.022697502747178078,0.03334885463118553,0.01359018124639988,0.10375066846609116,0.04057701677083969,0.005395977757871151,0.07667745649814606,0.011186676099896431,0.004485296551138163,0.028465254232287407,0.0073257796466350555,0.175693541765213,0.024890398606657982,0.030011707916855812,0.021834995597600937,0.005929490551352501,0.010106178931891918,0.09819208085536957,0.007674939464777708,0.045820094645023346,0.01161179319024086,0.06835700571537018,0.03976862132549286,0.25682681798934937,0.03139781206846237,0.05910615622997284,0.04628609120845795,0.014128818176686764,0.01427957508713007,0.011244053021073341,,,,,,,,,,,,,,,
unknown,ヤ,364,365,494.73502,494.855,0.9916992,,0.01710115745663643,0.03362111747264862,0.02407294698059559,0.10824058204889297,0.008446453139185905,0.05301795154809952,0.020908283069729805,0.012878119945526123,0.05833926796913147,0.015368574298918247,0.0440329983830452,0.03707098960876465,0.08148545026779175,0.0913785845041275,0.02781141735613346,0.029879191890358925,0.0824030339717865,0.06335366517305374,0.03471427410840988,0.038888778537511826,0.013732267543673515,0.02434617280960083,0.02788648009300232,0.02467973902821541,0.022518198937177658,0.01819625496864319,0.1362844705581665,0.04159979149699211,0.004871312063187361,0.08235097676515579,0.008158573880791664,0.007344270125031471,0.026869554072618484,0.004357028286904097,0.15446576476097107,0.03703741729259491,0.05660519003868103,0.02370298095047474,0.0075129372999072075,0.02029571309685707,0.07952629029750824,0.008187348954379559,0.04944171756505966,0.014391111209988594,0.05862761288881302,0.05260919779539108,0.15807093679904938,0.025761738419532776,0.031413063406944275,0.03459346294403076,0.020535113289952278,0.01514715887606144,0.017664877697825432,,,,,,,,,,,,,,,
unknown,モ,366,367,494.855,495.015,0.9975586,,0.00865808967500925,0.02337612770497799,0.014843624085187912,0.13620851933956146,0.014873881824314594,0.07670082151889801,0.02584334835410118,0.006677885074168444,0.08309009671211243,0.01642989180982113,0.03238134831190109,0.02371222898364067,0.11454261094331741,0.06273084133863449,0.030770080164074898,0.02879170887172222,0.154815673828125,0.04801242798566818,0.03513485938310623,0.043312687426805496,0.018916096538305283,0.029680801555514336,0.02948913909494877,0.03196360915899277,0.02849307283759117,0.009245305322110653,0.13475245237350464,0.029725106433033943,0.004207351710647345,0.10046884417533875,0.009119170717895031,0.0061816065572202206,0.034950319677591324,0.005075283348560333,0.1396191120147705,0.042143914848566055,0.0497039370238781,0.018586738035082817,0.006375015713274479,0.015868138521909714,0.06004650145769119,0.0074478997848927975,0.04993642121553421,0.011542758904397488,0.07260484993457794,0.05444471165537834,0.23622922599315643,0.027981078252196312,0.038309674710035324,0.03534693643450737,0.009592423215508461,0.013954121619462967,0.014740930870175362,,,,,,,,,,,,,,,
unknown,ン,368,369,495.015,495.135,0.99902344,,0.010206226259469986,0.020826589316129684,0.015817712992429733,0.09931698441505432,0.012949461117386818,0.07755422592163086,0.02223150245845318,0.00881812535226345,0.076947420835495,0.01585947722196579,0.04323467239737511,0.02670389972627163,0.17577224969863892,0.0810607448220253,0.024252787232398987,0.023364132270216942,0.093590646982193,0.03705526143312454,0.040584009140729904,0.03821215778589249,0.013241411186754704,0.025387553498148918,0.03576354309916496,0.019552361220121384,0.020550165325403214,0.01089597400277853,0.118926502764225,0.02957930602133274,0.004528954159468412,0.08167330920696259,0.007721628528088331,0.004242113325744867,0.018956441432237625,0.004295742604881525,0.19949525594711304,0.03317331150174141,0.035466261208057404,0.022880794480443,0.006684507708996534,0.012213919311761856,0.05866396799683571,0.006337439641356468,0.0422455258667469,0.01188172958791256,0.04461537301540375,0.04061232879757881,0.15992245078086853,0.0188312791287899,0.05560126528143883,0.04680025577545166,0.01143407728523016,0.011063100770115852,0.011216421611607075,,,,,,,,,,,,,,,
unknown,ド,370,371,495.135,495.635,0.99853516,,0.00751723675057292,0.015560065396130085,0.012970922514796257,0.08259505033493042,0.007169988006353378,0.06913629919290543,0.031598951667547226,0.005427289288491011,0.08493147045373917,0.019683366641402245,0.053640808910131454,0.03071361407637596,0.16819344460964203,0.11160317063331604,0.020179500803351402,0.02325581945478916,0.11108686774969101,0.040518619120121,0.037928592413663864,0.032246846705675125,0.008444929495453835,0.02540946751832962,0.04874030500650406,0.011579394340515137,0.017834732308983803,0.011900016106665134,0.10144045948982239,0.0224781297147274,0.003935754764825106,0.06318880617618561,0.009021603502333164,0.004907198250293732,0.024216176941990852,0.0025868562515825033,0.22188304364681244,0.023244645446538925,0.03329124301671982,0.018893443048000336,0.0058714705519378185,0.00886404700577259,0.06179986894130707,0.00687180133536458,0.03343075141310692,0.012184767983853817,0.044759225100278854,0.035958755761384964,0.11913897842168808,0.017945924773812294,0.035131458193063736,0.028851309791207314,0.013273853808641434,0.01699129119515419,0.007336186245083809,,,,,,,,,,,,,,,
unknown,男,372,373,500.135,500.635,0.7036133,,0.017370356246829033,0.02405250258743763,0.019705168902873993,0.09480322897434235,0.005522069521248341,0.042149417102336884,0.013026502914726734,0.016171930357813835,0.04783020168542862,0.034063637256622314,0.07576125860214233,0.03379858285188675,0.1451653242111206,0.09554242342710495,0.019196581095457077,0.029509857296943665,0.042314883321523666,0.02388729155063629,0.0260310098528862,0.02437778003513813,0.007014736067503691,0.014543117955327034,0.025660168379545212,0.01613241620361805,0.00912802666425705,0.01422566082328558,0.11516305059194565,0.03531079366803169,0.0039854394271969795,0.08210509270429611,0.005174959544092417,0.005107895936816931,0.006700402125716209,0.0029725267086178064,0.2502535879611969,0.03811686113476753,0.03440661355853081,0.03538161888718605,0.005802992731332779,0.008756279945373535,0.05656396970152855,0.008018325082957745,0.03139330819249153,0.010409019887447357,0.0486954003572464,0.03942379727959633,0.07609318941831589,0.008822791278362274,0.04402228072285652,0.056129422038793564,0.01722986251115799,0.020186936482787132,0.01098428014665842,,,,,,,,,,,,,,,
unknown,幽,374,375,505.935,506.295,0.9404297,,0.014990285038948059,0.020701183006167412,0.01639922894537449,0.09628711640834808,0.009403050877153873,0.06493573635816574,0.015752630308270454,0.017092181369662285,0.05676007643342018,0.03927042707800865,0.06596779823303223,0.034450139850378036,0.21130599081516266,0.10130088031291962,0.022533567622303963,0.024934453889727592,0.03728356957435608,0.02141483686864376,0.03988735005259514,0.030505439266562462,0.008813662454485893,0.019913550466299057,0.031071791425347328,0.01558931265026331,0.012910456396639347,0.012282862327992916,0.08966007083654404,0.036587152630090714,0.004735016264021397,0.07513896375894547,0.006121261045336723,0.0043780505657196045,0.008842178620398045,0.0038140632677823305,0.21821120381355286,0.03359021246433258,0.026151632890105247,0.03771273046731949,0.007501787971705198,0.009638440795242786,0.0662357434630394,0.007231616415083408,0.027906212955713272,0.01420153770595789,0.051414117217063904,0.03447014093399048,0.06587335467338562,0.012271932326257229,0.06291026622056961,0.05852239578962326,0.013199549168348312,0.022068854421377182,0.01155984215438366,,,,,,,,,,,,,,,
unknown,霊,376,377,506.295,506.795,0.9667969,,0.007739878259599209,0.010473651811480522,0.007346059661358595,0.08203175663948059,0.0077973646111786366,0.07038374990224838,0.023321013897657394,0.009367551654577255,0.07254337519407272,0.0478694774210453,0.05668116360902786,0.036094676703214645,0.3024320602416992,0.11532410979270935,0.0177513025701046,0.015164914540946484,0.024435732513666153,0.01764802820980549,0.04872407019138336,0.02608649618923664,0.005844887346029282,0.02586514502763748,0.04840520769357681,0.006500037852674723,0.016480881720781326,0.01177672203630209,0.057998694479465485,0.022715480998158455,0.0028310350608080626,0.04765124246478081,0.008867811411619186,0.0024726917035877705,0.011712882667779922,0.003629089333117008,0.17938420176506042,0.018061790615320206,0.014108924195170403,0.06023817136883736,0.00900485459715128,0.00642190920189023,0.07602380961179733,0.005135777872055769,0.012049957178533077,0.018127989023923874,0.03889698535203934,0.01842721551656723,0.019695930182933807,0.014250444248318672,0.06710021942853928,0.038428895175457,0.012039529159665108,0.020428655669093132,0.007544454652816057,,,,,,,,,,,,,,,
unknown,す,378,379,512.3832,512.5429,0.99609375,,0.006073775701224804,0.010463124141097069,0.00851263478398323,0.08499536663293839,0.00553477555513382,0.05704440549015999,0.027519291266798973,0.008393676020205021,0.07222344726324081,0.06664478778839111,0.06919694691896439,0.04216933622956276,0.2464771270751953,0.11046076565980911,0.015026341192424297,0.01872413046658039,0.03391777724027634,0.023022381588816643,0.04555918276309967,0.01997859962284565,0.004966599401086569,0.02684703655540943,0.0434042289853096,0.00913130585104227,0.015068555250763893,0.008730728179216385,0.07662706822156906,0.026961667463183403,0.002335532335564494,0.07403746992349625,0.010510644875466824,0.002489645965397358,0.013056089170277119,0.0034746606834232807,0.18064405024051666,0.02213664911687374,0.01578393019735813,0.05147148296236992,0.007652006112039089,0.006936877500265837,0.06081536412239075,0.004940275568515062,0.014092011377215385,0.019787324592471123,0.04096923768520355,0.020849471911787987,0.024548422545194626,0.01426970586180687,0.05137920379638672,0.030245674774050713,0.00866685900837183,0.027062775567173958,0.008049060590565205,,,,,,,,,,,,,,,
unknown,ぐ,380,381,512.5429,512.70264,0.99853516,,0.010405775159597397,0.019730273634195328,0.012079077772796154,0.11117524653673172,0.004653673619031906,0.04758637398481369,0.022258896380662918,0.011129733175039291,0.07931060343980789,0.046108394861221313,0.054868001490831375,0.028324849903583527,0.182724267244339,0.10152480006217957,0.01389694306999445,0.02043154463171959,0.05616297200322151,0.024013493210077286,0.04695412516593933,0.017643943428993225,0.004147923085838556,0.02016705460846424,0.03932710364460945,0.014734095893800259,0.01730886474251747,0.009180006571114063,0.10895512998104095,0.034684862941503525,0.004630330018699169,0.11002512276172638,0.007890945300459862,0.0028688337188214064,0.013211330398917198,0.002527722390368581,0.2104101926088333,0.034756846725940704,0.030301688238978386,0.05372484773397446,0.007113773841410875,0.009351926855742931,0.05657095089554787,0.004730707965791225,0.03497694805264473,0.019978292286396027,0.04180831089615822,0.026657642796635628,0.06761497259140015,0.015159773640334606,0.045267049223184586,0.03848730027675629,0.009161854162812233,0.019036520272493362,0.008987086825072765,,,,,,,,,,,,,,,
unknown,に,382,383,512.70264,512.86237,0.9975586,,0.005435836035758257,0.012121769599616528,0.009445681236684322,0.11305000633001328,0.003946629818528891,0.041459474712610245,0.024706296622753143,0.008175794035196304,0.06373941898345947,0.0359635129570961,0.06572923809289932,0.030571192502975464,0.15975730121135712,0.08348850905895233,0.010128223337233067,0.023622334003448486,0.046791594475507736,0.0205841027200222,0.04061727598309517,0.011891499161720276,0.003400068497285247,0.022783488035202026,0.027599330991506577,0.019115416333079338,0.01587696745991707,0.007912794128060341,0.1016809493303299,0.028486959636211395,0.002102970378473401,0.12504857778549194,0.00940669048577547,0.0023790604900568724,0.013404550030827522,0.003359406953677535,0.178106889128685,0.039244621992111206,0.02428080514073372,0.051584187895059586,0.008167666383087635,0.0075382390059530735,0.06273749470710754,0.006980769336223602,0.02798929251730442,0.015539219602942467,0.029802367091178894,0.032747458666563034,0.05302123725414276,0.012783576734364033,0.05344463139772415,0.04395574331283569,0.007234913296997547,0.01815858669579029,0.0104143638163805,,,,,,,,,,,,,,,
unknown,立,384,385,512.86237,513.0221,0.95214844,,0.005763232707977295,0.008481011725962162,0.007929337210953236,0.14310595393180847,0.0032698074355721474,0.03100953809916973,0.01893940381705761,0.011498875916004181,0.05449170619249344,0.025707989931106567,0.053975313901901245,0.027646491304039955,0.1921016275882721,0.08013449609279633,0.008451147936284542,0.01718217507004738,0.023890750482678413,0.017306583002209663,0.051294438540935516,0.010303493589162827,0.0034744732547551394,0.025671066716313362,0.02886166423559189,0.017508050426840782,0.017711086198687553,0.01225826982408762,0.07481511682271957,0.029052414000034332,0.0016234744107350707,0.09124571084976196,0.010788016952574253,0.001899711205624044,0.010249810293316841,0.005489592906087637,0.16212810575962067,0.024990851059556007,0.014577029272913933,0.04047483205795288,0.012199790216982365,0.006654822267591953,0.08071237057447433,0.008700794540345669,0.01962004415690899,0.021899469196796417,0.05024496838450432,0.02907753735780716,0.04118258133530617,0.013155397959053516,0.10259246081113815,0.06758064031600952,0.01124170608818531,0.013633571565151215,0.013064635917544365,,,,,,,,,,,,,,,
unknown,つ,386,387,513.0221,513.5221,0.9970703,,0.006818100810050964,0.01077001541852951,0.010371426120400429,0.16453298926353455,0.003688347525894642,0.030372681096196175,0.018081938847899437,0.013632557354867458,0.05552487447857857,0.034835085272789,0.07712019234895706,0.03654784709215164,0.17178674042224884,0.08500715345144272,0.010938665829598904,0.0302369836717844,0.025288095697760582,0.02414371445775032,0.039334576576948166,0.01028729509562254,0.004248115699738264,0.024322140961885452,0.025114888325333595,0.02694731019437313,0.019877608865499496,0.013931828550994396,0.08099016547203064,0.03847413510084152,0.0016266598831862211,0.09072693437337875,0.009916363283991814,0.0031401950400322676,0.01225877646356821,0.005473779980093241,0.14991039037704468,0.03467923775315285,0.020125020295381546,0.034528862684965134,0.013286423869431019,0.011392463929951191,0.06731351464986801,0.012133907526731491,0.025097791105508804,0.020392684265971184,0.05947992578148842,0.045481231063604355,0.058921195566654205,0.015348968096077442,0.07259007543325424,0.06073391065001488,0.012967049144208431,0.02303401194512844,0.020405368879437447,,,,,,,,,,,,,,,
unknown,試,388,389,517.93414,518.17377,0.9848633,,0.009172774851322174,0.013907122425734997,0.01115492731332779,0.216426283121109,0.010981112718582153,0.0560779944062233,0.019250985234975815,0.01890871673822403,0.03428517282009125,0.03797118365764618,0.03295078128576279,0.02916974015533924,0.1591927707195282,0.04644663631916046,0.014743806794285774,0.028065288439393044,0.02711888588964939,0.03272349387407303,0.04415085166692734,0.014539554715156555,0.005891973618417978,0.031360045075416565,0.019190944731235504,0.06049104779958725,0.011804228648543358,0.008325222879648209,0.22655899822711945,0.03693004697561264,0.0019166120328009129,0.2971198856830597,0.010407787747681141,0.003487749258056283,0.006433134898543358,0.006446898449212313,0.16475825011730194,0.07802875339984894,0.018249401822686195,0.018301770091056824,0.012905057519674301,0.014685316011309624,0.03276824206113815,0.00762524688616395,0.014240586198866367,0.014066692441701889,0.09310963749885559,0.04846018925309181,0.036417894065380096,0.008735908195376396,0.08234092593193054,0.083296038210392,0.006619130726903677,0.028756726533174515,0.031862810254096985,,,,,,,,,,,,,,,
unknown,験,390,391,518.17377,518.67377,0.6064453,,0.01878955028951168,0.01786305196583271,0.018325692042708397,0.2722289264202118,0.018004516139626503,0.08788503706455231,0.009823132306337357,0.021957146003842354,0.03374452888965607,0.03967011347413063,0.04221858084201813,0.034526269882917404,0.07401113212108612,0.050869498401880264,0.04572635516524315,0.04307618364691734,0.03888440132141113,0.03711477667093277,0.04634959623217583,0.047258708626031876,0.018467504531145096,0.01165955699980259,0.01804998144507408,0.03684764727950096,0.014016023837029934,0.005372354295104742,0.28772133588790894,0.0306557547301054,0.0060010505840182304,0.3130173683166504,0.005061344709247351,0.007441802881658077,0.006991118658334017,0.0053346119821071625,0.2589603364467621,0.09842213243246078,0.01195155456662178,0.021205127239227295,0.0027814216446131468,0.022104613482952118,0.04504524916410446,0.009121711365878582,0.007963979616761208,0.005344129167497158,0.12233373522758484,0.09051267802715302,0.029293019324541092,0.010803859680891037,0.0710037499666214,0.12392283231019974,0.006314869970083237,0.0064024836756289005,0.04000553488731384,,,,,,,,,,,,,,,
unknown,暖,392,393,523.985,524.385,0.66552734,,0.030278991907835007,0.025429081171751022,0.0168615709990263,0.21837875247001648,0.01705760322511196,0.07796164602041245,0.01562565192580223,0.026317009702324867,0.049148254096508026,0.03346850350499153,0.05191734433174133,0.033252254128456116,0.07884083688259125,0.04801496863365173,0.03773125261068344,0.05293818563222885,0.027663003653287888,0.035233110189437866,0.03915590047836304,0.03428296744823456,0.013806472532451153,0.018566133454442024,0.018741801381111145,0.028660733252763748,0.019957954064011574,0.013592058792710304,0.2303715944290161,0.027479521930217743,0.005555811338126659,0.2131902575492859,0.0077210646122694016,0.02055898681282997,0.009646410122513771,0.0059235286898911,0.23469458520412445,0.08815257996320724,0.02152472361922264,0.01875479146838188,0.007040823809802532,0.02947077341377735,0.05219470337033272,0.018845299258828163,0.010081153362989426,0.008820959366858006,0.1546909511089325,0.10274862498044968,0.027053287252783775,0.012938428670167923,0.07311628758907318,0.13818399608135223,0.016402723267674446,0.013819455169141293,0.04096609726548195,,,,,,,,,,,,,,,
unknown,か,394,395,524.385,524.545,0.99365234,,0.03117872215807438,0.02552803047001362,0.01712164096534252,0.21197837591171265,0.015073481015861034,0.056784939020872116,0.01471683382987976,0.03871474042534828,0.05197915434837341,0.025703178718686104,0.05842868238687515,0.026411278173327446,0.08080743253231049,0.048202719539403915,0.03961672633886337,0.06697876751422882,0.010624599643051624,0.02883240021765232,0.034307751804590225,0.03215896338224411,0.015236272476613522,0.01897476054728031,0.019691679626703262,0.03599586710333824,0.02427438274025917,0.01660943776369095,0.20356765389442444,0.03148144111037254,0.004406088963150978,0.19205984473228455,0.008570325560867786,0.023726241663098335,0.014358585700392723,0.007954317145049572,0.1742374300956726,0.11145240068435669,0.022667434066534042,0.012283681891858578,0.008284380659461021,0.04860036075115204,0.052566688507795334,0.020100228488445282,0.007329325657337904,0.01121115405112505,0.19454868137836456,0.10717663168907166,0.013694878667593002,0.019392669200897217,0.08569514006376266,0.14522071182727814,0.020117495208978653,0.017262840643525124,0.055619001388549805,,,,,,,,,,,,,,,
unknown,い,396,397,524.545,525.045,0.99609375,,0.027612706646323204,0.030043302103877068,0.031212465837597847,0.18913999199867249,0.008550101891160011,0.06008542329072952,0.017623279243707657,0.022775700315833092,0.052727360278367996,0.0439654216170311,0.07181283086538315,0.043474502861499786,0.08229929208755493,0.09319388121366501,0.033340390771627426,0.07482895255088806,0.03337635099887848,0.051514387130737305,0.04229538515210152,0.02530885674059391,0.008094890043139458,0.014991681091487408,0.027469346299767494,0.02859392762184143,0.01928699016571045,0.008909380063414574,0.24749818444252014,0.03892015293240547,0.00613353680819273,0.23037557303905487,0.007051070686429739,0.018187236040830612,0.009797971695661545,0.0030633185524493456,0.20814263820648193,0.1262863129377365,0.027252113446593285,0.03808046504855156,0.006024016998708248,0.051597367972135544,0.06367098540067673,0.013051468878984451,0.015443192794919014,0.015168924815952778,0.09639772772789001,0.10814642906188965,0.022140029817819595,0.01450391300022602,0.03470928966999054,0.07681160420179367,0.009278318844735622,0.00988584104925394,0.04569735378026962,,,,,,,,,,,,,,,
unknown,よ,398,399,530.265,530.46497,0.34326172,,0.02355830930173397,0.028057709336280823,0.027472684159874916,0.18035303056240082,0.004352104850113392,0.03881127014756203,0.021432967856526375,0.022199979051947594,0.05887993797659874,0.039360396564006805,0.07381415367126465,0.04109297692775726,0.10034853219985962,0.11845970898866653,0.0212266705930233,0.07296314835548401,0.038063108921051025,0.04786709323525429,0.035431165248155594,0.014753066003322601,0.00425609340891242,0.014308643527328968,0.03812761604785919,0.03226073458790779,0.018295370042324066,0.008788672275841236,0.25318458676338196,0.04348862171173096,0.005357174202799797,0.24321706593036652,0.007914891466498375,0.017521847039461136,0.010872691869735718,0.0022500534541904926,0.2203412652015686,0.140993133187294,0.033122044056653976,0.04003933072090149,0.006068639922887087,0.0375223383307457,0.07325045019388199,0.013583291321992874,0.022776858881115913,0.01422769483178854,0.07580726593732834,0.09534641355276108,0.025453073903918266,0.013546863570809364,0.03257373347878456,0.08894636482000351,0.00883824098855257,0.01314977090805769,0.0372123084962368,,,,,,,,,,,,,,,
unknown,い,400,401,530.46497,530.96497,0.9140625,,0.03640209138393402,0.04536560922861099,0.05346417799592018,0.15144787728786469,0.002554749371483922,0.021835315972566605,0.015152893960475922,0.030232833698391914,0.038159195333719254,0.036448922008275986,0.11649687588214874,0.0741436779499054,0.06382478773593903,0.15686525404453278,0.023341886699199677,0.135970801115036,0.023944217711687088,0.07683135569095612,0.015274575911462307,0.010360208339989185,0.003009357489645481,0.008741974830627441,0.02566262148320675,0.04157857969403267,0.01112300530076027,0.006885559298098087,0.3265005350112915,0.06712636351585388,0.0037410070654004812,0.2546980679035187,0.005099838133901358,0.026109397411346436,0.007593091577291489,0.0013760359724983573,0.23326875269412994,0.20159631967544556,0.05420460179448128,0.05973545089364052,0.0038058983627706766,0.08021998405456543,0.06299835443496704,0.011113027110695839,0.023112457245588303,0.00884183682501316,0.04744401201605797,0.14098532497882843,0.017449960112571716,0.009795901365578175,0.011264774017035961,0.05256824567914009,0.006654059514403343,0.021321561187505722,0.05891536921262741,,,,,,,,,,,,,,,
unknown,と,402,403,535.70496,535.945,0.2244873,,0.03202240169048309,0.04314199090003967,0.04568120837211609,0.15039798617362976,0.00236117048189044,0.0176838468760252,0.013182124122977257,0.027206648141145706,0.03366553783416748,0.037614915519952774,0.10874256491661072,0.0646059587597847,0.05542418733239174,0.12155291438102722,0.02040092647075653,0.143230602145195,0.03317592665553093,0.07454398274421692,0.01235988736152649,0.007016775663942099,0.002384332474321127,0.0069656213745474815,0.019617894664406776,0.050263095647096634,0.008473694324493408,0.0053736125119030476,0.38006290793418884,0.0595756396651268,0.0037077756132930517,0.345807284116745,0.004458609968423843,0.025937752798199654,0.005878990516066551,0.0012384619330987334,0.2524040937423706,0.24341405928134918,0.05174916237592697,0.05924556404352188,0.0032304918859153986,0.08231575787067413,0.048071250319480896,0.011724734678864479,0.02195715717971325,0.007447171024978161,0.042300689965486526,0.15448741614818573,0.017304692417383194,0.0072381021454930305,0.010823569260537624,0.060486167669296265,0.005434088874608278,0.012220218777656555,0.06651086360216141,,,,,,,,,,,,,,,
unknown,る,404,405,535.945,536.445,0.5683594,,0.028204062953591347,0.03430841863155365,0.04121200740337372,0.14656415581703186,0.002733896253630519,0.026025889441370964,0.018897302448749542,0.023147227242588997,0.05003247782588005,0.042689401656389236,0.13826709985733032,0.09061405062675476,0.0752970427274704,0.17145642638206482,0.026225339621305466,0.12372638285160065,0.01910768263041973,0.07628115266561508,0.016472194343805313,0.012648149393498898,0.0033972396049648523,0.00910597387701273,0.03463857248425484,0.026788165792822838,0.014051670208573341,0.007914455607533455,0.276051789522171,0.0564224012196064,0.003320615040138364,0.2107096165418625,0.006557336542755365,0.022697728127241135,0.008930704556405544,0.0016123930690810084,0.25298017263412476,0.14395786821842194,0.041992440819740295,0.05949726700782776,0.003321172436699271,0.07538712024688721,0.0653817430138588,0.012584738433361053,0.019851362332701683,0.008180088363587856,0.05210656672716141,0.13049645721912384,0.01596011407673359,0.011204533278942108,0.013642296195030212,0.051078327000141144,0.008475277572870255,0.01586773246526718,0.05296402424573898,,,,,,,,,,,,,,,
unknown,罰,406,407,541.8278,542.3278,0.74560547,,0.009758472442626953,0.024129221215844154,0.0148369912058115,0.2235032618045807,0.005026236176490784,0.031013671308755875,0.03611862286925316,0.013535606674849987,0.04985489696264267,0.03593568503856659,0.10659140348434448,0.053366512060165405,0.04215103015303612,0.09622298181056976,0.021119102835655212,0.09160900861024857,0.029779933393001556,0.06480436772108078,0.03249566629528999,0.012038718909025192,0.004598268773406744,0.02775815688073635,0.017259256914258003,0.04907572269439697,0.02597617916762829,0.018251975998282433,0.21776007115840912,0.040332697331905365,0.001581719727255404,0.26361843943595886,0.017460420727729797,0.019604330882430077,0.03437434136867523,0.006426709704101086,0.11534213274717331,0.17221114039421082,0.0650644451379776,0.1309463083744049,0.010777028277516365,0.035400256514549255,0.06588170677423477,0.02844267711043358,0.03079373389482498,0.02972332201898098,0.055967483669519424,0.10542762279510498,0.022180693224072456,0.023493502289056778,0.02573247253894806,0.03941234201192856,0.01686825416982174,0.01861477456986904,0.05362720787525177,,,,,,,,,,,,,,,
unknown,尊,408,409,548.2532,548.6522,0.99902344,,0.009533597156405449,0.01917526312172413,0.017578819766640663,0.22992423176765442,0.004927205853164196,0.033945757895708084,0.020948464050889015,0.011743946932256222,0.044156499207019806,0.05810003727674484,0.1276332437992096,0.05188747122883797,0.06456675380468369,0.11588645726442337,0.02684297412633896,0.12670759856700897,0.07730083912611008,0.056354254484176636,0.03694610670208931,0.012519973330199718,0.005271970760077238,0.017115024849772453,0.019921766594052315,0.04675202816724777,0.019653500989079475,0.010274236090481281,0.20271886885166168,0.03971749544143677,0.0028547998517751694,0.20019592344760895,0.008821048773825169,0.020964544266462326,0.03294636309146881,0.00396419083699584,0.1287812441587448,0.16251607239246368,0.04053989425301552,0.13631872832775116,0.008155173622071743,0.034324318170547485,0.05508534610271454,0.02512347511947155,0.019191008061170578,0.02350512333214283,0.07996491342782974,0.13056908547878265,0.018213629722595215,0.02118837460875511,0.020547688007354736,0.03547621890902519,0.011162430979311466,0.017373910173773766,0.05440947785973549,,,,,,,,,,,,,,,
unknown,敬,410,411,548.6522,549.1522,0.9892578,,0.017580457031726837,0.02784246765077114,0.01967019960284233,0.29505014419555664,0.006116985343396664,0.03734033182263374,0.013970190659165382,0.012578918598592281,0.05418049544095993,0.04953751340508461,0.07809039205312729,0.03961818665266037,0.060809094458818436,0.07238432765007019,0.0331578329205513,0.12216974794864655,0.03870956227183342,0.04905178025364876,0.026753133162856102,0.014930742792785168,0.0062123569659888744,0.013446981087327003,0.016728518530726433,0.03830919787287712,0.025805877521634102,0.006895565427839756,0.20669230818748474,0.03382985293865204,0.0023953996133059263,0.18668198585510254,0.006915697827935219,0.030624689534306526,0.016034618020057678,0.00355325173586607,0.10178674012422562,0.17880861461162567,0.046697888523340225,0.17016804218292236,0.007835835218429565,0.06225060299038887,0.04655153676867485,0.022037573158740997,0.016952862963080406,0.015583140775561333,0.09086441248655319,0.14876754581928253,0.017076097428798676,0.01704062893986702,0.01801339164376259,0.04323960468173027,0.006746678147464991,0.013484194874763489,0.07548073679208755,,,,,,,,,,,,,,,
unknown,機,412,413,554.73804,554.85785,0.53564453,,0.012255464680492878,0.014369136653840542,0.017880383878946304,0.23970134556293488,0.004952317103743553,0.03707946836948395,0.021391892805695534,0.012838304042816162,0.03930741548538208,0.03660024702548981,0.07514914870262146,0.05676509812474251,0.05223711580038071,0.07982151210308075,0.025036174803972244,0.17097920179367065,0.035636141896247864,0.07969097048044205,0.038656506687402725,0.010561484843492508,0.005757833365350962,0.018527988344430923,0.016269613057374954,0.06423179060220718,0.027474425733089447,0.006540005095303059,0.27824726700782776,0.029980314895510674,0.0015784860588610172,0.30815255641937256,0.008381936699151993,0.04372754320502281,0.024203745648264885,0.0038927856367081404,0.09949042648077011,0.20490241050720215,0.021158942952752113,0.10240010917186737,0.008842481300234795,0.08056112378835678,0.06940800696611404,0.06875544041395187,0.007101964671164751,0.017706850543618202,0.060375455766916275,0.26615631580352783,0.010136566124856472,0.020222816616296768,0.026065990328788757,0.07630296796560287,0.005555242300033569,0.020074667409062386,0.15877504646778107,,,,,,,,,,,,,,,
unknown,ラ,414,415,554.85785,555.0576,0.37036133,,0.019458718597888947,0.02875073067843914,0.02635025791823864,0.26828092336654663,0.00681472709402442,0.03709576651453972,0.01251978985965252,0.016102619469165802,0.0422348789870739,0.04872859641909599,0.06348899751901627,0.03582790866494179,0.05800853297114372,0.08659613877534866,0.034566015005111694,0.10641493648290634,0.06227536126971245,0.04142432659864426,0.03886423632502556,0.01858433708548546,0.009921766817569733,0.015086179599165916,0.015508552081882954,0.04665471985936165,0.02408752217888832,0.008535818196833134,0.21171094477176666,0.03976192697882652,0.0038191170897334814,0.2100921869277954,0.0061699701473116875,0.0214710533618927,0.018857285380363464,0.004977110773324966,0.11869636923074722,0.1631031334400177,0.038093145936727524,0.22069691121578217,0.009110578335821629,0.06047028675675392,0.05027708411216736,0.017809003591537476,0.016008907929062843,0.02503439597785473,0.08189931511878967,0.14348353445529938,0.023399855941534042,0.021421821787953377,0.022961881011724472,0.04437779635190964,0.007657622918486595,0.011555780656635761,0.07033573091030121,,,,,,,,,,,,,,,
unknown,い,416,417,555.0576,555.5576,0.9086914,,0.019766774028539658,0.02943325974047184,0.03489968553185463,0.21773603558540344,0.005344816483557224,0.034198418259620667,0.008552161045372486,0.015879133716225624,0.02798672951757908,0.0652574896812439,0.08109419792890549,0.04016168415546417,0.04604155570268631,0.0917610451579094,0.03689156100153923,0.13500602543354034,0.07938744872808456,0.04796546697616577,0.03399442508816719,0.016964398324489594,0.007087573874741793,0.008904427289962769,0.013533642515540123,0.05339347571134567,0.01066612172871828,0.004925924818962812,0.288289338350296,0.04377454146742821,0.004513313993811607,0.27770936489105225,0.0035935589112341404,0.022488204762339592,0.010021207854151726,0.0025142785161733627,0.14991089701652527,0.18965233862400055,0.036743130534887314,0.17484454810619354,0.004731020890176296,0.05631681904196739,0.03784044831991196,0.014032930135726929,0.016581451520323753,0.017010118812322617,0.07824274152517319,0.1625349074602127,0.023553291335701942,0.0119001604616642,0.014482608065009117,0.035583898425102234,0.004769987426698208,0.012076906859874725,0.06972911208868027,,,,,,,,,,,,,,,
unknown,辛,418,419,561.1293,561.44885,0.8520508,,0.012073300778865814,0.014606134034693241,0.01645836979150772,0.1485968828201294,0.010792884044349194,0.06845008581876755,0.010496019385755062,0.009303278289735317,0.02616790309548378,0.08179367333650589,0.07071802765130997,0.04084205999970436,0.029649173840880394,0.049417149275541306,0.03960062190890312,0.1783965826034546,0.047300487756729126,0.07168590277433395,0.04878278076648712,0.015958907082676888,0.009263405576348305,0.015132063068449497,0.007076009642332792,0.048015136271715164,0.014366342686116695,0.006493793334811926,0.25640368461608887,0.019157804548740387,0.002595804166048765,0.2642284333705902,0.0028335864190012217,0.0401894748210907,0.016975032165646553,0.0021741194650530815,0.08731746673583984,0.1658293902873993,0.019179780036211014,0.07588152587413788,0.011697103269398212,0.09033413976430893,0.044071562588214874,0.048061076551675797,0.004909591283649206,0.02119576744735241,0.060397181659936905,0.26642850041389465,0.009566343389451504,0.015317151322960854,0.01851937547326088,0.04155219346284866,0.005353798624128103,0.03398751839995384,0.14687277376651764,,,,,,,,,,,,,,,
unknown,い,420,421,561.44885,561.94885,0.97558594,,0.012576107867062092,0.013212698511779308,0.015284901484847069,0.17126286029815674,0.01763884164392948,0.09370407462120056,0.011795883998274803,0.01054752804338932,0.03175269067287445,0.07253995537757874,0.061387937515974045,0.04097835347056389,0.04175542667508125,0.05611065402626991,0.053346287459135056,0.15095049142837524,0.03495553135871887,0.06696059554815292,0.05642804503440857,0.024917712435126305,0.015386026352643967,0.020962689071893692,0.009550150483846664,0.039569154381752014,0.02180608920753002,0.007675111293792725,0.19148306548595428,0.02034461498260498,0.002769539598375559,0.17038209736347198,0.003896110923960805,0.03837040439248085,0.021244894713163376,0.0036484980955719948,0.06604719161987305,0.1315329372882843,0.015415281057357788,0.07812337577342987,0.017458003014326096,0.10084310173988342,0.052440181374549866,0.042287249118089676,0.0038898992352187634,0.02368987165391445,0.09035290032625198,0.23139537870883942,0.007680723909288645,0.022324251011013985,0.024969976395368576,0.04092197120189667,0.005850272253155708,0.038840580731630325,0.15111468732357025,,,,,,,,,,,,,,,
unknown,あ,422,423,566.9765,567.2162,0.9121094,,0.025448355823755264,0.02727268822491169,0.025282002985477448,0.17825911939144135,0.019866308197379112,0.08648652583360672,0.010070376098155975,0.022871579974889755,0.02660389430820942,0.06939104199409485,0.05488176643848419,0.030615506693720818,0.03972439840435982,0.05412786081433296,0.05254167318344116,0.16299334168434143,0.04588022455573082,0.05532390996813774,0.060189031064510345,0.024663085117936134,0.014255245216190815,0.01884366199374199,0.009013721719384193,0.0727066844701767,0.015862828120589256,0.008298172615468502,0.2558045983314514,0.03455561026930809,0.005059949588030577,0.25024503469467163,0.0033965122420340776,0.05397539585828781,0.013369053602218628,0.0033627725206315517,0.0846274122595787,0.22106502950191498,0.026217175647616386,0.05795564502477646,0.016575315967202187,0.08593545854091644,0.048304568976163864,0.03713855519890785,0.008103716187179089,0.02476612478494644,0.09012259542942047,0.2352992445230484,0.013494825921952724,0.016549253836274147,0.028911160305142403,0.06580580025911331,0.00616978295147419,0.03141613304615021,0.1347108781337738,,,,,,,,,,,,,,,
unknown,る,424,425,567.2162,567.7162,0.99121094,,0.021056126803159714,0.02112051099538803,0.028044020757079124,0.1623232215642929,0.011380061507225037,0.09682321548461914,0.01472125668078661,0.01849302276968956,0.03917655721306801,0.09630823135375977,0.07189542800188065,0.04994139447808266,0.03922069072723389,0.09778303653001785,0.05217361822724342,0.11726855486631393,0.04107249155640602,0.0677931159734726,0.05850907415151596,0.031022511422634125,0.0133682731539011,0.019232889637351036,0.016059309244155884,0.03505449742078781,0.02132822945713997,0.010849056765437126,0.19558773934841156,0.037150464951992035,0.007325277663767338,0.15861155092716217,0.003989760763943195,0.027881771326065063,0.016342300921678543,0.00251059141010046,0.09564263373613358,0.1129150539636612,0.021977612748742104,0.0628529042005539,0.013819684274494648,0.06810669600963593,0.06825973093509674,0.025938337668776512,0.010854072868824005,0.02347678318619728,0.10310583561658859,0.15761111676692963,0.020572395995259285,0.022546980530023575,0.021119318902492523,0.03933008387684822,0.008753091096878052,0.07199018448591232,0.07775908708572388,,,,,,,,,,,,,,,
unknown,緑,426,427,572.08997,572.58997,0.99316406,,0.019458744674921036,0.022061124444007874,0.07057954370975494,0.10747329890727997,0.005718395579606295,0.048847515136003494,0.012586201541125774,0.021575458347797394,0.026176350191235542,0.11518271267414093,0.13366517424583435,0.06570432335138321,0.044503189623355865,0.09020911157131195,0.028003044426441193,0.18078164756298065,0.07378987222909927,0.04634329304099083,0.03807033970952034,0.016847187653183937,0.010256468318402767,0.020207548514008522,0.008232287131249905,0.052096884697675705,0.010179159231483936,0.00734219653531909,0.17987288534641266,0.05636138468980789,0.003950310871005058,0.14122746884822845,0.004622895270586014,0.020987771451473236,0.0085608484223485,0.0035799783654510975,0.12033528089523315,0.11656314134597778,0.020589277148246765,0.08453750610351562,0.01676463708281517,0.04919806495308876,0.0468742698431015,0.02415618859231472,0.00986978504806757,0.023812223225831985,0.036845676600933075,0.2024657428264618,0.022877195850014687,0.01254996471107006,0.017669757828116417,0.03386646509170532,0.005095742177218199,0.05884752795100212,0.06248709559440613,,,,,,,,,,,,,,,
unknown,神,428,429,578.12225,578.62225,0.9223633,,0.022826749831438065,0.022328650578856468,0.03587865084409714,0.12751299142837524,0.01903649792075157,0.10382924973964691,0.016859132796525955,0.020618705078959465,0.029464486986398697,0.13326579332351685,0.06868480890989304,0.051406122744083405,0.0622432604432106,0.08321315795183182,0.04753604158759117,0.09890439361333847,0.08616909384727478,0.06190456822514534,0.07367972284555435,0.03586715832352638,0.01689320243895054,0.02984967641532421,0.015835285186767578,0.038646429777145386,0.01197357103228569,0.007622992154210806,0.1946384757757187,0.04521669074892998,0.007444773335009813,0.16070207953453064,0.007009447552263737,0.016463661566376686,0.008533142507076263,0.004415720235556364,0.12166590243577957,0.0982455164194107,0.01591336913406849,0.04588891938328743,0.01737314462661743,0.04344991222023964,0.04830212891101837,0.014452706091105938,0.0081724151968956,0.03158004581928253,0.07109028846025467,0.1271456778049469,0.02114880457520485,0.015158133581280708,0.02767557092010975,0.034628450870513916,0.005640482995659113,0.03671175241470337,0.054588623344898224,,,,,,,,,,,,,,,
unknown,高,430,431,583.8866,584.24585,0.9970703,,0.02523842453956604,0.020587541162967682,0.043388426303863525,0.14296260476112366,0.012146376073360443,0.09915751218795776,0.01152021437883377,0.024343151599168777,0.02829686924815178,0.14742110669612885,0.08312653750181198,0.04164028912782669,0.06269223242998123,0.08038966357707977,0.04616665095090866,0.12642446160316467,0.046732086688280106,0.03640192002058029,0.07783348113298416,0.039293982088565826,0.01563476398587227,0.020821550861001015,0.013392738066613674,0.03413888067007065,0.012319703586399555,0.006007179617881775,0.16998836398124695,0.04083622246980667,0.006649492774158716,0.14219069480895996,0.004255867563188076,0.017807161435484886,0.007309908512979746,0.003268498694524169,0.10332120954990387,0.10316738486289978,0.011481964960694313,0.04733583331108093,0.011540988460183144,0.0516619011759758,0.057476550340652466,0.0193003099411726,0.0044423434883356094,0.03012191504240036,0.07889974862337112,0.15833912789821625,0.011125958524644375,0.014847880229353905,0.030773477628827095,0.04466169327497482,0.004952982533723116,0.03770558163523674,0.06150730699300766,,,,,,,,,,,,,,,
unknown,い,432,433,584.24585,584.74585,0.9975586,,0.0335632860660553,0.029884090647101402,0.05076020583510399,0.1414373517036438,0.011048220098018646,0.08015219122171402,0.011925476603209972,0.029763339087367058,0.025841590017080307,0.11768214404582977,0.08282717317342758,0.03954092785716057,0.05197421833872795,0.08072011172771454,0.04395560920238495,0.146209716796875,0.058226604014635086,0.04328357055783272,0.06587164849042892,0.030720753595232964,0.01272836234420538,0.020004848018288612,0.011525089852511883,0.04583214968442917,0.011318249627947807,0.007362977135926485,0.19948139786720276,0.048450637608766556,0.008471266366541386,0.1709662824869156,0.004131719470024109,0.02505374886095524,0.00789928250014782,0.0029833167791366577,0.10250816494226456,0.13499417901039124,0.01735280081629753,0.05101417377591133,0.012378129176795483,0.06537045538425446,0.057156845927238464,0.023957137018442154,0.006528019905090332,0.03435526788234711,0.0761805847287178,0.18490903079509735,0.014066730625927448,0.01469381246715784,0.024930590763688087,0.0462089367210865,0.006217974703758955,0.03367381915450096,0.0751786082983017,,,,,,,,,,,,,,,
unknown,さ,434,435,590.2435,590.4432,0.30615234,,0.034388087689876556,0.02975308708846569,0.053591616451740265,0.16068416833877563,0.00852320808917284,0.07101619243621826,0.011597631499171257,0.031247662380337715,0.028013158589601517,0.12686997652053833,0.09167739003896713,0.040637288242578506,0.05203176289796829,0.09195961058139801,0.04202225059270859,0.14883701503276825,0.054906535893678665,0.04276438057422638,0.06411220878362656,0.028223419561982155,0.011060121469199657,0.018284479156136513,0.012693549506366253,0.04525628313422203,0.012613176368176937,0.008071726188063622,0.19132280349731445,0.05320249870419502,0.009243516251444817,0.1583644598722458,0.003907267469912767,0.0246177539229393,0.008230600506067276,0.00266191060654819,0.10404281318187714,0.1354907751083374,0.01824006251990795,0.05944292992353439,0.012057221494615078,0.0636044517159462,0.058815449476242065,0.024463601410388947,0.007951858453452587,0.03516316041350365,0.08508164435625076,0.1782887578010559,0.016274895519018173,0.015657475218176842,0.022576704621315002,0.04426628723740578,0.006917448714375496,0.04350132495164871,0.07301773875951767,,,,,,,,,,,,,,,
unknown,す,436,437,590.4432,590.9432,0.69140625,,0.031992245465517044,0.0312169399112463,0.05412769690155983,0.1324031502008438,0.013462069444358349,0.08231215924024582,0.016290560364723206,0.028430167585611343,0.02629016898572445,0.1004248559474945,0.07891198247671127,0.03532076254487038,0.04479409381747246,0.0880451425909996,0.04536173865199089,0.1425136923789978,0.06698358803987503,0.044920891523361206,0.08091974258422852,0.03148210421204567,0.014105148613452911,0.031538065522909164,0.010701724328100681,0.04458887502551079,0.013855473138391972,0.01427146140486002,0.17409026622772217,0.04744856059551239,0.009933020919561386,0.14144602417945862,0.005752046126872301,0.02806178480386734,0.012496148236095905,0.004345875233411789,0.08570951968431473,0.13049371540546417,0.021576769649982452,0.06750403344631195,0.025889292359352112,0.06700839102268219,0.05982670187950134,0.02630670741200447,0.007333535235375166,0.06590408831834793,0.07722365111112595,0.17069648206233978,0.012446857057511806,0.020284852012991905,0.024478347972035408,0.0342460460960865,0.010747125372290611,0.03601722791790962,0.07156606763601303,,,,,,,,,,,,,,,
unknown,南,438,439,596.1928,596.3525,0.56689453,,0.0385766327381134,0.038380905985832214,0.07992721349000931,0.11244156211614609,0.010798219591379166,0.0751594603061676,0.015369798056781292,0.032403409481048584,0.02643490768969059,0.08243460208177567,0.0856456607580185,0.026605412364006042,0.024651719257235527,0.0841132178902626,0.05037062242627144,0.16543865203857422,0.03884345665574074,0.02929653972387314,0.06285355985164642,0.030943548306822777,0.016551407054066658,0.029555724933743477,0.007245203480124474,0.03368479013442993,0.015852436423301697,0.012146463617682457,0.15413536131381989,0.04978073015809059,0.008567470125854015,0.10721477121114731,0.005277941469103098,0.03804175555706024,0.010580499656498432,0.004174032248556614,0.06753477454185486,0.11707965284585953,0.02287784218788147,0.06512845307588577,0.023429526016116142,0.07835742831230164,0.05902266129851341,0.02083265222609043,0.0061446912586688995,0.05702541396021843,0.08938290923833847,0.18780431151390076,0.009231588803231716,0.021652059629559517,0.016651462763547897,0.02694549225270748,0.007814563810825348,0.046613048762083054,0.05660680681467056,,,,,,,,,,,,,,,
unknown,ム,440,441,596.3525,596.5122,0.5493164,,0.015277450904250145,0.016637630760669708,0.03938329219818115,0.19436512887477875,0.007675879634916782,0.07551372051239014,0.017154695466160774,0.01425851508975029,0.03250512108206749,0.11013981699943542,0.07930510491132736,0.03291124105453491,0.06370584666728973,0.08723432570695877,0.03876519948244095,0.09699534624814987,0.13388775289058685,0.02838151715695858,0.077290840446949,0.036066535860300064,0.018623335286974907,0.02555946074426174,0.016188887879252434,0.030602537095546722,0.012789664790034294,0.005959991831332445,0.17222462594509125,0.034800607711076736,0.006348895840346813,0.1391333043575287,0.007386861369013786,0.011102887801826,0.010898414999246597,0.004947620443999767,0.11838461458683014,0.08977857232093811,0.011386549100279808,0.05725165456533432,0.011924762278795242,0.02594575099647045,0.040563151240348816,0.011411738581955433,0.004130247049033642,0.03237155079841614,0.10551206767559052,0.11685220897197723,0.012687007896602154,0.016695231199264526,0.02426760643720627,0.025139562785625458,0.005106966011226177,0.02657550387084484,0.02993832528591156,,,,,,,,,,,,,,,
unknown,湖,442,443,596.5122,597.0122,0.57666016,,0.02855502814054489,0.02857287786900997,0.07027918845415115,0.16618481278419495,0.00673662219196558,0.07284606248140335,0.009916329756379128,0.03204354643821716,0.02391231060028076,0.09837131202220917,0.11097590625286102,0.037326354533433914,0.06263912469148636,0.10411301255226135,0.032565001398324966,0.07950913161039352,0.07941333204507828,0.023138200864195824,0.06790977716445923,0.03607010468840599,0.013470384292304516,0.021636825054883957,0.010198097676038742,0.02562049590051174,0.009863194078207016,0.007809196598827839,0.12555430829524994,0.06321895867586136,0.007382831070572138,0.08440914750099182,0.005054525099694729,0.012354835867881775,0.006041910033673048,0.0045176660642027855,0.1221950426697731,0.06891050189733505,0.014051022939383984,0.07467106729745865,0.010780086740851402,0.020877772942185402,0.0534261055290699,0.00973789393901825,0.007414958439767361,0.03587661311030388,0.09862285107374191,0.09313523769378662,0.0183279849588871,0.012270916253328323,0.025021422654390335,0.02816205471754074,0.00670356210321188,0.023264123126864433,0.02317630872130394,,,,,,,,,,,,,,,
