Id,BeginTime,EndTime,Admiration,Adoration,Aesthetic Appreciation,Amusement,Anger,Anxiety,Awe,Awkwardness,Boredom,Calmness,Concentration,Contemplation,Confusion,Contempt,Contentment,Craving,Determination,Disappointment,Disgust,Distress,Doubt,Ecstasy,Embarrassment,Empathic Pain,Entrancement,Envy,Excitement,Fear,Guilt,Horror,Interest,Joy,Love,Nostalgia,Pain,Pride,Realization,Relief,Romance,Sadness,Satisfaction,Desire,Shame,Surprise (negative),Surprise (positive),Sympathy,Tiredness,Triumph,Cackle,Cheer,Chuckle,Cry,Gasp,Giggle,Groan,Growl,Grunt,Hiss,Hoot,Howl,Laugh,Moan,Pant,Roar,Scream,Screech,Shout,Shriek,Sigh,Snicker,Snort,Sob,Squeal,Wail,Wheep,Whimper,Yawn,Yelp,Ah,Aha,Ahh,Argh,Aww,Eek,Eww,Grr,Ha,Hah,Haha,Hehe,Hmm,Huh,Hurray,Mhm,Mmm,Oh,Ohh,Ooh,Ooph,Ouch,Oww,Pff,Phew,Tsk,Ugh,Uh,Uh-huh,Umm,Whee,Whew,Woah,Wow,Yay,Yippee,Yuck
unknown,1.0,2.0,0.010722942650318146,0.005311829037964344,0.013202684000134468,0.07231222838163376,0.08188741654157639,0.14232903718948364,0.011946888640522957,0.0944598838686943,0.19853897392749786,0.14763589203357697,0.07196138054132462,0.0496838316321373,0.041313234716653824,0.357218861579895,0.05060778185725212,0.02956928312778473,0.06270401924848557,0.22465729713439941,0.08916230499744415,0.18162870407104492,0.19370213150978088,0.03449831157922745,0.06782204657793045,0.12278086692094803,0.017894413322210312,0.05241436883807182,0.03190223127603531,0.0720275342464447,0.040571559220552444,0.04879024997353554,0.03566911816596985,0.04777896776795387,0.009441489353775978,0.0226870309561491,0.13075140118598938,0.06529950350522995,0.03804698586463928,0.16755160689353943,0.014165093190968037,0.05135621875524521,0.09553156793117523,0.021286679431796074,0.031647663563489914,0.01160651445388794,0.006086926441639662,0.01984526216983795,0.2097967565059662,0.029967574402689934,0.013535254634916782,0.0008355501340702176,0.04842168092727661,0.014329757541418076,0.06549885123968124,0.0214900653809309,0.009601399302482605,0.011352515779435635,0.04381700977683067,0.3410305976867676,0.0070802681148052216,0.004248986020684242,0.04692278802394867,0.005890626460313797,0.04998726770281792,0.0060055311769247055,0.0024009188637137413,0.03258419409394264,0.0026859480421990156,0.009220436215400696,0.17011122405529022,0.180190309882164,0.19750699400901794,0.0275708120316267,0.006224909331649542,0.004592041485011578,0.024386880919337273,0.011379307135939598,0.006290439981967211,0.0011275813449174166,0.011782296001911163,0.0021646141540259123,0.007855524308979511,0.003141968511044979,0.00046680073137395084,0.0025278462562710047,0.0007210993207991123,0.012835763394832611,0.025185564532876015,0.02218230627477169,0.01150030829012394,0.008459344506263733,0.021121272817254066,0.010092560201883316,0.0009694753680378199,0.006804318632930517,0.004677257966250181,0.0005844194674864411,0.0016820563469082117,0.0013461627531796694,0.003987487871199846,0.019126182422041893,0.000446471938630566,0.311802476644516,0.12921258807182312,0.20236614346504211,0.01526353508234024,0.003372556995600462,0.004878826439380646,0.0021233553998172283,0.026744132861495018,0.049204565584659576,0.0013222276465967298,0.0013357880525290966,0.0011544434819370508,0.014769339933991432,0.002188775222748518
unknown,32.0,33.0,0.06986041367053986,0.07652930170297623,0.04430599883198738,0.13767381012439728,0.027576208114624023,0.07398521155118942,0.05306264013051987,0.12964512407779694,0.21366006135940552,0.20665007829666138,0.09498551487922668,0.1312459111213684,0.06884036213159561,0.09872214496135712,0.15626342594623566,0.06828021258115768,0.037682220339775085,0.10613807290792465,0.027076907455921173,0.09212134033441544,0.12192495912313461,0.16064709424972534,0.05426875501871109,0.029490692541003227,0.07043108344078064,0.04187814146280289,0.07554083317518234,0.03623919188976288,0.013165045529603958,0.02191251330077648,0.13957199454307556,0.1441282480955124,0.10579092800617218,0.04807571694254875,0.03284980729222298,0.02391074411571026,0.12239422649145126,0.1700056493282318,0.14787966012954712,0.02542678825557232,0.3726818561553955,0.19346360862255096,0.019501132890582085,0.010556560009717941,0.032286349684000015,0.030027953907847404,0.2388438731431961,0.03376840427517891,0.011411973275244236,0.006280748639255762,0.1007080227136612,0.011826653964817524,0.03008289635181427,0.08055662363767624,0.06714940816164017,0.009320630691945553,0.02854185551404953,0.004735461436212063,0.01899656653404236,0.0036963187158107758,0.08332183212041855,0.18660782277584076,0.03256396949291229,0.004841995425522327,0.006712706759572029,0.006386641878634691,0.0037874674890190363,0.005391573999077082,0.18975627422332764,0.03375515714287758,0.01573602482676506,0.017715128138661385,0.008473018184304237,0.021333441138267517,0.009160442277789116,0.03098534420132637,0.08273975551128387,0.0016819655429571867,0.021147875115275383,0.006672257091850042,0.03043917752802372,0.005618170369416475,0.010794701054692268,0.002517153974622488,0.008953818120062351,0.01312805712223053,0.018922563642263412,0.028895089402794838,0.03298955038189888,0.03784902021288872,0.22107940912246704,0.03378599137067795,0.0023412476293742657,0.10517637431621552,0.19027850031852722,0.021689459681510925,0.039842210710048676,0.04473968967795372,0.021384626626968384,0.00108766695484519,0.002407683990895748,0.00880160741508007,0.02728465385735035,0.0034045784268528223,0.028272250667214394,0.02616007626056671,0.022891012951731682,0.0571267306804657,0.0064252582378685474,0.04475470632314682,0.014496788382530212,0.004727079998701811,0.0026307879015803337,0.008929486386477947,0.005568597465753555
unknown,33.0,34.0,0.0387059710919857,0.03612269461154938,0.022734107449650764,0.14401377737522125,0.050024621188640594,0.06396883726119995,0.06759897619485855,0.11266059428453445,0.12908616662025452,0.07668164372444153,0.0477590374648571,0.08479969203472137,0.08786172419786453,0.12233597040176392,0.04897511005401611,0.03739673271775246,0.04038387909531593,0.10736047476530075,0.06596828252077103,0.15360726416110992,0.1491827517747879,0.09183427691459656,0.05610032007098198,0.03968404605984688,0.033399131149053574,0.0240890271961689,0.10914947837591171,0.08976023644208908,0.01334893424063921,0.06315712630748749,0.10715758055448532,0.11635575443506241,0.05567903444170952,0.01876000687479973,0.06528998166322708,0.028591588139533997,0.10314936935901642,0.0713287889957428,0.05618729814887047,0.035969022661447525,0.1356525421142578,0.07002051174640656,0.032160334289073944,0.054017189890146255,0.08538321405649185,0.025699464604258537,0.10701467096805573,0.04392215982079506,0.040229689329862595,0.012660568580031395,0.06430749595165253,0.04925199970602989,0.053108979016542435,0.0665891245007515,0.038143303245306015,0.01033779140561819,0.027105335146188736,0.00669721607118845,0.031076258048415184,0.020427044481039047,0.10306891798973083,0.060012295842170715,0.01599191688001156,0.006611229851841927,0.03307364508509636,0.028083669021725655,0.03786461800336838,0.041087664663791656,0.06311389058828354,0.027654919773340225,0.015603591687977314,0.023353956639766693,0.06321211904287338,0.040600817650556564,0.023231148719787598,0.03842673450708389,0.015297247096896172,0.034277062863111496,0.031161628663539886,0.010013101622462273,0.030418315902352333,0.01434567291289568,0.009890303947031498,0.08500350266695023,0.04430369287729263,0.00748423021286726,0.02678585611283779,0.03996424376964569,0.04475189000368118,0.06197835132479668,0.054655518382787704,0.041801340878009796,0.0033030440099537373,0.03819042444229126,0.067632757127285,0.012601611204445362,0.03208345174789429,0.030960949137806892,0.01620759814977646,0.0012601334601640701,0.005515892989933491,0.007164851762354374,0.01130176242440939,0.0016781415324658155,0.026894360780715942,0.010697965510189533,0.004562949761748314,0.015309017151594162,0.015053154900670052,0.019265813753008842,0.01074526272714138,0.006792302709072828,0.005194925703108311,0.016879426315426826,0.02518572099506855
unknown,34.0,35.0,0.01815778575837612,0.013271537609398365,0.01383457612246275,0.16107425093650818,0.022230518981814384,0.1671610325574875,0.02512364648282528,0.1623159945011139,0.06869811564683914,0.06468731164932251,0.03155823051929474,0.03238976374268532,0.07612286508083344,0.07741469889879227,0.05098817124962807,0.030269691720604897,0.03401979058980942,0.0534527525305748,0.029147282242774963,0.20315861701965332,0.08670846372842789,0.15024858713150024,0.09829563647508621,0.07739615440368652,0.04769674688577652,0.010434732772409916,0.0765407532453537,0.30265697836875916,0.04491323232650757,0.15509441494941711,0.07995795458555222,0.134725883603096,0.05693914368748665,0.0169451255351305,0.15346434712409973,0.01855359598994255,0.04237116873264313,0.061068277806043625,0.06406565010547638,0.08819706737995148,0.1598309576511383,0.19335658848285675,0.03588228300213814,0.04633180797100067,0.031228460371494293,0.02439108118414879,0.08534695953130722,0.03193245828151703,0.032332394272089005,0.0011085264850407839,0.18876418471336365,0.11814981698989868,0.14425449073314667,0.08029139786958694,0.04202752187848091,0.013981166295707226,0.08729459345340729,0.00878984946757555,0.015419469214975834,0.003671047743409872,0.11905014514923096,0.09242834895849228,0.10012651979923248,0.0024270210415124893,0.005063868127763271,0.012925074435770512,0.004101995378732681,0.0163426473736763,0.0336897149682045,0.08145998418331146,0.07933829724788666,0.10547952353954315,0.02593092992901802,0.019227635115385056,0.13164742290973663,0.17466048896312714,0.01719476841390133,0.005886376835405827,0.022264447063207626,0.0193706676363945,0.009678754955530167,0.0036212108097970486,0.0017894745105877519,0.005610499531030655,0.0029760212637484074,0.005611088126897812,0.023266129195690155,0.027103176340460777,0.05845028534531593,0.05584271252155304,0.042766403406858444,0.03029784932732582,0.0010957462945953012,0.021825628355145454,0.015775170177221298,0.05918680503964424,0.044840600341558456,0.057075172662734985,0.12105250358581543,0.01446978934109211,0.00531069515272975,0.020097559317946434,0.0172184556722641,0.011165815405547619,0.027102483436465263,0.05639124661684036,0.041324395686388016,0.008290275000035763,0.0027623563073575497,0.028637217357754707,0.005015756003558636,0.0017975085647776723,0.00034497553133405745,0.005835995078086853,0.006418828386813402
unknown,57.0,58.0,0.01726115308701992,0.005085726268589497,0.010603667236864567,0.029552696272730827,0.05380832403898239,0.15292710065841675,0.041794031858444214,0.04522223398089409,0.1658521145582199,0.14476801455020905,0.05897354707121849,0.029822014272212982,0.02611403539776802,0.11230602860450745,0.03780946880578995,0.0326591432094574,0.050948772579431534,0.15322232246398926,0.054755810648202896,0.2196037471294403,0.06798169761896133,0.0641450509428978,0.034074533730745316,0.06458040326833725,0.02964693307876587,0.012977486476302147,0.0349559485912323,0.17435917258262634,0.027252573519945145,0.14904505014419556,0.025527343153953552,0.022852299734950066,0.006211722269654274,0.028354430571198463,0.10924330353736877,0.014287371188402176,0.05154029279947281,0.28701239824295044,0.036918215453624725,0.055042948573827744,0.14947527647018433,0.09064743667840958,0.030368747189641,0.038896068930625916,0.03221593424677849,0.013147862628102303,0.3813418447971344,0.021551450714468956,0.004279225133359432,0.0004709771601483226,0.01742052286863327,0.011871692724525928,0.1897454708814621,0.007061417680233717,0.017852988094091415,0.01446076575666666,0.03996631130576134,0.12368635833263397,0.014067982323467731,0.002702565398067236,0.009118055924773216,0.03346436843276024,0.13117818534374237,0.008451205678284168,0.0026309483218938112,0.010839699767529964,0.0028225500136613846,0.009796307422220707,0.28658223152160645,0.04596724733710289,0.1374753713607788,0.03856140002608299,0.0038128462620079517,0.00710504362359643,0.03830813989043236,0.03702595457434654,0.03473540395498276,0.0013045683735981584,0.019377879798412323,0.0047678034752607346,0.010290069505572319,0.003717172658070922,0.0017351830611005425,0.0030394275672733784,0.0018279723590239882,0.008095511235296726,0.02362413890659809,0.03120592050254345,0.004066223744302988,0.005273847840726376,0.007377596106380224,0.02461833879351616,0.001309888786636293,0.0035527090076357126,0.002503018593415618,0.009686714969575405,0.02232459932565689,0.018924642354249954,0.04658261686563492,0.008772882632911205,0.0019669216126203537,0.09350308030843735,0.12174619734287262,0.0550987608730793,0.025004372000694275,0.01536818128079176,0.009983625262975693,0.0012338459491729736,0.027277953922748566,0.15346994996070862,0.01752900518476963,0.007041283417493105,0.0010440609185025096,0.014191821217536926,0.0034761123824864626
unknown,74.0,75.0,0.01673549972474575,0.013152503408491611,0.009632274508476257,0.07919882982969284,0.07414287328720093,0.17149271070957184,0.028032884001731873,0.13552819192409515,0.14202997088432312,0.11092311888933182,0.07029657065868378,0.053873416036367416,0.07735242694616318,0.21146903932094574,0.02902035228908062,0.03056717850267887,0.08130460977554321,0.21003596484661102,0.08563154190778732,0.23324690759181976,0.13868063688278198,0.036762598901987076,0.06089603528380394,0.06635992228984833,0.02179800719022751,0.023931050673127174,0.04321057349443436,0.1582244336605072,0.055305324494838715,0.0894189402461052,0.03751817345619202,0.057851340621709824,0.03427257388830185,0.06638746708631516,0.13296979665756226,0.02485363371670246,0.0414462573826313,0.10495297610759735,0.036105506122112274,0.16617661714553833,0.07225275784730911,0.05637458711862564,0.05230878293514252,0.04300324618816376,0.030720792710781097,0.03784378990530968,0.1516285240650177,0.026839176192879677,0.038880787789821625,0.002138002309948206,0.046821679919958115,0.14145372807979584,0.16545730829238892,0.03108689747750759,0.026274483650922775,0.020712919533252716,0.11203452199697495,0.1044325903058052,0.01626921445131302,0.004502490162849426,0.022741025313735008,0.021265976130962372,0.07162918150424957,0.0033417732920497656,0.003352806903421879,0.014620669186115265,0.0036614995915442705,0.020666155964136124,0.07515425980091095,0.11226800084114075,0.396091103553772,0.16794025897979736,0.030638718977570534,0.011872902512550354,0.07483316957950592,0.15569768846035004,0.0019430062966421247,0.014535944908857346,0.027083277702331543,0.002772645326331258,0.009012858383357525,0.004945766646414995,0.0014466977445408702,0.03912605717778206,0.0033060486894100904,0.015128538943827152,0.025676662102341652,0.019750729203224182,0.010681717656552792,0.017449459061026573,0.05405990779399872,0.025008006021380424,0.0014449148438870907,0.032163720577955246,0.023719949647784233,0.0032702775206416845,0.002421469194814563,0.0025673741474747658,0.009522123262286186,0.024052008986473083,0.0019723516888916492,0.0843382477760315,0.02860075794160366,0.09534158557653427,0.018940703943371773,0.01740141212940216,0.005573977716267109,0.004935897421091795,0.014582870528101921,0.015128661878407001,0.001501678954809904,0.0024765441194176674,0.0033959513530135155,0.006252071354538202,0.009410159662365913
unknown,86.0,87.0,0.0198403000831604,0.008294750936329365,0.010147171095013618,0.11364229023456573,0.08923891931772232,0.04365715757012367,0.08471714705228806,0.1457550972700119,0.1178666278719902,0.11267104744911194,0.09202385693788528,0.1237858235836029,0.18597060441970825,0.37141862511634827,0.04874185100197792,0.009964070282876492,0.14124351739883423,0.17437641322612762,0.0941111296415329,0.09564664214849472,0.260354608297348,0.022741319611668587,0.05061076208949089,0.026076259091496468,0.015955574810504913,0.0673443153500557,0.059114716947078705,0.06509935110807419,0.03711917623877525,0.04897421970963478,0.10238724201917648,0.05760857090353966,0.006638774182647467,0.012686190195381641,0.05616103112697601,0.09617236256599426,0.20969630777835846,0.08197644352912903,0.005706428084522486,0.011611783877015114,0.07562921196222305,0.02105599269270897,0.03014279529452324,0.0537763275206089,0.09363266825675964,0.024339957162737846,0.06499695777893066,0.07233060896396637,0.03521266207098961,0.0032376712188124657,0.08008507639169693,0.0035886967089027166,0.07446964830160141,0.011197183281183243,0.014329401776194572,0.02437584288418293,0.26514849066734314,0.0073782214894890785,0.0821346864104271,0.0052710240706801414,0.04246222600340843,0.004434424918144941,0.01166008785367012,0.001524034421890974,0.005339415743947029,0.0042935204692184925,0.016948362812399864,0.007661564741283655,0.017375700175762177,0.11368992179632187,0.06767211854457855,0.003115616040304303,0.007258241064846516,0.003283245489001274,0.004596722312271595,0.00562210101634264,0.0010927991243079305,0.06779946386814117,0.04505174234509468,0.0056773219257593155,0.005481814965605736,0.007422841619700193,0.005396594293415546,0.004407727625221014,0.00722631998360157,0.009218952618539333,0.14029979705810547,0.13921448588371277,0.00873783603310585,0.012656879611313343,0.05167750269174576,0.30826234817504883,0.002248711884021759,0.014829263091087341,0.0025224790442734957,0.1941714882850647,0.047647733241319656,0.022599829360842705,0.05344595015048981,0.006334187928587198,0.003936951048672199,0.00997970998287201,0.006914238911122084,0.017605198547244072,0.06473291665315628,0.04250740259885788,0.010721927508711815,0.003987498115748167,0.0012708446010947227,0.008967633359134197,0.015502343885600567,0.00715775229036808,0.0014379654312506318,0.0013172063045203686,0.016062384471297264
unknown,92.0,93.0,0.02366146259009838,0.011124297976493835,0.01218402199447155,0.09075819700956345,0.07557889819145203,0.11714661866426468,0.03014402464032173,0.1207372173666954,0.15553303062915802,0.09205304086208344,0.04689362272620201,0.03366782143712044,0.05674690008163452,0.25646910071372986,0.030668679624795914,0.025265203788876534,0.04931935295462608,0.23339593410491943,0.12452042102813721,0.2293953001499176,0.12273985147476196,0.057792115956544876,0.0921887531876564,0.08149535953998566,0.02763492427766323,0.0316564105451107,0.051425911486148834,0.13576965034008026,0.045551933348178864,0.0804223120212555,0.043406810611486435,0.05527430772781372,0.014296559616923332,0.024348486214876175,0.13921739161014557,0.03705228492617607,0.05466415733098984,0.13245593011379242,0.027496304363012314,0.07327169179916382,0.10234100371599197,0.06276997923851013,0.05910346657037735,0.03719767555594444,0.023682748898863792,0.020360058173537254,0.18679656088352203,0.03471887484192848,0.023391930386424065,0.003948934841901064,0.04840199649333954,0.03938094526529312,0.11771184951066971,0.02062184363603592,0.08240079879760742,0.037448666989803314,0.10099488496780396,0.0916278213262558,0.02014658972620964,0.00464931083843112,0.03403709828853607,0.04343775659799576,0.07226494699716568,0.013052813708782196,0.006120326928794384,0.015780624002218246,0.008752984926104546,0.012625993229448795,0.10412437468767166,0.10919497907161713,0.1422434151172638,0.05864570662379265,0.013368566520512104,0.012564107775688171,0.04883618280291557,0.052774593234062195,0.006595466285943985,0.005416252184659243,0.029221955686807632,0.009436314925551414,0.022858640179038048,0.018344227224588394,0.004966553300619125,0.017709357663989067,0.01258604135364294,0.021616050973534584,0.009015846066176891,0.011575335636734962,0.015913471579551697,0.014014621265232563,0.010415901429951191,0.013862770982086658,0.0037061809562146664,0.0060982792638242245,0.00714334798976779,0.011383969336748123,0.019779639318585396,0.020014585927128792,0.043771106749773026,0.03898579627275467,0.005169045180082321,0.08108692616224289,0.052561480551958084,0.10920853167772293,0.06738637387752533,0.03713882714509964,0.018784016370773315,0.002737733069807291,0.027371298521757126,0.039958272129297256,0.008915098384022713,0.006058455444872379,0.0046440958976745605,0.014203093014657497,0.01915476657450199
unknown,133.0,134.0,0.10387016087770462,0.05741111934185028,0.0888868123292923,0.017405010759830475,0.0037295727524906397,0.012906447052955627,0.031221121549606323,0.021773919463157654,0.28920435905456543,0.2515575587749481,0.17853376269340515,0.3264525234699249,0.08027675747871399,0.0410677045583725,0.2300155907869339,0.32437607645988464,0.05045295134186745,0.08036539703607559,0.006587265990674496,0.03781409561634064,0.1811281442642212,0.19098345935344696,0.0038518658839166164,0.017345719039440155,0.08790447562932968,0.029234254732728004,0.01966816559433937,0.0010868236422538757,0.003733895719051361,0.0006278823129832745,0.19582220911979675,0.018232490867376328,0.06792372465133667,0.04221601411700249,0.005497811362147331,0.009263685904443264,0.21749918162822723,0.13587059080600739,0.17091889679431915,0.012339986860752106,0.5884072780609131,0.2914823293685913,0.005653858184814453,0.0006307287840172648,0.003731505712494254,0.0378691591322422,0.2556818127632141,0.004575478378683329,0.000176269983057864,0.0003070551319979131,0.0014036154607310891,0.0004095477925147861,0.0012926323106512427,0.00049791787751019,0.04487258568406105,0.002522646449506283,0.004828399047255516,0.0013994502369314432,0.001737307757139206,0.00019368721405044198,0.000601881300099194,0.46044838428497314,0.0016971358563750982,0.0015188809484243393,6.59474972053431e-05,0.0002605237241368741,0.00014659712905995548,7.289077620953321e-05,0.06835970282554626,0.0007304062601178885,0.0011211627861484885,0.00045694439904764295,0.0003157985338475555,0.0007845722720958292,0.0007393778068944812,0.013463630340993404,0.03748755902051926,0.00010905753879342228,0.0015170079423114657,0.0001500673097325489,0.005454488098621368,0.0007300176657736301,0.0034616338089108467,0.00010801270400406793,0.0022258483804762363,0.004080588463693857,0.00018155314319301397,0.000690141343511641,0.00033462909050285816,0.0003138273605145514,0.2608291208744049,0.0014808116247877479,0.00045703467912971973,0.23893249034881592,0.7853914499282837,0.00048577276174910367,0.004548093304038048,0.003974912688136101,0.000541119312401861,0.00013003972708247602,0.000851714052259922,0.0010532863670960069,0.0010950242867693305,0.003521226579323411,0.0017160519491881132,0.000834966660477221,0.002501013455912471,0.08861298859119415,0.0007866587257012725,0.0024303633254021406,0.0011026011779904366,0.0012350394390523434,0.0007661578711122274,0.001131874741986394,0.00019239902030676603
unknown,134.0,135.0,0.1443110853433609,0.07303281128406525,0.14263468980789185,0.02514810487627983,0.0021008795592933893,0.006846418604254723,0.02922232449054718,0.013767278753221035,0.18917475640773773,0.22645603120326996,0.1874767243862152,0.35543760657310486,0.06968887895345688,0.03808332979679108,0.2850360870361328,0.37227773666381836,0.06161024048924446,0.04186024144291878,0.0045537627302110195,0.021035345271229744,0.15173055231571198,0.21699027717113495,0.001769001130014658,0.0058777774684131145,0.11953122913837433,0.033134348690509796,0.03199774771928787,0.0006836118991486728,0.0011867485009133816,0.0003965185605920851,0.23676328361034393,0.03203846886754036,0.07722689211368561,0.0343095026910305,0.002253255806863308,0.011644494719803333,0.22647249698638916,0.12518928945064545,0.167416051030159,0.003805711166933179,0.6758428812026978,0.30205971002578735,0.002533645834773779,0.000442955904873088,0.003298588562756777,0.02370949275791645,0.18157744407653809,0.008782437071204185,0.00019303006411064416,0.0009092319523915648,0.002462006639689207,0.000250011682510376,0.0010983089450746775,0.0010907604591920972,0.02266550622880459,0.001120674074627459,0.001976544503122568,0.001962088979780674,0.001733273034915328,0.00019030360272154212,0.0009769584285095334,0.38038089871406555,0.001284537254832685,0.0012596724554896355,0.00011830074072349817,0.0004139488737564534,0.00025053060380741954,9.446912736166269e-05,0.05404195934534073,0.00096263358136639,0.0008721177000552416,0.00027439024415798485,0.0007598141673952341,0.0006844126619398594,0.00043085115612484515,0.004175837617367506,0.026163073256611824,8.343823719769716e-05,0.001959336455911398,0.00020178002887405455,0.005475336220115423,0.0004658599791582674,0.001640920527279377,6.1448932683561e-05,0.002112454967573285,0.0022215924691408873,0.0003051704552490264,0.0009503666660748422,0.0005999710410833359,0.0005932657513767481,0.2798226475715637,0.001404768438078463,0.000296484911814332,0.24295537173748016,0.8310272097587585,0.00030063564190641046,0.0028532545547932386,0.0031301213894039392,0.00016921859059948474,5.4734548029955477e-05,0.0005071513005532324,0.0006849307101219893,0.0015928393695503473,0.005040406249463558,0.0007293320377357304,0.00038366802618838847,0.002391441958025098,0.09927956759929657,0.0009694189648143947,0.003142645815387368,0.0007269868510775268,0.0008052552002482116,0.000773874984588474,0.002879207953810692,0.0002026916918111965
unknown,139.0,140.0,0.0648447573184967,0.03780174255371094,0.06618771702051163,0.013338771648705006,0.008376553654670715,0.021266747266054153,0.02322451025247574,0.025289200246334076,0.3226780593395233,0.31529489159584045,0.18406149744987488,0.3554716110229492,0.08724165707826614,0.04111746326088905,0.22284673154354095,0.245653435587883,0.05714564770460129,0.09287862479686737,0.008465268649160862,0.059472788125276566,0.18030954897403717,0.20306316018104553,0.005624838639050722,0.017901098355650902,0.08336834609508514,0.023302540183067322,0.013202325440943241,0.0021406591404229403,0.006358561106026173,0.0011920924298465252,0.15019908547401428,0.01550341211259365,0.05824149399995804,0.0382523350417614,0.009263398125767708,0.006435017567127943,0.18398691713809967,0.15377722680568695,0.14296355843544006,0.014691454358398914,0.527346134185791,0.29017019271850586,0.007165471091866493,0.0006290596793405712,0.0021572080440819263,0.03067203052341938,0.31000348925590515,0.0039331247098743916,0.00024235363525804132,0.0003056442365050316,0.0021469483617693186,0.0007210784242488444,0.0021854254882782698,0.0008547589532099664,0.07696787267923355,0.004973778035491705,0.010164703242480755,0.0015926762716844678,0.001154238823801279,0.000265264417976141,0.0010153896873816848,0.3818248510360718,0.005150276701897383,0.002795777516439557,0.00013202533591538668,0.00032042519887909293,0.0001870750857051462,0.00010020099580287933,0.12220364063978195,0.0006964302738197148,0.002181367017328739,0.0007147776195779443,0.00034463946940377355,0.0011728942627087235,0.0011281903134658933,0.018830114975571632,0.05494234338402748,0.00017488113371655345,0.002263253089040518,0.00017373728042002767,0.006801876705139875,0.0011375686153769493,0.003339582122862339,0.000155182700837031,0.0023334859870374203,0.011168125085532665,0.00046405300963670015,0.001447216491214931,0.00046848360216245055,0.0006235817563720047,0.3452966809272766,0.0036487497854977846,0.0005881519755348563,0.20843392610549927,0.6258923411369324,0.0008995335665531456,0.005550879519432783,0.0035743152257055044,0.0008572774240747094,0.00016014036373235285,0.0005625683697871864,0.0013856287114322186,0.0015485129551962018,0.0017394719179719687,0.004150188062340021,0.0020547229796648026,0.003921123221516609,0.12408679723739624,0.0008032093173824251,0.002633596770465374,0.0007284085731953382,0.0007919840281829238,0.0009404536103829741,0.0007660315604880452,0.00043713784543797374
unknown,146.0,147.0,0.06478075683116913,0.03488999232649803,0.06366746872663498,0.010967561975121498,0.007222998887300491,0.016982346773147583,0.02193440869450569,0.028357921168208122,0.42218494415283203,0.3858273923397064,0.2555857300758362,0.5010135769844055,0.12630079686641693,0.06573224812746048,0.23553478717803955,0.18242038786411285,0.08346930146217346,0.12157430499792099,0.008570429868996143,0.04981961101293564,0.27346402406692505,0.11257912963628769,0.004680418875068426,0.015098361298441887,0.0648256242275238,0.03562583029270172,0.008403051644563675,0.0012366290902718902,0.006874818354845047,0.0007035289308987558,0.1652229130268097,0.010377474129199982,0.04102717712521553,0.04507245123386383,0.004269949160516262,0.010338641703128815,0.21995645761489868,0.15045882761478424,0.09978144615888596,0.014241878874599934,0.447629451751709,0.16261203587055206,0.006064966786652803,0.0006207060650922358,0.0022446298971772194,0.03727421164512634,0.30381226539611816,0.004126820247620344,0.00013967712584417313,0.00013153818144928664,0.001539846183732152,0.00025588678545318544,0.0010000166948884726,0.0004171046311967075,0.047428589314222336,0.004216688685119152,0.012094655074179173,0.0011615518014878035,0.0034642242826521397,0.0001419878681190312,0.0006114862044341862,0.23588813841342926,0.002422877587378025,0.0012700745137408376,4.40729309048038e-05,0.00014941611152607948,0.00010118370119016618,4.3564417865127325e-05,0.12678083777427673,0.0007258938858285546,0.002512240083888173,0.00035473916796036065,0.00013142652460373938,0.00039170068339444697,0.0006716410280205309,0.013344410806894302,0.06185329705476761,0.00011227499635424465,0.0014530220068991184,0.00010666611342458054,0.0033326419070363045,0.0005212469259276986,0.00226655974984169,0.0001148322262451984,0.0021238592453300953,0.006909573916345835,0.00040817144326865673,0.0013612492475658655,0.00025677046505734324,0.0003301343531347811,0.5452744364738464,0.009708858095109463,0.00042078419937752187,0.20828719437122345,0.496934175491333,0.001579462317749858,0.005678251385688782,0.003463172819465399,0.001520071062259376,9.579763718647882e-05,0.00038934440817683935,0.002308911643922329,0.0029375043231993914,0.0018944157054647803,0.0032844042871147394,0.0019636594224721193,0.004768854007124901,0.10138438642024994,0.0006793918437324464,0.004384639207273722,0.0007674815133213997,0.0008772820583544672,0.0012143889907747507,0.0008183693280443549,0.0003363869327586144
unknown,147.0,148.0,0.0498649999499321,0.03060969151556492,0.038710832595825195,0.05439703166484833,0.03086996078491211,0.06056942790746689,0.051199402660131454,0.08025627583265305,0.29339054226875305,0.28485366702079773,0.09388057887554169,0.1859113723039627,0.08054494857788086,0.0810413733124733,0.17249898612499237,0.08517646789550781,0.05334431678056717,0.152304545044899,0.03194849193096161,0.15355217456817627,0.15642578899860382,0.12521883845329285,0.039986252784729004,0.0257685836404562,0.06678382307291031,0.017126481980085373,0.030226994305849075,0.021786902099847794,0.01340299379080534,0.017901616171002388,0.09110420197248459,0.06005600839853287,0.06225253641605377,0.054669108241796494,0.03825295343995094,0.015012017451226711,0.08184285461902618,0.1818062961101532,0.10555551946163177,0.025598404929041862,0.32949861884117126,0.20282161235809326,0.03199201077222824,0.007552814669907093,0.013241242617368698,0.017701657488942146,0.3034645915031433,0.02985638938844204,0.009069954976439476,0.0040975408628582954,0.04287175089120865,0.0154296038672328,0.021124117076396942,0.03134452551603317,0.10657674074172974,0.016937246546149254,0.041422221809625626,0.009598453529179096,0.010795307345688343,0.004343358799815178,0.02999982051551342,0.19417928159236908,0.05570802837610245,0.0048895482905209064,0.005268768407404423,0.004057271871715784,0.004524421412497759,0.005360949318856001,0.219356968998909,0.017919622361660004,0.016896164044737816,0.016523215919733047,0.004984330851584673,0.03496065363287926,0.019485536962747574,0.027365276589989662,0.10479692369699478,0.0041795894503593445,0.06842105090618134,0.008435207419097424,0.07284735888242722,0.01314062811434269,0.016084691509604454,0.002396497642621398,0.013731125742197037,0.013675800524652004,0.025400586426258087,0.04943186789751053,0.02201702818274498,0.021645328029990196,0.258527934551239,0.04206861928105354,0.0015949689550325274,0.19447453320026398,0.264445036649704,0.01559530757367611,0.028567880392074585,0.019342269748449326,0.006757300812751055,0.0009918019641190767,0.00493913609534502,0.019047673791646957,0.010561337694525719,0.0028106453828513622,0.04072429612278938,0.05544430762529373,0.025719311088323593,0.05552088841795921,0.006918329745531082,0.021252386271953583,0.011984703131020069,0.006822346709668636,0.0032871607691049576,0.005183094181120396,0.0092207882553339
unknown,151.0,152.0,0.008242913521826267,0.003955794032663107,0.006161379627883434,0.05532173439860344,0.09218116104602814,0.1587265133857727,0.012085543014109135,0.14182111620903015,0.2165219485759735,0.09408853948116302,0.043315574526786804,0.036764588207006454,0.055975791066884995,0.6423019766807556,0.021330924704670906,0.014220870099961758,0.04036249965429306,0.3621397614479065,0.17979229986667633,0.22400295734405518,0.2558493912220001,0.014964255504310131,0.08159582316875458,0.061726052314043045,0.012442567385733128,0.051945507526397705,0.016713712364435196,0.08386596292257309,0.05015828087925911,0.05291612446308136,0.02187362313270569,0.0303032323718071,0.010724911466240883,0.03555179014801979,0.09910878539085388,0.039021085947752,0.037691984325647354,0.11676850914955139,0.01123816054314375,0.07324600964784622,0.03532296419143677,0.019503040239214897,0.09801730513572693,0.026106564328074455,0.007929342798888683,0.022056980058550835,0.18107813596725464,0.01783425360918045,0.02029353938996792,0.000909229856915772,0.04999566450715065,0.016308296471834183,0.11153143644332886,0.013189837336540222,0.019981199875473976,0.011220329441130161,0.07059521973133087,0.21244026720523834,0.00410937936976552,0.0018322633113712072,0.019702225923538208,0.006018476095050573,0.036940235644578934,0.002338075777515769,0.0014767630491405725,0.010759643279016018,0.0020644611213356256,0.00702007906511426,0.14417117834091187,0.1876857429742813,0.304471880197525,0.039652206003665924,0.0073152887634932995,0.003478492144495249,0.019262608140707016,0.01969980075955391,0.001152228331193328,0.0030615637078881264,0.014852727763354778,0.00163059844635427,0.005135312210768461,0.005749830044806004,0.00043994697625748813,0.020111098885536194,0.002473606262356043,0.02090246044099331,0.02429649420082569,0.011736351996660233,0.005606720689684153,0.010384637862443924,0.0067255329340696335,0.012010617181658745,0.0005038712406530976,0.003931821323931217,0.0021850757766515017,0.0010786462808027864,0.0008053899509832263,0.0005324805970303714,0.0031606729608029127,0.019142212346196175,0.0004580905369948596,0.28032320737838745,0.0695255771279335,0.44237759709358215,0.044159743934869766,0.019231220707297325,0.0022157649509608746,0.0012739821104332805,0.015379028394818306,0.024090830236673355,0.0004912492586299777,0.000759358168579638,0.0019510339479893446,0.0023780306801199913,0.0111519955098629
unknown,165.0,166.0,0.03935181349515915,0.034008804708719254,0.02247636206448078,0.09874122589826584,0.05856730416417122,0.1509583592414856,0.03935004398226738,0.12844891846179962,0.15392963588237762,0.10360207408666611,0.06616435199975967,0.08282443881034851,0.07229026407003403,0.08764046430587769,0.059279512614011765,0.0530778132379055,0.060019344091415405,0.18168309330940247,0.04851022735238075,0.23504376411437988,0.10124361515045166,0.12763141095638275,0.087936170399189,0.08356859534978867,0.03723526746034622,0.017661292105913162,0.051427531987428665,0.11734667420387268,0.05735297128558159,0.06526719033718109,0.07405266165733337,0.08492947369813919,0.052221860736608505,0.03778903931379318,0.14574263989925385,0.02019600383937359,0.07262051850557327,0.0886794850230217,0.09746333211660385,0.14271214604377747,0.17233595252037048,0.15964099764823914,0.06258752197027206,0.024783749133348465,0.03590000793337822,0.04539567977190018,0.16552519798278809,0.023642122745513916,0.019491828978061676,0.003839090233668685,0.07660100609064102,0.13788993656635284,0.1045188158750534,0.04661116749048233,0.1246078684926033,0.03889567404985428,0.11599383503198624,0.018297351896762848,0.013427449390292168,0.005042287055402994,0.05237726867198944,0.16889934241771698,0.06964568793773651,0.0095432810485363,0.004420335404574871,0.008950657211244106,0.003434785408899188,0.011525791138410568,0.09530344605445862,0.06205424293875694,0.08255533128976822,0.13235779106616974,0.02088526077568531,0.051176585257053375,0.11760162562131882,0.22990088164806366,0.020059309899806976,0.006474005989730358,0.03195081278681755,0.013475841842591763,0.028941279277205467,0.011339639313519001,0.008123711682856083,0.014758308418095112,0.010641898959875107,0.028993213549256325,0.01268108282238245,0.02357299253344536,0.02888740599155426,0.031610529869794846,0.0846339538693428,0.02504616789519787,0.0032578844111412764,0.07324093580245972,0.10128235071897507,0.020230451598763466,0.03131628409028053,0.026450442150235176,0.035465795546770096,0.008927885442972183,0.006158749107271433,0.020070400089025497,0.015626566484570503,0.015960214659571648,0.054994914680719376,0.058105096220970154,0.04443571716547012,0.026241883635520935,0.016045695170760155,0.020393766462802887,0.004267022013664246,0.00270604295656085,0.003060731338337064,0.010789266787469387,0.009217876940965652
unknown,182.0,183.0,0.024959584698081017,0.01541304960846901,0.01392549742013216,0.051961157470941544,0.07737597078084946,0.07889214158058167,0.045179128646850586,0.0751478374004364,0.15915386378765106,0.13995908200740814,0.07025755196809769,0.13788682222366333,0.0863262191414833,0.19296462833881378,0.06267347931861877,0.02567298524081707,0.06998070329427719,0.2293655276298523,0.07690924406051636,0.17857861518859863,0.19597525894641876,0.04038016498088837,0.05482132360339165,0.058155108243227005,0.020665159448981285,0.04849990829825401,0.03434959799051285,0.04950796812772751,0.05687098577618599,0.030798794701695442,0.1001577228307724,0.03593321144580841,0.02184113673865795,0.017014332115650177,0.09024426341056824,0.045921117067337036,0.1197812557220459,0.2042616903781891,0.025934334844350815,0.04193129390478134,0.12557880580425262,0.05737599357962608,0.05748669058084488,0.020420333370566368,0.021242955699563026,0.02968810498714447,0.22689414024353027,0.03703385964035988,0.008828983642160892,0.005918357986956835,0.04379473999142647,0.021237149834632874,0.05699360370635986,0.02141292206943035,0.045111898332834244,0.009000260382890701,0.056505199521780014,0.015259099192917347,0.014182467944920063,0.007414412219077349,0.02324201539158821,0.03458729013800621,0.03071674145758152,0.005793346092104912,0.007769569288939238,0.008086922578513622,0.016675326973199844,0.012542646378278732,0.20550967752933502,0.04764244332909584,0.06701412051916122,0.02106265351176262,0.024534640833735466,0.00745563255622983,0.01422649621963501,0.04647265002131462,0.016896065324544907,0.01691487245261669,0.009749263525009155,0.0008762503857724369,0.0058676875196397305,0.01002937275916338,0.0017499563982710242,0.028960509225726128,0.02124410681426525,0.013819636777043343,0.02053055167198181,0.022788703441619873,0.007176048122346401,0.020614737644791603,0.19897697865962982,0.05286332219839096,0.0024832726921886206,0.07700762897729874,0.06586743891239166,0.012736105360090733,0.008916476741433144,0.013468608260154724,0.06055925413966179,0.01734262891113758,0.0034380410797894,0.03999511897563934,0.10383139550685883,0.036467716097831726,0.041665028780698776,0.022702783346176147,0.004479541908949614,0.028865322470664978,0.004026694223284721,0.0960312932729721,0.0024638259783387184,0.002376092365011573,0.01440070103853941,0.004527277313172817,0.01622840203344822
unknown,187.0,188.0,0.061196330934762955,0.04433177411556244,0.05112817510962486,0.02376832254230976,0.008969882503151894,0.030295440927147865,0.03372890129685402,0.04230111464858055,0.4262670576572418,0.3254601061344147,0.2277844101190567,0.36857014894485474,0.10379361361265182,0.05453448370099068,0.19285233318805695,0.17226393520832062,0.061184149235486984,0.13241493701934814,0.007714088540524244,0.07948198914527893,0.23361001908779144,0.12591543793678284,0.00982967671006918,0.034043021500110626,0.07042966783046722,0.03212796151638031,0.015737546607851982,0.003948976285755634,0.0096805514767766,0.0020422281231731176,0.12200237810611725,0.021933838725090027,0.05367858707904816,0.0558478869497776,0.013117216527462006,0.010885343886911869,0.1678636372089386,0.15015976130962372,0.11416320502758026,0.034345563501119614,0.40571144223213196,0.18931496143341064,0.010628217831254005,0.0015689238207414746,0.0053130025044083595,0.05657326057553291,0.3452530801296234,0.00597025454044342,0.0007039318443275988,0.0006109575624577701,0.0033992452081292868,0.0019378558499738574,0.003730455180630088,0.0013921036152169108,0.06528626382350922,0.005492247175425291,0.012831500731408596,0.001704762689769268,0.005491095129400492,0.0005269994726404548,0.0020149073097854853,0.35533228516578674,0.004790164064615965,0.003011413849890232,0.00019786889606621116,0.0005413193139247596,0.0003783634747378528,0.00022264727158471942,0.15535598993301392,0.0017810255521908402,0.0027428134344518185,0.0016194171039387584,0.0006044813198968768,0.00280229770578444,0.00263829343020916,0.040220752358436584,0.10374704748392105,0.00033633873681537807,0.002121950266882777,0.00020776010933332145,0.008665543049573898,0.0012973002158105373,0.007957680150866508,0.00036185458884574473,0.0029419553466141224,0.011072371155023575,0.0007296463008970022,0.002413172973319888,0.0009305343846790493,0.0011281869374215603,0.39387691020965576,0.008267018012702465,0.0015774535713717341,0.19836114346981049,0.534837543964386,0.0015512872487306595,0.008056110702455044,0.006497030612081289,0.0016980257350951433,0.00023708146181888878,0.0011224569752812386,0.0016395577695220709,0.002318090060725808,0.0014120739651843905,0.003353200387209654,0.002166122430935502,0.004564402159303427,0.10742742568254471,0.0030198129825294018,0.003978369757533073,0.002246052725240588,0.002294807927682996,0.002517587272450328,0.001836030394770205,0.00031854782719165087
unknown,188.0,189.0,0.0902673602104187,0.047188900411129,0.10036662220954895,0.0191306434571743,0.003268000902608037,0.014353307895362377,0.02251935750246048,0.01859908550977707,0.37516793608665466,0.355103075504303,0.20067767798900604,0.42454060912132263,0.09113427996635437,0.03689328953623772,0.28188443183898926,0.2731720507144928,0.06326228380203247,0.08887554705142975,0.0037609373684972525,0.0548396036028862,0.18243765830993652,0.211130753159523,0.0033164124470204115,0.010393415577709675,0.10292764753103256,0.03652263060212135,0.016350222751498222,0.0010717964032664895,0.003627709113061428,0.000605681212618947,0.1586277335882187,0.020581576973199844,0.054928503930568695,0.034838419407606125,0.003619815455749631,0.008059722371399403,0.22736617922782898,0.1875780075788498,0.12134695053100586,0.012155690230429173,0.6434921026229858,0.25059056282043457,0.002757752314209938,0.00042400581878609955,0.002025597495958209,0.02923733927309513,0.3713313341140747,0.005785000044852495,0.00026223392342217267,0.0003887589555233717,0.0024238701444119215,0.000532361154910177,0.0013850160175934434,0.001040025381371379,0.044237010180950165,0.001537169679068029,0.0031130171846598387,0.0024231744464486837,0.0014825945254415274,0.00024313860922120512,0.0009765800787135959,0.40919119119644165,0.002973714144900441,0.0014203039463609457,7.56677400204353e-05,0.00032411390566267073,0.00010907195246545598,7.60237526264973e-05,0.13592901825904846,0.000842624343931675,0.0014814966125413775,0.0005158235435374081,0.0003766560403164476,0.0009238740894943476,0.0007612808258272707,0.009919237345457077,0.07616107910871506,6.61991216475144e-05,0.0018257080810144544,0.00015981332398951054,0.006771060638129711,0.0005747824325226247,0.0028179341461509466,5.7006585848284885e-05,0.0013738033594563603,0.004600713029503822,0.0006433980306610465,0.0021702744998037815,0.0006025140173733234,0.0006342463893815875,0.4058239758014679,0.00337449018843472,0.00037017028080299497,0.21905215084552765,0.7913960218429565,0.00033471849747002125,0.003025083104148507,0.002080480335280299,0.00022938757319934666,7.14859997970052e-05,0.00023341561609413475,0.0012366073206067085,0.0014355903258547187,0.003040518146008253,0.0011128828627988696,0.0005375488544814289,0.0025883764028549194,0.09351704269647598,0.0010627132141962647,0.002557390136644244,0.0008005972485989332,0.0006801371346227825,0.0008411456947214901,0.0014690293464809656,0.00012448969937395304
unknown,194.0,195.0,0.004266425967216492,0.0015877457335591316,0.004956378601491451,0.03306225687265396,0.10331126302480698,0.15787941217422485,0.004690642934292555,0.10832329094409943,0.29130297899246216,0.10279367864131927,0.03999599441885948,0.031905483454465866,0.03457743674516678,0.7107383608818054,0.022091221064329147,0.01063640508800745,0.03347712755203247,0.5236762166023254,0.20976562798023224,0.19556522369384766,0.2730201482772827,0.008911408483982086,0.07537274807691574,0.05309449881315231,0.007427864708006382,0.07384753972291946,0.006871955934911966,0.02697240561246872,0.06349001079797745,0.017279576510190964,0.011638394556939602,0.016529783606529236,0.007470203563570976,0.029287191107869148,0.048206672072410583,0.040892671793699265,0.03149744123220444,0.15050438046455383,0.007336128037422895,0.04395313933491707,0.035375818610191345,0.00921050738543272,0.08709743618965149,0.006646913941949606,0.0018518955912441015,0.013950889930129051,0.25243231654167175,0.011744452640414238,0.011378392577171326,0.00022629679006058723,0.03090221807360649,0.0033983669709414244,0.051916640251874924,0.005887613166123629,0.020014168694615364,0.014055348932743073,0.04920743778347969,0.27313220500946045,0.001722077140584588,0.0006003815215080976,0.012339983135461807,0.0021803020499646664,0.03669201210141182,0.003017417388036847,0.00039375873166136444,0.002909203292801976,0.00035225600004196167,0.0011573574738577008,0.33670198917388916,0.2597951292991638,0.2393665760755539,0.010048659518361092,0.0009733928018249571,0.0006310261669568717,0.006683265324681997,0.0041757444851100445,0.0008447706932201982,0.0003428617783356458,0.00799806322902441,0.0007150830933824182,0.0035607516765594482,0.0035914743784815073,0.00018577916489448398,0.005144014023244381,0.0009974415879696608,0.02915405109524727,0.014120790176093578,0.007312708999961615,0.003264767350628972,0.004231748636811972,0.004671505186706781,0.007825524546205997,0.00030953888199292123,0.0019566749688237906,0.000873018114361912,0.000413879519328475,0.000410242413636297,0.0002473520871717483,0.002110093366354704,0.012366884388029575,0.0001266345352632925,0.4352259039878845,0.13153547048568726,0.3675976097583771,0.03815043717622757,0.009540325030684471,0.0009060200536623597,0.0007416193839162588,0.007508839480578899,0.021103456616401672,0.00025216391077265143,0.00020287558436393738,0.0009290497400797904,0.0015227587427943945,0.005141431000083685
unknown,205.0,206.0,0.05146978795528412,0.03693705052137375,0.04655509814620018,0.018525725230574608,0.024714305996894836,0.030617961660027504,0.02675166167318821,0.057423777878284454,0.41932857036590576,0.4159397482872009,0.23887179791927338,0.38615065813064575,0.12774091958999634,0.11972957104444504,0.1995529979467392,0.13733980059623718,0.09239306300878525,0.1619783192873001,0.02295353077352047,0.06869065016508102,0.28367775678634644,0.0894380509853363,0.01278633065521717,0.02603159099817276,0.0605115182697773,0.04570408910512924,0.010298028588294983,0.005844439845532179,0.01604459434747696,0.003001941367983818,0.16895811259746552,0.014484228566288948,0.04479376599192619,0.038851771503686905,0.014775985851883888,0.018370667472481728,0.1880912184715271,0.13338255882263184,0.1019078940153122,0.02524436078965664,0.3494016230106354,0.17000475525856018,0.01584186963737011,0.0022079627960920334,0.004446977749466896,0.055177878588438034,0.2797822952270508,0.006358843296766281,0.0005141546716913581,0.0002304327645106241,0.0045963129960000515,0.0016292541986331344,0.004747495520859957,0.0013121347874403,0.08728794008493423,0.01645057089626789,0.07255419343709946,0.0018147033406421542,0.006778129376471043,0.0003566147934179753,0.0022902179043740034,0.23937278985977173,0.009476730599999428,0.0017988947220146656,0.00012449288624338806,0.00030115124536678195,0.00022264569997787476,0.00015110356616787612,0.12511642277240753,0.0034375221002846956,0.014956820756196976,0.0017928499728441238,0.0003685707924887538,0.0013716659741476178,0.003778379177674651,0.057844676077365875,0.07432180643081665,0.0007218887330964208,0.002753176260739565,0.0003424113674554974,0.00359048368409276,0.001450678100809455,0.0039523011073470116,0.0006083529442548752,0.004790701903402805,0.022439289838075638,0.0009922418976202607,0.0016717794351279736,0.0008534256485290825,0.0012022251030430198,0.46722590923309326,0.027733847498893738,0.0006718927761539817,0.2267787605524063,0.3924804627895355,0.006804439704865217,0.010048026219010353,0.006684523541480303,0.012478912249207497,0.0005990221980027854,0.0010177602525800467,0.006697538308799267,0.0062799095176160336,0.0030905301682651043,0.01602495089173317,0.01196060236543417,0.025072414427995682,0.11151246726512909,0.0011081554694101214,0.010209190659224987,0.0011915352661162615,0.00124876550398767,0.0013755219988524914,0.0009260023944079876,0.0016450961120426655
unknown,206.0,207.0,0.07127074897289276,0.046552591025829315,0.03590056672692299,0.11707206815481186,0.036813292652368546,0.06422624737024307,0.09302503615617752,0.09307853877544403,0.11991879343986511,0.10139346122741699,0.05664793401956558,0.08793092519044876,0.06234881654381752,0.12015514820814133,0.09252671152353287,0.048049453645944595,0.03915805742144585,0.14400461316108704,0.059123411774635315,0.12572720646858215,0.12261595577001572,0.11055668443441391,0.057351090013980865,0.05306118726730347,0.04530701786279678,0.028542224317789078,0.07998323440551758,0.05571237578988075,0.02057330124080181,0.04471191018819809,0.12097032368183136,0.13306884467601776,0.0671166256070137,0.033011309802532196,0.06430940330028534,0.05031470209360123,0.14057427644729614,0.10723022371530533,0.07678749412298203,0.039685044437646866,0.20448148250579834,0.10951592773199081,0.03963607922196388,0.033701080828905106,0.05532045662403107,0.029621195048093796,0.11484800279140472,0.05392266809940338,0.02899637073278427,0.018023818731307983,0.07239679247140884,0.0324530228972435,0.05681340768933296,0.05261505767703056,0.05993661656975746,0.011044025421142578,0.028349531814455986,0.002259679138660431,0.022586191073060036,0.014148954302072525,0.07268733531236649,0.06097069010138512,0.016665976494550705,0.0050878399051725864,0.01383916661143303,0.011999925598502159,0.018641715869307518,0.019108975306153297,0.08327068388462067,0.019301049411296844,0.008879568427801132,0.0223835501819849,0.030288495123386383,0.02940068207681179,0.020441092550754547,0.038254063576459885,0.020767251029610634,0.017874926328659058,0.08792433887720108,0.020053090527653694,0.06926675885915756,0.03209618106484413,0.02156003564596176,0.005917955189943314,0.01942017674446106,0.009303536266088486,0.022486627101898193,0.0452132374048233,0.041409119963645935,0.020549241453409195,0.07298393547534943,0.03314153477549553,0.008497556671500206,0.05817435309290886,0.07536179572343826,0.024287305772304535,0.044690996408462524,0.029919471591711044,0.00886555016040802,0.001073631807230413,0.013436770997941494,0.004589297343045473,0.008592267520725727,0.00298835220746696,0.06762538850307465,0.04076007008552551,0.019953511655330658,0.028109952807426453,0.0033801961690187454,0.017676888033747673,0.006560651585459709,0.007918376475572586,0.006051506847143173,0.011875784024596214,0.021345216780900955
unknown,212.0,213.0,0.054747916758060455,0.03764324635267258,0.03492249175906181,0.09670717269182205,0.038542989641427994,0.07390732318162918,0.0821484699845314,0.09174799919128418,0.11264045536518097,0.10291411727666855,0.052148107439279556,0.07561438530683517,0.07462441921234131,0.09481889009475708,0.05817738175392151,0.044430505484342575,0.04010201245546341,0.12205145508050919,0.03778553754091263,0.13235895335674286,0.11614114046096802,0.10449832677841187,0.05872518569231033,0.05145300552248955,0.04067659378051758,0.02901691384613514,0.07786626368761063,0.10170090198516846,0.024661587551236153,0.06894715130329132,0.11105562746524811,0.08019132167100906,0.048514146357774734,0.021563535556197166,0.06976786255836487,0.029867643490433693,0.13773281872272491,0.10597468912601471,0.05415920913219452,0.04809423163533211,0.16950789093971252,0.09372445940971375,0.02641870081424713,0.04490567371249199,0.0780695453286171,0.026701046153903008,0.1191185712814331,0.028720414265990257,0.018467728048563004,0.008276435546576977,0.06007571145892143,0.04651592671871185,0.09967122226953506,0.033150564879179,0.04732212424278259,0.016634082421660423,0.028501076623797417,0.004112881608307362,0.018184378743171692,0.012051877565681934,0.044660069048404694,0.08060654252767563,0.024748055264353752,0.005208122543990612,0.015929721295833588,0.01797904260456562,0.017507357522845268,0.022153669968247414,0.08462104201316833,0.0223836712539196,0.01640092022716999,0.0288540069013834,0.039635732769966125,0.03473884239792824,0.04272055625915527,0.05548006296157837,0.014369839802384377,0.015322670340538025,0.06371665000915527,0.015840865671634674,0.06960657238960266,0.01266588643193245,0.022141527384519577,0.006329148542135954,0.006280137691646814,0.010509728454053402,0.01824062131345272,0.026776723563671112,0.032834459096193314,0.027385691180825233,0.04919726401567459,0.045873817056417465,0.004238929599523544,0.030123358592391014,0.05001203715801239,0.025155100971460342,0.06278129667043686,0.04920108988881111,0.02378670684993267,0.0029209444765001535,0.009235866367816925,0.008642448112368584,0.010372573509812355,0.005777490790933371,0.03184486925601959,0.03624467924237251,0.01938486285507679,0.010538328438997269,0.005787352100014687,0.020248636603355408,0.012044507078826427,0.007935888133943081,0.0023479629307985306,0.01057356595993042,0.006050300784409046
unknown,217.0,218.0,0.011798844672739506,0.0034559036139398813,0.0057966988533735275,0.04499812051653862,0.06237750127911568,0.1777746081352234,0.06025400757789612,0.09832093119621277,0.12123121321201324,0.10058572143316269,0.053900960832834244,0.035231709480285645,0.06608781218528748,0.21372713148593903,0.02081521414220333,0.017676392570137978,0.058020368218421936,0.16545864939689636,0.07874426245689392,0.23801974952220917,0.13598541915416718,0.052391014993190765,0.054672397673130035,0.049360714852809906,0.01583028770983219,0.019563749432563782,0.03792468085885048,0.28706833720207214,0.044706154614686966,0.17399509251117706,0.025004299357533455,0.03146989271044731,0.01080199796706438,0.0324585847556591,0.11946950107812881,0.018893640488386154,0.05770452693104744,0.13385090231895447,0.029743671417236328,0.09710105508565903,0.07217975705862045,0.0794636458158493,0.04773616045713425,0.11389897018671036,0.08316229283809662,0.020708004012703896,0.19366595149040222,0.026318076997995377,0.014214562252163887,0.0005844379193149507,0.030493637546896935,0.04298168420791626,0.2943999469280243,0.013454536907374859,0.016816014423966408,0.009459499269723892,0.09718430042266846,0.08242740482091904,0.029808510094881058,0.0018733073957264423,0.01380974892526865,0.024185894057154655,0.1306070238351822,0.0009841254213824868,0.003157820785418153,0.008570901118218899,0.003882631193846464,0.02164055034518242,0.08916721493005753,0.058941550552845,0.2095302790403366,0.0736265480518341,0.02808215096592903,0.004439082928001881,0.06580832600593567,0.11413688212633133,0.002185709774494171,0.019117088988423347,0.07040128111839294,0.007990425452589989,0.011268400587141514,0.005186736583709717,0.001009401399642229,0.035276591777801514,0.003614181187003851,0.011088394559919834,0.06487319618463516,0.05120033770799637,0.006156839430332184,0.01174346823245287,0.025047577917575836,0.12490972876548767,0.0010534492321312428,0.013380584307014942,0.007115094922482967,0.02586568519473076,0.007019149139523506,0.0070703052915632725,0.030967118218541145,0.01920422539114952,0.0016622290713712573,0.1391676813364029,0.04127498343586922,0.066602423787117,0.045351654291152954,0.06536383181810379,0.009385056793689728,0.0028045987710356712,0.007661550305783749,0.038620155304670334,0.005131601355969906,0.002671969123184681,0.0005762176006101072,0.001982880989089608,0.008115793578326702
unknown,242.0,243.0,0.05306702479720116,0.0299228448420763,0.03255067393183708,0.08427443355321884,0.07022667676210403,0.08386380970478058,0.06739319115877151,0.08645066618919373,0.20639736950397491,0.15598298609256744,0.07214390486478806,0.1262284815311432,0.07354341447353363,0.14856214821338654,0.09427766501903534,0.05726045370101929,0.045372940599918365,0.1697852462530136,0.05178380757570267,0.14470340311527252,0.13069741427898407,0.10955429077148438,0.045211147516965866,0.04070465639233589,0.041290175169706345,0.03308975696563721,0.06099947914481163,0.08472292125225067,0.026419587433338165,0.06079213693737984,0.09714001417160034,0.07646100968122482,0.04948994889855385,0.032238464802503586,0.059906091541051865,0.03764699772000313,0.11926355212926865,0.1543058454990387,0.06045317277312279,0.03686961904168129,0.2205013483762741,0.11652645468711853,0.045418672263622284,0.0379616916179657,0.04671729356050491,0.031571488827466965,0.22150656580924988,0.03679243102669716,0.014600845053792,0.007855426520109177,0.050532929599285126,0.019637983292341232,0.07007571309804916,0.02285165525972843,0.10062792152166367,0.04700218886137009,0.058905672281980515,0.007386207580566406,0.04409956932067871,0.014502530917525291,0.05002976581454277,0.11092666536569595,0.04028778895735741,0.01031048409640789,0.011688043363392353,0.00989083293825388,0.015596185810863972,0.015131241641938686,0.1723812222480774,0.03410983458161354,0.017711039632558823,0.02575789950788021,0.013195877894759178,0.030392082408070564,0.030666038393974304,0.0510440319776535,0.035754118114709854,0.01611340045928955,0.04345354065299034,0.013375700451433659,0.04551887512207031,0.025711148977279663,0.01234209630638361,0.0047943368554115295,0.009302717633545399,0.030490929260849953,0.02575293555855751,0.045051220804452896,0.02118607796728611,0.021960759535431862,0.11996833980083466,0.07672494649887085,0.004988554399460554,0.06384780257940292,0.082424595952034,0.01815219037234783,0.02985508367419243,0.023316670209169388,0.01674465276300907,0.00345639162696898,0.011123117990791798,0.018977327272295952,0.027584681287407875,0.013957062736153603,0.055031534284353256,0.02840038388967514,0.025497857481241226,0.022293850779533386,0.007654615677893162,0.04724116250872612,0.022997837513685226,0.011593789793550968,0.004031212534755468,0.010386282578110695,0.009805113077163696
unknown,248.0,249.0,0.0029612360522150993,0.0014916587388142943,0.0022444073110818863,0.07039036601781845,0.18289883434772491,0.07729673385620117,0.009064191952347755,0.12539055943489075,0.10633564740419388,0.0751023143529892,0.06057995930314064,0.054975852370262146,0.05823299288749695,0.6719711422920227,0.017853200435638428,0.004315332509577274,0.12185404449701309,0.28259795904159546,0.2552239000797272,0.21393531560897827,0.23447564244270325,0.006027716211974621,0.06087157130241394,0.04747699573636055,0.011124572716653347,0.1842457503080368,0.025847721844911575,0.051001932471990585,0.05628913640975952,0.03226880729198456,0.04182066023349762,0.031303733587265015,0.005248185247182846,0.009515658020973206,0.0620352141559124,0.07204695791006088,0.0368335135281086,0.09617102146148682,0.0014866553246974945,0.03526214882731438,0.01880979724228382,0.003323472337797284,0.09687375277280807,0.028251688927412033,0.0101780379191041,0.028324363753199577,0.11179543286561966,0.04896673932671547,0.024889592081308365,0.0007507200934924185,0.08299269527196884,0.02029508538544178,0.03370077535510063,0.018871663138270378,0.004819366615265608,0.009076317772269249,0.20453615486621857,0.11894094944000244,0.013415846973657608,0.0021742088720202446,0.015059017576277256,0.0003846649487968534,0.03064701147377491,0.00047368797822855413,0.0009771834593266249,0.006413665134459734,0.004771755542606115,0.009510200470685959,0.03267683461308479,0.2745298445224762,0.35636183619499207,0.015874173492193222,0.014958934858441353,0.0009042530437000096,0.044188857078552246,0.009577551856637001,0.00017099815886467695,0.014480683952569962,0.0020261129830032587,0.0003164058434776962,0.0002875025966204703,0.00130678981076926,8.865894778864458e-05,0.19312319159507751,0.0026782609056681395,0.011553933843970299,0.015002897940576077,0.006577759515494108,0.0037618561182171106,0.08354116231203079,0.024775344878435135,0.008768226951360703,0.0007113204919733107,0.0104559026658535,0.0018189317779615521,0.003572775749489665,0.0007422286435030401,0.0010417315643280745,0.26413705945014954,0.004257718101143837,0.00040107345557771623,0.1325753629207611,0.1456800252199173,0.19434256851673126,0.013889512978494167,0.0060202437452971935,0.001636532717384398,0.0018067638156935573,0.006411701440811157,0.04723405838012695,0.0014239840675145388,0.0003548773529473692,0.003348894650116563,0.0014924881979823112,0.01803901232779026
unknown,249.0,250.0,0.0035293640103191137,0.0018870406784117222,0.0029584665317088366,0.06764660030603409,0.15250803530216217,0.07849124819040298,0.008621154353022575,0.13125842809677124,0.12027741968631744,0.0869649276137352,0.06306678801774979,0.05626140162348747,0.0577838309109211,0.6306207180023193,0.019994134083390236,0.005081344861537218,0.11862903088331223,0.26680508255958557,0.23639272153377533,0.21355558931827545,0.22585950791835785,0.005891972221434116,0.06471216678619385,0.056575361639261246,0.01796562783420086,0.16988395154476166,0.028398709371685982,0.05048138275742531,0.06164166331291199,0.029298989102244377,0.053016047924757004,0.032332971692085266,0.007082644384354353,0.008042359724640846,0.06317120045423508,0.0527949333190918,0.033822108060121536,0.09776757657527924,0.001798229175619781,0.03572043031454086,0.0197298564016819,0.003472157521173358,0.09821812063455582,0.02570987679064274,0.010379885323345661,0.036839500069618225,0.12233009934425354,0.04281250014901161,0.019191697239875793,0.0006331501062959433,0.07584213465452194,0.02760491892695427,0.030698059126734734,0.020836880430579185,0.0049445913173258305,0.006914477329701185,0.19422827661037445,0.12366583198308945,0.009600050747394562,0.001441332744434476,0.013624177314341068,0.0003900351875927299,0.027597950771450996,0.0002945312298834324,0.0006203872035257518,0.005515251774340868,0.0033891915809363127,0.008963849395513535,0.03157990053296089,0.24685019254684448,0.3238889276981354,0.015176390297710896,0.01043753046542406,0.0007484680390916765,0.04636388644576073,0.009777767583727837,0.00019941832579206675,0.010143658146262169,0.001639395602978766,0.00029301131144165993,0.00023555343796033412,0.0011212293757125735,9.374674846185371e-05,0.27702048420906067,0.0027098411228507757,0.009360089898109436,0.008390308357775211,0.004352707881480455,0.003746572881937027,0.10649789124727249,0.014625009149312973,0.005862088408321142,0.0005885979626327753,0.009024973958730698,0.0019407349172979593,0.003423824440687895,0.0007677832618355751,0.001122410292737186,0.27992555499076843,0.0035212652292102575,0.0003554637951310724,0.08505859971046448,0.12647214531898499,0.15023525059223175,0.013201776891946793,0.005868953187018633,0.0017089606262743473,0.0018132139230147004,0.005445477552711964,0.04374808445572853,0.0013931974535807967,0.00033772256574593484,0.0026783046778291464,0.0016510005807504058,0.01869019865989685
unknown,254.0,255.0,0.07182319462299347,0.04889955371618271,0.06327303498983383,0.014130577445030212,0.003256540047004819,0.019876113161444664,0.02800157479941845,0.025293098762631416,0.4045863151550293,0.31661322712898254,0.19511470198631287,0.407762736082077,0.10594525933265686,0.032915033400058746,0.20366740226745605,0.23146601021289825,0.0454055480659008,0.11637786775827408,0.004827070515602827,0.06593003123998642,0.21092014014720917,0.17437563836574554,0.004963254556059837,0.020072683691978455,0.08083875477313995,0.02554294653236866,0.013492192141711712,0.0012575797736644745,0.007285173516720533,0.0008164109895005822,0.13900144398212433,0.015859151259064674,0.05957425385713577,0.03343746438622475,0.00607936829328537,0.005731357727199793,0.18175967037677765,0.17931436002254486,0.13923440873622894,0.021399350836873055,0.5084776878356934,0.25914523005485535,0.006355187389999628,0.000571872980799526,0.0024588436353951693,0.05190381780266762,0.37205609679222107,0.003756520804017782,0.0002480199618730694,0.0004749802756123245,0.0017128478502854705,0.0006517653237096965,0.001670966506935656,0.0008584901806898415,0.06216619536280632,0.002226625569164753,0.0034354827366769314,0.002144696656614542,0.0016346890479326248,0.0004176582442596555,0.0008562830626033247,0.43159767985343933,0.0022863110061734915,0.001669194782152772,0.00010248245962429792,0.0005210068193264306,0.00017640918667893857,0.000130394400912337,0.14692538976669312,0.0005927397287450731,0.0010454272851347923,0.000495191547088325,0.0005559282144531608,0.001202297629788518,0.001256904797628522,0.019382067024707794,0.09932626783847809,0.0001176064251922071,0.001901074661873281,0.0001487000990891829,0.007916045375168324,0.0009257685742340982,0.006648157257586718,0.00011994650412816554,0.0025365978945046663,0.0062496536411345005,0.00044353422708809376,0.001525107421912253,0.0005103645962662995,0.0006655969773419201,0.36612895131111145,0.004292639438062906,0.001051578437909484,0.1927642524242401,0.6919266581535339,0.0008949102484621108,0.006080800201743841,0.00410187803208828,0.0004474203160498291,9.325376595370471e-05,0.0005948863108642399,0.0011470592580735683,0.0014728213427588344,0.0020257190335541964,0.0019799082074314356,0.0007210097392089665,0.0033783793915063143,0.1077893078327179,0.001256765564903617,0.0023225254844874144,0.0011414163745939732,0.001086473697796464,0.0012137562735006213,0.0014452841132879257,0.00024132299586199224
unknown,255.0,256.0,0.06801943480968475,0.028720885515213013,0.03190641105175018,0.0448390394449234,0.04760504513978958,0.043858323246240616,0.07407020032405853,0.09668266773223877,0.2353866696357727,0.1016065776348114,0.04023588448762894,0.12205737084150314,0.0524420328438282,0.1691342145204544,0.05649655684828758,0.0769050270318985,0.03178277984261513,0.25614532828330994,0.4458238184452057,0.14686428010463715,0.09568719565868378,0.04528973996639252,0.03791537135839462,0.03059755451977253,0.027892496436834335,0.020657239481806755,0.04446000978350639,0.024602890014648438,0.03655603528022766,0.03094504028558731,0.09732060879468918,0.050644032657146454,0.022526582702994347,0.011728783138096333,0.0685938373208046,0.024307599291205406,0.11886554211378098,0.08492781966924667,0.03937986120581627,0.012265796773135662,0.1858992576599121,0.10768740624189377,0.04825972393155098,0.027656810358166695,0.03081091307103634,0.01697562448680401,0.1669488102197647,0.02909436635673046,0.005822263658046722,0.017292609438300133,0.009454828687012196,0.01513957604765892,0.031941529363393784,0.009296294301748276,0.20554248988628387,0.00812593474984169,0.036711376160383224,0.004595091100782156,0.006545010022819042,0.01725257933139801,0.012583242729306221,0.05923289805650711,0.005524809006601572,0.008584234863519669,0.018384838476777077,0.011256100609898567,0.026948479935526848,0.04111175984144211,0.0681237205862999,0.007183207664638758,0.004720314405858517,0.006422065198421478,0.03350631892681122,0.053578466176986694,0.006122481543570757,0.018422242254018784,0.017694035544991493,0.05914650112390518,0.16565927863121033,0.005247147753834724,0.04677604138851166,0.22437889873981476,0.0167275071144104,0.01940992660820484,0.471222460269928,0.030121326446533203,0.005246189888566732,0.006177488248795271,0.007548429537564516,0.004752875305712223,0.07091622799634933,0.008494864217936993,0.006349611096084118,0.1356784999370575,0.11969739198684692,0.029246317222714424,0.025081997737288475,0.026785973459482193,0.0031462807673960924,0.004882498644292355,0.059660568833351135,0.006567989941686392,0.010534528642892838,0.01174603495746851,0.40963271260261536,0.08074330538511276,0.009117990732192993,0.09413783252239227,0.0009582025813870132,0.008343236520886421,0.0037889780942350626,0.011100766249001026,0.029695088043808937,0.004833397455513477,0.43346452713012695
unknown,266.0,267.0,0.03431188315153122,0.024638144299387932,0.020342689007520676,0.11957619339227676,0.03175484389066696,0.08383108675479889,0.07294843345880508,0.13478724658489227,0.19096745550632477,0.1834658980369568,0.06590261310338974,0.13283877074718475,0.2448134571313858,0.25930675864219666,0.049005404114723206,0.02134007401764393,0.019425688311457634,0.2170194387435913,0.08237653225660324,0.17098434269428253,0.2553287148475647,0.031003467738628387,0.0794546976685524,0.03798072040081024,0.04987180605530739,0.04532647877931595,0.05264497548341751,0.07434844970703125,0.08813812583684921,0.023529816418886185,0.14231999218463898,0.08726121485233307,0.10214810818433762,0.012303022667765617,0.047204673290252686,0.022241340950131416,0.12536756694316864,0.04735270515084267,0.022081511095166206,0.030644111335277557,0.06074046716094017,0.02448580600321293,0.056480228900909424,0.04654278606176376,0.10187316685914993,0.0817759782075882,0.07482253760099411,0.02857963927090168,0.02458138018846512,0.004476548172533512,0.10693984478712082,0.20508445799350739,0.02597915008664131,0.05590524896979332,0.002655409974977374,0.0033196734730154276,0.02552143670618534,0.02706373855471611,0.016722241416573524,0.0013632946647703648,0.04513513669371605,0.0029057071078568697,0.007505358196794987,0.00010533120075706393,0.0025087229441851377,0.011046078987419605,0.010715901851654053,0.05021359398961067,0.019933072850108147,0.07374115288257599,0.06199735030531883,0.016809513792395592,0.025197044014930725,0.0031540216878056526,0.04533690586686134,0.05084919556975365,0.0008437211508862674,0.024918485432863235,0.015573171898722649,0.0012506423518061638,0.002298872685059905,0.002236367203295231,0.002457702299579978,0.8294416666030884,0.014432022348046303,0.0023617728147655725,0.03341256082057953,0.02652052417397499,0.03367676958441734,0.21701779961585999,0.05175473913550377,0.011972583830356598,0.0012667867122218013,0.025378046557307243,0.01529117301106453,0.021989744156599045,0.005642175208777189,0.01358821615576744,0.4239635467529297,0.003917386755347252,0.0015716589987277985,0.014596216380596161,0.01399526372551918,0.01741953380405903,0.011649317108094692,0.009059128351509571,0.0034511848352849483,0.007282273843884468,0.0022790846414864063,0.005285419523715973,0.001717545441351831,0.0018778633093461394,0.002051068004220724,0.0018079995643347502,0.022436028346419334
unknown,278.0,279.0,0.022292139008641243,0.022143865004181862,0.019300661981105804,0.08539273589849472,0.05888570845127106,0.16294336318969727,0.025162048637866974,0.08738347142934799,0.15713541209697723,0.1463836431503296,0.08083833754062653,0.08188679814338684,0.0648021399974823,0.13286082446575165,0.06439841538667679,0.04759707674384117,0.059425223618745804,0.17712759971618652,0.045128125697374344,0.22849588096141815,0.10473696142435074,0.07844792306423187,0.053320277482271194,0.07579658925533295,0.034745797514915466,0.025257255882024765,0.052391692996025085,0.10505259037017822,0.05045200511813164,0.06419751048088074,0.05734340474009514,0.08054060488939285,0.05296248570084572,0.04820508137345314,0.12267719954252243,0.019913407042622566,0.05569707602262497,0.13365672528743744,0.06467799842357635,0.14109450578689575,0.13593941926956177,0.09772107005119324,0.03493807837367058,0.020495645701885223,0.024789409711956978,0.049125414341688156,0.20183853805065155,0.02567335031926632,0.013897358439862728,0.002231706865131855,0.041854362934827805,0.11000122129917145,0.1515435427427292,0.0334731750190258,0.025588758289813995,0.024210678413510323,0.057171646505594254,0.10267531871795654,0.00652778334915638,0.003461131826043129,0.035940397530794144,0.03954065591096878,0.06351650506258011,0.006897983606904745,0.002756391651928425,0.013245531357824802,0.0022651993203908205,0.007437143940478563,0.13772030174732208,0.11863664537668228,0.2371489405632019,0.1561707705259323,0.00859946571290493,0.011075223796069622,0.10525505244731903,0.14608795940876007,0.008377926424145699,0.0023784127552062273,0.013932249508798122,0.002821344183757901,0.013374833390116692,0.003947938326746225,0.002720771124586463,0.0077704619616270065,0.0016704420559108257,0.018464695662260056,0.01635058969259262,0.018090151250362396,0.01334365550428629,0.017486117780208588,0.12199465930461884,0.015338556841015816,0.0030311034061014652,0.046867869794368744,0.0559440441429615,0.0023652168456465006,0.005754251964390278,0.00417310418561101,0.006080209277570248,0.009305843152105808,0.001204174943268299,0.06300759315490723,0.04709412902593613,0.05128191038966179,0.013387550599873066,0.0053511811420321465,0.00630232784897089,0.006918833591043949,0.01362672634422779,0.030202006921172142,0.002940204693004489,0.0031485913787037134,0.0016216981457546353,0.020368166267871857,0.0030780963134020567
unknown,279.0,280.0,0.007634302601218224,0.009153611026704311,0.005577080883085728,0.09211385995149612,0.03510917350649834,0.19350190460681915,0.008482538163661957,0.0921429768204689,0.0682690441608429,0.07393153756856918,0.028197553008794785,0.04777027666568756,0.032092057168483734,0.048001114279031754,0.029554059728980064,0.03465685993432999,0.03473139926791191,0.1269121617078781,0.016527531668543816,0.29982852935791016,0.0536179393529892,0.05634118989109993,0.056832026690244675,0.13656073808670044,0.010160359553992748,0.006977416109293699,0.037682995200157166,0.14183597266674042,0.09471730887889862,0.0617903396487236,0.03510792553424835,0.07040141522884369,0.029931701719760895,0.054571568965911865,0.21634680032730103,0.01225813664495945,0.02779252640902996,0.053377822041511536,0.048347171396017075,0.39346879720687866,0.08624852448701859,0.08803170919418335,0.0566047839820385,0.010288937948644161,0.007308219559490681,0.049524035304784775,0.16055458784103394,0.013755565509200096,0.011184333823621273,0.0005672058323398232,0.05592219531536102,0.2994987964630127,0.11168826371431351,0.04567807540297508,0.021126681938767433,0.014152816496789455,0.025103937834501266,0.0386970229446888,0.0032208790071308613,0.0024663012009114027,0.052089571952819824,0.04547792673110962,0.06194150820374489,0.002216256922110915,0.0014052618062123656,0.004734744783490896,0.000937023083679378,0.006753378082066774,0.051682744175195694,0.07214401662349701,0.34793663024902344,0.3579135239124298,0.0058521307073533535,0.020950080826878548,0.18934451043605804,0.3230302929878235,0.011467579752206802,0.0014210955705493689,0.0066341194324195385,0.004776054061949253,0.005216516088694334,0.0011102528078481555,0.0007721383008174598,0.0032258417923003435,0.0006659823120571673,0.006194273009896278,0.015052584931254387,0.013655695132911205,0.02106274478137493,0.02441398985683918,0.11839184910058975,0.009126599878072739,0.0010360049782320857,0.058796390891075134,0.046405546367168427,0.0010405806824564934,0.0018912296509370208,0.0025374984834343195,0.00522204302251339,0.0038489620201289654,0.0006723373662680387,0.02490467019379139,0.007455673534423113,0.018449285998940468,0.006423227488994598,0.003378708614036441,0.028567269444465637,0.004541411995887756,0.0046389405615627766,0.0067567056976258755,0.0008666845969855785,0.00036794759216718376,0.00022788495698478073,0.005858976393938065,0.0013340609148144722
unknown,280.0,281.0,0.07188214361667633,0.058247290551662445,0.029737550765275955,0.322079598903656,0.014469108544290066,0.055241409689188004,0.051164064556360245,0.15778294205665588,0.0685448870062828,0.06925176084041595,0.039492975920438766,0.0795224979519844,0.0421050488948822,0.14960849285125732,0.10636013001203537,0.057435572147369385,0.02580822817981243,0.05725352466106415,0.033514171838760376,0.0737982913851738,0.09517981857061386,0.14766311645507812,0.0916934460401535,0.026481682434678078,0.05604714900255203,0.03145947679877281,0.1483866423368454,0.023477207869291306,0.01595948450267315,0.017197739332914352,0.20588423311710358,0.2828570306301117,0.08961159735918045,0.021671419963240623,0.028537118807435036,0.05840809643268585,0.10965834558010101,0.06575750559568405,0.09933707118034363,0.037137363106012344,0.25213468074798584,0.1092526912689209,0.028394313529133797,0.008339093998074532,0.03768230974674225,0.03405366092920303,0.05729440599679947,0.06441358476877213,0.0479116216301918,0.02489331364631653,0.4660812318325043,0.0183586236089468,0.03787534311413765,0.2312271147966385,0.025826161727309227,0.003171056043356657,0.009201793000102043,0.002181161427870393,0.009740112349390984,0.004101256374269724,0.2775972783565521,0.07602837681770325,0.006312259938567877,0.002401920035481453,0.006004940252751112,0.004677799064666033,0.005098074208945036,0.0066979811526834965,0.034029074013233185,0.1202492043375969,0.029911521822214127,0.020223800092935562,0.012711533345282078,0.021276062354445457,0.007336836773902178,0.02791454643011093,0.009044142439961433,0.0021326409187167883,0.01794297620654106,0.037626564502716064,0.01581672765314579,0.005651690065860748,0.005789672955870628,0.0043860990554094315,0.011790318414568901,0.004252977669239044,0.022609693929553032,0.030987484380602837,0.0919514074921608,0.16394905745983124,0.1799117922782898,0.01697704568505287,0.0034820218570530415,0.13094229996204376,0.17356450855731964,0.009326156228780746,0.017980774864554405,0.027624713256955147,0.004641805309802294,0.0008704997017048299,0.003092745551839471,0.006976224947720766,0.01134057343006134,0.0036387634463608265,0.019837699830532074,0.028772274032235146,0.06636450439691544,0.0349738672375679,0.0024347903672605753,0.024009820073843002,0.004021219443529844,0.003924119286239147,0.004570741672068834,0.00651912996545434,0.009768860414624214
unknown,281.0,282.0,0.04262453690171242,0.0267660990357399,0.0186606515198946,0.17934361100196838,0.012904670089483261,0.10037795454263687,0.033897027373313904,0.25330090522766113,0.12905356287956238,0.08193959295749664,0.029968129470944405,0.08142860233783722,0.10183819383382797,0.12567147612571716,0.07008451223373413,0.05434615910053253,0.023693203926086426,0.0996767058968544,0.08332150429487228,0.1518322080373764,0.13456857204437256,0.09226731210947037,0.17299674451351166,0.03969579562544823,0.04953768104314804,0.017697397619485855,0.1546022891998291,0.0717938169836998,0.07915913313627243,0.04132738709449768,0.15522274374961853,0.21662072837352753,0.04968634247779846,0.0222888495773077,0.057766418904066086,0.03237184137105942,0.09592361003160477,0.07844287902116776,0.05736081302165985,0.053911756724119186,0.2287740558385849,0.08494369685649872,0.04042980819940567,0.019467569887638092,0.03176049143075943,0.03603162243962288,0.10831799358129501,0.056378789246082306,0.04264898970723152,0.02592780813574791,0.2079678177833557,0.056849975138902664,0.050076283514499664,0.17293375730514526,0.020007427781820297,0.0015117991715669632,0.007007541134953499,0.00406323466449976,0.007911925204098225,0.00646529346704483,0.1114053875207901,0.06684853881597519,0.007080150302499533,0.002034256234765053,0.015075596049427986,0.03682050481438637,0.009036476723849773,0.09520325064659119,0.08454199880361557,0.061129745095968246,0.039576608687639236,0.025029266253113747,0.08252429217100143,0.08101675659418106,0.013592643663287163,0.1138572171330452,0.011023355647921562,0.008347323164343834,0.007218730635941029,0.012764329090714455,0.012753520160913467,0.005452168174088001,0.0038416224997490644,0.1478242427110672,0.1143779307603836,0.007872234098613262,0.013251501135528088,0.0185567494481802,0.06698935478925705,0.23794664442539215,0.11930499225854874,0.0223555751144886,0.0008953449432738125,0.10069064795970917,0.08324268460273743,0.007568162400275469,0.015158499591052532,0.026989350095391273,0.010343359783291817,0.001622985815629363,0.001580425538122654,0.010297146625816822,0.08325988799333572,0.005036551970988512,0.011821344494819641,0.021876413375139236,0.03503602743148804,0.013671289198100567,0.004508515819907188,0.0521056242287159,0.0034383563324809074,0.0007694496307522058,0.01073481235653162,0.01374965999275446,0.03892451152205467
unknown,303.0,304.0,0.0010446935193613172,0.0014774305745959282,0.0006693435134366155,0.07997383177280426,0.007287405896931887,0.225215882062912,0.0005904616555199027,0.047839101403951645,0.013339346274733543,0.009344805963337421,0.004375982563942671,0.006572486367076635,0.004820784088224173,0.008856195956468582,0.004933035001158714,0.010222467593848705,0.005690508987754583,0.12849737703800201,0.0028653480112552643,0.5200059413909912,0.009094331413507462,0.023189207538962364,0.05133100971579552,0.26763495802879333,0.0014221760211512446,0.000721657881513238,0.019173789769411087,0.1776980310678482,0.14147959649562836,0.041878048330545425,0.007598409429192543,0.056543126702308655,0.00742254639044404,0.08868181705474854,0.381424218416214,0.002285358728840947,0.0017500786343589425,0.007716599386185408,0.008934158831834793,0.8062925338745117,0.016617879271507263,0.023453889414668083,0.11620907485485077,0.002449052408337593,0.0005268907407298684,0.054927315562963486,0.07260029762983322,0.0024338874500244856,0.003589882282540202,0.00013926329847890884,0.03806597739458084,0.5490230321884155,0.06081005558371544,0.03516438230872154,0.005944368429481983,0.0019509006524458528,0.0034177559427917004,0.014870686456561089,0.000251922057941556,0.001298304065130651,0.03517981618642807,0.014952858909964561,0.049477897584438324,0.00043019780423492193,0.0003206878318451345,0.0012961362954229116,0.00010588049190118909,0.0012084533227607608,0.011895560659468174,0.03381434455513954,0.4618436098098755,0.5611339211463928,0.002168508945032954,0.031159676611423492,0.2929370105266571,0.5452355742454529,0.00916431937366724,0.00021224564989097416,0.000358952849637717,0.0014389273710548878,0.00046529556857421994,8.484783757012337e-05,4.0482060285285115e-05,0.0005435266648419201,5.276316369418055e-05,0.0004968593711964786,0.0017376489704474807,0.0018036718247458339,0.013215625658631325,0.02131865918636322,0.011931675486266613,0.0008595254621468484,6.364442378981039e-05,0.01443298440426588,0.012342969886958599,6.449714419431984e-05,0.00013286758621688932,0.00015563829219900072,0.001008533057756722,0.0009252251475118101,0.0001689780765445903,0.004983869381248951,0.0010367513168603182,0.002406543819233775,0.0004985272535122931,0.0007634593057446182,0.034608323127031326,0.0004694825620390475,0.0017016488127410412,0.0010809990344569087,5.240689279162325e-05,2.1155101421754807e-05,2.6392985091661103e-05,0.000799153873231262,6.913077231729403e-05
unknown,304.0,305.0,0.02175643853843212,0.025071434676647186,0.008610369637608528,0.645337700843811,0.0022330882493406534,0.10532564669847488,0.0018543062033131719,0.13271556794643402,0.010560786351561546,0.01121195312589407,0.0022028821986168623,0.004353975877165794,0.004556614905595779,0.09187491983175278,0.08621497452259064,0.005641629919409752,0.0031055465806275606,0.03468625992536545,0.002907077083364129,0.1625862419605255,0.016245471313595772,0.17567797005176544,0.10996145755052567,0.08352023363113403,0.02171439118683338,0.008006574586033821,0.1927969753742218,0.08098851889371872,0.03759251534938812,0.022123992443084717,0.08277907222509384,0.524476945400238,0.06045258045196533,0.03616219386458397,0.11822864413261414,0.07053306698799133,0.0032721117604523897,0.006980582140386105,0.024929925799369812,0.28028160333633423,0.08277273923158646,0.014135506004095078,0.056920815259218216,0.002381805330514908,0.0015085822669789195,0.035522062331438065,0.010023406706750393,0.06170084699988365,0.23408368229866028,0.01655365526676178,0.7440515756607056,0.24096880853176117,0.02100830338895321,0.29289963841438293,0.004251325037330389,0.0005719830514863133,0.0027986762579530478,0.005260095465928316,0.003766295500099659,0.005692715756595135,0.45165014266967773,0.0037563859950751066,0.021103933453559875,0.0005858493386767805,0.0009395664092153311,0.002412444446235895,0.0003103047201875597,0.0034173920284956694,0.0023726471699774265,0.33602631092071533,0.037009332329034805,0.3347475230693817,0.016494734212756157,0.025954723358154297,0.15471646189689636,0.23276512324810028,0.0009586471715010703,0.0006420903955586255,0.0004638879909180105,0.005162321962416172,0.0004084515676368028,0.00023518076341133565,0.00013292122457642108,0.0019263551803305745,0.00018768064910545945,0.0005339328781701624,0.012082932516932487,0.027542831376194954,0.28735020756721497,0.2506728172302246,0.005312970373779535,0.0006105983047746122,0.0013290845090523362,0.009454074315726757,0.007276597432792187,0.0003367964527569711,0.00042194288107566535,0.00045127919293008745,0.0005170321092009544,0.0022854814305901527,0.00018549106607679278,0.005609959829598665,0.0005817441851831973,0.0036173604894429445,0.0008431271417066455,0.0027964820619672537,0.03050978295505047,0.0008979220292530954,0.004249240271747112,0.0017611158546060324,0.00012999059981666505,0.00015010971401352435,0.0005910517065785825,0.007039607036858797,0.00033343039103783667
unknown,305.0,306.0,0.011121811345219612,0.004294607322663069,0.003462831722572446,0.0669596716761589,0.02339852973818779,0.22487357258796692,0.07610782980918884,0.0734701007604599,0.040242861956357956,0.03616682440042496,0.02319995127618313,0.014861950650811195,0.055010393261909485,0.0474231019616127,0.008902149274945259,0.012800517491996288,0.028254365548491478,0.06258806586265564,0.0220207367092371,0.26134446263313293,0.07456396520137787,0.06629572063684464,0.0652213767170906,0.06319957971572876,0.014510801993310452,0.005480839870870113,0.061325639486312866,0.4457300305366516,0.056357745081186295,0.2978048324584961,0.022811103612184525,0.048625748604536057,0.012349389493465424,0.04009745642542839,0.12764497101306915,0.008096504025161266,0.03029969148337841,0.07584907114505768,0.032967906445264816,0.16054823994636536,0.05914083868265152,0.09360655397176743,0.05469155311584473,0.21435213088989258,0.13998888432979584,0.020675072446465492,0.13316597044467926,0.011609826236963272,0.008955059573054314,0.0008046103757806122,0.04056583344936371,0.10397234559059143,0.5438219308853149,0.025331731885671616,0.0042983731254935265,0.0031133275479078293,0.03605638071894646,0.061512548476457596,0.011278863996267319,0.002869914984330535,0.021534841507673264,0.02662012167274952,0.10246866941452026,0.0009121607290580869,0.0046462309546768665,0.016164643689990044,0.002494754269719124,0.08083844184875488,0.03937600180506706,0.03715583682060242,0.11264140158891678,0.14355888962745667,0.05120524391531944,0.010976566933095455,0.1418667584657669,0.18916212022304535,0.0020263828337192535,0.03747698664665222,0.050112154334783554,0.0047087157145142555,0.0073363399133086205,0.0013360320590436459,0.0005602124729193747,0.046292390674352646,0.0014380745124071836,0.005098855588585138,0.047627490013837814,0.05200020596385002,0.008648882620036602,0.016833465546369553,0.011237602680921555,0.09430622309446335,0.002405801322311163,0.00584751321002841,0.002955556148663163,0.0034153559245169163,0.0017574032535776496,0.002134858164936304,0.005676689092069864,0.003725099377334118,0.00024633013526909053,0.038159601390361786,0.009269585832953453,0.020408639684319496,0.013283932581543922,0.060647036880254745,0.020770877599716187,0.0009936090791597962,0.013811405748128891,0.009744870476424694,0.0028005708009004593,0.003060201881453395,0.0004179209063295275,0.0015429934719577432,0.0020804174710065126
unknown,307.0,308.0,0.06610461324453354,0.029579654335975647,0.04849575459957123,0.03794470429420471,0.00348328216932714,0.04132672771811485,0.03996478393673897,0.16683578491210938,0.5195200443267822,0.5859678387641907,0.11290846019983292,0.21030503511428833,0.16581101715564728,0.07273570448160172,0.13422942161560059,0.06838875263929367,0.024596961215138435,0.1641191691160202,0.01705954782664776,0.07991595566272736,0.2179013341665268,0.061623841524124146,0.04124324396252632,0.020108141005039215,0.03767150640487671,0.011010764166712761,0.04394972696900368,0.004272245801985264,0.08954589068889618,0.0023959926329553127,0.1951412558555603,0.0495721660554409,0.0450020395219326,0.06891557574272156,0.011123075149953365,0.01628311723470688,0.09746916592121124,0.20520158112049103,0.05835893750190735,0.021566608920693398,0.18787042796611786,0.06794265657663345,0.020480075851082802,0.0028803530149161816,0.005537061020731926,0.04173380509018898,0.36497819423675537,0.018689386546611786,0.005243089981377125,0.021938050165772438,0.007674075197428465,0.0007937959162518382,0.008690246380865574,0.002207971177995205,0.17617610096931458,0.0020868636202067137,0.0049088033847510815,0.0014133061049506068,0.0011155533138662577,0.0034212307073175907,0.012419329024851322,0.10558290779590607,0.0014826140832155943,0.005006749182939529,0.0020130942575633526,0.00039328550337813795,0.0036054125521332026,0.0008847892750054598,0.756492018699646,0.0017469514859840274,0.0007043168297968805,0.0007631952175870538,0.0013887021923437715,0.0033250132109969854,0.0017904966371133924,0.008662977255880833,0.07360628247261047,0.0006230929866433144,0.03748335689306259,0.0059286970645189285,0.06061217933893204,0.004752278793603182,0.019053390249609947,0.0008691388065926731,0.038766197860240936,0.00852090772241354,0.2097586691379547,0.19612911343574524,0.005963214207440615,0.01587560772895813,0.20881697535514832,0.06392373889684677,0.07059258967638016,0.0804862305521965,0.09754887968301773,0.0012624613009393215,0.008653406985104084,0.0037050112150609493,0.0007785892230458558,0.00012394340592436492,0.0007294561364687979,0.0004681420687120408,0.0070870425552129745,0.0002499611000530422,0.027523057535290718,0.021455563604831696,0.013881963677704334,0.11164560168981552,0.0012479193974286318,0.0032257377170026302,0.003162021515890956,0.0019667423330247402,0.012585446238517761,0.0010153562761843204,0.004253677558153868
unknown,313.0,314.0,0.00634576054289937,0.002996236551553011,0.005734633654356003,0.03174793720245361,0.11522019654512405,0.1887110322713852,0.007849047891795635,0.07935705035924911,0.2565036118030548,0.1450870931148529,0.06800758093595505,0.05654704198241234,0.04036068543791771,0.37227144837379456,0.03568195551633835,0.020988382399082184,0.06431194394826889,0.44079992175102234,0.12923237681388855,0.2627619802951813,0.17339512705802917,0.02396329678595066,0.06147561967372894,0.07220502942800522,0.011655326932668686,0.03361496701836586,0.012085557915270329,0.07067524641752243,0.061893053352832794,0.042589522898197174,0.018257029354572296,0.020187020301818848,0.010283918119966984,0.047799039632081985,0.09814812988042831,0.021899769082665443,0.036033209413290024,0.20281659066677094,0.01798086427152157,0.09559807926416397,0.073070228099823,0.03255026787519455,0.06592966616153717,0.010742348618805408,0.004645301029086113,0.01670853979885578,0.32204508781433105,0.016476597636938095,0.00524195795878768,0.00040768683538772166,0.021297598257660866,0.020918304100632668,0.09037074446678162,0.008321821689605713,0.03524106368422508,0.052546001970767975,0.09907828271389008,0.17927305400371552,0.002139538759365678,0.0011212361278012395,0.01382507849484682,0.013803882524371147,0.0738661140203476,0.010934583842754364,0.0011199676664546132,0.004059087950736284,0.0008922929409891367,0.0031299982219934464,0.43764594197273254,0.1413690745830536,0.18147233128547668,0.04272792860865593,0.0019212241750210524,0.0037787072360515594,0.03984513878822327,0.029885420575737953,0.00575471855700016,0.0007564217085018754,0.013004994951188564,0.0013987477868795395,0.009726323187351227,0.004350275732576847,0.0005683062481693923,0.005591023713350296,0.001786832115612924,0.05639060214161873,0.020917104557156563,0.019979622215032578,0.004679944831877947,0.0061495546251535416,0.024885937571525574,0.015287520363926888,0.0005319850752130151,0.008959612809121609,0.006356479600071907,0.0006955743301659822,0.0014378419145941734,0.0009408090263605118,0.006303907837718725,0.01294972188770771,0.00030013525974936783,0.20477639138698578,0.13216076791286469,0.18706569075584412,0.04796677082777023,0.014876439236104488,0.0034142881631851196,0.0021394514478743076,0.01801331341266632,0.03432805836200714,0.0006966430810280144,0.0004854429280385375,0.001311935717239976,0.0032500990200787783,0.004708360880613327
unknown,326.0,327.0,0.054681241512298584,0.040142543613910675,0.0597970187664032,0.014907946810126305,0.005158454179763794,0.026711443439126015,0.020789215341210365,0.029862355440855026,0.3741685450077057,0.29286837577819824,0.14261697232723236,0.31394872069358826,0.08018355816602707,0.03414348140358925,0.2025918811559677,0.21171316504478455,0.037832725793123245,0.10659507662057877,0.006400931626558304,0.08418451249599457,0.16130556166172028,0.2735457122325897,0.00747678754851222,0.023610573261976242,0.07857886701822281,0.016354266554117203,0.015328911133110523,0.0027593879494816065,0.007266956381499767,0.0013995866756886244,0.10705678164958954,0.017631694674491882,0.06220122054219246,0.02769998274743557,0.013209540396928787,0.003941970411688089,0.13668102025985718,0.16878169775009155,0.17650800943374634,0.025455791503190994,0.5272772908210754,0.3668674826622009,0.009967663325369358,0.0006246479460969567,0.0017678176518529654,0.03616961091756821,0.41057851910591125,0.004125142004340887,0.0003678282955661416,0.0004168594896327704,0.002819217275828123,0.0015004683518782258,0.002613650867715478,0.0013818610459566116,0.12148216366767883,0.004726340062916279,0.006465811748057604,0.0015696154441684484,0.0009581833728589118,0.00044271216029301286,0.0015854225493967533,0.5299472212791443,0.007351052016019821,0.00235077110119164,0.00017373735317960382,0.00046426773769780993,0.00019327978952787817,0.00015296270430553705,0.12323760241270065,0.0010096092009916902,0.0017965740989893675,0.0012286126147955656,0.000478353671496734,0.003191255731508136,0.0027873690705746412,0.029114512726664543,0.0871942788362503,0.00017715823196340352,0.003390648402273655,0.00041544847772456706,0.013978492468595505,0.0017536975210532546,0.006661222781985998,0.0001379715686198324,0.0019787559285759926,0.011290048249065876,0.0005310589913278818,0.0019422860350459814,0.000829450087621808,0.0009016604162752628,0.2375180870294571,0.0040396833792328835,0.0005447698058560491,0.2000071257352829,0.689907968044281,0.0010098812635987997,0.008597666397690773,0.004576242528855801,0.0006658709608018398,0.00012067232455592602,0.0007988570723682642,0.001054976019077003,0.0012305493000894785,0.002228080527856946,0.004471317399293184,0.0028391412924975157,0.007214753422886133,0.10838770121335983,0.0018868634942919016,0.0020388758275657892,0.0013211072655394673,0.0010283311130478978,0.0007466927636414766,0.0013153988402336836,0.0004481147916521877
unknown,338.0,339.0,0.0075734760612249374,0.007230482064187527,0.0055876499973237514,0.023892715573310852,0.08915209770202637,0.2101133167743683,0.014951488934457302,0.10445886850357056,0.12549284100532532,0.07324358075857162,0.05937337875366211,0.044917669147253036,0.04235653951764107,0.11371589452028275,0.012680287472903728,0.04844127967953682,0.05187629163265228,0.26173755526542664,0.05230964347720146,0.2851189076900482,0.0887163057923317,0.024876469746232033,0.04449122026562691,0.11863696575164795,0.010819229297339916,0.011678586713969707,0.016914917156100273,0.10035556554794312,0.07059954851865768,0.056408535689115524,0.015956833958625793,0.017369713634252548,0.02690035104751587,0.1415560096502304,0.1925794929265976,0.007171025965362787,0.02596447616815567,0.08240921050310135,0.038345251232385635,0.4288139343261719,0.049226608127355576,0.057128626853227615,0.06674660742282867,0.015188324265182018,0.010157087817788124,0.04833851382136345,0.1712271124124527,0.007515068165957928,0.006841301918029785,0.0003341242263559252,0.007540870923548937,0.17494617402553558,0.1285916417837143,0.006263337563723326,0.026587674394249916,0.036805592477321625,0.0360049232840538,0.10143278539180756,0.0024706304538995028,0.0017979536205530167,0.00559306051582098,0.03187821805477142,0.06784684211015701,0.007623753510415554,0.0012267918791621923,0.008670064620673656,0.0011531546479091048,0.005342383403331041,0.08723582327365875,0.045459385961294174,0.8460552096366882,0.30044299364089966,0.0077326116152107716,0.0065878815948963165,0.10940130800008774,0.13294436037540436,0.0022121856454759836,0.0014794992748647928,0.01211504265666008,0.0010574257466942072,0.008330147713422775,0.0026556917000561953,0.0009768999880179763,0.0073397536762058735,0.0007752474048174918,0.016061333939433098,0.01078486442565918,0.007030125241726637,0.001820121891796589,0.003648278070613742,0.07608433812856674,0.0055487025529146194,0.0005634824628941715,0.02728055790066719,0.04870578646659851,0.0011616869596764445,0.0012834175722673535,0.001507062348537147,0.0031258913222700357,0.021491756662726402,0.0010640389518812299,0.05251185968518257,0.020277079194784164,0.05491378530859947,0.005238172598183155,0.0023567487951368093,0.002323975320905447,0.0016814611153677106,0.012228406965732574,0.0068162186071276665,0.0005379793583415449,0.0005974459927529097,0.0005408775177784264,0.00487685389816761,0.001707345712929964
unknown,339.0,340.0,0.02107575349509716,0.014749184250831604,0.019890518859028816,0.029408561065793037,0.2862775921821594,0.1857045292854309,0.023557007312774658,0.10243341326713562,0.15161189436912537,0.16969935595989227,0.10768751055002213,0.14749307930469513,0.07731187343597412,0.17571566998958588,0.0464923195540905,0.09483829140663147,0.19065435230731964,0.1649070829153061,0.04972953349351883,0.23111994564533234,0.13870377838611603,0.0875866487622261,0.038887929171323776,0.043991729617118835,0.047038812190294266,0.0395064577460289,0.027343042194843292,0.13134147226810455,0.04617223143577576,0.0812821015715599,0.07849815487861633,0.02651320956647396,0.031391385942697525,0.037376776337623596,0.0706733763217926,0.024862680584192276,0.08896752446889877,0.07963886111974716,0.08027110248804092,0.07699301838874817,0.183535635471344,0.16196101903915405,0.03590906783938408,0.014347377233207226,0.010628825053572655,0.020326491445302963,0.23569107055664062,0.020626218989491463,0.0039010620675981045,0.0016362761380150914,0.023371092975139618,0.02968551404774189,0.041245125234127045,0.009951382875442505,0.16063591837882996,0.2448514848947525,0.27188819646835327,0.01905890367925167,0.0072308313101530075,0.002297963947057724,0.013131448067724705,0.14795728027820587,0.12171710282564163,0.011651376262307167,0.004281000699847937,0.0028896662406623363,0.00218708673492074,0.00284849782474339,0.07478129863739014,0.04195774719119072,0.23199792206287384,0.06082861125469208,0.0033559168223291636,0.01074145920574665,0.05467506870627403,0.13581109046936035,0.005885699763894081,0.0045275441370904446,0.004248358309268951,0.0008152423542924225,0.005885584279894829,0.006044640205800533,0.0014315118314698339,0.007607591804116964,0.005029679741710424,0.0810866579413414,0.00577949732542038,0.006705351173877716,0.004143451806157827,0.011997035704553127,0.24271994829177856,0.019132113084197044,0.0017082681879401207,0.13059641420841217,0.20858390629291534,0.005249720998108387,0.007775175850838423,0.004558508284389973,0.010090821422636509,0.0031650823075324297,0.00211131083779037,0.029677964746952057,0.01652158610522747,0.024852681905031204,0.034035008400678635,0.019819239154458046,0.0310035552829504,0.015080949291586876,0.0033149924129247665,0.029951276257634163,0.0022228052839636803,0.0014917794615030289,0.001442791079171002,0.004989261738955975,0.006364092696458101
unknown,379.0,380.0,0.00970911979675293,0.0037026721984148026,0.016893792897462845,0.0629521980881691,0.08105192333459854,0.1512545347213745,0.013113278895616531,0.09720057994127274,0.18823038041591644,0.12658143043518066,0.0628851056098938,0.04765169322490692,0.03813233599066734,0.4209294617176056,0.03582300245761871,0.02272196300327778,0.048375874757766724,0.2203957885503769,0.09623003005981445,0.14045403897762299,0.24169018864631653,0.02261469140648842,0.050239045172929764,0.1298113316297531,0.021010853350162506,0.08727073669433594,0.03390323743224144,0.06510547548532486,0.0333816222846508,0.04970884323120117,0.03982227295637131,0.033627450466156006,0.00578463077545166,0.01555262878537178,0.0913221463561058,0.10510046780109406,0.02909700572490692,0.13516227900981903,0.008690468966960907,0.02629278227686882,0.06900793313980103,0.010163367725908756,0.034634996205568314,0.009574172087013721,0.005122972186654806,0.01497633196413517,0.13830643892288208,0.028158128261566162,0.01334402710199356,0.0004020417109131813,0.035034120082855225,0.003999562002718449,0.044554341584444046,0.016309216618537903,0.0029667101334780455,0.005669489502906799,0.015364660881459713,0.4102008640766144,0.007512737065553665,0.0038762646727263927,0.03942202776670456,0.0018835695227608085,0.03358406573534012,0.004185753408819437,0.0014428828144446015,0.06969071179628372,0.001715419813990593,0.007154506631195545,0.07407157123088837,0.20212483406066895,0.2494714856147766,0.009606492705643177,0.006029051728546619,0.001688235206529498,0.010084017179906368,0.0031225834973156452,0.002688824199140072,0.0004770394298247993,0.004641629755496979,0.0006691279704682529,0.004038008861243725,0.0014664303744211793,0.00017357799515593797,0.0013827848015353084,0.0003553579736035317,0.004239224828779697,0.011743416078388691,0.009164989925920963,0.006486313883215189,0.005879969801753759,0.008970494382083416,0.004391100723296404,0.0007842040504328907,0.0031496265437453985,0.0023136716336011887,0.00030049605993553996,0.0012019838904961944,0.0010412071133032441,0.0020736383739858866,0.011283725500106812,0.00019862836052197963,0.45080330967903137,0.07475944608449936,0.18097198009490967,0.0037123379297554493,0.0008596366387791932,0.002578611019998789,0.0009588361717760563,0.022801082581281662,0.02904059924185276,0.0013137386413291097,0.0015175073640421033,0.0005846097483299673,0.013585733249783516,0.0009652841254137456
unknown,381.0,382.0,0.07027016580104828,0.04186773672699928,0.07296271622180939,0.017428776249289513,0.005980825982987881,0.02006479911506176,0.017663978040218353,0.028289517387747765,0.3619076609611511,0.38641801476478577,0.19154126942157745,0.3946164548397064,0.08115209639072418,0.03806184604763985,0.24075043201446533,0.2837395668029785,0.07429908961057663,0.08253501355648041,0.004519593436270952,0.06416541337966919,0.15731829404830933,0.2704276144504547,0.004067393485456705,0.012965810485184193,0.10131968557834625,0.027523349970579147,0.016137108206748962,0.0016678653191775084,0.0037581585347652435,0.0010065417736768723,0.13130775094032288,0.018900619819760323,0.06321121007204056,0.032330818474292755,0.005289917811751366,0.005214049480855465,0.18739059567451477,0.19383589923381805,0.14682909846305847,0.014970855787396431,0.6308035254478455,0.27894651889801025,0.0036266499664634466,0.00040864062611944973,0.0012572997948154807,0.03114372305572033,0.3744311034679413,0.00516167189925909,0.00032977628870867193,0.00026980333495885134,0.002374972915276885,0.0005577644915319979,0.0016049836995080113,0.0012514840345829725,0.06469119340181351,0.005312866065651178,0.00582094443961978,0.005237550009042025,0.0009765868308022618,0.0002888559829443693,0.0010696041863411665,0.5520063042640686,0.0041586775332689285,0.0035442053340375423,0.0001370258687529713,0.0005070810439065099,0.00012893686653114855,0.00010477986506884918,0.14821821451187134,0.0008026621653698385,0.002568985801190138,0.0007459469488821924,0.000450415100203827,0.0012209346750751138,0.0014093522913753986,0.01126545574516058,0.08589381724596024,6.305389979388565e-05,0.0009387318859808147,7.4701827543322e-05,0.004550843499600887,0.000803546397946775,0.0024834563955664635,6.325681169983e-05,0.0011980101699009538,0.011748853139579296,0.0003600728523451835,0.0009495902922935784,0.00065992510644719,0.0006441026926040649,0.2865293323993683,0.0011968271574005485,0.0003843883750960231,0.20679236948490143,0.7980349659919739,0.00018023558368440717,0.0021427811589092016,0.0015949177322909236,0.00023148645414039493,9.515618876321241e-05,0.0002702435594983399,0.0014761007623746991,0.0013009428512305021,0.004425046034157276,0.0010910755954682827,0.00026491377502679825,0.001760034472681582,0.10650685429573059,0.0010067593539133668,0.0018029521452262998,0.0005090714548714459,0.0005494021461345255,0.0004276659747119993,0.0015238121850416064,0.00016703573055565357
unknown,382.0,383.0,0.03062429279088974,0.02017049305140972,0.02368703857064247,0.06426732242107391,0.08597458899021149,0.10582563281059265,0.04142795875668526,0.1744278520345688,0.1356075406074524,0.07852772623300552,0.051600296050310135,0.05738849192857742,0.05738256126642227,0.048165734857320786,0.06259272247552872,0.08462825417518616,0.0583365336060524,0.11961032450199127,0.10168253630399704,0.4023217558860779,0.04654550924897194,0.20987100899219513,0.10013724863529205,0.12436181306838989,0.07142622768878937,0.007942814379930496,0.07313184440135956,0.10262981802225113,0.04397302120923996,0.1271379142999649,0.04088808596134186,0.07026547938585281,0.021976223215460777,0.016849322244524956,0.2740788757801056,0.013745889067649841,0.054173264652490616,0.10250997543334961,0.05368619039654732,0.0657651498913765,0.25703778862953186,0.25592079758644104,0.0496133454144001,0.03490341454744339,0.021615540608763695,0.015462719835340977,0.25870513916015625,0.057027075439691544,0.017089180648326874,0.003187261987477541,0.036961063742637634,0.044971298426389694,0.09785789996385574,0.016880763694643974,0.2727403938770294,0.03783852234482765,0.14997076988220215,0.03209007531404495,0.02054677903652191,0.12624028325080872,0.024355566129088402,0.26264688372612,0.09426227957010269,0.0822969600558281,0.0894797146320343,0.11603417992591858,0.040884830057621,0.08682586252689362,0.054241519421339035,0.008353112265467644,0.03425711393356323,0.028675546869635582,0.0787959173321724,0.16997136175632477,0.03028932213783264,0.05469677224755287,0.07098659873008728,0.025855734944343567,0.10217161476612091,0.012358693405985832,0.08332055062055588,0.10281863808631897,0.01625104993581772,0.023663224652409554,0.03946864604949951,0.16637441515922546,0.009646770544350147,0.01892981305718422,0.017352061346173286,0.011264153756201267,0.06755240261554718,0.008749807253479958,0.004951967392116785,0.03792351484298706,0.06478269398212433,0.07978517562150955,0.07750273495912552,0.08119317144155502,0.008867893368005753,0.017970340326428413,0.02208995819091797,0.00568144116550684,0.003759089158847928,0.009050094522535801,0.07693260908126831,0.024755459278821945,0.025312980636954308,0.061562590301036835,0.007788661401718855,0.012642757967114449,0.010797801427543163,0.006062494125217199,0.0010370243107900023,0.01532883383333683,0.06910210847854614
unknown,437.0,438.0,0.038222428411245346,0.027320198714733124,0.023276450112462044,0.08119364082813263,0.04991339147090912,0.10482097417116165,0.05112147703766823,0.09527353197336197,0.12251517176628113,0.0944443866610527,0.0352889709174633,0.06360796838998795,0.06514829397201538,0.19230084121227264,0.0557471439242363,0.024469826370477676,0.043677277863025665,0.1942308247089386,0.0760384052991867,0.17263874411582947,0.12647080421447754,0.08042506128549576,0.0661955401301384,0.0618257001042366,0.035675596445798874,0.026459291577339172,0.05160990729928017,0.10437844693660736,0.04134354367852211,0.05974063649773598,0.06651422381401062,0.07004451006650925,0.04949624463915825,0.027170613408088684,0.0724794939160347,0.030134936794638634,0.08135229349136353,0.1246340423822403,0.05933868885040283,0.0933520570397377,0.15241408348083496,0.08909350633621216,0.06025252491235733,0.030612122267484665,0.03169568255543709,0.029377784579992294,0.15301570296287537,0.03044838085770607,0.02040752023458481,0.005380395799875259,0.08148355036973953,0.05258803069591522,0.075304314494133,0.03166506811976433,0.03789454698562622,0.01370131503790617,0.02861381508409977,0.014163140207529068,0.00959554873406887,0.01149591151624918,0.06510818004608154,0.04238906875252724,0.049220889806747437,0.009171261452138424,0.010491118766367435,0.015050169080495834,0.01174892857670784,0.024376725777983665,0.17347455024719238,0.027065332978963852,0.043278880417346954,0.07365987449884415,0.01910974457859993,0.051380474120378494,0.04929773882031441,0.09752512723207474,0.018498588353395462,0.009849379770457745,0.024505680426955223,0.00839053001254797,0.026132678613066673,0.00880476925522089,0.0035518635995686054,0.02021140418946743,0.009836627170443535,0.01688067428767681,0.03509576618671417,0.04550682753324509,0.028315523639321327,0.059331443160772324,0.04385347291827202,0.04138591140508652,0.002271129749715328,0.020290566608309746,0.024256408214569092,0.004721803590655327,0.010872923769056797,0.011349895037710667,0.011045929975807667,0.006380431819707155,0.0018408665200695395,0.022900598123669624,0.03195127472281456,0.017114724963903427,0.025462983176112175,0.036309462040662766,0.02309771627187729,0.010709259659051895,0.006690148264169693,0.019519200548529625,0.004158440046012402,0.004412003792822361,0.00773591035977006,0.009703323245048523,0.016458909958600998
unknown,441.0,442.0,0.055111125111579895,0.025915658101439476,0.03219623863697052,0.07404405623674393,0.11765649169683456,0.13078491389751434,0.10209452360868454,0.09268443286418915,0.10068605095148087,0.03158673271536827,0.04788534343242645,0.028714168816804886,0.07072947174310684,0.049311891198158264,0.02194219082593918,0.03271767124533653,0.08602668344974518,0.07350532710552216,0.0446719229221344,0.25863316655158997,0.03661804273724556,0.07573099434375763,0.046511080116033554,0.06514745205640793,0.072354257106781,0.018646087497472763,0.16340132057666779,0.15319174528121948,0.03577578067779541,0.17767435312271118,0.06762269884347916,0.07648968696594238,0.011633824557065964,0.00628188531845808,0.15880541503429413,0.038546692579984665,0.08248133212327957,0.034072719514369965,0.013724434189498425,0.017519064247608185,0.08884240686893463,0.03729218244552612,0.022694410756230354,0.05890681967139244,0.10928111523389816,0.009663413278758526,0.08038110285997391,0.09341075271368027,0.011015054769814014,0.08589932322502136,0.019114932045340538,0.01376338955014944,0.05955882370471954,0.006253649480640888,0.18380343914031982,0.06812644004821777,0.07821130752563477,0.007592241745442152,0.08945899456739426,0.03219710290431976,0.010232150554656982,0.03643332049250603,0.008822951465845108,0.09281817078590393,0.1294267326593399,0.08365239948034286,0.1302199810743332,0.07565072178840637,0.010161109268665314,0.009620301425457,0.005346077959984541,0.009585410356521606,0.06804876029491425,0.05753626301884651,0.011713332496583462,0.026896122843027115,0.009160058572888374,0.01696418598294258,0.014492964372038841,0.0030226758681237698,0.04047173261642456,0.03502150624990463,0.015358713455498219,0.01638895273208618,0.016800543293356895,0.023215990513563156,0.002958421129733324,0.007319630589336157,0.007655516732484102,0.0031670734751969576,0.010770890861749649,0.008354785852134228,0.021040447056293488,0.005364832002669573,0.005426922347396612,0.09412949532270432,0.11474046111106873,0.11354260891675949,0.0355202741920948,0.012959564104676247,0.050702739506959915,0.0020979985129088163,0.005053381435573101,0.003059813054278493,0.026606211438775063,0.008786724880337715,0.009788003750145435,0.0019766984041780233,0.047180138528347015,0.0662577897310257,0.23260419070720673,0.04778553918004036,0.01438338216394186,0.1383267194032669,0.010024459101259708
unknown,448.0,449.0,0.05445411056280136,0.04486475884914398,0.037288811057806015,0.11782148480415344,0.04382738471031189,0.1059015765786171,0.05275029316544533,0.11112969368696213,0.181171715259552,0.16289247572422028,0.0891643837094307,0.10499667376279831,0.08592992275953293,0.14074233174324036,0.08445721864700317,0.05670465528964996,0.061686914414167404,0.19136734306812286,0.04956700652837753,0.1665295511484146,0.1297471523284912,0.11022813618183136,0.059911102056503296,0.059119127690792084,0.04502091184258461,0.0324435792863369,0.0626521110534668,0.06918562948703766,0.04174454137682915,0.042631953954696655,0.09425757080316544,0.0979134663939476,0.06527867913246155,0.03825008124113083,0.08447495847940445,0.03075537644326687,0.10271903872489929,0.10874507576227188,0.09464680403470993,0.08616816997528076,0.18061046302318573,0.12648963928222656,0.04458235949277878,0.023346703499555588,0.04386928677558899,0.04934907332062721,0.15628117322921753,0.034853313118219376,0.02469807304441929,0.004558953456580639,0.06768236309289932,0.06880614906549454,0.06922370940446854,0.03684941306710243,0.07759454101324081,0.02925310656428337,0.08469311147928238,0.02253609709441662,0.020695604383945465,0.004365438595414162,0.0465729720890522,0.12498751282691956,0.04522735998034477,0.005889254622161388,0.0031404767651110888,0.006592344958335161,0.0033979457803070545,0.008783701807260513,0.09546210616827011,0.07762746512889862,0.09156549721956253,0.06632579863071442,0.011791672557592392,0.02251068316400051,0.08070266246795654,0.14440633356571198,0.020298605784773827,0.007959442213177681,0.04735273867845535,0.015158823691308498,0.036574337631464005,0.011948305182158947,0.010417338460683823,0.010390171781182289,0.0062511274591088295,0.02082400768995285,0.020090850070118904,0.0215816181153059,0.031135791912674904,0.023308774456381798,0.12728500366210938,0.027683749794960022,0.00467313127592206,0.07654272019863129,0.10529070347547531,0.02442323975265026,0.028798069804906845,0.023128041997551918,0.03066873736679554,0.005808875430375338,0.004504404030740261,0.028458010405302048,0.015993336215615273,0.03862227499485016,0.059818997979164124,0.04516134038567543,0.03393247351050377,0.030079564079642296,0.00822647474706173,0.015994181856513023,0.005631708074361086,0.005764317698776722,0.004024227149784565,0.011451572179794312,0.012051157653331757
unknown,502.0,503.0,0.023187967017292976,0.0038829385302960873,0.010802787728607655,0.07604718208312988,0.08172767609357834,0.06188613921403885,0.18420231342315674,0.3371981978416443,0.1517011672258377,0.10802031308412552,0.07210943102836609,0.07342269271612167,0.2920262813568115,0.17004738748073578,0.016950437799096107,0.010117224417626858,0.12756776809692383,0.14189985394477844,0.09092284739017487,0.07271665334701538,0.38326624035835266,0.009891475550830364,0.12664106488227844,0.018349114805459976,0.023586489260196686,0.028493080288171768,0.05656866356730461,0.05978197976946831,0.052279792726039886,0.04297701269388199,0.08043667674064636,0.03417107090353966,0.003684426425024867,0.009798026643693447,0.05874468386173248,0.07215504348278046,0.2335582971572876,0.02626858837902546,0.0026864090468734503,0.00468972185626626,0.023099806159734726,0.010656628757715225,0.03728708624839783,0.11586602032184601,0.272929847240448,0.0098330769687891,0.03145132586359978,0.089956134557724,0.012641157023608685,0.002786277560517192,0.05145711079239845,0.0013198957312852144,0.08214791119098663,0.006324493791908026,0.006722747813910246,0.022518014535307884,0.18111170828342438,0.0028553383890539408,0.22749707102775574,0.00787985697388649,0.016615770757198334,0.0005206798668950796,0.008414950221776962,0.0002766554243862629,0.0032601007260382175,0.002316575264558196,0.02666669525206089,0.0070085725747048855,0.0020818549674004316,0.019643567502498627,0.060037750750780106,0.0011344063095748425,0.009143834933638573,0.0008455276838503778,0.0038952105678617954,0.0011614401591941714,0.00012142352352384478,0.35508042573928833,0.08185791224241257,0.001047902856953442,0.004031848628073931,0.006066498812288046,0.002872349927201867,0.03327236324548721,0.006288973148912191,0.0019190129823982716,0.11758113652467728,0.08888689428567886,0.002146677812561393,0.025736769661307335,0.004553394392132759,0.1678122878074646,0.0030157286673784256,0.00243089790455997,0.000655013311188668,0.4923230707645416,0.028998766094446182,0.025626884773373604,0.1674290895462036,0.0011165501782670617,0.0014927301090210676,0.0020333395805209875,0.0015656581381335855,0.007301632314920425,0.12192739546298981,0.27809852361679077,0.0012188720284029841,0.002062760991975665,0.0011339402990415692,0.0025216098874807358,0.04044186323881149,0.02322571352124214,0.0015676957555115223,0.0014689916279166937,0.09532599151134491
unknown,537.0,538.0,0.034430861473083496,0.032295648008584976,0.019721046090126038,0.08139458298683167,0.018581636250019073,0.08409597724676132,0.09374215453863144,0.2011355608701706,0.0962105393409729,0.08310837298631668,0.04156726226210594,0.04287302866578102,0.13402213156223297,0.03767765685915947,0.030575884506106377,0.04676756262779236,0.045540791004896164,0.1361948549747467,0.05011506751179695,0.1808854192495346,0.1206589937210083,0.07032785564661026,0.14374127984046936,0.10362563282251358,0.05333106592297554,0.0120917446911335,0.055107489228248596,0.12165365368127823,0.10033074766397476,0.08167284727096558,0.07451486587524414,0.06460525840520859,0.04111853614449501,0.03238099813461304,0.2466159611940384,0.0236054714769125,0.1427433043718338,0.054172419011592865,0.04470735788345337,0.0625443309545517,0.10987003892660141,0.1318281590938568,0.0837540477514267,0.07984918355941772,0.10979586839675903,0.05549810454249382,0.08156038820743561,0.021985262632369995,0.03692493960261345,0.0012935620034113526,0.09415967017412186,0.030175985768437386,0.15130236744880676,0.023713145405054092,0.16463610529899597,0.019077306613326073,0.2127733677625656,0.008029266260564327,0.016224347054958344,0.002011295175179839,0.029610084369778633,0.08247166126966476,0.09676174819469452,0.003170117735862732,0.0020420916844159365,0.006005698814988136,0.004971172194927931,0.0055276090279221535,0.020469410344958305,0.02144532836973667,0.06410546600818634,0.053261782974004745,0.021285274997353554,0.009776091203093529,0.04631149768829346,0.08051245659589767,0.008281099610030651,0.033861905336380005,0.05495627224445343,0.005608072504401207,0.010518982075154781,0.011270863004028797,0.016305798664689064,0.01235999446362257,0.008526711724698544,0.001993772806599736,0.009377837181091309,0.008831552229821682,0.019491497427225113,0.025570206344127655,0.0033451125491410494,0.014353783801198006,0.002216376131400466,0.0030739931389689445,0.002959516365081072,0.24032142758369446,0.16091151535511017,0.10195460915565491,0.16582420468330383,0.01187688484787941,0.026600848883390427,0.007171494886279106,0.0023234589025378227,0.018985193222761154,0.10135944187641144,0.16181440651416779,0.02143804170191288,0.007195061072707176,0.0020285819191485643,0.007239187136292458,0.03447205573320389,0.005803489591926336,0.0007967677083797753,0.00627383217215538,0.012415945529937744
unknown,540.0,541.0,0.025237731635570526,0.012931176461279392,0.011694795452058315,0.01730397529900074,0.024932395666837692,0.25606289505958557,0.07499811053276062,0.03065253421664238,0.1810169517993927,0.17045709490776062,0.0559878833591938,0.03433224558830261,0.028646882623434067,0.027341974899172783,0.035435743629932404,0.06418278068304062,0.031638190150260925,0.14629994332790375,0.012536073103547096,0.2549232244491577,0.03635174036026001,0.1898551881313324,0.018518326804041862,0.0793243944644928,0.025960063561797142,0.005596644710749388,0.03521635755896568,0.2653868496417999,0.039236582815647125,0.18376511335372925,0.01932653598487377,0.019902938976883888,0.03013034537434578,0.02771642431616783,0.12854532897472382,0.0029092347249388695,0.060388434678316116,0.21108181774616241,0.1272055059671402,0.12082072347402573,0.20679405331611633,0.2523200809955597,0.03863360360264778,0.06470576673746109,0.08203575015068054,0.023592684417963028,0.399835467338562,0.010220362804830074,0.0018565536011010408,0.0005054352222941816,0.009498520754277706,0.06149717792868614,0.32703351974487305,0.006293696351349354,0.04154815524816513,0.013620051555335522,0.01926424726843834,0.06803557276725769,0.003782485378906131,0.001508970744907856,0.005982185713946819,0.16729412972927094,0.14711882174015045,0.007207863032817841,0.001871000393293798,0.005678753834217787,0.0009989471873268485,0.009822266176342964,0.2723359167575836,0.008807125501334667,0.04783937335014343,0.1584494411945343,0.0034109889529645443,0.018397320061922073,0.11489133536815643,0.25652334094047546,0.06979914009571075,0.0012280619703233242,0.04039359837770462,0.011246789246797562,0.04792507365345955,0.0034084718208760023,0.008728022687137127,0.003352034604176879,0.0010279680136591196,0.006792240310460329,0.02433447167277336,0.03449041396379471,0.0054803527891635895,0.0037190206348896027,0.025113919749855995,0.04600706323981285,0.003406403586268425,0.010668459348380566,0.01356851402670145,0.013208510354161263,0.04620262607932091,0.02973262406885624,0.013601776212453842,0.0031605095136910677,0.002130769658833742,0.012612384743988514,0.025187185034155846,0.0070388647727668285,0.018185930326581,0.027318444103002548,0.02945823222398758,0.007187352515757084,0.015776868909597397,0.03511318936944008,0.014366372488439083,0.010859111323952675,0.0003990673285443336,0.006325161550194025,0.0008651256212033331
unknown,541.0,542.0,0.03482396528124809,0.02200055681169033,0.026772836223244667,0.05699314922094345,0.008619172498583794,0.20603810250759125,0.05940019711852074,0.06705684214830399,0.26760756969451904,0.15209521353244781,0.02763468772172928,0.044035132974386215,0.036003321409225464,0.036993760615587234,0.08028524369001389,0.05559377744793892,0.010855325497686863,0.129977747797966,0.009209568612277508,0.23328307271003723,0.05074470490217209,0.22032080590724945,0.05642871558666229,0.10148685425519943,0.04802469536662102,0.014230089262127876,0.0516873300075531,0.1900157630443573,0.08030814677476883,0.11893251538276672,0.041808582842350006,0.05566610395908356,0.031961094588041306,0.034451764076948166,0.10057883709669113,0.009682996198534966,0.08178640902042389,0.21487422287464142,0.10977287590503693,0.12714245915412903,0.277932345867157,0.22215145826339722,0.0492536686360836,0.03277339041233063,0.03927444666624069,0.03913254663348198,0.4317399561405182,0.014807258732616901,0.008419450372457504,0.000665648200083524,0.04270440340042114,0.055026259273290634,0.20613647997379303,0.024949919432401657,0.0636817067861557,0.00614480534568429,0.00831576157361269,0.013394909910857677,0.00915958546102047,0.005130340810865164,0.02987664006650448,0.2837503254413605,0.08703463524580002,0.004984836559742689,0.002514451742172241,0.006953424774110317,0.0010407823137938976,0.005697320215404034,0.2501799762248993,0.020930171012878418,0.031194191426038742,0.10938240587711334,0.002971193054690957,0.050700802356004715,0.07574178278446198,0.24947147071361542,0.35593146085739136,0.0006473610992543399,0.03432323783636093,0.02646995149552822,0.047019749879837036,0.0021631161216646433,0.0169722530990839,0.0007654561195522547,0.0008373753516934812,0.0019341978477314115,0.05509402975440025,0.09956925362348557,0.02442050911486149,0.02028641849756241,0.034232620149850845,0.05521940439939499,0.0013531254371628165,0.009619123302400112,0.009952596388757229,0.037704091519117355,0.19753201305866241,0.08642490208148956,0.0387306809425354,0.002121741184964776,0.008932346478104591,0.008715101517736912,0.018363505601882935,0.0016096634790301323,0.012859425507485867,0.02380301058292389,0.03188912943005562,0.011607041582465172,0.011004275642335415,0.0646071806550026,0.06851375102996826,0.010934670455753803,0.000663566926959902,0.007478656712919474,0.0004890252603217959
unknown,545.0,546.0,0.003253401257097721,0.0016749410424381495,0.002415451919659972,0.05762062221765518,0.10408148914575577,0.12259702384471893,0.00528822373598814,0.16906848549842834,0.27282100915908813,0.10962238907814026,0.05359920114278793,0.025987762957811356,0.03604613244533539,0.548739492893219,0.023822246119379997,0.013857848010957241,0.07617998868227005,0.3767307996749878,0.2403593361377716,0.27022242546081543,0.17240563035011292,0.022542716935276985,0.10816139727830887,0.06471451371908188,0.009048230946063995,0.04631840065121651,0.012624054215848446,0.031715430319309235,0.0415119044482708,0.02157258614897728,0.011975621804594994,0.036359433084726334,0.007059811148792505,0.01757022924721241,0.11722653359174728,0.026686619967222214,0.024463487789034843,0.12772180140018463,0.013193965889513493,0.046835094690322876,0.056258346885442734,0.03480426222085953,0.06594759970903397,0.0119089987128973,0.003926108591258526,0.016753101721405983,0.2829187214374542,0.016711968928575516,0.017529137432575226,0.00028974024462513626,0.06356044113636017,0.01066639181226492,0.07513652741909027,0.01685076579451561,0.09282774478197098,0.01674485392868519,0.23288773000240326,0.1336906999349594,0.015110333450138569,0.0007403061026707292,0.023747242987155914,0.01623457297682762,0.06342799216508865,0.001330121885985136,0.0002493096108082682,0.0010529215214774013,0.0003981762274634093,0.0014203378232195973,0.23318660259246826,0.3379160165786743,0.3822382986545563,0.024718092754483223,0.0014395875623449683,0.0010475467424839735,0.030159329995512962,0.029909571632742882,0.002239361172541976,0.0013477986212819815,0.020475370809435844,0.004915304481983185,0.0065209465101361275,0.013201513327658176,0.00048306857934221625,0.021422237157821655,0.011432653293013573,0.034453850239515305,0.008017387241125107,0.006418308708816767,0.004140516277402639,0.005101216025650501,0.00575040839612484,0.009058364666998386,0.0008741884957998991,0.004283965565264225,0.0019354100804775953,0.008582228794693947,0.003922419156879187,0.003219130216166377,0.06877321004867554,0.008133333176374435,0.0012526934733614326,0.25316837430000305,0.1400965452194214,0.11092055588960648,0.2491590678691864,0.07832624763250351,0.009906824678182602,0.0015112176770344377,0.006966083310544491,0.030805353075265884,0.0011717061279341578,0.00024809796013869345,0.0007775341509841383,0.002307527931407094,0.03315063938498497
unknown,547.0,548.0,0.015137364156544209,0.010090924799442291,0.014352694153785706,0.01784370094537735,0.03844568505883217,0.14832471311092377,0.02814854308962822,0.03380422294139862,0.3412756025791168,0.23652060329914093,0.08509419858455658,0.08386701345443726,0.040486566722393036,0.08411075919866562,0.07988543063402176,0.0486937053501606,0.04105880856513977,0.2803867757320404,0.034295517951250076,0.21021607518196106,0.06649838387966156,0.1203259751200676,0.026737214997410774,0.051616497337818146,0.027381863445043564,0.014005366712808609,0.019177060574293137,0.05962631478905678,0.06275106966495514,0.038202013820409775,0.026428116485476494,0.01967347040772438,0.02428298257291317,0.03309464082121849,0.07166241109371185,0.008411882445216179,0.06928811222314835,0.34776052832603455,0.07749144732952118,0.06907440721988678,0.2533712685108185,0.17691844701766968,0.03957052528858185,0.014743683859705925,0.01680072396993637,0.027813255786895752,0.5327911376953125,0.021334759891033173,0.001336738234385848,0.00019145435362588614,0.005495527759194374,0.010500967502593994,0.07973422855138779,0.002355581149458885,0.08441299945116043,0.034071505069732666,0.0686759427189827,0.03670975938439369,0.012203484773635864,0.0007418408058583736,0.0044859652407467365,0.2272588163614273,0.13492637872695923,0.007551536895334721,0.0005345408571884036,0.0007742042071186006,0.0004961651284247637,0.0006340169929899275,0.4866048991680145,0.009017462842166424,0.05424913391470909,0.029701314866542816,0.0006114756688475609,0.003088053548708558,0.020127689465880394,0.07820119708776474,0.056853752583265305,0.00025107833789661527,0.041321080178022385,0.004506271332502365,0.036542803049087524,0.004752285312861204,0.009622286073863506,0.0005172201781533659,0.0015612714923918247,0.014714534394443035,0.018534958362579346,0.027004940435290337,0.0023939181119203568,0.0014647524803876877,0.08692322671413422,0.05064783990383148,0.002047064946964383,0.02848484180867672,0.019709261134266853,0.038125958293676376,0.07150448113679886,0.05759628862142563,0.09616439789533615,0.0029146550223231316,0.0031065449584275484,0.03382790833711624,0.12741221487522125,0.011012839153409004,0.051684051752090454,0.03404928371310234,0.012124897912144661,0.025234131142497063,0.002591443248093128,0.12448862195014954,0.016690194606781006,0.002766457386314869,0.0008293722057715058,0.005524011794477701,0.0013588862493634224
unknown,573.0,574.0,0.04849984124302864,0.036442529410123825,0.03292948380112648,0.09482070803642273,0.031117253005504608,0.09468034654855728,0.08540435880422592,0.07821737974882126,0.11623770743608475,0.10414957255125046,0.04611709713935852,0.07373634725809097,0.06448270380496979,0.08725553005933762,0.06151505932211876,0.042659420520067215,0.028136897832155228,0.12294759601354599,0.036719199270009995,0.16307604312896729,0.10350234061479568,0.13300473988056183,0.05583607405424118,0.051916252821683884,0.042047347873449326,0.02191822975873947,0.0800824761390686,0.11919504404067993,0.02551308646798134,0.0744098648428917,0.10590536147356033,0.08257514238357544,0.05017556995153427,0.01986907795071602,0.0730292797088623,0.02449941448867321,0.12943047285079956,0.12962399423122406,0.05318515747785568,0.05431453511118889,0.18554577231407166,0.1118679866194725,0.03172086924314499,0.04445942863821983,0.06537311524152756,0.028384340927004814,0.14076800644397736,0.02933594398200512,0.019761307165026665,0.005818038247525692,0.05324213579297066,0.04990176111459732,0.11610870808362961,0.030085913836956024,0.04660841450095177,0.008708924986422062,0.019321555271744728,0.004574682097882032,0.011314758099615574,0.010910955257713795,0.052269767969846725,0.08707094192504883,0.035580120980739594,0.005028648301959038,0.014522532932460308,0.016063403338193893,0.015720117837190628,0.020969100296497345,0.10484790056943893,0.023064348846673965,0.012443788349628448,0.03969710320234299,0.03122224286198616,0.03569164127111435,0.04835282638669014,0.07487635314464569,0.01774950884282589,0.0121631920337677,0.05894576758146286,0.018855804577469826,0.083042673766613,0.012473938055336475,0.01672573760151863,0.006201682612299919,0.005495086312294006,0.009512901306152344,0.020185161381959915,0.029882999137043953,0.0388154610991478,0.03276602178812027,0.040849097073078156,0.03708317503333092,0.004929955583065748,0.025722548365592957,0.04453401640057564,0.014791120775043964,0.04947444796562195,0.04084435850381851,0.021295873448252678,0.0022488816175609827,0.00639893114566803,0.007257025223225355,0.011297564022243023,0.004753225017338991,0.03092649206519127,0.029152266681194305,0.02005848102271557,0.00803415384143591,0.004435593727976084,0.021906882524490356,0.011693159118294716,0.0051237610168755054,0.002116399584338069,0.009468808770179749,0.005825670901685953
unknown,574.0,575.0,0.04689788445830345,0.0375472791492939,0.031776439398527145,0.09756290912628174,0.02883564494550228,0.09305655211210251,0.08113013952970505,0.08036492019891739,0.1128704771399498,0.10853812843561172,0.048759352415800095,0.07260514795780182,0.066187284886837,0.07997436076402664,0.06222422420978546,0.0445881225168705,0.02657235413789749,0.11601314693689346,0.03451913967728615,0.1561826765537262,0.11296656727790833,0.1191067025065422,0.05491509661078453,0.05075569823384285,0.038270264863967896,0.020126407966017723,0.07836315035820007,0.11134390532970428,0.0245159063488245,0.06941826641559601,0.10835860669612885,0.08429855108261108,0.05296310782432556,0.019918406382203102,0.069233737885952,0.023397447541356087,0.12462339550256729,0.11446264386177063,0.055591292679309845,0.0564916618168354,0.18588721752166748,0.10599761456251144,0.030064526945352554,0.04279955476522446,0.06315919756889343,0.030256571248173714,0.1340268850326538,0.026532672345638275,0.022654887288808823,0.0061362809501588345,0.05398772284388542,0.05028035491704941,0.11469289660453796,0.03756238892674446,0.04743018373847008,0.007735200226306915,0.019012244418263435,0.003818637691438198,0.010995225980877876,0.01021711714565754,0.05798044800758362,0.09178248047828674,0.03515227138996124,0.004522145260125399,0.013257876969873905,0.01629575900733471,0.013410898856818676,0.019996382296085358,0.10412988811731339,0.020973360165953636,0.01216097455471754,0.038692548871040344,0.03524194285273552,0.033440977334976196,0.049259208142757416,0.07302866876125336,0.01804487034678459,0.011094771325588226,0.05209800601005554,0.018586335703730583,0.06955691426992416,0.011271962895989418,0.01670033298432827,0.007059345953166485,0.006385800428688526,0.00941682979464531,0.01995987631380558,0.02922571264207363,0.0422908179461956,0.03787989169359207,0.04746975377202034,0.04120536893606186,0.0045937467366456985,0.030477773398160934,0.05164468288421631,0.01318056508898735,0.04576541855931282,0.04299580305814743,0.020272402092814445,0.0016504506347700953,0.0053541772067546844,0.006629521958529949,0.00927774142473936,0.003727876115590334,0.029683155938982964,0.025697212666273117,0.021934986114501953,0.008867339231073856,0.004031486809253693,0.016970256343483925,0.00959604699164629,0.003779668128117919,0.0018581560580059886,0.007646195590496063,0.005940202623605728
