Id,Text,BeginPosition,EndPosition,BeginTime,EndTime,Confidence,SpeakerConfidence,Admiration,Adoration,Aesthetic Appreciation,Amusement,Anger,Annoyance,Anxiety,Awe,Awkwardness,Boredom,Calmness,Concentration,Confusion,Contemplation,Contempt,Contentment,Craving,Determination,Disappointment,Disapproval,Disgust,Distress,Doubt,Ecstasy,Embarrassment,Empathic Pain,Enthusiasm,Entrancement,Envy,Excitement,Fear,Gratitude,Guilt,Horror,Interest,Joy,Love,Nostalgia,Pain,Pride,Realization,Relief,Romance,Sadness,Sarcasm,Satisfaction,Desire,Shame,Surprise (negative),Surprise (positive),Sympathy,Tiredness,Triumph,1,2,3,4,5,6,7,8,9,toxic,severe_toxic,obscene,threat,insult,identity_hate
unknown,氷,0,1,2.0559447,2.5559447,0.9794922,,0.0036812322214245796,0.0034586903639137745,0.0024433403741568327,0.02836676873266697,0.061938367784023285,0.16417339444160461,0.0812956690788269,0.016386279836297035,0.03493673354387283,0.008411859162151814,0.007103353273123503,0.018308134749531746,0.6349897384643555,0.03202791139483452,0.015207824297249317,0.002599699655547738,0.0021117450669407845,0.014875514432787895,0.041931334882974625,0.02395590953528881,0.004652686882764101,0.14192655682563782,0.09923923015594482,0.009845717810094357,0.007910716347396374,0.0038050562143325806,0.012982103042304516,0.01917225494980812,0.0017063934355974197,0.019251102581620216,0.0636434257030487,0.0004561780660878867,0.0018076704582199454,0.01418048981577158,0.015977947041392326,0.009564938955008984,0.00345333362929523,0.0009087817161343992,0.03301168605685234,0.0031745126470923424,0.06285987794399261,0.0014832320157438517,0.0042889295145869255,0.011981116607785225,0.018175240606069565,0.0033466739114373922,0.0033643487840890884,0.006746571511030197,0.19251658022403717,0.038223762065172195,0.002148279920220375,0.01228806097060442,0.006555656902492046,,,,,,,,,,,,,,,
unknown,箱,2,3,8.084055,8.584055,0.98876953,,0.00944841094315052,0.00676610367372632,0.004690633621066809,0.03331523388624191,0.02241387777030468,0.08158143609762192,0.03302736580371857,0.014771435409784317,0.03254922479391098,0.014135337434709072,0.011841117404401302,0.026726961135864258,0.5541651844978333,0.038672469556331635,0.016461096704006195,0.008625902235507965,0.006401661783456802,0.02509174309670925,0.04251702129840851,0.018939251080155373,0.003976589068770409,0.03985182195901871,0.1089564710855484,0.01124455314129591,0.00754487095400691,0.0026630412321537733,0.030125334858894348,0.017509786412119865,0.0024366327561438084,0.0358019657433033,0.02034880593419075,0.002106539672240615,0.0023851669393479824,0.004383636638522148,0.03609317168593407,0.01592501439154148,0.006079134065657854,0.0023673372343182564,0.00905642006546259,0.007508436217904091,0.06387126445770264,0.005626045633107424,0.004628736991435289,0.0073963128961622715,0.019932610914111137,0.014157218858599663,0.006163754966109991,0.006715751718729734,0.12964703142642975,0.08022148907184601,0.0028855777345597744,0.0068483357317745686,0.020267609506845474,,,,,,,,,,,,,,,
unknown,緑,4,5,14.192007,14.692007,0.99560547,,0.014839773066341877,0.013678990304470062,0.0445840060710907,0.06286007910966873,0.014870393089950085,0.09465695917606354,0.018187951296567917,0.01351774949580431,0.05963511019945145,0.10498442500829697,0.02513055130839348,0.02540801838040352,0.31735703349113464,0.03365768492221832,0.020519670099020004,0.016677768900990486,0.036765117198228836,0.022340694442391396,0.07285309582948685,0.04304137080907822,0.012380660511553288,0.03845556452870369,0.03730914741754532,0.01589212939143181,0.007865102961659431,0.006372408475726843,0.10796452313661575,0.027847839519381523,0.006578225642442703,0.06859424710273743,0.007730455137789249,0.0012705379631370306,0.003195027820765972,0.00425572507083416,0.1330791860818863,0.03804115206003189,0.007675415836274624,0.0024730840232223272,0.014833787456154823,0.005783583968877792,0.03361133858561516,0.0016957165207713842,0.005642743315547705,0.021543776616454124,0.02273501828312874,0.0197658259421587,0.015822477638721466,0.008590998128056526,0.09566549956798553,0.04757983237504959,0.006092728115618229,0.007548552472144365,0.006732191890478134,,,,,,,,,,,,,,,
unknown,痛,6,7,20.640907,20.760817,0.6274414,,0.021216699853539467,0.013233734294772148,0.06601681560277939,0.06883783638477325,0.02596762217581272,0.10177817195653915,0.012470023706555367,0.020438972860574722,0.03783688321709633,0.027233200147747993,0.025717653334140778,0.03251315653324127,0.2725449204444885,0.03531159833073616,0.020334342494606972,0.02520708180963993,0.03528841957449913,0.022238848730921745,0.03512191399931908,0.024983590468764305,0.01576896570622921,0.04573995992541313,0.01540287397801876,0.03765961900353432,0.007501245476305485,0.012345967814326286,0.090458944439888,0.03191714361310005,0.00671842647716403,0.045968957245349884,0.006387165281921625,0.00274657248519361,0.002794482046738267,0.007118832319974899,0.09520063549280167,0.058493830263614655,0.007935448549687862,0.0034596289042383432,0.10509045422077179,0.015399379655718803,0.032088495790958405,0.0035148358438163996,0.005220829509198666,0.010515758767724037,0.024478765204548836,0.0447579026222229,0.015598481521010399,0.007311870809644461,0.06833763420581818,0.05434492975473404,0.007330870255827904,0.009322301484644413,0.020759155973792076,,,,,,,,,,,,,,,
unknown,い,8,9,20.760817,21.260817,0.9980469,,0.0203352440148592,0.012089908123016357,0.04934385418891907,0.059517864137887955,0.03287355974316597,0.13467127084732056,0.011527019552886486,0.01800372824072838,0.03492950275540352,0.030656585469841957,0.029271306470036507,0.03360963612794876,0.230179101228714,0.032103024423122406,0.022716190665960312,0.026618434116244316,0.03025802969932556,0.028150958940386772,0.045917801558971405,0.028701530769467354,0.014724516309797764,0.0423157773911953,0.014987220987677574,0.029828788712620735,0.007285242900252342,0.01239212416112423,0.09779322892427444,0.025473108515143394,0.0070292227901518345,0.048854563385248184,0.005174649879336357,0.002970217727124691,0.0029504401609301567,0.005283832084387541,0.09681657701730728,0.05022093281149864,0.007337426766753197,0.002992193913087249,0.08577840775251389,0.016222918406128883,0.03504845127463341,0.00427049957215786,0.004943763837218285,0.010746036656200886,0.02230292558670044,0.04817715287208557,0.01512200478464365,0.007201573811471462,0.07620048522949219,0.056944798678159714,0.008174587972462177,0.011465910822153091,0.022940412163734436,,,,,,,,,,,,,,,
unknown,冷,10,11,26.396557,26.796253,0.99853516,,0.015736013650894165,0.010313286446034908,0.03498758748173714,0.0580405592918396,0.03322102129459381,0.13180968165397644,0.018787221983075142,0.017242351546883583,0.031020741909742355,0.020441068336367607,0.023373352363705635,0.02532934956252575,0.12612755596637726,0.03873921185731888,0.021370166912674904,0.027233505621552467,0.03207169845700264,0.029049592092633247,0.0563260093331337,0.029653610661625862,0.01819016970694065,0.0810077115893364,0.01272511389106512,0.03689265623688698,0.009112469851970673,0.02723851427435875,0.10185597836971283,0.02423085831105709,0.005087276920676231,0.05275359004735947,0.008510501123964787,0.002991763176396489,0.004377602133899927,0.007601181045174599,0.07360616326332092,0.04852748662233353,0.008431869558990002,0.0035895262844860554,0.22367794811725616,0.01746094971895218,0.05127057060599327,0.006596898194402456,0.005657808389514685,0.020123369991779327,0.023065438494086266,0.05271702632308006,0.016258297488093376,0.009377691894769669,0.07264868915081024,0.04942424222826958,0.012365663424134254,0.018533309921622276,0.02479422278702259,,,,,,,,,,,,,,,
unknown,い,12,13,26.796253,27.296253,0.5390625,,0.014529464766383171,0.009333327412605286,0.034883953630924225,0.05417834222316742,0.02999606914818287,0.13716402649879456,0.02258937433362007,0.015901844948530197,0.03230602294206619,0.024714812636375427,0.028069404885172844,0.03129278123378754,0.14399243891239166,0.050211165100336075,0.021129459142684937,0.029408197849988937,0.0332661047577858,0.03155281022191048,0.06250685453414917,0.029726173728704453,0.016425548121333122,0.09125659614801407,0.01594226248562336,0.032300274819135666,0.00892115943133831,0.0312909260392189,0.09466825425624847,0.025391435250639915,0.004602041561156511,0.045433200895786285,0.009968641214072704,0.0032434267923235893,0.00444070203229785,0.007309243083000183,0.07851141691207886,0.04162880405783653,0.008338493295013905,0.004227534402161837,0.258796751499176,0.016213763505220413,0.05479114502668381,0.007382778916507959,0.005820597521960735,0.023365695029497147,0.02304338477551937,0.05299228057265282,0.015369391068816185,0.009159720502793789,0.068360835313797,0.04299724102020264,0.013658152893185616,0.02509465627372265,0.023280711844563484,,,,,,,,,,,,,,,
unknown,悲,14,15,32.32721,32.487095,0.9707031,,0.008389286696910858,0.006507507525384426,0.022737715393304825,0.062309835106134415,0.05109665170311928,0.1515888273715973,0.02775602973997593,0.01405656710267067,0.028937948867678642,0.027519885450601578,0.015843620523810387,0.01470273919403553,0.12863576412200928,0.03320075944066048,0.024984128773212433,0.02228977531194687,0.026039477437734604,0.025412732735276222,0.09292229264974594,0.029729699715971947,0.01907774619758129,0.1534377634525299,0.012542206794023514,0.03772222623229027,0.010054956190288067,0.0251543577760458,0.08863565325737,0.01973315328359604,0.004503841511905193,0.0591004453599453,0.013052080757915974,0.0022284991573542356,0.005073873326182365,0.010955379344522953,0.04191436246037483,0.04728441685438156,0.005185756366699934,0.003848653519526124,0.3021933436393738,0.017792843282222748,0.03657147288322449,0.00473172590136528,0.0031033621635288,0.07207222282886505,0.03646435961127281,0.032819755375385284,0.007224984001368284,0.012191121466457844,0.07509566098451614,0.026552574709057808,0.009102682583034039,0.029296234250068665,0.022817501798272133,,,,,,,,,,,,,,,
unknown,し,16,17,32.487095,32.64698,0.82470703,,0.006925808731466532,0.004929549992084503,0.021935267373919487,0.054279375821352005,0.05127125605940819,0.16463524103164673,0.028010761365294456,0.010425522923469543,0.0321558341383934,0.03554728627204895,0.018763814121484756,0.01439448818564415,0.13484689593315125,0.03285868838429451,0.026043429970741272,0.02216401696205139,0.0183707308024168,0.02277262881398201,0.10458648949861526,0.030462950468063354,0.017909538000822067,0.157865509390831,0.013175820000469685,0.024263694882392883,0.010473518632352352,0.026091059669852257,0.07247113436460495,0.014991827309131622,0.004158857744187117,0.04316447675228119,0.011499721556901932,0.0022654319182038307,0.005256653297692537,0.00913932453840971,0.03829951584339142,0.03915616497397423,0.003997227177023888,0.0036040085833519697,0.30180856585502625,0.016577618196606636,0.03396979346871376,0.004462427459657192,0.0021829898469150066,0.0909208282828331,0.03939708694815636,0.02837376855313778,0.004272032529115677,0.013036293908953667,0.06996094435453415,0.019763018935918808,0.009852842427790165,0.03489337116479874,0.019070282578468323,,,,,,,,,,,,,,,
unknown,い,18,19,32.64698,33.14698,0.99560547,,0.007386552169919014,0.004996671807020903,0.01956903003156185,0.05126725882291794,0.027364810928702354,0.1066891998052597,0.03357888013124466,0.009522300213575363,0.038010336458683014,0.044754669070243835,0.017057880759239197,0.010207702405750751,0.09832587093114853,0.036432262510061264,0.021603405475616455,0.02068796008825302,0.012784463353455067,0.019487036392092705,0.1444200724363327,0.02605680748820305,0.01314577367156744,0.17184489965438843,0.016008028760552406,0.016443589702248573,0.016330000013113022,0.03816679120063782,0.06139891967177391,0.013161114417016506,0.004111127927899361,0.03753090649843216,0.011431696824729443,0.0020962960552424192,0.008391434326767921,0.006941848434507847,0.03295842930674553,0.030497437343001366,0.004252332728356123,0.0048752655275166035,0.25730690360069275,0.0172338355332613,0.04053208976984024,0.004787378944456577,0.002166556194424629,0.2438179850578308,0.04185955226421356,0.02288559265434742,0.0035699750296771526,0.022454140707850456,0.06505667418241501,0.014286604709923267,0.015824811533093452,0.047381166368722916,0.015344826504588127,,,,,,,,,,,,,,,
unknown,え,20,21,39.28218,39.78218,0.49316406,,0.0080983005464077,0.005915443878620863,0.027417805045843124,0.04726724699139595,0.0250531155616045,0.09844636172056198,0.031725890934467316,0.010054071433842182,0.034263838082551956,0.04372957721352577,0.02654559351503849,0.012591243721544743,0.08654507249593735,0.05015650391578674,0.024974526837468147,0.027636023238301277,0.011560891754925251,0.02018957957625389,0.1507977694272995,0.028986167162656784,0.014142367988824844,0.16605961322784424,0.014489855617284775,0.01424749381840229,0.017419928684830666,0.04943074285984039,0.04977498576045036,0.01590929925441742,0.003731114324182272,0.026224760338664055,0.010660079307854176,0.003382966620847583,0.011125867255032063,0.007601774763315916,0.029886683449149132,0.029658978804945946,0.005676920525729656,0.010133422911167145,0.25435420870780945,0.019228778779506683,0.04567564278841019,0.006379907485097647,0.002627080073580146,0.30494728684425354,0.04301771521568298,0.02636190503835678,0.003112972481176257,0.027474086731672287,0.049689773470163345,0.010497359558939934,0.021044043824076653,0.05294441059231758,0.016867371276021004,,,,,,,,,,,,,,,
unknown,猫,22,23,44.33242,44.83242,0.9399414,,0.011641624383628368,0.01095268689095974,0.025417014956474304,0.04792637377977371,0.014022276736795902,0.049777790904045105,0.041562747210264206,0.0111162094399333,0.030807025730609894,0.03424717113375664,0.02244124747812748,0.010612977668642998,0.07574726641178131,0.04610135778784752,0.014802849851548672,0.02150208316743374,0.015487751923501492,0.017993085086345673,0.08412446826696396,0.014953851699829102,0.007622517179697752,0.17821811139583588,0.0100570572540164,0.013343384489417076,0.013729773461818695,0.09403042495250702,0.06123141571879387,0.014966046437621117,0.003361594630405307,0.03489502891898155,0.012100269086658955,0.004091212991625071,0.01216577086597681,0.00735890120267868,0.04168818145990372,0.03268953412771225,0.010726019740104675,0.018761666491627693,0.2351243495941162,0.01903034932911396,0.03696111589670181,0.0064859818667173386,0.0031111089047044516,0.43604281544685364,0.03544452041387558,0.0205075740814209,0.002951401984319091,0.022344162687659264,0.037837449461221695,0.009059039875864983,0.04919458553195,0.04047093167901039,0.0127146290615201,,,,,,,,,,,,,,,
unknown,ふ,24,25,49.80543,49.925278,0.98876953,,0.013269607909023762,0.011937126517295837,0.03143163025379181,0.040607109665870667,0.012344899587333202,0.04225677251815796,0.03826699033379555,0.013607035391032696,0.026423852890729904,0.028675736859440804,0.023824289441108704,0.010017371736466885,0.07058785855770111,0.05710481107234955,0.01596004143357277,0.019109506160020828,0.010975416749715805,0.013566460460424423,0.08991175889968872,0.01832284778356552,0.008493680506944656,0.17753620445728302,0.010775440372526646,0.011415352113544941,0.012338435277342796,0.12202157080173492,0.045298200100660324,0.017835307866334915,0.0030810581520199776,0.023689480498433113,0.01252689864486456,0.004484744276851416,0.011397567577660084,0.008831280283629894,0.04051843658089638,0.02732737362384796,0.012320208363234997,0.019690699875354767,0.2271265685558319,0.013713625259697437,0.03931141644716263,0.005774895194917917,0.0038653810042887926,0.49412640929222107,0.03915960714221001,0.016421087086200714,0.002854179823771119,0.02286713197827339,0.03858824446797371,0.007590546738356352,0.06439590454101562,0.04036225005984306,0.009215721860527992,,,,,,,,,,,,,,,
unknown,わ,26,27,49.925278,50.125023,0.9946289,,0.01523969229310751,0.01305378321558237,0.04204751178622246,0.0416412428021431,0.011009743437170982,0.0397384949028492,0.03934352099895477,0.01617990806698799,0.025558145716786385,0.028327366337180138,0.03245788440108299,0.013135841116309166,0.07071466743946075,0.07611964643001556,0.017021896317601204,0.02376035414636135,0.010458005592226982,0.013928651809692383,0.08623932301998138,0.019168926402926445,0.008845792151987553,0.17455801367759705,0.011121279560029507,0.01177304144948721,0.012856942601501942,0.12878704071044922,0.0418083630502224,0.02257690764963627,0.0029181111603975296,0.0202491395175457,0.01394241489470005,0.005905162543058395,0.011318016797304153,0.010129055939614773,0.04222574830055237,0.028556721284985542,0.013014248572289944,0.02741255797445774,0.23397016525268555,0.014655237086117268,0.045853495597839355,0.0070174504071474075,0.004305602516978979,0.4803982675075531,0.03792734816670418,0.019629573449492455,0.002852211007848382,0.023515844717621803,0.034073036164045334,0.007552849128842354,0.06564316153526306,0.042042121291160583,0.010105064138770103,,,,,,,,,,,,,,,
unknown,ふ,28,29,50.125023,50.24487,0.98828125,,0.014897695742547512,0.012857826426625252,0.04152056574821472,0.03970789164304733,0.012009033933281898,0.041782528162002563,0.038271479308605194,0.01659698411822319,0.02498299442231655,0.027276353910565376,0.030809201300144196,0.012390544638037682,0.06404855102300644,0.07512982189655304,0.01767449826002121,0.02282547950744629,0.010092112235724926,0.013786109164357185,0.0911620631814003,0.020088762044906616,0.00945502519607544,0.18264923989772797,0.01063290424644947,0.012048758566379547,0.013029096648097038,0.1317126601934433,0.04039740562438965,0.023415781557559967,0.0029397988691926003,0.019081471487879753,0.014283208176493645,0.005724902730435133,0.011370099149644375,0.010837305337190628,0.03819647803902626,0.02751782350242138,0.013477052561938763,0.027382630854845047,0.2626529633998871,0.01427699625492096,0.0454707071185112,0.0065540713258087635,0.004700253717601299,0.48475828766822815,0.040772695094347,0.018869638442993164,0.0030361483804881573,0.02428368479013443,0.034216590225696564,0.007086937315762043,0.06352794170379639,0.04741576686501503,0.010012686252593994,,,,,,,,,,,,,,,
unknown,わ,30,31,50.24487,50.74487,0.94873047,,0.014555667527019978,0.01232192199677229,0.043496642261743546,0.041115403175354004,0.011620346456766129,0.042924050241708755,0.04040220379829407,0.016578910872340202,0.02593330666422844,0.02899741567671299,0.03432219848036766,0.014246238395571709,0.0653136596083641,0.08571884781122208,0.01826363615691662,0.0264601968228817,0.011542613618075848,0.015578429214656353,0.09448733180761337,0.019862379878759384,0.009539179503917694,0.18308418989181519,0.011465493589639664,0.012881279923021793,0.01419202983379364,0.12628479301929474,0.042481716722249985,0.02500075288116932,0.0030130301602184772,0.019735777750611305,0.014726357534527779,0.006600512191653252,0.012714463286101818,0.010664030909538269,0.03841407224535942,0.029088042676448822,0.012926656752824783,0.03264816477894783,0.2706000506877899,0.015507319942116737,0.049384426325559616,0.007622332312166691,0.004708617459982634,0.47046855092048645,0.039555758237838745,0.02182551473379135,0.003105610143393278,0.02605307660996914,0.03198343515396118,0.007364287506788969,0.058706723153591156,0.05403836816549301,0.011437316425144672,,,,,,,,,,,,,,,
unknown,も,32,33,56.11737,56.237217,0.88134766,,0.01902257464826107,0.015946345403790474,0.04849657043814659,0.04341224208474159,0.009278670884668827,0.0422847606241703,0.041968945413827896,0.018025178462266922,0.026748666539788246,0.029868677258491516,0.04268914461135864,0.018786845728754997,0.07084456086158752,0.09744533896446228,0.01599171943962574,0.035501934587955475,0.012788870371878147,0.021098166704177856,0.09531483799219131,0.017339129000902176,0.007096342742443085,0.15667001903057098,0.012426436878740788,0.013589160516858101,0.014445596374571323,0.14551794528961182,0.05803442746400833,0.02537744678556919,0.003120028879493475,0.02784959226846695,0.012418997474014759,0.009897459298372269,0.013592846691608429,0.007830062881112099,0.052075717598199844,0.03743249177932739,0.01748332567512989,0.05041580647230148,0.23528338968753815,0.02140566147863865,0.05751815065741539,0.01290898211300373,0.005540675017982721,0.4538117051124573,0.0308168176561594,0.03151485323905945,0.003407510928809643,0.023936063051223755,0.033545251935720444,0.011229127645492554,0.07524655759334564,0.048353567719459534,0.01596984453499317,,,,,,,,,,,,,,,
unknown,の,34,35,56.237217,56.357063,0.9345703,,0.021509163081645966,0.017308134585618973,0.04753691330552101,0.054241787642240524,0.008959216065704823,0.04428727179765701,0.03881809487938881,0.01768580451607704,0.030516192317008972,0.03686223551630974,0.053697921335697174,0.02381186932325363,0.07196619361639023,0.0993315801024437,0.018123580142855644,0.0446041002869606,0.013003786094486713,0.02865157648921013,0.08958974480628967,0.019128575921058655,0.007264663465321064,0.1281464546918869,0.013890458270907402,0.014006021432578564,0.015424705110490322,0.13531364500522614,0.0766247808933258,0.024808334186673164,0.0033220024779438972,0.03575950860977173,0.011270456947386265,0.011135395616292953,0.014255748130381107,0.0065738181583583355,0.06520405411720276,0.04389318823814392,0.018205860629677773,0.04850499704480171,0.17827863991260529,0.02834112010896206,0.060282301157712936,0.014772159978747368,0.005351508501917124,0.38226082921028137,0.0352984219789505,0.04045505076646805,0.0037671132013201714,0.024218501523137093,0.03210396319627762,0.013226306065917015,0.07850828021764755,0.04985295236110687,0.02072097547352314,,,,,,,,,,,,,,,
unknown,さ,36,37,56.357063,56.55681,0.8725586,,0.022345898672938347,0.01717747561633587,0.05164302885532379,0.06150051951408386,0.007795575074851513,0.04422402381896973,0.042986053973436356,0.017140472307801247,0.03563867509365082,0.04036145284771919,0.05830810219049454,0.02650538645684719,0.06794583052396774,0.09919921308755875,0.017315443605184555,0.056309960782527924,0.013909573666751385,0.03356504440307617,0.09090183675289154,0.017374584451317787,0.007123633287847042,0.12808716297149658,0.014835103414952755,0.015654901042580605,0.01907283067703247,0.13378317654132843,0.09328781813383102,0.024525295943021774,0.0032684989273548126,0.04334552213549614,0.011951763182878494,0.01373854000121355,0.016289271414279938,0.006289252545684576,0.06889282166957855,0.05218500271439552,0.018238132819533348,0.04986885190010071,0.18725687265396118,0.03624442592263222,0.06402530521154404,0.019715802744030952,0.005098019726574421,0.36490076780319214,0.03649580478668213,0.05359461158514023,0.0038375307340174913,0.026495598256587982,0.032416995614767075,0.016194548457860947,0.07572495937347412,0.05435163155198097,0.026282798498868942,,,,,,,,,,,,,,,
unknown,し,38,39,56.55681,57.05681,0.9980469,,0.022519273683428764,0.016944987699389458,0.058769259601831436,0.05971575155854225,0.00786543171852827,0.04198918864130974,0.045815642923116684,0.018707070499658585,0.03500978276133537,0.039242662489414215,0.06594774127006531,0.027975430712103844,0.06313713639974594,0.10502889752388,0.018310101702809334,0.06404159218072891,0.012874209322035313,0.0339229553937912,0.08510264754295349,0.017622636631131172,0.007990256883203983,0.13806013762950897,0.014278598129749298,0.017281485721468925,0.0197297353297472,0.13463744521141052,0.09048096090555191,0.027105828747153282,0.003062812378630042,0.040572866797447205,0.013810091651976109,0.015837538987398148,0.016937052831053734,0.007478505838662386,0.06346721947193146,0.05402281507849693,0.01770404540002346,0.04748052731156349,0.202968031167984,0.0390128456056118,0.06601142138242722,0.022131018340587616,0.004864323418587446,0.36340412497520447,0.038368795067071915,0.058662425726652145,0.0036103641614317894,0.028285132721066475,0.03018668293952942,0.015640493482351303,0.07340787351131439,0.062762051820755,0.028765568509697914,,,,,,,,,,,,,,,
unknown,キ,40,41,62.56651,63.06651,0.35791016,,0.019633276388049126,0.01582910865545273,0.06281250715255737,0.059640128165483475,0.007761730812489986,0.03974194452166557,0.04027170315384865,0.018214747309684753,0.031284138560295105,0.044037941843271255,0.07022342830896378,0.0295262448489666,0.07151415199041367,0.10860592871904373,0.016910027712583542,0.06706854701042175,0.01618560403585434,0.032693833112716675,0.07838696986436844,0.015610398724675179,0.0069635831750929356,0.13121020793914795,0.012505208142101765,0.020012974739074707,0.015317569486796856,0.10891395062208176,0.09892679005861282,0.02908857725560665,0.002717665396630764,0.04511939734220505,0.012738876044750214,0.015049424953758717,0.014227342791855335,0.00740409642457962,0.06691063195466995,0.06027323007583618,0.015635943040251732,0.05894162133336067,0.20548298954963684,0.03397668898105621,0.06170439347624779,0.01984887756407261,0.00450120447203517,0.3477128744125366,0.0351703017950058,0.05858265236020088,0.0031383426394313574,0.022487331181764603,0.02854563109576702,0.015192217193543911,0.0564250685274601,0.05781455710530281,0.029208963736891747,,,,,,,,,,,,,,,
unknown,白,42,43,68.80176,69.30176,0.82177734,,0.025581827387213707,0.017561037093400955,0.08930963277816772,0.058243636041879654,0.006641404703259468,0.03529272601008415,0.0345672145485878,0.02431377023458481,0.025189070031046867,0.03678862750530243,0.06980016082525253,0.032765891402959824,0.056678060442209244,0.0976947546005249,0.014909571036696434,0.07494723796844482,0.01581862010061741,0.036911480128765106,0.06603182107210159,0.013228788040578365,0.0071140858344733715,0.12281711399555206,0.008871776051819324,0.02567146345973015,0.013367394916713238,0.1201232522726059,0.12013065814971924,0.03316403552889824,0.0030438348185271025,0.052507683634757996,0.01081003062427044,0.014371526427567005,0.01160747092217207,0.007435810752213001,0.07405770570039749,0.06567046046257019,0.013520537875592709,0.04215823858976364,0.230425626039505,0.04653463140130043,0.05718095228075981,0.02136853337287903,0.003535086289048195,0.3029518723487854,0.029078911989927292,0.07603322714567184,0.0031649654265493155,0.019651852548122406,0.02712242864072323,0.017803188413381577,0.06044188514351845,0.05316515639424324,0.03731829673051834,,,,,,,,,,,,,,,
unknown,意,44,45,77.935,78.435,0.96533203,,0.0216824971139431,0.01612050272524357,0.07585255056619644,0.05792366713285446,0.0066175153478980064,0.03357360139489174,0.043845340609550476,0.022749854251742363,0.02645065076649189,0.033032938838005066,0.06341582536697388,0.028995340690016747,0.05328362435102463,0.09682661294937134,0.014172685332596302,0.07399845123291016,0.016086101531982422,0.03761483356356621,0.06420400738716125,0.011338770389556885,0.006523467600345612,0.14789074659347534,0.00936884619295597,0.02723904699087143,0.01513220276683569,0.125845804810524,0.11575446277856827,0.03143812343478203,0.002814921084791422,0.05256915092468262,0.0134737528860569,0.016720140352845192,0.014161412604153156,0.008013076148927212,0.0601692758500576,0.06883633881807327,0.014502414502203465,0.04435700550675392,0.2717714011669159,0.045706890523433685,0.056179508566856384,0.0239882729947567,0.0035771396942436695,0.3402206003665924,0.03168051689863205,0.07105468958616257,0.0027695121243596077,0.021900024265050888,0.025360312312841415,0.016518060117959976,0.06043161451816559,0.06984984129667282,0.03804656118154526,,,,,,,,,,,,,,,
unknown,温,46,47,80.335,80.655,0.83935547,,0.019050180912017822,0.014648128300905228,0.05969013273715973,0.05216117948293686,0.008432694710791111,0.045838601887226105,0.05513640120625496,0.01969844661653042,0.026750031858682632,0.03155626729130745,0.06222265586256981,0.033348605036735535,0.04501257836818695,0.1080327108502388,0.015432437881827354,0.07031255215406418,0.021635107696056366,0.04803285002708435,0.08023767173290253,0.01341874897480011,0.007828413508832455,0.17205476760864258,0.01038578525185585,0.02324121631681919,0.01810174249112606,0.13539136946201324,0.11427805572748184,0.027265707030892372,0.00327799329534173,0.05351722240447998,0.015612841583788395,0.015781277790665627,0.01933775655925274,0.008332774043083191,0.05964246392250061,0.06010647490620613,0.014639154076576233,0.05783829092979431,0.31049859523773193,0.048322949558496475,0.07107923179864883,0.028237352147698402,0.0037576137110590935,0.35645806789398193,0.02767912484705448,0.07429759949445724,0.0030954238027334213,0.027211789041757584,0.027946023270487785,0.017607571557164192,0.0626438707113266,0.07760687172412872,0.039896152913570404,,,,,,,,,,,,,,,
unknown,か,48,49,80.655,80.735,0.98876953,,0.023748228326439857,0.016856087371706963,0.12251744419336319,0.03477497398853302,0.0054227448999881744,0.02850494347512722,0.043366365134716034,0.031943026930093765,0.019134685397148132,0.027089081704616547,0.09766717255115509,0.038330670446157455,0.039471276104450226,0.15261442959308624,0.014666769653558731,0.08803331851959229,0.016421914100646973,0.039139505475759506,0.06788532435894012,0.012904237024486065,0.007207401562482119,0.1306818425655365,0.00993436574935913,0.021766697987914085,0.012821936048567295,0.10678452998399734,0.09212705492973328,0.0418689101934433,0.0033990705851465464,0.040143340826034546,0.015168395824730396,0.0200952235609293,0.01696745492517948,0.009288325905799866,0.06817992031574249,0.054565854370594025,0.01394642610102892,0.06136351451277733,0.18736085295677185,0.04768235981464386,0.07269951701164246,0.024180294945836067,0.003728938288986683,0.3675949275493622,0.024511389434337616,0.07697403430938721,0.0024544233456254005,0.02579626627266407,0.024733547121286392,0.01611262932419777,0.05380001291632652,0.06879312545061111,0.035336580127477646,,,,,,,,,,,,,,,
unknown,い,50,51,80.735,81.235,0.99902344,,0.021311329677700996,0.013685966841876507,0.09321840107440948,0.05010959506034851,0.007657934911549091,0.03884928673505783,0.04377274960279465,0.02252764068543911,0.025048822164535522,0.024686548858880997,0.07189946621656418,0.033027298748493195,0.03634427860379219,0.11015667021274567,0.017388487234711647,0.08418852835893631,0.01843879558146,0.052553679794073105,0.08016980439424515,0.01557120494544506,0.010734588839113712,0.1489787995815277,0.009778715670108795,0.023061640560626984,0.01888534426689148,0.12598271667957306,0.11667421460151672,0.028842944651842117,0.0037720128893852234,0.04730401933193207,0.014193304814398289,0.01757173240184784,0.02397286891937256,0.00965197291225195,0.06443692743778229,0.059169478714466095,0.012257116846740246,0.03867119923233986,0.24489207565784454,0.06250044703483582,0.06618009507656097,0.025887370109558105,0.002916221274062991,0.3455733060836792,0.033281948417425156,0.08882005512714386,0.0028096118476241827,0.03385933116078377,0.02796153910458088,0.016917698085308075,0.06284208595752716,0.0757259801030159,0.045173529535532,,,,,,,,,,,,,,,
unknown,メ,52,53,86.134995,86.255,0.8051758,,0.014063533395528793,0.00897308625280857,0.03092011995613575,0.07059596478939056,0.0111651960760355,0.04733537510037422,0.06461469829082489,0.01550223957747221,0.02496182546019554,0.015890367329120636,0.04691879451274872,0.030684953555464745,0.035844895988702774,0.09240222722291946,0.01731294021010399,0.07197553664445877,0.014568977057933807,0.07581173628568649,0.06771943718194962,0.01350565068423748,0.008284518495202065,0.18479126691818237,0.01174326241016388,0.030440686270594597,0.017659006640315056,0.150212362408638,0.17174366116523743,0.017294635996222496,0.0023047360591590405,0.084901824593544,0.0216839462518692,0.01864490658044815,0.02503461018204689,0.010224413126707077,0.05379762873053551,0.08027489483356476,0.011386704631149769,0.025728018954396248,0.3378608226776123,0.06452808529138565,0.07112041115760803,0.04139982536435127,0.002188078360632062,0.2639797329902649,0.04933323711156845,0.09040162712335587,0.0017691886750981212,0.026073908433318138,0.0327482596039772,0.022790823131799698,0.07313855737447739,0.0843396931886673,0.07229296118021011,,,,,,,,,,,,,,,
unknown,ロ,54,55,86.255,86.41499,0.9667969,,0.023129167035222054,0.025231776759028435,0.08629987388849258,0.14100396633148193,0.008284816518425941,0.05756668746471405,0.029795698821544647,0.02730020135641098,0.03473740071058273,0.039854928851127625,0.10912983119487762,0.06543248891830444,0.07081262767314911,0.2152012139558792,0.029709214344620705,0.09989534318447113,0.03681572899222374,0.06427473574876785,0.055622171610593796,0.024450447410345078,0.0097808837890625,0.048863161355257034,0.018446145579218864,0.03181133046746254,0.02066304348409176,0.03393412381410599,0.157818004488945,0.05743185430765152,0.006010842509567738,0.09471778571605682,0.010102660395205021,0.015247526578605175,0.018664797767996788,0.006177143193781376,0.1133362203836441,0.11924633383750916,0.023485224694013596,0.12406837195158005,0.036261457949876785,0.05808396264910698,0.1299218386411667,0.020403413102030754,0.013073710724711418,0.10297165811061859,0.05255923792719841,0.10893731564283371,0.010533692315220833,0.025885339826345444,0.023972198367118835,0.03336514160037041,0.021465426310896873,0.029097672551870346,0.04771995171904564,,,,,,,,,,,,,,,
unknown,デ,56,57,86.41499,86.494995,0.47143555,,0.013368498533964157,0.010817663744091988,0.03928360342979431,0.07370466738939285,0.011366158723831177,0.09732888638973236,0.038986049592494965,0.014335214160382748,0.022030111402273178,0.06064147502183914,0.11035031080245972,0.046857159584760666,0.032306794077157974,0.14839866757392883,0.030098415911197662,0.11280875653028488,0.020046059042215347,0.07059650868177414,0.12249355763196945,0.02475786954164505,0.009762534871697426,0.07759059965610504,0.01346441637724638,0.017611272633075714,0.015706121921539307,0.04284800961613655,0.15565666556358337,0.020178304985165596,0.004205042030662298,0.09472186863422394,0.007847771048545837,0.020302515476942062,0.02212301641702652,0.0035568431485444307,0.06776411086320877,0.10028556734323502,0.010774916037917137,0.06973817944526672,0.0642751082777977,0.04765991121530533,0.14241434633731842,0.04747265204787254,0.003082125447690487,0.20199620723724365,0.04063589870929718,0.11722975969314575,0.0020601109135895967,0.02702135592699051,0.02784694917500019,0.028248853981494904,0.025967689231038094,0.08762317150831223,0.05496004968881607,,,,,,,,,,,,,,,
unknown,ー,58,59,86.494995,86.994995,0.73876953,,0.018758030608296394,0.018439771607518196,0.047728557139635086,0.09747333079576492,0.007919716648757458,0.09991969168186188,0.03092639334499836,0.016211887821555138,0.027360957115888596,0.0625075176358223,0.10180184990167618,0.04219520092010498,0.03304915130138397,0.12591134011745453,0.02502289041876793,0.09607714414596558,0.023902172222733498,0.05768502131104469,0.12494415044784546,0.025595372542738914,0.008057814091444016,0.048642273992300034,0.014154886826872826,0.01654115319252014,0.019932802766561508,0.027574045583605766,0.16688838601112366,0.023243188858032227,0.005753721110522747,0.12046921998262405,0.005824672989547253,0.018925966694951057,0.024071723222732544,0.002567725721746683,0.08757494390010834,0.11293280124664307,0.01760789379477501,0.081180639564991,0.02636706456542015,0.04202963784337044,0.13285532593727112,0.03433789685368538,0.005630353465676308,0.1446668803691864,0.036914292722940445,0.10581008344888687,0.004134081304073334,0.027938764542341232,0.030094021931290627,0.03515201434493065,0.020994246006011963,0.05565078929066658,0.03920946642756462,,,,,,,,,,,,,,,
unknown,プ,60,61,98.36703,98.486786,0.9711914,,0.010663304477930069,0.009075404144823551,0.023511510342359543,0.0772697702050209,0.010671040043234825,0.14037874341011047,0.03863542899489403,0.009182233363389969,0.03527193143963814,0.0912681519985199,0.11488089710474014,0.044854313135147095,0.048024244606494904,0.1082918792963028,0.027578694745898247,0.09622685611248016,0.012187110260128975,0.05490434169769287,0.14120325446128845,0.02593263052403927,0.007742627989500761,0.05793122202157974,0.016875147819519043,0.009492077864706516,0.02488548867404461,0.022262712940573692,0.11407164484262466,0.013497387059032917,0.0033005124423652887,0.0776527002453804,0.00561758317053318,0.020271670073270798,0.02676314488053322,0.002008320763707161,0.06072929874062538,0.0789836123585701,0.00899018906056881,0.057075053453445435,0.029201872646808624,0.037988852709531784,0.13364046812057495,0.052029963582754135,0.0025163115933537483,0.13723553717136383,0.03590809553861618,0.09923097491264343,0.0017110828775912523,0.03030264750123024,0.03276730328798294,0.031185725703835487,0.0173464547842741,0.08336522430181503,0.0422186404466629,,,,,,,,,,,,,,,
unknown,ー,62,63,98.486786,98.60654,0.99902344,,0.018878275528550148,0.020388098433613777,0.03464922308921814,0.1179221048951149,0.007655835710465908,0.10413730144500732,0.025905225425958633,0.014324032701551914,0.028105998411774635,0.06137610971927643,0.0994773805141449,0.05435964837670326,0.03768545016646385,0.12719836831092834,0.028322894126176834,0.11037153750658035,0.025194872170686722,0.05327753350138664,0.061084188520908356,0.021098434925079346,0.006778172217309475,0.026782875880599022,0.013929126784205437,0.016130143776535988,0.01777445152401924,0.013932362198829651,0.20036853849887848,0.021661723032593727,0.004581355955451727,0.14666809141635895,0.004090125672519207,0.021963948383927345,0.017174312844872475,0.0016481075435876846,0.11163688451051712,0.13149547576904297,0.0200548954308033,0.09855350852012634,0.01296327542513609,0.05071549490094185,0.14283138513565063,0.03285479173064232,0.005283313803374767,0.034165166318416595,0.031942740082740784,0.1400749236345291,0.0040893289260566235,0.0178217813372612,0.020569173619151115,0.048389825969934464,0.011461446061730385,0.04834935814142227,0.046850111335515976,,,,,,,,,,,,,,,
unknown,ル,64,65,98.60654,99.10654,0.9921875,,0.019580259919166565,0.02086794190108776,0.039203643798828125,0.0912015289068222,0.007426038850098848,0.10218790173530579,0.03281360864639282,0.015227284282445908,0.02769399806857109,0.07386725395917892,0.14930453896522522,0.07545205950737,0.04114467278122902,0.18703225255012512,0.030762678012251854,0.13050302863121033,0.03093348816037178,0.06092130392789841,0.0578276626765728,0.023005887866020203,0.006810336373746395,0.030901703983545303,0.01756078191101551,0.014494307339191437,0.013831245712935925,0.018088359385728836,0.16865164041519165,0.02698042429983616,0.005025897640734911,0.11026690900325775,0.0054010022431612015,0.02263360284268856,0.01434202678501606,0.0017370011191815138,0.13024666905403137,0.10679785907268524,0.02209627814590931,0.1057845875620842,0.015928562730550766,0.04322655498981476,0.16355563700199127,0.037687625735998154,0.007513334508985281,0.0386812686920166,0.028385208919644356,0.14450913667678833,0.005749084521085024,0.01610063575208187,0.0185420922935009,0.04114263132214546,0.014348537661135197,0.05803336575627327,0.03966236487030983,,,,,,,,,,,,,,,
unknown,ウ,66,67,104.28987,104.369705,0.99853516,,0.02031630650162697,0.01784575544297695,0.032297149300575256,0.06808575987815857,0.0152233662083745,0.16091078519821167,0.04572698101401329,0.01392421405762434,0.029984137043356895,0.07982776314020157,0.10419760644435883,0.06628526747226715,0.04348811134696007,0.17342622578144073,0.04221887141466141,0.09434515237808228,0.02029981091618538,0.05936307832598686,0.09381451457738876,0.03973868489265442,0.012254475615918636,0.05144130438566208,0.022242382168769836,0.008757781237363815,0.019049420952796936,0.026077907532453537,0.12674614787101746,0.02025999315083027,0.005803907290101051,0.0791458860039711,0.007970430888235569,0.02217809297144413,0.017897285521030426,0.002726918552070856,0.10201316326856613,0.06716006249189377,0.016886122524738312,0.10249830037355423,0.02652985043823719,0.047219809144735336,0.16350315511226654,0.03807167336344719,0.00480586476624012,0.06711789965629578,0.03330914303660393,0.10821661353111267,0.003671096172183752,0.023625608533620834,0.02553001046180725,0.03341265767812729,0.019645465537905693,0.06985148042440414,0.03894765302538872,,,,,,,,,,,,,,,
unknown,ェ,68,69,104.369705,104.489456,0.7368164,,0.012149814516305923,0.00996356550604105,0.025308428332209587,0.07131855189800262,0.013015414588153362,0.16681866347789764,0.04271712154150009,0.008792975917458534,0.03448235243558884,0.12130094319581985,0.13340827822685242,0.07579018920660019,0.03192703425884247,0.15931282937526703,0.04256001114845276,0.10448537766933441,0.018467336893081665,0.06625016033649445,0.08668821305036545,0.03566407412290573,0.011997806839644909,0.04544605687260628,0.018199095502495766,0.0065887137316167355,0.023657066747546196,0.02092117816209793,0.11357570439577103,0.015463690273463726,0.004764415789395571,0.06422567367553711,0.006564749404788017,0.01735052652657032,0.0234988983720541,0.002174644498154521,0.09626371413469315,0.05046297237277031,0.00922071561217308,0.06700781732797623,0.02277323231101036,0.04673636704683304,0.15914076566696167,0.037945784628391266,0.0027813201304525137,0.054062288254499435,0.03756408020853996,0.11581013351678848,0.002794465282931924,0.027730973437428474,0.021180488169193268,0.02588534913957119,0.015951141715049744,0.09088248759508133,0.03747524321079254,,,,,,,,,,,,,,,
unknown,デ,70,71,104.489456,104.52937,0.9926758,,0.006963202729821205,0.0057286666706204414,0.01699652709066868,0.04535479098558426,0.022078409790992737,0.2264581173658371,0.05739649385213852,0.007873395457863808,0.03944903612136841,0.07828660309314728,0.08231578767299652,0.06039956957101822,0.04165561869740486,0.1210627555847168,0.04172494262456894,0.08573342859745026,0.009821251034736633,0.0762154832482338,0.1332208663225174,0.03934254124760628,0.01610616408288479,0.07280494272708893,0.025866538286209106,0.01049076858907938,0.03717963770031929,0.01334508415311575,0.09532158821821213,0.014959519729018211,0.0029937622603029013,0.060422368347644806,0.006898667197674513,0.01662352867424488,0.03743526712059975,0.0023364578373730183,0.04145891219377518,0.0492122620344162,0.0068031977862119675,0.03566088154911995,0.029855690896511078,0.04009575769305229,0.16100145876407623,0.04798627644777298,0.002841369714587927,0.053714215755462646,0.02428528480231762,0.10087157785892487,0.003258997807279229,0.04559110105037689,0.033812668174505234,0.03106900118291378,0.007798841223120689,0.2525516152381897,0.05088283121585846,,,,,,,,,,,,,,,
unknown,ィ,72,73,104.52937,104.60921,0.9873047,,0.00939798355102539,0.008118127472698689,0.018711546435952187,0.05408341437578201,0.0255117304623127,0.2029404193162918,0.05546725168824196,0.009288782253861427,0.04304292052984238,0.06026914343237877,0.07168838381767273,0.047631341964006424,0.03915160149335861,0.10281289368867874,0.04722727835178375,0.09968848526477814,0.011545163579285145,0.07679643481969833,0.1253804713487625,0.03977802023291588,0.020688293501734734,0.07609216123819351,0.023129569366574287,0.015011944808065891,0.04741436988115311,0.016288934275507927,0.100258007645607,0.016184093430638313,0.003475966863334179,0.0657329186797142,0.00722589623183012,0.023513197898864746,0.045919567346572876,0.002890454139560461,0.03469688072800636,0.06414849311113358,0.009778928942978382,0.03391258791089058,0.035936906933784485,0.05905117094516754,0.16010992228984833,0.06287074089050293,0.003658110508695245,0.061354126781225204,0.028558431193232536,0.12796886265277863,0.00457430025562644,0.057743653655052185,0.03260893374681473,0.036474645137786865,0.009753783233463764,0.2084212601184845,0.07142627984285355,,,,,,,,,,,,,,,
unknown,ン,74,75,104.60921,104.68904,1.0,,0.008769234642386436,0.0064178048633039,0.01998947188258171,0.04539944976568222,0.0203615240752697,0.19671976566314697,0.04602677375078201,0.008644048124551773,0.03725120797753334,0.07139836996793747,0.08897188305854797,0.0675441101193428,0.0385686494410038,0.12438812851905823,0.04274934530258179,0.10663370788097382,0.012143496423959732,0.09299909323453903,0.12012772262096405,0.035949282348155975,0.016381781548261642,0.060258883982896805,0.022909756749868393,0.011392347514629364,0.03686162829399109,0.013313339091837406,0.1071571558713913,0.015724319964647293,0.0033868802711367607,0.06298352032899857,0.0058676702901721,0.020946068689227104,0.03507349267601967,0.0022110256832093,0.04561030492186546,0.051402751356363297,0.006798844784498215,0.03938743844628334,0.028471069410443306,0.05962395668029785,0.159892737865448,0.06227846443653107,0.002714649774134159,0.05034494772553444,0.026347847655415535,0.1385279893875122,0.0036460855044424534,0.04510076716542244,0.03178959712386131,0.03785780444741249,0.008232354186475277,0.17700795829296112,0.07340820878744125,,,,,,,,,,,,,,,
unknown,グ,76,77,104.68904,104.80879,0.95751953,,0.015480391681194305,0.007679167203605175,0.026141535490751266,0.059819296002388,0.025458330288529396,0.18242722749710083,0.05230647698044777,0.013853505253791809,0.040019236505031586,0.037498313933610916,0.05851401016116142,0.0522909015417099,0.03154387325048447,0.07686841487884521,0.04818287119269371,0.11410512775182724,0.009267505258321762,0.09572192281484604,0.09355386346578598,0.0399533212184906,0.026688648387789726,0.07213936001062393,0.01915435865521431,0.021736975759267807,0.04069328308105469,0.018730327486991882,0.14176777005195618,0.015468304976820946,0.003696104511618614,0.09270357340574265,0.008385663852095604,0.03955109789967537,0.02469216100871563,0.003847611602395773,0.04323058947920799,0.07079619914293289,0.005917430855333805,0.011620374396443367,0.03507072478532791,0.0718008354306221,0.13039037585258484,0.11579596251249313,0.0024756882339715958,0.03585059568285942,0.03751183673739433,0.19235935807228088,0.006102109793573618,0.03845508396625519,0.0408649817109108,0.0707242339849472,0.011486997827887535,0.17897647619247437,0.10681851208209991,,,,,,,,,,,,,,,
unknown,ド,78,79,104.80879,104.92854,0.80126953,,0.007851232774555683,0.004536567721515894,0.015336282551288605,0.0486222505569458,0.028867721557617188,0.23193515837192535,0.05113420635461807,0.007715389132499695,0.03770611807703972,0.048209741711616516,0.0711965337395668,0.05355272814631462,0.03308067098259926,0.07299785315990448,0.0462285540997982,0.11143189668655396,0.008401085622608662,0.09727340936660767,0.12625449895858765,0.03793688863515854,0.022204890847206116,0.07532776892185211,0.017270291224122047,0.013595468364655972,0.04444018006324768,0.012818568386137486,0.10297268629074097,0.010600222274661064,0.002657694509252906,0.06559523940086365,0.006749460939317942,0.028001446276903152,0.037244245409965515,0.0028942457865923643,0.03216180577874184,0.05148649960756302,0.004235727246850729,0.014489246532320976,0.03209508955478668,0.06777564436197281,0.13215313851833344,0.1075998991727829,0.0014685187488794327,0.04504438117146492,0.029395243152976036,0.17325365543365479,0.0030888323672115803,0.04804621636867523,0.04001830890774727,0.045600783079862595,0.00808617565780878,0.19415824115276337,0.10117284208536148,,,,,,,,,,,,,,,
unknown,レ,80,81,104.92854,105.08821,0.89941406,,0.007607575040310621,0.005237127188593149,0.012275312095880508,0.05276099592447281,0.031964950263500214,0.25500404834747314,0.04833004251122475,0.007686244789510965,0.04317375272512436,0.04496679827570915,0.06964224576950073,0.058679964393377304,0.03686538338661194,0.05999399349093437,0.039282459765672684,0.07524917274713516,0.008655772544443607,0.09885946661233902,0.10678257048130035,0.0349268801510334,0.017388775944709778,0.06828735768795013,0.015044588595628738,0.01130386907607317,0.042053259909152985,0.013364981859922409,0.10978483408689499,0.010185372084379196,0.0027783464174717665,0.07622458040714264,0.0067896912805736065,0.018109558150172234,0.03292860835790634,0.00290285749360919,0.04226301982998848,0.04450088366866112,0.0050410921685397625,0.011402069590985775,0.02736601047217846,0.06018298119306564,0.12010032683610916,0.06578994542360306,0.0019224858842790127,0.03279721364378929,0.033254124224185944,0.12941627204418182,0.003784558968618512,0.038984060287475586,0.047591399401426315,0.046333566308021545,0.00943623948842287,0.12443238496780396,0.07726337015628815,,,,,,,,,,,,,,,
unknown,す,82,83,105.08821,105.58821,0.69970703,,0.00889636855572462,0.006872949656099081,0.013794923201203346,0.05879092961549759,0.03724175691604614,0.27304166555404663,0.04433853551745415,0.008801467716693878,0.037323933094739914,0.046936698257923126,0.05159459635615349,0.04475955665111542,0.04156501591205597,0.0587971955537796,0.04312753304839134,0.06130508705973625,0.012319117784500122,0.08225381374359131,0.14864958822727203,0.045695867389440536,0.020192600786685944,0.0664452612400055,0.017946653068065643,0.012540205381810665,0.03589636832475662,0.011937392875552177,0.1262001097202301,0.011143175885081291,0.004246685188263655,0.10157954692840576,0.006798500195145607,0.014269509352743626,0.03391731530427933,0.0030684862285852432,0.050289008766412735,0.049337103962898254,0.006180361844599247,0.01149414200335741,0.02124352753162384,0.0513429269194603,0.11269394308328629,0.039997562766075134,0.0022701260168105364,0.04102427884936333,0.03801106661558151,0.1038355678319931,0.004347165115177631,0.03976418823003769,0.0560593418776989,0.0453861802816391,0.009211111813783646,0.09728101640939713,0.06009590998291969,,,,,,,,,,,,,,,
unknown,白,84,85,111.07571,111.355125,0.8330078,,0.01330925989896059,0.010633941739797592,0.0199766606092453,0.08255665004253387,0.031883276998996735,0.22723034024238586,0.04263677820563316,0.011984772980213165,0.054433319717645645,0.04513008892536163,0.054217901080846786,0.04593881964683533,0.056738387793302536,0.0633796751499176,0.04066123813390732,0.06269212067127228,0.012402346357703209,0.06705312430858612,0.11763720214366913,0.04293541610240936,0.01815771870315075,0.059516821056604385,0.018553031608462334,0.014882993884384632,0.04816494137048721,0.012989087030291557,0.12317953258752823,0.015914764255285263,0.005023753736168146,0.10067034512758255,0.008247369900345802,0.014197944663465023,0.02937997505068779,0.0038485517725348473,0.05988354608416557,0.05913178622722626,0.008309872820973396,0.015057917684316635,0.022997485473752022,0.06488128006458282,0.11285430192947388,0.03482183814048767,0.00377734936773777,0.03685934096574783,0.041173677891492844,0.11045265197753906,0.006958832032978535,0.04109353944659233,0.05391385033726692,0.05306326597929001,0.009657151065766811,0.051966991275548935,0.06083860248327255,,,,,,,,,,,,,,,
unknown,い,86,87,111.355125,111.855125,0.99902344,,0.009149223566055298,0.007753159385174513,0.02182021737098694,0.07516145706176758,0.02182791940867901,0.20949727296829224,0.048343461006879807,0.008981911465525627,0.06178780645132065,0.04632946103811264,0.07796569913625717,0.06348200142383575,0.06025943160057068,0.07535836845636368,0.03919500485062599,0.07873048633337021,0.010124205611646175,0.07948900014162064,0.10954577475786209,0.0428328663110733,0.01741277612745762,0.056955043226480484,0.022378411144018173,0.010865713469684124,0.05946363881230354,0.009093145839869976,0.09271853417158127,0.015620872378349304,0.0032200170680880547,0.06920939683914185,0.010113420896232128,0.012716332450509071,0.03919893503189087,0.003967911470681429,0.05493948608636856,0.041407641023397446,0.0069920397363603115,0.013500705361366272,0.01799093186855316,0.08173957467079163,0.12917260825634003,0.03779011219739914,0.0028741576243191957,0.032278452068567276,0.04002431035041809,0.12885922193527222,0.0054678102023899555,0.051624882966279984,0.04995478317141533,0.0432254783809185,0.0070172627456486225,0.0472944900393486,0.06551972031593323,,,,,,,,,,,,,,,
unknown,男,88,89,117.23802,117.73802,0.99902344,,0.005318689625710249,0.0046405852772295475,0.013424252159893513,0.06737096607685089,0.039975643157958984,0.30999401211738586,0.057403575628995895,0.005117208696901798,0.07398556172847748,0.07764086127281189,0.07145051658153534,0.06500672549009323,0.034978486597537994,0.06143437698483467,0.05922060087323189,0.04725391045212746,0.010329212993383408,0.08893706649541855,0.12182033807039261,0.05977178364992142,0.02654390223324299,0.07037195563316345,0.018154943361878395,0.005480106920003891,0.06374888867139816,0.010700353421270847,0.07851307094097137,0.01044390071183443,0.003909680061042309,0.0554831437766552,0.011839702725410461,0.007366635836660862,0.031228048726916313,0.005039755254983902,0.04429684206843376,0.023066546767950058,0.004218187183141708,0.013564768247306347,0.0241865124553442,0.05283483862876892,0.10123734176158905,0.021436423063278198,0.002337136771529913,0.03619588166475296,0.058016642928123474,0.07198449224233627,0.004771461710333824,0.05033490061759949,0.04417947679758072,0.02205413393676281,0.007520996034145355,0.048509109765291214,0.04065315052866936,,,,,,,,,,,,,,,
unknown,行,90,91,123.18648,123.34616,0.60009766,,0.006245849188417196,0.005796284880489111,0.01235339418053627,0.060656070709228516,0.06916957348585129,0.33576884865760803,0.0634525939822197,0.005907651036977768,0.07664600014686584,0.043101269751787186,0.04219777137041092,0.04534105211496353,0.0317293219268322,0.04979441314935684,0.07635311037302017,0.04496091604232788,0.01200308557599783,0.09294936060905457,0.11078209429979324,0.06936275213956833,0.039481692016124725,0.0827278420329094,0.01629350520670414,0.007934994995594025,0.069728322327137,0.010553370229899883,0.09942895174026489,0.010588763281702995,0.004092048387974501,0.07460466772317886,0.012372763827443123,0.01345131266862154,0.038675107061862946,0.006337291095405817,0.03816482424736023,0.029114510864019394,0.004906096030026674,0.010155783034861088,0.023031098768115044,0.05764229595661163,0.1003040298819542,0.023458028212189674,0.002443952951580286,0.03233680501580238,0.05973333120346069,0.08008509129285812,0.005496250465512276,0.0563725121319294,0.047831322997808456,0.027372900396585464,0.006810902152210474,0.04170956462621689,0.046970728784799576,,,,,,,,,,,,,,,
unknown,降,92,93,123.34616,123.84616,0.39624023,,0.02667412720620632,0.01724778674542904,0.04608968645334244,0.09540697932243347,0.015477982349693775,0.14930224418640137,0.018223067745566368,0.016864677891135216,0.0750572457909584,0.029313627630472183,0.08443307131528854,0.06005376577377319,0.045329537242650986,0.09836423397064209,0.05880861356854439,0.08891446143388748,0.0045418087393045425,0.06225351244211197,0.0725482627749443,0.0583023875951767,0.018244443461298943,0.020644936710596085,0.016724083572626114,0.008455933071672916,0.07231481373310089,0.00735174585133791,0.13973864912986755,0.026564860716462135,0.003595128422603011,0.06895647943019867,0.004427345469594002,0.019222956150770187,0.019354935735464096,0.0028223947156220675,0.07392601668834686,0.0471850149333477,0.009174620732665062,0.028534481301903725,0.0065923286601901054,0.12882006168365479,0.1450141966342926,0.020030830055475235,0.0039337570779025555,0.015031831339001656,0.057962268590927124,0.16082055866718292,0.006116699427366257,0.04246367886662483,0.033551186323165894,0.052174702286720276,0.005714158993214369,0.016077840700745583,0.07266462594270706,,,,,,,,,,,,,,,
unknown,小,94,95,128.89539,129.13492,0.99316406,,0.048940178006887436,0.04867074266076088,0.03936505317687988,0.1574779450893402,0.05255904048681259,0.20578573644161224,0.014944037422537804,0.02616528794169426,0.058384936302900314,0.01620408333837986,0.03737771138548851,0.050353746861219406,0.05490066483616829,0.06927470117807388,0.09845098108053207,0.033194348216056824,0.01193799078464508,0.07372307777404785,0.04306606203317642,0.10678022354841232,0.03135237097740173,0.021835196763277054,0.019107257947325706,0.010974355973303318,0.0356331504881382,0.009981255047023296,0.1906455159187317,0.035175058990716934,0.008464363403618336,0.10200821608304977,0.006724893115460873,0.012772499583661556,0.008422642014920712,0.005436904728412628,0.13425199687480927,0.055776167660951614,0.02887696772813797,0.03854992613196373,0.006691745016723871,0.08229891955852509,0.08437725156545639,0.004845542833209038,0.01493770070374012,0.008766954764723778,0.09891708195209503,0.06769471615552902,0.021629314869642258,0.020850099623203278,0.03639812767505646,0.049866463989019394,0.008578399196267128,0.006457306444644928,0.04175654053688049,,,,,,,,,,,,,,,
unknown,さ,96,97,129.13492,129.25468,0.9995117,,0.040998149663209915,0.040409162640571594,0.0367027223110199,0.15076476335525513,0.02921242080628872,0.14429472386837006,0.010348780080676079,0.024795394390821457,0.04493248090147972,0.013806799426674843,0.043334100395441055,0.069890096783638,0.058331865817308426,0.08229310065507889,0.0752142071723938,0.029940800741314888,0.011271193623542786,0.08605142682790756,0.028319722041487694,0.07480882108211517,0.018331557512283325,0.012115792371332645,0.020490368828177452,0.011276396922767162,0.023103028535842896,0.006826441735029221,0.22161105275154114,0.04016020521521568,0.0062115127220749855,0.11574260145425797,0.004445170983672142,0.01012478768825531,0.005853951442986727,0.0032713350374251604,0.1839456707239151,0.05045247822999954,0.0234982892870903,0.032112013548612595,0.0028688046149909496,0.06525782495737076,0.07762831449508667,0.004020801279693842,0.014998778700828552,0.003990945406258106,0.07388465106487274,0.06436764448881149,0.024255899712443352,0.0135074807330966,0.028829440474510193,0.05292077735066414,0.006827725563198328,0.004773139487951994,0.04175136983394623,,,,,,,,,,,,,,,
unknown,い,98,99,129.25468,129.75468,0.99902344,,0.050864432007074356,0.0561368353664875,0.040024008601903915,0.1714872270822525,0.030225927010178566,0.16752760112285614,0.011157268658280373,0.030547378584742546,0.057000257074832916,0.017601029947400093,0.04054238274693489,0.053542912006378174,0.0620243139564991,0.0773196816444397,0.07712835818529129,0.03654506057500839,0.010388174094259739,0.07133489102125168,0.03842932730913162,0.08525528013706207,0.020063892006874084,0.013568050228059292,0.022238558158278465,0.013922581449151039,0.03325840085744858,0.008071867749094963,0.24376754462718964,0.04368637874722481,0.007349985186010599,0.13870704174041748,0.004181451164186001,0.0132009107619524,0.008653764612972736,0.0030606593936681747,0.16683001816272736,0.06991472840309143,0.033078450709581375,0.03468065708875656,0.003475483041256666,0.07772820442914963,0.08758555352687836,0.004892726894468069,0.018161974847316742,0.005343880504369736,0.07875234633684158,0.07208893448114395,0.025833331048488617,0.018349027261137962,0.034388404339551926,0.06691743433475494,0.007972539402544498,0.007158635649830103,0.0439923033118248,,,,,,,,,,,,,,,
unknown,発,100,101,135.145,135.425,0.9995117,,0.09137093275785446,0.10512430965900421,0.07802774012088776,0.20471996068954468,0.01965012028813362,0.10831773281097412,0.005954040680080652,0.04699389263987541,0.03812530264258385,0.016688456758856773,0.050367508083581924,0.04720824584364891,0.0380256362259388,0.07495790719985962,0.06754688173532486,0.04678749293088913,0.026694150641560555,0.0596066452562809,0.0288796816021204,0.06511494517326355,0.017465749755501747,0.007765600457787514,0.01118768285959959,0.02621159330010414,0.02020714432001114,0.010849093087017536,0.3172708749771118,0.07590911537408829,0.013867483474314213,0.16790974140167236,0.001986155519261956,0.012094270437955856,0.005186234600841999,0.002292993478477001,0.24754391610622406,0.09372393041849136,0.05230218544602394,0.04509050026535988,0.0027647840324789286,0.05732955411076546,0.06444019079208374,0.004951330367475748,0.041647303849458694,0.004127005580812693,0.05403395742177963,0.1027192696928978,0.08570653945207596,0.012182899750769138,0.022859305143356323,0.06989724934101105,0.011931898072361946,0.005481894128024578,0.039037834852933884,,,,,,,,,,,,,,,
unknown,見,102,103,135.425,135.925,0.99902344,,0.05336405336856842,0.04702862352132797,0.05169990658760071,0.15383301675319672,0.05972866341471672,0.28076666593551636,0.008172263391315937,0.024856122210621834,0.06281283497810364,0.03378791734576225,0.03326563537120819,0.029801715165376663,0.04904184862971306,0.06284836679697037,0.16587410867214203,0.02327839843928814,0.014752001501619816,0.045108187943696976,0.09663859009742737,0.21892553567886353,0.060893744230270386,0.016183150932192802,0.020969541743397713,0.007412570994347334,0.035323988646268845,0.014400467276573181,0.16126778721809387,0.03322051838040352,0.02343827113509178,0.07137257605791092,0.002899509621784091,0.00797397829592228,0.008410712704062462,0.004216636996716261,0.13396906852722168,0.03871120885014534,0.01980806514620781,0.030724933370947838,0.005562918726354837,0.038815539330244064,0.06086026132106781,0.002461721422150731,0.013889679685235023,0.014601700007915497,0.12448278814554214,0.0392276793718338,0.026798011735081673,0.028276976197957993,0.04087527096271515,0.02880239672958851,0.015295890159904957,0.00820525735616684,0.019960742443799973,,,,,,,,,,,,,,,
unknown,汚,104,105,140.425,140.545,0.058624268,,0.06996022909879684,0.06077982485294342,0.1075744479894638,0.1861381232738495,0.025614192709326744,0.1418013870716095,0.008402764797210693,0.03436565026640892,0.05876225233078003,0.01654321514070034,0.047984641045331955,0.04042166471481323,0.041654229164123535,0.0736503005027771,0.10621975362300873,0.03479844704270363,0.015488514676690102,0.050827525556087494,0.0526544526219368,0.13404002785682678,0.04696252569556236,0.011955626308918,0.01672964356839657,0.013625468127429485,0.03517823666334152,0.01530816126614809,0.21577079594135284,0.04641930013895035,0.01809246838092804,0.10808860510587692,0.003199695609509945,0.012465725652873516,0.007987606339156628,0.004809959791600704,0.18042516708374023,0.06617239117622375,0.02629171498119831,0.031232573091983795,0.003812852781265974,0.05703587085008621,0.07792805880308151,0.004727805964648724,0.0217966977506876,0.008683820255100727,0.11176882684230804,0.0718221589922905,0.049624040722846985,0.0258566252887249,0.03287767991423607,0.04941009357571602,0.017190681770443916,0.004378664772957563,0.030628062784671783,,,,,,,,,,,,,,,
unknown,れ,106,107,140.545,141.045,0.9995117,,0.07762198150157928,0.0827537328004837,0.14205439388751984,0.20552611351013184,0.009410631842911243,0.0760698914527893,0.005353597458451986,0.035497035831213,0.0524531714618206,0.024010363966226578,0.06234057992696762,0.04105653613805771,0.057699430733919144,0.08204467594623566,0.060489945113658905,0.0417642705142498,0.03605683520436287,0.038598764687776566,0.03405628725886345,0.06691834330558777,0.01939374767243862,0.006171798799186945,0.015666039660573006,0.016761595383286476,0.018431399017572403,0.010932773351669312,0.2774491012096405,0.05752917751669884,0.019389118999242783,0.14482316374778748,0.0017453349428251386,0.011182256042957306,0.00509554473683238,0.0021204890217632055,0.3051399290561676,0.09649734199047089,0.03824823349714279,0.04340828210115433,0.002161485841497779,0.04268944635987282,0.06529514491558075,0.003271512920036912,0.030531471595168114,0.006087563931941986,0.08132168650627136,0.07562390714883804,0.06133463978767395,0.013464258052408695,0.022075118497014046,0.05663207918405533,0.014483241364359856,0.002935917116701603,0.02155795320868492,,,,,,,,,,,,,,,
unknown,た,108,109,147.23972,147.73972,0.7089844,,0.07917333394289017,0.09305118024349213,0.1603751927614212,0.25294753909111023,0.009958240203559399,0.07069361954927444,0.00473299203440547,0.0414508692920208,0.055991727858781815,0.01856408827006817,0.05567103624343872,0.033027827739715576,0.05097281560301781,0.08150401711463928,0.06470191478729248,0.036488596349954605,0.04336906224489212,0.030895138159394264,0.034561704844236374,0.08189834654331207,0.028986264020204544,0.0063826641999185085,0.015052739530801773,0.022984376177191734,0.022504117339849472,0.015583368949592113,0.25617140531539917,0.0705917477607727,0.02315993420779705,0.13530316948890686,0.001710386830382049,0.008022289723157883,0.006067044101655483,0.003127538599073887,0.3332265019416809,0.09656183421611786,0.04678202047944069,0.043371036648750305,0.002302698325365782,0.03199755400419235,0.06911176443099976,0.002945300191640854,0.05310449376702309,0.006077965255826712,0.07445096969604492,0.07027968019247055,0.14386922121047974,0.016489213332533836,0.028823982924222946,0.06537742167711258,0.01949681155383587,0.002948884852230549,0.017039068043231964,,,,,,,,,,,,,,,
unknown,人,110,111,154.11504,154.61504,0.7651367,,0.02507186494767666,0.046675462275743484,0.06861003488302231,0.12955963611602783,0.014507940039038658,0.10576851665973663,0.009895749390125275,0.011568235233426094,0.06096355989575386,0.0441744364798069,0.0882415696978569,0.04685385525226593,0.02984389290213585,0.05355305224657059,0.06500405818223953,0.04951102286577225,0.034677937626838684,0.06529348343610764,0.02452378161251545,0.05760809779167175,0.01993781514465809,0.010326596908271313,0.01094642374664545,0.01294567622244358,0.01608007401227951,0.01350310631096363,0.27521902322769165,0.030811693519353867,0.0073074339888989925,0.13862264156341553,0.002332754898816347,0.013027848675847054,0.007371885702013969,0.0018500105943530798,0.22921884059906006,0.07865588366985321,0.045573700219392776,0.022407036274671555,0.0029129572212696075,0.03458966687321663,0.03808574005961418,0.004143520258367062,0.02706555277109146,0.006316229235380888,0.06668166071176529,0.06620103865861893,0.05008109286427498,0.012438456527888775,0.013139125891029835,0.023595664650201797,0.016347814351320267,0.00856090895831585,0.0177967119961977,,,,,,,,,,,,,,,
unknown,痛,112,113,158.15228,158.31218,0.9838867,,0.043805986642837524,0.055102623999118805,0.08098122477531433,0.1492968499660492,0.021699383854866028,0.10772620886564255,0.008728712797164917,0.016879664734005928,0.0524563305079937,0.031427446752786636,0.06390458345413208,0.04960034415125847,0.04062598943710327,0.051608163863420486,0.06448890268802643,0.05342396721243858,0.03800775855779648,0.08865877240896225,0.030814411118626595,0.051933277398347855,0.01971733756363392,0.013780022040009499,0.0100896330550313,0.016423383727669716,0.019785353913903236,0.015530530363321304,0.31953296065330505,0.031116727739572525,0.009544351138174534,0.14850746095180511,0.002721279626712203,0.01916971616446972,0.00935401488095522,0.0026610316708683968,0.21067456901073456,0.10006681829690933,0.04034736752510071,0.030505742877721786,0.006705086678266525,0.07143034785985947,0.041639361530542374,0.004343003965914249,0.014199786819517612,0.009338443167507648,0.07605352252721786,0.08628048747777939,0.023992430418729782,0.015704942867159843,0.016022585332393646,0.030344894155859947,0.016909703612327576,0.007718457840383053,0.03694557026028633,,,,,,,,,,,,,,,
unknown,い,114,115,158.31218,158.81218,0.9819336,,0.04144939407706261,0.051364850252866745,0.08752685785293579,0.14450645446777344,0.015839731320738792,0.09336841851472855,0.007345694582909346,0.017609598115086555,0.05739777907729149,0.04064830765128136,0.07827994227409363,0.05155497044324875,0.05001356825232506,0.05937725305557251,0.06118511036038399,0.06043599918484688,0.03389745578169823,0.07796525955200195,0.029540125280618668,0.04918613284826279,0.017281578853726387,0.010915915481746197,0.012001732364296913,0.01882903091609478,0.017800599336624146,0.013055001385509968,0.2982371747493744,0.036923848092556,0.009350894019007683,0.13798491656780243,0.002163478173315525,0.01624208688735962,0.008324654772877693,0.0020098681561648846,0.2104032188653946,0.10652171075344086,0.03867097198963165,0.02440236136317253,0.0056351241655647755,0.06268167495727539,0.0427870973944664,0.004140759352594614,0.017525900155305862,0.008357357233762741,0.07028350234031677,0.08828090876340866,0.030905233696103096,0.015074197202920914,0.015436219982802868,0.030262529850006104,0.014187388122081757,0.009668134152889252,0.03350111469626427,,,,,,,,,,,,,,,
unknown,病,116,117,164.84071,165.12035,0.58154297,,0.030935171991586685,0.034728966653347015,0.04440997168421745,0.1632857322692871,0.009779010899364948,0.09523150324821472,0.010966802015900612,0.015288397669792175,0.08265073597431183,0.05161150544881821,0.10501191765069962,0.06285335123538971,0.06455015391111374,0.07949382811784744,0.04347625747323036,0.05122271552681923,0.026621902361512184,0.06376715749502182,0.0314481221139431,0.034933190792798996,0.011948714964091778,0.011335620656609535,0.017375074326992035,0.01108150277286768,0.024743421003222466,0.0168781615793705,0.26045727729797363,0.026993971318006516,0.00737224705517292,0.13385002315044403,0.002597017679363489,0.01978546567261219,0.011254977434873581,0.0016278615221381187,0.29328128695487976,0.08856091648340225,0.03017576038837433,0.02659783512353897,0.004843878094106913,0.03714999556541443,0.0616820827126503,0.006989964284002781,0.016544651240110397,0.007613907568156719,0.07971760630607605,0.07318679243326187,0.025412367656826973,0.015246454626321793,0.02134566567838192,0.05260206758975983,0.020788826048374176,0.013669104315340519,0.022800203412771225,,,,,,,,,,,,,,,
unknown,院,118,119,165.12035,165.62035,0.96533203,,0.01722041331231594,0.013851906172931194,0.022182488813996315,0.15208813548088074,0.04638812318444252,0.16855508089065552,0.017761724069714546,0.010578664019703865,0.07153794914484024,0.0243486687541008,0.044673189520835876,0.03427072986960411,0.04965687170624733,0.0826626792550087,0.13772647082805634,0.016902625560760498,0.014303759671747684,0.038049064576625824,0.08288539946079254,0.16978825628757477,0.10476543754339218,0.038292642682790756,0.026602687314152718,0.005167900584638119,0.04450639337301254,0.062060244381427765,0.06510546058416367,0.01589731127023697,0.008982984349131584,0.02877536416053772,0.008479448966681957,0.005961941089481115,0.019628088921308517,0.014920256100594997,0.1380377560853958,0.017908412963151932,0.014851496554911137,0.020746784284710884,0.020637817680835724,0.01773225888609886,0.0681208148598671,0.0046888962388038635,0.010538765229284763,0.02690671756863594,0.15271763503551483,0.028778476640582085,0.0313851572573185,0.046888962388038635,0.05052660033106804,0.019029797986149788,0.06069207936525345,0.01557817030698061,0.012430581264197826,,,,,,,,,,,,,,,
unknown,手,120,121,170.9129,171.0727,0.9970703,,0.025100110098719597,0.019463980570435524,0.030043140053749084,0.1591690629720688,0.052119363099336624,0.1652403175830841,0.01111129205673933,0.01211941335350275,0.0667027086019516,0.02176256664097309,0.03652675077319145,0.024000341072678566,0.041498471051454544,0.06544281542301178,0.15563248097896576,0.017464032396674156,0.012794466689229012,0.03704391047358513,0.09329605847597122,0.17142002284526825,0.09572307765483856,0.029699919745326042,0.019940992817282677,0.005571226589381695,0.038068171590566635,0.07731366902589798,0.08730717748403549,0.015366030856966972,0.01360790804028511,0.035356149077415466,0.005040261894464493,0.0067755659110844135,0.016109254211187363,0.01132737286388874,0.13499951362609863,0.026117073372006416,0.018282877281308174,0.02112266980111599,0.022729674354195595,0.025370078161358833,0.05545652285218239,0.003372267121449113,0.01045798510313034,0.03389347344636917,0.17186202108860016,0.029871998354792595,0.023068159818649292,0.04325013607740402,0.04512842744588852,0.017928969115018845,0.0753365010023117,0.008458981290459633,0.014567531645298004,,,,,,,,,,,,,,,
unknown,袋,122,123,171.0727,171.5727,0.99853516,,0.03425624966621399,0.017010746523737907,0.02640260010957718,0.16059273481369019,0.04373221471905708,0.13095837831497192,0.010359222069382668,0.013115567155182362,0.04507853835821152,0.013858077116310596,0.03234987333416939,0.02686331421136856,0.03404327854514122,0.05445980280637741,0.12150060385465622,0.018110135570168495,0.011814415454864502,0.04491953179240227,0.058316342532634735,0.11733632534742355,0.06080862507224083,0.023973220959305763,0.016455717384815216,0.005072702653706074,0.021190565079450607,0.0786609798669815,0.13914692401885986,0.011248121038079262,0.01171199418604374,0.05062120780348778,0.004979586228728294,0.009647127240896225,0.008617449551820755,0.009046330116689205,0.1952490210533142,0.02528342418372631,0.011498956941068172,0.013078336603939533,0.018209991976618767,0.029060611501336098,0.044994570314884186,0.004368778318166733,0.00430170027539134,0.01622299663722515,0.20389162003993988,0.039945702999830246,0.011710142716765404,0.021326085552573204,0.04189905524253845,0.025447336956858635,0.08683949708938599,0.006574578583240509,0.020622272044420242,,,,,,,,,,,,,,,
unknown,そ,124,125,177.48,177.64,0.99609375,,0.03444445878267288,0.017183581367135048,0.029631728306412697,0.12661324441432953,0.06178686395287514,0.13950252532958984,0.013583647087216377,0.01482479739934206,0.03918849676847458,0.00950747262686491,0.03319516032934189,0.029414864256978035,0.04288381710648537,0.06778344511985779,0.15377004444599152,0.018179479986429214,0.011147217825055122,0.053768135607242584,0.06292471289634705,0.15500716865062714,0.08749321848154068,0.03439747169613838,0.01886230707168579,0.005572116933763027,0.018874386325478554,0.10972713679075241,0.11097832024097443,0.013305509462952614,0.010861230082809925,0.03690611943602562,0.007129130885004997,0.011095150373876095,0.010685695335268974,0.015035213902592659,0.17178812623023987,0.020777888596057892,0.012209203094244003,0.010292996652424335,0.024095948785543442,0.02925901673734188,0.044041167944669724,0.00518766837194562,0.004262510221451521,0.021647859364748,0.18002921342849731,0.03884487971663475,0.011380517855286598,0.025415057316422462,0.045946452766656876,0.01967562921345234,0.11418289691209793,0.006809076759964228,0.0216362364590168,,,,,,,,,,,,,,,
unknown,の,126,127,177.64,177.76,0.99658203,,0.046290889382362366,0.03155134990811348,0.044644955545663834,0.17723478376865387,0.04064953699707985,0.12017644196748734,0.013553556986153126,0.01842997968196869,0.04248407483100891,0.014749694615602493,0.0339343436062336,0.02932894602417946,0.03467516601085663,0.05033319070935249,0.10049896687269211,0.02422032691538334,0.021242482587695122,0.050932787358760834,0.05688025802373886,0.10342110693454742,0.05999719351530075,0.03241393715143204,0.013240765780210495,0.011372598819434643,0.022793322801589966,0.08992266654968262,0.17191752791404724,0.02001039683818817,0.011072294786572456,0.06917876750230789,0.00623274827376008,0.013620138168334961,0.010971399955451488,0.011484848335385323,0.1709250807762146,0.042326293885707855,0.022258741781115532,0.017796648666262627,0.02465851604938507,0.02941102162003517,0.04450257495045662,0.006680544465780258,0.008783307857811451,0.019630828872323036,0.13879992067813873,0.05421094968914986,0.023466773331165314,0.023403726518154144,0.03683482110500336,0.026661815121769905,0.09253635257482529,0.00837576761841774,0.0248448196798563,,,,,,,,,,,,,,,
unknown,人,128,129,177.76,177.95999,0.984375,,0.04395971819758415,0.03668726980686188,0.05850839614868164,0.14282725751399994,0.018679914996027946,0.09756725281476974,0.015904715284705162,0.017939306795597076,0.03867859020829201,0.024128759279847145,0.05679681897163391,0.03629729151725769,0.025280429050326347,0.052085671573877335,0.0583576001226902,0.04134947061538696,0.025027651339769363,0.05760218948125839,0.056325893849134445,0.05832860618829727,0.02963017113506794,0.031618986278772354,0.009666104800999165,0.013141943141818047,0.020799042657017708,0.0827752873301506,0.20181764662265778,0.022438259795308113,0.00860045850276947,0.08448109775781631,0.004994522780179977,0.019835665822029114,0.012436000630259514,0.005882056895643473,0.1585523933172226,0.05733974277973175,0.029141727834939957,0.02127942070364952,0.02439849264919758,0.034915681928396225,0.04643193632364273,0.010852120816707611,0.009351393207907677,0.0243355892598629,0.08957359939813614,0.07697679847478867,0.020581688731908798,0.020879320800304413,0.023549029603600502,0.025122782215476036,0.08724351972341537,0.01593330316245556,0.027166906744241714,,,,,,,,,,,,,,,
unknown,の,130,131,177.95999,178.31999,0.77978516,,0.03108723647892475,0.030298452824354172,0.041831571608781815,0.13210445642471313,0.01313986536115408,0.07592654228210449,0.03270752727985382,0.014003714546561241,0.055438198149204254,0.03185596689581871,0.0915161743760109,0.04918231442570686,0.030051982030272484,0.049612902104854584,0.03953731060028076,0.05372477322816849,0.018522998318076134,0.06986911594867706,0.03060462325811386,0.032475244253873825,0.014993840828537941,0.04321333393454552,0.01191970519721508,0.01279797125607729,0.0215668473392725,0.08000405877828598,0.2013511061668396,0.020017603412270546,0.004432163201272488,0.0902695506811142,0.011508656665682793,0.022270603105425835,0.010978481732308865,0.005965623073279858,0.15378081798553467,0.06783294677734375,0.03271761164069176,0.014933262020349503,0.03361921384930611,0.040185414254665375,0.04094704985618591,0.014681939035654068,0.008954095654189587,0.020545611158013344,0.08657877147197723,0.07740594446659088,0.013063662685453892,0.01659044250845909,0.01851518452167511,0.023406904190778732,0.0823567733168602,0.023718902841210365,0.02834414504468441,,,,,,,,,,,,,,,
unknown,考,132,133,178.31999,178.44,0.9975586,,0.016121452674269676,0.01647714525461197,0.025509752333164215,0.17069047689437866,0.018499718979001045,0.10418635606765747,0.014650639146566391,0.01124105229973793,0.0466182641685009,0.03571882098913193,0.09807907044887543,0.043777912855148315,0.05443043261766434,0.0883229449391365,0.05904286727309227,0.05981830134987831,0.044632311910390854,0.04573271796107292,0.0344032347202301,0.04516075178980827,0.021187447011470795,0.018575234338641167,0.01636381261050701,0.01732880063354969,0.015120139345526695,0.022593948990106583,0.14144204556941986,0.02293945848941803,0.006669946014881134,0.08491960167884827,0.00460318336263299,0.011284632608294487,0.008744828402996063,0.0038266589399427176,0.1926499307155609,0.059339433908462524,0.019190220162272453,0.02007395029067993,0.012661865912377834,0.025769105181097984,0.06035974249243736,0.014522474259138107,0.014151852577924728,0.009040112607181072,0.11942724138498306,0.09952494502067566,0.037912558764219284,0.013273270800709724,0.02644699066877365,0.04111510142683983,0.023426391184329987,0.01540436316281557,0.02780894562602043,,,,,,,,,,,,,,,
unknown,え,134,135,178.44,178.56,0.99853516,,0.029747413471341133,0.022658729925751686,0.018025781959295273,0.17548437416553497,0.0379520021378994,0.17502287030220032,0.015423785895109177,0.016192419454455376,0.05020781233906746,0.033810921013355255,0.041666895151138306,0.034824494272470474,0.04687923192977905,0.05173845589160919,0.08825088292360306,0.02885991521179676,0.00923841167241335,0.0568828321993351,0.037850283086299896,0.06586335599422455,0.03043045662343502,0.032948922365903854,0.014839314855635166,0.009139636531472206,0.0276012122631073,0.034481365233659744,0.11367694288492203,0.018878310918807983,0.006230683531612158,0.04554359242320061,0.00502551905810833,0.02079014480113983,0.010910865850746632,0.004519146867096424,0.07425034046173096,0.04238239675760269,0.020622776821255684,0.013038151897490025,0.01956910453736782,0.036557551473379135,0.048386409878730774,0.009169859811663628,0.006951117422431707,0.012960763648152351,0.22495783865451813,0.04665500670671463,0.011967371217906475,0.021872056648135185,0.02131456881761551,0.022415919229388237,0.03423690423369408,0.06329122930765152,0.029783282428979874,,,,,,,,,,,,,,,
unknown,方,136,137,178.56,179.06,0.9951172,,0.04358043894171715,0.033756788820028305,0.02720416523516178,0.21741501986980438,0.039300963282585144,0.12355922162532806,0.008375483565032482,0.023578278720378876,0.03777596727013588,0.015748873353004456,0.034221258014440536,0.03304252400994301,0.041075848042964935,0.04493650794029236,0.09821294993162155,0.038937970995903015,0.010624231770634651,0.07349101454019547,0.02394225262105465,0.06696613878011703,0.031453926116228104,0.016971614211797714,0.011965402401983738,0.019940828904509544,0.018416594713926315,0.02151118963956833,0.19695945084095,0.025945261120796204,0.0072615123353898525,0.09743493795394897,0.0036302136722952127,0.017308654263615608,0.006092903669923544,0.004641165025532246,0.10694198310375214,0.07444354146718979,0.026253782212734222,0.011038203723728657,0.010129973292350769,0.07502424716949463,0.04444810375571251,0.008044510148465633,0.009857453405857086,0.006361044943332672,0.18567071855068207,0.08311892300844193,0.021727796643972397,0.01470043696463108,0.023982470855116844,0.0420430526137352,0.02161545492708683,0.013717327266931534,0.05957091972231865,,,,,,,,,,,,,,,
unknown,壁,138,139,183.04,183.54,0.8847656,,0.027211815118789673,0.017019521445035934,0.033619802445173264,0.055811453610658646,0.048237692564725876,0.139494389295578,0.010987404733896255,0.01568097062408924,0.036041729152202606,0.02196417562663555,0.1413581371307373,0.032596949487924576,0.028560558333992958,0.08839880675077438,0.12734076380729675,0.06426897644996643,0.008314371109008789,0.037034470587968826,0.0772152692079544,0.1305702179670334,0.055350903421640396,0.02433384209871292,0.011684425175189972,0.006211316678673029,0.01610005460679531,0.05039513483643532,0.06624909490346909,0.01624651625752449,0.007274505216628313,0.030111324042081833,0.004659412894397974,0.035490065813064575,0.010056523606181145,0.007587322033941746,0.13426031172275543,0.03389730677008629,0.014772843569517136,0.03483721241354942,0.017067084088921547,0.025956986472010612,0.06465145200490952,0.02637767791748047,0.007885703817009926,0.03376501798629761,0.08092378079891205,0.08195308595895767,0.012171229347586632,0.023057114332914352,0.03809130936861038,0.027865786105394363,0.05411479249596596,0.013367499224841595,0.029410742223262787,,,,,,,,,,,,,,,
unknown,森,140,141,188.0,188.5,0.5834961,,0.03640960529446602,0.019640998914837837,0.03603680059313774,0.08209014683961868,0.013887099921703339,0.06832128763198853,0.007949895225465298,0.017407754436135292,0.04086953029036522,0.03517856448888779,0.1506630927324295,0.042323097586631775,0.030725089833140373,0.06320971250534058,0.06307972967624664,0.05543094873428345,0.008234405890107155,0.027735088020563126,0.031146220862865448,0.05971786752343178,0.02410295233130455,0.01220625825226307,0.010225357487797737,0.005804461892694235,0.013339797034859657,0.021247006952762604,0.10140691697597504,0.018523501232266426,0.004214041866362095,0.04536375403404236,0.003996896091848612,0.021830542013049126,0.004067591857165098,0.004362838342785835,0.2000158429145813,0.034454915672540665,0.011913267895579338,0.030038919299840927,0.006281636189669371,0.020736629143357277,0.060244232416152954,0.016517717391252518,0.006133262533694506,0.009107102639973164,0.07994894683361053,0.07969217747449875,0.013432268053293228,0.011454451829195023,0.02695317193865776,0.041283875703811646,0.026737473905086517,0.012624719180166721,0.023770978674292564,,,,,,,,,,,,,,,
unknown,個,142,143,195.21031,195.33023,0.7871094,,0.03855719044804573,0.017630062997341156,0.045399259775877,0.07413417845964432,0.015778424218297005,0.07936225086450577,0.019766373559832573,0.02582170069217682,0.0389406681060791,0.054239124059677124,0.0925038754940033,0.05006479099392891,0.046547356992959976,0.05349993333220482,0.04974381998181343,0.06618639826774597,0.014121809042990208,0.02827019989490509,0.0635301023721695,0.05258592590689659,0.032549720257520676,0.031774576753377914,0.011660924181342125,0.015222662128508091,0.01608734391629696,0.01596660539507866,0.12774914503097534,0.02809222973883152,0.0035821094643324614,0.09287523478269577,0.010680385865271091,0.027660297229886055,0.004056279081851244,0.010862595401704311,0.15258608758449554,0.0425676666200161,0.008790764957666397,0.024364126846194267,0.014844236895442009,0.017481934279203415,0.057369109243154526,0.0378623902797699,0.0050802635960280895,0.018005799502134323,0.06013083830475807,0.1169472336769104,0.017077786847949028,0.013842763379216194,0.05462188646197319,0.06652935594320297,0.014388687908649445,0.026476813480257988,0.03560173511505127,,,,,,,,,,,,,,,
unknown,性,144,145,195.33023,195.83023,0.9013672,,0.023209314793348312,0.009984659031033516,0.02600923739373684,0.06693629175424576,0.015273598954081535,0.1043236181139946,0.015274938195943832,0.01624373346567154,0.024679629132151604,0.09226958453655243,0.12814152240753174,0.06626603752374649,0.03228497505187988,0.07437635213136673,0.048634566366672516,0.09891090542078018,0.01284980121999979,0.04804082587361336,0.07678893208503723,0.045621607452631,0.02068074233829975,0.02687414363026619,0.01223976630717516,0.011872876435518265,0.012526782229542732,0.013987157493829727,0.12825018167495728,0.01911664567887783,0.003171290270984173,0.07887420058250427,0.006068001501262188,0.018502097576856613,0.0053842817433178425,0.004442077130079269,0.124018594622612,0.04370162636041641,0.006449336651712656,0.03069988451898098,0.016965042799711227,0.030474724248051643,0.08018717914819717,0.0415530800819397,0.0027117994613945484,0.021999051794409752,0.04621623083949089,0.14930450916290283,0.007112861145287752,0.013917204923927784,0.03930561989545822,0.050090499222278595,0.012045631185173988,0.05579257383942604,0.05544155836105347,,,,,,,,,,,,,,,
unknown,波,146,147,200.88599,201.38599,0.9213867,,0.051336441189050674,0.025085698813199997,0.044071875512599945,0.07016795873641968,0.008240691386163235,0.056080613285303116,0.007261963561177254,0.03366023302078247,0.023726319894194603,0.06264176964759827,0.125303253531456,0.02579161338508129,0.02388198859989643,0.049274563789367676,0.031161125749349594,0.1104784831404686,0.014924507588148117,0.01659161038696766,0.058135658502578735,0.026703009381890297,0.011784691363573074,0.015598030760884285,0.006192959379404783,0.020257869735360146,0.009595432318747044,0.021219877526164055,0.14180400967597961,0.027879342436790466,0.005097515415400267,0.09050308912992477,0.00269686128012836,0.02533068135380745,0.003075825981795788,0.0029180701822042465,0.135415717959404,0.07644820213317871,0.013491928577423096,0.032653916627168655,0.016777411103248596,0.0237186998128891,0.06798534840345383,0.03894420340657234,0.006956677418202162,0.021313482895493507,0.03714609146118164,0.16089116036891937,0.016067082062363625,0.009040596894919872,0.040602974593639374,0.0867701917886734,0.01991661824285984,0.026514191180467606,0.03853563219308853,,,,,,,,,,,,,,,
unknown,選,148,149,207.452,207.73158,0.66552734,,0.02593832276761532,0.01305815577507019,0.020327012985944748,0.07979527860879898,0.013061238452792168,0.09578335285186768,0.01217813603579998,0.01601489633321762,0.029400479048490524,0.08704391121864319,0.11953943222761154,0.030104881152510643,0.02604988031089306,0.04402092471718788,0.04121667146682739,0.11854630708694458,0.011384743265807629,0.03069511614739895,0.08285723626613617,0.03416040539741516,0.014597033150494099,0.02581193298101425,0.008848275989294052,0.016168266534805298,0.014015760272741318,0.020529361441731453,0.13013653457164764,0.015509792603552341,0.003478295635432005,0.07936021685600281,0.0037247443106025457,0.025732286274433136,0.007153297774493694,0.0027261595241725445,0.08078135550022125,0.06561688333749771,0.010521534830331802,0.017607856541872025,0.026719748973846436,0.03409262374043465,0.05994293838739395,0.04739244654774666,0.0031038597226142883,0.02765483781695366,0.06244312971830368,0.15774771571159363,0.006701926235109568,0.015225808136165142,0.034834012389183044,0.047169629484415054,0.019273880869150162,0.08544427901506424,0.05486174300312996,,,,,,,,,,,,,,,
unknown,択,150,151,207.73158,208.23158,0.76708984,,0.04574212804436684,0.020778728649020195,0.027014583349227905,0.08350957930088043,0.012765747494995594,0.0720612108707428,0.010149235837161541,0.03153795748949051,0.019185731187462807,0.05224541574716568,0.09304588288068771,0.040197890251874924,0.030528930947184563,0.05615443363785744,0.03631274402141571,0.1015707403421402,0.011471996083855629,0.03746269643306732,0.06112935394048691,0.029546290636062622,0.012571239843964577,0.021758537739515305,0.008755503222346306,0.023005275055766106,0.009639007039368153,0.022113829851150513,0.17156018316745758,0.024111289530992508,0.003922611940652132,0.11391795426607132,0.0038845462258905172,0.02703852206468582,0.004791311454027891,0.0034997123293578625,0.11289187520742416,0.07938225567340851,0.013549666851758957,0.02821243740618229,0.022504646331071854,0.04245064780116081,0.06802212446928024,0.04441705718636513,0.004177679307758808,0.021587742492556572,0.050891947001218796,0.16091729700565338,0.007872684858739376,0.010788150131702423,0.040900666266679764,0.0774097740650177,0.020467456430196762,0.05061765015125275,0.07394784688949585,,,,,,,,,,,,,,,
unknown,感,152,153,212.56422,212.8438,0.9819336,,0.018772240728139877,0.013296251185238361,0.020422793924808502,0.07265853136777878,0.0187298022210598,0.11728978157043457,0.02219848334789276,0.016102716326713562,0.021880438551306725,0.07564078271389008,0.09844774007797241,0.06223497912287712,0.03984721377491951,0.06723764538764954,0.034277234226465225,0.1025131344795227,0.022653372958302498,0.06677833199501038,0.07643826305866241,0.026019984856247902,0.009622655808925629,0.0370287150144577,0.011341274715960026,0.026411129161715508,0.00942203402519226,0.02242092974483967,0.19780714809894562,0.021323418244719505,0.0036184261552989483,0.15367482602596283,0.006150212604552507,0.02216174267232418,0.006993262562900782,0.0033775835763663054,0.11605902016162872,0.08113093674182892,0.012433156371116638,0.031093847006559372,0.036066826432943344,0.03703628107905388,0.06120605394244194,0.0519355908036232,0.005000896751880646,0.027736077085137367,0.03549438714981079,0.15177862346172333,0.008977544493973255,0.01044394914060831,0.038770586252212524,0.05229517072439194,0.017920982092618942,0.06786751747131348,0.07387977093458176,,,,,,,,,,,,,,,
unknown,情,154,155,212.8438,213.3438,0.9819336,,0.022617164999246597,0.012279510498046875,0.01953749544918537,0.06348255276679993,0.025308882817626,0.12493836134672165,0.021421901881694794,0.020408879965543747,0.018618354573845863,0.055673565715551376,0.07026075571775436,0.06467622518539429,0.027608592063188553,0.041274312883615494,0.036723848432302475,0.08985868841409683,0.013560057617723942,0.0997689813375473,0.06361724436283112,0.02567449025809765,0.012321758083999157,0.03947961702942848,0.0075408886186778545,0.03287633880972862,0.009157000109553337,0.02464820258319378,0.26808446645736694,0.017876919358968735,0.0035861809737980366,0.21726521849632263,0.00575677864253521,0.024575963616371155,0.006483189761638641,0.00400064792484045,0.09810710698366165,0.08687148988246918,0.008344673551619053,0.012385418638586998,0.034715376794338226,0.05775856599211693,0.05199464410543442,0.0597652867436409,0.0026552961207926273,0.021856829524040222,0.03729068487882614,0.1660287082195282,0.00615371810272336,0.01035651471465826,0.04325319826602936,0.06545350700616837,0.020236166194081306,0.06748215854167938,0.12055538594722748,,,,,,,,,,,,,,,
unknown,正,156,157,219.25499,219.495,0.99902344,,0.02877672202885151,0.013589738868176937,0.020078640431165695,0.05341391637921333,0.01847761496901512,0.1064801961183548,0.02164788544178009,0.022055476903915405,0.01902722381055355,0.06617583334445953,0.084571972489357,0.06854142993688583,0.029295463114976883,0.04976348206400871,0.03905871883034706,0.09593844413757324,0.011769482865929604,0.09805352985858917,0.07030922174453735,0.02931619994342327,0.011721664108335972,0.03503630682826042,0.010332019068300724,0.021666061133146286,0.008577424101531506,0.030389122664928436,0.24625219404697418,0.01715388521552086,0.0037636065389961004,0.17581488192081451,0.005866292864084244,0.035920172929763794,0.007676187437027693,0.003510457230731845,0.10508368909358978,0.07055936008691788,0.009308629669249058,0.012744049541652203,0.026590218767523766,0.05500340834259987,0.05483607202768326,0.06433917582035065,0.002071961760520935,0.026748299598693848,0.05200904235243797,0.15525196492671967,0.0038134350907057524,0.011513764970004559,0.04140500724315643,0.061364851891994476,0.030651215463876724,0.07031750679016113,0.10670541226863861,,,,,,,,,,,,,,,
unknown,直,158,159,219.495,219.995,0.9892578,,0.021127428859472275,0.010678303427994251,0.01657271198928356,0.053867120295763016,0.016167325899004936,0.11213285475969315,0.026873819530010223,0.014202462509274483,0.025654900819063187,0.05600789561867714,0.10212313383817673,0.06430909037590027,0.03795884549617767,0.06788071244955063,0.03008364886045456,0.09173748642206192,0.016153262928128242,0.0809050053358078,0.08599093556404114,0.027209680527448654,0.009129559621214867,0.043744683265686035,0.014197328127920628,0.016555575653910637,0.010722906328737736,0.04342713579535484,0.20697413384914398,0.014105148613452911,0.0032869954593479633,0.12596002221107483,0.0069207907654345036,0.030415136367082596,0.009988575242459774,0.0031448884401470423,0.1291026771068573,0.057961463928222656,0.00984884612262249,0.018840640783309937,0.044848132878541946,0.036517493426799774,0.07022375613451004,0.06782515347003937,0.002992238849401474,0.03323148563504219,0.04274669289588928,0.14633817970752716,0.00534400250762701,0.012222150340676308,0.046569373458623886,0.05892990157008171,0.0393628366291523,0.0679057240486145,0.07093404978513718,,,,,,,,,,,,,,,
unknown,見,160,161,225.97499,226.215,0.77197266,,0.018693463876843452,0.015273241326212883,0.01784866861999035,0.10309823602437973,0.017277780920267105,0.14247417449951172,0.04034978896379471,0.016944564878940582,0.044606439769268036,0.07777249813079834,0.0639556497335434,0.05927233397960663,0.06580714881420135,0.07495108246803284,0.03343838453292847,0.03733653947710991,0.027734657749533653,0.06223657727241516,0.10815608501434326,0.045181337743997574,0.013390052132308483,0.047788769006729126,0.027596231549978256,0.016312794759869576,0.017210431396961212,0.030676541849970818,0.19600951671600342,0.02217656746506691,0.0064133997075259686,0.17739391326904297,0.01255203690379858,0.010090956464409828,0.011263352818787098,0.005370913539081812,0.17502273619174957,0.04997957870364189,0.013222231529653072,0.021164655685424805,0.020304305478930473,0.017574304714798927,0.08338327705860138,0.02237308770418167,0.008873872458934784,0.03178613632917404,0.06283263862133026,0.06114979833364487,0.018921075388789177,0.01648322492837906,0.07464105635881424,0.061583954840898514,0.030726930126547813,0.04653879627585411,0.02803596667945385,,,,,,,,,,,,,,,
unknown,識,162,163,226.215,226.715,0.50146484,,0.020295165479183197,0.017444968223571777,0.01993338018655777,0.0990137979388237,0.00824962928891182,0.09180738031864166,0.041840121150016785,0.014729086309671402,0.04629360884428024,0.07174605876207352,0.09732168912887573,0.09596458822488785,0.055950481444597244,0.08655669540166855,0.02442881278693676,0.05675187334418297,0.02594493329524994,0.1016077995300293,0.05796460807323456,0.02409006468951702,0.006522366777062416,0.033325545489788055,0.024825643748044968,0.01591755449771881,0.014635942876338959,0.03180436044931412,0.26786452531814575,0.022215355187654495,0.004182993900030851,0.21651607751846313,0.010784892365336418,0.015993792563676834,0.01044173538684845,0.0030589483212679625,0.22754497826099396,0.06355377286672592,0.018449217081069946,0.022212879732251167,0.013826153241097927,0.02618216536939144,0.09033884853124619,0.03201144188642502,0.009382174350321293,0.020123589783906937,0.046944014728069305,0.09149524569511414,0.015078150667250156,0.012064965441823006,0.0437026172876358,0.06391848623752594,0.03481000289320946,0.03900952264666557,0.0384831465780735,,,,,,,,,,,,,,,
unknown,お,164,165,233.03,233.15,0.5527344,,0.020296679809689522,0.014864913187921047,0.019599944353103638,0.08975294232368469,0.012610235251486301,0.12082823365926743,0.04934246465563774,0.0157912764698267,0.04030540958046913,0.07370377331972122,0.08328743278980255,0.08563927561044693,0.06191057339310646,0.09492850303649902,0.03008774109184742,0.06263583153486252,0.02242421917617321,0.10029811412096024,0.0776546373963356,0.028830330818891525,0.008364001289010048,0.041585586965084076,0.028738850727677345,0.015415425412356853,0.016389187425374985,0.0225208792835474,0.24792464077472687,0.020695433020591736,0.004718210082501173,0.2164682149887085,0.011933322064578533,0.02180575020611286,0.011965258978307247,0.0032444463577121496,0.18598385155200958,0.06673174351453781,0.012582512572407722,0.022158097475767136,0.01457683090120554,0.03556391969323158,0.08846297115087509,0.03639322891831398,0.005466095171868801,0.02786867320537567,0.05666426941752434,0.09696276485919952,0.008650386705994606,0.014833793044090271,0.045080725103616714,0.06395314633846283,0.02227814681828022,0.050942499190568924,0.04829971492290497,,,,,,,,,,,,,,,
unknown,腹,166,167,233.15,233.39,0.44555664,,0.011038469150662422,0.013270096853375435,0.01624494604766369,0.09142515063285828,0.026306426152586937,0.1529211699962616,0.030481481924653053,0.013485463336110115,0.03414348140358925,0.12815698981285095,0.06084424629807472,0.0566047728061676,0.04634369537234306,0.046260081231594086,0.035449523478746414,0.04567181318998337,0.04405370354652405,0.06948152184486389,0.0674591138958931,0.025893257930874825,0.010369746014475822,0.030308982357382774,0.012891176156699657,0.030058730393648148,0.009779025800526142,0.006126311141997576,0.2732793092727661,0.024941997602581978,0.006235990673303604,0.3796318471431732,0.008169887587428093,0.009267899207770824,0.00519015546888113,0.0035893796011805534,0.15466198325157166,0.0833979919552803,0.008996686898171902,0.01810714229941368,0.008510420098900795,0.024337423965334892,0.047655701637268066,0.01808648370206356,0.00969921424984932,0.019252466037869453,0.0552891381084919,0.07623742520809174,0.02400052361190319,0.008995459415018559,0.04600445181131363,0.05362400785088539,0.005283322650939226,0.025514081120491028,0.04236862435936928,,,,,,,,,,,,,,,
unknown,か,168,169,233.39,233.89,0.93896484,,0.027235165238380432,0.02098582498729229,0.03352224454283714,0.08788082748651505,0.009964766912162304,0.07635503262281418,0.01486524660140276,0.023757418617606163,0.015225260518491268,0.07453059405088425,0.08000301569700241,0.13130271434783936,0.04771166294813156,0.07727020233869553,0.027625612914562225,0.07807917147874832,0.03926945850253105,0.13839593529701233,0.02087843418121338,0.01193147897720337,0.0037605438847094774,0.012611517682671547,0.010075520724058151,0.03575732931494713,0.0035885577090084553,0.004429659340530634,0.40406179428100586,0.03790608420968056,0.005274039693176746,0.37662550806999207,0.0035581972915679216,0.017101092264056206,0.001993535552173853,0.0012434548698365688,0.21677426993846893,0.12318380922079086,0.010104114189743996,0.023776445537805557,0.004703405778855085,0.05943738669157028,0.043730590492486954,0.017360348254442215,0.00550116878002882,0.0063266875222325325,0.03679308295249939,0.134144589304924,0.010130595415830612,0.003523448249325156,0.014086059294641018,0.04873795807361603,0.004037876147776842,0.024514537304639816,0.090241938829422,,,,,,,,,,,,,,,
unknown,顔,170,171,236.79001,237.29001,0.98095703,,0.010155406780540943,0.010857950896024704,0.020328005775809288,0.1060221865773201,0.010401098057627678,0.10947800427675247,0.018739799037575722,0.006787346210330725,0.031035102903842926,0.16779060661792755,0.06794244796037674,0.09769994765520096,0.06543382257223129,0.06506597995758057,0.030968565493822098,0.06147325783967972,0.06518035382032394,0.1171262264251709,0.037031129002571106,0.014584705233573914,0.004126674495637417,0.013655293732881546,0.015978313982486725,0.015832267701625824,0.006752624176442623,0.0026790814008563757,0.3207729160785675,0.019707810133695602,0.005179421044886112,0.3003605306148529,0.003485458204522729,0.008126797154545784,0.004242246970534325,0.0009500929154455662,0.19432973861694336,0.08020275831222534,0.006749143358319998,0.024137839674949646,0.004092238377779722,0.040901150554418564,0.0362732820212841,0.008411824703216553,0.003408134449273348,0.00921404454857111,0.03704570606350899,0.09091109037399292,0.006153749767690897,0.005790144205093384,0.014818963594734669,0.026491785421967506,0.0026699977461248636,0.01669178158044815,0.04630168899893761,,,,,,,,,,,,,,,
unknown,知,172,173,242.80327,242.92303,0.9980469,,0.02046780101954937,0.030204862356185913,0.03411038964986801,0.1524217277765274,0.005057698115706444,0.05439898371696472,0.01806555688381195,0.017202822491526604,0.02470383793115616,0.091912180185318,0.0763903334736824,0.06621120125055313,0.038809049874544144,0.07164762169122696,0.021627318114042282,0.10555945336818695,0.048860274255275726,0.08075878024101257,0.03314633294939995,0.00868621002882719,0.00334446644410491,0.016176674515008926,0.00985946599394083,0.04366500675678253,0.010183480568230152,0.005942927673459053,0.290737509727478,0.037514276802539825,0.004335233010351658,0.3152712881565094,0.00392848951742053,0.022693144157528877,0.00711544044315815,0.0013642332050949335,0.11980165541172028,0.1888650804758072,0.0325094535946846,0.06854572892189026,0.008328918367624283,0.06747818738222122,0.05260593071579933,0.0204663947224617,0.012809249572455883,0.02072979509830475,0.04620412737131119,0.1384674310684204,0.012815115973353386,0.00915230717509985,0.012712549418210983,0.03565884381532669,0.005171590950340033,0.03933236747980118,0.07208474725484848,,,,,,,,,,,,,,,
unknown,識,174,175,242.92303,243.42303,0.9995117,,0.023288775235414505,0.0288115032017231,0.03867416828870773,0.1285935491323471,0.005532347597181797,0.06742637604475021,0.024776235222816467,0.020112991333007812,0.028658343479037285,0.12540295720100403,0.09246641397476196,0.10187272727489471,0.035709578543901443,0.07621540129184723,0.022152097895741463,0.10496281832456589,0.03590845689177513,0.09004446864128113,0.02653960883617401,0.00947541929781437,0.0037537224125117064,0.019108643755316734,0.010036266408860683,0.0332866869866848,0.01058526337146759,0.00701251020655036,0.29123103618621826,0.03985758498311043,0.00405531283468008,0.2974514961242676,0.005299004726111889,0.020867127925157547,0.005327266175299883,0.0015670729335397482,0.15016105771064758,0.15502159297466278,0.025321947410702705,0.04492250457406044,0.010035328567028046,0.07232774049043655,0.05784844234585762,0.020675702020525932,0.010107043199241161,0.015276470221579075,0.041662514209747314,0.14285986125469208,0.010638157837092876,0.007953448221087456,0.013998087495565414,0.042000312358140945,0.005528079811483622,0.04259893670678139,0.06390637159347534,,,,,,,,,,,,,,,
unknown,町,176,177,248.63203,249.13203,0.4609375,,0.029854439198970795,0.028823066502809525,0.05049487575888634,0.10111133754253387,0.0033548607025295496,0.0447830893099308,0.019539106637239456,0.022550232708454132,0.02898065745830536,0.1289779245853424,0.14588643610477448,0.11866737902164459,0.03924133628606796,0.10599953681230545,0.022613445296883583,0.1410980224609375,0.032407741993665695,0.08975756168365479,0.021738754585385323,0.009079783223569393,0.0028871968388557434,0.012210412882268429,0.013387005776166916,0.026636241003870964,0.008108978159725666,0.005536679644137621,0.26930153369903564,0.045706044882535934,0.0042664483189582825,0.23242981731891632,0.004545068368315697,0.02630135603249073,0.0038276510313153267,0.001072936924174428,0.17993679642677307,0.1405893862247467,0.02125643379986286,0.04447576403617859,0.006030768621712923,0.06826093792915344,0.0678795725107193,0.024519218131899834,0.009927292354404926,0.011604740284383297,0.03447845205664635,0.16247139871120453,0.009864114224910736,0.006668815389275551,0.01080952025949955,0.045348480343818665,0.005045693833380938,0.03386687859892845,0.0638350322842598,,,,,,,,,,,,,,,
unknown,治,178,179,255.01973,255.41896,0.59033203,,0.03159764036536217,0.03165147453546524,0.05682879686355591,0.09743709862232208,0.005337874870747328,0.059448208659887314,0.03205154836177826,0.026529688388109207,0.037957608699798584,0.08101613819599152,0.09335628896951675,0.13554085791110992,0.06288480013608932,0.15255260467529297,0.024411216378211975,0.07446171343326569,0.04600919410586357,0.10512374341487885,0.03211263567209244,0.015042835846543312,0.004420852288603783,0.019409967586398125,0.02760148048400879,0.02229226566851139,0.013214501552283764,0.0075825233943760395,0.2506183385848999,0.060494501143693924,0.007264395710080862,0.21484509110450745,0.009305628016591072,0.01519843004643917,0.0059682996943593025,0.0021452070213854313,0.21592889726161957,0.09336791187524796,0.02103850618004799,0.05177086219191551,0.007475514896214008,0.05514523759484291,0.0933891162276268,0.013601911254227161,0.01630651019513607,0.015505844727158546,0.04029865562915802,0.10489019006490707,0.016888389363884926,0.010647989809513092,0.019157815724611282,0.052420955151319504,0.006512399762868881,0.017147697508335114,0.04596004635095596,,,,,,,,,,,,,,,
unknown,す,180,181,255.41896,255.91896,0.99609375,,0.032057683914899826,0.03703475743532181,0.07449407130479813,0.08180034160614014,0.004888892639428377,0.04709614813327789,0.03234276548027992,0.027412395924329758,0.03019835613667965,0.08350247144699097,0.11275020986795425,0.11907491087913513,0.06351039558649063,0.14759352803230286,0.02056269533932209,0.10377096384763718,0.05035001412034035,0.08218231052160263,0.03055564872920513,0.011209968477487564,0.0036242841742932796,0.023050103336572647,0.019658412784337997,0.027950838208198547,0.009666246362030506,0.0073596709407866,0.22776350378990173,0.06762956827878952,0.004954800475388765,0.2009366899728775,0.009927419945597649,0.02308449149131775,0.005082965362817049,0.0024259709753096104,0.1800232082605362,0.11929431557655334,0.029057223349809647,0.08773130923509598,0.011605893261730671,0.0501566156744957,0.07752924412488937,0.018942803144454956,0.017707347869873047,0.022954754531383514,0.031084666028618813,0.1211509257555008,0.01272091455757618,0.008536778390407562,0.016302211210131645,0.04465824365615845,0.0055817533284425735,0.019276313483715057,0.04888445511460304,,,,,,,,,,,,,,,
unknown,増,182,183,261.3016,261.46127,0.9814453,,0.028843363747000694,0.029179342091083527,0.07509610056877136,0.1071387305855751,0.0016888147220015526,0.02383173629641533,0.01052842941135168,0.023104390129446983,0.024695785716176033,0.1014566719532013,0.1276709884405136,0.11395402252674103,0.05377174913883209,0.12109392136335373,0.01877826265990734,0.15820097923278809,0.04618583619594574,0.0576263926923275,0.010748600587248802,0.006252023857086897,0.0018861994612962008,0.0056063770316541195,0.011519323103129864,0.033302828669548035,0.005020704586058855,0.002963349688798189,0.32411977648735046,0.055343784391880035,0.00336081488057971,0.27992677688598633,0.00249380711466074,0.027646999806165695,0.002312254160642624,0.0007615842623636127,0.2531016767024994,0.17327208817005157,0.0182940810918808,0.08651602268218994,0.0024886950850486755,0.053083185106515884,0.05787409469485283,0.01809399202466011,0.00813932903110981,0.0047000437043607235,0.021405678242444992,0.18588842451572418,0.008196806535124779,0.003522353945299983,0.007714785169810057,0.05988968536257744,0.0027435387019068003,0.013859594240784645,0.05878883972764015,,,,,,,,,,,,,,,
unknown,や,184,185,261.46127,261.66083,0.9765625,,0.03506622090935707,0.03205648064613342,0.08604294061660767,0.14907541871070862,0.0021539456211030483,0.02510221116244793,0.007918210700154305,0.02851230278611183,0.0266299806535244,0.08593620359897614,0.08427301794290543,0.08412198722362518,0.06721066683530807,0.125127911567688,0.021949755027890205,0.1073206439614296,0.0730774775147438,0.0492132194340229,0.012880991213023663,0.00958175864070654,0.003045613644644618,0.005031121429055929,0.013286923058331013,0.0386233888566494,0.005698664113879204,0.002551281824707985,0.34563472867012024,0.06716328859329224,0.006255793385207653,0.3052883446216583,0.0023036692291498184,0.013831987977027893,0.002195859095081687,0.0010256583336740732,0.2808305621147156,0.1619509756565094,0.014127520844340324,0.0959014967083931,0.0020316950976848602,0.04977402463555336,0.053818389773368835,0.00856412760913372,0.008937578648328781,0.0046059079468250275,0.028098195791244507,0.14555761218070984,0.014649489894509315,0.004280076827853918,0.009304623119533062,0.061859168112277985,0.0022802683524787426,0.00847197137773037,0.04978930205106735,,,,,,,,,,,,,,,
unknown,す,186,187,261.66083,262.16083,0.99560547,,0.029276035726070404,0.02569391392171383,0.07929006963968277,0.10926244407892227,0.003047253005206585,0.031658414751291275,0.009235323406755924,0.02517431415617466,0.021815357729792595,0.07997527718544006,0.09141963720321655,0.10323400795459747,0.09688124805688858,0.13934089243412018,0.021907426416873932,0.09762869775295258,0.08127337694168091,0.0602995902299881,0.013284998945891857,0.009246358647942543,0.0027170940302312374,0.006558302324265242,0.014924498274922371,0.03013620711863041,0.0038742476608604193,0.002258623018860817,0.3298383355140686,0.05866285413503647,0.005149501841515303,0.2662208080291748,0.0026428482960909605,0.01907644048333168,0.0019095580792054534,0.0010266469325870275,0.2965902090072632,0.14040277898311615,0.011318571865558624,0.08279742300510406,0.0022615178022533655,0.03934204950928688,0.05225757881999016,0.008347520604729652,0.00619871262460947,0.004941016901284456,0.02754470519721508,0.12452162802219391,0.008115887641906738,0.0031908638775348663,0.009729978628456593,0.05819008871912956,0.001985579961910844,0.008442849852144718,0.04493710398674011,,,,,,,,,,,,,,,
unknown,お,188,189,267.60776,267.72748,0.9824219,,0.029145507141947746,0.03306029364466667,0.0780884400010109,0.14304697513580322,0.0019770641811192036,0.025478804484009743,0.010062558576464653,0.024295521900057793,0.023314343765378,0.087897390127182,0.09059834480285645,0.08184997737407684,0.06138429790735245,0.12647953629493713,0.019910218194127083,0.1420511156320572,0.06476835906505585,0.0530233196914196,0.011833603493869305,0.0070039015263319016,0.0021759558003395796,0.006436570081859827,0.012166216038167477,0.039249565452337265,0.00534962210804224,0.0025039510801434517,0.3450155258178711,0.05678921565413475,0.0039818244986236095,0.31478649377822876,0.002504273084923625,0.026084383949637413,0.0026331348344683647,0.0008731065900065005,0.22376501560211182,0.20525161921977997,0.019711971282958984,0.12349560111761093,0.0026188837364315987,0.061390262097120285,0.061054777354002,0.012104783207178116,0.007615172769874334,0.006541070993989706,0.0282012727111578,0.1631917804479599,0.007228369824588299,0.0039649964310228825,0.007467023096978664,0.05630466714501381,0.0020752334967255592,0.012887656688690186,0.05808199942111969,,,,,,,,,,,,,,,
unknown,金,190,191,267.72748,268.04678,0.99853516,,0.026039734482765198,0.028497761115431786,0.10054190456867218,0.14544692635536194,0.001421344350092113,0.023740874603390694,0.010792201384902,0.026988543570041656,0.013640484772622585,0.08544343709945679,0.08425381034612656,0.09205758571624756,0.05506581813097,0.12957043945789337,0.016617046669125557,0.1652991771697998,0.11742829531431198,0.05420687049627304,0.012725898995995522,0.00476031843572855,0.001504812971688807,0.0070528131909668446,0.008564162068068981,0.05454487353563309,0.00356747442856431,0.002318255603313446,0.3602323830127716,0.06371565908193588,0.004003820475190878,0.34913867712020874,0.0022264071740210056,0.0428614541888237,0.0022700026165694,0.0007836762815713882,0.2090650200843811,0.21902745962142944,0.014734085649251938,0.14401866495609283,0.0027864465955644846,0.048931319266557693,0.04842526093125343,0.020381880924105644,0.004848075564950705,0.00763763627037406,0.02428440935909748,0.20261912047863007,0.005091123282909393,0.002808288438245654,0.005874802358448505,0.05147601664066315,0.0019107762491330504,0.014612114988267422,0.06579914689064026,,,,,,,,,,,,,,,
unknown,が,192,193,268.04678,268.16653,0.9741211,,0.019698500633239746,0.021736877039074898,0.07424809783697128,0.11786723136901855,0.0012220365460962057,0.019455144181847572,0.008651451207697392,0.024465026333928108,0.010878438130021095,0.09605040401220322,0.09576664865016937,0.08825762569904327,0.04070157930254936,0.10439433157444,0.01520121656358242,0.16942748427391052,0.07867724448442459,0.04979266971349716,0.010679183527827263,0.0041625178419053555,0.0013752469094470143,0.005075042136013508,0.006830614060163498,0.05862055718898773,0.002331571653485298,0.0015949317021295428,0.402412474155426,0.05111093446612358,0.002780662849545479,0.45549070835113525,0.00181663129478693,0.028445856645703316,0.0015984538476914167,0.0006468029459938407,0.22150662541389465,0.232333704829216,0.010951853357255459,0.0956883430480957,0.0017204422038048506,0.04161427170038223,0.04678032919764519,0.019873425364494324,0.003681082744151354,0.005003408994525671,0.016055257990956306,0.20380756258964539,0.004272383637726307,0.0020716239232569933,0.006222051102668047,0.05981168895959854,0.001365469885058701,0.013874812982976437,0.06810028851032257,,,,,,,,,,,,,,,
unknown,減,194,195,268.16653,268.3661,0.9980469,,0.03744103014469147,0.03324383869767189,0.09936171025037766,0.1617008000612259,0.005346504971385002,0.04535558074712753,0.011153923347592354,0.026585765182971954,0.020077817142009735,0.04733263701200485,0.055132124572992325,0.03842033073306084,0.0848122164607048,0.11916419863700867,0.030039429664611816,0.1300627589225769,0.04864276200532913,0.018078619614243507,0.05796211212873459,0.03140207752585411,0.009285512380301952,0.0170012004673481,0.01628965325653553,0.03006591834127903,0.010118125006556511,0.0036372325848788023,0.21469132602214813,0.04757797345519066,0.0025569526478648186,0.15915587544441223,0.005608953069895506,0.024093158543109894,0.004550169687718153,0.004502112045884132,0.1470993608236313,0.16352704167366028,0.018382254987955093,0.2766669690608978,0.008598879911005497,0.04650826007127762,0.057168956845998764,0.011576089076697826,0.0037871752865612507,0.02814941108226776,0.03472118079662323,0.16798458993434906,0.0038044701796025038,0.00905136950314045,0.02716439589858055,0.056077536195516586,0.0024000403936952353,0.006523871328681707,0.045562196522951126,,,,,,,,,,,,,,,
unknown,り,196,197,268.3661,268.8661,0.9189453,,0.03061596304178238,0.03581355884671211,0.0837382897734642,0.1379774659872055,0.0055662537924945354,0.05660853907465935,0.016340084373950958,0.02480333112180233,0.015124126337468624,0.05749506875872612,0.0472615621984005,0.04440576583147049,0.05985482409596443,0.14551009237766266,0.026199690997600555,0.10954353958368301,0.10316132754087448,0.029900556430220604,0.07293903082609177,0.024732114747166634,0.006046324502676725,0.021438375115394592,0.01725744642317295,0.032092396169900894,0.0071813506074249744,0.002868737792596221,0.27886563539505005,0.052204471081495285,0.003940465860068798,0.25530901551246643,0.006886401679366827,0.020829765126109123,0.004428142681717873,0.003303437028080225,0.1661137044429779,0.1611393690109253,0.022112207487225533,0.3610866665840149,0.008188839070498943,0.043156225234270096,0.06378045678138733,0.008854680694639683,0.005658288951963186,0.04025423899292946,0.031153274700045586,0.1436532437801361,0.004970957525074482,0.007592968177050352,0.021856455132365227,0.04143957421183586,0.0016411805991083384,0.010076358914375305,0.04140716418623924,,,,,,,,,,,,,,,
unknown,夏,198,199,272.97238,273.47238,0.9995117,,0.034552063792943954,0.034287262707948685,0.09802526980638504,0.13754132390022278,0.006529743783175945,0.06695940345525742,0.0133287962526083,0.03189501911401749,0.014818763360381126,0.059118613600730896,0.07390301674604416,0.04933946952223778,0.05049792677164078,0.12681129574775696,0.027285631746053696,0.13078120350837708,0.09526720643043518,0.0389414057135582,0.06508289277553558,0.022269153967499733,0.005968258250504732,0.019406085833907127,0.012813671492040157,0.03464965149760246,0.006973994895815849,0.003405650146305561,0.26150384545326233,0.053917668759822845,0.0062567307613790035,0.21777041256427765,0.0054913172498345375,0.026724327355623245,0.004268014803528786,0.0027488493360579014,0.15134280920028687,0.16583816707134247,0.019028689712285995,0.16741646826267242,0.00874162744730711,0.05423445999622345,0.0732579156756401,0.01303375419229269,0.005861841142177582,0.034272700548172,0.05175771564245224,0.1722240298986435,0.005810482893139124,0.007623929530382156,0.02245388738811016,0.05241775885224342,0.0023856107145547867,0.0116391871124506,0.052429743111133575,,,,,,,,,,,,,,,
unknown,後,200,201,279.24332,279.52292,0.9223633,,0.04346610978245735,0.035976771265268326,0.10973019152879715,0.12755604088306427,0.0049195364117622375,0.05560341477394104,0.0075945258140563965,0.0328541100025177,0.01262974925339222,0.03437913954257965,0.04993622750043869,0.037141308188438416,0.04513752460479736,0.11196628212928772,0.023126961663365364,0.11304890364408493,0.11567222326993942,0.03885134682059288,0.08270370215177536,0.01910451613366604,0.005102542228996754,0.012574010528624058,0.008450508117675781,0.03111327439546585,0.007887246087193489,0.003951070364564657,0.2881234288215637,0.04593465104699135,0.009047690778970718,0.2206321656703949,0.002316194586455822,0.03639764338731766,0.006120430771261454,0.0017141330754384398,0.16610249876976013,0.15353655815124512,0.016148937866091728,0.21968302130699158,0.0058746072463691235,0.05398813635110855,0.0693109855055809,0.016032341867685318,0.004659505095332861,0.033672820776700974,0.03845188394188881,0.19228221476078033,0.006159092765301466,0.008819637820124626,0.021765749901533127,0.061569686979055405,0.00316951097920537,0.007397583685815334,0.05958910286426544,,,,,,,,,,,,,,,
unknown,石,202,203,279.52292,280.02292,0.46679688,,0.07126909494400024,0.04881015419960022,0.1294412463903427,0.11590774357318878,0.006069136317819357,0.07132935523986816,0.007693341933190823,0.050697218626737595,0.013277922756969929,0.029748164117336273,0.04335105046629906,0.0312667153775692,0.0678320825099945,0.11755503714084625,0.021347420290112495,0.07635363191366196,0.10190010070800781,0.022686323150992393,0.12191508710384369,0.02699226513504982,0.005870375316590071,0.015568919479846954,0.011276265606284142,0.021284954622387886,0.008611365221440792,0.004173725377768278,0.2469552755355835,0.05208798125386238,0.011812455952167511,0.16914145648479462,0.0027764993719756603,0.031408052891492844,0.005647315643727779,0.0021090793889015913,0.19802285730838776,0.12961216270923615,0.014835580252110958,0.1848268210887909,0.006936705205589533,0.03411814570426941,0.08662966638803482,0.009200740605592728,0.0038212276995182037,0.036171793937683105,0.03298409283161163,0.13691990077495575,0.004069204907864332,0.009297439828515053,0.03835088759660721,0.08824577182531357,0.0033627802040427923,0.005189471412450075,0.03207513689994812,,,,,,,,,,,,,,,
unknown,努,204,205,286.17,286.29,0.99853516,,0.07549339532852173,0.04648342356085777,0.12900172173976898,0.12846125662326813,0.005006920080631971,0.055908314883708954,0.008012615144252777,0.047921981662511826,0.014066711999475956,0.01987931877374649,0.03595065698027611,0.040867194533348083,0.06380821019411087,0.13000741600990295,0.019398709759116173,0.06261708587408066,0.09116652607917786,0.03376339003443718,0.09658386558294296,0.022862860932946205,0.0051033073104918,0.01390760112553835,0.013536625541746616,0.0201581884175539,0.009233266115188599,0.0048282635398209095,0.3040618300437927,0.052725110203027725,0.010924951173365116,0.19660942256450653,0.0032443616073578596,0.03199377655982971,0.005262375809252262,0.0021485411562025547,0.2668367922306061,0.11313828825950623,0.015050627291202545,0.1791900396347046,0.006030720192939043,0.03791768103837967,0.0872657373547554,0.00931000616401434,0.0046700723469257355,0.026116639375686646,0.03546708822250366,0.13394039869308472,0.005636377260088921,0.008448655717074871,0.036893635988235474,0.10053011775016785,0.00395358307287097,0.0040383837185800076,0.03691932559013367,,,,,,,,,,,,,,,
unknown,力,206,207,286.29,286.79,0.99902344,,0.06692296266555786,0.04715321958065033,0.11159040033817291,0.14296044409275055,0.005107300356030464,0.05668656527996063,0.010953078977763653,0.04467517510056496,0.018419211730360985,0.021839281544089317,0.028522975742816925,0.03519297391176224,0.07576130330562592,0.12116152793169022,0.0177150946110487,0.06409130990505219,0.16966493427753448,0.03956548124551773,0.07310585677623749,0.015597064048051834,0.00414544902741909,0.014521656557917595,0.013577946461737156,0.030242491513490677,0.010590282268822193,0.003872648812830448,0.32874757051467896,0.0565299317240715,0.016800370067358017,0.2524568736553192,0.0032130475156009197,0.030784742906689644,0.005323423072695732,0.0016329033533111215,0.2541173994541168,0.13218097388744354,0.013530408032238483,0.1579742282629013,0.006309686694294214,0.047528427094221115,0.06955923140048981,0.010792916640639305,0.0057487329468131065,0.02238200418651104,0.031500838696956635,0.14423304796218872,0.010453641414642334,0.00830154214054346,0.025043988600373268,0.09898779541254044,0.0029378298204392195,0.004924392327666283,0.04348844662308693,,,,,,,,,,,,,,,
unknown,猫,208,209,291.05,291.55,0.9980469,,0.04861433431506157,0.02795899659395218,0.0707649514079094,0.13303524255752563,0.008394544944167137,0.09617780148983002,0.0232249703258276,0.02904707007110119,0.026988603174686432,0.029361216351389885,0.028344951570034027,0.048705343157052994,0.08657862991094589,0.15749986469745636,0.022356292232871056,0.044771891087293625,0.08417235314846039,0.05510253086686134,0.12184274196624756,0.025730600580573082,0.005991959013044834,0.03172032907605171,0.02086208201944828,0.012598669156432152,0.021740952506661415,0.008130403235554695,0.2687200903892517,0.03350204601883888,0.014604303054511547,0.18259313702583313,0.005819814279675484,0.02669638954102993,0.012564717791974545,0.002586768940091133,0.2095431536436081,0.07884261757135391,0.008160976693034172,0.22882430255413055,0.010355156846344471,0.051355767995119095,0.11397480219602585,0.01367672998458147,0.002914447570219636,0.06008360907435417,0.041675105690956116,0.09553346037864685,0.003993201069533825,0.017573364078998566,0.03560187667608261,0.0702609121799469,0.006139122880995274,0.009656542912125587,0.041711751371622086,,,,,,,,,,,,,,,
unknown,飛,210,211,296.88998,297.05,0.99902344,,0.05882611870765686,0.04250195249915123,0.08977668732404709,0.20482361316680908,0.006021276116371155,0.059009455144405365,0.014072391204535961,0.039384305477142334,0.022688575088977814,0.026701532304286957,0.027119943872094154,0.03653658181428909,0.09729975461959839,0.1332329362630844,0.02060842327773571,0.048947423696517944,0.17169994115829468,0.03761470690369606,0.05758630856871605,0.01850084587931633,0.005221126135438681,0.015347071923315525,0.01729639060795307,0.028680503368377686,0.011450830847024918,0.00401317048817873,0.33060893416404724,0.056998614221811295,0.018240291625261307,0.2715827226638794,0.004325161222368479,0.016252730041742325,0.004207989666610956,0.002207407495006919,0.2895977199077606,0.11776993423700333,0.0113765774294734,0.17840313911437988,0.0050267004407942295,0.036218706518411636,0.06979473680257797,0.009436256252229214,0.0073324404656887054,0.019550614058971405,0.03770879656076431,0.11365456134080887,0.017738932743668556,0.007682656869292259,0.02659805491566658,0.10210997611284256,0.0032266685739159584,0.004019274841994047,0.034782860428094864,,,,,,,,,,,,,,,
unknown,行,212,213,297.05,297.29,0.99853516,,0.09625908732414246,0.07209896296262741,0.08549702912569046,0.23633597791194916,0.005287311505526304,0.035412292927503586,0.007381769362837076,0.05667271092534065,0.012865080498158932,0.015278979204595089,0.019377967342734337,0.021244505420327187,0.0550345852971077,0.083815798163414,0.018588468432426453,0.04547024890780449,0.16193920373916626,0.03551506996154785,0.035951144993305206,0.013541772030293941,0.003558984026312828,0.008896961808204651,0.009170589037239552,0.04769046977162361,0.0054733362048864365,0.004067250061780214,0.45206940174102783,0.059626225382089615,0.02169159986078739,0.40920716524124146,0.002574797486886382,0.014996442943811417,0.0018321109237149358,0.0015522100729867816,0.29634732007980347,0.17425167560577393,0.01698918640613556,0.14480222761631012,0.0034875290002673864,0.03633200377225876,0.051358770579099655,0.008589820004999638,0.009982123970985413,0.013061527162790298,0.031322188675403595,0.12115103006362915,0.024457843974232674,0.003940959461033344,0.020237324759364128,0.12247127294540405,0.0036956514231860638,0.00203964626416564,0.04413881525397301,,,,,,,,,,,,,,,
unknown,機,214,215,297.29,297.79,0.9975586,,0.08162197470664978,0.08434593677520752,0.10370954871177673,0.2617150843143463,0.0022472406271845102,0.02403447963297367,0.006320477928966284,0.05033520981669426,0.014459580183029175,0.014988760463893414,0.021709851920604706,0.020949317142367363,0.03437851741909981,0.07342133671045303,0.010760580189526081,0.05460081249475479,0.19844189286231995,0.02479078620672226,0.03256913647055626,0.0071966685354709625,0.002271812641993165,0.007301999721676111,0.00589600158855319,0.04890189692378044,0.008910020813345909,0.0035717999562621117,0.444484680891037,0.06786203384399414,0.014685931615531445,0.41527360677719116,0.002002209424972534,0.01583460159599781,0.0030358722433447838,0.0013183035189285874,0.32228994369506836,0.18713244795799255,0.026515861973166466,0.27468574047088623,0.0031344189774245024,0.03246815875172615,0.05566028505563736,0.008126531727612019,0.014242635108530521,0.011786842718720436,0.017185069620609283,0.14636091887950897,0.03345422446727753,0.004838855005800724,0.01811705157160759,0.13295771181583405,0.0030117176938802004,0.00199105148203671,0.0326647125184536,,,,,,,,,,,,,,,
unknown,花,216,217,303.465,303.965,0.70166016,,0.03673229739069939,0.04002002626657486,0.08554081618785858,0.3353930711746216,0.0012424658052623272,0.025887494906783104,0.010222868993878365,0.019991520792245865,0.054168615490198135,0.040187910199165344,0.03799289092421532,0.024547584354877472,0.05825109779834747,0.09091748297214508,0.010354308411478996,0.06675797700881958,0.1287774294614792,0.02027790993452072,0.03076898492872715,0.006816207431256771,0.0020923754200339317,0.007615390233695507,0.01123067457228899,0.02377329021692276,0.029446342960000038,0.0040633236058056355,0.3125211000442505,0.04309406876564026,0.01109715923666954,0.2475493997335434,0.002182119293138385,0.013563099317252636,0.009656127542257309,0.0009974951390177011,0.2815758287906647,0.15528012812137604,0.01844126544892788,0.2631057798862457,0.0030096617992967367,0.03450540825724602,0.06254471093416214,0.008790730498731136,0.010280441492795944,0.012538823299109936,0.025874467566609383,0.12578938901424408,0.02118873968720436,0.011776020750403404,0.01513817347586155,0.09016084671020508,0.0038035158067941666,0.004720087628811598,0.022393086925148964,,,,,,,,,,,,,,,
unknown,飛,218,219,308.745,308.945,0.8120117,,0.02648514322936535,0.03158364072442055,0.06569039076566696,0.3059019148349762,0.0009970872197300196,0.023812804371118546,0.016609083861112595,0.014839262701570988,0.09522882103919983,0.043137870728969574,0.042489174753427505,0.019530098885297775,0.06218626722693443,0.08932097256183624,0.008163725025951862,0.0786433070898056,0.12822222709655762,0.01409945823252201,0.03537224978208542,0.005013918038457632,0.0018125873757526278,0.010177097283303738,0.012601141817867756,0.02191246673464775,0.06730560213327408,0.005389353260397911,0.2371405065059662,0.03673733025789261,0.009981193579733372,0.1949821412563324,0.002733939792960882,0.016740664839744568,0.022243179380893707,0.001050823600962758,0.22568030655384064,0.13832837343215942,0.016129329800605774,0.310529887676239,0.0040960232727229595,0.03255917504429817,0.08657065033912659,0.01750211790204048,0.010289979167282581,0.017187820747494698,0.016361083835363388,0.1486452966928482,0.02283148653805256,0.02209351770579815,0.017891481518745422,0.11140359938144684,0.004864016082137823,0.005023410078138113,0.021192144602537155,,,,,,,,,,,,,,,
unknown,ぶ,220,221,308.945,309.445,0.89453125,,0.06602998077869415,0.06083325669169426,0.096377894282341,0.2703891098499298,0.0012212313013151288,0.021355999633669853,0.008038625121116638,0.04431981220841408,0.037120405584573746,0.019852183759212494,0.028753530234098434,0.019312096759676933,0.07591770589351654,0.14918890595436096,0.008277504704892635,0.037580590695142746,0.11574719101190567,0.022835249081254005,0.048517245799303055,0.007493686396628618,0.0014352963771671057,0.007001674734055996,0.01752665266394615,0.02701864391565323,0.017369979992508888,0.006777882110327482,0.3562621772289276,0.06933152675628662,0.027364345267415047,0.2894345819950104,0.00193584815133363,0.006824745796620846,0.006710972636938095,0.0008030942990444601,0.415952205657959,0.1383516490459442,0.024489091709256172,0.21435977518558502,0.0032562289852648973,0.027421310544013977,0.08051716536283493,0.004818770103156567,0.0249007660895586,0.02158084325492382,0.02065292000770569,0.07837773114442825,0.04188494756817818,0.009921546094119549,0.025817029178142548,0.13168726861476898,0.00605360371991992,0.0027371954638510942,0.016968632116913795,,,,,,,,,,,,,,,
unknown,痛,222,223,316.63138,317.13138,0.5517578,,0.0413169302046299,0.028270870447158813,0.08443759381771088,0.20392152667045593,0.0013280302518978715,0.027369795367121696,0.005864056292921305,0.026096580550074577,0.037010420113801956,0.02385268174111843,0.045528482645750046,0.025108661502599716,0.044745080173015594,0.0780801847577095,0.006221257150173187,0.07664804905653,0.09673653542995453,0.025652650743722916,0.05873177573084831,0.004662164952605963,0.0015010737115517259,0.008213597349822521,0.006157890893518925,0.02821298874914646,0.027606148272752762,0.009728265926241875,0.34791621565818787,0.03364682197570801,0.01521972380578518,0.23238305747509003,0.0010298907291144133,0.012435287237167358,0.01707787998020649,0.0007207387825474143,0.28845423460006714,0.14298111200332642,0.012752830982208252,0.20521076023578644,0.00878157652914524,0.05213356763124466,0.08396388590335846,0.013601916842162609,0.006304001901298761,0.019714972004294395,0.0112568074837327,0.18038588762283325,0.014351681806147099,0.01529665570706129,0.025343040004372597,0.13458748161792755,0.008426344022154808,0.00604100339114666,0.04137226194143295,,,,,,,,,,,,,,,
unknown,透,224,225,320.2246,320.544,0.9458008,,0.042855992913246155,0.02774723805487156,0.1121242567896843,0.17024822533130646,0.0024304152466356754,0.04067879542708397,0.00858720950782299,0.028798073530197144,0.047981299459934235,0.021731894463300705,0.0322553925216198,0.02838910184800625,0.09755361825227737,0.09661130607128143,0.0069355894811451435,0.053660470992326736,0.12341377139091492,0.029383059591054916,0.09080749750137329,0.006901217624545097,0.002348069567233324,0.016794517636299133,0.00962082203477621,0.03390553966164589,0.03424830734729767,0.01442624256014824,0.31054893136024475,0.04377662017941475,0.019087117165327072,0.17203578352928162,0.0015291041927412152,0.010572517290711403,0.020507488399744034,0.0011630778899416327,0.2485748529434204,0.12177403271198273,0.011268813163042068,0.1824578195810318,0.026102138683199883,0.043123502284288406,0.07669131457805634,0.008780875243246555,0.0075014010071754456,0.03081873245537281,0.011005830019712448,0.12594906985759735,0.018151264637708664,0.020776543766260147,0.032674744725227356,0.10369494557380676,0.00931633822619915,0.00928066298365593,0.0351979061961174,,,,,,,,,,,,,,,
unknown,明,226,227,320.544,321.044,0.99365234,,0.06293780356645584,0.02322017215192318,0.12033646553754807,0.16355544328689575,0.004648338537663221,0.07481219619512558,0.005965646356344223,0.03835110366344452,0.058386169373989105,0.02495347522199154,0.03741302341222763,0.02436983771622181,0.05515808239579201,0.11224881559610367,0.016265571117401123,0.04470318183302879,0.08863947540521622,0.023842159658670425,0.19070596992969513,0.023465346544981003,0.009715484455227852,0.016270630061626434,0.009729432873427868,0.014065214432775974,0.08548467606306076,0.028804294764995575,0.20089618861675262,0.03729536384344101,0.04882226139307022,0.080611951649189,0.0010982519015669823,0.012617705389857292,0.06615790724754333,0.0017508900491520762,0.25870200991630554,0.05784590542316437,0.005723557900637388,0.13016952574253082,0.022323880344629288,0.04567493125796318,0.126028910279274,0.008055470883846283,0.0035511478781700134,0.0443258062005043,0.028572719544172287,0.11505531519651413,0.012313823215663433,0.06802002340555191,0.0511605478823185,0.10425711423158646,0.02222967892885208,0.008063684217631817,0.02675618603825569,,,,,,,,,,,,,,,
unknown,神,228,229,326.25327,326.53275,0.85839844,,0.11026587337255478,0.05854785814881325,0.13598576188087463,0.22742033004760742,0.006529174279421568,0.06347952783107758,0.0032651107758283615,0.08006732910871506,0.016701828688383102,0.021851176396012306,0.03240960091352463,0.021887823939323425,0.03826982527971268,0.13000555336475372,0.026414847001433372,0.050629567354917526,0.06659816950559616,0.022084662690758705,0.11071863770484924,0.02716202661395073,0.006293585989624262,0.009492078796029091,0.006430807523429394,0.025391390547156334,0.015337523072957993,0.01323125883936882,0.2935746908187866,0.07272828370332718,0.038370195776224136,0.1688290238380432,0.0010024922667071223,0.016850022599101067,0.007681377697736025,0.0017652479000389576,0.2730095684528351,0.10384386777877808,0.01361936517059803,0.26628467440605164,0.00903845764696598,0.04779057949781418,0.08015727996826172,0.006039333529770374,0.0077399881556630135,0.03953094780445099,0.05237490311264992,0.11135513335466385,0.014591366052627563,0.013808895833790302,0.03273561969399452,0.08507045358419418,0.009992445819079876,0.004620961379259825,0.034409333020448685,,,,,,,,,,,,,,,
unknown,様,230,231,326.53275,327.03275,0.72216797,,0.1399819254875183,0.07723072171211243,0.20126819610595703,0.20418666303157806,0.006993782240897417,0.04063916951417923,0.0025893470738083124,0.09627901762723923,0.011346345767378807,0.013902386650443077,0.03791281208395958,0.021562542766332626,0.029394954442977905,0.1228184774518013,0.03212089091539383,0.06901758909225464,0.04399408772587776,0.02222129888832569,0.04974576085805893,0.02423974685370922,0.005944943521171808,0.007293085101991892,0.004921595565974712,0.03490113094449043,0.007687732111662626,0.00886873621493578,0.31193438172340393,0.08835778385400772,0.025647148489952087,0.17795145511627197,0.0012174892472103238,0.021489765495061874,0.0027148802764713764,0.0021420868579298258,0.22718961536884308,0.1378246396780014,0.017970522865653038,0.27876731753349304,0.007804420776665211,0.0788106769323349,0.057499341666698456,0.005530049558728933,0.008584203198552132,0.02495429664850235,0.056419488042593,0.13800503313541412,0.012291603721678257,0.007292324211448431,0.01807783544063568,0.0651577040553093,0.0063828662969172,0.002927417866885662,0.054874543100595474,,,,,,,,,,,,,,,
unknown,あ,232,233,333.74072,333.86063,0.93066406,,0.1400085985660553,0.061434555798769,0.23036333918571472,0.12013950198888779,0.0053098383359611034,0.042973365634679794,0.002969900378957391,0.0826866403222084,0.010720867663621902,0.02624746412038803,0.0813954696059227,0.0389893464744091,0.025208964943885803,0.15212571620941162,0.030069082975387573,0.09180200099945068,0.021177416667342186,0.033273838460445404,0.08999085426330566,0.029165200889110565,0.005292023532092571,0.009378945454955101,0.00603792117908597,0.019683271646499634,0.00784512609243393,0.01886049099266529,0.2807619273662567,0.07413332909345627,0.017406897619366646,0.1109592393040657,0.0011701601324602962,0.024737516418099403,0.003676524618640542,0.0017314216820523143,0.20442156493663788,0.09753166139125824,0.01556616835296154,0.2938072979450226,0.010366462171077728,0.0727107971906662,0.07627057284116745,0.009541328996419907,0.006113866344094276,0.05069183558225632,0.03740278631448746,0.14189395308494568,0.0061814808286726475,0.009831128641963005,0.02008599229156971,0.04673149436712265,0.016421714797616005,0.008107041008770466,0.06012481823563576,,,,,,,,,,,,,,,
unknown,る,234,235,333.86063,333.94055,0.6411133,,0.1247735545039177,0.06634855270385742,0.19085614383220673,0.1218753308057785,0.006320545915514231,0.05059545114636421,0.0035350460093468428,0.07945723086595535,0.009909365326166153,0.02645242027938366,0.06779027730226517,0.03200007975101471,0.022566601634025574,0.12672565877437592,0.02620399184525013,0.09216128289699554,0.035900477319955826,0.03822680935263634,0.11008456349372864,0.023273445665836334,0.004559463821351528,0.01186814159154892,0.005300826393067837,0.02689247764647007,0.008047904819250107,0.016746383160352707,0.3061440587043762,0.07301786541938782,0.021614978089928627,0.14821527898311615,0.0011301781050860882,0.027664914727211,0.0049013677053153515,0.0014164625899866223,0.193216010928154,0.11526664346456528,0.018249018117785454,0.2199890911579132,0.011922181583940983,0.07206439226865768,0.0795077532529831,0.010317277163267136,0.007290618494153023,0.06665215641260147,0.035730332136154175,0.14991042017936707,0.008157193660736084,0.010801676660776138,0.02067403681576252,0.05079808831214905,0.014051740989089012,0.009559654630720615,0.06056174635887146,,,,,,,,,,,,,,,
unknown,い,236,237,333.94055,334.06046,0.81152344,,0.08993825316429138,0.04558193311095238,0.16300390660762787,0.12960977852344513,0.006500002928078175,0.059916332364082336,0.00393738504499197,0.06183972209692001,0.01143614947795868,0.03378957509994507,0.06193781644105911,0.03276224061846733,0.02411346510052681,0.1475474089384079,0.02977571077644825,0.07712510973215103,0.04948865622282028,0.041108548641204834,0.11878111958503723,0.02541419491171837,0.004871603567153215,0.011556393466889858,0.007087391801178455,0.02236362174153328,0.008486881852149963,0.014440285973250866,0.29613012075424194,0.06440339982509613,0.031148243695497513,0.14712537825107574,0.0011608207132667303,0.020649045705795288,0.0054856520146131516,0.0012752797920256853,0.20342187583446503,0.09385272860527039,0.01215684600174427,0.1996144950389862,0.010988757945597172,0.05888703465461731,0.0905098170042038,0.008606728166341782,0.006274927407503128,0.058096230030059814,0.04450458288192749,0.1259438544511795,0.008076541125774384,0.01165536418557167,0.019916579127311707,0.04576380178332329,0.012104805558919907,0.010598300024867058,0.05212162435054779,,,,,,,,,,,,,,,
unknown,こ,238,239,334.06046,334.1804,0.8676758,,0.08952641487121582,0.06760334223508835,0.21252773702144623,0.09818492829799652,0.0028538843616843224,0.025990115478634834,0.003680587513372302,0.06309712678194046,0.01015485543757677,0.03592024743556976,0.16777372360229492,0.07438572496175766,0.03590533137321472,0.17901748418807983,0.025102190673351288,0.16301390528678894,0.04250185936689377,0.045960504561662674,0.01435401663184166,0.011239049956202507,0.002525804564356804,0.005017468240112066,0.005681084003299475,0.027335841208696365,0.002649556379765272,0.006251143757253885,0.2965381443500519,0.0949811041355133,0.008827567100524902,0.13530698418617249,0.001340695540420711,0.026747899129986763,0.001371809863485396,0.0009682326344773173,0.2576553225517273,0.14027728140354156,0.024991650134325027,0.1999809890985489,0.004129475448280573,0.0809151753783226,0.0602542981505394,0.009926931001245975,0.009425272233784199,0.010920584201812744,0.025054438039660454,0.19151552021503448,0.00818561390042305,0.0029616409447044134,0.006846979260444641,0.041252732276916504,0.005996862426400185,0.006635373458266258,0.057893749326467514,,,,,,,,,,,,,,,
unknown,と,240,241,334.1804,334.6804,0.921875,,0.0892394632101059,0.0641980841755867,0.19467702507972717,0.10291025787591934,0.0030460243579000235,0.02941117249429226,0.003042928408831358,0.06190819665789604,0.010020489804446697,0.039997708052396774,0.1497827023267746,0.07319702208042145,0.04264609143137932,0.170247420668602,0.025139112025499344,0.13493745028972626,0.05453868582844734,0.04332441836595535,0.01600053906440735,0.012243793345987797,0.0026592726353555918,0.004355043638497591,0.005749247036874294,0.023708496242761612,0.002510438673198223,0.004912893287837505,0.3090582489967346,0.08972052484750748,0.01080288179218769,0.142178013920784,0.00107088522054255,0.018565651029348373,0.0013418641174212098,0.0008610297809354961,0.2954977750778198,0.12587706744670868,0.018957527354359627,0.1988612562417984,0.003189737442880869,0.07414329797029495,0.05442429706454277,0.006560339592397213,0.007048614788800478,0.009677121415734291,0.02299552783370018,0.16921591758728027,0.007492920383810997,0.0028873104602098465,0.0075515517964959145,0.04107944294810295,0.004930347204208374,0.00508561497554183,0.04926948994398117,,,,,,,,,,,,,,,
unknown,オ,242,243,338.77695,338.93683,0.95654297,,0.03544067218899727,0.0367005430161953,0.09225231409072876,0.1314363181591034,0.004622241947799921,0.03715773671865463,0.006316573359072208,0.025819413363933563,0.021597325801849365,0.05047595128417015,0.10343475639820099,0.0917154997587204,0.07152353972196579,0.146340474486351,0.028585124760866165,0.10660061985254288,0.07227984815835953,0.0949510857462883,0.01098846085369587,0.010783680714666843,0.002665887586772442,0.006112855859100819,0.0098187867552042,0.033706460148096085,0.003825997933745384,0.0036915650125592947,0.41084903478622437,0.0690513625741005,0.008531002327799797,0.2248050719499588,0.0018279642099514604,0.013116368092596531,0.002915352815762162,0.0008677745936438441,0.2469983845949173,0.1354738175868988,0.0165532436221838,0.09232031553983688,0.002963562961667776,0.0894332230091095,0.038586292415857315,0.005186230409890413,0.007395400200039148,0.005983848124742508,0.03761760890483856,0.1337593048810959,0.010411981493234634,0.004208775237202644,0.005638748407363892,0.023877233266830444,0.003582404460757971,0.009111915715038776,0.0626789852976799,,,,,,,,,,,,,,,
unknown,レ,244,245,338.93683,339.05673,0.99072266,,0.031449563801288605,0.03069561906158924,0.11168701201677322,0.15777018666267395,0.005100708920508623,0.04581952467560768,0.005123361013829708,0.02825985848903656,0.027485741302371025,0.062381986528635025,0.09988654404878616,0.06566133350133896,0.09438208490610123,0.14249038696289062,0.03255479782819748,0.10237006843090057,0.059206053614616394,0.050448764115571976,0.01749298721551895,0.014885556884109974,0.004041347187012434,0.006099756341427565,0.00976280216127634,0.03506946191191673,0.005730616860091686,0.003658442525193095,0.31752312183380127,0.07517484575510025,0.01031306479126215,0.1768520474433899,0.0014310103142634034,0.011009498499333858,0.0032962700352072716,0.001099734683521092,0.19843564927577972,0.12169445306062698,0.011345024220645428,0.09332688897848129,0.0032454521860927343,0.07131723314523697,0.04542222619056702,0.0060005527921020985,0.0071162208914756775,0.0076539041474461555,0.049058884382247925,0.13161468505859375,0.012662369757890701,0.005834713112562895,0.008733924478292465,0.029336534440517426,0.0034218374639749527,0.008817506954073906,0.055334270000457764,,,,,,,,,,,,,,,
unknown,ン,246,247,339.05673,339.17664,0.9658203,,0.04985249415040016,0.04384535551071167,0.11674419045448303,0.14029572904109955,0.003981227520853281,0.03229939565062523,0.004277300089597702,0.04503158852458,0.016494523733854294,0.04011126607656479,0.10225708037614822,0.09036186337471008,0.06882555782794952,0.14157089591026306,0.026130156591534615,0.09244662523269653,0.05971844866871834,0.06707974523305893,0.012006980367004871,0.012322685681283474,0.003484280314296484,0.004868824500590563,0.0074125598184764385,0.04531277343630791,0.003424525959417224,0.004588977433741093,0.39447450637817383,0.10041193664073944,0.008917738683521748,0.23292142152786255,0.001379139139316976,0.01001711841672659,0.0022554027382284403,0.0011177071137353778,0.29255709052085876,0.11814737319946289,0.014867566525936127,0.06916828453540802,0.0023320780601352453,0.06078010052442551,0.046331483870744705,0.006732339970767498,0.009561372920870781,0.004541608504951,0.03318319469690323,0.1465129852294922,0.021221090108156204,0.0038546365685760975,0.009023571386933327,0.04155232757329941,0.004659157712012529,0.006609104108065367,0.05954700708389282,,,,,,,,,,,,,,,
unknown,ジ,248,249,339.17664,339.67664,0.99560547,,0.04663350433111191,0.05709756165742874,0.13527697324752808,0.15187516808509827,0.0030867736786603928,0.022214917466044426,0.00424851244315505,0.04590186849236488,0.01948709972202778,0.03452219069004059,0.10843969136476517,0.06352793425321579,0.06935162097215652,0.12845703959465027,0.023036936298012733,0.11598458141088486,0.06494687497615814,0.046868979930877686,0.008773020468652248,0.009231752716004848,0.003239085664972663,0.005055115092545748,0.006811559200286865,0.06799181550741196,0.0039458866231143475,0.004796543624252081,0.3354695737361908,0.12099704146385193,0.007185684982687235,0.19258181750774384,0.0014309380203485489,0.012412333860993385,0.0026613890659064054,0.0012034628307446837,0.22124148905277252,0.1645294427871704,0.029204530641436577,0.07534695416688919,0.0033381280954927206,0.059887517243623734,0.039419230073690414,0.006259564310312271,0.01745220087468624,0.005117638036608696,0.03530164062976837,0.14794476330280304,0.028548916801810265,0.00433316919952631,0.007185542955994606,0.03582018241286278,0.004457119386643171,0.008908768184483051,0.05039641261100769,,,,,,,,,,,,,,,
unknown,長,250,251,346.50284,346.78244,0.9946289,,0.047212693840265274,0.05447002500295639,0.1247744932770729,0.1733359843492508,0.0031288827303797007,0.025807473808526993,0.004580302629619837,0.045954521745443344,0.02561023086309433,0.04142173007130623,0.10263294726610184,0.06884642690420151,0.08702172338962555,0.12418578565120697,0.021225811913609505,0.10203687101602554,0.06902819126844406,0.04629099741578102,0.010808451101183891,0.00949954055249691,0.003570918459445238,0.0057112290523946285,0.008263932541012764,0.06861800700426102,0.005819612182676792,0.005703074391931295,0.3115505576133728,0.12259358167648315,0.008106241002678871,0.17663533985614777,0.001427173032425344,0.011712857522070408,0.003584520658478141,0.001219145953655243,0.24087588489055634,0.1501198559999466,0.02762707509100437,0.05872305482625961,0.003832277376204729,0.05376427248120308,0.04510017856955528,0.006427482236176729,0.02101372368633747,0.005202331114560366,0.03898577019572258,0.1407717764377594,0.04470815882086754,0.005595661699771881,0.009541899897158146,0.04492047429084778,0.005297222174704075,0.012448389083147049,0.04500137269496918,,,,,,,,,,,,,,,
unknown,井,252,253,346.78244,347.28244,0.5644531,,0.02578623592853546,0.023502154275774956,0.07412756234407425,0.15165066719055176,0.004147199913859367,0.03564172610640526,0.0061742994002997875,0.02508358843624592,0.027927931398153305,0.04845007136464119,0.09645409882068634,0.07736054062843323,0.10282737016677856,0.11686035990715027,0.02354026772081852,0.12607087194919586,0.06741265952587128,0.06510306149721146,0.015734462067484856,0.010616054758429527,0.004069180227816105,0.00784891564399004,0.010494066402316093,0.06029269099235535,0.006740073207765818,0.006400797050446272,0.3016930818557739,0.06699053943157196,0.005925074685364962,0.16415880620479584,0.001637308276258409,0.013542083092033863,0.005428943783044815,0.0012223166413605213,0.19409573078155518,0.13036811351776123,0.01433821301907301,0.035855911672115326,0.006528873462229967,0.06106451153755188,0.0473036952316761,0.012263906188309193,0.008346726186573505,0.006211915053427219,0.04484785348176956,0.18118560314178467,0.020770609378814697,0.006783423479646444,0.012102038599550724,0.045019567012786865,0.005874274298548698,0.017479171976447105,0.069766566157341,,,,,,,,,,,,,,,
unknown,か,254,255,350.93665,351.09644,0.8930664,,0.053838443011045456,0.0483272559940815,0.1660594642162323,0.17464110255241394,0.0031901078764349222,0.022191578522324562,0.006669618189334869,0.045802656561136246,0.031066255643963814,0.031409937888383865,0.08990786969661713,0.06300966441631317,0.11544337123632431,0.1338748335838318,0.021012218669056892,0.11169075965881348,0.0560031495988369,0.04532735422253609,0.012248283252120018,0.010052562691271305,0.0041685691103339195,0.009701241739094257,0.011318826116621494,0.06711471825838089,0.007408507168292999,0.013067107647657394,0.2704397141933441,0.11372800171375275,0.00723985442891717,0.12155557423830032,0.0026587850879877806,0.015979286283254623,0.004254565108567476,0.0021762410178780556,0.2065591961145401,0.1510618031024933,0.02918226271867752,0.04891621693968773,0.012977320700883865,0.06367562711238861,0.03418756648898125,0.007174615748226643,0.01566232182085514,0.00908128172159195,0.05608852952718735,0.14005500078201294,0.024099668487906456,0.006869515869766474,0.010372803546488285,0.03616604954004288,0.010499712079763412,0.012863745912909508,0.0510590523481369,,,,,,,,,,,,,,,
unknown,わ,256,257,351.09644,351.2562,0.9633789,,0.04053428769111633,0.04062763229012489,0.16556690633296967,0.17157061398029327,0.0036718600895255804,0.02612123265862465,0.004970476031303406,0.04685348644852638,0.019899070262908936,0.03083617612719536,0.07311850786209106,0.06588350236415863,0.08816064894199371,0.12469968944787979,0.02324083261191845,0.09366267919540405,0.08881059288978577,0.05372820422053337,0.0143355717882514,0.012457871809601784,0.004972262308001518,0.007632327266037464,0.010387687012553215,0.10055419057607651,0.005321956705302,0.005017015151679516,0.2906147241592407,0.1411527395248413,0.007961784489452839,0.16837431490421295,0.0022904234938323498,0.010445895604789257,0.00301185785792768,0.0020707647781819105,0.19136910140514374,0.13875643908977509,0.023243319243192673,0.03979352489113808,0.005981192924082279,0.04639264568686485,0.03725971654057503,0.005922249052673578,0.021159334108233452,0.005763152614235878,0.05140092968940735,0.1402406394481659,0.05230988562107086,0.005694789811968803,0.010861472226679325,0.03990498557686806,0.0039392029866576195,0.011800066567957401,0.054136164486408234,,,,,,,,,,,,,,,
unknown,い,258,259,351.2562,351.3361,0.5673828,,0.05451640114188194,0.055448517203330994,0.216518834233284,0.17819911241531372,0.003239629790186882,0.02238624356687069,0.005166006740182638,0.05976718291640282,0.019495712593197823,0.03241828829050064,0.08621495217084885,0.0667928010225296,0.08528010547161102,0.14053678512573242,0.026145225390791893,0.10311823338270187,0.11247225850820541,0.04565142095088959,0.012564212083816528,0.012949354946613312,0.005254440940916538,0.006951231975108385,0.010990661568939686,0.10304088890552521,0.004981705918908119,0.004584877286106348,0.27642232179641724,0.18173162639141083,0.010050627402961254,0.16124895215034485,0.002684351522475481,0.014315701089799404,0.0026350896805524826,0.0024322893004864454,0.20932553708553314,0.15188808739185333,0.02949652075767517,0.051330991089344025,0.004636337980628014,0.039824727922677994,0.03622518107295036,0.005792833399027586,0.028120653703808784,0.005670518148690462,0.05961817875504494,0.14111776649951935,0.061425257474184036,0.0054056704975664616,0.009407604113221169,0.039690181612968445,0.0038033861201256514,0.009786562994122505,0.04471491649746895,,,,,,,,,,,,,,,
unknown,い,260,261,351.3361,351.8361,0.8964844,,0.037245217710733414,0.03813270106911659,0.1486247330904007,0.1823955476284027,0.004877034574747086,0.03511185199022293,0.00647975318133831,0.04502207040786743,0.024111896753311157,0.0359184704720974,0.06464996933937073,0.06279874593019485,0.0825652927160263,0.0927361398935318,0.023683885112404823,0.10194922238588333,0.1025112047791481,0.050903674215078354,0.016648517921566963,0.01335329469293356,0.007016285322606564,0.01114686205983162,0.009768228977918625,0.12696927785873413,0.007800812367349863,0.005833878181874752,0.2801454961299896,0.1270938515663147,0.007832258939743042,0.17983940243721008,0.002880714600905776,0.013304329477250576,0.003975977655500174,0.0027832104824483395,0.16466690599918365,0.14172983169555664,0.023038597777485847,0.030667170882225037,0.010193909518420696,0.05236884206533432,0.03794857859611511,0.008898425847291946,0.020763088017702103,0.00616027507930994,0.057432036846876144,0.16634832322597504,0.07261942327022552,0.007098958361893892,0.014109871350228786,0.04962797835469246,0.0041047013364732265,0.020805398002266884,0.06425495445728302,,,,,,,,,,,,,,,
unknown,悲,262,263,356.86282,357.2221,0.9003906,,0.03141939267516136,0.03553611412644386,0.21997246146202087,0.09385614097118378,0.0033872416242957115,0.03381141647696495,0.007574082817882299,0.034898221492767334,0.024669472128152847,0.08987174183130264,0.12083245813846588,0.027991238981485367,0.04288296401500702,0.0758494958281517,0.02298942767083645,0.16341225802898407,0.028552638366818428,0.019657885655760765,0.039476361125707626,0.014478666707873344,0.006201795302331448,0.017173821106553078,0.005789161194115877,0.04974980279803276,0.009935573674738407,0.007570435758680105,0.1424352377653122,0.0815887525677681,0.005049400497227907,0.08324246108531952,0.0023636193946003914,0.023073824122548103,0.0061309002339839935,0.002209137659519911,0.06730940192937851,0.13418683409690857,0.022295361384749413,0.043626587837934494,0.01475139707326889,0.045659951865673065,0.037196606397628784,0.012081997469067574,0.009883249178528786,0.049012962728738785,0.05299621447920799,0.13439638912677765,0.011854618787765503,0.01258203573524952,0.01222686842083931,0.02126169390976429,0.005238990765064955,0.04511062055826187,0.0366104431450367,,,,,,,,,,,,,,,
unknown,い,264,265,357.2221,357.7221,0.7578125,,0.010801085270941257,0.010641362518072128,0.03164929896593094,0.09955848008394241,0.00844532623887062,0.06495379656553268,0.011174051091074944,0.014207081869244576,0.03269968181848526,0.14819322526454926,0.06730586290359497,0.013379482552409172,0.034854989498853683,0.04013896360993385,0.03143127262592316,0.11512912064790726,0.01224365271627903,0.019423512741923332,0.08898238837718964,0.023119617253541946,0.010535990819334984,0.033227186650037766,0.007831458933651447,0.04077412933111191,0.01579778455197811,0.009265479631721973,0.10771219432353973,0.026223720982670784,0.0033944782335311174,0.08895763754844666,0.002826119540259242,0.010319357737898827,0.009581755846738815,0.0022405749186873436,0.027950644493103027,0.08937230706214905,0.008432351984083652,0.014700827188789845,0.02451733686029911,0.04099316522479057,0.04072749242186546,0.02103537693619728,0.004010272677987814,0.10298945009708405,0.08042039722204208,0.101176917552948,0.008454039692878723,0.022117052227258682,0.023625021800398827,0.018171699717640877,0.006246003322303295,0.12324105948209763,0.04939671978354454,,,,,,,,,,,,,,,
unknown,言,266,267,363.7695,363.96912,0.95703125,,0.009182926267385483,0.013428975827991962,0.02483910508453846,0.07722734659910202,0.007929510436952114,0.048205628991127014,0.017830219119787216,0.012089025229215622,0.04233870282769203,0.07891201227903366,0.06854058802127838,0.014577277936041355,0.02766435593366623,0.043638549745082855,0.02401791326701641,0.11372330784797668,0.022438647225499153,0.03248104453086853,0.06833508610725403,0.014774992130696774,0.008838088251650333,0.0451984740793705,0.007680326234549284,0.05300905928015709,0.025389693677425385,0.014259315095841885,0.11606273800134659,0.029554100707173347,0.003209017915651202,0.08986757695674896,0.004244349896907806,0.01455929595977068,0.026011304929852486,0.002643975429236889,0.026431148871779442,0.0909281075000763,0.01680644601583481,0.019380539655685425,0.03518959507346153,0.04342744126915932,0.04506925866007805,0.027311161160469055,0.009441964328289032,0.11016964912414551,0.050985854119062424,0.10439654439687729,0.019611680880188942,0.036420371383428574,0.01807052083313465,0.016121292486786842,0.009052452631294727,0.14968639612197876,0.0513116829097271,,,,,,,,,,,,,,,
unknown,葉,268,269,363.96912,364.46912,0.9614258,,0.008608910255134106,0.010904829949140549,0.024841591715812683,0.06767553836107254,0.00955718383193016,0.06276295334100723,0.01925949938595295,0.008623343892395496,0.05409690737724304,0.10026592761278152,0.0706927701830864,0.015630127862095833,0.038809485733509064,0.05084773898124695,0.02921910770237446,0.0838446244597435,0.019693858921527863,0.028560368344187737,0.09953855723142624,0.024863040074706078,0.01075869332998991,0.04974076896905899,0.01070199254900217,0.021956058219075203,0.029276849702000618,0.018100598827004433,0.07480546832084656,0.02300560288131237,0.003322931472212076,0.04846925660967827,0.00500293355435133,0.010771272704005241,0.024947363883256912,0.003001551376655698,0.02832568995654583,0.049764540046453476,0.011930807493627071,0.02221813052892685,0.033403217792510986,0.03079247660934925,0.050015609711408615,0.02164503000676632,0.007017259951680899,0.1569959819316864,0.05756612867116928,0.072002112865448,0.013365866616368294,0.04038991034030914,0.022206095978617668,0.012072740122675896,0.013121236115694046,0.07282668352127075,0.03236625716090202,,,,,,,,,,,,,,,
unknown,n,270,271,369.07928,369.19904,0.96533203,,0.010202168487012386,0.01579318754374981,0.02565094828605652,0.054145447909832,0.01866474561393261,0.08554960042238235,0.021321618929505348,0.01072894036769867,0.0424252524971962,0.09186244755983353,0.04724115878343582,0.02118191309273243,0.0499589703977108,0.04451792314648628,0.029756642878055573,0.05358562245965004,0.032182998955249786,0.05060183256864548,0.08711247146129608,0.02376164309680462,0.009809361770749092,0.056855347007513046,0.009873811155557632,0.027478080242872238,0.017972175031900406,0.01408306509256363,0.11389242857694626,0.028273897245526314,0.004619178362190723,0.08626118302345276,0.005822694860398769,0.009202481247484684,0.01773757115006447,0.0032993978820741177,0.037100765854120255,0.054807279258966446,0.015561919659376144,0.021315624937415123,0.032781586050987244,0.036035776138305664,0.035255514085292816,0.010790424421429634,0.009160938672721386,0.13701048493385315,0.04978588968515396,0.051237937062978745,0.015793483704328537,0.02731805294752121,0.022187288850545883,0.01094901654869318,0.009563249535858631,0.05761343985795975,0.03419691324234009,,,,,,,,,,,,,,,
unknown,a,272,273,369.19904,369.47852,0.5732422,,0.010828470811247826,0.016202284023165703,0.02260143682360649,0.05558386817574501,0.015942305326461792,0.1079944297671318,0.021785132586956024,0.01202071737498045,0.04246602579951286,0.140578955411911,0.07279149442911148,0.02716970071196556,0.06878040730953217,0.08688841015100479,0.036190636456012726,0.045237891376018524,0.03401896357536316,0.040454424917697906,0.1180570051074028,0.03955313563346863,0.009770344011485577,0.04280296340584755,0.01960521750152111,0.015705149620771408,0.013882008381187916,0.011397014372050762,0.0821801945567131,0.03336942568421364,0.006773366127163172,0.06559984385967255,0.005917554721236229,0.0055046831257641315,0.011278367601335049,0.002433069283142686,0.05952826142311096,0.03908855468034744,0.01454080268740654,0.029530324041843414,0.017621440812945366,0.01983153633773327,0.05417748540639877,0.008404782973229885,0.014209520071744919,0.13443350791931152,0.04847123101353645,0.03668881580233574,0.022657960653305054,0.02236475609242916,0.027370179072022438,0.012405534274876118,0.00872865878045559,0.05337813124060631,0.01781155727803707,,,,,,,,,,,,,,,
unknown,c,274,275,369.47852,369.91766,0.9814453,,0.010821661911904812,0.016142193228006363,0.02016410045325756,0.05763426423072815,0.018161511048674583,0.12394560873508453,0.025164717808365822,0.010794345289468765,0.047045908868312836,0.1393580138683319,0.060406122356653214,0.029680397361516953,0.07979841530323029,0.08139819651842117,0.03727162629365921,0.040896374732255936,0.03757624700665474,0.05122841149568558,0.13691683113574982,0.03971617668867111,0.009244528599083424,0.04640163481235504,0.023805569857358932,0.014674394391477108,0.01561800204217434,0.01042682584375143,0.09318789839744568,0.030186142772436142,0.00731626246124506,0.07499874383211136,0.006417077966034412,0.005873201414942741,0.013292125426232815,0.0022742715664207935,0.059340592473745346,0.039096899330616,0.015343757346272469,0.028586573898792267,0.018569976091384888,0.022236553952097893,0.048501238226890564,0.00688402634114027,0.013044271618127823,0.1335558444261551,0.05271223559975624,0.03434552997350693,0.019380901008844376,0.02442997694015503,0.027688441798090935,0.011727864854037762,0.008026757277548313,0.055625446140766144,0.01879306137561798,,,,,,,,,,,,,,,
unknown,l,276,277,369.91766,370.41766,0.99072266,,0.010843132622539997,0.015826711431145668,0.022326715290546417,0.08996184170246124,0.014397794380784035,0.11151949316263199,0.028240293264389038,0.011375371366739273,0.05837726220488548,0.1278921365737915,0.07056453078985214,0.027944233268499374,0.07332133501768112,0.09742223471403122,0.040269121527671814,0.04710026830434799,0.041748613119125366,0.04422852396965027,0.11922751367092133,0.04084407165646553,0.010273228399455547,0.04355096444487572,0.027801821008324623,0.015640420839190483,0.01862167939543724,0.012042801827192307,0.0851050391793251,0.03256477043032646,0.008130214177072048,0.07389494776725769,0.00830860249698162,0.006549602374434471,0.011355819180607796,0.002802575472742319,0.06256406754255295,0.04431215301156044,0.015640059486031532,0.029939299449324608,0.019700901582837105,0.0222760196775198,0.05796647071838379,0.009473292157053947,0.016538172960281372,0.12526947259902954,0.08177629858255386,0.04070698842406273,0.02531297504901886,0.023304367437958717,0.02865634486079216,0.014893854036927223,0.009245484136044979,0.03706531971693039,0.01905387081205845,,,,,,,,,,,,,,,
unknown,森,278,279,377.07663,377.57663,0.99365234,,0.017386700958013535,0.029828736558556557,0.03314702585339546,0.10128867626190186,0.01088090892881155,0.07055187970399857,0.02296604961156845,0.021997105330228806,0.046754274517297745,0.08924110233783722,0.09426024556159973,0.033541787415742874,0.07617602497339249,0.08929792791604996,0.03085969388484955,0.07056643068790436,0.03877619281411171,0.0469290055334568,0.06774140894412994,0.025148136541247368,0.007610786240547895,0.036609191447496414,0.017862798646092415,0.03514588996767998,0.015074565075337887,0.01198116410523653,0.1107596829533577,0.05714324861764908,0.0054567488841712475,0.10422709584236145,0.008014402352273464,0.012896417640149593,0.009072339162230492,0.0033392426557838917,0.06627360731363297,0.0773744136095047,0.02954493649303913,0.03513249754905701,0.017355646938085556,0.029974445700645447,0.059842418879270554,0.01588958129286766,0.029279449954628944,0.08749283850193024,0.0715213418006897,0.0645652711391449,0.03927287086844444,0.01720595918595791,0.026757678017020226,0.024794859811663628,0.009257573634386063,0.03692984580993652,0.03171971067786217,,,,,,,,,,,,,,,
unknown,マ,280,281,381.58615,381.70587,0.9472656,,0.013534720987081528,0.021295491605997086,0.024716364219784737,0.10481936484575272,0.012207048945128918,0.0670861229300499,0.05197984725236893,0.019130703061819077,0.059982798993587494,0.057775016874074936,0.06028040125966072,0.029176613315939903,0.08195551484823227,0.06520618498325348,0.022819938138127327,0.05436553806066513,0.016726186498999596,0.04093901440501213,0.07979115098714828,0.02167338691651821,0.007629096042364836,0.08122213929891586,0.02046985924243927,0.03870753198862076,0.027769334614276886,0.02500448003411293,0.10818010568618774,0.042356401681900024,0.0031044199131429195,0.11390003561973572,0.018756259232759476,0.011875971220433712,0.013621378690004349,0.007583704311400652,0.04542481154203415,0.07992502301931381,0.0290183424949646,0.04398747906088829,0.04568980634212494,0.02663978561758995,0.058822162449359894,0.02997627481818199,0.026596199721097946,0.14003339409828186,0.055392879992723465,0.05378289520740509,0.027333257719874382,0.025168318301439285,0.04926024377346039,0.03249165415763855,0.017048614099621773,0.06311527639627457,0.037715137004852295,,,,,,,,,,,,,,,
unknown,イ,282,283,381.70587,381.8655,0.8618164,,0.011509787291288376,0.017111102119088173,0.018966728821396828,0.07883971929550171,0.012999402359127998,0.08289635926485062,0.03520404174923897,0.014884086325764656,0.05072441324591637,0.06852026283740997,0.05763886868953705,0.024830438196659088,0.09374388307332993,0.06789530813694,0.026313416659832,0.049209337681531906,0.013156551867723465,0.036854155361652374,0.09961877763271332,0.029432950541377068,0.007820993661880493,0.06341420114040375,0.019797323271632195,0.02428337186574936,0.02035457082092762,0.02268225885927677,0.09149974584579468,0.030234651640057564,0.0029081664979457855,0.0857643410563469,0.0093919038772583,0.009555209428071976,0.012315691448748112,0.004324754700064659,0.04253546521067619,0.057958025485277176,0.02282116562128067,0.042730797082185745,0.03233512490987778,0.021283745765686035,0.06171286478638649,0.02670196071267128,0.0167137049138546,0.14879818260669708,0.049199189990758896,0.04484086483716965,0.018015515059232712,0.022169023752212524,0.04831525310873985,0.026992417871952057,0.0174444317817688,0.07599955052137375,0.03162737190723419,,,,,,,,,,,,,,,
unknown,ナ,284,285,381.8655,382.02515,0.96777344,,0.013154026120901108,0.014919736422598362,0.015379468910396099,0.07722533494234085,0.019160648807883263,0.09803299605846405,0.023273006081581116,0.013756169006228447,0.046327363699674606,0.06673885136842728,0.03976982831954956,0.02147301286458969,0.11404344439506531,0.0671117752790451,0.032558973878622055,0.04081648215651512,0.013319296762347221,0.03850821405649185,0.12433071434497833,0.03759993985295296,0.009390306659042835,0.050713036209344864,0.023882072418928146,0.018740059807896614,0.019629739224910736,0.016744442284107208,0.09887737780809402,0.024346748366951942,0.004060031846165657,0.08331912755966187,0.006225188262760639,0.006977409590035677,0.010949933901429176,0.003443364053964615,0.04635067284107208,0.04989928752183914,0.014862721785902977,0.04998579993844032,0.026481550186872482,0.028240138664841652,0.05845458060503006,0.016784345731139183,0.010193671099841595,0.14332208037376404,0.05310835689306259,0.04187336191534996,0.013497577980160713,0.022917456924915314,0.05416737496852875,0.02775770053267479,0.013092873618006706,0.05010715126991272,0.0375269390642643,,,,,,,,,,,,,,,
unknown,ス,286,287,382.02515,382.18475,0.9550781,,0.013675090856850147,0.012597753666341305,0.016023291274905205,0.08372412621974945,0.017892243340611458,0.11755206435918808,0.02192595601081848,0.013267667032778263,0.05038207769393921,0.07754389196634293,0.04955986514687538,0.027662377804517746,0.11623463034629822,0.09317485988140106,0.039372898638248444,0.039553217589855194,0.01320197619497776,0.045226775109767914,0.14462019503116608,0.048359792679548264,0.010485912673175335,0.04468246176838875,0.03130031004548073,0.011965606361627579,0.021564433351159096,0.01949646696448326,0.08254405111074448,0.023559818044304848,0.005638772621750832,0.05855853110551834,0.005656395573168993,0.0068776593543589115,0.012074660509824753,0.0029257528949528933,0.05556212365627289,0.0364702083170414,0.01162009034305811,0.047834064811468124,0.02292541041970253,0.02806738391518593,0.07223162055015564,0.015707800164818764,0.008904690854251385,0.14363820850849152,0.07191616296768188,0.04030320420861244,0.012506375089287758,0.02589935064315796,0.052219364792108536,0.02475770376622677,0.016460053622722626,0.05251824110746384,0.032688237726688385,,,,,,,,,,,,,,,
unknown,で,288,289,382.18475,382.3843,0.7158203,,0.010544952005147934,0.009070404805243015,0.01582985743880272,0.05789371207356453,0.01237496268004179,0.09544941782951355,0.02833569422364235,0.012621681205928326,0.052074532955884933,0.09032271802425385,0.053707193583250046,0.025544913485646248,0.112289659678936,0.08779419213533401,0.025890963152050972,0.035830412060022354,0.01075567677617073,0.03152213990688324,0.17937661707401276,0.036752425134181976,0.009333291091024876,0.06582798063755035,0.029689142480492592,0.009936518967151642,0.026666991412639618,0.020997395738959312,0.05521195009350777,0.022333169355988503,0.0035427804104983807,0.041596926748752594,0.007852300070226192,0.0068629044108092785,0.015231484547257423,0.0038480195216834545,0.04276905953884125,0.025647806003689766,0.008085895329713821,0.04863830655813217,0.032217346131801605,0.018212605267763138,0.08269981294870377,0.019260307773947716,0.006451140157878399,0.22960351407527924,0.05166235938668251,0.03352691978216171,0.008894969709217548,0.03275655210018158,0.0670318529009819,0.023389287292957306,0.016300305724143982,0.07874122262001038,0.024394486099481583,,,,,,,,,,,,,,,
unknown,子,290,291,382.3843,382.8843,0.96972656,,0.013079782947897911,0.01616913266479969,0.019063808023929596,0.07662031054496765,0.013711946085095406,0.07888168841600418,0.03170404210686684,0.016965845599770546,0.05359599366784096,0.06480009108781815,0.04909222945570946,0.03065590187907219,0.13882429897785187,0.09022233635187149,0.022583860903978348,0.03836924955248833,0.025897735729813576,0.044573865830898285,0.1258222609758377,0.024866841733455658,0.007430149707943201,0.06337521225214005,0.025082074105739594,0.020901119336485863,0.026127533987164497,0.02004191465675831,0.08857923746109009,0.0352625846862793,0.005045916885137558,0.08187609910964966,0.008809693157672882,0.00676916865631938,0.019038228318095207,0.004445042926818132,0.06737861782312393,0.042902372777462006,0.01524030975997448,0.056822214275598526,0.03143356367945671,0.028331223875284195,0.06867853552103043,0.014509470202028751,0.012753690592944622,0.1734284609556198,0.041497744619846344,0.04210464283823967,0.018905581906437874,0.03062097355723381,0.05938461422920227,0.028981070965528488,0.014458230696618557,0.045839082449674606,0.031948432326316833,,,,,,,,,,,,,,,
unknown,ボ,292,293,386.07224,386.232,0.7871094,,0.0056712329387664795,0.007268281653523445,0.008792147971689701,0.10311286896467209,0.014383089728653431,0.14230464398860931,0.02393687702715397,0.006950981914997101,0.07395686209201813,0.0878375843167305,0.025849858298897743,0.012348461896181107,0.13081155717372894,0.0529407374560833,0.020664431154727936,0.016685733571648598,0.017405467107892036,0.016793444752693176,0.20559793710708618,0.031674277037382126,0.007332189474254847,0.05552786588668823,0.021370895206928253,0.007136649917811155,0.04134916141629219,0.00859762355685234,0.05085873603820801,0.01418124046176672,0.004471036605536938,0.05345664173364639,0.005459513049572706,0.003903021803125739,0.023278480395674706,0.0027375260833650827,0.044161107391119,0.022945178672671318,0.006456839386373758,0.03854699432849884,0.01625935733318329,0.012221178039908409,0.0652075931429863,0.007377347908914089,0.005322970449924469,0.18370842933654785,0.08122171461582184,0.019185759127140045,0.009018044918775558,0.03663251921534538,0.06992581486701965,0.019629154354333878,0.007018790114670992,0.04242609441280365,0.011299560777842999,,,,,,,,,,,,,,,
unknown,ー,294,295,386.232,386.39175,0.83691406,,0.004136352799832821,0.00664442079141736,0.005875208880752325,0.07540526986122131,0.01703021489083767,0.16804324090480804,0.026913512498140335,0.005307705141603947,0.09342467784881592,0.08455298095941544,0.01735634356737137,0.007590475957840681,0.09243705123662949,0.027360348030924797,0.016355060040950775,0.013079271651804447,0.01379077322781086,0.010926829650998116,0.19567207992076874,0.023165002465248108,0.008829275146126747,0.07581328600645065,0.012497189454734325,0.005880947690457106,0.07346287369728088,0.010662611573934555,0.0375916063785553,0.00956649612635374,0.0033673029392957687,0.041328947991132736,0.004054349847137928,0.004584146663546562,0.04638419672846794,0.0028088469989597797,0.023800278082489967,0.020717134699225426,0.007428924087435007,0.03805055841803551,0.026995306834578514,0.00996018573641777,0.06899181753396988,0.009074636735022068,0.004776035435497761,0.19429783523082733,0.056769099086523056,0.01536608301103115,0.006756794173270464,0.05611685663461685,0.08125361800193787,0.022395944222807884,0.00781865231692791,0.08101847022771835,0.009236154146492481,,,,,,,,,,,,,,,
unknown,ル,296,297,386.39175,386.89175,0.8984375,,0.0045676035806536674,0.008659249171614647,0.006155157927423716,0.08228186517953873,0.013002232648432255,0.132991224527359,0.03479909151792526,0.00484804529696703,0.10956452041864395,0.0902768149971962,0.018891094252467155,0.006464461330324411,0.07456609606742859,0.02735307812690735,0.015198842622339725,0.012691663578152657,0.017573921009898186,0.010590746067464352,0.18844939768314362,0.021620016545057297,0.006661331281065941,0.07997915893793106,0.015218966640532017,0.005580577999353409,0.061611808836460114,0.012759819626808167,0.03842008486390114,0.009709728881716728,0.003923844080418348,0.04476743936538696,0.005903609562665224,0.0042972988449037075,0.03453390672802925,0.002585248090326786,0.02615370787680149,0.022765671834349632,0.012053891085088253,0.039100006222724915,0.028625283390283585,0.008362318389117718,0.061275750398635864,0.007789548486471176,0.008837143890559673,0.2552424669265747,0.05977201461791992,0.013180057518184185,0.010521476157009602,0.045996684581041336,0.06833009421825409,0.017129549756646156,0.009829790331423283,0.058985527604818344,0.006804949138313532,,,,,,,,,,,,,,,
unknown,キ,298,299,393.3412,393.8412,0.48535156,,0.005826568230986595,0.01147602591663599,0.00822941679507494,0.09676504135131836,0.012951566837728024,0.11439486593008041,0.03312157467007637,0.007793379481881857,0.09623811393976212,0.07138672471046448,0.02587122842669487,0.010650770738720894,0.12404147535562515,0.0412110798060894,0.016016263514757156,0.016175683587789536,0.02843393385410309,0.015311839990317822,0.1487821489572525,0.022259969264268875,0.00717395544052124,0.0656086876988411,0.018003910779953003,0.01045073103159666,0.05169650539755821,0.01251918449997902,0.05164510756731033,0.01684422418475151,0.004405314568430185,0.061997707933187485,0.006453108042478561,0.004355664364993572,0.038304395973682404,0.003333947155624628,0.043847888708114624,0.029258059337735176,0.013660596683621407,0.045210011303424835,0.020288042724132538,0.010375481098890305,0.06150904670357704,0.008336666040122509,0.011759137734770775,0.17532682418823242,0.05309748277068138,0.01811296120285988,0.019307026639580727,0.043510470539331436,0.07067371904850006,0.022760678082704544,0.010163262486457825,0.04708467051386833,0.009543100371956825,,,,,,,,,,,,,,,
unknown,明,300,301,398.47,398.79,1.0,,0.005497371777892113,0.007535125128924847,0.010233309119939804,0.1350526660680771,0.012671955861151218,0.14030344784259796,0.03166019171476364,0.006034189835190773,0.09940151125192642,0.08299645781517029,0.018710894510149956,0.013237059116363525,0.12559811770915985,0.041044414043426514,0.019201310351490974,0.013653782196342945,0.01985263079404831,0.019839130342006683,0.1509493887424469,0.02716316096484661,0.007851110771298409,0.0626772940158844,0.02036486566066742,0.007634935434907675,0.053893107920885086,0.009487691335380077,0.06260854005813599,0.0132607975974679,0.004237037617713213,0.06564051657915115,0.006543013267219067,0.003289544954895973,0.024048086255788803,0.0031110665295273066,0.041613467037677765,0.026258599013090134,0.006620032712817192,0.03092036210000515,0.019610695540905,0.01327871810644865,0.057176586240530014,0.006044398527592421,0.00503741716966033,0.13762211799621582,0.08057758212089539,0.017290085554122925,0.009034809656441212,0.03614024072885513,0.060366760939359665,0.019468756392598152,0.0070448205806314945,0.037451766431331635,0.01100692804902792,,,,,,,,,,,,,,,
unknown,る,302,303,398.79,398.91,0.9921875,,0.009047075174748898,0.015205624513328075,0.013074844144284725,0.1388208419084549,0.006158116739243269,0.0661097913980484,0.021966850385069847,0.009537113830447197,0.09667360037565231,0.06926334649324417,0.024969080463051796,0.013386876322329044,0.14459720253944397,0.03819305822253227,0.012271977961063385,0.02428462542593479,0.016265928745269775,0.020245889201760292,0.0928017869591713,0.014692500233650208,0.0038975465577095747,0.03666703775525093,0.01788702979683876,0.018123546615242958,0.04159874841570854,0.00804401095956564,0.1141575276851654,0.020671114325523376,0.0026955462526530027,0.1286485195159912,0.004396392963826656,0.005050359293818474,0.02016163058578968,0.0019432692788541317,0.05254765599966049,0.06111408770084381,0.014550210908055305,0.042845673859119415,0.012381111271679401,0.019405346363782883,0.05521378666162491,0.008582167327404022,0.009568083100020885,0.09533895552158356,0.04460114240646362,0.02882578782737255,0.01344485953450203,0.026824157685041428,0.05098220705986023,0.034676581621170044,0.006506980396807194,0.034186623990535736,0.019302360713481903,,,,,,,,,,,,,,,
unknown,い,304,305,398.91,399.41,0.99902344,,0.013587472029030323,0.02671101503074169,0.02323000878095627,0.17665837705135345,0.0035744665656238794,0.04561745375394821,0.017122434452176094,0.013125285506248474,0.0966402068734169,0.06382443010807037,0.03874118626117706,0.01358115766197443,0.12069037556648254,0.05381608381867409,0.011839224956929684,0.037412259727716446,0.018556933850049973,0.020397793501615524,0.06495382636785507,0.01198350079357624,0.0029304432682693005,0.024170024320483208,0.017626630142331123,0.023585183545947075,0.03768713027238846,0.010072209872305393,0.1250150501728058,0.03186694160103798,0.0037477239966392517,0.12377779185771942,0.0032601519487798214,0.006605745293200016,0.01972259022295475,0.0013830644311383367,0.06859275698661804,0.09399556368589401,0.03127960115671158,0.058298639953136444,0.010958483442664146,0.026156365871429443,0.049137014895677567,0.007746402639895678,0.021172430366277695,0.08566480875015259,0.04975190386176109,0.03697969764471054,0.02212812379002571,0.024868706241250038,0.03296201676130295,0.03245803341269493,0.008540868759155273,0.035061586648225784,0.018598442897200584,,,,,,,,,,,,,,,
unknown,空,306,307,404.67,405.17,0.8666992,,0.010409622453153133,0.023497330024838448,0.031581711024045944,0.17459896206855774,0.003305755089968443,0.06367608159780502,0.01699811778962612,0.015273044817149639,0.08634805679321289,0.07968243211507797,0.05109874904155731,0.024038195610046387,0.17327523231506348,0.09460977464914322,0.011981560848653316,0.02619876340031624,0.029088474810123444,0.016728222370147705,0.05802028253674507,0.015455346554517746,0.003266987157985568,0.02262732945382595,0.020177045837044716,0.018289772793650627,0.02704021707177162,0.007268677465617657,0.0889144167304039,0.05264589935541153,0.004093483090400696,0.08306889981031418,0.003576987888664007,0.003989433404058218,0.013784490525722504,0.0016063159564509988,0.09689778834581375,0.059655748307704926,0.023833613842725754,0.09044314920902252,0.007971791550517082,0.01198774203658104,0.05470157787203789,0.0046293060295283794,0.02824479341506958,0.052250199019908905,0.04911138489842415,0.024612199515104294,0.03435252234339714,0.017660612240433693,0.031070221215486526,0.025583578273653984,0.005516662262380123,0.036335524171590805,0.008850475773215294,,,,,,,,,,,,,,,
unknown,チ,308,309,410.67,410.71,0.97216797,,0.007567563094198704,0.012421511113643646,0.01748136430978775,0.1547282189130783,0.006148594431579113,0.10259874165058136,0.016994357109069824,0.009745907038450241,0.08071014285087585,0.10249936580657959,0.04303096607327461,0.02111564204096794,0.17370398342609406,0.08172783255577087,0.015544755384325981,0.018873102962970734,0.030116207897663116,0.02073480375111103,0.10755651444196701,0.02346395142376423,0.004541150294244289,0.026950303465127945,0.022089112550020218,0.010450687259435654,0.027191471308469772,0.006734619848430157,0.07866636663675308,0.028045551851391792,0.00545726390555501,0.07699200510978699,0.0034171398729085922,0.0025741755962371826,0.014348012395203114,0.0015613598516210914,0.09568285942077637,0.03605186194181442,0.010101571679115295,0.04979230463504791,0.007595440372824669,0.01039859838783741,0.06250029057264328,0.004378797486424446,0.012433955445885658,0.07244922965765,0.05620507523417473,0.020560137927532196,0.022669881582260132,0.020596832036972046,0.04467543587088585,0.02425559051334858,0.005589812528342009,0.03002246282994747,0.00860268622636795,,,,,,,,,,,,,,,
unknown,ュ,310,311,410.71,410.79,0.99560547,,0.009044772945344448,0.012478404678404331,0.01692628674209118,0.15309953689575195,0.007926002144813538,0.1286257654428482,0.01281620841473341,0.010874803178012371,0.07303844392299652,0.10033661127090454,0.03601646050810814,0.01696605049073696,0.15419542789459229,0.07085612416267395,0.017056502401828766,0.017827322706580162,0.02658560499548912,0.020008612424135208,0.15315578877925873,0.0273314006626606,0.004929826594889164,0.024371253326535225,0.020415013656020164,0.009300771169364452,0.027865102514624596,0.006202655378729105,0.0834607258439064,0.024212613701820374,0.007321753539144993,0.08137623965740204,0.0024546135682612658,0.0028742216527462006,0.013040054589509964,0.0013048748951405287,0.09413164108991623,0.038638532161712646,0.009150310419499874,0.04608092084527016,0.007603649981319904,0.010530002415180206,0.06756889820098877,0.004212356638163328,0.011063171550631523,0.08069656044244766,0.06427325308322906,0.02099701017141342,0.018498718738555908,0.020640091970562935,0.05827541649341583,0.03189706802368164,0.0051750005222857,0.025816434994339943,0.009187432937324047,,,,,,,,,,,,,,,
unknown,ー,312,313,410.79,410.91,0.9863281,,0.006683231331408024,0.008772691711783409,0.01337575726211071,0.1335039734840393,0.012033616192638874,0.17313097417354584,0.010489000007510185,0.00869643036276102,0.05972258746623993,0.11201322823762894,0.030329987406730652,0.010365254245698452,0.09070251882076263,0.046376485377550125,0.020045315846800804,0.016606412827968597,0.019665751606225967,0.013399790041148663,0.2014777809381485,0.030729565769433975,0.0068872785195708275,0.027875840663909912,0.012155127711594105,0.006388414651155472,0.030252274125814438,0.00670054042711854,0.06472259759902954,0.01447453536093235,0.0072936853393912315,0.06434683501720428,0.001779252546839416,0.0031819171272218227,0.014293509535491467,0.0013989675790071487,0.05995438992977142,0.03391409292817116,0.006534697487950325,0.04259554296731949,0.009283713065087795,0.008821597322821617,0.07406039535999298,0.00497662927955389,0.006067606154829264,0.11407805979251862,0.07869072258472443,0.019615501165390015,0.008737869560718536,0.022940509021282196,0.07298199832439423,0.03146474063396454,0.005563698709011078,0.025399688631296158,0.008412512950599194,,,,,,,,,,,,,,,
unknown,リ,314,315,410.91,411.03,0.9995117,,0.013181542046368122,0.01741780899465084,0.022356107831001282,0.1771003007888794,0.012683270499110222,0.15929578244686127,0.010443860664963722,0.015580909326672554,0.04335285723209381,0.07227613031864166,0.04056016355752945,0.028519129380583763,0.09919390082359314,0.06920492649078369,0.02495448850095272,0.029726197943091393,0.04284123331308365,0.02987091988325119,0.11296181380748749,0.031803686171770096,0.007644531317055225,0.017512129619717598,0.01470880676060915,0.01453360728919506,0.021702097728848457,0.004223974887281656,0.1722819060087204,0.027072949334979057,0.007285377010703087,0.16554245352745056,0.0022691574413329363,0.006512725725769997,0.011073381640017033,0.0017915720818564296,0.1267702579498291,0.0715266764163971,0.011748407036066055,0.09047449380159378,0.0051218983717262745,0.015876175835728645,0.08652158826589584,0.006734842900186777,0.008879964239895344,0.024937011301517487,0.056280095130205154,0.046102311462163925,0.014003235846757889,0.014719168655574322,0.060804396867752075,0.06789981573820114,0.003566854167729616,0.01622822880744934,0.020120296627283096,,,,,,,,,,,,,,,
unknown,ッ,316,317,411.03,411.11002,0.9970703,,0.007241916377097368,0.00857861153781414,0.01215963251888752,0.12011118233203888,0.026288297027349472,0.29356229305267334,0.01570550538599491,0.008045438677072525,0.04891000688076019,0.08898728340864182,0.038872361183166504,0.04123132675886154,0.10970496386289597,0.05693886801600456,0.0307211522012949,0.0230500977486372,0.025623470544815063,0.05166393518447876,0.14663095772266388,0.04237372428178787,0.00848260149359703,0.02633790485560894,0.01631775125861168,0.008089831098914146,0.023537399247288704,0.0039374749176204205,0.15956604480743408,0.014953075908124447,0.004935181234031916,0.1474805325269699,0.002727645682170987,0.005327990744262934,0.01348751038312912,0.0016830157255753875,0.10732291638851166,0.044091831892728806,0.006406425032764673,0.053300052881240845,0.0061137741431593895,0.01578793115913868,0.08328099548816681,0.006930378265678883,0.004204389173537493,0.023426253348588943,0.046049218624830246,0.03696083277463913,0.006568946875631809,0.015774527564644814,0.06714559346437454,0.046426884829998016,0.003170522628352046,0.023933764547109604,0.0219632089138031,,,,,,,,,,,,,,,
unknown,プ,318,319,411.11002,411.61002,0.984375,,0.009004022926092148,0.010162093676626682,0.01864468865096569,0.12504567205905914,0.021226640790700912,0.25107163190841675,0.01319209299981594,0.010769151151180267,0.04339651018381119,0.10206318646669388,0.03775252401828766,0.042929306626319885,0.1316276490688324,0.063562773168087,0.031014490872621536,0.020005010068416595,0.029681459069252014,0.04164360091090202,0.11362123489379883,0.03907917067408562,0.009064237587153912,0.023391854017972946,0.01509254239499569,0.00693112425506115,0.02087409794330597,0.0031567076221108437,0.13847273588180542,0.0187949500977993,0.006137050688266754,0.12159329652786255,0.0024298159405589104,0.005435345694422722,0.010809484869241714,0.0017676010029390454,0.10825683176517487,0.03793143853545189,0.00519956462085247,0.05769416317343712,0.004529285244643688,0.01751595363020897,0.08270872384309769,0.0052226027473807335,0.0029444016981869936,0.024746980518102646,0.05894278734922409,0.032470379024744034,0.004763283301144838,0.014816734939813614,0.05526071414351463,0.04356319084763527,0.002728429390117526,0.017316503450274467,0.019626559689641,,,,,,,,,,,,,,,
unknown,硬,320,321,416.64233,416.96213,0.9716797,,0.009129326790571213,0.010172311216592789,0.01099524274468422,0.08333514630794525,0.04083084687590599,0.3462134599685669,0.01621343195438385,0.010271118022501469,0.04272126778960228,0.09404958784580231,0.03416275978088379,0.030791951343417168,0.11908106505870819,0.04784586280584335,0.036728549748659134,0.017090020701289177,0.01549525372684002,0.03361578285694122,0.19275252521038055,0.058857668191194534,0.012317431159317493,0.03443039953708649,0.016320915892720222,0.005424677859991789,0.022425800561904907,0.004697320517152548,0.10649096965789795,0.01379659678786993,0.005172282457351685,0.09945140779018402,0.003214820520952344,0.005553035531193018,0.012163170613348484,0.0023945968132466078,0.08151407539844513,0.03254631534218788,0.007184529677033424,0.05798555165529251,0.007522699888795614,0.012432725168764591,0.07356850057840347,0.005997012369334698,0.003769082948565483,0.03606094419956207,0.04726722836494446,0.02529202215373516,0.004679098259657621,0.017650291323661804,0.09133032709360123,0.04211512207984924,0.004026527050882578,0.025743858888745308,0.016320403665304184,,,,,,,,,,,,,,,
unknown,い,322,323,416.96213,417.46213,0.99609375,,0.01687951758503914,0.013769532553851604,0.017702214419841766,0.10334938764572144,0.024770699441432953,0.2599049508571625,0.016415948048233986,0.017346801236271858,0.04950210824608803,0.07772397994995117,0.03771350532770157,0.03734377399086952,0.12105871737003326,0.06405244022607803,0.030169732868671417,0.024989735335111618,0.015114988200366497,0.03237982094287872,0.17290860414505005,0.04523876681923866,0.011603386141359806,0.03310474008321762,0.018512029200792313,0.007331634871661663,0.034685343503952026,0.006174610462039709,0.11464740335941315,0.020114267244935036,0.005849428940564394,0.096415214240551,0.003621306736022234,0.009217633865773678,0.01408088393509388,0.0026745323557406664,0.09485933929681778,0.03942938148975372,0.007575307507067919,0.07473049312829971,0.009365486912429333,0.019584566354751587,0.11019966006278992,0.009571215137839317,0.004284699913114309,0.033398039638996124,0.044690631330013275,0.043080251663923264,0.006230230443179607,0.022441713139414787,0.09054361283779144,0.0677083432674408,0.004881857428699732,0.02963993325829506,0.024188686162233353,,,,,,,,,,,,,,,
unknown,飲,324,325,422.87823,422.99817,0.9995117,,0.028008177876472473,0.020077398046851158,0.028048301115632057,0.11782168596982956,0.011510088108479977,0.13228416442871094,0.011213389225304127,0.027306335046887398,0.05318233370780945,0.033977948129177094,0.03074318915605545,0.02592495083808899,0.1350027322769165,0.07161305099725723,0.02010730281472206,0.023995790630578995,0.016101069748401642,0.01899424009025097,0.13154545426368713,0.03689443692564964,0.009351304732263088,0.020206455141305923,0.01893572323024273,0.009268294088542461,0.03759939596056938,0.005709427874535322,0.15004046261310577,0.024072792381048203,0.006890647113323212,0.12930166721343994,0.003003030549734831,0.008558624424040318,0.015258945524692535,0.002774741966277361,0.14405547082424164,0.05444609373807907,0.007925908081233501,0.102496437728405,0.005467299837619066,0.02398521825671196,0.13322558999061584,0.007915089838206768,0.003726350609213114,0.025571364909410477,0.032052408903837204,0.0495702289044857,0.0054856883361935616,0.024190334603190422,0.10753506422042847,0.12473975121974945,0.004869541153311729,0.010461469180881977,0.02321258746087551,,,,,,,,,,,,,,,
unknown,む,326,327,422.99817,423.15805,0.8886719,,0.015390555374324322,0.016121625900268555,0.028530314564704895,0.1066761314868927,0.01391622330993414,0.15107287466526031,0.014955034479498863,0.015178216621279716,0.06577331572771072,0.05315662920475006,0.04314367473125458,0.032319363206624985,0.17262521386146545,0.08553951978683472,0.023749811574816704,0.024716127663850784,0.03143895044922829,0.02299409545958042,0.10713358968496323,0.039331283420324326,0.010949638672173023,0.024279849603772163,0.020463595166802406,0.008300457149744034,0.03256826847791672,0.004803088493645191,0.13914887607097626,0.024406826123595238,0.006298105698078871,0.10568523406982422,0.003587821964174509,0.0058412207290530205,0.019593140110373497,0.002795240841805935,0.14718233048915863,0.04749283194541931,0.007537222467362881,0.10258463770151138,0.006182427518069744,0.0209539495408535,0.08908584713935852,0.004233519081026316,0.00366393500007689,0.02559697814285755,0.028572797775268555,0.03927268460392952,0.005873408634215593,0.02511839009821415,0.05911850929260254,0.049574896693229675,0.003906982950866222,0.012159215286374092,0.015972044318914413,,,,,,,,,,,,,,,
unknown,も,328,329,423.15805,423.27798,0.90234375,,0.010038072243332863,0.01260866317898035,0.04003790393471718,0.11168986558914185,0.018423529341816902,0.18025122582912445,0.01799100451171398,0.011630658991634846,0.07609381526708603,0.07439833134412766,0.07154376804828644,0.03300945460796356,0.1272374540567398,0.1054152324795723,0.045058779418468475,0.039894912391901016,0.029851121827960014,0.023588353767991066,0.10479261726140976,0.07989180833101273,0.02585100568830967,0.02805190160870552,0.02151442877948284,0.009693600237369537,0.03598213195800781,0.006852684076875448,0.10732083767652512,0.02599412389099598,0.006715516559779644,0.07545056194067001,0.004514021333307028,0.006278121843934059,0.03382787108421326,0.004077788442373276,0.12660783529281616,0.04540175199508667,0.007047329563647509,0.05095580220222473,0.006949989590793848,0.022563794627785683,0.09056336432695389,0.005425776354968548,0.0038817801978439093,0.02945786900818348,0.04783647507429123,0.04853902757167816,0.007795712444931269,0.03865528106689453,0.04439644142985344,0.027791719883680344,0.005834314040839672,0.017816701903939247,0.01503049023449421,,,,,,,,,,,,,,,
unknown,の,330,331,423.27798,423.77798,0.8022461,,0.018796496093273163,0.026992041617631912,0.059041935950517654,0.19545841217041016,0.005354789085686207,0.0732870101928711,0.008217327296733856,0.017605403438210487,0.06324697285890579,0.07174990326166153,0.05517954379320145,0.030498823150992393,0.05941496416926384,0.07055587321519852,0.02500826120376587,0.04971686378121376,0.0805293619632721,0.028014330193400383,0.05283377319574356,0.030960794538259506,0.013162254355847836,0.010308853350579739,0.011767322197556496,0.02218923717737198,0.030727077275514603,0.0035795674193650484,0.2572420537471771,0.0383988618850708,0.00916237011551857,0.2157553881406784,0.002092281123623252,0.00708737364038825,0.02181597612798214,0.0020290601532906294,0.20067614316940308,0.10287760198116302,0.013854077085852623,0.0758671686053276,0.0027356420177966356,0.030746445059776306,0.08212628960609436,0.004329380113631487,0.007632772903889418,0.01177910715341568,0.03790722042322159,0.07961996644735336,0.021017106249928474,0.024859944358468056,0.02857629396021366,0.05785226821899414,0.0033642626367509365,0.009754039347171783,0.02104826830327511,,,,,,,,,,,,,,,
unknown,嫌,332,333,428.6886,428.84836,0.9135742,,0.02069813385605812,0.022727761417627335,0.07922834903001785,0.11377047747373581,0.006986209191381931,0.09279166162014008,0.009036974981427193,0.015696484595537186,0.028666168451309204,0.05568371340632439,0.0898427739739418,0.06965378671884537,0.05065461993217468,0.0647193044424057,0.0265982486307621,0.09364442527294159,0.025558140128850937,0.04709843918681145,0.03001292049884796,0.026007989421486855,0.008093147538602352,0.011675441637635231,0.005842159036546946,0.01383966114372015,0.012691240757703781,0.0042592259123921394,0.25172194838523865,0.025866536423563957,0.0028414016123861074,0.1600160449743271,0.0022929362021386623,0.021414104849100113,0.009296073578298092,0.0019273649668321013,0.17030006647109985,0.09367898851633072,0.01073404774069786,0.08784738928079605,0.003324083285406232,0.06376467645168304,0.0632377415895462,0.014726839028298855,0.0022600169759243727,0.009235202334821224,0.0259416364133358,0.1460488736629486,0.0038753433618694544,0.009489192627370358,0.018898524343967438,0.04534003138542175,0.00434486148878932,0.009736161679029465,0.0499408021569252,,,,,,,,,,,,,,,
unknown,だ,334,335,428.84836,429.34836,0.98291016,,0.03245095908641815,0.040772225707769394,0.10937345772981644,0.19315898418426514,0.003169867442920804,0.04137960076332092,0.007004683371633291,0.030748587101697922,0.038315292447805405,0.031019452959299088,0.05621758848428726,0.041382189840078354,0.06409527361392975,0.06391780823469162,0.018753306940197945,0.10642261803150177,0.03325284644961357,0.028264613822102547,0.023064065724611282,0.017471028491854668,0.007587790954858065,0.008120149374008179,0.007466111797839403,0.037236087024211884,0.02385573647916317,0.003195693716406822,0.3213292956352234,0.050372086465358734,0.0030068422202020884,0.2474132925271988,0.0019503965741023421,0.024874597787857056,0.015572241507470608,0.002194752683863044,0.18181104958057404,0.18753939867019653,0.020635897293686867,0.11066374182701111,0.002044855849817395,0.06552305817604065,0.07143336534500122,0.011646686121821404,0.004920231178402901,0.007006320636719465,0.02355947159230709,0.17242318391799927,0.00893455184996128,0.014630588702857494,0.023017488420009613,0.10139677673578262,0.0030793033074587584,0.007319347001612186,0.04970166087150574,,,,,,,,,,,,,,,
unknown,美,336,337,436.3163,436.47607,0.2680664,,0.05374610424041748,0.054361313581466675,0.32347390055656433,0.12670865654945374,0.004261439666152,0.08770290017127991,0.0058733271434903145,0.044993285089731216,0.027566635981202126,0.04662420228123665,0.10581236332654953,0.047858137637376785,0.056305643171072006,0.08385329693555832,0.027465736493468285,0.08890904486179352,0.026221683248877525,0.01669386401772499,0.047071341425180435,0.03982828930020332,0.01483752578496933,0.010405811481177807,0.006445449311286211,0.01264619454741478,0.01656123623251915,0.00393688352778554,0.15387672185897827,0.0631575658917427,0.0060626971535384655,0.07764631509780884,0.001854557660408318,0.022010615095496178,0.007214847020804882,0.0028584750834852457,0.1594570428133011,0.1049477607011795,0.019696693867444992,0.10997436195611954,0.0032927889842540026,0.0408705398440361,0.07418492436408997,0.0068009113892912865,0.005041539203375578,0.013765159994363785,0.03811999037861824,0.11592894792556763,0.006006747484207153,0.013053571805357933,0.0273283738642931,0.05763668939471245,0.0038343206979334354,0.007323788944631815,0.01893203891813755,,,,,,,,,,,,,,,
unknown,チ,338,339,436.47607,436.59586,0.7963867,,0.03204968944191933,0.03586512804031372,0.12292932718992233,0.10652846097946167,0.007667486555874348,0.10067731887102127,0.006913324818015099,0.029865451157093048,0.019934887066483498,0.06660746783018112,0.08722200989723206,0.04707547277212143,0.04630495235323906,0.05913200229406357,0.028631212189793587,0.10253792256116867,0.03421756625175476,0.03076530247926712,0.06810566782951355,0.03500223532319069,0.012651885859668255,0.012613997794687748,0.005715257953852415,0.02210311032831669,0.01061535906046629,0.0041251955553889275,0.25774574279785156,0.038981884717941284,0.004327843431383371,0.1929740458726883,0.0019190130988135934,0.025203777477145195,0.008078385144472122,0.002595598343759775,0.14481568336486816,0.13512954115867615,0.016997281461954117,0.09749272465705872,0.0038664699532091618,0.0402405671775341,0.07199184596538544,0.015179581940174103,0.004037216771394014,0.018467910587787628,0.03452563285827637,0.147918701171875,0.005578897427767515,0.010962234809994698,0.03744616359472275,0.07270577549934387,0.0041723353788256645,0.01118715014308691,0.041109684854745865,,,,,,,,,,,,,,,
unknown,の,340,341,436.59586,436.71567,0.9375,,0.0706789493560791,0.0541502870619297,0.20399008691310883,0.11110491305589676,0.01306538563221693,0.09739682823419571,0.007416140288114548,0.053117766976356506,0.017962558194994926,0.03151781111955643,0.06013716012239456,0.06436321139335632,0.06359045207500458,0.07784003764390945,0.03982861340045929,0.07964184135198593,0.05216704308986664,0.05359015613794327,0.05713237449526787,0.053178105503320694,0.022916005924344063,0.016268277540802956,0.00847820658236742,0.03018321841955185,0.010706528089940548,0.00744851166382432,0.25386595726013184,0.06594377011060715,0.009292379952967167,0.14372391998767853,0.003109551267698407,0.019408972933888435,0.005985239055007696,0.0053227925673127174,0.1662897914648056,0.10055749863386154,0.01988714002072811,0.07896356284618378,0.0068929772824049,0.06611397862434387,0.06749419122934341,0.011909334920346737,0.006884973496198654,0.017248984426259995,0.045345813035964966,0.15116499364376068,0.015896683558821678,0.012382878921926022,0.039734575897455215,0.07638898491859436,0.0072999680414795876,0.006805502809584141,0.06023941561579704,,,,,,,,,,,,,,,
unknown,も,342,343,436.71567,436.83548,0.60058594,,0.09610126167535782,0.07506754249334335,0.21639330685138702,0.0961415097117424,0.009555017575621605,0.07270781695842743,0.005220076534897089,0.06919649988412857,0.01128418743610382,0.018885724246501923,0.04044981673359871,0.04983074963092804,0.040544360876083374,0.057739634066820145,0.028820008039474487,0.09026338905096054,0.03638724237680435,0.0565827414393425,0.04378800094127655,0.03101501800119877,0.012919074855744839,0.011309796944260597,0.004701143130660057,0.0466817244887352,0.007365606725215912,0.0066813030280172825,0.35665374994277954,0.06342858821153641,0.007878560572862625,0.2571259140968323,0.0017507221782580018,0.032793741673231125,0.003955991938710213,0.0030725854448974133,0.1608402281999588,0.15060648322105408,0.026407591998577118,0.07306293398141861,0.004964557476341724,0.09871052950620651,0.06796341389417648,0.020395411178469658,0.0076872981153428555,0.015052425675094128,0.03287285938858986,0.20916932821273804,0.01629406213760376,0.00781269185245037,0.03496242314577103,0.12115520238876343,0.00673202658072114,0.005534131079912186,0.10039757937192917,,,,,,,,,,,,,,,
unknown,モ,344,345,436.83548,437.33548,0.48168945,,0.04839035123586655,0.04621029272675514,0.10277894884347916,0.09196721017360687,0.005469420459121466,0.05707571282982826,0.00920142512768507,0.03351486474275589,0.015359331853687763,0.022868825122714043,0.04598334804177284,0.056464970111846924,0.05210351571440697,0.061543211340904236,0.01726338639855385,0.09416186064481735,0.043290019035339355,0.08044649660587311,0.04421576112508774,0.016298141330480576,0.005450695287436247,0.012523768469691277,0.008057746104896069,0.043409209698438644,0.007682012859731913,0.004274961072951555,0.3776039779186249,0.04349363222718239,0.004386983346194029,0.31899338960647583,0.002719492418691516,0.024407895281910896,0.0053265755996108055,0.0018317264039069414,0.16027061641216278,0.1568392515182495,0.026908352971076965,0.06887687742710114,0.004650435410439968,0.08798303455114365,0.060927245765924454,0.023051539435982704,0.007960309274494648,0.015836887061595917,0.02367420680820942,0.1953611522912979,0.014674395322799683,0.007730401586741209,0.029095349833369255,0.09611247479915619,0.004170463886111975,0.00841361004859209,0.09659017622470856,,,,,,,,,,,,,,,
unknown,本,346,347,452.605,453.105,0.9848633,,0.019148608669638634,0.012860681861639023,0.054362036287784576,0.07686220854520798,0.009127574041485786,0.07645022124052048,0.008626772090792656,0.020933492109179497,0.0164492130279541,0.04141829162836075,0.0365159772336483,0.07349565625190735,0.04430219158530235,0.03897102549672127,0.026938945055007935,0.09946905076503754,0.009862661361694336,0.06733818352222443,0.04703347012400627,0.02552531100809574,0.011832679621875286,0.013838718645274639,0.006969347596168518,0.039407357573509216,0.012293078936636448,0.002820123452693224,0.29734867811203003,0.02690451219677925,0.0013824340421706438,0.2684575021266937,0.0027157573495060205,0.023377181962132454,0.00614046398550272,0.0032342260237783194,0.08438994735479355,0.11135922372341156,0.005936911329627037,0.046737395226955414,0.004343872424215078,0.07771968841552734,0.07409526407718658,0.05185569077730179,0.0016545681282877922,0.009607100859284401,0.0224023275077343,0.22104617953300476,0.004117079544812441,0.010512886568903923,0.04653504490852356,0.12135684490203857,0.0024668932892382145,0.014306307770311832,0.1747208535671234,,,,,,,,,,,,,,,
unknown,白,348,349,458.58002,458.86002,0.9995117,,0.036568671464920044,0.029270505532622337,0.0772194191813469,0.13934971392154694,0.014082979410886765,0.09208589047193527,0.008120420388877392,0.03504844382405281,0.025761596858501434,0.017779184505343437,0.020267581567168236,0.03298499807715416,0.05364375188946724,0.03243253752589226,0.021947087720036507,0.060414236038923264,0.04247107729315758,0.06040998548269272,0.05806494131684303,0.025990940630435944,0.014157158322632313,0.01826571673154831,0.006514238193631172,0.0647912546992302,0.020242145285010338,0.005231201183050871,0.33617696166038513,0.03810571879148483,0.006634389515966177,0.29669857025146484,0.002706865081563592,0.01519973948597908,0.010980090126395226,0.004038128070533276,0.11223103851079941,0.15193255245685577,0.013161735609173775,0.025337375700473785,0.008697615005075932,0.08647362142801285,0.07208198308944702,0.020316964015364647,0.005548659712076187,0.014306273311376572,0.0404508113861084,0.17487946152687073,0.018998723477125168,0.01638175919651985,0.06671946495771408,0.1579325646162033,0.004297509323805571,0.005845673382282257,0.10702849179506302,,,,,,,,,,,,,,,
unknown,い,350,351,458.86002,459.36002,0.9975586,,0.03659499064087868,0.026393644511699677,0.0756344124674797,0.09226971864700317,0.015047727152705193,0.07688924670219421,0.006388543639332056,0.03342070057988167,0.016285976395010948,0.008561337366700172,0.013662587851285934,0.03068770095705986,0.07092543691396713,0.028653068467974663,0.0223950557410717,0.05577826872467995,0.02329869568347931,0.05821751430630684,0.054797060787677765,0.03175551816821098,0.01530122198164463,0.015259507112205029,0.0064773778431117535,0.06602198630571365,0.013188209384679794,0.003932951018214226,0.33493226766586304,0.03103915974497795,0.004027127288281918,0.3076702654361725,0.002237740671262145,0.012194016017019749,0.00834235455840826,0.004114670678973198,0.10876654088497162,0.12842372059822083,0.010957752354443073,0.017741713672876358,0.005306447856128216,0.11315131187438965,0.05942775681614876,0.017865385860204697,0.0030098464339971542,0.011138168163597584,0.022421691566705704,0.18252579867839813,0.012348353862762451,0.013239433988928795,0.0763099193572998,0.1550886332988739,0.0034934962168335915,0.003353953594341874,0.13873082399368286,,,,,,,,,,,,,,,
unknown,密,352,353,465.30002,465.80002,0.78271484,,0.0367237813770771,0.035010065883398056,0.06307683885097504,0.0922345295548439,0.009609295055270195,0.044382840394973755,0.006834450643509626,0.037620868533849716,0.014326449483633041,0.005233894567936659,0.01105735544115305,0.022355608642101288,0.056443218141794205,0.023422695696353912,0.014494930393993855,0.06851755827665329,0.031051460653543472,0.05616866052150726,0.03612256795167923,0.016348307952284813,0.008159625343978405,0.012733806855976582,0.005231345538049936,0.12279963493347168,0.01058382261544466,0.003202043706551194,0.43106701970100403,0.0336398221552372,0.0029085844289511442,0.4864855110645294,0.0024695517495274544,0.019016100093722343,0.007162959314882755,0.0034798465203493834,0.10915644466876984,0.2044215351343155,0.018410077318549156,0.02177264727652073,0.004362163599580526,0.12472984194755554,0.05783688277006149,0.029014691710472107,0.004751823376864195,0.009565132670104504,0.016818992793560028,0.23083911836147308,0.016044627875089645,0.009138564579188824,0.06651532649993896,0.22400179505348206,0.002818079199641943,0.002219755668193102,0.18784409761428833,,,,,,,,,,,,,,,
unknown,肉,354,355,470.90726,471.40726,0.99658203,,0.05689687281847,0.0455971322953701,0.07778693735599518,0.07039758563041687,0.009285296313464642,0.07054708153009415,0.00621001934632659,0.03562525659799576,0.011513209901750088,0.009736202657222748,0.02449990250170231,0.0378011018037796,0.06361466646194458,0.04804465174674988,0.01811107061803341,0.07646989822387695,0.061278775334358215,0.0770675465464592,0.05858202651143074,0.023236609995365143,0.007143152877688408,0.010819981805980206,0.0077525414526462555,0.0457870252430439,0.006883026100695133,0.0031616894993931055,0.38735491037368774,0.03368061035871506,0.006104249972850084,0.3282678425312042,0.001750212162733078,0.01871766336262226,0.00618255278095603,0.001587668084539473,0.1743505895137787,0.13072924315929413,0.018737321719527245,0.03604701906442642,0.003144282614812255,0.12029042840003967,0.06530661135911942,0.01792733743786812,0.004281485918909311,0.012884884141385555,0.0145690543577075,0.22888889908790588,0.014713832177221775,0.008155184797942638,0.045249711722135544,0.1340305656194687,0.003309784224256873,0.0029589557088911533,0.11496438086032867,,,,,,,,,,,,,,,
unknown,バ,356,357,476.45578,476.61545,0.9941406,,0.04584294930100441,0.0432022288441658,0.09368286281824112,0.0648825541138649,0.003625538432970643,0.03167201206088066,0.008044618181884289,0.033037178218364716,0.015099764801561832,0.014389250427484512,0.04082174599170685,0.063407301902771,0.05042079836130142,0.06933137029409409,0.014457235112786293,0.11978872865438461,0.06195572763681412,0.10561282187700272,0.02651287242770195,0.010644807480275631,0.00403212895616889,0.008119466714560986,0.009441622532904148,0.0579378642141819,0.007050979416817427,0.003294168971478939,0.4280931353569031,0.04471803084015846,0.0046748146414756775,0.369947224855423,0.00226666615344584,0.024011867120862007,0.006459009367972612,0.0013122548116371036,0.18867062032222748,0.165061816573143,0.02395818568766117,0.0424036830663681,0.002995728747919202,0.14300358295440674,0.08737942576408386,0.025110561400651932,0.006719811353832483,0.008709820918738842,0.012562509626150131,0.2870911657810211,0.015898514539003372,0.007609241642057896,0.02473047748208046,0.13570374250411987,0.0033957830164581537,0.0037215868942439556,0.14660078287124634,,,,,,,,,,,,,,,
unknown,レ,358,359,476.61545,476.7352,0.9370117,,0.015011224895715714,0.014591573737561703,0.05663538724184036,0.06707099825143814,0.010050373151898384,0.10808538645505905,0.014215230010449886,0.012760777026414871,0.03073952905833721,0.029347147792577744,0.05492196977138519,0.07852769643068314,0.06396833062171936,0.06971346586942673,0.02373470924794674,0.1037892997264862,0.05954694002866745,0.12101324647665024,0.06021694466471672,0.023568298667669296,0.009815203957259655,0.01628284528851509,0.012342170812189579,0.02894546464085579,0.019726110622286797,0.003712940961122513,0.31361356377601624,0.024952195584774017,0.004686103668063879,0.22866396605968475,0.0026394303422421217,0.016128599643707275,0.023341752588748932,0.0017618885030969977,0.13758914172649384,0.08865275233983994,0.008973435498774052,0.028218669816851616,0.0048619662411510944,0.11529488861560822,0.10397694259881973,0.026251550763845444,0.0030755994375795126,0.010675903409719467,0.019546154886484146,0.23906707763671875,0.010053062811493874,0.019959481433033943,0.03725869953632355,0.08638975024223328,0.0035391447599977255,0.009613288566470146,0.11620089411735535,,,,,,,,,,,,,,,
unknown,ー,360,361,476.7352,477.2352,0.9580078,,0.02003077045083046,0.01602000556886196,0.05372300371527672,0.07150115817785263,0.006740971002727747,0.05999651551246643,0.009419775567948818,0.018370119854807854,0.014278323389589787,0.018381332978606224,0.04154413193464279,0.08999074995517731,0.051819659769535065,0.06356016546487808,0.02075996808707714,0.11590665578842163,0.0448615662753582,0.15145514905452728,0.03392769396305084,0.015001033432781696,0.006690626032650471,0.010798458009958267,0.008722829632461071,0.04269833117723465,0.009127827361226082,0.0030890977941453457,0.40831807255744934,0.025862084701657295,0.0031282941345125437,0.32336321473121643,0.002035533543676138,0.02052263729274273,0.012384222820401192,0.0014956067316234112,0.1461278349161148,0.12403624504804611,0.007883605547249317,0.028743354603648186,0.003178610000759363,0.15043975412845612,0.0867709219455719,0.03024451993405819,0.0016334017273038626,0.00719796447083354,0.014764416962862015,0.28634974360466003,0.004893951583653688,0.010698307305574417,0.0269780196249485,0.10190316289663315,0.003071090206503868,0.006670412607491016,0.19520989060401917,,,,,,,,,,,,,,,
unknown,嫌,362,363,483.57748,483.69733,0.9970703,,0.024658383801579475,0.019654972478747368,0.05196675285696983,0.06807349622249603,0.008759589865803719,0.05283306539058685,0.009208766743540764,0.023997075855731964,0.012394178658723831,0.012293306179344654,0.034179676324129105,0.06900008022785187,0.04041885957121849,0.044745612889528275,0.020303500816226006,0.13685347139835358,0.03495235741138458,0.14608211815357208,0.03552359342575073,0.013473751954734325,0.008103778585791588,0.01364022959023714,0.006195931229740381,0.07117670029401779,0.010800370015203953,0.004752240609377623,0.38515719771385193,0.02720370888710022,0.0027679791674017906,0.3268333077430725,0.002230763202533126,0.031627196818590164,0.015607589855790138,0.0022239338140934706,0.11129055917263031,0.15684878826141357,0.011690614745020866,0.02337876707315445,0.0058973561972379684,0.1911192536354065,0.07503176480531693,0.05198768526315689,0.002125789178535342,0.009906796738505363,0.014410117641091347,0.346923828125,0.006400690879672766,0.013101673685014248,0.03398213908076286,0.12577611207962036,0.004458704497665167,0.00820761825889349,0.28019484877586365,,,,,,,,,,,,,,,
unknown,な,364,365,483.69733,483.85712,0.99902344,,0.0691748782992363,0.06005195528268814,0.1074126735329628,0.09014201164245605,0.002885208697989583,0.021603446453809738,0.005448485724627972,0.05555068328976631,0.011158584617078304,0.014459362253546715,0.053262412548065186,0.06769470125436783,0.03845452889800072,0.06331522762775421,0.016286075115203857,0.1740972250699997,0.03855696693062782,0.0993727445602417,0.016105709597468376,0.008823939599096775,0.0037146531976759434,0.006581074558198452,0.0055976975709199905,0.0882536992430687,0.005652930587530136,0.005284394137561321,0.441635400056839,0.059600651264190674,0.003551771631464362,0.3517332077026367,0.0017473205225542188,0.04644496738910675,0.005593220703303814,0.001442254288122058,0.17495401203632355,0.23445725440979004,0.03391778841614723,0.04524890333414078,0.003521780949085951,0.17230293154716492,0.06787064671516418,0.03435434028506279,0.006234884727746248,0.007299588527530432,0.016559086740016937,0.3410662114620209,0.011709431186318398,0.006343944929540157,0.017578691244125366,0.13178209960460663,0.005613923072814941,0.007082763127982616,0.2016674429178238,,,,,,,,,,,,,,,
unknown,感,366,367,483.85712,484.1767,0.65625,,0.03683038055896759,0.03644048422574997,0.08098938316106796,0.1108417734503746,0.002683451632037759,0.021307382732629776,0.008082559332251549,0.03150615468621254,0.01572721265256405,0.011484110727906227,0.030857527628540993,0.06545910984277725,0.039251938462257385,0.03997328504920006,0.012961428612470627,0.13972018659114838,0.0487765371799469,0.11447421461343765,0.010239827446639538,0.005879852920770645,0.0030855683144181967,0.006970447953790426,0.004513919819146395,0.10626950860023499,0.0073944502510130405,0.003944775089621544,0.5513311624526978,0.04047917574644089,0.002769176149740815,0.5053077936172485,0.00206205016002059,0.03638547658920288,0.006222947500646114,0.001464805449359119,0.15763799846172333,0.2357141226530075,0.01873401366174221,0.029875868931412697,0.0027851026970893145,0.183272123336792,0.0525561198592186,0.04161204770207405,0.003425908973440528,0.003889633109793067,0.013750285841524601,0.3563772141933441,0.010674501769244671,0.0056991660967469215,0.015461230650544167,0.13148272037506104,0.004292241297662258,0.004363905638456345,0.23908080160617828,,,,,,,,,,,,,,,
unknown,情,368,369,484.1767,484.6767,0.8857422,,0.04108883813023567,0.030437396839261055,0.09127029031515121,0.10782066732645035,0.006967475172132254,0.03915920853614807,0.009701249189674854,0.043478935956954956,0.012391606345772743,0.013807493261992931,0.026262396946549416,0.054576046764850616,0.04030672460794449,0.03521832451224327,0.02057858742773533,0.13158851861953735,0.02971244417130947,0.111866295337677,0.018833473324775696,0.011368297971785069,0.007088618818670511,0.013044651597738266,0.004512290004640818,0.12649373710155487,0.0068111540749669075,0.00607453566044569,0.5167018175125122,0.03914313390851021,0.0035114146303385496,0.4873005151748657,0.002808253513649106,0.03967311605811119,0.005622171796858311,0.002927570603787899,0.12408789992332458,0.24953103065490723,0.013043294660747051,0.017614614218473434,0.006456870120018721,0.17687512934207916,0.043294843286275864,0.046218469738960266,0.002291969023644924,0.008000853471457958,0.02599520795047283,0.30847659707069397,0.00660376250743866,0.0067629567347466946,0.024648752063512802,0.1310688704252243,0.0054622674360871315,0.008834125474095345,0.26695671677589417,,,,,,,,,,,,,,,
unknown,と,370,371,489.36987,489.52966,0.99902344,,0.04101685434579849,0.027940189465880394,0.05696979910135269,0.1095341295003891,0.021952539682388306,0.05587922781705856,0.008392203599214554,0.04612589627504349,0.010577813722193241,0.008416646160185337,0.015512174926698208,0.036657918244600296,0.04312577098608017,0.028634777292609215,0.03361120447516441,0.11838094145059586,0.02285207062959671,0.10251541435718536,0.025071777403354645,0.019890904426574707,0.016256583854556084,0.017629330977797508,0.003916948102414608,0.1832551807165146,0.007901406846940517,0.00667641032487154,0.4723137617111206,0.035996489226818085,0.003012316534295678,0.48122408986091614,0.0029008127748966217,0.04630915820598602,0.0073791551403701305,0.0055244481191039085,0.0886334478855133,0.26726800203323364,0.012482065707445145,0.016637524589896202,0.008971575647592545,0.18107594549655914,0.0468345507979393,0.05799642205238342,0.002282610395923257,0.009589003399014473,0.03154934570193291,0.322185218334198,0.0076583996415138245,0.009387897327542305,0.038995832204818726,0.1512966752052307,0.004969337489455938,0.008303067646920681,0.3665386736392975,,,,,,,,,,,,,,,
unknown,て,372,373,489.52966,489.68945,0.9975586,,0.05377080664038658,0.03927432373166084,0.08140525966882706,0.12846879661083221,0.013734247535467148,0.03754669800400734,0.0063185361213982105,0.056258030235767365,0.009730229154229164,0.008679727092385292,0.015939315780997276,0.03925931826233864,0.040148165076971054,0.02794875018298626,0.029205670580267906,0.11965199559926987,0.032418638467788696,0.09892083704471588,0.016284817829728127,0.014942627400159836,0.011657425202429295,0.011946704238653183,0.0036156729329377413,0.1996663510799408,0.0062261223793029785,0.004498801194131374,0.5131080746650696,0.04851463809609413,0.0034213343169540167,0.5100356340408325,0.0026761693879961967,0.045279283076524734,0.004681140184402466,0.004612079821527004,0.11074694991111755,0.292365700006485,0.015438525006175041,0.018675288185477257,0.00567846791818738,0.1846255660057068,0.04070458561182022,0.03773730620741844,0.0029871712904423475,0.006649347022175789,0.031990379095077515,0.3199044466018677,0.009952706284821033,0.006638380698859692,0.027703257277607918,0.1462990939617157,0.00355371437035501,0.005166106391698122,0.3342403173446655,,,,,,,,,,,,,,,
unknown,も,374,375,489.68945,489.8892,0.9951172,,0.06182263419032097,0.04458159580826759,0.1143413558602333,0.1296948939561844,0.0215518269687891,0.11234136670827866,0.013261730782687664,0.060929130762815475,0.020492788404226303,0.027122139930725098,0.03155278041958809,0.06183518096804619,0.0993790328502655,0.08778194338083267,0.04605608433485031,0.08904151618480682,0.043378524482250214,0.08850407600402832,0.06870170682668686,0.045368630439043045,0.022893620654940605,0.027175448834896088,0.012180600315332413,0.07622361928224564,0.013178743422031403,0.013506179675459862,0.35750681161880493,0.06926825642585754,0.008564681746065617,0.2703816890716553,0.00397155387327075,0.03612580522894859,0.009992911480367184,0.0059071872383356094,0.14120851457118988,0.17862001061439514,0.017468256875872612,0.04597924277186394,0.012324745766818523,0.0835925042629242,0.08312290161848068,0.029849516227841377,0.006490550469607115,0.02459903061389923,0.04906231164932251,0.19438578188419342,0.01591270975768566,0.01569467969238758,0.053338728845119476,0.11609239131212234,0.00956225860863924,0.01485359389334917,0.11942549794912338,,,,,,,,,,,,,,,
unknown,い,376,377,489.8892,490.00903,0.89941406,,0.06733119487762451,0.044219449162483215,0.11962771415710449,0.16161035001277924,0.014176339842379093,0.06990722566843033,0.009983865544199944,0.06796382367610931,0.017076583579182625,0.012076947838068008,0.026500241830945015,0.057981476187705994,0.08353998512029648,0.07383166253566742,0.03983321040868759,0.10343845933675766,0.030161775648593903,0.08232608437538147,0.03787967562675476,0.034935303032398224,0.019936593249440193,0.018192358314990997,0.009102054871618748,0.11503061652183533,0.011961317621171474,0.01226756814867258,0.39001867175102234,0.06809339672327042,0.005525571759790182,0.32589682936668396,0.0035330404061824083,0.04598262161016464,0.007412583567202091,0.006267429329454899,0.1369149088859558,0.20862622559070587,0.018368791788816452,0.03517361357808113,0.008465050719678402,0.1188458502292633,0.08740541338920593,0.05117359384894371,0.005920210387557745,0.01221137773245573,0.05165694281458855,0.2808479964733124,0.018881015479564667,0.011985036544501781,0.048866674304008484,0.17125189304351807,0.009382135234773159,0.008079534396529198,0.20146016776561737,,,,,,,,,,,,,,,
unknown,い,378,379,490.00903,490.50903,0.99658203,,0.03728073090314865,0.028864402323961258,0.095036581158638,0.15736909210681915,0.01970553770661354,0.09024180471897125,0.01075008139014244,0.04696161672472954,0.019707482308149338,0.02035359852015972,0.03447411209344864,0.07076224684715271,0.07274311780929565,0.05966946482658386,0.04719121381640434,0.10868403315544128,0.0272225271910429,0.10659484565258026,0.03604995831847191,0.03818241134285927,0.022025495767593384,0.01940940134227276,0.008328737691044807,0.11207880824804306,0.01180347055196762,0.009347713552415371,0.3755286633968353,0.05936545133590698,0.004839416593313217,0.3326497972011566,0.0038819515611976385,0.02984694205224514,0.0072479103691875935,0.006558145862072706,0.11948572099208832,0.1929655820131302,0.012998067773878574,0.02044176124036312,0.008515345863997936,0.12675237655639648,0.08043994754552841,0.04370512440800667,0.005188567563891411,0.010941416956484318,0.056136004626750946,0.2655608355998993,0.017512205988168716,0.0118889594450593,0.049198463559150696,0.1323269009590149,0.007165879476815462,0.008352587930858135,0.21764223277568817,,,,,,,,,,,,,,,
unknown,勉,380,381,494.32333,494.52307,0.8852539,,0.019072430208325386,0.017895875498652458,0.08060771971940994,0.14195141196250916,0.020494546741247177,0.10789842903614044,0.012719159945845604,0.0273430235683918,0.025498133152723312,0.0417599119246006,0.043312329798936844,0.09278443455696106,0.10957292467355728,0.06369759887456894,0.04280524328351021,0.07646302878856659,0.03365657478570938,0.10556098073720932,0.04368359595537186,0.03810738027095795,0.020371386781334877,0.023045973852276802,0.010652950033545494,0.08094606548547745,0.011093265376985073,0.007259266451001167,0.30442047119140625,0.05626283213496208,0.004150292836129665,0.2813968062400818,0.0044466410763561726,0.013193353079259396,0.006447117310017347,0.006386544555425644,0.13865356147289276,0.12763506174087524,0.008991285227239132,0.017707908526062965,0.009276757948100567,0.07060902565717697,0.06144902855157852,0.020605934783816338,0.0061955139972269535,0.012208446860313416,0.04764989763498306,0.16383253037929535,0.023449517786502838,0.010753710754215717,0.048010535538196564,0.0777793824672699,0.005200969520956278,0.010774759575724602,0.12079070508480072,,,,,,,,,,,,,,,
unknown,強,382,383,494.52307,495.02307,0.6347656,,0.021566368639469147,0.02741064503788948,0.05607070028781891,0.11935257166624069,0.024802105501294136,0.09565795958042145,0.011777771636843681,0.02549600414931774,0.02011086605489254,0.019980553537607193,0.023295937106013298,0.04545695334672928,0.08010974526405334,0.035130538046360016,0.03475409746170044,0.07019761949777603,0.04111795872449875,0.0975777804851532,0.04072200879454613,0.029923010617494583,0.017280103638768196,0.02290823869407177,0.006634609308093786,0.11395255476236343,0.00927612092345953,0.005621361546218395,0.3980677127838135,0.04238320514559746,0.0034334780648350716,0.420381098985672,0.003693720092996955,0.018498212099075317,0.007839764468371868,0.00517348712310195,0.11082769185304642,0.18505613505840302,0.01646883226931095,0.0196745116263628,0.007333276327699423,0.08312080055475235,0.04284648224711418,0.020634273067116737,0.007228069473057985,0.0131723927333951,0.034478750079870224,0.16828015446662903,0.025693433359265327,0.010200540535151958,0.04308468475937843,0.0787440836429596,0.004081303253769875,0.008513517677783966,0.13529592752456665,,,,,,,,,,,,,,,
unknown,海,384,385,501.175,501.675,0.4074707,,0.027305444702506065,0.029916813597083092,0.07702821493148804,0.11121506989002228,0.017756950110197067,0.09464780986309052,0.01767527498304844,0.02784002386033535,0.020399896427989006,0.018357783555984497,0.02565186098217964,0.04287770390510559,0.053969498723745346,0.039931654930114746,0.029047314077615738,0.08070524036884308,0.0418238528072834,0.09291869401931763,0.05251866951584816,0.027939921244978905,0.016587192192673683,0.02955431304872036,0.0057411594316363335,0.09585364162921906,0.011735746636986732,0.00935549009591341,0.43030211329460144,0.03721597045660019,0.0040406836196780205,0.4471079707145691,0.00439520925283432,0.026671970263123512,0.010461581870913506,0.005261578131467104,0.11021918058395386,0.191588893532753,0.01446890365332365,0.02510455623269081,0.009264353662729263,0.087132029235363,0.05677143484354019,0.03962963446974754,0.005160165019333363,0.022294379770755768,0.02973875403404236,0.20176637172698975,0.017847519367933273,0.012732730247080326,0.0398658812046051,0.08267154544591904,0.007029237691313028,0.009147513657808304,0.13194388151168823,,,,,,,,,,,,,,,
unknown,ペ,386,387,506.415,506.655,0.33276367,,0.019319485872983932,0.020153222605586052,0.040340982377529144,0.12498366087675095,0.04108600690960884,0.15561971068382263,0.020212028175592422,0.022246554493904114,0.021788181737065315,0.021696461364626884,0.02427419275045395,0.04746582731604576,0.060090065002441406,0.03554756939411163,0.04372565448284149,0.053060662001371384,0.026174193248152733,0.09853578358888626,0.059733450412750244,0.04514864832162857,0.024024857208132744,0.03526567295193672,0.006843213457614183,0.06568839401006699,0.012714962475001812,0.008296781219542027,0.35805627703666687,0.02787148766219616,0.0039162891916930676,0.4100268483161926,0.0063459984958171844,0.018462510779500008,0.008974296040832996,0.007641187869012356,0.10648772120475769,0.140292689204216,0.009772914461791515,0.01756027527153492,0.008857320994138718,0.06947993487119675,0.056704822927713394,0.0287429578602314,0.004300155211240053,0.017286017537117004,0.042538490146398544,0.13997536897659302,0.014734656549990177,0.01234994363039732,0.05566190555691719,0.07853229343891144,0.0063889287412166595,0.00799523200839758,0.11631734669208527,,,,,,,,,,,,,,,
unknown,キ,388,389,506.655,507.155,0.6230469,,0.018098197877407074,0.013748874887824059,0.04033737629652023,0.1070684939622879,0.05684325844049454,0.27523455023765564,0.0169497262686491,0.021856853738427162,0.026932666078209877,0.039970219135284424,0.03875165060162544,0.05179211124777794,0.11517683416604996,0.054520584642887115,0.05718952789902687,0.04420279338955879,0.019101206213235855,0.05550408735871315,0.1173611432313919,0.08706203103065491,0.03755654767155647,0.04032650962471962,0.013212107121944427,0.027051685377955437,0.01680784486234188,0.006767201237380505,0.16570962965488434,0.029361190274357796,0.004647162277251482,0.14789091050624847,0.0057568601332604885,0.011152198538184166,0.007855551317334175,0.007759985979646444,0.10152644664049149,0.06704693287611008,0.005911072716116905,0.018831972032785416,0.010822231881320477,0.03540777415037155,0.07333946973085403,0.018375983461737633,0.004031940829008818,0.020343603566288948,0.046598389744758606,0.09480959922075272,0.014277118258178234,0.015583478845655918,0.09020376205444336,0.07524214684963226,0.004821558017283678,0.014505759812891483,0.05485954135656357,,,,,,,,,,,,,,,
unknown,塗,390,391,514.1388,514.29846,0.41918945,,0.015520472079515457,0.011745816096663475,0.05018448084592819,0.14062544703483582,0.07661022990942001,0.2810308337211609,0.012468365952372551,0.01986379362642765,0.02915135771036148,0.024634968489408493,0.021917175501585007,0.035955898463726044,0.09050695598125458,0.036791522055864334,0.07004404067993164,0.03382992371916771,0.029263997450470924,0.04504658654332161,0.09345909208059311,0.1042219027876854,0.07802575081586838,0.04053986072540283,0.008530164137482643,0.03032224252820015,0.020827921107411385,0.006736623588949442,0.18232759833335876,0.02557826042175293,0.005334514193236828,0.14995798468589783,0.004862693604081869,0.00878769252449274,0.008785263635218143,0.013406100682914257,0.09662112593650818,0.06834921985864639,0.0041928766295313835,0.016698293387889862,0.012551652267575264,0.0381312295794487,0.06032273545861244,0.010208484716713428,0.0025509512051939964,0.015183370560407639,0.061768580228090286,0.09000326693058014,0.013816862367093563,0.01760455034673214,0.09839825332164764,0.07205293327569962,0.004155508242547512,0.0071089682169258595,0.0495888777077198,,,,,,,,,,,,,,,
unknown,る,392,393,514.29846,514.79846,0.94433594,,0.007268001325428486,0.005257939454168081,0.01953650265932083,0.09051360934972763,0.17235957086086273,0.4572564661502838,0.012215903028845787,0.010248251259326935,0.03086867183446884,0.023514052852988243,0.012219741940498352,0.025154216215014458,0.10301564633846283,0.029741035774350166,0.1345979869365692,0.013323402963578701,0.014248964376747608,0.036831654608249664,0.14348523318767548,0.22394177317619324,0.14723017811775208,0.04677874222397804,0.011660669930279255,0.00933174416422844,0.025581330060958862,0.005845522508025169,0.08990402519702911,0.012508626095950603,0.005357957445085049,0.06914909929037094,0.004692663438618183,0.0037708687596023083,0.012012289837002754,0.01686168648302555,0.062127359211444855,0.020710473880171776,0.0018693833844736218,0.010775328613817692,0.008886107243597507,0.021881427615880966,0.05326087027788162,0.004354962147772312,0.001111409394070506,0.01660507172346115,0.0744539350271225,0.034395355731248856,0.006716362200677395,0.026205381378531456,0.13143621385097504,0.03342851996421814,0.003906520549207926,0.006283889524638653,0.025347689166665077,,,,,,,,,,,,,,,
unknown,し,394,395,518.8088,518.96844,0.47485352,,0.011079653166234493,0.011644097045063972,0.03917689621448517,0.1524450033903122,0.10703153163194656,0.4429042637348175,0.013920009136199951,0.011132482439279556,0.034572046250104904,0.05117899551987648,0.016391923651099205,0.022615591064095497,0.05868813768029213,0.03423283249139786,0.12269701063632965,0.022180721163749695,0.024029135704040527,0.034816090017557144,0.1615561842918396,0.18058446049690247,0.10875802487134933,0.046298157423734665,0.009901430457830429,0.01221424899995327,0.02863791584968567,0.00918781291693449,0.13123036921024323,0.016424307599663734,0.009051041677594185,0.1032247319817543,0.004085184540599585,0.005643675569444895,0.011479916982352734,0.011417639441788197,0.063118115067482,0.04623999074101448,0.005708341021090746,0.030091408640146255,0.014608235098421574,0.031074948608875275,0.047080375254154205,0.004713354166597128,0.0027350501623004675,0.031684473156929016,0.10013120621442795,0.04392123222351074,0.00915108434855938,0.025663994252681732,0.07777482271194458,0.026523979380726814,0.00607201037928462,0.011473782360553741,0.024943888187408447,,,,,,,,,,,,,,,
unknown,ま,396,397,518.96844,519.1281,0.88183594,,0.021284686401486397,0.02038080245256424,0.0553252212703228,0.2220291793346405,0.05741415545344353,0.3533349931240082,0.009306623600423336,0.019846996292471886,0.03863145783543587,0.06452322751283646,0.01942462846636772,0.02365703135728836,0.07638340443372726,0.05827914923429489,0.12163783609867096,0.030062811449170113,0.031371407210826874,0.02590831182897091,0.16223597526550293,0.17713618278503418,0.08569494634866714,0.026445887982845306,0.017340490594506264,0.01538458839058876,0.032503146678209305,0.006102139595896006,0.14340715110301971,0.029946565628051758,0.012600608170032501,0.10806011408567429,0.0030410252511501312,0.009288118220865726,0.009504083544015884,0.007880066521465778,0.08109885454177856,0.06462705135345459,0.008904329501092434,0.0704907476902008,0.008133064955472946,0.030345747247338295,0.06980764120817184,0.005471387878060341,0.0053981272503733635,0.02605034038424492,0.13817016780376434,0.05678809434175491,0.015008191578090191,0.02563614398241043,0.08040288090705872,0.050431184470653534,0.004224231466650963,0.012512517161667347,0.026568686589598656,,,,,,,,,,,,,,,
unknown,い,398,399,519.1281,519.6281,0.9838867,,0.033893633633852005,0.027797672897577286,0.08121835440397263,0.2557535171508789,0.03655210882425308,0.25233566761016846,0.006532907485961914,0.030317464843392372,0.03615771606564522,0.050125304609537125,0.022249735891819,0.02849842794239521,0.0819978192448616,0.06964610517024994,0.1120263859629631,0.0363926962018013,0.031034458428621292,0.028384938836097717,0.12390891462564468,0.16668251156806946,0.07080136239528656,0.015998423099517822,0.017944494262337685,0.0215205829590559,0.02630702592432499,0.005230567418038845,0.21546509861946106,0.04200641065835953,0.013790332712233067,0.15786470472812653,0.002371913054957986,0.010127266868948936,0.00731251435354352,0.006555108819156885,0.12739762663841248,0.08741364628076553,0.009647802449762821,0.07308825105428696,0.004541787784546614,0.03781614452600479,0.06913366168737411,0.005081411451101303,0.005960356909781694,0.01590920053422451,0.13625046610832214,0.07405731081962585,0.01853707991540432,0.020969519391655922,0.07450011372566223,0.07188575714826584,0.0039724926464259624,0.008029227145016193,0.03369167447090149,,,,,,,,,,,,,,,
unknown,南,400,401,525.653,525.9328,0.39770508,,0.0643060952425003,0.04615483805537224,0.15037189424037933,0.2138146460056305,0.017813852056860924,0.16827137768268585,0.011482126079499722,0.04842875897884369,0.04995398968458176,0.048157282173633575,0.0382680743932724,0.028733301907777786,0.0904584601521492,0.08986642211675644,0.07251933217048645,0.06394751369953156,0.024270467460155487,0.017035825178027153,0.11617156863212585,0.10976729542016983,0.0596504844725132,0.021515000611543655,0.01771903596818447,0.021733490750193596,0.04117010906338692,0.009581128135323524,0.18300487101078033,0.054130248725414276,0.010785176418721676,0.13057485222816467,0.003597353585064411,0.027554797008633614,0.009945131838321686,0.0071938177570700645,0.14149580895900726,0.1149420291185379,0.012148819863796234,0.07860148698091507,0.007282337639480829,0.038219016045331955,0.0948343575000763,0.012079550884664059,0.005795177537947893,0.0221023578196764,0.0703774243593216,0.11602950096130371,0.013576509431004524,0.02611066959798336,0.06273798644542694,0.10423962026834488,0.007136161904782057,0.008721156045794487,0.029366474598646164,,,,,,,,,,,,,,,
unknown,書,402,403,525.9328,526.4328,0.17346191,,0.01493549719452858,0.01008452009409666,0.039543528109788895,0.13260500133037567,0.07266293466091156,0.3572729229927063,0.015169224701821804,0.015586636029183865,0.037324611097574234,0.09539739042520523,0.02849162183701992,0.03470195457339287,0.06530819833278656,0.04552621766924858,0.12192168086767197,0.03295917436480522,0.014038434252142906,0.03585910052061081,0.154943585395813,0.18168200552463531,0.08301393687725067,0.03718140348792076,0.015065651386976242,0.010134054347872734,0.025173258036375046,0.005743518937379122,0.14006629586219788,0.02050837129354477,0.006663136649876833,0.10077311843633652,0.005956818349659443,0.008165844716131687,0.0071938904002308846,0.01062803901731968,0.07654769718647003,0.04452989622950554,0.0030606715008616447,0.024260247126221657,0.008490459062159061,0.025912296026945114,0.06122756004333496,0.007300409954041243,0.0014504934661090374,0.025382578372955322,0.1053387001156807,0.05470408871769905,0.004049194976687431,0.020965494215488434,0.08565844595432281,0.04079613834619522,0.004232677631080151,0.011027996428310871,0.029902903363108635,,,,,,,,,,,,,,,
unknown,色,404,405,532.44806,532.94806,0.97753906,,0.008830247446894646,0.008487557992339134,0.042760636657476425,0.11667732894420624,0.10444868355989456,0.38555094599723816,0.03426963463425636,0.009668330661952496,0.05805722624063492,0.06626738607883453,0.020663967356085777,0.030055033043026924,0.04735090211033821,0.03934870660305023,0.1461256742477417,0.027730975300073624,0.02596578560769558,0.035938117653131485,0.1258823126554489,0.18593193590641022,0.17942093312740326,0.07781615108251572,0.012990650720894337,0.01118688564747572,0.054516009986400604,0.01068061776459217,0.08879058063030243,0.018772060051560402,0.006779608782380819,0.07058723270893097,0.012256497517228127,0.007051092106848955,0.01726008579134941,0.0263409074395895,0.04754099249839783,0.029848957434296608,0.0038059577345848083,0.025215353816747665,0.022720016539096832,0.030153006315231323,0.053656455129384995,0.008297411724925041,0.002224378287792206,0.035295695066452026,0.09433994442224503,0.051251012831926346,0.009994137100875378,0.043138548731803894,0.06368216127157211,0.02169620618224144,0.006246945355087519,0.013146520592272282,0.025627298280596733,,,,,,,,,,,,,,,
unknown,カ,406,407,537.9385,538.05835,0.98779297,,0.008385112509131432,0.0066193523816764355,0.03523482754826546,0.11614386737346649,0.06861063092947006,0.37089499831199646,0.02805185504257679,0.010593263432383537,0.07073284685611725,0.0894320011138916,0.014782137237489223,0.020550260320305824,0.046473428606987,0.029125778004527092,0.11968456953763962,0.016865594312548637,0.01150601077824831,0.01678888313472271,0.2005135416984558,0.20814232528209686,0.21054242551326752,0.0718105286359787,0.014599938876926899,0.006265220232307911,0.08151113241910934,0.009159202687442303,0.06545349210500717,0.014521801844239235,0.005484185181558132,0.05501098185777664,0.010432256385684013,0.004032210912555456,0.019651176407933235,0.027466800063848495,0.03832618147134781,0.025533350184559822,0.002184690674766898,0.021463045850396156,0.01708555966615677,0.014848439022898674,0.07051501423120499,0.005572344642132521,0.0010650181211531162,0.04420100525021553,0.07015226036310196,0.029390955343842506,0.003762229112908244,0.05923476442694664,0.113006092607975,0.027997300028800964,0.005803490057587624,0.009354326874017715,0.012966686859726906,,,,,,,,,,,,,,,
unknown,ル,408,409,538.05835,538.21814,0.97021484,,0.003561179619282484,0.0032771138940006495,0.01821322552859783,0.06782060861587524,0.1536618024110794,0.4737246334552765,0.03423403203487396,0.0049728634767234325,0.057339683175086975,0.11003132164478302,0.013006648048758507,0.014667345210909843,0.05240072309970856,0.03331044688820839,0.18881431221961975,0.013779387809336185,0.019897695630788803,0.016897477209568024,0.25059428811073303,0.2759421169757843,0.28899824619293213,0.10016150027513504,0.019970836117863655,0.004279590677469969,0.055387768894433975,0.008108857087790966,0.03136354684829712,0.010013955645263195,0.006711972877383232,0.02431824803352356,0.012379187159240246,0.0020971824415028095,0.017370466142892838,0.029545878991484642,0.022670909762382507,0.01189378835260868,0.001565654412843287,0.01637096144258976,0.02754223719239235,0.010746377520263195,0.05424400418996811,0.003973543643951416,0.0011382526718080044,0.07014094293117523,0.0777166485786438,0.01906449720263481,0.004903803113847971,0.061466965824365616,0.09326905012130737,0.011208978481590748,0.004426891449838877,0.013578036800026894,0.00975008588284254,,,,,,,,,,,,,,,
unknown,ピ,410,411,538.21814,538.3779,0.9995117,,0.020727770403027534,0.02280735969543457,0.06395493447780609,0.1320454329252243,0.022917216643691063,0.16774693131446838,0.027459554374217987,0.02128666639328003,0.05426306277513504,0.05336311459541321,0.030790260061621666,0.029234040528535843,0.06552676111459732,0.05152386054396629,0.04451898857951164,0.04097425937652588,0.04774324223399162,0.021985499188303947,0.13931231200695038,0.0757213830947876,0.05612765997648239,0.047850947827100754,0.01509574893862009,0.021020879969000816,0.053855713456869125,0.008666658774018288,0.15542517602443695,0.03201380372047424,0.0071234675124287605,0.1583886444568634,0.00913033913820982,0.008424828760325909,0.024923784658312798,0.013195427134633064,0.09070928394794464,0.06961558014154434,0.0080916378647089,0.06125389784574509,0.012600921094417572,0.036675360053777695,0.07364177703857422,0.010109225288033485,0.0036906113382428885,0.04480613023042679,0.0428389236330986,0.07929854840040207,0.012039183638989925,0.04469606652855873,0.08096785843372345,0.05693987011909485,0.006726195570081472,0.006669781170785427,0.02649230696260929,,,,,,,,,,,,,,,
unknown,ス,412,413,538.3779,538.8779,0.99609375,,0.02292589843273163,0.01905609294772148,0.0363035574555397,0.1415334790945053,0.03541833534836769,0.22797948122024536,0.013826806098222733,0.01618707738816738,0.03451472893357277,0.05780220404267311,0.026178540661931038,0.024801313877105713,0.05843070521950722,0.04101048409938812,0.06141850724816322,0.03762171044945717,0.0471908375620842,0.02393474616110325,0.1376868039369583,0.09263055771589279,0.050073958933353424,0.029207643121480942,0.012965226545929909,0.014275399036705494,0.028200052678585052,0.005079250317066908,0.16633340716362,0.01904470846056938,0.008363248780369759,0.14968200027942657,0.004596657585352659,0.008521415293216705,0.011481613852083683,0.006691210903227329,0.0934581607580185,0.06409773230552673,0.006185371894389391,0.0510844886302948,0.007807421498000622,0.036146827042102814,0.0715131089091301,0.00920205470174551,0.0021080910228192806,0.02549055777490139,0.05800776183605194,0.0825532078742981,0.007303572725504637,0.02435612864792347,0.07032312452793121,0.05937010422348976,0.004522372968494892,0.006154886446893215,0.03238047659397125,,,,,,,,,,,,,,,
unknown,戦,414,415,542.77234,543.0919,0.96972656,,0.021783670410513878,0.01658491976559162,0.05271675065159798,0.11628376692533493,0.0367337167263031,0.2885608673095703,0.014537760987877846,0.016008833423256874,0.04563466086983681,0.05837368592619896,0.020095081999897957,0.018036583438515663,0.07139544934034348,0.05847496911883354,0.06918013840913773,0.02449064515531063,0.0702241063117981,0.012880922295153141,0.23808594048023224,0.1550300270318985,0.09923745691776276,0.03860640525817871,0.018722491338849068,0.00865495577454567,0.04396786168217659,0.006071125157177448,0.0989479273557663,0.02142743021249771,0.013714847154915333,0.06914617121219635,0.004568582400679588,0.0052059306763112545,0.014848164282739162,0.009180045686662197,0.08040259033441544,0.03699785843491554,0.0046318890526890755,0.09594086557626724,0.012121753767132759,0.017392968758940697,0.08616511523723602,0.005206197965890169,0.002429274143651128,0.0384015329182148,0.04580884054303169,0.049302712082862854,0.01049694512039423,0.03890546038746834,0.08877627551555634,0.04766090214252472,0.004378241952508688,0.007365479599684477,0.013497761450707912,,,,,,,,,,,,,,,
unknown,争,416,417,543.0919,543.5919,0.9506836,,0.022086193785071373,0.0203669685870409,0.06614011526107788,0.17902812361717224,0.026593003422021866,0.23904326558113098,0.010871385224163532,0.016428116708993912,0.05845429003238678,0.03633743152022362,0.01812104880809784,0.01566403917968273,0.09191077947616577,0.05434967204928398,0.07286391407251358,0.024612482637166977,0.06975107640028,0.008959930390119553,0.14564728736877441,0.16430574655532837,0.12259815633296967,0.022715214639902115,0.01996094174683094,0.011957548558712006,0.04965244606137276,0.0038748548831790686,0.09585879743099213,0.026464693248271942,0.011942103505134583,0.07815635204315186,0.0037415018305182457,0.004440881311893463,0.011121321469545364,0.009558294899761677,0.10012508183717728,0.0435141958296299,0.006364082917571068,0.07975438982248306,0.005406497046351433,0.01834484189748764,0.07290935516357422,0.004599526524543762,0.004576949868351221,0.015438459813594818,0.056486841291189194,0.058182504028081894,0.03243878483772278,0.03289646655321121,0.08397629112005234,0.06447745114564896,0.0029321149922907352,0.003457294311374426,0.012079560197889805,,,,,,,,,,,,,,,
unknown,布,418,419,556.295,556.415,0.9995117,,0.022395828738808632,0.0193742997944355,0.06815338879823685,0.15057595074176788,0.024355977773666382,0.2498014271259308,0.012047088705003262,0.014697251841425896,0.059534452855587006,0.05155034363269806,0.022545067593455315,0.01739535667002201,0.083698570728302,0.05541302636265755,0.06088286638259888,0.026711467653512955,0.062400221824645996,0.010009114630520344,0.1875484734773636,0.13769961893558502,0.08295828849077225,0.02608383074402809,0.018392570316791534,0.009235798381268978,0.054059967398643494,0.004345250315964222,0.09134676307439804,0.024444356560707092,0.012724967673420906,0.0692075565457344,0.0036822922993451357,0.0043985131196677685,0.013452543877065182,0.0072012124583125114,0.09376214444637299,0.03887861967086792,0.005764167755842209,0.08166959136724472,0.007447156589478254,0.020647285506129265,0.07439125329256058,0.004485259298235178,0.0037127842660993338,0.024042189121246338,0.04570368304848671,0.057555824518203735,0.01955552026629448,0.037166841328144073,0.07509263604879379,0.049308501183986664,0.0033399981912225485,0.004676838871091604,0.012347128242254257,,,,,,,,,,,,,,,
unknown,団,420,421,556.415,556.915,0.99853516,,0.019829511642456055,0.017300615087151527,0.0698189064860344,0.15736567974090576,0.021715320646762848,0.2523152530193329,0.011004308238625526,0.01356965210288763,0.03671656548976898,0.04146338254213333,0.027086421847343445,0.021152181550860405,0.08094292879104614,0.060321323573589325,0.05228329449892044,0.03465225175023079,0.10807856172323227,0.012273994274437428,0.16573582589626312,0.10453673452138901,0.06607207655906677,0.024082913994789124,0.014027309603989124,0.010478170588612556,0.03183707594871521,0.0032314101699739695,0.10898783802986145,0.022912079468369484,0.011059518903493881,0.08068452775478363,0.0031928427051752806,0.0059366063214838505,0.010622355155646801,0.006023519206792116,0.10306043177843094,0.04365948587656021,0.005249443463981152,0.09962799400091171,0.0064709801226854324,0.023252518847584724,0.0686594545841217,0.006693798583000898,0.002627755282446742,0.020598074421286583,0.05091005563735962,0.08266627043485641,0.015226555988192558,0.02429691143333912,0.06561277061700821,0.05223478376865387,0.002576021943241358,0.004374421201646328,0.016106437891721725,,,,,,,,,,,,,,,
unknown,お,422,423,560.935,561.095,0.9770508,,0.025679003447294235,0.020467905327677727,0.06085795536637306,0.16077759861946106,0.021693777292966843,0.22066204249858856,0.011000988073647022,0.016633979976177216,0.03900519385933876,0.05668434128165245,0.024009177461266518,0.02319723553955555,0.08004137128591537,0.06043409928679466,0.05283991992473602,0.029359903186559677,0.07643096148967743,0.014204293489456177,0.1522049456834793,0.09668858349323273,0.051116328686475754,0.023799225687980652,0.015166424214839935,0.01049736887216568,0.033150363713502884,0.003813392948359251,0.11986617743968964,0.02649974450469017,0.012325202114880085,0.09005182236433029,0.0035902673844248056,0.004968126770108938,0.009934394620358944,0.005737049039453268,0.11105009913444519,0.04308866336941719,0.005553014110773802,0.09319378435611725,0.0070405337028205395,0.024915698915719986,0.06452523916959763,0.004517210181802511,0.002816502470523119,0.022483328357338905,0.051235318183898926,0.06467725336551666,0.013551975600421429,0.02501511014997959,0.05667779594659805,0.04429216682910919,0.002990173641592264,0.0058598946779966354,0.01657330058515072,,,,,,,,,,,,,,,
unknown,ち,424,425,561.095,561.335,0.48999023,,0.013997571542859077,0.013926425017416477,0.04383401200175285,0.13632068037986755,0.0299126785248518,0.2671145796775818,0.011181514710187912,0.01065820176154375,0.038920097053050995,0.06967746466398239,0.02525750733911991,0.023925647139549255,0.08226968348026276,0.045979470014572144,0.04860399663448334,0.02802339754998684,0.11292222142219543,0.01745353639125824,0.1317734271287918,0.07308472692966461,0.04320104420185089,0.026363901793956757,0.011663001962006092,0.010798211209475994,0.026514245197176933,0.00292642368003726,0.12161094695329666,0.02063567005097866,0.010078078135848045,0.09194956719875336,0.003064083633944392,0.005023580510169268,0.010437330231070518,0.004613109398633242,0.09515809267759323,0.043708186596632004,0.0042356145568192005,0.0658603310585022,0.0082435617223382,0.020864952355623245,0.054969657212495804,0.004430390894412994,0.0022133521270006895,0.01864895597100258,0.04456612840294838,0.06005093827843666,0.010342095978558064,0.020008668303489685,0.05022416636347771,0.037873510271310806,0.0021542266476899385,0.005770609248429537,0.01665862649679184,,,,,,,,,,,,,,,
unknown,貴,426,427,561.335,561.835,0.29785156,,0.01612435095012188,0.015527157112956047,0.05243763327598572,0.11157050728797913,0.027972742915153503,0.23505531251430511,0.013797017745673656,0.01197644043713808,0.03285789117217064,0.0539143830537796,0.02681954950094223,0.033245086669921875,0.07233080267906189,0.045758701860904694,0.04138127714395523,0.031519580632448196,0.1439635157585144,0.026868069544434547,0.10893763601779938,0.0587487667798996,0.034951336681842804,0.0301117654889822,0.01002198550850153,0.012827377766370773,0.02162168174982071,0.003015773370862007,0.15967333316802979,0.02258184738457203,0.009314091876149178,0.11641084402799606,0.004041539039462805,0.006646058522164822,0.010470336303114891,0.005040324758738279,0.11258134245872498,0.04592658579349518,0.004509491380304098,0.06192684918642044,0.008845447562634945,0.027300052344799042,0.05151497200131416,0.005102992057800293,0.00196293112821877,0.017377756536006927,0.03674899414181709,0.07338597625494003,0.009329793974757195,0.017536409199237823,0.04360153153538704,0.03709815815091133,0.002248201286420226,0.0054984684102237225,0.021748928353190422,,,,,,,,,,,,,,,
unknown,飾,428,429,566.615,566.815,0.99902344,,0.023920275270938873,0.016543159261345863,0.061598192900419235,0.11677052825689316,0.036204803735017776,0.24336965382099152,0.0070314253680408,0.015326414257287979,0.01641513966023922,0.04907716438174248,0.019765442237257957,0.03164629265666008,0.04566040635108948,0.03231986612081528,0.05936206132173538,0.036077577620744705,0.06342854350805283,0.029875081032514572,0.07788826525211334,0.06991507112979889,0.03481902927160263,0.01743623986840248,0.006511212792247534,0.013120079413056374,0.01230575330555439,0.001824494102038443,0.1993209272623062,0.01988355442881584,0.009625006467103958,0.1384919136762619,0.002193956868723035,0.006722911261022091,0.004773738328367472,0.003622081596404314,0.0981716513633728,0.05455220490694046,0.003771123243495822,0.03348664194345474,0.004311924800276756,0.04556726664304733,0.04428395256400108,0.004450120031833649,0.0009621852077543736,0.008954002521932125,0.04805861413478851,0.09219034761190414,0.004207064863294363,0.011079291813075542,0.03664475306868553,0.04252877086400986,0.0016096289036795497,0.005047991871833801,0.03685181215405464,,,,,,,,,,,,,,,
unknown,る,430,431,566.815,567.315,0.98095703,,0.02050568349659443,0.015148703008890152,0.05109070986509323,0.13611651957035065,0.053601913154125214,0.26958417892456055,0.00784832239151001,0.012554359622299671,0.019103851169347763,0.03843331336975098,0.013307387940585613,0.02293037809431553,0.05663043260574341,0.03153182566165924,0.07789888232946396,0.02676946297287941,0.09787158668041229,0.03487091884016991,0.10009556263685226,0.10072421282529831,0.04932009428739548,0.021183526143431664,0.009365006349980831,0.014576510526239872,0.012457520700991154,0.0020345235243439674,0.21342986822128296,0.017981428653001785,0.013369180262088776,0.1416628360748291,0.0027147072833031416,0.0052033974789083,0.005231544841080904,0.004634886514395475,0.09380722790956497,0.051051728427410126,0.00368185481056571,0.029055878520011902,0.004641082603484392,0.03736325725913048,0.03735973685979843,0.0030797154176980257,0.0011506353039294481,0.011742083355784416,0.06603063642978668,0.06939266622066498,0.006336681079119444,0.012712689116597176,0.0416715145111084,0.03372080624103546,0.0017495016800239682,0.003986051771789789,0.03159347549080849,,,,,,,,,,,,,,,
unknown,運,432,433,575.19,575.31,0.99902344,,0.025536127388477325,0.017089517787098885,0.0672851949930191,0.12087095528841019,0.042622119188308716,0.3169596195220947,0.007390195969492197,0.016601333394646645,0.01568729616701603,0.03994106501340866,0.012264330871403217,0.01911507174372673,0.056336041539907455,0.031266529113054276,0.0618320070207119,0.024522820487618446,0.06482355296611786,0.023748764768242836,0.171614408493042,0.10615843534469604,0.0468876026570797,0.02245190739631653,0.008259458467364311,0.012085866183042526,0.013219749554991722,0.0024942224845290184,0.19710636138916016,0.017891231924295425,0.013802805915474892,0.140081524848938,0.001918897731229663,0.005707940086722374,0.0053596762008965015,0.003736539278179407,0.08709714561700821,0.05470782145857811,0.0032032157760113478,0.027213113382458687,0.004241271410137415,0.027742991223931313,0.051209405064582825,0.0039124200120568275,0.0009104596683755517,0.01726333238184452,0.04677379131317139,0.06438850611448288,0.003975285217165947,0.013035845942795277,0.05843578279018402,0.04755695164203644,0.002171947853639722,0.003515208838507533,0.02403889037668705,,,,,,,,,,,,,,,
unknown,ん,434,435,575.31,575.39,0.99902344,,0.018037643283605576,0.013512428849935532,0.047894399613142014,0.11492230743169785,0.08915059268474579,0.393346905708313,0.007952351123094559,0.01259557530283928,0.014193974435329437,0.03828449174761772,0.006079402286559343,0.013631056062877178,0.056769318878650665,0.02420695871114731,0.08946635574102402,0.016751687973737717,0.08332996070384979,0.02418040670454502,0.17050687968730927,0.12253006547689438,0.06508194655179977,0.0290949959307909,0.008320123888552189,0.014128094539046288,0.01163807138800621,0.0020326373632997274,0.18168626725673676,0.015339848585426807,0.017126433551311493,0.14067955315113068,0.00217322981916368,0.004617276135832071,0.0042328364215791225,0.0047889030538499355,0.06239430978894234,0.05018424615263939,0.0026475670747458935,0.023402400314807892,0.005793553311377764,0.022929811850190163,0.038149431347846985,0.0026038195937871933,0.0009404406300745904,0.01743905432522297,0.05273178219795227,0.04617609083652496,0.00468479422852397,0.01191434171050787,0.05453816428780556,0.03392355516552925,0.0014479157980531454,0.0036984486505389214,0.02258516103029251,,,,,,,,,,,,,,,
unknown,で,436,437,575.39,575.51,0.99902344,,0.01572139747440815,0.011813133023679256,0.06481362879276276,0.13787251710891724,0.031828947365283966,0.25780460238456726,0.007714992389082909,0.014782975427806377,0.0203282218426466,0.029621638357639313,0.011125398799777031,0.02131519466638565,0.06286609917879105,0.028029119595885277,0.04609481617808342,0.02305060625076294,0.062298718839883804,0.019608063623309135,0.1283295601606369,0.07593681663274765,0.04512821510434151,0.02114105597138405,0.00834339577704668,0.016041463240981102,0.020102838054299355,0.0018404255388304591,0.1923673003911972,0.01842636987566948,0.009282097220420837,0.16520318388938904,0.0022897347807884216,0.004684000741690397,0.0073609501123428345,0.0052713025361299515,0.0884319618344307,0.0526418536901474,0.002654808107763529,0.034692876040935516,0.004287653136998415,0.02796262502670288,0.0544564463198185,0.003950569778680801,0.0009964598575606942,0.009422269649803638,0.04119650274515152,0.06906938552856445,0.0054236468859016895,0.015642380341887474,0.0734700858592987,0.06850078701972961,0.0014868328580632806,0.0037302072159945965,0.02793137915432453,,,,,,,,,,,,,,,
unknown,く,438,439,575.51,575.59,0.9140625,,0.00856579840183258,0.007936287671327591,0.040657661855220795,0.12018005549907684,0.0633302628993988,0.38442158699035645,0.01130274310708046,0.008023587986826897,0.029343830421566963,0.042990174144506454,0.011153164319694042,0.020382286980748177,0.06137476861476898,0.025047047063708305,0.06140648201107979,0.018773434683680534,0.05647667869925499,0.02563871443271637,0.15692943334579468,0.09658180177211761,0.055011142045259476,0.03361057490110397,0.009771304205060005,0.013457400724291801,0.025177830830216408,0.0026131633203476667,0.14732058346271515,0.014026579447090626,0.009767923504114151,0.12425041943788528,0.0029403038788586855,0.0033498734701424837,0.008714918978512287,0.00546828331425786,0.06048814207315445,0.039867088198661804,0.002622348954901099,0.02091779001057148,0.008480862714350224,0.022382505238056183,0.04940255358815193,0.0035789855755865574,0.001614251872524619,0.013721592724323273,0.048717230558395386,0.04850824922323227,0.008602923713624477,0.01860363595187664,0.06873732805252075,0.03728551045060158,0.0018782656406983733,0.006578823085874319,0.022870970889925957,,,,,,,,,,,,,,,
unknown,る,440,441,575.59,576.09,0.97558594,,0.013999992050230503,0.014265297912061214,0.038858234882354736,0.13517819344997406,0.039747606962919235,0.29445376992225647,0.014287872239947319,0.011082040145993233,0.035754431039094925,0.057595476508140564,0.01805715076625347,0.022252747789025307,0.06828045845031738,0.038898661732673645,0.04961007088422775,0.0250837542116642,0.06892761588096619,0.026743993163108826,0.15412214398384094,0.07584364712238312,0.032596565783023834,0.033902544528245926,0.015043821185827255,0.015077825635671616,0.025998059660196304,0.003980202134698629,0.15702037513256073,0.019457539543509483,0.013121433556079865,0.12781712412834167,0.004055434837937355,0.0037375499960035086,0.010801714845001698,0.004190497566014528,0.08224571496248245,0.04768280312418938,0.0058192540891468525,0.027724526822566986,0.010428369045257568,0.02764093317091465,0.05427179113030434,0.0036323319654911757,0.0034324470907449722,0.01940848119556904,0.05116891488432884,0.05239131674170494,0.013725431635975838,0.021654166281223297,0.0549260713160038,0.03568854555487633,0.0031193429604172707,0.013274206779897213,0.022010231390595436,,,,,,,,,,,,,,,
unknown,悲,442,443,580.07,580.23004,0.99121094,,0.006539976689964533,0.007107242476195097,0.02093571051955223,0.10516119003295898,0.0359358936548233,0.28689494729042053,0.011750823818147182,0.005683497525751591,0.032511115074157715,0.0984421893954277,0.024434247985482216,0.01189257949590683,0.06212233379483223,0.025466829538345337,0.040149398148059845,0.02746800146996975,0.03410663455724716,0.015418666414916515,0.2556460499763489,0.06855475157499313,0.025995289906859398,0.04506558179855347,0.009945334866642952,0.008809673599898815,0.02258116938173771,0.005250460468232632,0.09161540120840073,0.009379898197948933,0.00617817509919405,0.07577107846736908,0.0030001122504472733,0.0032040521036833525,0.013939839787781239,0.0036576027050614357,0.04363471642136574,0.035251960158348083,0.0040319086983799934,0.02607695572078228,0.01651989482343197,0.02010810747742653,0.04335644468665123,0.004709532018750906,0.0014852241147309542,0.07337337732315063,0.061898984014987946,0.0402965247631073,0.004139577969908714,0.025071963667869568,0.06923672556877136,0.01963251456618309,0.004341931082308292,0.021486731246113777,0.017832301557064056,,,,,,,,,,,,,,,
unknown,し,444,445,580.23004,580.35004,0.9995117,,0.006911783944815397,0.006517215631902218,0.01795455627143383,0.11689888685941696,0.04366937279701233,0.28184205293655396,0.009484687820076942,0.00536762923002243,0.02864900976419449,0.08289086073637009,0.020951058715581894,0.0068065207451581955,0.04845448583364487,0.01829475350677967,0.05036450922489166,0.034492168575525284,0.01682218350470066,0.010728304274380207,0.2815398871898651,0.07768852263689041,0.0312776155769825,0.042168278247117996,0.007630674634128809,0.010002309456467628,0.023261694237589836,0.0057380953803658485,0.08447501808404922,0.007008187938481569,0.005055450834333897,0.07565239071846008,0.002227761782705784,0.004657925106585026,0.012515321373939514,0.0034584319218993187,0.030679628252983093,0.04259515553712845,0.0037921611219644547,0.018228299915790558,0.01525183580815792,0.023735133931040764,0.038283783942461014,0.008284441195428371,0.0011772618163377047,0.08981334418058395,0.08564671128988266,0.05220405384898186,0.003363919910043478,0.026345161721110344,0.0728244036436081,0.020597001537680626,0.0049143158830702305,0.022028746083378792,0.024081148207187653,,,,,,,,,,,,,,,
unknown,い,446,447,580.35004,580.47003,0.99609375,,0.006398131605237722,0.005939207971096039,0.0155113460496068,0.10283993184566498,0.02382490411400795,0.1992689073085785,0.010953042656183243,0.00453003728762269,0.03377724066376686,0.09162689745426178,0.01584746316075325,0.004926132503896952,0.038356490433216095,0.017087412998080254,0.031593527644872665,0.027901895344257355,0.010071582160890102,0.010365107096731663,0.3258466422557831,0.05330217257142067,0.016683490946888924,0.05085770785808563,0.00833115354180336,0.007771613541990519,0.028243282809853554,0.007365666329860687,0.07928906381130219,0.00605186028406024,0.003975145053118467,0.07248710840940475,0.002222440205514431,0.0033665639348328114,0.014502255246043205,0.002304680645465851,0.02587902918457985,0.03562849760055542,0.003777858102694154,0.014445661567151546,0.0175013430416584,0.02260114811360836,0.04022553935647011,0.0061927298083901405,0.0010965446708723903,0.19605548679828644,0.07708317786455154,0.03773823752999306,0.0023887509014457464,0.031885843724012375,0.06865639239549637,0.014983647502958775,0.006013969890773296,0.026117447763681412,0.01877249777317047,,,,,,,,,,,,,,,
unknown,こ,448,449,580.47003,580.59,0.93310547,,0.009943360462784767,0.010474683716893196,0.024334324523806572,0.11579106003046036,0.018143313005566597,0.15739504992961884,0.009145982563495636,0.005936759524047375,0.03079371713101864,0.0721985474228859,0.018207456916570663,0.004594155587255955,0.0403643436729908,0.020563140511512756,0.029162336140871048,0.034223124384880066,0.01408179197460413,0.009694217704236507,0.2637280523777008,0.04698915407061577,0.013468037359416485,0.04018443450331688,0.007846328429877758,0.009261834435164928,0.02118004858493805,0.007352795451879501,0.10890470445156097,0.007555781397968531,0.004775411915034056,0.09298864006996155,0.0018438156694173813,0.0048299627378582954,0.011090974323451519,0.001956653781235218,0.034808751195669174,0.053655676543712616,0.006876674015074968,0.025461189448833466,0.013795251958072186,0.0282564926892519,0.037310048937797546,0.005419215653091669,0.0016406010836362839,0.2034326046705246,0.0881362333893776,0.044206783175468445,0.0027744430117309093,0.02404426969587803,0.05698872357606888,0.017202001065015793,0.0062844883650541306,0.017300022765994072,0.01880817860364914,,,,,,,,,,,,,,,
unknown,と,450,451,580.59,581.09,0.8613281,,0.006007136311382055,0.006929699797183275,0.016457192599773407,0.07848317921161652,0.036500416696071625,0.218150332570076,0.009720980189740658,0.004857793916016817,0.025423599407076836,0.0951431468129158,0.01721922867000103,0.005797456484287977,0.02931246906518936,0.0154099827632308,0.03771914169192314,0.032752010971307755,0.012750078924000263,0.014888822101056576,0.24225620925426483,0.05078601837158203,0.016262289136648178,0.03937431424856186,0.005107155069708824,0.011004692874848843,0.01914682239294052,0.006114650052040815,0.10400396585464478,0.006543914321810007,0.004712114110589027,0.12248840183019638,0.0015978976152837276,0.005235516466200352,0.011504432186484337,0.0021321328822523355,0.027862166985869408,0.04813794419169426,0.004033808596432209,0.01729751005768776,0.010363475419580936,0.028428588062524796,0.040980931371450424,0.011403555050492287,0.0015039362479001284,0.17467930912971497,0.05985872074961662,0.048015981912612915,0.0032413171138614416,0.022526349872350693,0.0639086589217186,0.021183857694268227,0.005466402508318424,0.013443008996546268,0.029805045574903488,,,,,,,,,,,,,,,
unknown,う,452,453,584.805,584.96497,0.67626953,,0.011334882117807865,0.011533303186297417,0.025623468682169914,0.13874541223049164,0.012551476247608662,0.12445346266031265,0.009573456831276417,0.0062170932069420815,0.044424135237932205,0.06304106116294861,0.01994582638144493,0.004505351185798645,0.045596275478601456,0.02532176487147808,0.03021998144686222,0.04109952598810196,0.009888272732496262,0.010499999858438969,0.24707289040088654,0.04689415544271469,0.013066984713077545,0.03475811332464218,0.011607294902205467,0.010343806818127632,0.030764635652303696,0.010187788866460323,0.09822236001491547,0.008503003045916557,0.004882258363068104,0.08306411653757095,0.0017445265548303723,0.005646147765219212,0.014390110038220882,0.0016703919973224401,0.033013660460710526,0.05950891226530075,0.010151391848921776,0.02080674096941948,0.013583074323832989,0.03318618983030319,0.04648260399699211,0.007646243087947369,0.002966072876006365,0.2117486149072647,0.1140415295958519,0.050839006900787354,0.004631952848285437,0.03251443803310394,0.056199751794338226,0.020750485360622406,0.009266136214137077,0.018712453544139862,0.021304167807102203,,,,,,,,,,,,,,,
unknown,さ,454,455,584.96497,585.165,0.84228516,,0.014288249425590038,0.013925628736615181,0.027441130951046944,0.16831903159618378,0.011422954499721527,0.11970935016870499,0.009005088359117508,0.006241476628929377,0.046978626400232315,0.06417626887559891,0.02300909161567688,0.005736634600907564,0.05056057870388031,0.032045356929302216,0.03370587155222893,0.053542789071798325,0.013819328509271145,0.01289728470146656,0.23471342027187347,0.0484204925596714,0.013302951119840145,0.02904859185218811,0.015190227888524532,0.010824684984982014,0.033620744943618774,0.010536408983170986,0.11358722299337387,0.009237074293196201,0.005456339102238417,0.08343375474214554,0.0016756930854171515,0.007810966111719608,0.015987204387784004,0.0015104167396202683,0.04141312465071678,0.07017213851213455,0.01372723188251257,0.035354241728782654,0.013342500664293766,0.040045518428087234,0.05333609879016876,0.009368693456053734,0.0038033765740692616,0.17043209075927734,0.12276270240545273,0.06782509386539459,0.005827352404594421,0.033424630761146545,0.050444141030311584,0.0250281672924757,0.009881297126412392,0.020992690697312355,0.026668371632695198,,,,,,,,,,,,,,,
unknown,ぎ,456,457,585.165,585.665,0.58251953,,0.015348987653851509,0.01273270882666111,0.031013645231723785,0.14126187562942505,0.0107300179079175,0.11547891050577164,0.010228567756712437,0.0078084091655910015,0.05425187572836876,0.05582251772284508,0.021635854616761208,0.005542815197259188,0.05770032852888107,0.04125814139842987,0.032250888645648956,0.03858480229973793,0.01165858842432499,0.01051347516477108,0.2294592708349228,0.04737579822540283,0.012924005277454853,0.03573884442448616,0.01706753298640251,0.00905862357467413,0.04057479277253151,0.013117184862494469,0.07621987164020538,0.011335650458931923,0.007509155664592981,0.04936709627509117,0.001908668433316052,0.006492895539849997,0.015129989013075829,0.0016390918754041195,0.03173802047967911,0.049437299370765686,0.010306394658982754,0.040728092193603516,0.01966968923807144,0.033321019262075424,0.059503305703401566,0.007626757491379976,0.004477446898818016,0.20517481863498688,0.13046874105930328,0.04553442820906639,0.006807079538702965,0.03963838145136833,0.04303257539868355,0.019016019999980927,0.01089524570852518,0.03418905660510063,0.02069602720439434,,,,,,,,,,,,,,,
unknown,洗,458,459,590.88495,591.165,0.99902344,,0.01741442084312439,0.014908108860254288,0.03277457505464554,0.13983356952667236,0.010418997146189213,0.1127047911286354,0.012211628258228302,0.008837058208882809,0.05190890654921532,0.042332734912633896,0.024192845448851585,0.008514932356774807,0.07074377685785294,0.04046565666794777,0.024942927062511444,0.039042167365550995,0.016303900629281998,0.01984493061900139,0.19816283881664276,0.03119293972849846,0.009006421081721783,0.03881628066301346,0.015393410809338093,0.010568331927061081,0.03970181941986084,0.013258570805191994,0.10153438150882721,0.01210846658796072,0.007860532030463219,0.06590387970209122,0.0023900014348328114,0.008966045454144478,0.017470456659793854,0.0017208222998306155,0.038302429020404816,0.053941305726766586,0.012039106339216232,0.05259571969509125,0.022867420688271523,0.04986310005187988,0.055547576397657394,0.010108867660164833,0.004658234305679798,0.1847929209470749,0.1094697117805481,0.05103682726621628,0.00666384119540453,0.03608075529336929,0.040531158447265625,0.022120095789432526,0.011790173128247261,0.033455587923526764,0.03178642690181732,,,,,,,,,,,,,,,
unknown,濯,460,461,591.165,591.44495,1.0,,0.026959998533129692,0.020249994471669197,0.0652637854218483,0.14676402509212494,0.007171774283051491,0.07687584310770035,0.012431255541741848,0.02248450741171837,0.04793647304177284,0.02382367104291916,0.023954063653945923,0.01273613516241312,0.05112510919570923,0.05308717116713524,0.024215111508965492,0.053298670798540115,0.0171304140239954,0.029767272993922234,0.15272176265716553,0.029372181743383408,0.01512483786791563,0.03484926000237465,0.014637238346040249,0.019569698721170425,0.06839732825756073,0.01571909338235855,0.1334160715341568,0.023458683863282204,0.009707865305244923,0.09091583639383316,0.00294305058196187,0.01506084855645895,0.037978824228048325,0.0032318171579390764,0.042569804936647415,0.0739828497171402,0.01202050969004631,0.050090059638023376,0.0199187733232975,0.09305662661790848,0.09478653967380524,0.016209280118346214,0.0041376762092113495,0.13284696638584137,0.10918547958135605,0.08504281938076019,0.0068629528395831585,0.06623438745737076,0.05058978870511055,0.053835466504096985,0.013399266637861729,0.02584482543170452,0.05795487016439438,,,,,,,,,,,,,,,
unknown,も,462,463,591.44495,591.56494,0.5932617,,0.02750503271818161,0.014799238182604313,0.06869909167289734,0.12233838438987732,0.006916783284395933,0.08233897387981415,0.010577402077615261,0.0189592894166708,0.043445419520139694,0.02579457126557827,0.025842437520623207,0.011746354401111603,0.05081726238131523,0.05868641287088394,0.026717280969023705,0.05793328955769539,0.011505510658025742,0.025923272594809532,0.19269968569278717,0.03594588488340378,0.015257243998348713,0.03219044581055641,0.016044845804572105,0.013181433081626892,0.06244729086756706,0.01581421121954918,0.11135056614875793,0.018015671521425247,0.00945250317454338,0.06317231804132462,0.0022044098004698753,0.01617925986647606,0.032974205911159515,0.0023920079693198204,0.03998957574367523,0.056329842656850815,0.007521095219999552,0.045054592192173004,0.018017718568444252,0.08743374794721603,0.09393109381198883,0.01865025982260704,0.0023944079875946045,0.1497868001461029,0.10546010732650757,0.08852171152830124,0.004332731477916241,0.06601300835609436,0.049354344606399536,0.046235643327236176,0.013880313374102116,0.033280324190855026,0.05679699778556824,,,,,,,,,,,,,,,
unknown,の,464,465,591.56494,592.06494,0.5605469,,0.02849484607577324,0.023240815848112106,0.0555034801363945,0.11815019696950912,0.007032996974885464,0.07504644244909286,0.01532999612390995,0.01748083531856537,0.03901810199022293,0.030507709830999374,0.027958180755376816,0.01382532250136137,0.042293481528759,0.04777929559350014,0.020582595840096474,0.0682828277349472,0.020302101969718933,0.042254094034433365,0.13330282270908356,0.019061807543039322,0.007204114925116301,0.030789852142333984,0.01346951350569725,0.02023180201649666,0.04038548842072487,0.015640070661902428,0.19446700811386108,0.01783940941095352,0.01087589468806982,0.14866948127746582,0.002570692915469408,0.020188739523291588,0.030535809695720673,0.0016048732213675976,0.05937745422124863,0.10643621534109116,0.01544591411948204,0.043345749378204346,0.016268212348222733,0.11549442261457443,0.06255894899368286,0.018878579139709473,0.0037574656307697296,0.13077610731124878,0.065748430788517,0.09976556152105331,0.004731043241918087,0.041328880935907364,0.033365726470947266,0.04439026489853859,0.014784102328121662,0.027870289981365204,0.06824778765439987,,,,,,,,,,,,,,,
unknown,傷,466,467,598.4903,598.76953,1.0,,0.021029440686106682,0.017188942059874535,0.04061461240053177,0.11220879852771759,0.0074482266791164875,0.07779797166585922,0.01388639584183693,0.013358418829739094,0.031787700951099396,0.02208084426820278,0.0267612524330616,0.013375930488109589,0.03146766871213913,0.03507370129227638,0.018209030851721764,0.09559406340122223,0.01851581782102585,0.05341936647891998,0.11963766068220139,0.014102695509791374,0.006353351287543774,0.029924936592578888,0.00848987977951765,0.024645300582051277,0.04073541983962059,0.014739667996764183,0.2411932498216629,0.01224378403276205,0.006543653551489115,0.18600821495056152,0.0018910437356680632,0.03245708346366882,0.042911771684885025,0.001344050862826407,0.04706330597400665,0.13211587071418762,0.013214966282248497,0.044291336089372635,0.0175379179418087,0.14815497398376465,0.06461401283740997,0.038320932537317276,0.001992500852793455,0.10425440222024918,0.04757170006632805,0.15633420646190643,0.002533387392759323,0.039284609258174896,0.03258911892771721,0.05877900496125221,0.01398247666656971,0.0349145345389843,0.12211767584085464,,,,,,,,,,,,,,,
unknown,つ,468,469,598.76953,598.84937,0.9814453,,0.03319455683231354,0.024866601452231407,0.05005188658833504,0.10806870460510254,0.010114144533872604,0.08705688267946243,0.015004082582890987,0.019751006737351418,0.03728685528039932,0.029197249561548233,0.03395621106028557,0.013038747012615204,0.047408577054739,0.041447483003139496,0.022106025367975235,0.09691154211759567,0.014470711350440979,0.03327997028827667,0.13798746466636658,0.02113565243780613,0.008756718598306179,0.03961692005395889,0.01095049362629652,0.02662711776793003,0.037439968436956406,0.02154267020523548,0.19263558089733124,0.017176924273371696,0.006488524377346039,0.1395101696252823,0.0027981929015368223,0.03341594338417053,0.02574445679783821,0.0021501288283616304,0.04873001202940941,0.13414770364761353,0.01760249398648739,0.04730253666639328,0.032889049500226974,0.11755934357643127,0.061027891933918,0.034674134105443954,0.0033770769368857145,0.12940143048763275,0.052199769765138626,0.13678476214408875,0.003909613471478224,0.035427264869213104,0.041380465030670166,0.05942047759890556,0.017998676747083664,0.038678307086229324,0.09128081798553467,,,,,,,,,,,,,,,
unknown,け,470,471,598.84937,599.0089,0.9975586,,0.03598571941256523,0.024167217314243317,0.054545529186725616,0.09401120245456696,0.009709491394460201,0.07877768576145172,0.012722219340503216,0.021657971665263176,0.041820041835308075,0.034926820546388626,0.029687542468309402,0.012263833545148373,0.06030483916401863,0.040430158376693726,0.02199995145201683,0.07647711783647537,0.019037440419197083,0.031337179243564606,0.13076749444007874,0.020660072565078735,0.008858493529260159,0.03486214950680733,0.012883728370070457,0.02485034056007862,0.03539281710982323,0.01664869301021099,0.1788913905620575,0.019555650651454926,0.009847383014857769,0.12066243588924408,0.00244631408713758,0.02417326346039772,0.023369964212179184,0.001822955091483891,0.05047302693128586,0.10973343253135681,0.013017822988331318,0.029488297179341316,0.0282503180205822,0.10208908468484879,0.05473284050822258,0.020534342154860497,0.0031626629643142223,0.11472881585359573,0.057293470948934555,0.10768141597509384,0.004653980024158955,0.03735953941941261,0.03947960212826729,0.053700126707553864,0.014183128252625465,0.03627947345376015,0.07183445245027542,,,,,,,,,,,,,,,
unknown,た,472,473,599.0089,599.16846,0.9951172,,0.03222253918647766,0.02799054980278015,0.0520005077123642,0.09602360427379608,0.00929485633969307,0.07906845957040787,0.014898562803864479,0.01991279050707817,0.038068000227212906,0.034460075199604034,0.03379026800394058,0.010505218990147114,0.03810235112905502,0.03402012586593628,0.02096637710928917,0.10201991349458694,0.012347170151770115,0.03111541084945202,0.12112153321504593,0.016458550468087196,0.007918362505733967,0.04260335862636566,0.010010136291384697,0.030176175758242607,0.03770396485924721,0.01889011822640896,0.1745455265045166,0.018745271489024162,0.0068391719833016396,0.12257975339889526,0.002384170889854431,0.028991825878620148,0.022680146619677544,0.00161705631762743,0.034312400966882706,0.1462736874818802,0.023866087198257446,0.02791246399283409,0.04099852964282036,0.1340096890926361,0.058448173105716705,0.027363231405615807,0.0046715945936739445,0.14885689318180084,0.05849764123558998,0.12941884994506836,0.004611642099916935,0.038376398384571075,0.034073129296302795,0.04928433150053024,0.014658530242741108,0.07440589368343353,0.08591029047966003,,,,,,,,,,,,,,,
unknown,く,474,475,599.16846,599.2483,0.9916992,,0.04298584908246994,0.041527751833200455,0.07868609577417374,0.14291517436504364,0.00449341768398881,0.050060562789440155,0.013334652408957481,0.023766787722706795,0.04402558505535126,0.025127653032541275,0.0326056145131588,0.011165354400873184,0.03823452442884445,0.03967835754156113,0.015190542675554752,0.0987817719578743,0.03017384745180607,0.028799083083868027,0.08079253882169724,0.011268949136137962,0.005626419093459845,0.026062587276101112,0.010164538398385048,0.03412269055843353,0.041037414222955704,0.014799335040152073,0.23091143369674683,0.02446451224386692,0.009828615002334118,0.17931847274303436,0.0024531844537705183,0.031898077577352524,0.02398659661412239,0.001485335174947977,0.07138897478580475,0.17188802361488342,0.030024385079741478,0.03705998510122299,0.020558668300509453,0.13295964896678925,0.058395497500896454,0.020752960816025734,0.006422140169888735,0.08185523003339767,0.05340778827667236,0.1527225375175476,0.008404523134231567,0.032128747552633286,0.02766456827521324,0.06946578621864319,0.0130043625831604,0.02529749646782875,0.06729491055011749,,,,,,,,,,,,,,,
unknown,な,476,477,599.2483,599.32806,0.99658203,,0.04604768007993698,0.028122207149863243,0.05219282582402229,0.161231130361557,0.005715241655707359,0.0671493262052536,0.015047507360577583,0.02561739832162857,0.06516844779253006,0.05922668054699898,0.04489918798208237,0.011569262482225895,0.05877799913287163,0.07175527513027191,0.025258630514144897,0.10112066566944122,0.035827767103910446,0.02272927574813366,0.1279798299074173,0.02246994338929653,0.008732877671718597,0.027224818244576454,0.02548583783209324,0.02727605774998665,0.048162903636693954,0.01795620284974575,0.15295158326625824,0.028367063030600548,0.019133105874061584,0.10446114838123322,0.002984187798574567,0.024315016344189644,0.019378094002604485,0.0014395129401236773,0.07565988600254059,0.1197364330291748,0.016651352867484093,0.036559320986270905,0.025082312524318695,0.07027850300073624,0.06921092420816422,0.024444187059998512,0.008891156874597073,0.08909624814987183,0.07808397710323334,0.1272105723619461,0.01867569237947464,0.04005886986851692,0.03228907659649849,0.06802541762590408,0.015050916001200676,0.05443954840302467,0.046579934656620026,,,,,,,,,,,,,,,
unknown,い,478,479,599.32806,599.44775,0.9916992,,0.07437901198863983,0.04194093868136406,0.0554032027721405,0.16247153282165527,0.0058409362100064754,0.05149509757757187,0.014381099492311478,0.03795621544122696,0.051600150763988495,0.03555876016616821,0.02902103215456009,0.008879533968865871,0.039413873106241226,0.056916575878858566,0.022390762344002724,0.10331135988235474,0.03939063474535942,0.027785293757915497,0.12173378467559814,0.01560756005346775,0.007094362750649452,0.027717312797904015,0.01899261213839054,0.04668926075100899,0.04617415368556976,0.023160342127084732,0.23617783188819885,0.031112849712371826,0.026902468875050545,0.18035687506198883,0.002741673495620489,0.038642048835754395,0.020008087158203125,0.0013565453700721264,0.07428832352161407,0.1849970817565918,0.021517569199204445,0.03504784777760506,0.030656713992357254,0.10185784101486206,0.061147291213274,0.02994377166032791,0.009980875998735428,0.10189486294984818,0.07478570938110352,0.15302549302577972,0.01928241178393364,0.039507415145635605,0.029068922623991966,0.08799563348293304,0.018752198666334152,0.04946364462375641,0.07256355881690979,,,,,,,,,,,,,,,
unknown,こ,480,481,599.44775,599.6073,0.8725586,,0.06998220086097717,0.0477629192173481,0.11118060350418091,0.1687539517879486,0.0011694274144247174,0.014650208875536919,0.005233313888311386,0.03739960119128227,0.030040999874472618,0.01943415030837059,0.06783630698919296,0.017522023990750313,0.040163442492485046,0.09596244245767593,0.014935797080397606,0.219615176320076,0.026755409315228462,0.025435825809836388,0.03320703282952309,0.008594230748713017,0.003609076142311096,0.007585347630083561,0.011386065743863583,0.040714602917432785,0.02388838119804859,0.008603841997683048,0.22934116423130035,0.04250872880220413,0.0062052905559539795,0.12870757281780243,0.0013520102947950363,0.03860779106616974,0.01672113500535488,0.0009372190688736737,0.1070869192481041,0.21875454485416412,0.03241582587361336,0.11599628627300262,0.007812094409018755,0.1771245300769806,0.07740083336830139,0.024081701412796974,0.005520188715308905,0.03465544432401657,0.0343039445579052,0.28294095396995544,0.006636811885982752,0.02267702855169773,0.013888637535274029,0.08317491412162781,0.00796113908290863,0.014455904252827168,0.09655004739761353,,,,,,,,,,,,,,,
unknown,と,482,483,599.6073,600.1073,0.9472656,,0.05589339882135391,0.03682209178805351,0.09280727058649063,0.14389415085315704,0.0020437247585505247,0.026646161451935768,0.006775818765163422,0.030143141746520996,0.031121021136641502,0.02194230444729328,0.055007580667734146,0.022395718842744827,0.04646105691790581,0.08197256922721863,0.01594371162354946,0.18061111867427826,0.027176886796951294,0.03847524896264076,0.046033114194869995,0.01121447328478098,0.0045884763821959496,0.010242301970720291,0.012606649659574032,0.03622206673026085,0.024856923148036003,0.008770830929279327,0.26489579677581787,0.03278891369700432,0.006155840586870909,0.15755170583724976,0.001533793518319726,0.03277883306145668,0.01830008067190647,0.001039592083543539,0.109343022108078,0.19550645351409912,0.023789165541529655,0.08273542672395706,0.00936474371701479,0.17451992630958557,0.08007801324129105,0.026871759444475174,0.004086330067366362,0.03291229158639908,0.030333170667290688,0.2651464641094208,0.0057532223872840405,0.023037569597363472,0.020531969144940376,0.09884607046842575,0.008055780082941055,0.015599548816680908,0.1100059449672699,,,,,,,,,,,,,,,
