Id,BeginTime,EndTime,Admiration,Adoration,Aesthetic Appreciation,Amusement,Anger,Anxiety,Awe,Awkwardness,Boredom,Calmness,Concentration,Contemplation,Confusion,Contempt,Contentment,Craving,Determination,Disappointment,Disgust,Distress,Doubt,Ecstasy,Embarrassment,Empathic Pain,Entrancement,Envy,Excitement,Fear,Guilt,Horror,Interest,Joy,Love,Nostalgia,Pain,Pride,Realization,Relief,Romance,Sadness,Satisfaction,Desire,Shame,Surprise (negative),Surprise (positive),Sympathy,Tiredness,Triumph,Cackle,Cheer,Chuckle,Cry,Gasp,Giggle,Groan,Growl,Grunt,Hiss,Hoot,Howl,Laugh,Moan,Pant,Roar,Scream,Screech,Shout,Shriek,Sigh,Snicker,Snort,Sob,Squeal,Wail,Wheep,Whimper,Yawn,Yelp,Ah,Aha,Ahh,Argh,Aww,Eek,Eww,Grr,Ha,Hah,Haha,Hehe,Hmm,Huh,Hurray,Mhm,Mmm,Oh,Ohh,Ooh,Ooph,Ouch,Oww,Pff,Phew,Tsk,Ugh,Uh,Uh-huh,Umm,Whee,Whew,Woah,Wow,Yay,Yippee,Yuck
unknown,10.0,11.0,0.05096844211220741,0.03406447172164917,0.027902653440833092,0.10614590346813202,0.057348791509866714,0.07806858420372009,0.07394406944513321,0.09433532506227493,0.11010343581438065,0.08432275056838989,0.04863949120044708,0.06682713329792023,0.07325340807437897,0.10933379083871841,0.06406213343143463,0.040183138102293015,0.059194888919591904,0.11604203283786774,0.05783142149448395,0.13822241127490997,0.10626131296157837,0.11516565084457397,0.05539379268884659,0.04863181710243225,0.04669955372810364,0.029646215960383415,0.09519950300455093,0.1017894372344017,0.02516193501651287,0.07741057872772217,0.10065688192844391,0.09920510649681091,0.044704239815473557,0.022226063534617424,0.0781225711107254,0.034597620368003845,0.10328718274831772,0.0960506871342659,0.05261072888970375,0.04686355218291283,0.15332630276679993,0.09507476538419724,0.03182964771986008,0.04973306506872177,0.07867530733346939,0.02628273330628872,0.13198216259479523,0.04601172357797623,0.025399114936590195,0.01838797703385353,0.06467846035957336,0.04535674676299095,0.1214984580874443,0.041643332690000534,0.04962156340479851,0.021585358306765556,0.04222783073782921,0.010061644949018955,0.03606356680393219,0.017740722745656967,0.05472356081008911,0.07329458743333817,0.03137477859854698,0.013211153447628021,0.02240937389433384,0.03277339041233063,0.03308164328336716,0.0377252921462059,0.09166037291288376,0.02429250441491604,0.03279603645205498,0.037570420652627945,0.055398013442754745,0.043195340782403946,0.04060974717140198,0.061398379504680634,0.021350428462028503,0.022147109732031822,0.04368259012699127,0.010897811502218246,0.037068404257297516,0.015270527452230453,0.0116379139944911,0.019381847232580185,0.012891104444861412,0.014480626210570335,0.019286910071969032,0.02831272780895233,0.034905221313238144,0.04859030246734619,0.05562851205468178,0.0487712100148201,0.0074062347412109375,0.03504582867026329,0.044097162783145905,0.017805293202400208,0.036783795803785324,0.03998688980937004,0.029710404574871063,0.0031373808160424232,0.006108412053436041,0.014438898302614689,0.023023871704936028,0.00792824849486351,0.03276100754737854,0.03293311595916748,0.016944291070103645,0.014287574216723442,0.01635524444282055,0.031458836048841476,0.012753988616168499,0.010440001264214516,0.00841299444437027,0.027636023238301277,0.013729915022850037
unknown,13.0,14.0,0.09236496686935425,0.03336268290877342,0.053875990211963654,0.07706662267446518,0.01947493851184845,0.06381207704544067,0.06948956102132797,0.19929897785186768,0.3657419979572296,0.3555028736591339,0.06570112705230713,0.09061264246702194,0.1402416080236435,0.12892164289951324,0.07888377457857132,0.061993490904569626,0.05303001031279564,0.21281704306602478,0.0702061578631401,0.08873363584280014,0.17715588212013245,0.07406403869390488,0.06254041939973831,0.027484551072120667,0.026114605367183685,0.02659498155117035,0.09579746425151825,0.029214579612016678,0.13845396041870117,0.0174331646412611,0.2362544685602188,0.08903488516807556,0.06773915141820908,0.058871570974588394,0.0294412299990654,0.06883829832077026,0.09738528728485107,0.16703295707702637,0.08299990743398666,0.018139533698558807,0.19193035364151,0.10101145505905151,0.03790754824876785,0.02065214328467846,0.025607047602534294,0.031925901770591736,0.25113987922668457,0.04912270978093147,0.04132940247654915,0.11455205827951431,0.01962851732969284,0.004100283607840538,0.06278916448354721,0.012018169276416302,0.15654782950878143,0.010362756438553333,0.0245341956615448,0.006100758910179138,0.004167633131146431,0.00903463363647461,0.046575792133808136,0.07761003822088242,0.011027589440345764,0.015360675752162933,0.010468377731740475,0.0022570514120161533,0.0273820199072361,0.009514988400042057,0.6964062452316284,0.00814343523234129,0.005472527351230383,0.0025901813060045242,0.010203790850937366,0.010864677838981152,0.003965573385357857,0.01510996650904417,0.013964307494461536,0.014093250036239624,0.12562744319438934,0.012286386452615261,0.05916460230946541,0.015517243184149265,0.024075673893094063,0.00996494758874178,0.08654999732971191,0.038489267230033875,0.34877684712409973,0.24150241911411285,0.017101725563406944,0.038247350603342056,0.07597768306732178,0.05026105046272278,0.23890724778175354,0.05315786972641945,0.04308733344078064,0.0036396090872585773,0.0076666236855089664,0.00497867027297616,0.003799544647336006,0.0009203775553032756,0.0021694062743335962,0.0022772427182644606,0.012202263809740543,0.0008997446857392788,0.052909281104803085,0.03890959918498993,0.007311276625841856,0.049498554319143295,0.0023730620741844177,0.006417996250092983,0.003659321228042245,0.003341584699228406,0.0403546541929245,0.0031245313584804535,0.02425122633576393
unknown,22.0,23.0,0.015882078558206558,0.014890068210661411,0.009556971490383148,0.055876124650239944,0.06370314955711365,0.19166117906570435,0.023940041661262512,0.10307864844799042,0.12696392834186554,0.08171345293521881,0.07475365698337555,0.06050212308764458,0.07401469349861145,0.2163647562265396,0.028935162350535393,0.038688208907842636,0.10790049284696579,0.341398686170578,0.10342153906822205,0.2920856773853302,0.11714699864387512,0.04567863047122955,0.055581070482730865,0.10465182363986969,0.02107519470155239,0.02386051043868065,0.031028592959046364,0.1356458067893982,0.10558115690946579,0.08624591678380966,0.02564442716538906,0.03649360314011574,0.032476890832185745,0.06577826291322708,0.17784106731414795,0.02040296047925949,0.036972325295209885,0.07098959386348724,0.04470723494887352,0.22071048617362976,0.06869849562644958,0.08007195591926575,0.051352061331272125,0.039000436663627625,0.02454427070915699,0.038537755608558655,0.14666996896266937,0.016901131719350815,0.013348205015063286,0.0007752952515147626,0.02807438187301159,0.20885564386844635,0.13845223188400269,0.01209163572639227,0.058260440826416016,0.020614018663764,0.12604399025440216,0.07035815715789795,0.005531781353056431,0.002309301169589162,0.019055282697081566,0.019775141030550003,0.07135981321334839,0.003994078375399113,0.0018087150529026985,0.007975299842655659,0.001534510520286858,0.015355835668742657,0.10451221466064453,0.06387170404195786,0.1798132210969925,0.20214122533798218,0.01810017228126526,0.01451753731817007,0.1872866302728653,0.27699196338653564,0.0038608270697295666,0.006523061078041792,0.07468044757843018,0.007497990969568491,0.013907869346439838,0.005927663762122393,0.0013290781062096357,0.02079061046242714,0.0016813925467431545,0.010633312165737152,0.02035442180931568,0.025801770389080048,0.011194129474461079,0.01204879954457283,0.038069743663072586,0.02328542433679104,0.0011985294986516237,0.012542780488729477,0.010087608359754086,0.004497407004237175,0.003172351513057947,0.00386830884963274,0.00860371720045805,0.050962209701538086,0.0015263245441019535,0.11246882379055023,0.03470541909337044,0.13226772844791412,0.06985454261302948,0.0465361513197422,0.015337911434471607,0.006755872163921595,0.006328033749014139,0.008258242160081863,0.0021710549481213093,0.0019942510407418013,0.0010424372740089893,0.004580666311085224,0.018085261806845665
unknown,32.0,33.0,0.009230871684849262,0.006049878429621458,0.005036565009504557,0.10448995232582092,0.12005797028541565,0.127641960978508,0.023552246391773224,0.18816591799259186,0.07232498377561569,0.06138871610164642,0.06881503760814667,0.06962160766124725,0.10610881447792053,0.31286752223968506,0.018496772274374962,0.021316373720765114,0.10774306952953339,0.1456938087940216,0.28794705867767334,0.2863326072692871,0.1772070825099945,0.021553609520196915,0.09716804325580597,0.09551750123500824,0.02023528888821602,0.05896014720201492,0.04818093404173851,0.11618319898843765,0.08478379249572754,0.07387355715036392,0.05272470787167549,0.050222545862197876,0.012152004987001419,0.019399093464016914,0.19494545459747314,0.05906599387526512,0.054048482328653336,0.032547470182180405,0.010087275877594948,0.07715687900781631,0.03753119707107544,0.028772367164492607,0.039445661008358,0.05080752819776535,0.025439994409680367,0.027023015543818474,0.06533239781856537,0.03375440835952759,0.03803267329931259,0.0006929487572051585,0.07093151658773422,0.07785069197416306,0.11788154393434525,0.014257083646953106,0.07512616366147995,0.029067210853099823,0.4225537180900574,0.011801077052950859,0.015806177631020546,0.002948184497654438,0.03532463684678078,0.010355374775826931,0.05850965902209282,0.0027659789193421602,0.0026689358055591583,0.005557869095355272,0.00538734532892704,0.012542854994535446,0.009021628648042679,0.22669671475887299,0.2083607167005539,0.06523683667182922,0.04052433744072914,0.0078092291951179504,0.19697612524032593,0.1636050045490265,0.00044142245315015316,0.09179666638374329,0.0045392801985144615,0.0015028208727017045,0.0011017286451533437,0.008420619182288647,0.0008065081783570349,0.14066357910633087,0.049620725214481354,0.1363142728805542,0.008269761689007282,0.004396869335323572,0.01029078010469675,0.034991391003131866,0.036314863711595535,0.020934680476784706,0.0054003410041332245,0.021289484575390816,0.011088614352047443,0.07117112725973129,0.014803477562963963,0.020849326625466347,0.16087090969085693,0.011633902788162231,0.002656205790117383,0.05987415090203285,0.005526355933398008,0.12519900500774384,0.1337464600801468,0.0485016368329525,0.02674705907702446,0.005434753838926554,0.004353214520961046,0.005301132332533598,0.003424885915592313,0.0005644370685331523,0.0017079998506233096,0.001156920799985528,0.17073020339012146
unknown,34.0,35.0,0.002537357620894909,0.0014505478320643306,0.0022072044666856527,0.01373299676924944,0.520835280418396,0.17253072559833527,0.006738000549376011,0.08427612483501434,0.11449731886386871,0.04403039813041687,0.109953872859478,0.028469301760196686,0.03669293224811554,0.1602165699005127,0.007410963997244835,0.17701348662376404,0.17292048037052155,0.14703744649887085,0.1416827291250229,0.3387002646923065,0.03371009975671768,0.0759812593460083,0.03319058567285538,0.05200500041246414,0.0155174620449543,0.012415137141942978,0.02324788272380829,0.07148828357458115,0.014626552350819111,0.1024513766169548,0.005224199965596199,0.011171399615705013,0.005029323510825634,0.005458336789160967,0.18276779353618622,0.0057016778737306595,0.015950195491313934,0.05381174013018608,0.02544547989964485,0.02352939173579216,0.102468341588974,0.1237889900803566,0.025054700672626495,0.004589940886944532,0.0034941232297569513,0.0023428318090736866,0.45979052782058716,0.025222813710570335,0.004428780637681484,0.001196384895592928,0.008909129537642002,0.013002319261431694,0.029249100014567375,0.006449599750339985,0.3504847288131714,0.662214994430542,0.5916799306869507,0.061751339584589005,0.0008356705075129867,0.0036085774190723896,0.0067833224311470985,0.1715945303440094,0.22727224230766296,0.6035770177841187,0.01378688681870699,0.008845549076795578,0.008911790326237679,0.010093394666910172,0.04266960546374321,0.013248828239738941,0.3470909595489502,0.016956713050603867,0.003029552288353443,0.08089469373226166,0.04877135157585144,0.03190796449780464,0.011083985678851604,0.007014908827841282,0.019888073205947876,0.010297137312591076,0.03739119693636894,0.07726424187421799,0.0025406936183571815,0.007380298804491758,0.005784919951111078,0.2174263596534729,0.009436942636966705,0.018900539726018906,0.0036587866488844156,0.006812072359025478,0.034287966787815094,0.009427327662706375,0.0016028123209252954,0.017219122499227524,0.05957314744591713,0.0024859400000423193,0.004906464368104935,0.004350005649030209,0.030982457101345062,0.0133030004799366,0.01668756641447544,0.013682601042091846,0.017138492316007614,0.005084712523967028,0.0703258290886879,0.04117409512400627,0.035155292600393295,0.014137856662273407,0.019405292347073555,0.005229444243013859,0.0023309863172471523,0.001261422410607338,0.002320679370313883,0.002671031281352043,0.025883648544549942
unknown,49.0,50.0,0.018070785328745842,0.007966380566358566,0.005948902573436499,0.03283701837062836,0.10525315254926682,0.10803475230932236,0.08511693775653839,0.09279512614011765,0.09306631982326508,0.04600413888692856,0.02312294766306877,0.032980117946863174,0.08191459625959396,0.09158150106668472,0.013043156825006008,0.01863122545182705,0.03612974286079407,0.20041339099407196,0.11286794394254684,0.24127990007400513,0.10881307721138,0.05678294599056244,0.06803298741579056,0.09607195109128952,0.012759914621710777,0.014334199018776417,0.04156643897294998,0.21295300126075745,0.05703342705965042,0.15036313235759735,0.03577793389558792,0.02308204397559166,0.009065203368663788,0.006713711190968752,0.2676353454589844,0.0208771750330925,0.10451390594244003,0.0756329819560051,0.023119790479540825,0.019992666319012642,0.08995967358350754,0.11891069263219833,0.02772066555917263,0.11536476016044617,0.0955318808555603,0.008657786063849926,0.09933315217494965,0.02447277121245861,0.006757932715117931,0.0047875652089715,0.008830356411635876,0.031150223687291145,0.15458297729492188,0.0029063087422400713,0.16244059801101685,0.03489082679152489,0.0947917029261589,0.002491984749212861,0.008051000535488129,0.05117690563201904,0.010418408550322056,0.04365939646959305,0.01710236817598343,0.020203396677970886,0.07771985977888107,0.06090378388762474,0.12722255289554596,0.09596212953329086,0.02929372526705265,0.004119224846363068,0.012106785550713539,0.007157010026276112,0.04757455736398697,0.03365213796496391,0.0062935505993664265,0.026236582547426224,0.0068708425387740135,0.22170010209083557,0.3094412088394165,0.019532479345798492,0.14880487322807312,0.15861393511295319,0.019016766920685768,0.010034259408712387,0.010526183061301708,0.017919348552823067,0.02679053694009781,0.04225032776594162,0.0032079294323921204,0.001898371847346425,0.006705255247652531,0.05362411588430405,0.0037674489431083202,0.002560362918302417,0.0035955477505922318,0.11222538352012634,0.05109419301152229,0.028593026101589203,0.03143550828099251,0.07806013524532318,0.06424189358949661,0.0016509497072547674,0.0027525757905095816,0.0026467787101864815,0.16852161288261414,0.1414501816034317,0.009090207517147064,0.003378292080014944,0.002730458276346326,0.0033381192479282618,0.009796926751732826,0.011680607683956623,0.001281512901186943,0.002097682561725378,0.050292231142520905
unknown,55.0,56.0,0.049126382917165756,0.029249226674437523,0.024466462433338165,0.080509252846241,0.10473200678825378,0.08704463392496109,0.08862318098545074,0.09950698912143707,0.10305330157279968,0.07393994182348251,0.04041355475783348,0.051521144807338715,0.07146946340799332,0.12050211429595947,0.06032804399728775,0.03854971379041672,0.05465831235051155,0.14347366988658905,0.11746113747358322,0.17599567770957947,0.08864054083824158,0.110791876912117,0.06127985939383507,0.05332697927951813,0.039017729461193085,0.0272202230989933,0.10299612581729889,0.09162857383489609,0.026467248797416687,0.08511193096637726,0.09573456645011902,0.08115726709365845,0.03860456869006157,0.013967877253890038,0.09063056856393814,0.03155184164643288,0.14028501510620117,0.10386795550584793,0.05496354401111603,0.030555497854948044,0.18218186497688293,0.10756359994411469,0.039423149079084396,0.04821455106139183,0.09522666037082672,0.023150939494371414,0.12444944679737091,0.05037820711731911,0.01972896233201027,0.02015613578259945,0.033722374588251114,0.024344099685549736,0.12210214883089066,0.023640893399715424,0.08791754394769669,0.04479695111513138,0.10341078042984009,0.007674673572182655,0.031082019209861755,0.026855673640966415,0.033939436078071594,0.07280895113945007,0.028412798419594765,0.017504863440990448,0.036513812839984894,0.038529809564352036,0.04444223642349243,0.06041461601853371,0.07960240542888641,0.01768789067864418,0.029080603271722794,0.0148188890889287,0.05696708709001541,0.029301783069968224,0.012770501896739006,0.03970732539892197,0.010220636613667011,0.06614400446414948,0.07388686388731003,0.015588430687785149,0.056217823177576065,0.04303674399852753,0.01675364561378956,0.041223637759685516,0.03933129459619522,0.044534843415021896,0.0343155600130558,0.04341937601566315,0.018556935712695122,0.01480025239288807,0.02936509996652603,0.06644880771636963,0.011769605800509453,0.021472716704010963,0.027961431071162224,0.045475445687770844,0.04886269569396973,0.04943125694990158,0.0365317203104496,0.007887559942901134,0.007893435657024384,0.006751833949238062,0.014687840826809406,0.004069008864462376,0.06915555149316788,0.02547525241971016,0.009770079515874386,0.00704969372600317,0.019797176122665405,0.041097499430179596,0.015666183084249496,0.007697739638388157,0.0069999415427446365,0.0287507101893425,0.058690786361694336
unknown,79.0,80.0,0.06392157822847366,0.08207307010889053,0.050847966223955154,0.012485294602811337,0.009871894493699074,0.04488261789083481,0.09077481925487518,0.048524029552936554,0.2927836775779724,0.17955346405506134,0.06568504124879837,0.11676917970180511,0.06425014138221741,0.03102215565741062,0.0894790068268776,0.1138262078166008,0.014915226958692074,0.21869610249996185,0.024808024987578392,0.12246774137020111,0.08878156542778015,0.23639801144599915,0.03369378298521042,0.1144108772277832,0.04923645406961441,0.010415465570986271,0.017448071390390396,0.007089907769113779,0.03441787511110306,0.005264734383672476,0.060127075761556625,0.013463298790156841,0.06565454602241516,0.04319477453827858,0.0695909634232521,0.003859896445646882,0.16507303714752197,0.19303837418556213,0.17715047299861908,0.06925658136606216,0.3995808959007263,0.35051700472831726,0.0370563268661499,0.0035924743860960007,0.015220580622553825,0.08710677921772003,0.3558183014392853,0.005712466314435005,0.0006351805059239268,0.0006695914198644459,0.002175598870962858,0.004239235073328018,0.011943033896386623,0.0007764197653159499,0.23422735929489136,0.013307432644069195,0.014425043016672134,0.0009927895152941346,0.0012297986540943384,0.0015624025836586952,0.0017216342967003584,0.44576337933540344,0.005871762055903673,0.007770214229822159,0.0005735061131417751,0.00043260338134132326,0.0010420877952128649,0.0005054642679169774,0.15101787447929382,0.0011803233064711094,0.0010599480010569096,0.00396058801561594,0.0005048610037192702,0.007374787237495184,0.008283461444079876,0.0513918362557888,0.04295728728175163,0.0007055339519865811,0.05506488308310509,0.005932397674769163,0.17963168025016785,0.021539196372032166,0.1255682408809662,0.00038074346957728267,0.005824888125061989,0.014294813387095928,0.0018219546182081103,0.005803081206977367,0.001802281360141933,0.000643473002128303,0.06085687875747681,0.006788791157305241,0.001246279338374734,0.07029582560062408,0.18163800239562988,0.10424081236124039,0.30923062562942505,0.14992623031139374,0.06377449631690979,0.0016094651073217392,0.04405421391129494,0.001995465951040387,0.0036140484735369682,0.0014430833980441093,0.05430338904261589,0.0736255943775177,0.021776245906949043,0.06234586983919144,0.0015557961305603385,0.004679078236222267,0.01557873748242855,0.0068713584914803505,0.0008740404155105352,0.0023018508218228817,0.0031664040870964527
unknown,85.0,86.0,0.041355445981025696,0.045044541358947754,0.03095265105366707,0.019772028550505638,0.05452116206288338,0.0674767941236496,0.03197995945811272,0.07586827874183655,0.31234660744667053,0.20938241481781006,0.11654695868492126,0.19691337645053864,0.09146079421043396,0.08332198113203049,0.11617467552423477,0.10666758567094803,0.045406680554151535,0.21860522031784058,0.03705858066678047,0.15204176306724548,0.15580753982067108,0.15620526671409607,0.03838678076863289,0.0537969246506691,0.04467255249619484,0.02558092586696148,0.017279211431741714,0.008880209177732468,0.024274917319417,0.007084333803504705,0.08144327253103256,0.018501365557312965,0.05259832367300987,0.035597387701272964,0.05190526694059372,0.008153339847922325,0.09759827703237534,0.14422494173049927,0.16460251808166504,0.03979592025279999,0.34779760241508484,0.27795374393463135,0.03912656009197235,0.0026035713963210583,0.005980080924928188,0.0546569749712944,0.35613349080085754,0.0063868071883916855,0.0016780993901193142,0.001238231430761516,0.004919989965856075,0.0036415080539882183,0.008216829039156437,0.003970786929130554,0.2737167477607727,0.071269690990448,0.07729418575763702,0.004806924611330032,0.0024886515457183123,0.0013271543430164456,0.004328734707087278,0.31913962960243225,0.016662022098898888,0.020031873136758804,0.0012643029913306236,0.001868239138275385,0.0011235247366130352,0.0010213053319603205,0.18839477002620697,0.004299892112612724,0.009283903054893017,0.0030145791824907064,0.00179519213270396,0.006882042158395052,0.00778982462361455,0.056267816573381424,0.05539361387491226,0.0015333299525082111,0.01814386621117592,0.0026169077027589083,0.034060850739479065,0.015433425083756447,0.022185364738106728,0.0024916294496506453,0.009717187844216824,0.09177453815937042,0.004397256765514612,0.011025283485651016,0.0021330793388187885,0.0029312786646187305,0.25123196840286255,0.02189379185438156,0.0032045082189142704,0.15772020816802979,0.3054986298084259,0.005290002562105656,0.021298153325915337,0.010740894824266434,0.008997682482004166,0.0017984779551625252,0.0063468762673437595,0.006576606538146734,0.00503260362893343,0.0034263692796230316,0.03983025252819061,0.020422574132680893,0.015145543962717056,0.0727776512503624,0.009243018925189972,0.005147392861545086,0.0023164490703493357,0.0016160422237589955,0.0033715078607201576,0.004164580255746841,0.003052440704777837
unknown,86.0,87.0,0.02816304937005043,0.03278094902634621,0.02312641032040119,0.015482575632631779,0.1371922492980957,0.09926611930131912,0.027750419452786446,0.07452068477869034,0.290554016828537,0.1837257444858551,0.09954257309436798,0.1491497904062271,0.07996280491352081,0.09079845994710922,0.08060639351606369,0.12486439943313599,0.05885494872927666,0.2533031105995178,0.05050065368413925,0.19844983518123627,0.1413058042526245,0.14815126359462738,0.04295327141880989,0.05560954287648201,0.04202398285269737,0.021006977185606956,0.016392283141613007,0.01595989055931568,0.025083759799599648,0.014073307625949383,0.05425097793340683,0.015335260890424252,0.05046055465936661,0.03772943466901779,0.07647834718227386,0.006141984835267067,0.07190045714378357,0.12891748547554016,0.14996841549873352,0.04280272498726845,0.27768975496292114,0.28998735547065735,0.03911686688661575,0.0033951913937926292,0.006263802759349346,0.03405063599348068,0.35235175490379333,0.007720312103629112,0.0018342139665037394,0.0006831845385022461,0.005594898015260696,0.005530594382435083,0.014183909632265568,0.005052352789789438,0.32802268862724304,0.19731222093105316,0.16179914772510529,0.012340564280748367,0.0015302121173590422,0.0011532495263963938,0.0055824085138738155,0.31667470932006836,0.04908089339733124,0.061262376606464386,0.0011604753090068698,0.0012819119729101658,0.0009457375854253769,0.0007919755298644304,0.2179548144340515,0.005411937832832336,0.04118422418832779,0.007421921007335186,0.000957220618147403,0.013330796733498573,0.016511892899870872,0.06820130348205566,0.04539346694946289,0.0009951754473149776,0.01316221896559,0.002304951660335064,0.02565254084765911,0.019540393725037575,0.021199312061071396,0.0014350803103297949,0.004811165388673544,0.1051831841468811,0.004221312701702118,0.009357055649161339,0.0023501792456954718,0.0030923355370759964,0.181390181183815,0.026028549298644066,0.002294095465913415,0.11917272210121155,0.20066653192043304,0.0074758706614375114,0.03077598847448826,0.016224727034568787,0.04389140009880066,0.0022028698585927486,0.010580210946500301,0.015396148897707462,0.008101198822259903,0.0036970090586692095,0.052751973271369934,0.030153393745422363,0.02901373617351055,0.06156244874000549,0.006994298659265041,0.009191911667585373,0.002974205883219838,0.0015008320333436131,0.0032543716952204704,0.004189623985439539,0.0024428009055554867
unknown,97.0,98.0,0.02817126363515854,0.022954832762479782,0.0164444949477911,0.053882211446762085,0.10985593497753143,0.10062649101018906,0.038259707391262054,0.0976729765534401,0.18171121180057526,0.11762998253107071,0.055517494678497314,0.07326061278581619,0.06936344504356384,0.10797792673110962,0.08879638463258743,0.07166045159101486,0.06034255027770996,0.1819283813238144,0.10227292776107788,0.2028549611568451,0.09651657193899155,0.1683080792427063,0.05738978087902069,0.06977415829896927,0.02701348252594471,0.01477108895778656,0.06777270138263702,0.09027256071567535,0.026595309376716614,0.07153838127851486,0.05291733145713806,0.06339221447706223,0.05707748606801033,0.025045253336429596,0.12304263561964035,0.021652745082974434,0.06238459795713425,0.14786279201507568,0.11897493898868561,0.03884763643145561,0.2506037652492523,0.24467067420482635,0.04902969300746918,0.020022327080368996,0.02020845375955105,0.01667925901710987,0.28134632110595703,0.041130781173706055,0.02052970975637436,0.014411053620278835,0.023317012935876846,0.03431539237499237,0.05455280467867851,0.02886849083006382,0.18847854435443878,0.06878510862588882,0.11824598163366318,0.01924734190106392,0.01591549441218376,0.02278978005051613,0.03703251853585243,0.2191605120897293,0.06939024478197098,0.07742402702569962,0.059702180325984955,0.053991660475730896,0.03999774158000946,0.07420983165502548,0.1545945256948471,0.0157267227768898,0.026454534381628036,0.024652039632201195,0.0361764095723629,0.06880992650985718,0.052566733211278915,0.09005153179168701,0.043498314917087555,0.02116534486413002,0.059986550360918045,0.009496880695223808,0.10241146385669708,0.05570700764656067,0.013225549831986427,0.037781164050102234,0.05948677286505699,0.09893357753753662,0.012562533840537071,0.024547966197133064,0.013448177836835384,0.01407265942543745,0.053628772497177124,0.01058388501405716,0.01920931600034237,0.03845803067088127,0.0926184430718422,0.006985361687839031,0.02605443261563778,0.02048732154071331,0.016506537795066833,0.008250315673649311,0.005054209381341934,0.009025156497955322,0.022271407768130302,0.005632604938000441,0.1178758293390274,0.05455321446061134,0.007711881306022406,0.029182372614741325,0.02487126737833023,0.01941845752298832,0.006168491672724485,0.0039649466052651405,0.020610161125659943,0.025491885840892792,0.056989237666130066
unknown,99.0,100.0,0.06100562959909439,0.028494153171777725,0.03257245197892189,0.1404770016670227,0.09284359961748123,0.1077248677611351,0.08496402204036713,0.10942582786083221,0.14292410016059875,0.09451085329055786,0.05824686214327812,0.09546678513288498,0.08413615077733994,0.15593716502189636,0.05778570845723152,0.0395239032804966,0.048805348575115204,0.18486471474170685,0.05517346039414406,0.18519626557826996,0.13296370208263397,0.10582781583070755,0.07650022208690643,0.05602109059691429,0.04589277133345604,0.03303064405918121,0.11371789127588272,0.11743274331092834,0.036287419497966766,0.08721958845853806,0.10778497904539108,0.10322987288236618,0.05049768090248108,0.029132802039384842,0.07852558046579361,0.044938817620277405,0.13369008898735046,0.1283547282218933,0.0509868748486042,0.04298647493124008,0.14808429777622223,0.09907858818769455,0.04450508952140808,0.04275602847337723,0.06688181310892105,0.03446481376886368,0.17501409351825714,0.049924369901418686,0.029878348112106323,0.014359458349645138,0.07269157469272614,0.024906063452363014,0.12747208774089813,0.03581927344202995,0.0923980176448822,0.06759661436080933,0.05925922095775604,0.015929484739899635,0.026709411293268204,0.01730193942785263,0.0661626011133194,0.10183639824390411,0.03631775826215744,0.021897323429584503,0.01823480613529682,0.02388843521475792,0.027072081342339516,0.027351342141628265,0.12247749418020248,0.05530354380607605,0.049934644252061844,0.029311643913388252,0.02273797243833542,0.026766488328576088,0.02130681462585926,0.06661596894264221,0.013622128404676914,0.018695328384637833,0.05048699304461479,0.02966373786330223,0.07019530981779099,0.0316641591489315,0.02142375521361828,0.004958080593496561,0.005170383490622044,0.06369193643331528,0.038353193551301956,0.04328626021742821,0.03432094305753708,0.029528245329856873,0.09547978639602661,0.062275178730487823,0.01972092129290104,0.028417866677045822,0.04103139415383339,0.016308387741446495,0.03396328538656235,0.03362337872385979,0.02354070357978344,0.005206026136875153,0.011733070015907288,0.02389027364552021,0.020490800961852074,0.02576211839914322,0.054968301206827164,0.036720000207424164,0.02653755620121956,0.00868834089487791,0.00794020015746355,0.020752934738993645,0.01857605017721653,0.011213032528758049,0.0071636647917330265,0.022009406238794327,0.009059206582605839
unknown,116.0,117.0,0.042202312499284744,0.021265311166644096,0.012828901410102844,0.255560964345932,0.04060295969247818,0.06521572917699814,0.08966038376092911,0.20319095253944397,0.09335528314113617,0.06611140817403793,0.04035633057355881,0.04553322121500969,0.09616576880216599,0.14196324348449707,0.042410336434841156,0.025326425209641457,0.059989895671606064,0.16794490814208984,0.07482348382472992,0.14017099142074585,0.19345563650131226,0.04086243733763695,0.1608276218175888,0.13294708728790283,0.030002256855368614,0.04673171788454056,0.08266164362430573,0.08091361075639725,0.05064957216382027,0.0766623243689537,0.11394387483596802,0.12182454764842987,0.02194332703948021,0.026342259719967842,0.19691278040409088,0.06067175045609474,0.22798171639442444,0.047075845301151276,0.023617707192897797,0.036523059010505676,0.09761573374271393,0.056936345994472504,0.024410799145698547,0.10041467845439911,0.22228892147541046,0.07124698162078857,0.0629410445690155,0.05131359025835991,0.08469851315021515,0.0014228589134290814,0.3329959213733673,0.012984931468963623,0.14608924090862274,0.03528755530714989,0.0973024070262909,0.026500223204493523,0.15470851957798004,0.010219885036349297,0.03257785737514496,0.007341532036662102,0.09964603185653687,0.023526130244135857,0.04581702500581741,0.004394066520035267,0.003747908165678382,0.007010273169726133,0.013922976329922676,0.011395172215998173,0.01968511939048767,0.1422664225101471,0.2365114837884903,0.019073648378252983,0.029585137963294983,0.009468949399888515,0.010854445397853851,0.024009181186556816,0.001888455473817885,0.060277506709098816,0.03961997851729393,0.02676195092499256,0.00856705754995346,0.018317442387342453,0.010034528560936451,0.005944466684013605,0.01539166085422039,0.005407749209553003,0.02136448211967945,0.03241051733493805,0.07580004632472992,0.04692152515053749,0.00750532653182745,0.052193790674209595,0.005013260059058666,0.0061838082037866116,0.0023331346455961466,0.2096347212791443,0.28328222036361694,0.1557691991329193,0.11519794166088104,0.016292499378323555,0.05375555530190468,0.018525373190641403,0.004706209525465965,0.03240532428026199,0.13720417022705078,0.13414081931114197,0.0846649631857872,0.006644531153142452,0.0008214962435886264,0.006470734253525734,0.041755128651857376,0.023301854729652405,0.0009539274615235627,0.004351235460489988,0.027899207547307014
unknown,121.0,122.0,0.004339504987001419,0.001883250311948359,0.0029008283745497465,0.08944626152515411,0.15679651498794556,0.10584088414907455,0.0162117350846529,0.16397517919540405,0.12904401123523712,0.07929043471813202,0.07908202707767487,0.07813695073127747,0.09755152463912964,0.5348582863807678,0.02318984642624855,0.008002777583897114,0.12712392210960388,0.22630463540554047,0.22793437540531158,0.2672431468963623,0.2892540991306305,0.009529448114335537,0.06959693878889084,0.036199651658535004,0.013966429978609085,0.13851872086524963,0.03169964998960495,0.07692234218120575,0.052246417850255966,0.04609067365527153,0.05171293765306473,0.047107670456171036,0.007496885024011135,0.01450908649712801,0.0799960345029831,0.07499583065509796,0.045285824686288834,0.048764679580926895,0.003637225367128849,0.03231136500835419,0.0215261522680521,0.008197866380214691,0.08667325228452682,0.04270792752504349,0.026660971343517303,0.02162294089794159,0.10107512772083282,0.05769897997379303,0.03536190837621689,0.0013965186662971973,0.13121294975280762,0.01947983354330063,0.04646876081824303,0.03742110729217529,0.0059134745970368385,0.02238803170621395,0.28203585743904114,0.08042843639850616,0.01870935596525669,0.0012495543342083693,0.026892956346273422,0.0007545084808953106,0.04171375557780266,0.0006250279257073998,0.000873202458024025,0.003735568840056658,0.0034120131749659777,0.011732511222362518,0.017889928072690964,0.2362329363822937,0.2861747145652771,0.021580906584858894,0.017993606626987457,0.0008601322188042104,0.10385297238826752,0.027261344715952873,0.0001599146198714152,0.026860736310482025,0.0034078473690897226,0.00042777619091793895,0.0003040833689738065,0.0012239812640473247,9.364364814246073e-05,0.29230016469955444,0.006358996033668518,0.05033131688833237,0.021627873182296753,0.011171985417604446,0.0055727725848555565,0.101748026907444,0.0580311194062233,0.0171931404620409,0.0007947818376123905,0.02242548018693924,0.004548985511064529,0.006682370789349079,0.0005614974652417004,0.0011446498101577163,0.23141264915466309,0.002116397488862276,0.00016410063835792243,0.1343763768672943,0.05080645903944969,0.14202947914600372,0.01909739524126053,0.011137093417346478,0.00296659953892231,0.0036301198415458202,0.016565635800361633,0.01716243475675583,0.0014684656634926796,0.0006321131368167698,0.0026420128997415304,0.0011529201874509454,0.0319572351872921
unknown,151.0,152.0,0.03841082751750946,0.017741728574037552,0.015969445928931236,0.25576022267341614,0.029825814068317413,0.08051721751689911,0.05630415678024292,0.1797497272491455,0.08731096237897873,0.07450713217258453,0.016763286665081978,0.02719886042177677,0.04522363096475601,0.24489249289035797,0.07798080891370773,0.029978230595588684,0.0389888733625412,0.12651535868644714,0.0693732425570488,0.12418535351753235,0.09689394384622574,0.12455680966377258,0.112173892557621,0.05894175171852112,0.03416632115840912,0.0639520063996315,0.09842123091220856,0.08090806752443314,0.04429684951901436,0.05861368030309677,0.09421776235103607,0.17295436561107635,0.036008525639772415,0.023192958906292915,0.08720388263463974,0.098545141518116,0.13063685595989227,0.11369755119085312,0.04935185983777046,0.02931656315922737,0.19810891151428223,0.09103915840387344,0.028915556147694588,0.03453167527914047,0.0825972631573677,0.028488224372267723,0.07575956732034683,0.07815772294998169,0.0809839740395546,0.0029606823809444904,0.31840652227401733,0.016186436638236046,0.07467778772115707,0.06646545231342316,0.053433481603860855,0.010970965959131718,0.0701129138469696,0.010783561505377293,0.029122736304998398,0.0029887051787227392,0.16242022812366486,0.0475444570183754,0.038526665419340134,0.0037418080028146505,0.005170857068151236,0.006989383604377508,0.010966114699840546,0.007090388797223568,0.04358689486980438,0.24515299499034882,0.1302247792482376,0.022066408768296242,0.021869266405701637,0.00722719170153141,0.013259369879961014,0.028969738632440567,0.007012444548308849,0.013044711202383041,0.024482939392328262,0.030477775260806084,0.012361259199678898,0.013110524974763393,0.0056924112141132355,0.0026174893137067556,0.011603020131587982,0.00579789699986577,0.0571499764919281,0.07159826904535294,0.07118648290634155,0.0308490302413702,0.011554418131709099,0.028865279629826546,0.0033706449903547764,0.0041678124107420444,0.0023333081044256687,0.17341692745685577,0.24878853559494019,0.13305717706680298,0.10318782925605774,0.008793995715677738,0.014208494685590267,0.04384596273303032,0.012291072867810726,0.028328021988272667,0.10267135500907898,0.058169174939394,0.046184878796339035,0.0018879056442528963,0.0009441298898309469,0.04223741963505745,0.05338393524289131,0.018993588164448738,0.0014503187267109752,0.006524001248180866,0.020757893100380898
unknown,216.0,217.0,0.015145383775234222,0.009079315699636936,0.00823468528687954,0.02612939104437828,0.03960275277495384,0.21142999827861786,0.0312246885150671,0.03491566702723503,0.20501454174518585,0.19252125918865204,0.06575614959001541,0.06977206468582153,0.038962580263614655,0.050128024071455,0.07152955234050751,0.05996907129883766,0.06268683820962906,0.17334111034870148,0.0226143728941679,0.25219056010246277,0.05398955196142197,0.17997044324874878,0.022995708510279655,0.04699186608195305,0.02926710806787014,0.006422554608434439,0.03854325786232948,0.13029168546199799,0.038462743163108826,0.07585366070270538,0.02727159671485424,0.03171210363507271,0.0320451557636261,0.027025410905480385,0.09009853005409241,0.007017191499471664,0.057316724210977554,0.2711600959300995,0.11464285105466843,0.08919182419776917,0.24131976068019867,0.25084394216537476,0.0432131327688694,0.01793733611702919,0.025078611448407173,0.014260277152061462,0.456505686044693,0.020604243502020836,0.0031252175103873014,0.001607845420949161,0.017468919977545738,0.0736907571554184,0.16483363509178162,0.015230685472488403,0.036816440522670746,0.015789764001965523,0.04096967354416847,0.045793771743774414,0.0045876288786530495,0.001996569102630019,0.012660406529903412,0.14873534440994263,0.2042326182126999,0.013870254158973694,0.006546076387166977,0.01021012756973505,0.002962343394756317,0.013941596262156963,0.4223549962043762,0.012342668138444424,0.06628089398145676,0.10134139657020569,0.010103306733071804,0.02354695461690426,0.09808796644210815,0.19797901809215546,0.051838528364896774,0.004056534729897976,0.031173696741461754,0.005510739982128143,0.04077877104282379,0.002628629095852375,0.0023245057091116905,0.009461026638746262,0.00556199112907052,0.025811459869146347,0.03637879714369774,0.042439911514520645,0.00656734686344862,0.011187498457729816,0.08354038745164871,0.05616965517401695,0.0027165142819285393,0.03571958839893341,0.04640420526266098,0.0035939437802881002,0.011863413266837597,0.010998646728694439,0.009312069974839687,0.0027564633637666702,0.00044543735566549003,0.015798380598425865,0.07349546998739243,0.007950983941555023,0.020450390875339508,0.0303645059466362,0.024633295834064484,0.022496463730931282,0.040483955293893814,0.07724317908287048,0.002847487572580576,0.0033764392137527466,0.005601209122687578,0.01139322854578495,0.002781860064715147
unknown,274.0,275.0,0.041837435215711594,0.03292914852499962,0.01926574297249317,0.49467310309410095,0.018499275669455528,0.06918235123157501,0.0166328102350235,0.2590685486793518,0.05807841196656227,0.052068114280700684,0.023200074210762978,0.03558313846588135,0.03839835524559021,0.13878029584884644,0.07534194737672806,0.016461020335555077,0.03360077738761902,0.06712424755096436,0.027164528146386147,0.08773139119148254,0.0724184662103653,0.14639446139335632,0.20829211175441742,0.03523785248398781,0.04004388675093651,0.03295651450753212,0.15562540292739868,0.05162924528121948,0.020729588344693184,0.027038879692554474,0.11299386620521545,0.3788799047470093,0.058034900575876236,0.03347768262028694,0.05511284992098808,0.08213169127702713,0.045926667749881744,0.04064982011914253,0.038935739547014236,0.04955127462744713,0.12350516021251678,0.04194701090455055,0.03282254561781883,0.00933812279254198,0.02009010873734951,0.03346337378025055,0.04892810434103012,0.07049515098333359,0.20497003197669983,0.013329816050827503,0.4396551251411438,0.020428502932190895,0.03391513600945473,0.1307373046875,0.03648845851421356,0.01955047808587551,0.033061373978853226,0.011732002720236778,0.02428673580288887,0.0067750015296041965,0.30762237310409546,0.02504923939704895,0.02659989893436432,0.005008995067328215,0.006934444885700941,0.011354364454746246,0.004880004562437534,0.011025043204426765,0.03528958186507225,0.12300780415534973,0.034221101552248,0.03224300593137741,0.01857815310359001,0.009662426076829433,0.01215342152863741,0.03889191523194313,0.005910550709813833,0.002529663033783436,0.021738121286034584,0.06094476580619812,0.016615701839327812,0.010241183452308178,0.002722148783504963,0.003714753780514002,0.003330762032419443,0.011383832432329655,0.07476689666509628,0.10266853123903275,0.23917625844478607,0.16324880719184875,0.03291665390133858,0.02080470323562622,0.006101892329752445,0.015083364211022854,0.017732521519064903,0.006318356841802597,0.007113649509847164,0.0107219647616148,0.01428425032645464,0.005093804094940424,0.0026213752571493387,0.03752521798014641,0.01272899191826582,0.01729406975209713,0.029690004885196686,0.021698232740163803,0.04120168834924698,0.008460158482193947,0.025095786899328232,0.010880504734814167,0.002573401667177677,0.006893781945109367,0.004399193450808525,0.02264324575662613,0.0067719966173172
unknown,290.0,291.0,0.014137114398181438,0.015500412322580814,0.009236174635589123,0.16229243576526642,0.05306468904018402,0.16132304072380066,0.0151748051866889,0.16987518966197968,0.06441392749547958,0.06202119588851929,0.04801785945892334,0.05114748701453209,0.04991947486996651,0.1368149071931839,0.026237452402710915,0.04030182212591171,0.08272474259138107,0.10480684787034988,0.06866886466741562,0.3209858238697052,0.09005513787269592,0.04793274775147438,0.11056101322174072,0.1483374834060669,0.022477298974990845,0.021160583943128586,0.055815670639276505,0.13049982488155365,0.1082257553935051,0.06244859844446182,0.0539298877120018,0.10591495782136917,0.0315871462225914,0.05213569477200508,0.23112502694129944,0.030469626188278198,0.02859478071331978,0.03750292584300041,0.031954772770404816,0.27535292506217957,0.06071919947862625,0.0701887235045433,0.07005936652421951,0.025422437116503716,0.01946685090661049,0.053803760558366776,0.0909397304058075,0.01791313663125038,0.05046716332435608,0.000868721108417958,0.13801512122154236,0.28754547238349915,0.08014173060655594,0.1000090092420578,0.038022056221961975,0.010931821539998055,0.19076721370220184,0.0458405502140522,0.012545432895421982,0.0013951915316283703,0.08141627907752991,0.030027855187654495,0.053615789860486984,0.0012134340358898044,0.0011381648946553469,0.006624241359531879,0.0016310717910528183,0.011436928063631058,0.01698576845228672,0.20842182636260986,0.2657616138458252,0.28104445338249207,0.02641768753528595,0.009022089652717113,0.20628619194030762,0.3594108819961548,0.001985768089070916,0.007774080149829388,0.012230871245265007,0.009442262351512909,0.0035262119490653276,0.0031374807003885508,0.0012038887944072485,0.021536963060498238,0.004831964150071144,0.007632716093212366,0.012537965551018715,0.013648872263729572,0.03650906682014465,0.05161146819591522,0.04873432591557503,0.011834565550088882,0.001351256389170885,0.01935272291302681,0.017246676608920097,0.017158951610326767,0.00993198249489069,0.011883254162967205,0.05957425385713577,0.02324552647769451,0.004949559923261404,0.06264474242925644,0.009356840513646603,0.036281902343034744,0.03712170198559761,0.04148191213607788,0.05455600842833519,0.006161388475447893,0.007538391277194023,0.0047351038083434105,0.0011396810878068209,0.0011779633350670338,0.0005461907130666077,0.003637082874774933,0.024216094985604286
unknown,293.0,294.0,0.007735755760222673,0.00543287442997098,0.00583974365144968,0.06124991551041603,0.07052362710237503,0.3066064715385437,0.023520903661847115,0.24088262021541595,0.05402877926826477,0.029730258509516716,0.06722252815961838,0.04231186583638191,0.13224950432777405,0.08064637333154678,0.01235333550721407,0.026709366589784622,0.10144483298063278,0.08762525022029877,0.127266064286232,0.480265349149704,0.11329503357410431,0.05438602343201637,0.1465238481760025,0.14713631570339203,0.04380786418914795,0.010524433106184006,0.0659182220697403,0.2973998188972473,0.11363010853528976,0.1854361593723297,0.032664693892002106,0.043196771293878555,0.0076609523966908455,0.011041941121220589,0.29376545548439026,0.02014988288283348,0.03150440752506256,0.022807147353887558,0.00842135027050972,0.12788212299346924,0.044552724808454514,0.05489898845553398,0.03822983428835869,0.06718765199184418,0.024424545466899872,0.014737960882484913,0.05826559662818909,0.017997678369283676,0.054668642580509186,0.0017005744157359004,0.047489095479249954,0.11454083025455475,0.2267700880765915,0.011985640041530132,0.11479679495096207,0.026051554828882217,0.41468265652656555,0.014500303193926811,0.009268352761864662,0.004346034489572048,0.017853906378149986,0.014035508036613464,0.11261254549026489,0.006845204159617424,0.0036899924743920565,0.03232789412140846,0.008587487041950226,0.05020580068230629,0.00459245452657342,0.1213672086596489,0.1891537755727768,0.14325378835201263,0.15863612294197083,0.019101889804005623,0.15339995920658112,0.4382520914077759,0.0006625237292610109,0.0639222264289856,0.00995511282235384,0.003485314315184951,0.003051114734262228,0.016097860410809517,0.0009140759939327836,0.23885203897953033,0.02016724832355976,0.07493104785680771,0.0033293927554041147,0.0028474368155002594,0.009582369588315487,0.04490768164396286,0.012035589665174484,0.011137893423438072,0.0020919032394886017,0.012162536382675171,0.006084373686462641,0.0976659432053566,0.017918182536959648,0.01890561170876026,0.18787169456481934,0.007656970992684364,0.0025108533445745707,0.04695158451795578,0.002822156762704253,0.03112359158694744,0.07931338250637054,0.09042831510305405,0.055616892874240875,0.005870055872946978,0.02611084096133709,0.006213912274688482,0.005359011236578226,0.0010333472164347768,0.0010371822863817215,0.007123265415430069,0.08340965956449509
unknown,295.0,296.0,0.02586645446717739,0.013494846411049366,0.017979677766561508,0.07164966315031052,0.2695513665676117,0.09195835143327713,0.050345174968242645,0.15920692682266235,0.11463277041912079,0.07015085965394974,0.07527437061071396,0.07757483422756195,0.09392551332712173,0.23790499567985535,0.026707470417022705,0.023977840319275856,0.1575356423854828,0.19363215565681458,0.08024775981903076,0.2207338660955429,0.06636916846036911,0.04854070767760277,0.07384947687387466,0.03090684302151203,0.07300501316785812,0.04966788738965988,0.11601949483156204,0.0383169911801815,0.029873279854655266,0.041875626891851425,0.11107480525970459,0.07041504979133606,0.01608845964074135,0.035883963108062744,0.12314791232347488,0.10228728502988815,0.10955393314361572,0.07507675141096115,0.015352238900959492,0.01376285869628191,0.10258378833532333,0.04525303468108177,0.0680411234498024,0.02657913975417614,0.028907686471939087,0.026927554979920387,0.09783541411161423,0.13473956286907196,0.03777797892689705,0.01725367270410061,0.06807209551334381,0.00395891023799777,0.04035770893096924,0.01099388673901558,0.19223499298095703,0.34557175636291504,0.242018461227417,0.023575982078909874,0.01136540062725544,0.003989488817751408,0.020804155617952347,0.03951383754611015,0.014671407639980316,0.019510118290781975,0.012440723367035389,0.01268545538187027,0.049691278487443924,0.006948992609977722,0.04155683517456055,0.06637678295373917,0.05236829072237015,0.0035962092224508524,0.00440454576164484,0.0037088762037456036,0.004797615110874176,0.03708221763372421,0.006943000480532646,0.009333132766187191,0.09362338483333588,0.018353255465626717,0.18217188119888306,0.10799732059240341,0.04229465499520302,0.01493686344474554,0.004108056891709566,0.1012510135769844,0.012614321894943714,0.015305128879845142,0.01345528569072485,0.007062846794724464,0.026777375489473343,0.02047753892838955,0.00562673807144165,0.0126113286241889,0.018014388158917427,0.03926276043057442,0.05046924948692322,0.019441094249486923,0.007260769139975309,0.000787644530646503,0.035354867577552795,0.009190884418785572,0.0038999628741294146,0.0236702598631382,0.05706986412405968,0.0270842295140028,0.010539152659475803,0.003988864831626415,0.0035339416936039925,0.017082996666431427,0.03913085162639618,0.004220820497721434,0.0013141825329512358,0.04403739422559738,0.011081283912062645
unknown,307.0,308.0,0.0864325761795044,0.10042624175548553,0.0609193779528141,0.10492639243602753,0.026841359212994576,0.09067385643720627,0.07743877917528152,0.0990343689918518,0.23826970160007477,0.1620398759841919,0.06308413296937943,0.1234765574336052,0.06594666093587875,0.07538894563913345,0.09592722356319427,0.08666591346263885,0.031752683222293854,0.21878857910633087,0.03711733594536781,0.18669775128364563,0.11526961624622345,0.14430522918701172,0.07676107436418533,0.11737331748008728,0.0573757030069828,0.023276252672076225,0.06057622656226158,0.05089025944471359,0.05921235680580139,0.031865186989307404,0.09397482872009277,0.07801000773906708,0.0975804403424263,0.05744202435016632,0.12343656271696091,0.020149482414126396,0.09093821793794632,0.12078193575143814,0.13701732456684113,0.11882374435663223,0.24431383609771729,0.18058547377586365,0.06513256579637527,0.014871538616716862,0.030573902651667595,0.09768594056367874,0.22098501026630402,0.02474888041615486,0.018453309312462807,0.007170149125158787,0.053771186619997025,0.09001080691814423,0.038645122200250626,0.030961349606513977,0.12365514039993286,0.022067787125706673,0.03588864579796791,0.006903483998030424,0.026075687259435654,0.012995690107345581,0.04491301253437996,0.19365094602108002,0.020718183368444443,0.011307897977530956,0.006399443373084068,0.00944233126938343,0.00759468786418438,0.009010217152535915,0.11399386823177338,0.040743082761764526,0.023581979796290398,0.0877949446439743,0.014883920550346375,0.049227260053157806,0.10544523596763611,0.18096227943897247,0.048694584518671036,0.004274233244359493,0.02665705233812332,0.006969950161874294,0.047675732523202896,0.013851738534867764,0.045935291796922684,0.005647267680615187,0.0133795952424407,0.02872440405189991,0.006987470667809248,0.01440130639821291,0.02888176403939724,0.024613577872514725,0.13426341116428375,0.018907343968749046,0.004608805291354656,0.09264250844717026,0.16897577047348022,0.03962294012308121,0.08996306359767914,0.1186484694480896,0.05041028559207916,0.010827274061739445,0.022731900215148926,0.010261842049658298,0.012291230261325836,0.009098214097321033,0.03356321528553963,0.04281292110681534,0.026401937007904053,0.03537147492170334,0.013012717477977276,0.01785260997712612,0.008641300722956657,0.009377623908221722,0.004189681727439165,0.01939373090863228,0.008665736764669418
unknown,314.0,315.0,0.06446900218725204,0.04215090721845627,0.025522790849208832,0.11323761194944382,0.010660097934305668,0.07677678018808365,0.050436798483133316,0.21082288026809692,0.2491404116153717,0.19885984063148499,0.042122937738895416,0.07231509685516357,0.14480862021446228,0.10886657238006592,0.07346301525831223,0.05418948084115982,0.02747969515621662,0.19624051451683044,0.07214011996984482,0.10229849070310593,0.20036035776138306,0.10307982563972473,0.08091434836387634,0.044527024030685425,0.020374050363898277,0.02312510833144188,0.08588942140340805,0.037447940558195114,0.11637802422046661,0.019094398245215416,0.1588977873325348,0.10570275038480759,0.13904894888401031,0.053669169545173645,0.05299419164657593,0.05174306035041809,0.07000188529491425,0.11164328455924988,0.16050033271312714,0.04289858043193817,0.16690480709075928,0.17660844326019287,0.042696062475442886,0.018988024443387985,0.017337536439299583,0.041204486042261124,0.18744131922721863,0.030130088329315186,0.08221037685871124,0.04197339713573456,0.05224965512752533,0.014311674982309341,0.047444503754377365,0.033189911395311356,0.17654167115688324,0.006786152720451355,0.01983514614403248,0.010749717243015766,0.006214520428329706,0.00921514630317688,0.11456836014986038,0.11840555816888809,0.025100227445364,0.005522867664694786,0.012295905500650406,0.00398179842159152,0.012369335629045963,0.01574845425784588,0.4719785153865814,0.024497443810105324,0.007641840260475874,0.016597604379057884,0.027973052114248276,0.02450430952012539,0.01648898236453533,0.08813263475894928,0.022864943370223045,0.024761443957686424,0.10482029616832733,0.011632353067398071,0.04088055342435837,0.016117287799715996,0.01680356077849865,0.03689105808734894,0.11122619360685349,0.02002609148621559,0.2523343563079834,0.17285722494125366,0.042531076818704605,0.07877036184072495,0.05624034255743027,0.0395912230014801,0.0646047294139862,0.03685370460152626,0.030700521543622017,0.005745347123593092,0.009067357517778873,0.00992769468575716,0.008888284675776958,0.001392827951349318,0.0026884865947067738,0.006646384485065937,0.006569602061063051,0.0018999946769326925,0.098702073097229,0.04878856986761093,0.008900403045117855,0.028471052646636963,0.0051603419706225395,0.0037735977675765753,0.0015703727258369327,0.0019618081860244274,0.04892187565565109,0.00230779848061502,0.044269584119319916
unknown,320.0,321.0,0.036143213510513306,0.028290655463933945,0.024307439103722572,0.033724188804626465,0.17387109994888306,0.12462218105792999,0.043115273118019104,0.12194207310676575,0.21112334728240967,0.141195148229599,0.0783342644572258,0.10344791412353516,0.08639201521873474,0.13480348885059357,0.04848981276154518,0.05812554433941841,0.07388602197170258,0.17647038400173187,0.10950227826833725,0.3022211790084839,0.11550507694482803,0.0842169001698494,0.08125055581331253,0.055969830602407455,0.03879440948367119,0.010741209611296654,0.0444854274392128,0.069158174097538,0.03405332192778587,0.07033433765172958,0.06721169501543045,0.03222794830799103,0.042727574706077576,0.022436080500483513,0.12715764343738556,0.01433227863162756,0.09034979343414307,0.10262180864810944,0.07374913990497589,0.04937601834535599,0.21849872171878815,0.19429714977741241,0.06595391035079956,0.025180254131555557,0.024547968059778214,0.021280914545059204,0.25798699259757996,0.02994048409163952,0.009618456475436687,0.01494087465107441,0.016015484929084778,0.021313799545168877,0.05636943131685257,0.009359433315694332,0.25574493408203125,0.11050738394260406,0.1715632677078247,0.009770124219357967,0.014586067758500576,0.011804068461060524,0.015115004032850266,0.23570789396762848,0.049420010298490524,0.02568540722131729,0.03303242474794388,0.014211954548954964,0.02778501994907856,0.02811223454773426,0.07665689289569855,0.009936302900314331,0.015678277239203453,0.02262943610548973,0.013917607255280018,0.09578323364257812,0.02788802608847618,0.061782754957675934,0.011867229826748371,0.026258692145347595,0.04953289404511452,0.010514517314732075,0.08095748722553253,0.04946748912334442,0.018326617777347565,0.016993876546621323,0.10389537364244461,0.09498757869005203,0.015319387428462505,0.01674669422209263,0.009340403601527214,0.005168869160115719,0.07277297973632812,0.03402482718229294,0.005832785274833441,0.06636375188827515,0.10274054855108261,0.06456246972084045,0.07017486542463303,0.06078634411096573,0.03233742341399193,0.010605563409626484,0.028137754648923874,0.006324595771729946,0.013721526600420475,0.008522264659404755,0.10587132722139359,0.0975799560546875,0.09579173475503922,0.03790458291769028,0.00768403010442853,0.018874064087867737,0.014279297553002834,0.004709008615463972,0.0109485425055027,0.014189079403877258,0.09286275506019592
unknown,322.0,323.0,0.04881571978330612,0.030373884364962578,0.02321680821478367,0.12425678223371506,0.06919460743665695,0.09449697285890579,0.0616588294506073,0.10994837433099747,0.13726076483726501,0.10838845372200012,0.06508675962686539,0.08386968076229095,0.08307890594005585,0.10273291170597076,0.06379944086074829,0.04795345291495323,0.057438191026449203,0.15446825325489044,0.0644526258111,0.1842106729745865,0.11437395960092545,0.1004214808344841,0.08660313487052917,0.06308694183826447,0.030207369476556778,0.02302934229373932,0.07398101687431335,0.08180981129407883,0.037523698061704636,0.06192192807793617,0.10069902241230011,0.09660797566175461,0.04027368128299713,0.030956780537962914,0.10746568441390991,0.043429091572761536,0.11293017119169235,0.10387764871120453,0.04897547885775566,0.051979731768369675,0.13671112060546875,0.09579998254776001,0.03857544809579849,0.03683112561702728,0.06533589959144592,0.028365347534418106,0.15644770860671997,0.04867905378341675,0.04265297204256058,0.010614094324409962,0.07140176743268967,0.025489218533039093,0.0919140875339508,0.03286264091730118,0.11269401758909225,0.05378792807459831,0.07354897260665894,0.012155618518590927,0.03154084086418152,0.014295417815446854,0.06887461990118027,0.09891213476657867,0.028975995257496834,0.015107788145542145,0.012990560382604599,0.017980938777327538,0.01780354231595993,0.02297842502593994,0.0969255119562149,0.02646595612168312,0.03361747786402702,0.0337531678378582,0.02026265487074852,0.029029605910182,0.027938207611441612,0.06766293197870255,0.02696625143289566,0.014829222112894058,0.05534949526190758,0.025530582293868065,0.06098302826285362,0.04889913648366928,0.018337663263082504,0.007873711176216602,0.010931083932518959,0.022487903013825417,0.02696664072573185,0.03779809921979904,0.03859260305762291,0.024455757811665535,0.07781529426574707,0.05741294100880623,0.009020855650305748,0.031855955719947815,0.050481438636779785,0.02060571499168873,0.04366682097315788,0.0399695560336113,0.034270256757736206,0.006109109614044428,0.016738805919885635,0.016405656933784485,0.021168410778045654,0.00851491093635559,0.08524975925683975,0.05181710049510002,0.046128883957862854,0.018682602792978287,0.006882197689265013,0.01569623127579689,0.009729677811264992,0.009207500144839287,0.0037606193218380213,0.013733334839344025,0.015933260321617126
unknown,332.0,333.0,0.04007831960916519,0.0310225747525692,0.023344755172729492,0.0704336166381836,0.0492127500474453,0.10501357913017273,0.08191966265439987,0.13892199099063873,0.14741861820220947,0.09999261051416397,0.04772606119513512,0.0736885815858841,0.10116174072027206,0.08041822910308838,0.04434134438633919,0.04409473016858101,0.03340860828757286,0.16126729547977448,0.0688619539141655,0.2345259040594101,0.13312718272209167,0.08391831070184708,0.0997074544429779,0.0773971676826477,0.026238221675157547,0.015973391011357307,0.04959564283490181,0.09605316817760468,0.04486607015132904,0.07522573322057724,0.06998957693576813,0.061546023935079575,0.04132867977023125,0.03318120166659355,0.15294864773750305,0.02696751430630684,0.1064067855477333,0.07597438246011734,0.04161924868822098,0.06217757612466812,0.1230660155415535,0.10951003432273865,0.04069061577320099,0.04994995519518852,0.066513292491436,0.036128442734479904,0.1424914002418518,0.021747082471847534,0.030353274196386337,0.004294903948903084,0.03750302642583847,0.04449594393372536,0.09432581812143326,0.01916886307299137,0.16028568148612976,0.03467177972197533,0.0945529118180275,0.00459906505420804,0.019136499613523483,0.01049351878464222,0.034725528210401535,0.12275571376085281,0.047976769506931305,0.009483293630182743,0.009067553095519543,0.016954166814684868,0.013877343386411667,0.02092246524989605,0.06134479120373726,0.01725631020963192,0.02206351049244404,0.03947167471051216,0.03701348975300789,0.03494327515363693,0.0539669543504715,0.10414664447307587,0.025439385324716568,0.0417298898100853,0.07737287133932114,0.010200097225606441,0.050373625010252,0.04709383845329285,0.030233850702643394,0.008211009204387665,0.01488647609949112,0.028588520362973213,0.019855298101902008,0.023555215448141098,0.0265488438308239,0.017321281135082245,0.05306660383939743,0.04717819020152092,0.0034559988416731358,0.01713799312710762,0.035006020218133926,0.057787828147411346,0.06650812923908234,0.05134084075689316,0.054449353367090225,0.007575601805001497,0.024605879560112953,0.008385698311030865,0.0038791552651673555,0.007804681081324816,0.08480838686227798,0.12333744019269943,0.04439612850546837,0.01567070744931698,0.005071328021585941,0.005370703525841236,0.009123210795223713,0.0041339281015098095,0.002246929332613945,0.004397553391754627,0.024449527263641357
unknown,345.0,346.0,0.07850492000579834,0.04137669503688812,0.03363856300711632,0.08445342630147934,0.008222843520343304,0.08278419822454453,0.05802888423204422,0.2380523532629013,0.33286845684051514,0.2995290458202362,0.04493733495473862,0.09071411192417145,0.15579672157764435,0.10677531361579895,0.08159466087818146,0.0614638514816761,0.021273354068398476,0.2026747763156891,0.060214824974536896,0.09745819866657257,0.222082257270813,0.1003231629729271,0.08412458002567291,0.041419368237257004,0.02436940371990204,0.020753702148795128,0.10030773282051086,0.027977226302027702,0.16567856073379517,0.0165117047727108,0.18580926954746246,0.09753438830375671,0.1067781001329422,0.05791418254375458,0.047440383583307266,0.05809779837727547,0.07311340421438217,0.13186271488666534,0.1200520321726799,0.033867038786411285,0.16517095267772675,0.16547034680843353,0.04500947147607803,0.01576446369290352,0.016441280022263527,0.03760999068617821,0.21520507335662842,0.04214854538440704,0.046535227447748184,0.08577172458171844,0.030945558100938797,0.007090186234563589,0.04910212382674217,0.016712233424186707,0.2651778757572174,0.004955110605806112,0.01182966772466898,0.005017126444727182,0.0036582627799361944,0.02234482206404209,0.08070650696754456,0.14546769857406616,0.009446446783840656,0.010018635541200638,0.01803581975400448,0.003105310257524252,0.018008144572377205,0.013537034392356873,0.6626831889152527,0.00914692785590887,0.002532579004764557,0.007103536278009415,0.023933013901114464,0.025219501927495003,0.01118642557412386,0.0467928908765316,0.03552632033824921,0.014273576438426971,0.11383388191461563,0.014791409485042095,0.06991269439458847,0.019194981083273888,0.03194723278284073,0.011205493472516537,0.11717971414327621,0.022393524646759033,0.2854419946670532,0.23536692559719086,0.02987344190478325,0.05743330717086792,0.0636473149061203,0.06642116606235504,0.12498593330383301,0.047713421285152435,0.044681478291749954,0.004539289511740208,0.01036669872701168,0.008207157254219055,0.004394804127514362,0.0009695079061202705,0.0026818239130079746,0.0023171682842075825,0.009614893235266209,0.000747311394661665,0.10987335443496704,0.08147822320461273,0.019033433869481087,0.04511651396751404,0.003925893921405077,0.004425284918397665,0.0025072796270251274,0.0012556399451568723,0.031961165368556976,0.0014564667362719774,0.03318155184388161
unknown,350.0,351.0,0.007950438186526299,0.004262430593371391,0.0035390793345868587,0.034908123314380646,0.11061666160821915,0.18578675389289856,0.017743336036801338,0.19657617807388306,0.07162953168153763,0.021038100123405457,0.13213180005550385,0.043731939047575,0.1149555891752243,0.08892817795276642,0.010091325268149376,0.02955676056444645,0.21689938008785248,0.11070295423269272,0.21427537500858307,0.49325063824653625,0.0849301666021347,0.02674846164882183,0.15545225143432617,0.10687285661697388,0.013943156227469444,0.003299838164821267,0.03410123661160469,0.04927021265029907,0.03617853298783302,0.059252943843603134,0.018973687663674355,0.02543909102678299,0.0032999608665704727,0.012132223695516586,0.3139682114124298,0.022144868969917297,0.022119177505373955,0.030117318034172058,0.0053774695843458176,0.04543871432542801,0.03431963175535202,0.04685252532362938,0.035685211420059204,0.021002644672989845,0.018535086885094643,0.007449755910784006,0.09641951322555542,0.023297954350709915,0.07955911010503769,0.0026804297231137753,0.022052591666579247,0.01910744607448578,0.05132579058408737,0.005641992203891277,0.2732236683368683,0.0807972401380539,0.5756765007972717,0.03138219192624092,0.017187535762786865,0.007429666817188263,0.010145843029022217,0.047702088952064514,0.04202163964509964,0.029444726184010506,0.003773218020796776,0.021226588636636734,0.014742900617420673,0.016759812831878662,0.007959475740790367,0.04155208542943001,0.16678838431835175,0.02657153643667698,0.03224936127662659,0.0537014976143837,0.015951933339238167,0.08248665183782578,0.0038552035111933947,0.0332789309322834,0.02415495738387108,0.0034408497158437967,0.011873282492160797,0.0984995886683464,0.004569176118820906,0.05271843820810318,0.0529073029756546,0.0421198271214962,0.0019279015250504017,0.001967898802831769,0.004798645619302988,0.005677127279341221,0.017585135996341705,0.006698825862258673,0.002066869754344225,0.01223051454871893,0.008521242067217827,0.06821896880865097,0.03566825017333031,0.04182005301117897,0.08083265274763107,0.01315371599048376,0.05587741360068321,0.03442183881998062,0.005384849384427071,0.026877503842115402,0.12085689604282379,0.07832213491201401,0.03401777520775795,0.023680545389652252,0.02185249701142311,0.005699590314179659,0.0049380226992070675,0.007821669802069664,0.008793526329100132,0.008125782944262028,0.1602189689874649
unknown,355.0,356.0,0.01374112069606781,0.004860625136643648,0.01100204885005951,0.044191874563694,0.15362922847270966,0.059387244284152985,0.030939217656850815,0.1276339888572693,0.2222224920988083,0.1415405124425888,0.08879955112934113,0.08577758818864822,0.13266265392303467,0.5622689127922058,0.025299008935689926,0.011152490973472595,0.1339583694934845,0.4434681534767151,0.22548456490039825,0.10637155175209045,0.23705455660820007,0.008842015638947487,0.062297139316797256,0.020463302731513977,0.012371888384222984,0.14060688018798828,0.014486574567854404,0.01387304812669754,0.07288368046283722,0.011972352862358093,0.04280947521328926,0.02116130292415619,0.016334839165210724,0.026073908433318138,0.027255427092313766,0.06834947317838669,0.08522586524486542,0.08349132537841797,0.012142580933868885,0.014466742984950542,0.037354037165641785,0.012691035866737366,0.11461718380451202,0.021518196910619736,0.023180987685918808,0.01694122515618801,0.10562766343355179,0.044869162142276764,0.014642340131103992,0.003073961241170764,0.03268437460064888,0.002239250810816884,0.014858891256153584,0.005902230739593506,0.015255805104970932,0.013683946803212166,0.06211336329579353,0.17253288626670837,0.01652275212109089,0.0020123072899878025,0.007644244935363531,0.002479798858985305,0.011108108796179295,0.0009718851651996374,0.0021093173418194056,0.0032623533625155687,0.010080019012093544,0.0028144773095846176,0.11835923045873642,0.10158468037843704,0.17831753194332123,0.005164028611034155,0.0035946269053965807,0.0009150379337370396,0.00541110010817647,0.0030681490898132324,0.0004236562817823142,0.019068093970417976,0.03808800131082535,0.0007433629943989217,0.0036645045038312674,0.0105102164670825,0.0014444375410676003,0.038589563220739365,0.005149052012711763,0.006575186736881733,0.028809085488319397,0.00814267247915268,0.002693027490749955,0.009087521582841873,0.041770175099372864,0.02010510303080082,0.001065906253643334,0.015820059925317764,0.004303018096834421,0.013549511320888996,0.0036004530265927315,0.0020269216038286686,0.0617934875190258,0.003994800616055727,0.0009683361859060824,0.18517573177814484,0.0861024558544159,0.6874890923500061,0.04422462359070778,0.06527786701917648,0.0027263101655989885,0.02236722595989704,0.003348801750689745,0.024788277223706245,0.004553263075649738,0.012635752558708191,0.0172455832362175,0.0036150366067886353,0.045304566621780396
unknown,363.0,364.0,0.06139442324638367,0.03075776807963848,0.031828414648771286,0.10983027517795563,0.08329783380031586,0.0862693339586258,0.07588623464107513,0.09054746478796005,0.12462738901376724,0.09419802576303482,0.0550607405602932,0.07749827951192856,0.07489138841629028,0.13441964983940125,0.05754024535417557,0.03870096057653427,0.052490416914224625,0.16346955299377441,0.06645089387893677,0.15802031755447388,0.10762569308280945,0.09772459417581558,0.06517648696899414,0.05046364292502403,0.044009968638420105,0.03008674457669258,0.088805191218853,0.09651731699705124,0.03498250991106033,0.07180597633123398,0.10295303165912628,0.08075881749391556,0.03250645846128464,0.02715281955897808,0.08907203376293182,0.04368401691317558,0.12113498151302338,0.1042216494679451,0.04372895136475563,0.038712967187166214,0.1463811993598938,0.07866659015417099,0.035000938922166824,0.03968777507543564,0.07427632063627243,0.024876480922102928,0.14610178768634796,0.04966626688838005,0.02350463718175888,0.02431591972708702,0.0667126476764679,0.024060463532805443,0.07851461321115494,0.02612866833806038,0.08327863365411758,0.05584939941763878,0.06854090094566345,0.019913509488105774,0.02901151403784752,0.019424019381403923,0.04144614562392235,0.06984331458806992,0.023723483085632324,0.021442705765366554,0.0196604672819376,0.029146112501621246,0.026673294603824615,0.03023412823677063,0.10282428562641144,0.02796938829123974,0.037884294986724854,0.02978174015879631,0.029946936294436455,0.03184992074966431,0.02440614067018032,0.04715457186102867,0.017586318776011467,0.01312326267361641,0.056261833757162094,0.02303852140903473,0.062083933502435684,0.03019624762237072,0.015329266898334026,0.010970081202685833,0.009284277446568012,0.02543153241276741,0.016877558082342148,0.03318661078810692,0.02753107249736786,0.02740880660712719,0.040857091546058655,0.04004880413413048,0.01400070358067751,0.01568322256207466,0.02172759175300598,0.02114909142255783,0.05089616775512695,0.043290793895721436,0.041878774762153625,0.00557666877284646,0.01191968284547329,0.023019593209028244,0.02349603734910488,0.012947705574333668,0.05630860850214958,0.04129398986697197,0.026916109025478363,0.008745082654058933,0.015339797362685204,0.027797643095254898,0.014797143638134003,0.017464065924286842,0.012861139141023159,0.04195626080036163,0.018527356907725334
unknown,364.0,365.0,0.020943233743309975,0.015082210302352905,0.012996246106922626,0.31913551688194275,0.01591913402080536,0.1572885811328888,0.01347668282687664,0.16687829792499542,0.03869984298944473,0.0388365276157856,0.015033085830509663,0.023933930322527885,0.03370951861143112,0.14294585585594177,0.04206068068742752,0.018734509125351906,0.01960430108010769,0.06737536191940308,0.027535054832696915,0.2618263065814972,0.06652944535017014,0.09369531273841858,0.1186298206448555,0.11442801356315613,0.03458375856280327,0.019192513078451157,0.1023845225572586,0.2907484471797943,0.10608252137899399,0.10694757103919983,0.07877781242132187,0.22209897637367249,0.04937713220715523,0.025273345410823822,0.2124890685081482,0.061167117208242416,0.022960839793086052,0.022061973810195923,0.03469252586364746,0.20822255313396454,0.0914333239197731,0.0784686878323555,0.04325083643198013,0.030415864661335945,0.01650518923997879,0.031883418560028076,0.038882169872522354,0.03466754034161568,0.09376180171966553,0.0028711955528706312,0.3754214644432068,0.26365765929222107,0.13225851953029633,0.09246814996004105,0.01918855682015419,0.0028713196516036987,0.036892522126436234,0.012904507108032703,0.009453755803406239,0.0010682577267289162,0.1823304295539856,0.020068630576133728,0.07902349531650543,0.0007963526295498013,0.0016770160291343927,0.006275155581533909,0.0010649353498592973,0.00979035533964634,0.008668866008520126,0.22626729309558868,0.06935441493988037,0.23728884756565094,0.032026901841163635,0.006823001895099878,0.3097498118877411,0.4064122140407562,0.0027626240625977516,0.004578110761940479,0.006322985514998436,0.006951974704861641,0.0020596925169229507,0.0011248396476730704,0.000531673023942858,0.020087361335754395,0.0017557649407535791,0.0029197505209594965,0.017208939418196678,0.02251015231013298,0.11604990810155869,0.14685304462909698,0.014398054219782352,0.010174688883125782,0.0019051933195441961,0.007480993866920471,0.007316031958907843,0.01905127987265587,0.011617543175816536,0.011672073043882847,0.03098542056977749,0.008483008481562138,0.0008765080128796399,0.027910729870200157,0.0031840968877077103,0.018231993541121483,0.014603395015001297,0.021215122193098068,0.02857368066906929,0.002149739535525441,0.0064702886156737804,0.00600095558911562,0.0017151032807305455,0.0009434400708414614,0.0005220097373239696,0.004666854627430439,0.00554138096049428
unknown,369.0,370.0,0.017695264890789986,0.009360350668430328,0.00811868067830801,0.028784237802028656,0.1460070013999939,0.09073318541049957,0.02590128593146801,0.11650190502405167,0.2295539677143097,0.06951184570789337,0.03022630326449871,0.03982073813676834,0.05156973749399185,0.15328966081142426,0.04574568569660187,0.04592529684305191,0.0621349960565567,0.26851171255111694,0.2450954169034958,0.24068385362625122,0.08636116981506348,0.06478318572044373,0.07509695738554001,0.07438545674085617,0.01539369486272335,0.023276351392269135,0.03352479264140129,0.03641456365585327,0.03911389037966728,0.04653554782271385,0.02545389160513878,0.031130759045481682,0.012733923271298409,0.015007603913545609,0.15164053440093994,0.035175520926713943,0.0605960451066494,0.15313243865966797,0.03773483633995056,0.0184229277074337,0.20272493362426758,0.1102357879281044,0.0649966299533844,0.013931035064160824,0.008181272074580193,0.007479190360754728,0.2969508171081543,0.05817626044154167,0.008591319434344769,0.01127474382519722,0.011087711900472641,0.009563898667693138,0.043061625212430954,0.005091430153697729,0.41597938537597656,0.09408211708068848,0.18474610149860382,0.012670568190515041,0.0024076488334685564,0.030212074518203735,0.014710932970046997,0.11357338726520538,0.027346152812242508,0.14072176814079285,0.02386123687028885,0.014510182663798332,0.02250698208808899,0.027535637840628624,0.1475360095500946,0.005798275116831064,0.016743533313274384,0.008889144286513329,0.007741596084088087,0.0480663999915123,0.014383755624294281,0.029102561995387077,0.04191403463482857,0.029030850157141685,0.04635283723473549,0.006052669137716293,0.08638197928667068,0.1673073172569275,0.01261164341121912,0.042785413563251495,0.18194617331027985,0.19631525874137878,0.012363753281533718,0.025281192734837532,0.00677457032725215,0.004483341239392757,0.013499228283762932,0.007709618657827377,0.009729627519845963,0.013329117558896542,0.02722935937345028,0.002399509074166417,0.009465459734201431,0.006761728785932064,0.012339123524725437,0.017313377931714058,0.006676544900983572,0.006358571816235781,0.017734909430146217,0.004807532764971256,0.3940134644508362,0.14469094574451447,0.01357906125485897,0.00945001095533371,0.006146395578980446,0.008721563965082169,0.004267694894224405,0.0008059669053182006,0.025147849693894386,0.0033653252758085728,0.13245293498039246
unknown,399.0,400.0,0.05935048684477806,0.0369085818529129,0.031170407310128212,0.08974025398492813,0.0614418163895607,0.09340588003396988,0.08646070212125778,0.09871441125869751,0.14294442534446716,0.11214060336351395,0.05270538106560707,0.07973791658878326,0.06949330866336823,0.10278292745351791,0.07356641441583633,0.047945909202098846,0.049825333058834076,0.15597259998321533,0.04978558048605919,0.17903095483779907,0.10888843238353729,0.14663276076316833,0.06870786845684052,0.05687309801578522,0.039982870221138,0.027264373376965523,0.08693800866603851,0.11228198558092117,0.035955607891082764,0.06934785842895508,0.11978166550397873,0.08113757520914078,0.05358855798840523,0.02970612235367298,0.08628401905298233,0.045517485588788986,0.15676000714302063,0.11866124719381332,0.09539191424846649,0.049377501010894775,0.1943284571170807,0.19028277695178986,0.05337833613157272,0.053832896053791046,0.10301578789949417,0.033732134848833084,0.18293331563472748,0.06038393825292587,0.014492140151560307,0.011311552487313747,0.03658788651227951,0.04327680170536041,0.12708358466625214,0.022260773926973343,0.09351944178342819,0.027387915179133415,0.0437302440404892,0.006952385418117046,0.03015686571598053,0.01527397707104683,0.04056963697075844,0.2138626128435135,0.03187626227736473,0.01329977996647358,0.02373616024851799,0.021267620846629143,0.03690696507692337,0.028491735458374023,0.13340534269809723,0.020894033834338188,0.020526684820652008,0.03640930727124214,0.03746738284826279,0.03598836064338684,0.03873191028833389,0.08251670002937317,0.03522682562470436,0.029668282717466354,0.09555593878030777,0.046435192227363586,0.07484560459852219,0.029810074716806412,0.03116263635456562,0.006865783128887415,0.01132828090339899,0.01642191782593727,0.03196197375655174,0.04784096032381058,0.022985417395830154,0.015474519692361355,0.05109172314405441,0.09749669581651688,0.010224548168480396,0.027049332857131958,0.03910135477781296,0.033458810299634933,0.05305910483002663,0.041474469006061554,0.028546340763568878,0.0047574518248438835,0.01188572309911251,0.008463048376142979,0.018390120938420296,0.011039170436561108,0.06984218955039978,0.10068321228027344,0.07931627333164215,0.008853091858327389,0.00752996513620019,0.03212428092956543,0.015463260933756828,0.008456860668957233,0.004774320870637894,0.015004296787083149,0.010820657014846802
unknown,423.0,424.0,0.05904066190123558,0.04684973135590553,0.05785572528839111,0.03651672229170799,0.014200391247868538,0.042398493736982346,0.02846483513712883,0.05256503075361252,0.3561180830001831,0.2604685127735138,0.1407579481601715,0.2717984914779663,0.08934038132429123,0.045641060918569565,0.15606744587421417,0.19169747829437256,0.05900796875357628,0.11913780122995377,0.01109774224460125,0.12248800694942474,0.1666623055934906,0.23488450050354004,0.01682153530418873,0.03632040694355965,0.07902301847934723,0.020145906135439873,0.02936778962612152,0.010938053950667381,0.01171896792948246,0.0053858328610658646,0.12465564906597137,0.03524719923734665,0.06556180119514465,0.02850322611629963,0.030194487422704697,0.007561306469142437,0.14273740351200104,0.12494773417711258,0.16427744925022125,0.03468860685825348,0.4329233765602112,0.32487940788269043,0.01681385189294815,0.0017414669273421168,0.005555392242968082,0.04014139249920845,0.356912761926651,0.007256448734551668,0.0012028232449665666,0.0014716947916895151,0.0065616038627922535,0.010142087936401367,0.005858928896486759,0.004876225255429745,0.17881529033184052,0.013796621933579445,0.01729872263967991,0.0019128595013171434,0.006054583936929703,0.0023357621394097805,0.005801372230052948,0.4682493209838867,0.011846666224300861,0.006961842533200979,0.0009923403849825263,0.003178623039275408,0.0008115009986795485,0.0010271741775795817,0.1125614121556282,0.0022274015937000513,0.0025818925350904465,0.005523299798369408,0.005274243652820587,0.016442332416772842,0.017150970175862312,0.08741796016693115,0.2201317548751831,0.0005832241731695831,0.0028515965677797794,0.0009524541674181819,0.009128888137638569,0.003394458210095763,0.008092028088867664,0.0004192001069895923,0.0053138211369514465,0.022311462089419365,0.0008650856907479465,0.0022789002396166325,0.002685823477804661,0.0022486343514174223,0.22276455163955688,0.010910853743553162,0.0016251013148576021,0.2120305895805359,0.5560262799263,0.0020764186047017574,0.014384300448000431,0.011228912509977818,0.0034940228797495365,0.0004988325526937842,0.001662521157413721,0.0013034569565206766,0.0015165312215685844,0.0020130686461925507,0.007412527687847614,0.005076409317553043,0.03279054909944534,0.10357887297868729,0.00862885918468237,0.0030388718005269766,0.002868202282115817,0.0014016603818163276,0.001320770476013422,0.006228380836546421,0.0006826562457717955
unknown,434.0,435.0,0.04788326844573021,0.033540040254592896,0.0273570716381073,0.11904784291982651,0.05167952924966812,0.09297452121973038,0.0673944503068924,0.12519071996212006,0.15468889474868774,0.09729143232107162,0.0576460175216198,0.08492451161146164,0.08951039612293243,0.10387204587459564,0.0643475204706192,0.043762724846601486,0.04619125649333,0.13506515324115753,0.04756498709321022,0.1709899753332138,0.11084108054637909,0.10336219519376755,0.07207079231739044,0.054789260029792786,0.036523666232824326,0.024060148745775223,0.078439861536026,0.08021997660398483,0.029395604506134987,0.054395660758018494,0.09060049802064896,0.09512422978878021,0.04308832436800003,0.02824532426893711,0.0859222412109375,0.028110293671488762,0.1015913188457489,0.10108840465545654,0.05029428377747536,0.04172280803322792,0.15742184221744537,0.11314103752374649,0.039584480226039886,0.03543554246425629,0.05792517960071564,0.033364295959472656,0.156732439994812,0.03221675753593445,0.03858732059597969,0.0077870930545032024,0.08903444558382034,0.0263375211507082,0.08382102847099304,0.04848502576351166,0.09539369493722916,0.02823730744421482,0.05068501830101013,0.011095578782260418,0.03099628910422325,0.01246104296296835,0.06651202589273453,0.08516370505094528,0.03232542797923088,0.007857054471969604,0.0076416558586061,0.013237487524747849,0.010872538201510906,0.016145629808306694,0.09464476257562637,0.04510832950472832,0.02282293513417244,0.03276325389742851,0.02367330528795719,0.0333971306681633,0.03229361027479172,0.06900259852409363,0.02532525360584259,0.014918921515345573,0.05179347097873688,0.025134753435850143,0.05395473912358284,0.025828175246715546,0.02197609283030033,0.005444560665637255,0.007819181308150291,0.018760215491056442,0.02811751514673233,0.04430872201919556,0.03946557268500328,0.028449270874261856,0.062202371656894684,0.06194830685853958,0.0046264235861599445,0.02441687509417534,0.034475769847631454,0.03126628324389458,0.059821683913469315,0.04754677042365074,0.042671557515859604,0.002901040483266115,0.023086991161108017,0.01591411419212818,0.014610749669373035,0.008486184291541576,0.05338988080620766,0.04910706356167793,0.03571924567222595,0.014310428872704506,0.009323110803961754,0.020142141729593277,0.016559138894081116,0.011790991760790348,0.0034959048498421907,0.016078025102615356,0.011948680505156517
unknown,441.0,442.0,0.02380855195224285,0.012050274759531021,0.01150356512516737,0.09823282808065414,0.04102376475930214,0.06968444585800171,0.08307298272848129,0.3101840019226074,0.09775488078594208,0.09033609181642532,0.0515718087553978,0.04623103886842728,0.10748232901096344,0.1569647490978241,0.02142462320625782,0.035747695714235306,0.10677289217710495,0.17049947381019592,0.1407727301120758,0.15646809339523315,0.13426682353019714,0.04245293512940407,0.19049595296382904,0.08844983577728271,0.0375259630382061,0.018656762316823006,0.048562075942754745,0.08414638787508011,0.1330019235610962,0.06325580924749374,0.06089818850159645,0.05149541795253754,0.01989106647670269,0.028719788417220116,0.1936122179031372,0.061467885971069336,0.16902367770671844,0.051195863634347916,0.02100866287946701,0.031087541952729225,0.08069637417793274,0.10121050477027893,0.08481521159410477,0.08444381505250931,0.11962690204381943,0.03369368612766266,0.05396369472146034,0.04051927849650383,0.07672230154275894,0.0006481730379164219,0.13010329008102417,0.008934956975281239,0.12029282003641129,0.01295936107635498,0.060506515204906464,0.015245734713971615,0.3909350335597992,0.008190379478037357,0.0496322438120842,0.002334797754883766,0.03890235349535942,0.03020348586142063,0.09781112521886826,0.0012772663030773401,0.0014774841256439686,0.0034622512757778168,0.006726388819515705,0.0026317306328564882,0.013844340108335018,0.04418925940990448,0.27892324328422546,0.016435757279396057,0.020818881690502167,0.0024465888272970915,0.01751542091369629,0.01915387250483036,0.0014307965757325292,0.048928242176771164,0.03480801731348038,0.007406636606901884,0.003309712978079915,0.008009683340787888,0.009657282382249832,0.022037457674741745,0.015448524616658688,0.002353216987103224,0.01193133182823658,0.010093040764331818,0.01080283522605896,0.01895091123878956,0.0025610707234591246,0.02355240285396576,0.0028648856095969677,0.0018444969318807125,0.0009334092610515654,0.3016757071018219,0.17958492040634155,0.10530947893857956,0.18501199781894684,0.003651154926046729,0.0046245139092206955,0.009649957530200481,0.002503086579963565,0.051195673644542694,0.17560403048992157,0.1909063160419464,0.02453981526196003,0.003008047351613641,0.0007071670843288302,0.004304932896047831,0.03006347268819809,0.009404649958014488,0.00048239369061775506,0.0031284079886972904,0.08384426683187485
unknown,457.0,458.0,0.022558433935046196,0.008932202123105526,0.01186447311192751,0.09864452481269836,0.11373697966337204,0.12825235724449158,0.09616293013095856,0.15155620872974396,0.0629478320479393,0.07113378494977951,0.04859916493296623,0.05102608725428581,0.17831459641456604,0.21388323605060577,0.03573247790336609,0.012692022137343884,0.09802299737930298,0.09081744402647018,0.12821289896965027,0.16158096492290497,0.1841735988855362,0.05186399072408676,0.06097417697310448,0.029510432854294777,0.02034229412674904,0.03862174600362778,0.10017816722393036,0.15694987773895264,0.04156767204403877,0.13752448558807373,0.08296219259500504,0.08966977894306183,0.019445054233074188,0.018320614472031593,0.06132730841636658,0.04991365224123001,0.14293862879276276,0.07679243385791779,0.021960221230983734,0.01947874203324318,0.07605039328336716,0.04995742067694664,0.041802629828453064,0.10621805489063263,0.18480020761489868,0.018493346869945526,0.05734147131443024,0.14126935601234436,0.042577553540468216,0.015603606589138508,0.058469533920288086,0.013580366969108582,0.13196267187595367,0.027435073629021645,0.009728137403726578,0.021756421774625778,0.10321445018053055,0.03274264186620712,0.1246006190776825,0.023042719811201096,0.03357945382595062,0.005745158530771732,0.04068451747298241,0.0029141842387616634,0.025914732366800308,0.0246704313904047,0.06490323692560196,0.07920480519533157,0.02663525752723217,0.037491995841264725,0.08121954649686813,0.014217901974916458,0.08477485179901123,0.0036477986723184586,0.020264549180865288,0.01678193174302578,0.0010739360004663467,0.10359339416027069,0.06174450367689133,0.007282309699803591,0.007055242080241442,0.017955852672457695,0.0012340847169980407,0.08723511546850204,0.02483709715306759,0.03370300307869911,0.18756289780139923,0.21549473702907562,0.013994187116622925,0.03491269424557686,0.023472826927900314,0.14671003818511963,0.007460114546120167,0.01325180847197771,0.004215034190565348,0.08105532824993134,0.0133745102211833,0.020141100510954857,0.09019207954406738,0.011999697424471378,0.002096160314977169,0.045846886932849884,0.033272840082645416,0.023125186562538147,0.034098152071237564,0.04877380281686783,0.003684895345941186,0.006062451284378767,0.01588945835828781,0.06807098537683487,0.016548186540603638,0.008748832158744335,0.007734276819974184,0.01294258888810873,0.10091374814510345
unknown,476.0,477.0,0.058711662888526917,0.03777201101183891,0.0318361259996891,0.13015010952949524,0.05380973592400551,0.08918348699808121,0.08656669408082962,0.09205552190542221,0.13872122764587402,0.10046595335006714,0.05689277872443199,0.08063957840204239,0.08380447328090668,0.126162588596344,0.056823477149009705,0.03865466266870499,0.04512232914566994,0.15017665922641754,0.06078806146979332,0.15376201272010803,0.12922921776771545,0.10016599297523499,0.06581057608127594,0.05667648836970329,0.040890876203775406,0.03350850194692612,0.09601544588804245,0.09357396513223648,0.029684869572520256,0.061514101922512054,0.11115579307079315,0.09948762506246567,0.04122592508792877,0.02414819784462452,0.07976610958576202,0.04293714836239815,0.13662096858024597,0.10636291652917862,0.0469442754983902,0.04076731950044632,0.13794580101966858,0.07899511605501175,0.03511039540171623,0.041760142892599106,0.0808660089969635,0.028363719582557678,0.14442327618598938,0.050828028470277786,0.030518438667058945,0.023235654458403587,0.0695839673280716,0.03180268034338951,0.09125609695911407,0.0382097102701664,0.0661974772810936,0.026406705379486084,0.04542239382863045,0.012108496390283108,0.03547275811433792,0.0194694846868515,0.05782868340611458,0.07006214559078217,0.02019244246184826,0.011817379854619503,0.018052468076348305,0.025831565260887146,0.028079379349946976,0.030061034485697746,0.0942109003663063,0.03899161145091057,0.028507033362984657,0.03176059573888779,0.03787195682525635,0.03881862014532089,0.03479437157511711,0.04922804236412048,0.0159150343388319,0.021976251155138016,0.045177120715379715,0.0208288561552763,0.04733584076166153,0.021655669435858727,0.01960958167910576,0.008089497685432434,0.0158305112272501,0.019219152629375458,0.021933136507868767,0.027963891625404358,0.03448006883263588,0.022112946957349777,0.047643765807151794,0.04996020346879959,0.012024043127894402,0.022146297618746758,0.027451833710074425,0.034909192472696304,0.058807965368032455,0.05695489048957825,0.047303732484579086,0.004348519258201122,0.014209887012839317,0.020977139472961426,0.024268297478556633,0.012752369977533817,0.05244262143969536,0.040652040392160416,0.03275846317410469,0.009986129589378834,0.009778746403753757,0.027668168768286705,0.018518218770623207,0.012687665410339832,0.009221489541232586,0.026233326643705368,0.018174508586525917
unknown,502.0,503.0,0.01836598478257656,0.007424589246511459,0.006186750251799822,0.05029664561152458,0.02246844954788685,0.21084415912628174,0.07700515538454056,0.06280095130205154,0.0683143362402916,0.06515063345432281,0.037023644894361496,0.027021629735827446,0.04863806441426277,0.06068989261984825,0.020750343799591064,0.025495298206806183,0.03629656136035919,0.10339020192623138,0.023747511208057404,0.25753411650657654,0.0807761400938034,0.10730230808258057,0.044193755835294724,0.06758132576942444,0.020687315613031387,0.008379790000617504,0.0491575263440609,0.3429200351238251,0.04234817624092102,0.2031564563512802,0.02853316254913807,0.04263879358768463,0.020339185371994972,0.044673413038253784,0.13047920167446136,0.008480679243803024,0.04790360480546951,0.12595568597316742,0.06076190620660782,0.14504759013652802,0.11441557854413986,0.15385954082012177,0.05652390047907829,0.14174656569957733,0.12065050005912781,0.02545282430946827,0.17851722240447998,0.01215519942343235,0.00892375223338604,0.0009580572950653732,0.03457419574260712,0.10414978116750717,0.4195293188095093,0.019919686019420624,0.01306223962455988,0.0036271722055971622,0.03018084354698658,0.047375600785017014,0.007165922317653894,0.0017204072792083025,0.020142296329140663,0.06754877418279648,0.15282069146633148,0.001188158756121993,0.003931359387934208,0.010526467114686966,0.002179704839363694,0.043506599962711334,0.09738385677337646,0.03044889308512211,0.08215846121311188,0.12638600170612335,0.02734019234776497,0.0171052273362875,0.10611209273338318,0.2068813145160675,0.006216420792043209,0.023365994915366173,0.06330559402704239,0.008806114085018635,0.02150220423936844,0.002219012938439846,0.001197979785501957,0.03589335083961487,0.0023484628181904554,0.004738159477710724,0.052245013415813446,0.07071869820356369,0.011903746984899044,0.019923852756619453,0.01469632051885128,0.12237634509801865,0.0015351418405771255,0.008032219484448433,0.008695879019796848,0.004762694239616394,0.003936102148145437,0.0033758054487407207,0.0023891176097095013,0.00764083955436945,0.0006667675916105509,0.028503907844424248,0.013815225102007389,0.024003084748983383,0.023726465180516243,0.06844303756952286,0.020426128059625626,0.002431112341582775,0.013416210189461708,0.016854727640748024,0.00308788800612092,0.00286181946285069,0.00037204453838057816,0.0016254871152341366,0.0023016149643808603
unknown,512.0,513.0,0.05990196391940117,0.051451317965984344,0.02980886586010456,0.11432201415300369,0.05980296805500984,0.07117918133735657,0.061493102461099625,0.09059812128543854,0.11642041057348251,0.104954294860363,0.06066185608506203,0.07803060114383698,0.07662267982959747,0.13037142157554626,0.06471056491136551,0.041028838604688644,0.04855182021856308,0.14291569590568542,0.0605134479701519,0.12639321386814117,0.12982678413391113,0.0910586342215538,0.06471800059080124,0.04846538230776787,0.038505543023347855,0.022360092028975487,0.08031988143920898,0.06424317508935928,0.021947363391518593,0.04704220965504646,0.10955768823623657,0.11011512577533722,0.06491988152265549,0.030270351096987724,0.06362930685281754,0.03353056311607361,0.10530192404985428,0.09500925987958908,0.06755126267671585,0.05074210837483406,0.18043957650661469,0.10028722882270813,0.04017200693488121,0.03949795663356781,0.05538610368967056,0.037723980844020844,0.10885244607925415,0.03939565271139145,0.0227823443710804,0.019118089228868484,0.07554081082344055,0.030850617215037346,0.06479517370462418,0.04849305376410484,0.06267797946929932,0.024223128333687782,0.04705725237727165,0.0033263531513512135,0.026304371654987335,0.01584840565919876,0.06483437120914459,0.08363047242164612,0.021270019933581352,0.007035505957901478,0.014579987153410912,0.013247288763523102,0.01771959848701954,0.022868895903229713,0.08085175603628159,0.018973147496581078,0.01393901091068983,0.025281788781285286,0.03075259178876877,0.048145972192287445,0.026029452681541443,0.045858561992645264,0.0087431026622653,0.018034406006336212,0.048666566610336304,0.01660165563225746,0.04584098979830742,0.019276944920420647,0.01566547155380249,0.00965968705713749,0.024489043280482292,0.02141774445772171,0.019553950056433678,0.0298883356153965,0.03329281881451607,0.028222307562828064,0.06510432064533234,0.04748040810227394,0.008713826537132263,0.061714041978120804,0.07826407253742218,0.016433551907539368,0.03656776249408722,0.03424019366502762,0.014177354983985424,0.0032554292120039463,0.009320283308625221,0.006862182170152664,0.016480786725878716,0.010793564841151237,0.06099602207541466,0.04270389676094055,0.03435761481523514,0.025328299030661583,0.0035154088400304317,0.022360404953360558,0.006709550507366657,0.00433815224096179,0.00770545331761241,0.011926066130399704,0.020475011318922043
unknown,519.0,520.0,0.042838457971811295,0.031382448971271515,0.026436788961291313,0.08774225413799286,0.04415688291192055,0.10935793071985245,0.0777619257569313,0.10718879103660583,0.13097141683101654,0.09856698662042618,0.04350443556904793,0.05693548545241356,0.07088380306959152,0.07182233035564423,0.05768309533596039,0.04820466786623001,0.03782239928841591,0.12030292302370071,0.052593354135751724,0.20647139847278595,0.098598413169384,0.11854226142168045,0.07808613777160645,0.07338833808898926,0.030097097158432007,0.017892058938741684,0.06854178756475449,0.11797146499156952,0.031915754079818726,0.08865921944379807,0.08104726672172546,0.07903137803077698,0.04795738309621811,0.02383449114859104,0.12140384316444397,0.028706194832921028,0.11304649710655212,0.09549631923437119,0.058458175510168076,0.060391269624233246,0.16527210175991058,0.14377526938915253,0.03812174126505852,0.05533343926072121,0.08067319542169571,0.033569443970918655,0.16203109920024872,0.030029360204935074,0.025147145614027977,0.006625870708376169,0.03967193886637688,0.04197802022099495,0.12901946902275085,0.02875942923128605,0.10111389309167862,0.02208136022090912,0.0603630468249321,0.0032633438240736723,0.022944798693060875,0.011823085136711597,0.044827643781900406,0.13042239844799042,0.04089334234595299,0.013089053332805634,0.01222187839448452,0.018224693834781647,0.021730514243245125,0.02536671794950962,0.07518692314624786,0.013696763664484024,0.019686566665768623,0.043236758559942245,0.041162338107824326,0.04231015220284462,0.05364173278212547,0.10052856802940369,0.03578147664666176,0.038231607526540756,0.06817129999399185,0.022987663745880127,0.045985277742147446,0.02831203304231167,0.017519623041152954,0.006795167922973633,0.012811442837119102,0.014429451897740364,0.02528255432844162,0.04071279987692833,0.032726071774959564,0.02000381238758564,0.03551167994737625,0.051585812121629715,0.004345160908997059,0.017653586342930794,0.031917836517095566,0.03879856318235397,0.05672723054885864,0.04327837750315666,0.03850811347365379,0.0038602035492658615,0.014429192058742046,0.006317752879112959,0.007066618651151657,0.004074654076248407,0.06387162953615189,0.09011736512184143,0.05160095542669296,0.011538051068782806,0.006032845936715603,0.012629596516489983,0.014287947677075863,0.005395929329097271,0.0029821356292814016,0.008174695074558258,0.013833550736308098
unknown,529.0,530.0,0.04724687337875366,0.03316744044423103,0.032627660781145096,0.06516120582818985,0.1385664939880371,0.11568401753902435,0.05587396025657654,0.08580349385738373,0.17391261458396912,0.18126243352890015,0.10095726698637009,0.1343507468700409,0.09112457185983658,0.1118268296122551,0.07134248316287994,0.08589337021112442,0.06547094136476517,0.16683465242385864,0.05076119676232338,0.18656961619853973,0.1404007226228714,0.11659745872020721,0.05061230808496475,0.054571181535720825,0.045989178121089935,0.025279993191361427,0.05674591660499573,0.06590452790260315,0.031096400693058968,0.05322398990392685,0.08642540872097015,0.061647843569517136,0.04157353937625885,0.028337346389889717,0.08393096923828125,0.023681435734033585,0.09311629831790924,0.11996515840291977,0.09168576449155807,0.05476013943552971,0.2168045938014984,0.17092469334602356,0.026464516296982765,0.02056516520678997,0.043675895780324936,0.03221055492758751,0.22574830055236816,0.02942894771695137,0.011922850273549557,0.005962957162410021,0.040968216955661774,0.03018636628985405,0.07412754744291306,0.031884945929050446,0.10170861333608627,0.1016489639878273,0.12160263955593109,0.05415802821516991,0.013123126700520515,0.007210476323962212,0.03294086828827858,0.1733628362417221,0.06085565686225891,0.030336972326040268,0.008477342315018177,0.017675036564469337,0.00833433773368597,0.012601073831319809,0.13232269883155823,0.04515225067734718,0.09857292473316193,0.03622156381607056,0.014636287465691566,0.03981700539588928,0.06648609042167664,0.08691142499446869,0.035813845694065094,0.00455837044864893,0.02362176962196827,0.006551387719810009,0.03255326300859451,0.016717497259378433,0.011637869291007519,0.007358160801231861,0.00659963907673955,0.07357800751924515,0.011587554588913918,0.015979472547769547,0.017147663980722427,0.015291623771190643,0.1803983747959137,0.02757742442190647,0.006422458216547966,0.09242215752601624,0.16105836629867554,0.012432548217475414,0.03329649940133095,0.025536738336086273,0.02685847505927086,0.003744428278878331,0.005488079506903887,0.030251508578658104,0.01991034299135208,0.02312060445547104,0.03434848412871361,0.01995193026959896,0.033233437687158585,0.0385579951107502,0.019194187596440315,0.019376950338482857,0.008085772395133972,0.0073046330362558365,0.004546745214611292,0.027437672019004822,0.007703928276896477
unknown,560.0,561.0,0.06438817083835602,0.048848956823349,0.04723392054438591,0.10836423933506012,0.021524598821997643,0.07686467468738556,0.05028000473976135,0.09640590846538544,0.18851442635059357,0.18241523206233978,0.10310613363981247,0.15381917357444763,0.11530915647745132,0.087433360517025,0.09912367910146713,0.09001737833023071,0.04825292527675629,0.12988893687725067,0.02329178899526596,0.11050054430961609,0.1844015121459961,0.12233074754476547,0.04872376099228859,0.043081678450107574,0.06541022658348083,0.02466827630996704,0.05576172098517418,0.050529301166534424,0.028100881725549698,0.02476235292851925,0.13734282553195953,0.08887307345867157,0.08313554525375366,0.032565150409936905,0.05542099475860596,0.028366636484861374,0.139810249209404,0.09393715113401413,0.12368950247764587,0.05048022046685219,0.26439857482910156,0.18890586495399475,0.03600763902068138,0.012378476560115814,0.028267037123441696,0.03782554343342781,0.15923890471458435,0.019171103835105896,0.012332910671830177,0.004384811967611313,0.0720474049448967,0.04145342856645584,0.04497244581580162,0.03573990240693092,0.07112345844507217,0.011605854146182537,0.040039025247097015,0.004239286296069622,0.01018054410815239,0.002638799836859107,0.046130359172821045,0.1886148452758789,0.02864195965230465,0.004358362406492233,0.0021412859205156565,0.0043638162314891815,0.0017266967333853245,0.0045395828783512115,0.07144346088171005,0.03897079825401306,0.026818884536623955,0.03716271370649338,0.008398765698075294,0.014790860936045647,0.03730309382081032,0.11662214249372482,0.028658080846071243,0.0025742845609784126,0.01797759160399437,0.007796354591846466,0.021943213418126106,0.004677699413150549,0.009098919108510017,0.004460289608687162,0.006557754706591368,0.011886091902852058,0.009261967614293098,0.01227362360805273,0.024484843015670776,0.02022531069815159,0.16048341989517212,0.03863482549786568,0.0029542227275669575,0.12304730713367462,0.1996649205684662,0.014992722310125828,0.02429969049990177,0.01935141533613205,0.027610978111624718,0.0026617723051458597,0.0025443737395107746,0.010495293885469437,0.007799165789037943,0.007443855982273817,0.025946123525500298,0.05453726276755333,0.05487348884344101,0.044945936650037766,0.004828292410820723,0.01342244353145361,0.00403724517673254,0.003786327550187707,0.0023973349016159773,0.005812636576592922,0.0037264861166477203
unknown,571.0,572.0,0.05114835128188133,0.026470456272363663,0.031639475375413895,0.13791410624980927,0.06996532529592514,0.11878438293933868,0.09314344078302383,0.10490293800830841,0.08834455162286758,0.0659932941198349,0.041111432015895844,0.06532908976078033,0.08738546073436737,0.08525511622428894,0.06608344614505768,0.03261493518948555,0.05076446756720543,0.09388647973537445,0.05058768391609192,0.17250072956085205,0.11157067120075226,0.11010550707578659,0.07168123126029968,0.04377252981066704,0.03743384778499603,0.02186945080757141,0.12597063183784485,0.15731796622276306,0.025301547721028328,0.1172068640589714,0.12873411178588867,0.1261201947927475,0.032455287873744965,0.01826360635459423,0.06680174171924591,0.04014461115002632,0.13709528744220734,0.08938907831907272,0.04018215090036392,0.03180552273988724,0.12414281815290451,0.07180759310722351,0.026546915993094444,0.07345326244831085,0.10475768893957138,0.024828018620610237,0.09763579815626144,0.08078495413064957,0.023149745538830757,0.012981418520212173,0.08722426742315292,0.025491755455732346,0.13411477208137512,0.041233666241168976,0.053813107311725616,0.027830401435494423,0.05827895924448967,0.007348848972469568,0.03813514858484268,0.022844282910227776,0.06934449076652527,0.03535023331642151,0.030639784410595894,0.01902063935995102,0.039449356496334076,0.03952277451753616,0.06582598388195038,0.04593046009540558,0.03866979852318764,0.04636485129594803,0.027737995609641075,0.025310378521680832,0.055460114032030106,0.03548309579491615,0.02232515811920166,0.05033938214182854,0.009465793147683144,0.04375007748603821,0.0420992374420166,0.017178764566779137,0.0415426641702652,0.025954004377126694,0.011435396037995815,0.015905242413282394,0.008747328072786331,0.01414340641349554,0.03243418037891388,0.052797671407461166,0.04401153326034546,0.045897435396909714,0.05088994279503822,0.09729590266942978,0.00480427173897624,0.031136851757764816,0.03197690472006798,0.03878911957144737,0.053130798041820526,0.04295720160007477,0.0898490622639656,0.003924048040062189,0.007693904917687178,0.014610281214118004,0.01638566143810749,0.009099967777729034,0.046388644725084305,0.05318624898791313,0.0368112251162529,0.008125334978103638,0.01234482228755951,0.06773072481155396,0.050346739590168,0.009698238223791122,0.005055952817201614,0.025038454681634903,0.01199644710868597
unknown,598.0,599.0,0.004125566221773624,0.0036048758774995804,0.0027809455059468746,0.08256461471319199,0.023893386125564575,0.30478546023368835,0.009109145030379295,0.08731406182050705,0.02310062199831009,0.019479770213365555,0.025496408343315125,0.009743014350533485,0.024975882843136787,0.022600043565034866,0.006242561154067516,0.022620588541030884,0.036355793476104736,0.048039667308330536,0.014701519161462784,0.3740467429161072,0.02227052114903927,0.1184496209025383,0.05951671674847603,0.135910764336586,0.009129922837018967,0.0020662075839936733,0.06624785810709,0.5021699666976929,0.10128755867481232,0.2955418825149536,0.01542720478028059,0.05675284564495087,0.01313150767236948,0.03268873691558838,0.25611943006515503,0.007180818822234869,0.009031157940626144,0.028951900079846382,0.03611541911959648,0.30067014694213867,0.07278306037187576,0.17862363159656525,0.04517333209514618,0.03859191760420799,0.010741163045167923,0.03220188617706299,0.12260420620441437,0.009097286500036716,0.021962380036711693,0.000740370131097734,0.061330635100603104,0.22614847123622894,0.318800151348114,0.0386463887989521,0.03283862769603729,0.009450383484363556,0.09247228503227234,0.04820878058671951,0.0027112134266644716,0.001681092195212841,0.026272660121321678,0.04640850052237511,0.2858104407787323,0.0016378979198634624,0.0028751413337886333,0.019313527271151543,0.0014824892859905958,0.022295042872428894,0.022931523621082306,0.11392605304718018,0.11710721254348755,0.3025738000869751,0.026905179023742676,0.021029315888881683,0.19237297773361206,0.5178099274635315,0.0023783151991665363,0.005604463163763285,0.015215910039842129,0.012999526225030422,0.005838386714458466,0.0018073923420161009,0.0005253850831650198,0.012049663811922073,0.0008585146279074252,0.00751196313649416,0.006305891089141369,0.008335167542099953,0.018346965312957764,0.03821002319455147,0.008234227076172829,0.011008772067725658,0.0005270065739750862,0.0031305677257478237,0.0035204929299652576,0.006697663571685553,0.004030355252325535,0.0036197893787175417,0.012058982625603676,0.017287999391555786,0.002229177625849843,0.022730980068445206,0.005312957335263491,0.01750752329826355,0.010365182533860207,0.03758691996335983,0.05184691771864891,0.0011358394986018538,0.005118270870298147,0.006556563079357147,0.0011225463822484016,0.0006530333193950355,0.00023476078058592975,0.0031311095226556063,0.003465553978458047
