Id,Text,BeginPosition,EndPosition,BeginTime,EndTime,Confidence,SpeakerConfidence,Admiration,Adoration,Aesthetic Appreciation,Amusement,Anger,Annoyance,Anxiety,Awe,Awkwardness,Boredom,Calmness,Concentration,Confusion,Contemplation,Contempt,Contentment,Craving,Determination,Disappointment,Disapproval,Disgust,Distress,Doubt,Ecstasy,Embarrassment,Empathic Pain,Enthusiasm,Entrancement,Envy,Excitement,Fear,Gratitude,Guilt,Horror,Interest,Joy,Love,Nostalgia,Pain,Pride,Realization,Relief,Romance,Sadness,Sarcasm,Satisfaction,Desire,Shame,Surprise (negative),Surprise (positive),Sympathy,Tiredness,Triumph,1,2,3,4,5,6,7,8,9,toxic,severe_toxic,obscene,threat,insult,identity_hate
unknown,太,0,1,4.612351,4.8519535,0.9794922,,0.06351914256811142,0.03896348550915718,0.044841378927230835,0.02261994034051895,0.0016335025429725647,0.020553141832351685,0.0019197745714336634,0.015742769464850426,0.0354694165289402,0.12055530399084091,0.1413140594959259,0.03792096674442291,0.08990301936864853,0.029415065422654152,0.020435433834791183,0.06477655470371246,0.006788542494177818,0.01576646976172924,0.009333196096122265,0.010598395019769669,0.0020232328679412603,0.0017516767838969827,0.016444377601146698,0.006256176624447107,0.0025081466883420944,0.0053604296408593655,0.05283407121896744,0.02072354592382908,0.005865008570253849,0.018484774976968765,0.0005503064603544772,0.014331436716020107,0.0010825569042935967,0.00024861705605871975,0.12148066610097885,0.03658901900053024,0.03831324726343155,0.007786237634718418,0.0013986208941787481,0.00867893360555172,0.028717052191495895,0.008440056815743446,0.016855286434292793,0.0022960123606026173,0.01486885640770197,0.051057588309049606,0.02162797376513481,0.0031121273059397936,0.013363861478865147,0.03378576040267944,0.013875012286007404,0.036519262939691544,0.012892678380012512,,,,,,,,,,,,,,,
unknown,陽,2,3,4.8519535,5.3519535,0.8051758,,0.07532399147748947,0.05546221882104874,0.05626973882317543,0.01991458609700203,0.0049848398193717,0.0437699630856514,0.003622443415224552,0.0314674898982048,0.028595492243766785,0.10237489640712738,0.18931832909584045,0.04210824519395828,0.041049644351005554,0.071437768638134,0.03325461223721504,0.10281919687986374,0.016724927350878716,0.029841339215636253,0.023138724267482758,0.022313378751277924,0.005056971218436956,0.005361073650419712,0.012409591116011143,0.009050178341567516,0.004389510490000248,0.013344164937734604,0.0631938949227333,0.037026017904281616,0.010665901936590672,0.0237946305423975,0.0010441248305141926,0.03198118135333061,0.002895054407417774,0.000559758860617876,0.11484479159116745,0.04932016879320145,0.04992702603340149,0.019609879702329636,0.005279101897031069,0.016976602375507355,0.10280685871839523,0.01583688333630562,0.02978312037885189,0.01056936476379633,0.021372733637690544,0.08262405544519424,0.025851599872112274,0.0066927033476531506,0.01611780747771263,0.04598819091916084,0.020410412922501564,0.03751305118203163,0.019625211134552956,,,,,,,,,,,,,,,
unknown,鉄,4,5,9.005066,9.505066,0.97509766,,0.03194693848490715,0.016870122402906418,0.018391083925962448,0.04052276164293289,0.007273393217474222,0.03617984801530838,0.021097658202052116,0.023575570434331894,0.04637698456645012,0.03764035552740097,0.10119590908288956,0.04152446985244751,0.07206922024488449,0.02449135296046734,0.015699831768870354,0.06396960467100143,0.006187395192682743,0.03500550612807274,0.02180783823132515,0.018954940140247345,0.007288913708180189,0.0319029726088047,0.01857723481953144,0.02032380737364292,0.012873477302491665,0.021093163639307022,0.06016906723380089,0.021141918376088142,0.001995193539187312,0.03299437835812569,0.01419768389314413,0.011867566965520382,0.005348623264580965,0.00567064480856061,0.050583045929670334,0.03478002920746803,0.01878712885081768,0.00332759041339159,0.02309548482298851,0.017264069989323616,0.09385772049427032,0.055093638598918915,0.007625113241374493,0.009157401509582996,0.021419839933514595,0.09472138434648514,0.019572043791413307,0.012150761671364307,0.0741666704416275,0.09783212840557098,0.028945133090019226,0.04199199378490448,0.05057872086763382,,,,,,,,,,,,,,,
unknown,車,6,7,14.495,14.995,0.99365234,,0.02641192451119423,0.014825777150690556,0.017476478591561317,0.05874837562441826,0.003900878131389618,0.02157830074429512,0.019962292164564133,0.01685418374836445,0.048424944281578064,0.030357513576745987,0.139181986451149,0.046358995139598846,0.14003898203372955,0.05622430890798569,0.015606168657541275,0.0616568960249424,0.007800886873155832,0.021085083484649658,0.008244588971138,0.009769974276423454,0.0030964661855250597,0.014311169274151325,0.02549542672932148,0.015735242515802383,0.008067961782217026,0.010745266452431679,0.06763745844364166,0.02489130198955536,0.0020855600014328957,0.04106099158525467,0.012201809324324131,0.0110936826094985,0.002914583310484886,0.0029957666993141174,0.09899629652500153,0.03877432271838188,0.014353620819747448,0.008171929977834225,0.0068680522963404655,0.014141667634248734,0.06939814984798431,0.036206088960170746,0.008639871142804623,0.002984580583870411,0.03744305297732353,0.08238808065652847,0.015485143288969994,0.006208888720721006,0.025690175592899323,0.06836617738008499,0.017535090446472168,0.01547581423074007,0.03604714199900627,,,,,,,,,,,,,,,
unknown,少,8,9,23.735,24.235,0.66015625,,0.036707621067762375,0.015789339318871498,0.020436212420463562,0.04217896610498428,0.007202984299510717,0.036248013377189636,0.01615450717508793,0.018382564187049866,0.028368843719363213,0.025353772565722466,0.09944193065166473,0.061538293957710266,0.09222063422203064,0.05989072844386101,0.02420978993177414,0.049528155475854874,0.010729280300438404,0.044077105820178986,0.01314190961420536,0.02095971256494522,0.00533980131149292,0.013935438357293606,0.025528553873300552,0.00903270673006773,0.005171158351004124,0.01275156531482935,0.11097037047147751,0.019339891150593758,0.002982065547257662,0.054600201547145844,0.009017476812005043,0.018459785729646683,0.002926221350207925,0.002922919811680913,0.16934162378311157,0.027426702901721,0.011706389486789703,0.0076876417733728886,0.004709921777248383,0.015324712730944157,0.07045203447341919,0.033519499003887177,0.004561589099466801,0.003681259462609887,0.05035434290766716,0.08080176264047623,0.009511525742709637,0.005208911839872599,0.03541034460067749,0.08053026348352432,0.02283269166946411,0.011799282394349575,0.03812084719538689,,,,,,,,,,,,,,,
unknown,女,10,11,25.535,25.695,0.96435547,,0.06607329100370407,0.04475245624780655,0.03993456810712814,0.0550977922976017,0.012451284565031528,0.04409867525100708,0.010196879506111145,0.0297115296125412,0.036997560411691666,0.025136318057775497,0.08349516242742538,0.044893987476825714,0.11065541952848434,0.08012819290161133,0.03945843502879143,0.032185763120651245,0.02643617056310177,0.04702029004693031,0.02185116522014141,0.03847449645400047,0.010574497282505035,0.013718754053115845,0.02862788550555706,0.01333558838814497,0.007511741481721401,0.013627447187900543,0.08797522634267807,0.04747181013226509,0.009907186962664127,0.038395412266254425,0.0061116754077374935,0.010626589879393578,0.0036882851272821426,0.0027531234081834555,0.1505584418773651,0.03566413000226021,0.03354055806994438,0.0185959842056036,0.006666828412562609,0.017674796283245087,0.056082453578710556,0.0076988982036709785,0.03137117996811867,0.007763308007270098,0.056227441877126694,0.043766919523477554,0.06195399537682533,0.010365457274019718,0.02088840678334236,0.03477530926465988,0.019457833841443062,0.010519705712795258,0.02386707253754139,,,,,,,,,,,,,,,
unknown,の,12,13,25.695,25.775,0.82910156,,0.0433867983520031,0.02804262563586235,0.019636426120996475,0.04788999632000923,0.02030867338180542,0.0707702711224556,0.012064950540661812,0.018798064440488815,0.030340922996401787,0.01731696166098118,0.07570891827344894,0.03979598730802536,0.08430010080337524,0.06116994097828865,0.04113420471549034,0.027161944657564163,0.021764766424894333,0.05102215334773064,0.02469201385974884,0.04725007712841034,0.011259634047746658,0.018762316554784775,0.02189810201525688,0.008965851739048958,0.00655451649799943,0.025455430150032043,0.0895719826221466,0.023711849004030228,0.0068960231728851795,0.03479945659637451,0.006111532915383577,0.010676009580492973,0.00459276931360364,0.0028377689886838198,0.16340875625610352,0.024492403492331505,0.022905973717570305,0.008600632660090923,0.007710710167884827,0.01225876435637474,0.06058316305279732,0.011314270086586475,0.015108473598957062,0.006671466398984194,0.04203568026423454,0.044170547276735306,0.03621439263224602,0.008483626879751682,0.027817990630865097,0.03705623000860214,0.03970012068748474,0.008996840566396713,0.01969797909259796,,,,,,,,,,,,,,,
unknown,人,14,15,25.775,26.275,0.7397461,,0.029770638793706894,0.020777354016900063,0.012981731444597244,0.05156726390123367,0.03076423704624176,0.10553064942359924,0.012291042134165764,0.015657758340239525,0.027009272947907448,0.01649424061179161,0.049417607486248016,0.024350488558411598,0.07122370600700378,0.05493469908833504,0.047318920493125916,0.021195704117417336,0.02322223223745823,0.037479616701602936,0.03909976780414581,0.0548303946852684,0.014296025037765503,0.02463594451546669,0.01903640851378441,0.008227981626987457,0.007796331308782101,0.026046982035040855,0.06553736329078674,0.018928341567516327,0.008008205331861973,0.02837446704506874,0.005182009655982256,0.007809201255440712,0.005416908301413059,0.0028587880078703165,0.10980832576751709,0.021380113437771797,0.018172910436987877,0.00800909660756588,0.011761127039790154,0.010134444572031498,0.06258613616228104,0.010056886821985245,0.013157553970813751,0.010149107314646244,0.04647120460867882,0.03595719859004021,0.0340302437543869,0.010335218161344528,0.03299431875348091,0.03156566619873047,0.034282244741916656,0.010584295727312565,0.015529515221714973,,,,,,,,,,,,,,,
unknown,小,16,17,31.70637,31.986145,0.99853516,,0.05750199407339096,0.055480387061834335,0.015797365456819534,0.0513518750667572,0.019102448597550392,0.07171059399843216,0.011482358910143375,0.025232912972569466,0.028897445648908615,0.010243508964776993,0.05890955403447151,0.026965593919157982,0.0862964615225792,0.054011713713407516,0.03337393328547478,0.02805054374039173,0.021171238273382187,0.040002163499593735,0.01994304545223713,0.028915299102663994,0.006303932052105665,0.01607450097799301,0.017819980159401894,0.01089684572070837,0.006448947358876467,0.024123448878526688,0.0966646820306778,0.027023669332265854,0.006771269720047712,0.04315191134810448,0.0039263018406927586,0.018480652943253517,0.004254169296473265,0.0015505212359130383,0.14839713275432587,0.03999326750636101,0.052813440561294556,0.010963421314954758,0.00765673303976655,0.01596415601670742,0.05932885780930519,0.011221987195312977,0.02800414338707924,0.006218901369720697,0.03635415807366371,0.045295994728803635,0.03847387060523033,0.0065980637446045876,0.024138707667589188,0.04965903237462044,0.03608562797307968,0.008110644295811653,0.018489670008420944,,,,,,,,,,,,,,,
unknown,さ,18,19,31.986145,32.06608,0.9995117,,0.06677113473415375,0.05301971361041069,0.0212099626660347,0.052570123225450516,0.015760432928800583,0.06043602153658867,0.011206354014575481,0.028032248839735985,0.032265614718198776,0.011467753909528255,0.07120300084352493,0.03745537996292114,0.1074317917227745,0.07405504584312439,0.036824699491262436,0.028403954580426216,0.0192092414945364,0.04794489964842796,0.01858948916196823,0.03298204019665718,0.00690715666860342,0.013853638432919979,0.02619202435016632,0.009777842089533806,0.006183958612382412,0.023979654535651207,0.1051245778799057,0.03112911619246006,0.007778748869895935,0.04295643791556358,0.004510171711444855,0.017251500859856606,0.003574866335839033,0.0017150709172710776,0.18541713058948517,0.03766950964927673,0.0468132309615612,0.012295073829591274,0.006459913682192564,0.018366197124123573,0.06043245270848274,0.009629067964851856,0.028027869760990143,0.0058229835703969,0.04587291553616524,0.04361899197101593,0.037686657160520554,0.006688980385661125,0.024090144783258438,0.04994254186749458,0.0378444530069828,0.007505517452955246,0.020291203632950783,,,,,,,,,,,,,,,
unknown,さ,20,21,32.06608,32.146015,0.7939453,,0.07054761797189713,0.04881225526332855,0.02874036878347397,0.06209472939372063,0.015082952566444874,0.06265522539615631,0.009812812320888042,0.029501240700483322,0.03243951499462128,0.01448831893503666,0.0831088274717331,0.05161469429731369,0.11429072916507721,0.08814340084791183,0.0445956327021122,0.030199425294995308,0.01719767600297928,0.059154048562049866,0.01931719481945038,0.04202180355787277,0.008138446137309074,0.011277737095952034,0.03182528540492058,0.009494699537754059,0.00588836008682847,0.018601808696985245,0.12693877518177032,0.035138774663209915,0.008729543536901474,0.05025781691074371,0.004529977682977915,0.015343190170824528,0.003018258837983012,0.0018327520228922367,0.21551336348056793,0.03874077647924423,0.037176091223955154,0.013778128661215305,0.004495642613619566,0.020737886428833008,0.05961985141038895,0.008063619956374168,0.024705857038497925,0.004770379979163408,0.05719512328505516,0.04558448866009712,0.03453756496310234,0.006576091516762972,0.023548588156700134,0.04887097328901291,0.030971664935350418,0.006960510741919279,0.023862116038799286,,,,,,,,,,,,,,,
unknown,い,22,23,32.146015,32.646015,0.99658203,,0.07076893001794815,0.05235053598880768,0.03218534216284752,0.06543055921792984,0.015865342691540718,0.06938272714614868,0.009905965998768806,0.03032553568482399,0.031020289286971092,0.01439659297466278,0.08439842611551285,0.05718110501766205,0.11468721181154251,0.10115547478199005,0.047462061047554016,0.03288697823882103,0.02161492221057415,0.06829838454723358,0.02095332182943821,0.0462973415851593,0.008308224380016327,0.010872606188058853,0.034170374274253845,0.010893776081502438,0.005739192012697458,0.016280459240078926,0.14844763278961182,0.039599619805812836,0.010042411275207996,0.05988556146621704,0.004386092536151409,0.014275838620960712,0.0031711463816463947,0.001719590276479721,0.2342890053987503,0.042798612266778946,0.038545314222574234,0.015251698903739452,0.00405816501006484,0.023157604038715363,0.06349243223667145,0.0075408220291137695,0.027799023315310478,0.004576655104756355,0.05424967408180237,0.0502309687435627,0.040547266602516174,0.006663087289780378,0.02280687540769577,0.0493401475250721,0.026563238352537155,0.006754789035767317,0.025441253557801247,,,,,,,,,,,,,,,
unknown,男,24,25,40.833096,41.333096,0.9941406,,0.0445425882935524,0.035725682973861694,0.02004404552280903,0.07098433375358582,0.015730751678347588,0.06871668994426727,0.01833169162273407,0.018299216404557228,0.038751497864723206,0.014074412174522877,0.08714248239994049,0.055636800825595856,0.0840265229344368,0.09768332540988922,0.04450063779950142,0.032078422605991364,0.022896120324730873,0.08587557822465897,0.02264348231256008,0.04219770058989525,0.008322866633534431,0.01915251649916172,0.036722805351018906,0.009643567726016045,0.00775914965197444,0.03808227926492691,0.12828278541564941,0.028262009844183922,0.007435798645019531,0.046525709331035614,0.007471768651157618,0.012705390341579914,0.004568162839859724,0.0022369641810655594,0.18824613094329834,0.03321615234017372,0.04138579219579697,0.013149825856089592,0.009166487492620945,0.018605774268507957,0.06385324895381927,0.012199809774756432,0.030751779675483704,0.00693426514044404,0.06068216264247894,0.04717981070280075,0.04778232052922249,0.008138610050082207,0.020901130512356758,0.034834884107112885,0.05714172497391701,0.01026218757033348,0.023524044081568718,,,,,,,,,,,,,,,
unknown,温,26,27,43.708595,43.98816,0.5605469,,0.04376494139432907,0.03782706335186958,0.020748484879732132,0.07119912654161453,0.018407130613923073,0.08422476798295975,0.021055705845355988,0.019848059862852097,0.03908871114253998,0.012949191965162754,0.07275888323783875,0.044389642775058746,0.07294943183660507,0.08438625931739807,0.04005694016814232,0.03943997994065285,0.03261754289269447,0.06636577844619751,0.026185426861047745,0.03796181082725525,0.00917897280305624,0.023254748433828354,0.02586257830262184,0.014560200273990631,0.009730415418744087,0.034518975764513016,0.12970133125782013,0.028834590688347816,0.008061305619776249,0.06005358323454857,0.006891333032399416,0.015521004796028137,0.005362185183912516,0.002385651459917426,0.17386788129806519,0.04096174240112305,0.04359600692987442,0.013236413709819317,0.012011844664812088,0.02210834249854088,0.07445078343153,0.019671209156513214,0.03496585041284561,0.0075796013697981834,0.05265944451093674,0.06979712098836899,0.07236874103546143,0.00896742008626461,0.025397848337888718,0.05221548676490784,0.04444838687777519,0.012262349016964436,0.026731479912996292,,,,,,,,,,,,,,,
unknown,か,28,29,43.98816,44.10797,0.9926758,,0.05113082379102707,0.0342477448284626,0.030014973133802414,0.07775229215621948,0.0391240194439888,0.13271719217300415,0.014531656168401241,0.024585412815213203,0.03890408203005791,0.015008757822215557,0.060595400631427765,0.05050390213727951,0.09762225300073624,0.08095385879278183,0.0698843002319336,0.038314227014780045,0.0220191553235054,0.07964907586574554,0.039737001061439514,0.07474405318498611,0.019400568678975105,0.020939555019140244,0.03336983546614647,0.015523753128945827,0.012001883238554,0.018710434436798096,0.14947208762168884,0.03294900804758072,0.011276165023446083,0.06509969383478165,0.006002955138683319,0.013961506076157093,0.005580070428550243,0.0033394014462828636,0.156706765294075,0.043479230254888535,0.02743777260184288,0.011275087483227253,0.008740547113120556,0.03564028441905975,0.06959207355976105,0.0125343669205904,0.02268039621412754,0.0070499214343726635,0.07981560379266739,0.0722050815820694,0.05283566936850548,0.01282717939466238,0.035736650228500366,0.05592756345868111,0.023880619555711746,0.012191802263259888,0.04147757217288017,,,,,,,,,,,,,,,
unknown,い,30,31,44.10797,44.60797,0.98779297,,0.06444284319877625,0.043755464255809784,0.039588283747434616,0.0856364443898201,0.025898225605487823,0.09215009212493896,0.012560131959617138,0.028090177103877068,0.035409606993198395,0.012289880774915218,0.07327327132225037,0.059698544442653656,0.0821119174361229,0.09901361912488937,0.06219981983304024,0.049648068845272064,0.02518019638955593,0.09425325691699982,0.028733836486935616,0.05523029342293739,0.014160283841192722,0.015593962743878365,0.030001448467373848,0.01934477686882019,0.010525709018111229,0.022575179114937782,0.18663762509822845,0.040135469287633896,0.011833191849291325,0.07745835185050964,0.004961876198649406,0.01693136803805828,0.005074771586805582,0.002679793629795313,0.1950642168521881,0.05628201737999916,0.03588835895061493,0.013910825364291668,0.007815603166818619,0.045728281140327454,0.0741729736328125,0.014603112824261189,0.029830146580934525,0.005925868172198534,0.069179005920887,0.09572998434305191,0.06365130096673965,0.011010121554136276,0.026244796812534332,0.0605267733335495,0.029928157106041908,0.009284593164920807,0.05091133713722229,,,,,,,,,,,,,,,
unknown,牛,32,33,49.898907,50.018723,0.8017578,,0.05428727716207504,0.05550043657422066,0.027928177267313004,0.10000726580619812,0.013223910704255104,0.05860026180744171,0.017941202968358994,0.02367156744003296,0.04282976686954498,0.01457739807665348,0.09310922771692276,0.04831349104642868,0.0633091926574707,0.06801135838031769,0.031203119084239006,0.06617633998394012,0.04374433308839798,0.08488739281892776,0.017281867563724518,0.019650468602776527,0.0059099337086081505,0.016940750181674957,0.016634726896882057,0.027847718447446823,0.011346523649990559,0.025772960856556892,0.23505495488643646,0.03488622233271599,0.008252209052443504,0.12792371213436127,0.0049275606870651245,0.026230687275528908,0.005963434465229511,0.0017520143883302808,0.21007531881332397,0.0879831612110138,0.05804729461669922,0.016455762088298798,0.008353959769010544,0.04150715842843056,0.058961477130651474,0.027867332100868225,0.043423138558864594,0.006000268738716841,0.04977722465991974,0.11795169860124588,0.09291988611221313,0.00847048033028841,0.018910666927695274,0.07607538253068924,0.03517352417111397,0.012459791265428066,0.046748798340559006,,,,,,,,,,,,,,,
unknown,い,34,35,50.018723,50.518723,0.52685547,,0.05115363746881485,0.04552549868822098,0.03153626620769501,0.10657015442848206,0.012313454411923885,0.05598851293325424,0.016910376027226448,0.023097258061170578,0.04494099318981171,0.015013353899121284,0.09752222895622253,0.055404968559741974,0.07442186772823334,0.08365410566329956,0.03448539227247238,0.06850825995206833,0.03529266268014908,0.08507159352302551,0.01825927384197712,0.02296333946287632,0.00684160552918911,0.015747562050819397,0.019895747303962708,0.027220631018280983,0.012157250195741653,0.024421267211437225,0.21417813003063202,0.03711972385644913,0.007737440522760153,0.11400975286960602,0.005105378571897745,0.02192898839712143,0.00550366984680295,0.0019500080961734056,0.2105495184659958,0.07691729068756104,0.04505931958556175,0.017782088369131088,0.008017578162252903,0.046460989862680435,0.060336947441101074,0.028217000886797905,0.03885802626609802,0.0057890405878424644,0.05610688030719757,0.1251935064792633,0.09960652142763138,0.009199317544698715,0.01882813312113285,0.07043442130088806,0.031959157437086105,0.012605905532836914,0.05328230932354927,,,,,,,,,,,,,,,
unknown,治,36,37,56.939293,57.13882,0.99902344,,0.06835485994815826,0.06138582155108452,0.04490397125482559,0.12110685557126999,0.011191781610250473,0.05311937257647514,0.01409655250608921,0.032163068652153015,0.03872581943869591,0.011727741919457912,0.09006659686565399,0.057926177978515625,0.0742890015244484,0.10306935757398605,0.03499618172645569,0.07247400283813477,0.04805637151002884,0.07777351886034012,0.018214277923107147,0.021844375878572464,0.0067625995725393295,0.012700885534286499,0.020169638097286224,0.035140760242938995,0.012106630951166153,0.023925211280584335,0.2496982216835022,0.052684590220451355,0.01040339283645153,0.12913471460342407,0.004011919256299734,0.02602832019329071,0.005315856076776981,0.0018437467515468597,0.2597030699253082,0.09466905891895294,0.05488061532378197,0.022031739354133606,0.006576112937182188,0.044780950993299484,0.0713769719004631,0.02668820694088936,0.05534712225198746,0.004774854518473148,0.05342571809887886,0.14652949571609497,0.12963168323040009,0.008608011528849602,0.020444145426154137,0.09650343656539917,0.030757561326026917,0.00855717621743679,0.05112123861908913,,,,,,,,,,,,,,,
unknown,療,38,39,57.13882,57.63882,0.99902344,,0.055140260607004166,0.054894063621759415,0.0427456796169281,0.12453992664813995,0.007431534118950367,0.04702285677194595,0.016769103705883026,0.04267151281237602,0.03514280915260315,0.015538575127720833,0.05011728033423424,0.052912984043359756,0.0769355520606041,0.07419323176145554,0.01854189671576023,0.06238946318626404,0.0694880411028862,0.06212104484438896,0.019641516730189323,0.012316565960645676,0.004889620468020439,0.017186585813760757,0.01375399436801672,0.0754406526684761,0.013041507452726364,0.01981562003493309,0.280744343996048,0.06361664831638336,0.008869252167642117,0.2263946235179901,0.004107181448489428,0.018577707931399345,0.005038374103605747,0.0020662632305175066,0.21206332743167877,0.11478309333324432,0.04702968895435333,0.025856181979179382,0.011509476229548454,0.04254257306456566,0.07295557856559753,0.03331097587943077,0.054086752235889435,0.005548666696995497,0.034910622984170914,0.1518147587776184,0.17302565276622772,0.008198581635951996,0.029239783063530922,0.15322671830654144,0.019140254706144333,0.016371024772524834,0.06265120953321457,,,,,,,,,,,,,,,
unknown,仮,40,41,62.56599,62.76552,0.75927734,,0.05044003576040268,0.04379905015230179,0.03346613422036171,0.10065329819917679,0.008863456547260284,0.050705235451459885,0.018626587465405464,0.03374088928103447,0.03247926011681557,0.01194855011999607,0.05755263566970825,0.05908817797899246,0.06247652694582939,0.08280773460865021,0.022773664444684982,0.05237903818488121,0.04786654934287071,0.07993973046541214,0.017668606713414192,0.014277089387178421,0.004941504914313555,0.017144188284873962,0.015802111476659775,0.03696341812610626,0.0113888680934906,0.02631097473204136,0.2690008282661438,0.04278109222650528,0.009084953926503658,0.17589013278484344,0.0046316091902554035,0.01881307177245617,0.005344620905816555,0.0019613353069871664,0.21981225907802582,0.0810721218585968,0.03549780696630478,0.019609570503234863,0.009588849730789661,0.04637452960014343,0.07772054523229599,0.027603700757026672,0.029291639104485512,0.005161702167242765,0.04149152711033821,0.12284129858016968,0.0753464475274086,0.008003637194633484,0.024175282567739487,0.11311061680316925,0.029652638360857964,0.012075847946107388,0.05851253122091293,,,,,,,,,,,,,,,
unknown,葬,42,43,62.76552,63.26552,0.49780273,,0.04428933560848236,0.03052106313407421,0.0315995030105114,0.07733922451734543,0.007463351357728243,0.04762570559978485,0.012470770627260208,0.025922995060682297,0.02983219362795353,0.014449643902480602,0.08584142476320267,0.051241904497146606,0.04977301508188248,0.0922650396823883,0.031510937958955765,0.048065174371004105,0.02022525854408741,0.055692654103040695,0.026391487568616867,0.026007400825619698,0.007714936044067144,0.014032961800694466,0.01695477031171322,0.014239482581615448,0.010384836234152317,0.04627333953976631,0.18186040222644806,0.028220053762197495,0.00707950908690691,0.08525735139846802,0.003393203252926469,0.015204772353172302,0.005765926092863083,0.0021061671432107687,0.21737100183963776,0.039652612060308456,0.02284165471792221,0.021724456921219826,0.008032203651964664,0.03355903550982475,0.0690830647945404,0.025774037465453148,0.013830072246491909,0.007977031171321869,0.051514603197574615,0.09261703491210938,0.036894507706165314,0.009577088057994843,0.02724972739815712,0.0684676393866539,0.06545387208461761,0.011823190376162529,0.04128722473978996,,,,,,,,,,,,,,,
unknown,怒,44,45,69.33186,69.491745,0.39379883,,0.03454595431685448,0.03640202432870865,0.029367603361606598,0.12921671569347382,0.036713071167469025,0.11920631676912308,0.012996332719922066,0.027454623952507973,0.0275223720818758,0.015334190800786018,0.061153583228588104,0.038897156715393066,0.08745637536048889,0.0677158385515213,0.044856179505586624,0.047256696969270706,0.05116015672683716,0.04969670996069908,0.03162822872400284,0.02896881103515625,0.010679234750568867,0.02118002064526081,0.011218505911529064,0.04057543724775314,0.01020277850329876,0.0226144939661026,0.19087578356266022,0.039170678704977036,0.012351682409644127,0.1284347027540207,0.0032333109993487597,0.012219454161822796,0.004786407575011253,0.002776458626613021,0.1822194904088974,0.07696846127510071,0.024854101240634918,0.021202484145760536,0.012668498791754246,0.03460846468806267,0.05349938943982124,0.019253794103860855,0.029184406623244286,0.0075083160772919655,0.05682673305273056,0.10235798358917236,0.0970960184931755,0.008227838203310966,0.030590111389756203,0.07072734832763672,0.02366577461361885,0.011736420914530754,0.04922860488295555,,,,,,,,,,,,,,,
unknown,る,46,47,69.491745,69.991745,0.99902344,,0.04151490330696106,0.03701121732592583,0.033514633774757385,0.1084519624710083,0.017309017479419708,0.08627944439649582,0.010893740691244602,0.02582821063697338,0.029480909928679466,0.019106516614556313,0.08401383459568024,0.050262778997421265,0.08948924392461777,0.08850207924842834,0.04250997677445412,0.04888605698943138,0.02830503135919571,0.05410342290997505,0.02905941568315029,0.033607564866542816,0.008606933057308197,0.014241928234696388,0.016367107629776,0.021971261128783226,0.00849092472344637,0.0232249703258276,0.19744235277175903,0.03646716848015785,0.009138471446931362,0.10714259743690491,0.002838634653016925,0.011098213493824005,0.004064956214278936,0.001889554550871253,0.2219569832086563,0.05852758511900902,0.024545909836888313,0.021857144311070442,0.007255841512233019,0.03540604189038277,0.05542080104351044,0.015018577687442303,0.020704111084342003,0.006732467096298933,0.05258581042289734,0.0895702913403511,0.05735859274864197,0.007539157290011644,0.0246747899800539,0.056336790323257446,0.0298354160040617,0.01200232096016407,0.041509296745061874,,,,,,,,,,,,,,,
unknown,黒,48,49,75.4873,75.9873,0.41235352,,0.036298785358667374,0.03580211102962494,0.03551170229911804,0.1499594897031784,0.01512070931494236,0.06806700676679611,0.013511606492102146,0.022180991247296333,0.04206816107034683,0.02005348913371563,0.060656897723674774,0.04757748544216156,0.08233676105737686,0.07438438385725021,0.03778969123959541,0.04915591701865196,0.04931413382291794,0.061918508261442184,0.026209933683276176,0.023833315819501877,0.009203903377056122,0.01625652424991131,0.016971299424767494,0.030039211735129356,0.015038884244859219,0.0181589275598526,0.23317816853523254,0.03912293538451195,0.009322778321802616,0.1422262340784073,0.0038644683081656694,0.012197384610772133,0.006207223515957594,0.0025132172740995884,0.21039775013923645,0.07587820291519165,0.025326307862997055,0.0246638935059309,0.008805947378277779,0.0426507368683815,0.05014567822217941,0.012818469665944576,0.02256276085972786,0.007155521307140589,0.06470717489719391,0.0972556620836258,0.06858407706022263,0.01047947071492672,0.023288611322641373,0.06144455447793007,0.020614098757505417,0.009840477257966995,0.04615200310945511,,,,,,,,,,,,,,,
unknown,原,50,51,83.212776,83.53228,0.99853516,,0.024217471480369568,0.03136651590466499,0.028282806277275085,0.14906874299049377,0.019432902336120605,0.07970992475748062,0.01553773321211338,0.014995777979493141,0.055510926991701126,0.02784309722483158,0.07016109675168991,0.05241595208644867,0.09585480391979218,0.0684557780623436,0.044577863067388535,0.04951757192611694,0.05835633724927902,0.06925085186958313,0.02207750454545021,0.02316369116306305,0.008954506367444992,0.016148056834936142,0.020023563876748085,0.025143982842564583,0.017341628670692444,0.011503946036100388,0.22162409126758575,0.036484960466623306,0.008117287419736385,0.13136251270771027,0.0045404937118291855,0.012813159264624119,0.007265483494848013,0.0023218479473143816,0.1977912187576294,0.07056993991136551,0.023889608681201935,0.023701796308159828,0.006654676981270313,0.039633672684431076,0.04455941542983055,0.009166847914457321,0.022265398874878883,0.005406745709478855,0.06930261105298996,0.08289458602666855,0.05789521336555481,0.010747083462774754,0.018326258286833763,0.046729810535907745,0.013235732913017273,0.00943604577332735,0.04075366258621216,,,,,,,,,,,,,,,
unknown,点,52,53,83.53228,84.03228,0.9897461,,0.026673883199691772,0.032708801329135895,0.03242874518036842,0.18319131433963776,0.01413042563945055,0.059219840914011,0.007057837210595608,0.017455002292990685,0.037350352853536606,0.02713160403072834,0.08227548003196716,0.04299448803067207,0.08244933187961578,0.06804513931274414,0.05363886058330536,0.058580487966537476,0.047437895089387894,0.047447945922613144,0.016434691846370697,0.027947822585701942,0.009720043279230595,0.007737529929727316,0.016835911199450493,0.028011934831738472,0.00955683458596468,0.007318131159991026,0.22741660475730896,0.03859994560480118,0.007826150394976139,0.13718098402023315,0.0025962269864976406,0.010488832369446754,0.0038719295989722013,0.0019038934260606766,0.2152850329875946,0.08556625247001648,0.023030783981084824,0.026462577283382416,0.0030048710759729147,0.03886118531227112,0.03816888853907585,0.007482558488845825,0.019194839522242546,0.0032080868259072304,0.08531158417463303,0.0925593301653862,0.05646653100848198,0.007256391458213329,0.016059312969446182,0.0488135851919651,0.010005258023738861,0.006673173047602177,0.04263642430305481,,,,,,,,,,,,,,,
unknown,聴,54,55,85.808716,86.308716,0.40454102,,0.012206293642520905,0.01601283997297287,0.02445690706372261,0.10056546330451965,0.008372095413506031,0.08102436363697052,0.018648304045200348,0.011970092542469501,0.04525599628686905,0.0757475271821022,0.14419759809970856,0.07420463860034943,0.11224482208490372,0.10477577149868011,0.029270518571138382,0.06579529494047165,0.04362967237830162,0.042418379336595535,0.025831958279013634,0.019350046291947365,0.0050298296846449375,0.01504929643124342,0.019702579826116562,0.015810659155249596,0.010715693235397339,0.008409105241298676,0.14679522812366486,0.032864250242710114,0.004757801070809364,0.10278055816888809,0.004118099808692932,0.008156857453286648,0.0059277634136378765,0.001400304608978331,0.22951306402683258,0.049243707209825516,0.010573545470833778,0.02422354370355606,0.004595867358148098,0.019711285829544067,0.05700592324137688,0.013148420490324497,0.010171175003051758,0.00611493457108736,0.03160110116004944,0.08156081289052963,0.028212852776050568,0.007670564576983452,0.01817651465535164,0.04121183976531029,0.009772920981049538,0.018525591120123863,0.022046897560358047,,,,,,,,,,,,,,,
unknown,ペ,56,57,93.295,93.41499,0.9848633,,0.011770520359277725,0.016458528116345406,0.020639877766370773,0.10334134846925735,0.02803030051290989,0.14688529074192047,0.017108259722590446,0.013919074088335037,0.03751716390252113,0.0778343454003334,0.09455067664384842,0.06201379746198654,0.08201158046722412,0.0770307183265686,0.05251613259315491,0.06924162060022354,0.029756654053926468,0.06594620645046234,0.038750410079956055,0.03567252308130264,0.01088938768953085,0.022127244621515274,0.015519795008003712,0.02373512089252472,0.011477289721369743,0.0052447631023824215,0.18959449231624603,0.030796436592936516,0.004858818370848894,0.1571315973997116,0.004811637569218874,0.009762732312083244,0.005635519977658987,0.0023937502410262823,0.11805824190378189,0.08115768432617188,0.01280752383172512,0.03267081454396248,0.007638842798769474,0.04188128933310509,0.05902477726340294,0.011950460262596607,0.009315836243331432,0.009857441298663616,0.05964859575033188,0.08569630980491638,0.01815837435424328,0.010100488550961018,0.023179396986961365,0.041523296386003494,0.004638307727873325,0.028852274641394615,0.048589643090963364,,,,,,,,,,,,,,,
unknown,ン,58,59,93.41499,93.575,0.98828125,,0.01651526428759098,0.01655915193259716,0.017470568418502808,0.11451025307178497,0.03795953840017319,0.21600580215454102,0.018547536805272102,0.012536446563899517,0.04046635702252388,0.08372362703084946,0.0640154629945755,0.0577673576772213,0.05646048113703728,0.05107542872428894,0.06799919158220291,0.06285221874713898,0.01893758401274681,0.08518248051404953,0.04018894582986832,0.03730378299951553,0.011731802485883236,0.01863088831305504,0.013789047487080097,0.020306451246142387,0.012508275918662548,0.005343701224774122,0.28045836091041565,0.020124487578868866,0.00752944266423583,0.2468620091676712,0.0032713545951992273,0.013357709161937237,0.004535287618637085,0.0014720665058121085,0.11668393015861511,0.10094132274389267,0.009963693097233772,0.015763400122523308,0.005431517492979765,0.06271528452634811,0.048994030803442,0.015885908156633377,0.006531681399792433,0.00690035242587328,0.07651166617870331,0.10038160532712936,0.013688256032764912,0.009202339686453342,0.02159748412668705,0.05121741443872452,0.005112629383802414,0.0277432631701231,0.0681237205862999,,,,,,,,,,,,,,,
unknown,キ,60,61,93.575,94.075,0.95654297,,0.017345085740089417,0.0251816026866436,0.021099789068102837,0.16810815036296844,0.009216095320880413,0.07816322147846222,0.0251302532851696,0.012910331599414349,0.05236901342868805,0.08942056447267532,0.07234951853752136,0.06347496062517166,0.07962927967309952,0.05111491307616234,0.026840994134545326,0.07104036211967468,0.030806466937065125,0.0630636140704155,0.018195897340774536,0.012089408934116364,0.0040239025838673115,0.015639524906873703,0.015008651651442051,0.028450172394514084,0.012512093409895897,0.005021572113037109,0.3421153724193573,0.02608211152255535,0.003579393494874239,0.345579594373703,0.004730332177132368,0.014688252471387386,0.003895765170454979,0.0013093049637973309,0.173221156001091,0.14566218852996826,0.01922203227877617,0.03140392526984215,0.004803115967661142,0.04915479198098183,0.03674294427037239,0.015483100898563862,0.00981344748288393,0.005807346198707819,0.04814084246754646,0.09703601151704788,0.015663469210267067,0.005968558136373758,0.015445368364453316,0.060003720223903656,0.005156081169843674,0.025428231805562973,0.050915829837322235,,,,,,,,,,,,,,,
unknown,注,62,63,100.975,101.174995,0.9897461,,0.01743689551949501,0.022194596007466316,0.02477789856493473,0.15043167769908905,0.010620814748108387,0.08235108107328415,0.016768740490078926,0.011734536848962307,0.046035073697566986,0.0947127640247345,0.08509638905525208,0.06774620711803436,0.09393266588449478,0.05504664406180382,0.03584377095103264,0.07064484059810638,0.03660236671566963,0.06230815500020981,0.01840442605316639,0.017588185146450996,0.005093384999781847,0.01136426255106926,0.016339795663952827,0.021149342879652977,0.007972552441060543,0.003580672200769186,0.3494401276111603,0.024842074140906334,0.003712927922606468,0.2998569905757904,0.0036979750730097294,0.013351347297430038,0.0025607426650822163,0.0012071062810719013,0.21583129465579987,0.118072509765625,0.013467974960803986,0.027380220592021942,0.0029982654377818108,0.03767647594213486,0.03169020265340805,0.010453423485159874,0.0066101811826229095,0.004274759441614151,0.053695905953645706,0.092158243060112,0.011736237443983555,0.004340050276368856,0.015219150111079216,0.0523870624601841,0.004144772887229919,0.015055660158395767,0.0426565520465374,,,,,,,,,,,,,,,
unknown,意,64,65,101.174995,101.335,0.99121094,,0.01918468251824379,0.01624528504908085,0.03137846663594246,0.1455717384815216,0.00922354031354189,0.08988498896360397,0.02648797258734703,0.012158115394413471,0.05245625600218773,0.09879638999700546,0.06382856518030167,0.07015977799892426,0.08964864909648895,0.049332283437252045,0.03317313268780708,0.108955018222332,0.020571740344166756,0.07583822309970856,0.03863351419568062,0.02122938260436058,0.007969951257109642,0.02282058261334896,0.017112305387854576,0.0351903922855854,0.017268769443035126,0.006269799545407295,0.31901219487190247,0.023625671863555908,0.0026428259443491697,0.27936017513275146,0.005498635116964579,0.018533729016780853,0.0067087276838719845,0.002143512712791562,0.10703522711992264,0.12546901404857635,0.010903275571763515,0.020724043250083923,0.009532103314995766,0.0732307881116867,0.046829067170619965,0.03064015507698059,0.003621096955612302,0.011533256620168686,0.05030176416039467,0.16584858298301697,0.008646815083920956,0.011027484200894833,0.02282167598605156,0.05151898413896561,0.005843551363795996,0.05247560515999794,0.09907615184783936,,,,,,,,,,,,,,,
unknown,す,66,67,101.335,101.454994,0.8955078,,0.015009472146630287,0.01357322558760643,0.02620062418282032,0.12484325468540192,0.009794349782168865,0.11752400547266006,0.035278983414173126,0.009253947995603085,0.05494595319032669,0.1420716941356659,0.06454888731241226,0.08370710909366608,0.08141394704580307,0.05137135833501816,0.03250880166888237,0.0822363868355751,0.025038352236151695,0.09308043867349625,0.05282770097255707,0.022086746990680695,0.006720636039972305,0.02768954262137413,0.019695807248353958,0.022868817672133446,0.016170773655176163,0.006384072359651327,0.31782281398773193,0.020228661596775055,0.0030674764420837164,0.2872171401977539,0.006479419767856598,0.0172779131680727,0.0074655041098594666,0.0018284240504726768,0.11825724691152573,0.0964471623301506,0.009284034371376038,0.018121303990483284,0.008869562298059464,0.04967687278985977,0.045547302812337875,0.023997753858566284,0.0033436797093600035,0.014800439588725567,0.05028455704450607,0.11929752677679062,0.007144937291741371,0.010766424238681793,0.022214308381080627,0.03754991665482521,0.006181031931191683,0.06017028167843819,0.06624892354011536,,,,,,,,,,,,,,,
unknown,る,68,69,101.454994,101.954994,0.82421875,,0.009456256404519081,0.009277326054871082,0.019372181966900826,0.13522332906723022,0.010812541469931602,0.14162728190422058,0.04271256923675537,0.006924178451299667,0.05100885033607483,0.148671954870224,0.061664462089538574,0.11119404435157776,0.081443190574646,0.05084727331995964,0.034766145050525665,0.05670856684446335,0.02727026306092739,0.12126284092664719,0.04030792787671089,0.022346070036292076,0.006042936816811562,0.029089922085404396,0.0208725705742836,0.01743891090154648,0.011057435534894466,0.00499936705455184,0.3456076979637146,0.017863690853118896,0.002535708947107196,0.31437376141548157,0.008526641875505447,0.012652434408664703,0.005139015149325132,0.0019072616705670953,0.13848848640918732,0.07376598566770554,0.006363639608025551,0.011106821708381176,0.006286710500717163,0.03264797851443291,0.03898970037698746,0.01688278838992119,0.0027335891500115395,0.009107115678489208,0.07241088896989822,0.08492610603570938,0.006029019597917795,0.006925974972546101,0.020381471142172813,0.03009103238582611,0.004976146388798952,0.0507202073931694,0.048892244696617126,,,,,,,,,,,,,,,
unknown,家,70,71,104.575,104.735,0.7583008,,0.010495448485016823,0.00863929558545351,0.017799261957406998,0.10879712551832199,0.009104987606406212,0.14495216310024261,0.02353554777801037,0.007209436967968941,0.0358576700091362,0.21573671698570251,0.10131918638944626,0.09862984716892242,0.06465326994657516,0.05456089600920677,0.03398184850811958,0.07849373668432236,0.03443441167473793,0.09629117697477341,0.059858664870262146,0.023021530359983444,0.00577304232865572,0.0192997008562088,0.01665843464434147,0.01317371241748333,0.007781605236232281,0.004523103591054678,0.29575222730636597,0.015054636634886265,0.0032848711125552654,0.2517004609107971,0.004189023282378912,0.01391378790140152,0.004882006905972958,0.001113156438805163,0.16315680742263794,0.06627047806978226,0.00518416240811348,0.012977340258657932,0.004750659689307213,0.025026077404618263,0.044364575296640396,0.022639427334070206,0.002126800362020731,0.010854915715754032,0.05416860431432724,0.1070776954293251,0.00524255633354187,0.006382818799465895,0.022898264229297638,0.036456041038036346,0.005433417856693268,0.05245552584528923,0.0435025617480278,,,,,,,,,,,,,,,
unknown,族,72,73,104.735,105.235,0.5942383,,0.011953002773225307,0.011774762533605099,0.023999329656362534,0.1120150238275528,0.005393105559051037,0.08389902114868164,0.020125407725572586,0.0072071184404194355,0.03213771432638168,0.14667756855487823,0.11545878648757935,0.0813601016998291,0.053461287170648575,0.04760127514600754,0.027141593396663666,0.14820408821105957,0.033327504992485046,0.08029251545667648,0.033228497952222824,0.013312035240232944,0.0040705278515815735,0.015894684940576553,0.010426783934235573,0.022565649822354317,0.007499795872718096,0.004238573834300041,0.30074629187583923,0.016055671498179436,0.002137244213372469,0.2514781355857849,0.003421852830797434,0.021481327712535858,0.004825175739824772,0.0009436043910682201,0.12555833160877228,0.1073603555560112,0.008648755960166454,0.020606495440006256,0.006087824702262878,0.05326806381344795,0.03554581478238106,0.035732124000787735,0.0022290621418505907,0.00984910037368536,0.03445722535252571,0.19292429089546204,0.005076244473457336,0.005881571210920811,0.012466972693800926,0.030701717361807823,0.004558573476970196,0.05057935416698456,0.07291920483112335,,,,,,,,,,,,,,,
unknown,青,74,75,109.91,110.19,0.99609375,,0.017114678397774696,0.015188951976597309,0.02913716807961464,0.10215941071510315,0.004876756574958563,0.07737136632204056,0.017883729189634323,0.009495686739683151,0.04052726924419403,0.11615057289600372,0.09187882393598557,0.07314371317625046,0.08618409186601639,0.05125974863767624,0.026914341375231743,0.09765216708183289,0.027520034462213516,0.0775037407875061,0.04612122103571892,0.017884058877825737,0.00442705349996686,0.013499220833182335,0.01670794188976288,0.016397671774029732,0.009901829995214939,0.003445699345320463,0.3140348494052887,0.018867915496230125,0.0029711462557315826,0.25457924604415894,0.0034581751096993685,0.01804596185684204,0.006410529371351004,0.0009633096633478999,0.1456502228975296,0.0857941210269928,0.007501917891204357,0.01699930429458618,0.0030321157537400723,0.05458768084645271,0.036086708307266235,0.01994873769581318,0.002009748015552759,0.011839830316603184,0.04053513705730438,0.13315823674201965,0.0047194804064929485,0.0085550956428051,0.017547888681292534,0.033556412905454636,0.004694061819463968,0.025591984391212463,0.05949186533689499,,,,,,,,,,,,,,,
unknown,い,76,77,110.19,110.69,0.97802734,,0.00882311537861824,0.009673367254436016,0.02632848545908928,0.08919764310121536,0.005785729736089706,0.0939088985323906,0.03547278046607971,0.007006516680121422,0.05790616571903229,0.12168021500110626,0.0805034190416336,0.06063918396830559,0.10480041056871414,0.05564608797430992,0.024493791162967682,0.06285688281059265,0.03663017973303795,0.059916310012340546,0.05527528375387192,0.01971609890460968,0.0056306240148842335,0.026167839765548706,0.01961202546954155,0.015345104038715363,0.012752020731568336,0.004586357157677412,0.22237436473369598,0.018135223537683487,0.003382251365110278,0.2209068238735199,0.006749463267624378,0.009891211055219173,0.007861063815653324,0.0016895546577870846,0.11842897534370422,0.05539950355887413,0.005196246784180403,0.013854503631591797,0.005150387529283762,0.03368042781949043,0.03671754524111748,0.019113510847091675,0.0025983054656535387,0.019930951297283173,0.043375253677368164,0.08408113569021225,0.008154633454978466,0.011070546694099903,0.02132897451519966,0.02442953921854496,0.00516006862744689,0.03248749300837517,0.03665383905172348,,,,,,,,,,,,,,,
unknown,塗,78,79,118.03,118.15,0.9863281,,0.00700886407867074,0.006193856243044138,0.032962389290332794,0.05888454243540764,0.008662180975079536,0.12660183012485504,0.025322742760181427,0.00687033636495471,0.030021239072084427,0.11728313565254211,0.10842166095972061,0.06344719976186752,0.10507190227508545,0.08121944963932037,0.030595893040299416,0.05351266637444496,0.03706818446516991,0.04335787147283554,0.0800694152712822,0.0320405475795269,0.00983218289911747,0.02974165789783001,0.018588215112686157,0.008484607562422752,0.007531551644206047,0.005030661355704069,0.12536025047302246,0.016551394015550613,0.004118822049349546,0.09746472537517548,0.00545996380969882,0.004905192647129297,0.006029460579156876,0.0020721470937132835,0.1267188936471939,0.02762914076447487,0.0030451801139861345,0.013887186534702778,0.0068014017306268215,0.023398447781801224,0.043029412627220154,0.011334951967000961,0.0015768763842061162,0.02681702934205532,0.044704798609018326,0.06566279381513596,0.005552767775952816,0.010456375777721405,0.024995291605591774,0.01730228029191494,0.005293163470923901,0.03582567721605301,0.022773968055844307,,,,,,,,,,,,,,,
unknown,り,80,81,118.15,118.270004,0.8276367,,0.013461354188621044,0.010385226458311081,0.053300295025110245,0.06754062324762344,0.016559498384594917,0.14269420504570007,0.01494637131690979,0.01564369909465313,0.018135322257876396,0.06235770508646965,0.05255218595266342,0.03491184860467911,0.0799327865242958,0.04933960363268852,0.032631903886795044,0.04992853105068207,0.04533044248819351,0.02957584150135517,0.09239284694194794,0.03766641393303871,0.016882548108696938,0.030682163313031197,0.00944899208843708,0.021010510623455048,0.0063208104111254215,0.004418463446199894,0.1759791374206543,0.022574856877326965,0.006585981231182814,0.15519466996192932,0.003973466344177723,0.00610342575237155,0.004107182379812002,0.0033794131595641375,0.1089165210723877,0.0505816675722599,0.0034094981383532286,0.012176747433841228,0.009067223407328129,0.027588892728090286,0.03638124838471413,0.010159390047192574,0.0016585426637902856,0.024003760889172554,0.040944233536720276,0.08316941559314728,0.007456459570676088,0.009094415232539177,0.04017138108611107,0.036031998693943024,0.003945062402635813,0.02214217558503151,0.03174365311861038,,,,,,,,,,,,,,,
unknown,絵,82,83,118.270004,118.770004,0.6328125,,0.020348073914647102,0.013566208072006702,0.08610250800848007,0.07676110416650772,0.01140332780778408,0.14132338762283325,0.01328346412628889,0.018828824162483215,0.024256030097603798,0.08460284769535065,0.052013471722602844,0.03183319419622421,0.06704498082399368,0.05582371726632118,0.032249607145786285,0.04585990682244301,0.04931163042783737,0.023217733949422836,0.1034882441163063,0.04204455390572548,0.015046986751258373,0.021711744368076324,0.01113639771938324,0.014922508038580418,0.008543834090232849,0.003286370076239109,0.18684223294258118,0.026349976658821106,0.012165411375463009,0.16161175072193146,0.0033226748928427696,0.006148338317871094,0.0035018541384488344,0.0024071880616247654,0.12855292856693268,0.05359171703457832,0.0030765561386942863,0.013987338170409203,0.005021923687309027,0.026207875460386276,0.05024539679288864,0.007503192871809006,0.0018765823915600777,0.02216775342822075,0.05129692703485489,0.07807642966508865,0.007543988525867462,0.009821793995797634,0.03772956505417824,0.04451102390885353,0.003173636505380273,0.011909169144928455,0.023526430130004883,,,,,,,,,,,,,,,
unknown,悲,84,85,123.044205,123.204094,0.98828125,,0.01550993137061596,0.010389694944024086,0.06358098983764648,0.06378637254238129,0.010155725292861462,0.12451937794685364,0.016090307384729385,0.012778693810105324,0.020323237404227257,0.09366589039564133,0.059738319367170334,0.016558973118662834,0.044154707342386246,0.05207335948944092,0.025524349883198738,0.0706653967499733,0.02385835535824299,0.01793806627392769,0.16991505026817322,0.031099814921617508,0.009823508560657501,0.0371524915099144,0.008745281957089901,0.012887969613075256,0.009327469393610954,0.007075348868966103,0.14215485751628876,0.015357596799731255,0.007119857706129551,0.11926325410604477,0.0030564251355826855,0.01049288921058178,0.004884147085249424,0.0019280466949567199,0.06784707307815552,0.06296784430742264,0.0038297479040920734,0.024917032569646835,0.013065684586763382,0.031913045793771744,0.050288908183574677,0.01955251395702362,0.0015326493885368109,0.12455666065216064,0.05624377727508545,0.08721199631690979,0.0031100416090339422,0.01240808516740799,0.03829995542764664,0.031169403344392776,0.006034180987626314,0.02832593396306038,0.02957819029688835,,,,,,,,,,,,,,,
unknown,し,86,87,123.204094,123.363976,0.9995117,,0.01208206545561552,0.008806259371340275,0.049761492758989334,0.06951751559972763,0.016718018800020218,0.18313930928707123,0.0170147605240345,0.00895671360194683,0.023330477997660637,0.09374666213989258,0.04490426927804947,0.014027711004018784,0.04175657033920288,0.046968549489974976,0.035350117832422256,0.04927549511194229,0.01960819587111473,0.018966151401400566,0.19466803967952728,0.043488919734954834,0.012765987776219845,0.03883826732635498,0.009590325877070427,0.009145946241915226,0.010232781991362572,0.007094200234860182,0.12769967317581177,0.011658268049359322,0.008730435743927956,0.11476917564868927,0.0029128012247383595,0.008261711336672306,0.004848382901400328,0.0018767728470265865,0.0628402903676033,0.05305943265557289,0.0035662155132740736,0.018832290545105934,0.011605083011090755,0.02814977802336216,0.046757981181144714,0.014399806037545204,0.0016955984756350517,0.132296621799469,0.08187895268201828,0.06378524750471115,0.0033461584243923426,0.013124682009220123,0.03939557075500488,0.022975414991378784,0.006044110748916864,0.02294648438692093,0.023352913558483124,,,,,,,,,,,,,,,
unknown,み,88,89,123.363976,123.863976,0.9916992,,0.009180622175335884,0.00855546910315752,0.042832452803850174,0.07177464663982391,0.015912076458334923,0.18559657037258148,0.01924928091466427,0.007246394641697407,0.025955481454730034,0.09388332068920135,0.04427637904882431,0.01400261465460062,0.029027091339230537,0.028741832822561264,0.032397300004959106,0.057775210589170456,0.017809754237532616,0.023693872615695,0.12379391491413116,0.031159130856394768,0.01142793893814087,0.03907594457268715,0.006245025899261236,0.01218041405081749,0.011504718102514744,0.006292081903666258,0.1481250524520874,0.010197660885751247,0.006098697427660227,0.13441461324691772,0.0026387483812868595,0.010889912955462933,0.00562643725425005,0.0015496279811486602,0.0428008995950222,0.06754505634307861,0.004298245534300804,0.01243855245411396,0.01093591470271349,0.03519835323095322,0.03576488420367241,0.020858706906437874,0.0017497020307928324,0.08558810502290726,0.07776054739952087,0.07438366115093231,0.00370007730089128,0.0125423027202487,0.026423299685120583,0.020579727366566658,0.005474654026329517,0.037703730165958405,0.030655324459075928,,,,,,,,,,,,,,,
unknown,部,90,91,127.60102,127.72093,0.9003906,,0.019211532548069954,0.015377392992377281,0.04393796622753143,0.07821661978960037,0.03729203715920448,0.24156859517097473,0.015076934359967709,0.014409326948225498,0.025650812312960625,0.0647016242146492,0.02474260702729225,0.011026546359062195,0.04097716510295868,0.027278510853648186,0.041766103357076645,0.03722815960645676,0.021413130685687065,0.02182534523308277,0.1435210406780243,0.04572179913520813,0.01690368726849556,0.03900972753763199,0.007074566558003426,0.013314739800989628,0.013909651897847652,0.0057718753814697266,0.16050632297992706,0.014158685691654682,0.013337109237909317,0.147921621799469,0.002620166400447488,0.008453233167529106,0.0043814037926495075,0.002267309231683612,0.053626541048288345,0.07156065851449966,0.004791712388396263,0.014207972213625908,0.01056439895182848,0.04131177067756653,0.042353760451078415,0.010750001296401024,0.0022958761546760798,0.07995425909757614,0.07474339008331299,0.06042945384979248,0.005016572307795286,0.013421701267361641,0.04529885575175285,0.03810316324234009,0.0049506258219480515,0.013472875580191612,0.029214700683951378,,,,,,,,,,,,,,,
unknown,ア,92,93,127.72093,128.22093,0.50683594,,0.016786636784672737,0.01472732238471508,0.03849351406097412,0.08941525965929031,0.020065639168024063,0.18027175962924957,0.017070703208446503,0.011059768497943878,0.03438179939985275,0.10445111989974976,0.03662128001451492,0.013431313447654247,0.0404324047267437,0.027536800131201744,0.03628825396299362,0.06587429344654083,0.0184344295412302,0.024159975349903107,0.13455261290073395,0.03388083353638649,0.011351849883794785,0.03297139331698418,0.007779934909194708,0.016761302947998047,0.0157966036349535,0.004982741083949804,0.17765696346759796,0.013664253056049347,0.007588846608996391,0.1821187138557434,0.0028848748188465834,0.013437374494969845,0.00547611340880394,0.001747880014590919,0.04947328940033913,0.09872844815254211,0.005826414562761784,0.016742395237088203,0.010355528444051743,0.05369868129491806,0.04101106896996498,0.019657237455248833,0.002331780269742012,0.08380444347858429,0.07043299078941345,0.09020712226629257,0.004396841395646334,0.014123139902949333,0.036009449511766434,0.03499215096235275,0.004407302942126989,0.019145602360367775,0.04244349151849747,,,,,,,,,,,,,,,
unknown,辛,94,95,134.11647,134.39627,0.9863281,,0.011755760759115219,0.008661998435854912,0.020277205854654312,0.057639770209789276,0.04781993106007576,0.33182036876678467,0.018177200108766556,0.008571675047278404,0.023547472432255745,0.15953630208969116,0.03179757669568062,0.013960804790258408,0.041655369102954865,0.031745199114084244,0.0565921850502491,0.04812656715512276,0.022661473602056503,0.025970296934247017,0.24969245493412018,0.05699102580547333,0.01867658458650112,0.04445338621735573,0.009901545941829681,0.011983092874288559,0.01122643705457449,0.0055523402988910675,0.1196933165192604,0.010562404058873653,0.011485220864415169,0.12307813763618469,0.0027669521514326334,0.011221535503864288,0.005578834097832441,0.0017193021485581994,0.03845859691500664,0.06150272116065025,0.003658928209915757,0.012077846564352512,0.015069461427628994,0.025247901678085327,0.04360463470220566,0.021910952404141426,0.0019682568963617086,0.0995243564248085,0.07568631321191788,0.06268639117479324,0.004030083306133747,0.014726830646395683,0.04477745667099953,0.02570849098265171,0.004854640457779169,0.04038546234369278,0.03209167346358299,,,,,,,,,,,,,,,
unknown,い,96,97,134.39627,134.89627,0.84033203,,0.013454467058181763,0.014160399325191975,0.038258835673332214,0.049379244446754456,0.012666868977248669,0.18842829763889313,0.018177522346377373,0.008661098778247833,0.027528518810868263,0.26397383213043213,0.06509504467248917,0.01890033297240734,0.04296764358878136,0.04047369211912155,0.02515527233481407,0.08103068917989731,0.04623926430940628,0.022719096392393112,0.2242504507303238,0.023339523002505302,0.007037149742245674,0.03726208955049515,0.009122162126004696,0.011752110905945301,0.012039975263178349,0.005027816165238619,0.10187479853630066,0.015440696850419044,0.008760213851928711,0.09722103178501129,0.0024229323025792837,0.014903259463608265,0.007617942523211241,0.0010224998695775867,0.04341176152229309,0.0723901093006134,0.008273597806692123,0.03889104351401329,0.01748070865869522,0.02698477730154991,0.05035576596856117,0.023682881146669388,0.0035188542678952217,0.13982388377189636,0.03249382972717285,0.08340973407030106,0.004804142285138369,0.015110624022781849,0.02940388396382332,0.022469352930784225,0.0042360746301710606,0.046366214752197266,0.026560164988040924,,,,,,,,,,,,,,,
unknown,大,98,99,143.01,143.25,0.9975586,,0.01497016754001379,0.013570609502494335,0.036163125187158585,0.05899065360426903,0.0166467372328043,0.19779112935066223,0.01747363992035389,0.010143191553652287,0.021221261471509933,0.2340717762708664,0.05468619987368584,0.02214593067765236,0.04700668901205063,0.03987836837768555,0.03194287046790123,0.08694551885128021,0.03327105939388275,0.02839934080839157,0.21074047684669495,0.02759518288075924,0.00791395828127861,0.035827890038490295,0.009141852147877216,0.017352981492877007,0.008740158751606941,0.003912958782166243,0.14166484773159027,0.01660737581551075,0.006701292470097542,0.1467616707086563,0.0027650126721709967,0.01788683980703354,0.004946088418364525,0.0012259038630872965,0.04326422140002251,0.0938330665230751,0.006932930555194616,0.032081447541713715,0.01471747923642397,0.03268204256892204,0.04174886643886566,0.026185009628534317,0.0025750896893441677,0.10902176797389984,0.045733287930488586,0.09455034881830215,0.003612077096477151,0.011296083219349384,0.02887631766498089,0.023152127861976624,0.003181090112775564,0.04964311048388481,0.04100509360432625,,,,,,,,,,,,,,,
unknown,き,100,101,143.25,143.40999,0.99853516,,0.018142566084861755,0.015495304018259048,0.03405671939253807,0.0644303485751152,0.027781134471297264,0.24997353553771973,0.013147110119462013,0.011823593638837337,0.021684851497411728,0.15013137459754944,0.03770362213253975,0.01424628496170044,0.07490649819374084,0.03938979282975197,0.04249868541955948,0.049179088324308395,0.023564497008919716,0.017334003001451492,0.26902174949645996,0.05674917995929718,0.013103530742228031,0.03538331016898155,0.010188273154199123,0.012677906081080437,0.007918021641671658,0.0045306202955543995,0.12306293845176697,0.015373694710433483,0.008425567299127579,0.12526360154151917,0.0025286017917096615,0.010122507810592651,0.003961792215704918,0.001756001845933497,0.051671069115400314,0.06955458968877792,0.005997281521558762,0.027199186384677887,0.011329760774970055,0.024962197989225388,0.0382964126765728,0.013271930627524853,0.0024073170498013496,0.12763039767742157,0.0609312504529953,0.05909905955195427,0.004119965713471174,0.011228470131754875,0.048443421721458435,0.023544076830148697,0.004106898792088032,0.02125679887831211,0.02487560175359249,,,,,,,,,,,,,,,
unknown,な,102,103,143.40999,143.61,0.9902344,,0.032767266035079956,0.028953444212675095,0.06644022464752197,0.08433609455823898,0.006685863249003887,0.07462663948535919,0.009157377295196056,0.02131047286093235,0.018471162766218185,0.13197824358940125,0.06893289089202881,0.020363155752420425,0.05349762365221977,0.0513736717402935,0.025414099916815758,0.1518765240907669,0.03110230714082718,0.022846361622214317,0.09864510595798492,0.0170238446444273,0.004518027417361736,0.014871599152684212,0.0075675989501178265,0.037389375269412994,0.0059865908697247505,0.0030927564948797226,0.2337072342634201,0.028935862705111504,0.005907431710511446,0.25088566541671753,0.0017407124396413565,0.029042424634099007,0.0028777795378118753,0.0009139263420365751,0.07997128367424011,0.1989922672510147,0.011385297402739525,0.04901709035038948,0.00652035279199481,0.059244971722364426,0.03996066749095917,0.027303071692585945,0.003870094195008278,0.06573664397001266,0.03496486693620682,0.16841557621955872,0.005156299099326134,0.006887538358569145,0.020613977685570717,0.044152408838272095,0.0027069151401519775,0.019075799733400345,0.06375350058078766,,,,,,,,,,,,,,,
unknown,家,104,105,143.61,144.11,0.99121094,,0.009868611581623554,0.011296681128442287,0.045461032539606094,0.048680856823921204,0.00636655930429697,0.1110270693898201,0.020240435376763344,0.007942388765513897,0.02263251692056656,0.361153781414032,0.11026225239038467,0.0330171100795269,0.030757838860154152,0.049542829394340515,0.02586306817829609,0.12602363526821136,0.04655371606349945,0.03127991780638695,0.10328592360019684,0.01605638861656189,0.005697121378034353,0.025463644415140152,0.008327502757310867,0.016501476988196373,0.006902441382408142,0.0029100936371833086,0.14145411550998688,0.019020363688468933,0.005215123761445284,0.1484735608100891,0.0029779719188809395,0.01587655395269394,0.004710698034614325,0.0009233577293343842,0.05485042184591293,0.08854116499423981,0.006649221759289503,0.03053385019302368,0.008783428929746151,0.027977215126156807,0.04036451131105423,0.026096386834979057,0.0030349718872457743,0.06444483250379562,0.0312701016664505,0.10718262940645218,0.004729004111140966,0.009473626501858234,0.0138099892064929,0.01748080737888813,0.0024556077551096678,0.07467902451753616,0.03171730041503906,,,,,,,,,,,,,,,
unknown,勉,106,107,149.01,149.29,0.9868164,,0.009057474322617054,0.010262823663651943,0.04510629177093506,0.04742107540369034,0.009895027615129948,0.16311317682266235,0.023640649393200874,0.007903290912508965,0.026684595271945,0.2406775951385498,0.06814400851726532,0.04887379705905914,0.05342962592840195,0.05231642350554466,0.02571963705122471,0.06841613352298737,0.059545453637838364,0.04774335026741028,0.10979709029197693,0.022086746990680695,0.007889258675277233,0.028015542775392532,0.011331820860505104,0.013329298235476017,0.0092302355915308,0.0029019578360021114,0.15973308682441711,0.01890713721513748,0.005982812959700823,0.16815824806690216,0.003159217070788145,0.010484141297638416,0.006772535853087902,0.0011884974082931876,0.08115750551223755,0.059195853769779205,0.004874254111200571,0.025105508044362068,0.005937654059380293,0.026260022073984146,0.04668978601694107,0.018332693725824356,0.0026274225674569607,0.043755657970905304,0.024346845224499702,0.08384035527706146,0.0060220640152692795,0.010958031751215458,0.022887201979756355,0.025687575340270996,0.0025524620432406664,0.032715149223804474,0.02810998447239399,,,,,,,,,,,,,,,
unknown,強,108,109,149.29,149.79,0.82177734,,0.013254738412797451,0.015717580914497375,0.06819327175617218,0.053666308522224426,0.004656471312046051,0.0799897164106369,0.0194611307233572,0.013155501335859299,0.023164445534348488,0.16443970799446106,0.10484354197978973,0.03902266174554825,0.052334435284137726,0.06728725135326385,0.01695466786623001,0.11236537992954254,0.06459427624940872,0.033399663865566254,0.09757431596517563,0.014037655666470528,0.005586561281234026,0.024976613000035286,0.009997951798141003,0.0232870914041996,0.008419586345553398,0.0037156010512262583,0.15472054481506348,0.028813635930418968,0.005161674227565527,0.16368459165096283,0.0032707012724131346,0.0128294937312603,0.006816953420639038,0.0012910440564155579,0.09475127607584,0.08740353584289551,0.009146223776042461,0.045443516224622726,0.007693368475884199,0.02967730723321438,0.052009422332048416,0.024825595319271088,0.005099918693304062,0.059531912207603455,0.017809275537729263,0.12360626459121704,0.010807138867676258,0.011175556108355522,0.022837143391370773,0.033410947769880295,0.0030274330638349056,0.04034673795104027,0.031424395740032196,,,,,,,,,,,,,,,
unknown,キ,110,111,151.37,151.87,0.6035156,,0.013785420916974545,0.018069343641400337,0.05373941361904144,0.05438464134931564,0.007309621665626764,0.11318805068731308,0.030987046658992767,0.009114761836826801,0.03788171708583832,0.23355057835578918,0.039810266345739365,0.02653128281235695,0.05063612014055252,0.047965701669454575,0.018797289580106735,0.050557367503643036,0.0799328088760376,0.040207330137491226,0.12419536709785461,0.016447510570287704,0.005297440569847822,0.036287035793066025,0.013445097953081131,0.012331013567745686,0.012471077032387257,0.004846276715397835,0.20537173748016357,0.0197503250092268,0.009501204825937748,0.2137848436832428,0.004213827662169933,0.010542495176196098,0.008965163491666317,0.0012171091511845589,0.0839361846446991,0.07198411226272583,0.008495792746543884,0.038409821689128876,0.008795185945928097,0.028806421905755997,0.04036502167582512,0.010166412219405174,0.003511669347062707,0.10935270041227341,0.03029664233326912,0.057138003408908844,0.005125015042722225,0.013845084235072136,0.022410977631807327,0.02172726020216942,0.004168775863945484,0.021402651444077492,0.020328259095549583,,,,,,,,,,,,,,,
unknown,唇,112,113,159.25386,159.41362,0.94970703,,0.010508052073419094,0.0114584444090724,0.027990160509943962,0.08570294827222824,0.017789075151085854,0.1361289918422699,0.044098369777202606,0.007542835548520088,0.05887266620993614,0.10798261314630508,0.020691435784101486,0.022635838016867638,0.08993662893772125,0.04896565526723862,0.024833375588059425,0.03011981025338173,0.09592316299676895,0.04796838387846947,0.0996287539601326,0.0248563215136528,0.00993820559233427,0.05255487933754921,0.020934417843818665,0.021944785490632057,0.01708536595106125,0.005786974914371967,0.1970594823360443,0.020196111872792244,0.010805177502334118,0.2413405478000641,0.008549985475838184,0.00449868431314826,0.007116259541362524,0.002617105608806014,0.10735607147216797,0.05491846054792404,0.005668033845722675,0.014685400761663914,0.012269178405404091,0.02306121028959751,0.03963029012084007,0.010363567620515823,0.007513226941227913,0.06734868884086609,0.04330998286604881,0.05352812632918358,0.03492005169391632,0.01431914884597063,0.035055696964263916,0.0307490024715662,0.003966137766838074,0.013961303047835827,0.021798426285386086,,,,,,,,,,,,,,,
unknown,見,114,115,159.41362,159.53342,0.54248047,,0.014249146915972233,0.017865337431430817,0.046981081366539,0.0876590758562088,0.010382886044681072,0.10854931175708771,0.023981807753443718,0.011525102891027927,0.043637264519929886,0.16490450501441956,0.03319111838936806,0.021139273419976234,0.07246138155460358,0.05434802919626236,0.021826043725013733,0.034713149070739746,0.06305591762065887,0.033742938190698624,0.10190961509943008,0.023117519915103912,0.0072258454747498035,0.03667513281106949,0.014613693580031395,0.01939685270190239,0.01240934245288372,0.007474515587091446,0.18446551263332367,0.026490874588489532,0.01236805785447359,0.19442026317119598,0.004327218513935804,0.004968720953911543,0.006117728538811207,0.0017595094395801425,0.1040140837430954,0.06663195788860321,0.009539318270981312,0.027516616508364677,0.010856838896870613,0.022922949865460396,0.03684582933783531,0.007307699881494045,0.0093315988779068,0.10053572803735733,0.053563278168439865,0.042108576744794846,0.022857801988720894,0.013045679777860641,0.02756432071328163,0.023480644449591637,0.005819435231387615,0.028363090008497238,0.01738697849214077,,,,,,,,,,,,,,,
unknown,る,116,117,159.53342,160.03342,0.56591797,,0.02143695391714573,0.031086385250091553,0.06241747364401817,0.11720438301563263,0.006287309806793928,0.06649826467037201,0.01799982413649559,0.016100788488984108,0.04854279384016991,0.1367960274219513,0.027606040239334106,0.017506379634141922,0.08628373593091965,0.05635106936097145,0.01697750762104988,0.030520901083946228,0.08569978922605515,0.027828456833958626,0.07421504706144333,0.018192680552601814,0.004952113144099712,0.02427012287080288,0.01605776697397232,0.026618799194693565,0.010978294536471367,0.006354560609906912,0.23667387664318085,0.0397871695458889,0.014558660797774792,0.26084262132644653,0.00405253516510129,0.004299294203519821,0.004334655124694109,0.001575362286530435,0.1529860496520996,0.0876341238617897,0.01541023887693882,0.03360431641340256,0.007355863228440285,0.02137521654367447,0.028866510838270187,0.004240962211042643,0.01734253391623497,0.07368198782205582,0.05184070020914078,0.038429658859968185,0.042625341564416885,0.009904599748551846,0.02474096789956093,0.028890248388051987,0.005139342974871397,0.013324754312634468,0.014203784056007862,,,,,,,,,,,,,,,
unknown,食,118,119,167.29512,167.61449,0.9995117,,0.012453301809728146,0.018908903002738953,0.04278229549527168,0.08868992328643799,0.00787784531712532,0.08952651172876358,0.025318117812275887,0.011865155771374702,0.06301455944776535,0.15314523875713348,0.029134847223758698,0.016674403101205826,0.12741440534591675,0.05552229285240173,0.016733337193727493,0.023191815242171288,0.07965672761201859,0.020967576652765274,0.10321206599473953,0.021682841703295708,0.006024034693837166,0.038617029786109924,0.019876498728990555,0.014268183149397373,0.015812484547495842,0.007106853183358908,0.13602469861507416,0.029249519109725952,0.012284144759178162,0.1432921588420868,0.005405984818935394,0.0034085314255207777,0.007740471512079239,0.0021106491331011057,0.11549276113510132,0.04651520401239395,0.009798543527722359,0.030474964529275894,0.010364840738475323,0.015967147424817085,0.032246217131614685,0.003644536016508937,0.008989011868834496,0.10788377374410629,0.050068460404872894,0.025709429755806923,0.021644432097673416,0.01511397771537304,0.036096397787332535,0.022125042974948883,0.005858888383954763,0.01715976931154728,0.009329162538051605,,,,,,,,,,,,,,,
unknown,事,120,121,167.61449,168.11449,0.9946289,,0.010423348285257816,0.013956896960735321,0.03540719300508499,0.07489042729139328,0.010248400270938873,0.12109546363353729,0.02542560175061226,0.009600216522812843,0.06381472945213318,0.19478380680084229,0.040211793035268784,0.02147890441119671,0.13873979449272156,0.05253628268837929,0.021848324686288834,0.027554497122764587,0.05269977077841759,0.022308658808469772,0.11890188604593277,0.02958664298057556,0.008287042379379272,0.03953910246491432,0.020533926784992218,0.010741062462329865,0.016359349712729454,0.006842658855021,0.10991507023572922,0.023409228771924973,0.008670386858284473,0.10693327337503433,0.004975665360689163,0.004119973164051771,0.008901173248887062,0.0021123464684933424,0.09929661452770233,0.03872280567884445,0.00710241449996829,0.020073188468813896,0.009569773450493813,0.01504957303404808,0.03565286099910736,0.005027338862419128,0.005466504488140345,0.09240398555994034,0.04975607991218567,0.02887876331806183,0.013126110658049583,0.016535745933651924,0.03957651928067207,0.020442036911845207,0.006248178891837597,0.021505817770957947,0.010045903734862804,,,,,,,,,,,,,,,
unknown,治,122,123,172.32497,172.56448,0.9482422,,0.010970508679747581,0.013506795279681683,0.041405510157346725,0.07508299499750137,0.007519180420786142,0.10477139800786972,0.02070774883031845,0.010563400574028492,0.0541505292057991,0.21375752985477448,0.041226863861083984,0.028486080467700958,0.10972096771001816,0.05785437673330307,0.01808815263211727,0.026130273938179016,0.07578510791063309,0.029857371002435684,0.09908020496368408,0.023415496572852135,0.006000625900924206,0.027905909344553947,0.017584379762411118,0.012330878525972366,0.013774259015917778,0.004998509772121906,0.15729600191116333,0.027953404933214188,0.01082505565136671,0.14935287833213806,0.003693098435178399,0.0037163894157856703,0.008655320852994919,0.00144749297760427,0.13202381134033203,0.04155897721648216,0.005501366686075926,0.018610727041959763,0.00519228121265769,0.013286950066685677,0.03875311464071274,0.004317692015320063,0.005140483845025301,0.057831402868032455,0.04100853204727173,0.030892228707671165,0.015334359370172024,0.014471033588051796,0.030694909393787384,0.023398641496896744,0.004759078845381737,0.019146021455526352,0.010347926989197731,,,,,,,,,,,,,,,
unknown,ら,124,125,172.56448,172.72415,0.99560547,,0.008671792224049568,0.011514007113873959,0.029295682907104492,0.07364998012781143,0.008973992429673672,0.129884734749794,0.02687806822359562,0.011052885092794895,0.04795553535223007,0.19369272887706757,0.04207253456115723,0.05034644529223442,0.14339566230773926,0.07852119952440262,0.01821305602788925,0.026863420382142067,0.06949742138385773,0.047823239117860794,0.09411298483610153,0.01976335048675537,0.005929078906774521,0.03382601588964462,0.02256844751536846,0.016938453540205956,0.014472202397882938,0.005370203871279955,0.1676066368818283,0.031709473580121994,0.007695954758673906,0.179620623588562,0.003987958189100027,0.005124579183757305,0.011947798542678356,0.0015244095120579004,0.1300078183412552,0.049785736948251724,0.00664662616327405,0.028094565495848656,0.007715596351772547,0.014375395141541958,0.05269191786646843,0.006306967698037624,0.0066125523298978806,0.04281601309776306,0.03312384709715843,0.03424704819917679,0.015850622206926346,0.015173071064054966,0.03236442059278488,0.02962508052587509,0.004264157265424728,0.050687290728092194,0.01534095499664545,,,,,,,,,,,,,,,
unknown,な,126,127,172.72415,172.804,0.99560547,,0.010467594489455223,0.014226725324988365,0.041199758648872375,0.07896047830581665,0.0062027983367443085,0.10224746912717819,0.024536486715078354,0.01256512850522995,0.04446034133434296,0.20667430758476257,0.05053451657295227,0.058437447994947433,0.13225872814655304,0.08054912090301514,0.01643216237425804,0.0388278029859066,0.061715129762887955,0.04891837388277054,0.06608019769191742,0.014585730619728565,0.004323231987655163,0.027106553316116333,0.019149957224726677,0.02188529446721077,0.012468957342207432,0.004546418786048889,0.19294151663780212,0.03798704221844673,0.006623222958296537,0.20325668156147003,0.0033472669310867786,0.006464951205998659,0.009478951804339886,0.0011842938838526607,0.1300494372844696,0.07025224715471268,0.00807576160877943,0.03185592219233513,0.006846006028354168,0.019870495423674583,0.04824936017394066,0.006858717184513807,0.006793718319386244,0.032871413975954056,0.02679605223238468,0.046118468046188354,0.013852623291313648,0.012231706641614437,0.02236906625330448,0.028808433562517166,0.003483789972960949,0.05540008470416069,0.01956865005195141,,,,,,,,,,,,,,,
unknown,い,128,129,172.804,173.304,0.9941406,,0.006239026784896851,0.006991850212216377,0.02298097126185894,0.09195991605520248,0.0049494970589876175,0.09356482326984406,0.028825948014855385,0.008678261190652847,0.06224154680967331,0.17731429636478424,0.04701671004295349,0.055403463542461395,0.15559110045433044,0.07607751339673996,0.014154097065329552,0.038273729383945465,0.03290152549743652,0.0454711988568306,0.06855118274688721,0.012716700322926044,0.004213884472846985,0.03285025805234909,0.023519204929471016,0.019347243010997772,0.022184215486049652,0.005514664575457573,0.13989561796188354,0.026091940701007843,0.0039781066589057446,0.13901422917842865,0.00397198973223567,0.005010676104575396,0.01698075234889984,0.0013444330543279648,0.09131678938865662,0.050194624811410904,0.004823845811188221,0.02498607337474823,0.010199573822319508,0.021165810525417328,0.056109990924596786,0.01015898585319519,0.003940134774893522,0.034153424203395844,0.0290297269821167,0.0452926903963089,0.009756890125572681,0.019520441070199013,0.028177514672279358,0.027704952284693718,0.004070334602147341,0.11897837370634079,0.024370232596993446,,,,,,,,,,,,,,,
unknown,の,130,131,177.31488,177.39471,0.44140625,,0.006369928363710642,0.007099168375134468,0.02460976503789425,0.10065636783838272,0.005182908847928047,0.0961502343416214,0.02370346151292324,0.008709748275578022,0.059149980545043945,0.1958925724029541,0.05987052246928215,0.06328830122947693,0.14351578056812286,0.08058235049247742,0.016900137066841125,0.045934755355119705,0.03839588910341263,0.0445677749812603,0.06360472738742828,0.014474214054644108,0.005108744837343693,0.026834210380911827,0.02174178883433342,0.01936502940952778,0.02083072066307068,0.0048919180408120155,0.13120639324188232,0.02780272252857685,0.003981077112257481,0.12476455420255661,0.003653094172477722,0.005482370033860207,0.015656309202313423,0.0014348456170409918,0.09809792786836624,0.05181201174855232,0.004949645139276981,0.028862301260232925,0.008922779932618141,0.020051710307598114,0.058449432253837585,0.011318578384816647,0.00425257533788681,0.025318635627627373,0.02993200719356537,0.053828317672014236,0.011257804930210114,0.01822497695684433,0.026660047471523285,0.029065633192658424,0.0037896274589002132,0.10019328445196152,0.02504497766494751,,,,,,,,,,,,,,,
unknown,を,132,133,177.39471,177.47456,0.8618164,,0.007171972189098597,0.006959116086363792,0.02097564935684204,0.09457971900701523,0.007924437522888184,0.11766268312931061,0.023747585713863373,0.010567955672740936,0.05545338988304138,0.1552819460630417,0.05417240783572197,0.04348286986351013,0.16448795795440674,0.08198269456624985,0.01834443211555481,0.04011057689785957,0.03223026543855667,0.03994118794798851,0.10695415735244751,0.017154356464743614,0.0056163715198636055,0.03593531996011734,0.024251343682408333,0.017283789813518524,0.022676168009638786,0.0063134897500276566,0.09827615320682526,0.025923464447259903,0.005330775864422321,0.09574156254529953,0.003888805629685521,0.005840854253619909,0.015970176085829735,0.0015947670908644795,0.0834638699889183,0.047145258635282516,0.004691872280091047,0.024944590404629707,0.014100559987127781,0.020060954615473747,0.05914875119924545,0.011534294113516808,0.004395854193717241,0.053280994296073914,0.037606071680784225,0.04613824188709259,0.010290500707924366,0.022153323516249657,0.03854229301214218,0.030491938814520836,0.004587314557284117,0.09275384992361069,0.023750023916363716,,,,,,,,,,,,,,,
unknown,入,134,135,177.47456,177.59431,0.9501953,,0.007757529616355896,0.009627062827348709,0.027435041964054108,0.0950699970126152,0.004368919879198074,0.0857330858707428,0.035063814371824265,0.010186613537371159,0.05557381734251976,0.13237731158733368,0.07136576622724533,0.12013130635023117,0.10671613365411758,0.11900626122951508,0.01837611198425293,0.04876743629574776,0.05798107758164406,0.0921272411942482,0.038260217756032944,0.013739347457885742,0.004796621855348349,0.024896224960684776,0.025977134704589844,0.022109761834144592,0.016643093898892403,0.005671041551977396,0.19579462707042694,0.03688612952828407,0.004155926872044802,0.1814962476491928,0.005582955200225115,0.0076967328786849976,0.012986041605472565,0.0015090275555849075,0.17277517914772034,0.05289178714156151,0.008108983747661114,0.031881242990493774,0.006889695301651955,0.021772325038909912,0.0651361346244812,0.013455551117658615,0.008170452900230885,0.012049268931150436,0.027698779478669167,0.06580507010221481,0.023176271468400955,0.013539839535951614,0.019727112725377083,0.03284749761223793,0.004295744933187962,0.1015816330909729,0.026961809024214745,,,,,,,,,,,,,,,
unknown,れ,136,137,177.59431,177.754,0.9941406,,0.009520521387457848,0.012783198617398739,0.026902837678790092,0.10063304752111435,0.005004261154681444,0.07447078824043274,0.018638335168361664,0.012760885991156101,0.05041065067052841,0.11565401405096054,0.08053150773048401,0.07504547387361526,0.09201151877641678,0.08323720097541809,0.019152000546455383,0.06983591616153717,0.07610317319631577,0.061957526952028275,0.039650965481996536,0.013347139582037926,0.005643748212605715,0.016175592318177223,0.01674780063331127,0.03343837708234787,0.01471957378089428,0.004436797462403774,0.21862803399562836,0.03563839942216873,0.004814871121197939,0.22466233372688293,0.003279114607721567,0.010064475238323212,0.013009763322770596,0.001436863443814218,0.17347635328769684,0.08339019864797592,0.010493078269064426,0.035469748079776764,0.0055861384607851505,0.024551967158913612,0.06557467579841614,0.01694529503583908,0.009457601234316826,0.010276230052113533,0.026450231671333313,0.09806577116250992,0.02892974577844143,0.012882348150014877,0.02694188989698887,0.05684278532862663,0.0037816641852259636,0.06109984591603279,0.03512933850288391,,,,,,,,,,,,,,,
unknown,る,138,139,177.754,178.254,0.96972656,,0.007280959282070398,0.0118298614397645,0.024451185017824173,0.1268860399723053,0.004632123280316591,0.07389002293348312,0.01886380836367607,0.008608377538621426,0.05423988401889801,0.13546259701251984,0.052867647260427475,0.06666546314954758,0.10289920121431351,0.06198122724890709,0.018901420757174492,0.052459925413131714,0.08967367559671402,0.061424631625413895,0.026417698711156845,0.012924838811159134,0.004960940219461918,0.014386024326086044,0.01598798856139183,0.032380398362874985,0.012078535743057728,0.0025107567198574543,0.2859492301940918,0.03065316379070282,0.0035973864141851664,0.2978805899620056,0.0031304270960390568,0.0068512605503201485,0.009333023801445961,0.001205838518217206,0.16832369565963745,0.08811894804239273,0.008962074294686317,0.029274962842464447,0.0032150819897651672,0.02269856631755829,0.038681235164403915,0.008093724027276039,0.006416203919798136,0.006458848714828491,0.028507240116596222,0.07307275384664536,0.023335935547947884,0.009152728132903576,0.01728449948132038,0.037062741816043854,0.0021347098518162966,0.043582502752542496,0.027419544756412506,,,,,,,,,,,,,,,
unknown,罪,140,141,184.75269,185.25269,0.9873047,,0.003382093971595168,0.004933151416480541,0.010625357739627361,0.0799403041601181,0.0373404286801815,0.2832089066505432,0.026542337611317635,0.004961714148521423,0.03904422000050545,0.09498230367898941,0.021823817864060402,0.059551872313022614,0.06532249599695206,0.03532321751117706,0.03637244552373886,0.01945304684340954,0.10320637375116348,0.08836424350738525,0.061516135931015015,0.03719676285982132,0.021502990275621414,0.04600530117750168,0.009369516745209694,0.02022675983607769,0.014920788817107677,0.005294943694025278,0.21035344898700714,0.015221593901515007,0.00402939273044467,0.20675957202911377,0.005015438888221979,0.0059776920825243,0.021529942750930786,0.003793769283220172,0.10508512705564499,0.03411059454083443,0.003552717622369528,0.013086717575788498,0.009873195551335812,0.00997678842395544,0.03882889077067375,0.00895138643682003,0.0029229247011244297,0.008663035929203033,0.036683231592178345,0.04039401188492775,0.01842779666185379,0.01411798782646656,0.03865056857466698,0.026584187522530556,0.0036660104524344206,0.05521547049283981,0.021599357947707176,,,,,,,,,,,,,,,
unknown,キ,142,143,188.70299,188.9025,0.7236328,,0.004683294333517551,0.005864227190613747,0.01351842749863863,0.07766542583703995,0.050181906670331955,0.3328365385532379,0.026812603697180748,0.006617322098463774,0.0340835377573967,0.11671555787324905,0.02258189767599106,0.04305018484592438,0.06394829601049423,0.03916867449879646,0.04342116042971611,0.015219579450786114,0.14259463548660278,0.08316554129123688,0.10195238143205643,0.04419505596160889,0.02461206540465355,0.06107747182250023,0.011091955937445164,0.015098825097084045,0.01256070751696825,0.007750026416033506,0.15137220919132233,0.01621999591588974,0.010978525504469872,0.1340641975402832,0.005758873652666807,0.005141748581081629,0.016691701486706734,0.004166132770478725,0.09044727683067322,0.02780868485569954,0.0036808177828788757,0.01204284280538559,0.01776730641722679,0.008766760118305683,0.03680989518761635,0.006300832144916058,0.003809355664998293,0.02224700339138508,0.05691444128751755,0.027428410947322845,0.02089192159473896,0.01549740880727768,0.04086454212665558,0.01961773820221424,0.0053800251334905624,0.06688576936721802,0.015278888866305351,,,,,,,,,,,,,,,
unknown,麗,144,145,188.9025,189.4025,0.8671875,,0.008122749626636505,0.008970137685537338,0.018591292202472687,0.09383203834295273,0.030585650354623795,0.289161741733551,0.02858109399676323,0.010821267031133175,0.038035787642002106,0.08849355578422546,0.02268637716770172,0.05797804519534111,0.08039123564958572,0.03902160003781319,0.029732968658208847,0.018914058804512024,0.08375439792871475,0.09841107577085495,0.10005457699298859,0.03423259034752846,0.015403319150209427,0.047323137521743774,0.013063638471066952,0.021037232130765915,0.017151392996311188,0.005817601922899485,0.23507070541381836,0.02071642316877842,0.00903969258069992,0.243681401014328,0.005220056977123022,0.00695669325068593,0.015493468381464481,0.003207432571798563,0.1186007484793663,0.04522356018424034,0.00486157787963748,0.014169224537909031,0.009630720131099224,0.014490711502730846,0.04996350035071373,0.010170681402087212,0.004826101008802652,0.01648927852511406,0.042956553399562836,0.041371412575244904,0.022772423923015594,0.015413106419146061,0.055671971291303635,0.0475291833281517,0.004629913251847029,0.05282870680093765,0.025448966771364212,,,,,,,,,,,,,,,
unknown,触,146,147,196.05984,196.37906,0.9951172,,0.004472238942980766,0.006734049879014492,0.008385912515223026,0.07111945748329163,0.04606756195425987,0.3309588134288788,0.02699103020131588,0.00647570937871933,0.04442092031240463,0.051757343113422394,0.016363874077796936,0.02474769949913025,0.05889900028705597,0.035060007125139236,0.032454997301101685,0.012900218367576599,0.0901285707950592,0.04972254857420921,0.1703011691570282,0.04418308287858963,0.023343179374933243,0.057154539972543716,0.010859889909625053,0.013535038568079472,0.03244967386126518,0.007787168025970459,0.12710587680339813,0.012911013327538967,0.00850953534245491,0.1394597887992859,0.004092368762940168,0.0065489839762449265,0.05807817354798317,0.0036001866683363914,0.07727368921041489,0.03019598498940468,0.00545813562348485,0.018231231719255447,0.011310677975416183,0.0072503830306231976,0.07855326682329178,0.010733267292380333,0.005200747866183519,0.026570267975330353,0.03527063503861427,0.029848773032426834,0.021779367700219154,0.03679952025413513,0.07877083122730255,0.040222518146038055,0.0059631504118442535,0.04922731965780258,0.013861587271094322,,,,,,,,,,,,,,,
unknown,る,148,149,196.37906,196.87906,0.99072266,,0.005438469350337982,0.012491164728999138,0.009788092225790024,0.07576259970664978,0.03318380191922188,0.2390543669462204,0.01962389424443245,0.0065405769273638725,0.041802309453487396,0.05824175104498863,0.023021381348371506,0.0206083245575428,0.050992872565984726,0.02731109783053398,0.025745609775185585,0.01752944104373455,0.13706327974796295,0.05085598677396774,0.13783179223537445,0.03284333646297455,0.013931384310126305,0.041600655764341354,0.007537940051406622,0.021232182160019875,0.017935054376721382,0.009183584712445736,0.18612368404865265,0.01456520613282919,0.007862280122935772,0.21159131824970245,0.0029963250271975994,0.007221454754471779,0.04349323362112045,0.0024287733249366283,0.10013356804847717,0.050540655851364136,0.013278469443321228,0.018549976870417595,0.01044013723731041,0.007317638956010342,0.05377404764294624,0.009273667819797993,0.01058916561305523,0.029618488624691963,0.02973763644695282,0.03466011956334114,0.034582432359457016,0.02325877733528614,0.061056893318891525,0.035748276859521866,0.00828840397298336,0.03225364163517952,0.013439454138278961,,,,,,,,,,,,,,,
unknown,姉,150,151,202.28441,202.48392,0.61328125,,0.006274125073105097,0.010910687036812305,0.012803295627236366,0.060861390084028244,0.04688721522688866,0.3156440556049347,0.020275158807635307,0.007413855288177729,0.033211465924978256,0.08885765820741653,0.025623297318816185,0.02406812459230423,0.06415809690952301,0.029497915878891945,0.03588128462433815,0.016709091141819954,0.07744542509317398,0.04476991295814514,0.1429491639137268,0.050489235669374466,0.01867927983403206,0.043143145740032196,0.009386890567839146,0.014240824617445469,0.011218741536140442,0.0071108718402683735,0.1508873999118805,0.014701914973556995,0.007929299026727676,0.16742971539497375,0.0035926210694015026,0.006110878195613623,0.017529385164380074,0.0026659902650862932,0.09891209751367569,0.03985476866364479,0.008124823682010174,0.011215843260288239,0.009311728179454803,0.0064190467819571495,0.04228948801755905,0.007690859958529472,0.006682251580059528,0.02579900249838829,0.03047572635114193,0.02853347174823284,0.022017763927578926,0.014901567250490189,0.0606047585606575,0.030162988230586052,0.0064818174578249454,0.02776934765279293,0.0111270472407341,,,,,,,,,,,,,,,
unknown,妹,152,153,202.48392,202.98392,0.95410156,,0.0100235715508461,0.016498951241374016,0.019216544926166534,0.09834583103656769,0.0256398506462574,0.17079977691173553,0.009977510198950768,0.011660195887088776,0.03985220566391945,0.038490310311317444,0.02024293877184391,0.020726993680000305,0.0826076865196228,0.0281706340610981,0.028119048103690147,0.019832182675600052,0.09004846960306168,0.03719283267855644,0.0903087630867958,0.04214088246226311,0.017013639211654663,0.020461855456233025,0.00811116211116314,0.03055530972778797,0.012554701417684555,0.005081248469650745,0.23875214159488678,0.022016623988747597,0.006735634990036488,0.2724306583404541,0.002238065702840686,0.007805360481142998,0.014515301212668419,0.0027824530843645334,0.1543799787759781,0.06806189566850662,0.010170584544539452,0.014032557606697083,0.004330384079366922,0.007978091016411781,0.046768609434366226,0.008537188172340393,0.010386308655142784,0.01162682007998228,0.03184628114104271,0.046673499047756195,0.05056289583444595,0.012822059914469719,0.07511458545923233,0.07605163753032684,0.004976305179297924,0.006967596709728241,0.016345512121915817,,,,,,,,,,,,,,,
unknown,空,154,155,206.05338,206.33315,0.99658203,,0.02253762073814869,0.03628086671233177,0.04201345890760422,0.09805640578269958,0.012217883951961994,0.09046800434589386,0.009856938384473324,0.033405840396881104,0.025574473664164543,0.03079161047935486,0.02996053174138069,0.03197789937257767,0.07795444130897522,0.07750650495290756,0.025205180048942566,0.023171601817011833,0.12912969291210175,0.04766423627734184,0.06308596581220627,0.037348028272390366,0.011963249184191227,0.017608825117349625,0.009493527002632618,0.04366006329655647,0.008021185174584389,0.008300099521875381,0.28155842423439026,0.061626844108104706,0.011312575079500675,0.29051852226257324,0.0028754426166415215,0.008053979836404324,0.01160046923905611,0.0029735038988292217,0.24945233762264252,0.07118386775255203,0.016475802287459373,0.034364912658929825,0.0038414769805967808,0.00965648889541626,0.06552711129188538,0.006684793625026941,0.018791938200592995,0.016791505739092827,0.03022311069071293,0.04778530076146126,0.08010450750589371,0.011197173036634922,0.04630811884999275,0.06614986807107925,0.0077270036563277245,0.008678872138261795,0.01604463905096054,,,,,,,,,,,,,,,
unknown,気,156,157,206.33315,206.83315,0.9819336,,0.011356821283698082,0.0294210035353899,0.04601408541202545,0.09497047960758209,0.0031094595324248075,0.0606701523065567,0.0214122012257576,0.0222086813300848,0.018341170623898506,0.037384238094091415,0.04587221145629883,0.03192123398184776,0.04129960387945175,0.062454674392938614,0.009965544566512108,0.03975418582558632,0.11978679150342941,0.03460871800780296,0.0501093864440918,0.013758796267211437,0.0037946091033518314,0.021214263513684273,0.005877334158867598,0.05863507091999054,0.006122361868619919,0.006311961915344,0.3370755910873413,0.04655773192644119,0.004344284068793058,0.4595167934894562,0.003293280955404043,0.01207478903234005,0.011724703945219517,0.0016785251209512353,0.17060095071792603,0.12736237049102783,0.019423414021730423,0.04909267649054527,0.0025628264993429184,0.006226058583706617,0.06228356435894966,0.023677613586187363,0.01300080493092537,0.018782448023557663,0.01258838176727295,0.06943929195404053,0.03636927902698517,0.007187866605818272,0.0300031378865242,0.0694650411605835,0.006371412426233292,0.017437120899558067,0.014535646885633469,,,,,,,,,,,,,,,
unknown,古,158,159,213.60715,213.84695,0.99658203,,0.01040699053555727,0.0157715305685997,0.03516349196434021,0.1448829174041748,0.005686865653842688,0.08756577223539352,0.012656882405281067,0.017015516757965088,0.03126031532883644,0.04519442096352577,0.04631464555859566,0.0428055115044117,0.05738058686256409,0.0594753660261631,0.016545824706554413,0.04690088704228401,0.08791737258434296,0.040422383695840836,0.03356941044330597,0.018265092745423317,0.006410662550479174,0.013471742160618305,0.007136854808777571,0.040400780737400055,0.010541693307459354,0.003406356554478407,0.28189510107040405,0.03471251577138901,0.004269225522875786,0.33705300092697144,0.002502606948837638,0.011660611256957054,0.007264674175530672,0.0017790093552321196,0.16960382461547852,0.10014281421899796,0.00807619746774435,0.042501527816057205,0.0025549684651196003,0.014296632260084152,0.07883875072002411,0.024341780692338943,0.007674890570342541,0.007023990619927645,0.028681302443146706,0.10179296880960464,0.033752914518117905,0.007075265981256962,0.035328853875398636,0.11227183789014816,0.0031647763680666685,0.010533107444643974,0.029669851064682007,,,,,,,,,,,,,,,
unknown,い,160,161,213.84695,214.34695,0.99853516,,0.015509851276874542,0.02285659871995449,0.04622675105929375,0.1820651888847351,0.0041355169378221035,0.08917610347270966,0.011885888874530792,0.020937005057930946,0.06159673258662224,0.07924605906009674,0.059949588030576706,0.04330156743526459,0.09527139365673065,0.09336399286985397,0.023832350969314575,0.046687617897987366,0.05665163695812225,0.0328056700527668,0.04054180905222893,0.03225110471248627,0.007987545803189278,0.010783055797219276,0.017231233417987823,0.02437395043671131,0.017573267221450806,0.004654886666685343,0.24199482798576355,0.04762590304017067,0.006616176106035709,0.23200994729995728,0.0025588208809494972,0.009012124501168728,0.009135356172919273,0.0016238922253251076,0.20482659339904785,0.08176989108324051,0.01268390379846096,0.0543910376727581,0.0021440130658447742,0.016838453710079193,0.08024440705776215,0.011124582029879093,0.012988132424652576,0.008592083118855953,0.053186312317848206,0.06907368451356888,0.0413491427898407,0.011245434172451496,0.035807330161333084,0.0875844731926918,0.004787309095263481,0.016467547044157982,0.018684642389416695,,,,,,,,,,,,,,,
unknown,コ,162,163,221.61264,221.73247,0.9995117,,0.015142330899834633,0.027993282303214073,0.04102031886577606,0.1774122267961502,0.007780842017382383,0.11733193695545197,0.013978261500597,0.01777353323996067,0.03883656486868858,0.06939808279275894,0.04792017862200737,0.028615472838282585,0.05725264176726341,0.06535584479570389,0.025977957993745804,0.04016997665166855,0.11224162578582764,0.029709339141845703,0.034854479134082794,0.03185204416513443,0.009038982912898064,0.014364154078066349,0.010558178648352623,0.028576448559761047,0.010166123509407043,0.003666563890874386,0.2489323765039444,0.04150880128145218,0.008455153554677963,0.2678966522216797,0.0029853733722120523,0.006990880239754915,0.005446561146527529,0.001710959360934794,0.18255886435508728,0.08894157409667969,0.016059285029768944,0.04809572547674179,0.0025573072489351034,0.013761603273451328,0.057810086756944656,0.008509524166584015,0.015751346945762634,0.00878965575248003,0.049696002155542374,0.06433316320180893,0.05881823971867561,0.007245151791721582,0.025286218151450157,0.05964231863617897,0.0032360325567424297,0.01480394508689642,0.014979382045567036,,,,,,,,,,,,,,,
unknown,ン,164,165,221.73247,221.85231,0.99609375,,0.013053559698164463,0.023010196164250374,0.04307601600885391,0.1754744052886963,0.01247616857290268,0.10561506450176239,0.012182640843093395,0.014853792265057564,0.0373319610953331,0.04699796438217163,0.05641726031899452,0.04165472835302353,0.04967643320560455,0.07237878441810608,0.03819872438907623,0.05387844517827034,0.14662416279315948,0.05197339504957199,0.02458055503666401,0.03761161491274834,0.014845204539597034,0.014464647509157658,0.009676317684352398,0.03708282485604286,0.011083330027759075,0.004003333859145641,0.2435704916715622,0.04476109892129898,0.0074190543964505196,0.22296442091464996,0.003584850812330842,0.007677186746150255,0.006480223499238491,0.002815030748024583,0.18782229721546173,0.07549964636564255,0.015339466743171215,0.044953759759664536,0.003167670452967286,0.026024123653769493,0.054326631128787994,0.008901819586753845,0.01648087240755558,0.006789243780076504,0.060635872185230255,0.09858637303113937,0.08919179439544678,0.008744138292968273,0.02153584361076355,0.04804495349526405,0.00332406023517251,0.009930136613547802,0.02740384079515934,,,,,,,,,,,,,,,
unknown,ビ,166,167,221.85231,221.97214,0.9995117,,0.018723562359809875,0.03178270533680916,0.05829911306500435,0.19598518311977386,0.009319057688117027,0.07830751687288284,0.010466433130204678,0.02607172727584839,0.03050912544131279,0.04669508337974548,0.055169619619846344,0.03801092877984047,0.046770960092544556,0.06900924444198608,0.02717125043272972,0.06398016214370728,0.12002942711114883,0.04237440600991249,0.02350746840238571,0.022542724385857582,0.010903279297053814,0.015079902485013008,0.007529278285801411,0.06622515618801117,0.011273645795881748,0.004455637652426958,0.24777930974960327,0.06416569650173187,0.00766276428475976,0.2551977038383484,0.0034249306190758944,0.010022010654211044,0.005076608620584011,0.003098147688433528,0.14977744221687317,0.11874277144670486,0.02103683538734913,0.060714900493621826,0.005079055670648813,0.03084501437842846,0.0605609156191349,0.012745906598865986,0.02554704248905182,0.009353786706924438,0.0634121522307396,0.11275695264339447,0.1055615097284317,0.0082978131249547,0.023060547187924385,0.06975213438272476,0.0033795428462326527,0.015193277038633823,0.03736511617898941,,,,,,,,,,,,,,,
unknown,ニ,168,169,221.97214,222.47214,0.6870117,,0.023299671709537506,0.04344191402196884,0.06719423085451126,0.22257272899150848,0.004551996942609549,0.043322086334228516,0.006713312119245529,0.027635514736175537,0.029594464227557182,0.04364108666777611,0.04902903735637665,0.028507312759757042,0.03704925999045372,0.0652371346950531,0.02099122479557991,0.06791391223669052,0.1534583419561386,0.0310109443962574,0.01771862432360649,0.014808602631092072,0.008310764096677303,0.010082465596497059,0.005540634971112013,0.08112090826034546,0.01197881530970335,0.00428197905421257,0.25753501057624817,0.07537577301263809,0.00806169118732214,0.24928326904773712,0.0020749312825500965,0.011484157294034958,0.006397821940481663,0.002142376499250531,0.15372981131076813,0.13455861806869507,0.02994222566485405,0.09038271754980087,0.003924427088350058,0.0310028325766325,0.05323304980993271,0.010203883051872253,0.03236433491110802,0.008975261822342873,0.05524909496307373,0.11787138134241104,0.142778217792511,0.009280596859753132,0.014008098281919956,0.056582652032375336,0.0033371038734912872,0.01935781165957451,0.03259050101041794,,,,,,,,,,,,,,,
unknown,軽,170,171,225.00798,225.2077,0.45898438,,0.038106225430965424,0.057560745626688004,0.1091218814253807,0.24000345170497894,0.00721841910853982,0.07501167804002762,0.006874834652990103,0.033823415637016296,0.03494520112872124,0.040745146572589874,0.03889673575758934,0.023676954209804535,0.039048537611961365,0.059124380350112915,0.031765613704919815,0.04733475297689438,0.13179562985897064,0.019420409575104713,0.030381830409169197,0.03846846520900726,0.022199956700205803,0.012635870836675167,0.006949521601200104,0.04390783980488777,0.01860620081424713,0.004288916476070881,0.19693706929683685,0.07382532209157944,0.012368553318083286,0.1598324030637741,0.0027333833277225494,0.00863316748291254,0.007116071414202452,0.0038490162696689367,0.1460285484790802,0.09864462912082672,0.02576877363026142,0.09051677584648132,0.004389709327369928,0.02662847191095352,0.054649047553539276,0.005227139685302973,0.02095554769039154,0.009275447577238083,0.06583894044160843,0.08898913115262985,0.1016155555844307,0.014158559031784534,0.0198300052434206,0.05034710466861725,0.0035034925676882267,0.012426508590579033,0.01952270232141018,,,,,,,,,,,,,,,
unknown,別,172,173,225.2077,225.7077,0.43481445,,0.027156328782439232,0.049740977585315704,0.08161696046590805,0.19523927569389343,0.007061014883220196,0.07065626233816147,0.007980186492204666,0.027512220665812492,0.03530178591609001,0.042695146054029465,0.04332562908530235,0.019751545041799545,0.028121482580900192,0.04106024280190468,0.022617122158408165,0.07009390741586685,0.12002885341644287,0.022519808262586594,0.02931182272732258,0.019613688811659813,0.011861425824463367,0.01341439038515091,0.004362829029560089,0.0653219074010849,0.019764816388487816,0.003999605309218168,0.2240927666425705,0.060502972453832626,0.009997974149882793,0.22590750455856323,0.0022804182954132557,0.012337781488895416,0.008696355856955051,0.0025744184385985136,0.11198669672012329,0.135588139295578,0.02796456217765808,0.07223501056432724,0.005628026090562344,0.04066452383995056,0.04835647717118263,0.011266523040831089,0.023544469848275185,0.011129251681268215,0.0434969924390316,0.13039515912532806,0.10347796231508255,0.01377680990844965,0.01865510083734989,0.059233296662569046,0.0031712178606539965,0.016795959323644638,0.03255688026547432,,,,,,,,,,,,,,,
unknown,な,174,175,231.1348,231.21474,0.8417969,,0.028108246624469757,0.06421715766191483,0.08005928993225098,0.20026428997516632,0.004586091265082359,0.04045505449175835,0.005728454329073429,0.03078349307179451,0.030094079673290253,0.03294917196035385,0.04050334915518761,0.01805981434881687,0.030315928161144257,0.03747561201453209,0.018850354477763176,0.08224055171012878,0.10685074329376221,0.020027173683047295,0.015826603397727013,0.012912780977785587,0.008031846955418587,0.008356894366443157,0.004023734945803881,0.10142184793949127,0.013674153946340084,0.002985694445669651,0.2810078561306,0.07018297910690308,0.006400597281754017,0.30718499422073364,0.0017179233254864812,0.014324563555419445,0.006704587023705244,0.0019506284734234214,0.12210901081562042,0.20285654067993164,0.04440360143780708,0.06867507100105286,0.0035030259750783443,0.045809049159288406,0.04444894194602966,0.009598825126886368,0.030893536284565926,0.0064660366624593735,0.03767696022987366,0.14422595500946045,0.10556267201900482,0.009350799955427647,0.014677809551358223,0.07197991013526917,0.002442897530272603,0.01162213459610939,0.03810910880565643,,,,,,,,,,,,,,,
unknown,ん,176,177,231.21474,231.29468,0.56152344,,0.046045273542404175,0.06664960086345673,0.11716244369745255,0.2789492905139923,0.002407651860266924,0.02919013239443302,0.003745526075363159,0.04085436463356018,0.03214927762746811,0.026819342747330666,0.03529065102338791,0.022497694939374924,0.03901997581124306,0.045349277555942535,0.01804748736321926,0.0727628692984581,0.07876795530319214,0.01933460868895054,0.013454338535666466,0.014471586793661118,0.008772840723395348,0.005267308559268713,0.00542076863348484,0.07928961515426636,0.016401829198002815,0.0027565089985728264,0.2964637577533722,0.07984299957752228,0.006458583287894726,0.2601779103279114,0.0013581655221059918,0.01267786230891943,0.00582168810069561,0.0018236191244795918,0.1580135077238083,0.19049705564975739,0.03338649496436119,0.06819156557321548,0.002062695799395442,0.048210322856903076,0.05203266814351082,0.007092628162354231,0.01990443840622902,0.003769709961488843,0.045552946627140045,0.14613592624664307,0.07814954966306686,0.009702459909021854,0.014715957455337048,0.09409207105636597,0.0025173965841531754,0.0071543618105351925,0.03787214308977127,,,,,,,,,,,,,,,
unknown,か,178,179,231.29468,231.79468,0.9199219,,0.035194627940654755,0.05606382340192795,0.111238993704319,0.19382637739181519,0.002841892885044217,0.031254082918167114,0.006194129586219788,0.0369744598865509,0.02925007976591587,0.023163575679063797,0.041408296674489975,0.024394122883677483,0.0618109293282032,0.06584560871124268,0.01660316064953804,0.0794530063867569,0.1035093367099762,0.017484208568930626,0.017593475058674812,0.01530519686639309,0.010449966415762901,0.008167323656380177,0.008705970831215382,0.08542367070913315,0.01436888799071312,0.0028171888552606106,0.2600417137145996,0.08368673175573349,0.005496639758348465,0.2324492484331131,0.00218252744525671,0.012036382220685482,0.008620544336736202,0.0024333239998668432,0.17292793095111847,0.16737928986549377,0.034295570105314255,0.059718918055295944,0.0029333659913390875,0.03716661408543587,0.04967913776636124,0.007598603144288063,0.020160168409347534,0.004691663663834333,0.033443838357925415,0.14637048542499542,0.08294454216957092,0.011589554138481617,0.019186552613973618,0.08988302946090698,0.0023896913044154644,0.010978513397276402,0.030109550803899765,,,,,,,,,,,,,,,
unknown,お,180,181,235.33182,235.45172,0.8076172,,0.04047894850373268,0.06562621891498566,0.11892926692962646,0.19665968418121338,0.0035970406606793404,0.038714610040187836,0.0068962122313678265,0.03779616206884384,0.030694687739014626,0.022503826767206192,0.031883325427770615,0.02490006573498249,0.06422410905361176,0.06889943778514862,0.01797311194241047,0.0575944185256958,0.12872165441513062,0.02136482112109661,0.02108157053589821,0.017861496657133102,0.010966065339744091,0.009661274030804634,0.009298321790993214,0.07832401990890503,0.014967313967645168,0.003417561762034893,0.262496680021286,0.0884041115641594,0.007729995995759964,0.23983071744441986,0.0023989733308553696,0.011451764963567257,0.00806280318647623,0.0025570092257112265,0.18311521410942078,0.14937473833560944,0.0383574478328228,0.0649419054389,0.0036362658720463514,0.0359778106212616,0.04879783093929291,0.006019416730850935,0.02698557823896408,0.006239351816475391,0.0391627661883831,0.11642224341630936,0.1116432398557663,0.011746016331017017,0.01887461543083191,0.07610086351633072,0.0027494793757796288,0.00974202435463667,0.026400117203593254,,,,,,,,,,,,,,,
unknown,金,182,183,235.45172,235.95172,0.6035156,,0.03290102630853653,0.05680418759584427,0.10693564265966415,0.18348081409931183,0.0026412757579237223,0.02200547605752945,0.005463182460516691,0.035292498767375946,0.018940070644021034,0.024013124406337738,0.04221092537045479,0.030137447640299797,0.03332430124282837,0.051664505153894424,0.016378486528992653,0.10182838886976242,0.15430431067943573,0.03350132331252098,0.010680708102881908,0.0086526395753026,0.005923539400100708,0.006522080861032009,0.004542435985058546,0.11319176852703094,0.009034051559865475,0.002351492876186967,0.38156750798225403,0.07837597280740738,0.005692735780030489,0.3694995939731598,0.0018005860038101673,0.019684750586748123,0.007329239509999752,0.001847396488301456,0.18067383766174316,0.2109016478061676,0.03234599158167839,0.0743318498134613,0.0021693746093660593,0.05899694561958313,0.038242436945438385,0.00917794555425644,0.013989115133881569,0.004480614792555571,0.02885453961789608,0.18318946659564972,0.049994274973869324,0.00782101508229971,0.010280962102115154,0.07254159450531006,0.0021752577740699053,0.008991643786430359,0.055133968591690063,,,,,,,,,,,,,,,
unknown,座,184,185,244.04562,244.28545,0.30297852,,0.043027620762586594,0.0676598995923996,0.11516881734132767,0.22606343030929565,0.003575436305254698,0.028806274756789207,0.00403978955000639,0.05066485330462456,0.020676560699939728,0.022302888333797455,0.030162388458848,0.025630589574575424,0.027444517239928246,0.034051116555929184,0.020145801827311516,0.08756899833679199,0.06981337815523148,0.026936305686831474,0.010219779796898365,0.01172210369259119,0.00910812709480524,0.005727236159145832,0.003738093189895153,0.12455710768699646,0.012801285833120346,0.0020379992201924324,0.3648124933242798,0.0862998366355896,0.005530334077775478,0.36925551295280457,0.001560901408083737,0.015969377011060715,0.005334300454705954,0.0022944225929677486,0.13288722932338715,0.23571504652500153,0.031077558174729347,0.04906066507101059,0.0018896672409027815,0.07605862617492676,0.044329650700092316,0.00791496317833662,0.014293846674263477,0.003132411977276206,0.03806743770837784,0.17915455996990204,0.054070018231868744,0.008459959179162979,0.01390161458402872,0.10245566070079803,0.0017868888098746538,0.007156351115554571,0.06507769227027893,,,,,,,,,,,,,,,
unknown,て,186,187,244.28545,244.78545,0.53125,,0.039783988147974014,0.058331169188022614,0.12225767970085144,0.22124312818050385,0.0022606016136705875,0.024934090673923492,0.0043530710972845554,0.040448810905218124,0.02239791303873062,0.0322464182972908,0.04627740755677223,0.034431926906108856,0.030846912413835526,0.05335688218474388,0.018109813332557678,0.09605616331100464,0.0929376557469368,0.03163279592990875,0.010697278194129467,0.010122805833816528,0.00595532450824976,0.0051560960710048676,0.004782313480973244,0.09782696515321732,0.01021319255232811,0.0024767620489001274,0.3654613792896271,0.0869116559624672,0.006329079158604145,0.3301156461238861,0.001437648548744619,0.015448756515979767,0.005255086347460747,0.0015081434976309538,0.17271427810192108,0.21593186259269714,0.029984889551997185,0.06496867537498474,0.0019513537408784032,0.057081252336502075,0.04610024020075798,0.008155646733939648,0.016685817390680313,0.0036284802481532097,0.03482219576835632,0.17068390548229218,0.054394837468862534,0.007573630195111036,0.009813896380364895,0.07403238862752914,0.002260071923956275,0.01018222514539957,0.050814393907785416,,,,,,,,,,,,,,,
unknown,い,188,189,247.93608,248.05592,0.7573242,,0.03262325003743172,0.048416297882795334,0.12660807371139526,0.2151787430047989,0.0016170174349099398,0.01826350763440132,0.004131767433136702,0.037032660096883774,0.02194598689675331,0.033828627318143845,0.058407243341207504,0.04785073176026344,0.027377495542168617,0.06491167098283768,0.01746341586112976,0.11629783362150192,0.10834046453237534,0.0449087992310524,0.008643579669296741,0.00831478089094162,0.005024468060582876,0.004193857777863741,0.0049879541620612144,0.10284256190061569,0.00992062222212553,0.00218336284160614,0.39820870757102966,0.09449485689401627,0.005693684332072735,0.3481529653072357,0.0014156546676531434,0.013967509381473064,0.006428780499845743,0.0013783015310764313,0.19602882862091064,0.20696516335010529,0.024004949256777763,0.06541887670755386,0.0014408720890060067,0.0709022656083107,0.050195325165987015,0.007821249775588512,0.013559157960116863,0.0030614372808486223,0.027839502319693565,0.19730624556541443,0.04702838882803917,0.008070246316492558,0.007741604465991259,0.06593842804431915,0.002072299364954233,0.007902320474386215,0.06171690300107002,,,,,,,,,,,,,,,
unknown,や,190,191,248.05592,248.21573,0.6953125,,0.05846074968576431,0.07544342428445816,0.20559750497341156,0.159668430685997,0.001519582699984312,0.013909837231040001,0.003568630898371339,0.06537244468927383,0.013973244465887547,0.0215190090239048,0.05783883109688759,0.04887331277132034,0.030584391206502914,0.0858771875500679,0.016773786395788193,0.1007203534245491,0.1359158158302307,0.04430652782320976,0.007801403757184744,0.007424383889883757,0.004140621982514858,0.0035258231218904257,0.005534728989005089,0.09071432799100876,0.006451580673456192,0.0016225698636844754,0.36009684205055237,0.13977564871311188,0.009368598461151123,0.3033768832683563,0.001419129897840321,0.015325801447033882,0.0037255852948874235,0.0013040874619036913,0.23318617045879364,0.19645020365715027,0.02668248862028122,0.08680791407823563,0.0010770763037726283,0.0658148005604744,0.052895739674568176,0.005730530712753534,0.01733294315636158,0.003400599118322134,0.019604885950684547,0.17100460827350616,0.04570181295275688,0.006103168241679668,0.0070998212322592735,0.07790934294462204,0.001646858174353838,0.0037446145433932543,0.05305958911776543,,,,,,,,,,,,,,,
unknown,ホ,192,193,248.21573,248.71573,0.64501953,,0.04375626891851425,0.05664727836847305,0.15709783136844635,0.17605166137218475,0.002595268888399005,0.021778902038931847,0.002956647891551256,0.05201493948698044,0.013410438783466816,0.025962650775909424,0.049527570605278015,0.0483713261783123,0.022126343101263046,0.05531676858663559,0.019602369517087936,0.10418877005577087,0.12626290321350098,0.05543426051735878,0.009702346287667751,0.008283406496047974,0.004915103781968355,0.003822418162599206,0.0033686344977468252,0.09243711829185486,0.007295884657651186,0.0016483284998685122,0.4131203591823578,0.09884718060493469,0.008610006421804428,0.35663944482803345,0.001107357325963676,0.018433930352330208,0.0042790500447154045,0.0013479189947247505,0.1865416318178177,0.19575774669647217,0.018834711983799934,0.07860792428255081,0.0012708475114777684,0.08326712250709534,0.053860414773225784,0.0077081420458853245,0.010699236765503883,0.0035519571974873543,0.026816705241799355,0.20151165127754211,0.033365365117788315,0.006123249884694815,0.008387289941310883,0.0820927768945694,0.001644345698878169,0.003909722901880741,0.08142685890197754,,,,,,,,,,,,,,,
unknown,大,194,195,255.3265,255.64609,0.9638672,,0.047856830060482025,0.0664500743150711,0.13349343836307526,0.22802743315696716,0.0032953997142612934,0.023647554218769073,0.003996049985289574,0.05696471408009529,0.019195185974240303,0.031987257301807404,0.026174170896410942,0.032197706401348114,0.029545046389102936,0.0420343354344368,0.02249736338853836,0.07213947176933289,0.08781009167432785,0.03936822712421417,0.008477664552628994,0.010853169485926628,0.00612623943015933,0.005102493800222874,0.0044542825780808926,0.1090865284204483,0.00831068679690361,0.001448111142963171,0.4483807384967804,0.10311480611562729,0.007664411328732967,0.43296727538108826,0.0018299781950190663,0.01425574254244566,0.0027042326983064413,0.0019524984527379274,0.15011541545391083,0.22456903755664825,0.01944536156952381,0.06839777529239655,0.001443451619707048,0.07528837025165558,0.03535860776901245,0.004278096836060286,0.010156557895243168,0.0037828823551535606,0.04865412786602974,0.12741108238697052,0.03137868642807007,0.005643088836222887,0.00888082291930914,0.06923720240592957,0.0012210302520543337,0.0052557517774403095,0.06512970477342606,,,,,,,,,,,,,,,
unknown,き,196,197,255.64609,255.80588,0.98535156,,0.06063014641404152,0.07790501415729523,0.17826899886131287,0.22379767894744873,0.0017531028715893626,0.014761127531528473,0.004032239783555269,0.06814348697662354,0.01737596094608307,0.03640943020582199,0.04776265472173691,0.03732319548726082,0.0269776601344347,0.05772245302796364,0.01933416537940502,0.10600907355546951,0.09395478665828705,0.03632355481386185,0.007596664596349001,0.007416493259370327,0.004095036536455154,0.0043402183800935745,0.004487734287977219,0.10344375669956207,0.007046239450573921,0.0016410190146416426,0.4116888642311096,0.1207408756017685,0.008360938169062138,0.38474613428115845,0.0019007300725206733,0.01817864179611206,0.00263369083404541,0.0016760422149673104,0.1771479845046997,0.2477118968963623,0.023984534665942192,0.09578724950551987,0.0014783949591219425,0.07958737760782242,0.03790821135044098,0.005046509206295013,0.011483361013233662,0.00488273287191987,0.03705461323261261,0.15225671231746674,0.026243766769766808,0.005369245540350676,0.006423104088753462,0.06008749455213547,0.001489640329964459,0.006303201895207167,0.06226595491170883,,,,,,,,,,,,,,,
unknown,い,198,199,255.80588,256.30588,0.70214844,,0.06744126975536346,0.08508575707674026,0.18764062225818634,0.22824464738368988,0.0011750874109566212,0.01143756415694952,0.0032421229407191277,0.07527533173561096,0.016119280830025673,0.032948121428489685,0.051157865673303604,0.04137471690773964,0.03344346955418587,0.07650197297334671,0.01752830483019352,0.11056099832057953,0.08317714929580688,0.033125944435596466,0.006363792344927788,0.006354240234941244,0.0029886974953114986,0.003147513372823596,0.005241980776190758,0.09644799679517746,0.00593617232516408,0.0014824436511844397,0.42172521352767944,0.13961520791053772,0.00734584080055356,0.3766598105430603,0.0014911422040313482,0.01748453453183174,0.002245956100523472,0.0012622863287106156,0.20887508988380432,0.25982725620269775,0.02712545357644558,0.12748533487319946,0.0010998031357303262,0.07769906520843506,0.0408410020172596,0.004130624234676361,0.012056715786457062,0.0037603266537189484,0.031640611588954926,0.1516112983226776,0.021399004384875298,0.004486949183046818,0.005704611539840698,0.06354796886444092,0.001349348109215498,0.005188961513340473,0.05746251717209816,,,,,,,,,,,,,,,
unknown,温,200,201,260.535,260.855,0.9980469,,0.047050733119249344,0.052261099219322205,0.15366089344024658,0.18421387672424316,0.0030932321678847075,0.021824384108185768,0.00764682749286294,0.05758994072675705,0.021823707967996597,0.02745325304567814,0.07117316126823425,0.05749933421611786,0.030928945168852806,0.07252665609121323,0.024796664714813232,0.1660446971654892,0.08299332857131958,0.048795782029628754,0.0097434651106596,0.010827824473381042,0.008556943386793137,0.008303898386657238,0.00546261528506875,0.10381342470645905,0.011841426603496075,0.003352635307237506,0.3408257067203522,0.09768415242433548,0.005869722459465265,0.29156601428985596,0.003663870971649885,0.027436455711722374,0.005768569651991129,0.003652979154139757,0.15724922716617584,0.20698396861553192,0.0205818060785532,0.07234050333499908,0.003490595379844308,0.13351336121559143,0.058425672352313995,0.014131614938378334,0.008273442275822163,0.005663527175784111,0.039775241166353226,0.2708410322666168,0.025315094739198685,0.009531586430966854,0.010427501052618027,0.07454018294811249,0.0028071156702935696,0.008948508650064468,0.10450852662324905,,,,,,,,,,,,,,,
unknown,泉,202,203,260.855,261.355,0.9995117,,0.030540814623236656,0.020439403131604195,0.09682457894086838,0.2671675682067871,0.0089010214433074,0.09812755137681961,0.008140726946294308,0.03012561984360218,0.04669595882296562,0.04567519202828407,0.03098185919225216,0.032433342188596725,0.045516710728406906,0.05435728281736374,0.045172858983278275,0.05315230414271355,0.04690537601709366,0.02061174251139164,0.04645504802465439,0.05262763798236847,0.04598301276564598,0.017528139054775238,0.00994240865111351,0.023229913786053658,0.050963908433914185,0.0031697361264377832,0.1303972750902176,0.04640067741274834,0.007815110497176647,0.08514505624771118,0.0045855347998440266,0.010447323322296143,0.009689878672361374,0.00827063713222742,0.0765867754817009,0.0604083277285099,0.006043110508471727,0.05587819591164589,0.006514516659080982,0.058686513453722,0.079121895134449,0.007258339785039425,0.0029930532909929752,0.010119705460965633,0.1325489580631256,0.11789310723543167,0.01725010760128498,0.028834892436861992,0.034133099019527435,0.06336958706378937,0.0023682580795139074,0.009951907210052013,0.039229776710271835,,,,,,,,,,,,,,,
unknown,プ,204,205,263.33502,263.83502,0.25195312,,0.037011947482824326,0.03284226730465889,0.10209827870130539,0.29222413897514343,0.006272838916629553,0.061939917504787445,0.005672699771821499,0.03457241877913475,0.04535770043730736,0.047193605452775955,0.03655582666397095,0.025752484798431396,0.03949101269245148,0.03162933140993118,0.0341481938958168,0.08565277606248856,0.04489881917834282,0.017566584050655365,0.024206047877669334,0.027908146381378174,0.028214987367391586,0.010369792580604553,0.006571518257260323,0.04598238319158554,0.03958652541041374,0.0024280762299895287,0.18840724229812622,0.048936132341623306,0.006239271257072687,0.15407857298851013,0.002698287134990096,0.012886746786534786,0.006510909181088209,0.005257011856883764,0.08329588919878006,0.1300569772720337,0.012528864666819572,0.0631464272737503,0.00508548878133297,0.08539581298828125,0.051736991852521896,0.008781036362051964,0.005319437477737665,0.005709516815841198,0.08635596185922623,0.17168006300926208,0.026111017912626266,0.0185493566095829,0.027615660801529884,0.09845854341983795,0.0019639097154140472,0.01042287889868021,0.05865097790956497,,,,,,,,,,,,,,,
unknown,と,206,207,266.095,266.255,0.93652344,,0.02454756572842598,0.030043810606002808,0.07638503611087799,0.31878146529197693,0.006420420482754707,0.07025590538978577,0.008319244720041752,0.021871278062462807,0.06084921956062317,0.05902855843305588,0.03341095522046089,0.029962528496980667,0.05302250012755394,0.03373542055487633,0.03391839191317558,0.06438738852739334,0.07201433926820755,0.02116488106548786,0.024612024426460266,0.02926921658217907,0.025530178099870682,0.012538877315819263,0.008992564864456654,0.038020215928554535,0.04340748116374016,0.002321523381397128,0.19166256487369537,0.04410281777381897,0.005680769216269255,0.16324590146541595,0.003773082047700882,0.009879049845039845,0.008519226685166359,0.005487756337970495,0.09028617292642593,0.11027537286281586,0.013891169801354408,0.07459557801485062,0.004743968136608601,0.0631866455078125,0.04624840244650841,0.00598084507510066,0.006363621912896633,0.005935858469456434,0.09242212772369385,0.12224169075489044,0.030391689389944077,0.019425243139266968,0.02537526935338974,0.06586218625307083,0.001923405914567411,0.010298548266291618,0.04053355008363724,,,,,,,,,,,,,,,
unknown,待,208,209,266.255,266.755,0.5473633,,0.022306766360998154,0.03402840718626976,0.08404003828763962,0.22454094886779785,0.00250003719702363,0.026441305875778198,0.005154919810593128,0.029029659926891327,0.022475862875580788,0.0704113021492958,0.07523462176322937,0.033413391560316086,0.03651653975248337,0.05021752789616585,0.02293430082499981,0.17719873785972595,0.11448390036821365,0.02372404932975769,0.014058969914913177,0.008784634061157703,0.006089614238590002,0.00655326759442687,0.004432322457432747,0.08637688308954239,0.010305779054760933,0.001713014324195683,0.2867531478404999,0.0624917633831501,0.004128271713852882,0.2668418288230896,0.0017166290199384093,0.02625095099210739,0.006314802914857864,0.0019030733965337276,0.10687949508428574,0.22885940968990326,0.020379560068249702,0.12562471628189087,0.002979367971420288,0.062414154410362244,0.04160343483090401,0.012110119685530663,0.005950805265456438,0.007110802922397852,0.05567771941423416,0.21656376123428345,0.012736868113279343,0.008189774118363857,0.009518090635538101,0.054393086582422256,0.0014954096404835582,0.021060019731521606,0.0672832727432251,,,,,,,,,,,,,,,
unknown,お,210,211,273.215,273.33502,0.9189453,,0.024255074560642242,0.03443537652492523,0.08016350120306015,0.2731204926967621,0.0027147154323756695,0.02647327072918415,0.006064113695174456,0.030466916039586067,0.03128310665488243,0.06839651614427567,0.05843600258231163,0.03303277865052223,0.04643845558166504,0.05340070277452469,0.024965915828943253,0.13740484416484833,0.08550196141004562,0.02197388932108879,0.013116170652210712,0.010108099319040775,0.006894997786730528,0.007265106774866581,0.006184335798025131,0.0778249204158783,0.015167980454862118,0.001895188819617033,0.27576741576194763,0.0668518915772438,0.004232887644320726,0.25329145789146423,0.002333293203264475,0.023793384432792664,0.007004980463534594,0.0024472116492688656,0.10749594867229462,0.21907973289489746,0.018844207748770714,0.11947687715291977,0.003177724312990904,0.06538543105125427,0.040816519409418106,0.00859815627336502,0.005979083478450775,0.006730273365974426,0.07565046101808548,0.16955535113811493,0.012016559019684792,0.010220400057733059,0.010294582694768906,0.05339808017015457,0.0015866659814491868,0.01802999898791313,0.06020468473434448,,,,,,,,,,,,,,,
unknown,化,212,213,273.33502,273.495,0.7426758,,0.017671918496489525,0.024693859741091728,0.06158636510372162,0.2691589295864105,0.004163746256381273,0.05648554861545563,0.010178052820265293,0.019263828173279762,0.042337000370025635,0.07628413289785385,0.05384758859872818,0.028191205114126205,0.03396306559443474,0.046946704387664795,0.02765890210866928,0.1317169964313507,0.08868400007486343,0.020153257995843887,0.027749765664339066,0.016902020201086998,0.012990321964025497,0.01262183953076601,0.007058900780975819,0.04971308261156082,0.03181678429245949,0.002402213867753744,0.22467108070850372,0.04105968400835991,0.004152554553002119,0.20607322454452515,0.0031160602811723948,0.025570714846253395,0.014878869988024235,0.003043337259441614,0.09401017427444458,0.16746199131011963,0.015597837045788765,0.09107577800750732,0.004736530128866434,0.05275781825184822,0.06530415266752243,0.015843791887164116,0.004799681715667248,0.008399654179811478,0.06932035833597183,0.1984424740076065,0.013879111036658287,0.018561648204922676,0.018101157620549202,0.07160963863134384,0.0019033942371606827,0.026295430958271027,0.04747817665338516,,,,,,,,,,,,,,,
unknown,け,214,215,273.495,273.61502,0.65722656,,0.022655360400676727,0.031421177089214325,0.07256031781435013,0.2729157507419586,0.004101928323507309,0.049625903367996216,0.010274462401866913,0.023784279823303223,0.046648550778627396,0.07399363815784454,0.04573848843574524,0.027609845623373985,0.02912977896630764,0.03967292606830597,0.026668047532439232,0.12021113187074661,0.04892481490969658,0.021708644926548004,0.023493550717830658,0.01436511892825365,0.01132846251130104,0.013814442791044712,0.00606943666934967,0.05672935023903847,0.03613505885004997,0.0034210269805043936,0.23543302714824677,0.047370366752147675,0.004019576590508223,0.2095007300376892,0.0033080538269132376,0.028056254610419273,0.01307283341884613,0.0032680558506399393,0.07547647505998611,0.19583304226398468,0.020918557420372963,0.09386205673217773,0.007174093276262283,0.0652691125869751,0.05430452153086662,0.014246011152863503,0.00679350271821022,0.010369574651122093,0.07440445572137833,0.16884005069732666,0.014351851306855679,0.01929905265569687,0.015310673974454403,0.06017330661416054,0.002485617296770215,0.03686241805553436,0.0545232929289341,,,,,,,,,,,,,,,
unknown,屋,216,217,273.61502,273.73502,0.9892578,,0.010182606056332588,0.014364647679030895,0.045344531536102295,0.19184015691280365,0.006703520659357309,0.10191335529088974,0.017974914982914925,0.013277433812618256,0.044742994010448456,0.12383350729942322,0.05252644792199135,0.025560136884450912,0.02398374117910862,0.045594487339258194,0.02899036929011345,0.09426857531070709,0.0651693120598793,0.020440110936760902,0.057260364294052124,0.02305789291858673,0.0183961633592844,0.031165605410933495,0.006870594806969166,0.02942262776196003,0.036951277405023575,0.005309216678142548,0.15834471583366394,0.027415640652179718,0.004336544778198004,0.13569584488868713,0.004773079417645931,0.020486975088715553,0.023168867453932762,0.004294128622859716,0.0534239187836647,0.11542540043592453,0.011147736571729183,0.09497131407260895,0.016967104747891426,0.032408393919467926,0.06540071219205856,0.01785949431359768,0.003551390953361988,0.027639031410217285,0.07964058220386505,0.11713387072086334,0.007288145367056131,0.027809089049696922,0.022172998636960983,0.03644449636340141,0.003493652446195483,0.08201813697814941,0.03257066383957863,,,,,,,,,,,,,,,
unknown,敷,218,219,273.73502,274.23502,0.9995117,,0.011806350201368332,0.01975269429385662,0.0659506767988205,0.1651284098625183,0.00833102036267519,0.0876101702451706,0.016895310953259468,0.01524753961712122,0.04578184336423874,0.12897612154483795,0.04096625745296478,0.030475681647658348,0.028858274221420288,0.044326961040496826,0.03896971419453621,0.0808667242527008,0.10725019872188568,0.02592937834560871,0.034509919583797455,0.027058465406298637,0.02278735302388668,0.024209368973970413,0.006930168718099594,0.03493604436516762,0.026644399389624596,0.003516075201332569,0.21792109310626984,0.03772274777293205,0.005907347891479731,0.19324736297130585,0.005139459855854511,0.018537534400820732,0.016162998974323273,0.005199410952627659,0.07184556871652603,0.11410196125507355,0.011640080250799656,0.07948289811611176,0.009142459370195866,0.043087437748909,0.04299832507967949,0.008444922044873238,0.0036952137015759945,0.0184506606310606,0.10597174614667892,0.10197634249925613,0.009396987967193127,0.022201431915163994,0.016543181613087654,0.028693052008748055,0.002490655519068241,0.03257368505001068,0.03191405162215233,,,,,,,,,,,,,,,
unknown,ベ,220,221,278.38998,278.55,0.9550781,,0.009817824698984623,0.016447706148028374,0.07761385291814804,0.14385280013084412,0.008332115598022938,0.07644353806972504,0.015941737219691277,0.01486730482429266,0.02381129376590252,0.086215540766716,0.05319191887974739,0.0487678162753582,0.014655063860118389,0.03534227982163429,0.033825140446424484,0.130736842751503,0.11710162460803986,0.056044310331344604,0.023509275168180466,0.015692224726080894,0.0147158894687891,0.021944602951407433,0.0032389359548687935,0.06517241150140762,0.014285682700574398,0.003165830159559846,0.31738245487213135,0.037311989814043045,0.00394360302016139,0.305509090423584,0.004588046111166477,0.02965216338634491,0.010653575882315636,0.004505367949604988,0.07211688160896301,0.15316633880138397,0.01057041622698307,0.05044114217162132,0.009118098765611649,0.06679603457450867,0.039191361516714096,0.019506944343447685,0.0033527661580592394,0.012761496007442474,0.07586821913719177,0.19602690637111664,0.009730675257742405,0.011962131597101688,0.012281347066164017,0.03180716186761856,0.002196116838604212,0.02753879688680172,0.07425785809755325,,,,,,,,,,,,,,,
unknown,ッ,222,223,278.55,278.66998,0.73779297,,0.01956656575202942,0.018665064126253128,0.08758768439292908,0.17858096957206726,0.008355461992323399,0.06733785569667816,0.013010231778025627,0.023580722510814667,0.022393647581338882,0.06406719982624054,0.054587818682193756,0.07633567601442337,0.02836860530078411,0.06476237624883652,0.03991685435175896,0.12435121089220047,0.0612076111137867,0.07818614691495895,0.02937586046755314,0.020000938326120377,0.011807722970843315,0.01699797995388508,0.006249669007956982,0.05633514001965523,0.014120050705969334,0.003363481955602765,0.3375534415245056,0.05012964829802513,0.004230773076415062,0.289660781621933,0.0051629627123475075,0.0359605997800827,0.006749076768755913,0.004587011877447367,0.09741155058145523,0.15313763916492462,0.008778952993452549,0.07277172803878784,0.0064118895679712296,0.0782814472913742,0.058558955788612366,0.021603716537356377,0.003871135413646698,0.012432003393769264,0.09177152067422867,0.1998664140701294,0.008843088522553444,0.01064319908618927,0.01532429363578558,0.04637983441352844,0.0025135863106697798,0.016093779355287552,0.1089591234922409,,,,,,,,,,,,,,,
unknown,ト,224,225,278.66998,279.16998,0.57910156,,0.009400282986462116,0.011579634621739388,0.048071734607219696,0.15791314840316772,0.022948360070586205,0.1855352371931076,0.014372271485626698,0.011829509399831295,0.022292345762252808,0.10584954172372818,0.03861888498067856,0.0559731163084507,0.031688444316387177,0.047886673361063004,0.05618923902511597,0.06690479069948196,0.07725542038679123,0.06038234755396843,0.06128096207976341,0.044502221047878265,0.026375798508524895,0.02906038612127304,0.007042150478810072,0.02955019846558571,0.013912812806665897,0.003098065033555031,0.23324058949947357,0.029077846556901932,0.004411402624100447,0.19717134535312653,0.005193702876567841,0.014175938442349434,0.0072185886092484,0.005533765535801649,0.06976105272769928,0.08430483937263489,0.006377309560775757,0.05604115501046181,0.009476853534579277,0.04346368461847305,0.052579089999198914,0.01023279782384634,0.00268026371486485,0.017589140683412552,0.11055777966976166,0.11125190556049347,0.00805665086954832,0.01204267144203186,0.024066757410764694,0.026580283418297768,0.002077893353998661,0.023378660902380943,0.05468914285302162,,,,,,,,,,,,,,,
unknown,非,226,227,288.27,288.77,0.34765625,,0.015221179462969303,0.01885913498699665,0.07411213219165802,0.16156673431396484,0.016382204368710518,0.12551714479923248,0.012956309132277966,0.02038498967885971,0.0211567971855402,0.06581538915634155,0.03791305795311928,0.03857376053929329,0.021142249926924706,0.04093417152762413,0.04700081795454025,0.07346102595329285,0.05743042007088661,0.044913992285728455,0.05012393370270729,0.03432277962565422,0.023494523018598557,0.025634387508034706,0.004757468588650227,0.038698047399520874,0.01498358603566885,0.004059046972543001,0.2461775839328766,0.036664046347141266,0.005081210285425186,0.2185584455728531,0.004952788352966309,0.023932691663503647,0.007319846656173468,0.006239717826247215,0.06539785861968994,0.11764103174209595,0.009161236695945263,0.052050117403268814,0.009535086341202259,0.04830271005630493,0.047760430723428726,0.012602753937244415,0.003393863793462515,0.020264090970158577,0.11550195515155792,0.11947185546159744,0.008309162221848965,0.012962655164301395,0.022896168753504753,0.03403007239103317,0.00281222490593791,0.020326049998402596,0.05332315340638161,,,,,,,,,,,,,,,
unknown,本,228,229,289.94998,290.22998,0.7470703,,0.004153633955866098,0.004808173980563879,0.022386584430933,0.1140473261475563,0.05031793192028999,0.2193726897239685,0.025658730417490005,0.006755512673407793,0.018266091123223305,0.08153992146253586,0.030534399673342705,0.05740056931972504,0.017317485064268112,0.024882718920707703,0.06407921016216278,0.059589847922325134,0.04597264900803566,0.09509443491697311,0.059678804129362106,0.04604293033480644,0.03172612562775612,0.05153147876262665,0.0045795380137860775,0.028257479891180992,0.012768995016813278,0.0030784353148192167,0.25441035628318787,0.014832410030066967,0.0022235759533941746,0.24921353161334991,0.011007390916347504,0.012646518647670746,0.008022110909223557,0.011447649449110031,0.04802819713950157,0.06055551394820213,0.002639735583215952,0.02673683874309063,0.013109050691127777,0.04788690060377121,0.03745713457465172,0.018274296075105667,0.0009126915247179568,0.02004067786037922,0.08921334892511368,0.10945376008749008,0.0031653083860874176,0.011429062113165855,0.03361451253294945,0.022348128259181976,0.0020120269618928432,0.02059984765946865,0.0889413133263588,,,,,,,,,,,,,,,
unknown,庁,230,231,290.22998,290.72998,0.28515625,,0.014671589247882366,0.014862669631838799,0.033570297062397,0.1795462816953659,0.03919201344251633,0.2143770456314087,0.026915259659290314,0.014136252924799919,0.04566933959722519,0.05869587883353233,0.022388024255633354,0.026556281372904778,0.028904639184474945,0.04107128456234932,0.06897924095392227,0.038921646773815155,0.04514462500810623,0.041092388331890106,0.1256566196680069,0.07462826371192932,0.045954979956150055,0.05859066918492317,0.010715785436332226,0.018866384401917458,0.04640519246459007,0.008094048127532005,0.140468567609787,0.02450479008257389,0.007219241466373205,0.11510265618562698,0.011324834078550339,0.01418500766158104,0.01457996666431427,0.012723954394459724,0.04282870143651962,0.06070665642619133,0.007913858629763126,0.07214301824569702,0.024547507986426353,0.03816460445523262,0.06303589046001434,0.01101844571530819,0.004240578971803188,0.0509275421500206,0.11688178032636642,0.069150909781456,0.011411442421376705,0.033789895474910736,0.04733538627624512,0.027803122997283936,0.0049787284806370735,0.01969795860350132,0.03834569454193115,,,,,,,,,,,,,,,
unknown,海,232,233,296.245,296.745,0.99658203,,0.012178413569927216,0.00875716283917427,0.03850459307432175,0.15770891308784485,0.04842307046055794,0.3115903437137604,0.015967335551977158,0.011502404697239399,0.039779096841812134,0.055808477103710175,0.021698789671063423,0.020158113911747932,0.025137953460216522,0.03679913654923439,0.09223668277263641,0.04190331697463989,0.04387323558330536,0.027191750705242157,0.1718653291463852,0.10479100048542023,0.08582992106676102,0.04650788754224777,0.0085441954433918,0.01325247436761856,0.056831445544958115,0.005979818291962147,0.08380531519651413,0.018765166401863098,0.009125794284045696,0.056841567158699036,0.005390126258134842,0.013489942066371441,0.014426307752728462,0.010186550207436085,0.03137101233005524,0.036769259721040726,0.0038545127026736736,0.04041532427072525,0.020719820633530617,0.03451945260167122,0.06949914246797562,0.014093620702624321,0.0026283832266926765,0.03800172731280327,0.14229260385036469,0.08797027170658112,0.013698620721697807,0.041069261729717255,0.05254724621772766,0.030048951506614685,0.003622370306402445,0.02121906355023384,0.034676969051361084,,,,,,,,,,,,,,,
unknown,普,234,235,303.76498,303.965,0.93408203,,0.026576053351163864,0.021127058193087578,0.062239307910203934,0.1907387673854828,0.01846225932240486,0.14565663039684296,0.01610119268298149,0.017162634059786797,0.04745374247431755,0.05704689770936966,0.040833838284015656,0.05599692463874817,0.05145271494984627,0.08159763365983963,0.06676480174064636,0.06291474401950836,0.04735223576426506,0.05614539980888367,0.07794148474931717,0.06278932839632034,0.025524936616420746,0.02526259608566761,0.015826910734176636,0.01881137490272522,0.031311582773923874,0.008532733656466007,0.20699843764305115,0.03549453616142273,0.007821191102266312,0.11263970285654068,0.005447679664939642,0.017973821610212326,0.008705156855285168,0.0053597972728312016,0.08734890073537827,0.07278300821781158,0.010376347228884697,0.11821631342172623,0.014113747514784336,0.05530725419521332,0.06835784018039703,0.010630112141370773,0.0056547443382442,0.02207903005182743,0.10344935953617096,0.10963145643472672,0.01323566772043705,0.020915312692523003,0.026296796277165413,0.03119368851184845,0.006164822727441788,0.015286196954548359,0.052491459995508194,,,,,,,,,,,,,,,
unknown,通,236,237,303.965,304.465,0.96972656,,0.031236637383699417,0.0231778584420681,0.07484167069196701,0.2488947957754135,0.01393155287951231,0.13355395197868347,0.017739489674568176,0.022187499329447746,0.06803443282842636,0.0434902161359787,0.03488887473940849,0.03600887954235077,0.05690879002213478,0.09252487123012543,0.060503218322992325,0.05382327362895012,0.03232502564787865,0.03418115898966789,0.11603204905986786,0.08412665873765945,0.03510792925953865,0.029989980161190033,0.0218892190605402,0.019616257399320602,0.06166943535208702,0.010410639457404613,0.16248565912246704,0.04073420912027359,0.008579492568969727,0.0917004719376564,0.006925697438418865,0.012816871516406536,0.012229991145431995,0.007344180252403021,0.06864473968744278,0.07592765241861343,0.01137960609048605,0.15396101772785187,0.016445597633719444,0.043394844979047775,0.10317898541688919,0.0111696170642972,0.008370454423129559,0.03358156979084015,0.09534119069576263,0.09187550842761993,0.01993183046579361,0.03665205463767052,0.03905212879180908,0.04289675131440163,0.006950000301003456,0.01907782070338726,0.04029666259884834,,,,,,,,,,,,,,,
unknown,教,238,239,309.69778,310.01758,0.8671875,,0.027273239567875862,0.025019973516464233,0.05075271055102348,0.18269982933998108,0.024413486942648888,0.1661435216665268,0.02653486467897892,0.021121598780155182,0.06145099550485611,0.04772401601076126,0.032311614602804184,0.039710793644189835,0.07199811190366745,0.08514496684074402,0.06286943703889847,0.04185432940721512,0.05439247936010361,0.05027488246560097,0.11724230647087097,0.08459445089101791,0.033523719757795334,0.043168239295482635,0.024356991052627563,0.01982104778289795,0.041881777346134186,0.011950753629207611,0.17642173171043396,0.037618979811668396,0.010202345438301563,0.11406735330820084,0.010162725113332272,0.012914765626192093,0.012404239736497402,0.008598735556006432,0.07967695593833923,0.06301342695951462,0.012625371105968952,0.11497918516397476,0.02013186551630497,0.03996594622731209,0.08378386497497559,0.010417679324746132,0.008813788183033466,0.04327550530433655,0.09132475405931473,0.07007936388254166,0.021622957661747932,0.030085468664765358,0.044546037912368774,0.03857420012354851,0.008536359295248985,0.01817169599235058,0.03798075392842293,,,,,,,,,,,,,,,
unknown,会,240,241,310.01758,310.51758,0.73535156,,0.02131177857518196,0.0213328804820776,0.03941743075847626,0.20082131028175354,0.015669971704483032,0.1327701061964035,0.0353190153837204,0.014001796022057533,0.06625403463840485,0.06017862260341644,0.025325220078229904,0.05727478116750717,0.05024341866374016,0.05841458588838577,0.04368111863732338,0.03625234588980675,0.04733656346797943,0.08187441527843475,0.06413080543279648,0.0484984926879406,0.018396077677607536,0.04038722813129425,0.020063316449522972,0.01944487914443016,0.039482757449150085,0.006780197843909264,0.2763037383556366,0.029886852949857712,0.005925493314862251,0.21026436984539032,0.014035521075129509,0.010552807711064816,0.010100357234477997,0.006487942300736904,0.08690322935581207,0.07091597467660904,0.010348351672291756,0.08575355261564255,0.01363289263099432,0.054555755108594894,0.06029218062758446,0.007476334925740957,0.005379882175475359,0.022859659045934677,0.07415001094341278,0.0681755542755127,0.013802621513605118,0.022080237045884132,0.026105469092726707,0.02856997214257717,0.004714812617748976,0.017248796299099922,0.04573158547282219,,,,,,,,,,,,,,,
unknown,冷,242,243,314.85443,315.17422,0.9926758,,0.02623138204216957,0.01888168230652809,0.04013549163937569,0.17868712544441223,0.01988096348941326,0.1607515960931778,0.027436083182692528,0.019916629418730736,0.09044463187456131,0.04148486629128456,0.027713164687156677,0.03797405958175659,0.06745912879705429,0.09967726469039917,0.06931766122579575,0.02082335390150547,0.02904202975332737,0.03703108802437782,0.11050757765769958,0.10658629983663559,0.04098903387784958,0.0395461805164814,0.031895238906145096,0.008771880529820919,0.06778352707624435,0.015970826148986816,0.09821700304746628,0.033011484891176224,0.01293125282973051,0.05821466073393822,0.011454811319708824,0.006904659327119589,0.014723742380738258,0.009175004437565804,0.08486597239971161,0.028792260214686394,0.008269433863461018,0.07786327600479126,0.016761820763349533,0.026593461632728577,0.10870862752199173,0.006049109157174826,0.008703821338713169,0.037166938185691833,0.10362401604652405,0.03796295449137688,0.025430696085095406,0.04393010213971138,0.04570840299129486,0.029957031831145287,0.011596856638789177,0.01573850028216839,0.018734384328126907,,,,,,,,,,,,,,,
unknown,た,244,245,315.17422,315.29413,0.99902344,,0.030696429312229156,0.02143462561070919,0.05096808075904846,0.18882767856121063,0.018778091296553612,0.1562197059392929,0.018796980381011963,0.020155148580670357,0.09517019987106323,0.052174247801303864,0.04093111306428909,0.032151900231838226,0.06459776312112808,0.0967024564743042,0.0733930692076683,0.032365571707487106,0.04443443566560745,0.031538646668195724,0.11686532199382782,0.10817626863718033,0.046100761741399765,0.02772148884832859,0.030233826488256454,0.010766624473035336,0.07580576092004776,0.014686082489788532,0.07881466299295425,0.03736467659473419,0.019125377759337425,0.04574225842952728,0.006454383954405785,0.008954203687608242,0.01619456708431244,0.006324440240859985,0.098052978515625,0.032782431691884995,0.010458107106387615,0.060020435601472855,0.013159390538930893,0.025438304990530014,0.11130873113870621,0.009506569243967533,0.0157688669860363,0.033032871782779694,0.09720002114772797,0.05929912254214287,0.06579838693141937,0.048317283391952515,0.04817419499158859,0.04273925721645355,0.01188268419355154,0.01559370942413807,0.019075872376561165,,,,,,,,,,,,,,,
unknown,い,246,247,315.29413,315.79413,0.9995117,,0.027058061212301254,0.019559700042009354,0.060805950313806534,0.21119357645511627,0.01272754929959774,0.132402241230011,0.01789734698832035,0.019195010885596275,0.09042807668447495,0.0531904362142086,0.05185924842953682,0.04418044909834862,0.06184425577521324,0.1056424230337143,0.061499930918216705,0.044151365756988525,0.04700431227684021,0.04299366474151611,0.0849713534116745,0.08427389711141586,0.033460427075624466,0.023215511813759804,0.02791050262749195,0.013540208339691162,0.06527504324913025,0.011529091745615005,0.10265874862670898,0.04077763482928276,0.014759876765310764,0.05806674063205719,0.00617901049554348,0.009920192882418633,0.014707800932228565,0.00514598423615098,0.10483146458864212,0.039533670991659164,0.009466119110584259,0.05234644562005997,0.009948314167559147,0.037067823112010956,0.11902593821287155,0.011583634652197361,0.013308522291481495,0.02349378913640976,0.1048932671546936,0.08256828784942627,0.060013361275196075,0.03969638794660568,0.03708484396338463,0.04482873156666756,0.00953701138496399,0.014472308568656445,0.027415094897150993,,,,,,,,,,,,,,,
unknown,人,248,249,323.104,323.34384,0.99316406,,0.021051470190286636,0.015166360884904861,0.043238356709480286,0.1963844746351242,0.013654015958309174,0.13684812188148499,0.025646556168794632,0.015108349733054638,0.09931387007236481,0.0729261040687561,0.05063588172197342,0.05483726039528847,0.04638713225722313,0.09445812553167343,0.058024246245622635,0.042740002274513245,0.04017725586891174,0.06498154997825623,0.07853186875581741,0.07016833871603012,0.02820410579442978,0.02847704477608204,0.02890055626630783,0.012990260496735573,0.0712648257613182,0.00987645797431469,0.13091783225536346,0.0350494347512722,0.012179950252175331,0.07972456514835358,0.008999672718346119,0.008317550644278526,0.015519971027970314,0.0052233412861824036,0.09666447341442108,0.03912211209535599,0.007527710869908333,0.042781583964824677,0.0111306831240654,0.043064042925834656,0.11684685945510864,0.010766752064228058,0.01025614608079195,0.02229849435389042,0.09805642813444138,0.07800924777984619,0.04230307787656784,0.04156467318534851,0.032722700387239456,0.03946886584162712,0.00762240681797266,0.019776824861764908,0.033138882368803024,,,,,,,,,,,,,,,
unknown,生,250,251,323.34384,323.84384,0.99609375,,0.03254835307598114,0.020235594362020493,0.05165484920144081,0.1858712136745453,0.011889212764799595,0.13545458018779755,0.019003761932253838,0.021629992872476578,0.08370258659124374,0.08136678487062454,0.05411239340901375,0.05865655466914177,0.060482338070869446,0.09504405409097672,0.048882801085710526,0.04044327512383461,0.03754143416881561,0.0577193945646286,0.09645587205886841,0.06345812231302261,0.02262897603213787,0.025522764772176743,0.02660135179758072,0.011122887954115868,0.06042877212166786,0.011230607517063618,0.12893478572368622,0.03936255723237991,0.013447175733745098,0.07180416584014893,0.006921994499862194,0.00860453862696886,0.012471399269998074,0.004606862552464008,0.11712976545095444,0.03688005357980728,0.007954920642077923,0.054768096655607224,0.011862554587423801,0.04006562381982803,0.12316775321960449,0.009931039996445179,0.009044211357831955,0.025151893496513367,0.08004078269004822,0.07651732861995697,0.031839627772569656,0.03537582978606224,0.04056575521826744,0.04895208775997162,0.009352902881801128,0.016772329807281494,0.031962670385837555,,,,,,,,,,,,,,,
unknown,旅,252,253,325.86215,325.98206,0.8276367,,0.025925591588020325,0.011811619624495506,0.04034249112010002,0.18112029135227203,0.028817739337682724,0.21227630972862244,0.015120567753911018,0.01900188997387886,0.04789259284734726,0.09020888805389404,0.0462249293923378,0.0742872878909111,0.05447825416922569,0.087537981569767,0.09522707015275955,0.02426314912736416,0.023924445733428,0.08383448421955109,0.11022033542394638,0.11973533034324646,0.035910800099372864,0.024646785110235214,0.02538268454372883,0.007293981499969959,0.026093563064932823,0.01010911725461483,0.1624080240726471,0.02923048473894596,0.015357810072600842,0.08626695722341537,0.007145741954445839,0.004886689595878124,0.005284800659865141,0.006060173735022545,0.13351687788963318,0.024521296843886375,0.0031522181816399097,0.03294947370886803,0.008082033134996891,0.029816552996635437,0.08564422279596329,0.005085144657641649,0.0033981595188379288,0.02028636820614338,0.13237857818603516,0.04701639339327812,0.012359241023659706,0.02025422267615795,0.0425742082297802,0.030062606558203697,0.008917075581848621,0.012461142614483833,0.03229861333966255,,,,,,,,,,,,,,,
unknown,た,254,255,325.98206,326.14194,0.5029297,,0.023481300100684166,0.007795437704771757,0.042122453451156616,0.15967383980751038,0.06970784813165665,0.30674901604652405,0.00815117172896862,0.017166081815958023,0.040324628353118896,0.052416570484638214,0.04199885576963425,0.05225813388824463,0.03365651145577431,0.07913421839475632,0.22191378474235535,0.021608686074614525,0.010044940747320652,0.06643395125865936,0.13755051791667938,0.28500276803970337,0.12302543967962265,0.022478289902210236,0.02256292663514614,0.004509573336690664,0.032495275139808655,0.012142607010900974,0.0838761106133461,0.02271266281604767,0.017595183104276657,0.032411277294158936,0.005293818656355143,0.00368248438462615,0.004513452760875225,0.011135135777294636,0.09290541708469391,0.01293909177184105,0.0020754579454660416,0.023892123252153397,0.009062177501618862,0.03316707909107208,0.08800576627254486,0.004280898720026016,0.0027825008146464825,0.01762530393898487,0.16300703585147858,0.04572900012135506,0.014884020201861858,0.02938016876578331,0.055646054446697235,0.023609932512044907,0.009626134298741817,0.010924954898655415,0.03304826468229294,,,,,,,,,,,,,,,
unknown,ち,256,257,326.14194,326.64194,0.82714844,,0.016912229359149933,0.006267901044338942,0.0386243611574173,0.15703798830509186,0.05518362671136856,0.30227628350257874,0.009367483668029308,0.012162390165030956,0.04117371886968613,0.06998119503259659,0.04835278168320656,0.0630858913064003,0.042057156562805176,0.08945594727993011,0.17597346007823944,0.024676624685525894,0.012920009903609753,0.07490042597055435,0.1170259639620781,0.21197554469108582,0.08400056511163712,0.02318100817501545,0.025359226390719414,0.004182701464742422,0.02817944623529911,0.009567390196025372,0.08902455866336823,0.019754799082875252,0.013514343649148941,0.03299844637513161,0.005141777917742729,0.004035610239952803,0.0046146223321557045,0.007535168901085854,0.09986598789691925,0.013710149563848972,0.0021241074427962303,0.02205672860145569,0.009278095327317715,0.034892093390226364,0.08805887401103973,0.004246260970830917,0.002469669794663787,0.016523508355021477,0.18291634321212769,0.0476493313908577,0.01123574934899807,0.024048810824751854,0.0440688394010067,0.021651260554790497,0.007414551451802254,0.014871496707201004,0.03206344321370125,,,,,,,,,,,,,,,
unknown,森,258,259,333.73682,334.23682,0.765625,,0.023296989500522614,0.012585407122969627,0.037018585950136185,0.1290845274925232,0.05557623505592346,0.24017882347106934,0.013018319383263588,0.01334511861205101,0.03889719396829605,0.06015824154019356,0.0380709208548069,0.05433670058846474,0.04406866058707237,0.06510116904973984,0.11657223850488663,0.024768460541963577,0.027605246752500534,0.08484061807394028,0.08052613586187363,0.12595559656620026,0.051334816962480545,0.029431050643324852,0.01998727209866047,0.006982031278312206,0.019891973584890366,0.009652805514633656,0.15133826434612274,0.021876240149140358,0.013019858859479427,0.06513645499944687,0.006594380829483271,0.006102452520281076,0.004455044399946928,0.006691528018563986,0.12103607505559921,0.023500697687268257,0.004608435090631247,0.022921191528439522,0.011290459893643856,0.036230601370334625,0.06358425319194794,0.0038886447437107563,0.003850821638479829,0.0171577800065279,0.11782514303922653,0.04868486151099205,0.014465512707829475,0.016881970688700676,0.0347461998462677,0.023403571918606758,0.007728002965450287,0.012460808269679546,0.03096192516386509,,,,,,,,,,,,,,,
unknown,ド,260,261,339.43002,339.67,0.57666016,,0.01817840337753296,0.009807662107050419,0.028855716809630394,0.14083503186702728,0.07426809519529343,0.23010192811489105,0.01112051960080862,0.010511212050914764,0.03925611078739166,0.038563381880521774,0.029730526730418205,0.05611847713589668,0.04804643243551254,0.0717892199754715,0.15577173233032227,0.014255667105317116,0.03306524083018303,0.09923429042100906,0.06856842339038849,0.16632670164108276,0.07025949656963348,0.02499554306268692,0.024394461885094643,0.0055761453695595264,0.019555652514100075,0.008511289022862911,0.11808992922306061,0.021643541753292084,0.016093073412775993,0.049125660210847855,0.007541261613368988,0.0029413714073598385,0.004673573654145002,0.009215696714818478,0.13493353128433228,0.014041793532669544,0.0035653274971991777,0.021734576672315598,0.00777405546978116,0.029034437611699104,0.05644920468330383,0.0019850973039865494,0.004483340308070183,0.01293069776147604,0.13173717260360718,0.032253216952085495,0.023082802072167397,0.019134096801280975,0.03335050493478775,0.015663594007492065,0.0071608927100896835,0.005713040474802256,0.025326306000351906,,,,,,,,,,,,,,,
unknown,路,262,263,339.67,340.17,0.79003906,,0.01728292554616928,0.008070786483585835,0.03061695210635662,0.12296745181083679,0.08493822813034058,0.24354436993598938,0.006676179822534323,0.010474609211087227,0.03524882718920708,0.028940340504050255,0.03666558116674423,0.05188906192779541,0.038856904953718185,0.08359231799840927,0.22786974906921387,0.016569390892982483,0.01338634267449379,0.09010917693376541,0.0735362097620964,0.24428382515907288,0.0998380184173584,0.017974507063627243,0.023127302527427673,0.0044443560764193535,0.020347610116004944,0.011000074446201324,0.08862783014774323,0.02005203254520893,0.014365117065608501,0.02874615602195263,0.004399018827825785,0.002635336946696043,0.004963272251188755,0.008173166774213314,0.10549896210432053,0.011214496567845345,0.0031068387906998396,0.01654895208775997,0.006445802748203278,0.03547853231430054,0.06732071191072464,0.0019197076326236129,0.0039451224729418755,0.01190122775733471,0.14947985112667084,0.035265933722257614,0.018803348764777184,0.024070950224995613,0.03128543496131897,0.01262299157679081,0.009443677961826324,0.005443177651613951,0.029445238411426544,,,,,,,,,,,,,,,
unknown,生,264,265,348.35,348.85,0.18139648,,0.022738425061106682,0.012322847731411457,0.03224533796310425,0.14023713767528534,0.0808124989271164,0.24995537102222443,0.00825194176286459,0.011153263971209526,0.038939494639635086,0.028058890253305435,0.024938754737377167,0.03063276596367359,0.03353889286518097,0.052101559937000275,0.17302930355072021,0.016456101089715958,0.0198995228856802,0.06587257236242294,0.09957617521286011,0.20479215681552887,0.09135143458843231,0.022572308778762817,0.01815488375723362,0.006024161819368601,0.02846294455230236,0.009889209643006325,0.10211082547903061,0.018326325342059135,0.015881996601819992,0.04201865941286087,0.004780912306159735,0.0036569777876138687,0.006037655286490917,0.007936360314488411,0.08200811594724655,0.01723182201385498,0.0046641952358186245,0.017393600195646286,0.00848515797406435,0.03443290293216705,0.06492298096418381,0.002666264306753874,0.004807340446859598,0.015605966560542583,0.13197480142116547,0.03951715677976608,0.023104293271899223,0.02759324014186859,0.03598024323582649,0.01716676540672779,0.008641495369374752,0.005542924627661705,0.028794333338737488,,,,,,,,,,,,,,,
unknown,浜,266,267,350.23,350.35,0.26171875,,0.025420935824513435,0.012984909117221832,0.032509781420230865,0.17089958488941193,0.06486857682466507,0.19480137526988983,0.0075592175126075745,0.013242651708424091,0.047510694712400436,0.026211397722363472,0.029456499963998795,0.033984459936618805,0.043756064027547836,0.06337879598140717,0.17597399652004242,0.01662771962583065,0.016725799068808556,0.05279357731342316,0.0669270008802414,0.21049532294273376,0.10493462532758713,0.01826426573097706,0.022101884707808495,0.005832227878272533,0.032815415412187576,0.009727105498313904,0.09557871520519257,0.0204947367310524,0.01370945479720831,0.03981158137321472,0.005345984827727079,0.004053184762597084,0.006359657272696495,0.010196084156632423,0.10962401330471039,0.0176133681088686,0.004905369132757187,0.025246737524867058,0.006246529053896666,0.03627447783946991,0.06426933407783508,0.002569720149040222,0.005017475690692663,0.011735030449926853,0.1709478795528412,0.038488712161779404,0.026377014815807343,0.02921142429113388,0.03795883059501648,0.02176665887236595,0.008780363015830517,0.004941553343087435,0.027099929749965668,,,,,,,,,,,,,,,
unknown,い,268,269,350.35,350.745,0.54248047,,0.02790992148220539,0.012679154053330421,0.03490035980939865,0.17841944098472595,0.06991405785083771,0.2239333987236023,0.007258336991071701,0.01460830494761467,0.05013970285654068,0.02556704357266426,0.027576293796300888,0.034854963421821594,0.04353536292910576,0.06221675127744675,0.20022983849048615,0.016276588663458824,0.01622173748910427,0.061953745782375336,0.08710647374391556,0.26218268275260925,0.12545914947986603,0.018548963591456413,0.02542697824537754,0.006267903838306665,0.03867439925670624,0.010691451840102673,0.09347884356975555,0.021852318197488785,0.017519285902380943,0.037089210003614426,0.005169472191482782,0.004091745708137751,0.00750184478238225,0.010175072588026524,0.10184776037931442,0.01634761318564415,0.004223839845508337,0.014722992666065693,0.0056376890279352665,0.03299066796898842,0.07616248726844788,0.002919900231063366,0.005082547198981047,0.011289175599813461,0.1712791621685028,0.04012205824255943,0.03176487237215042,0.035693567246198654,0.04385931417346001,0.02387738786637783,0.0103278374299407,0.00528631592169404,0.028236445039510727,,,,,,,,,,,,,,,
unknown,悲,270,271,357.3166,357.8166,0.89990234,,0.03365053981542587,0.015114715322852135,0.04283938556909561,0.19468633830547333,0.04779936745762825,0.2174157202243805,0.0044882516376674175,0.017430925741791725,0.053241584450006485,0.042257051914930344,0.02679247409105301,0.017996950075030327,0.0491386353969574,0.06652534008026123,0.1909790337085724,0.018939688801765442,0.01852172240614891,0.026805026456713676,0.1253707855939865,0.2632172107696533,0.1079092025756836,0.013627100735902786,0.023498933762311935,0.006389198359102011,0.038289450109004974,0.00952700525522232,0.07095969468355179,0.023880047723650932,0.032090552151203156,0.03051881678402424,0.0025561207439750433,0.003552305279299617,0.007482509594410658,0.006039350293576717,0.07755632698535919,0.021192366257309914,0.004317087586969137,0.027927743270993233,0.005748365540057421,0.033963534981012344,0.06602618098258972,0.002629190217703581,0.005215511657297611,0.022395115345716476,0.23807448148727417,0.03764963895082474,0.029307620599865913,0.04229080677032471,0.03998074308037758,0.02121708169579506,0.009291981346905231,0.0067630126141011715,0.022092612460255623,,,,,,,,,,,,,,,
unknown,猫,272,273,362.62982,363.12982,0.9550781,,0.035093754529953,0.01842520385980606,0.04189739003777504,0.1975191980600357,0.029598379507660866,0.13741961121559143,0.01021166704595089,0.021570362150669098,0.07912816107273102,0.04952513426542282,0.030928516760468483,0.019980138167738914,0.05180056393146515,0.08297135680913925,0.12759022414684296,0.016612010076642036,0.018424220383167267,0.0219830684363842,0.08220290392637253,0.1579575538635254,0.077886201441288,0.020614497363567352,0.02528957650065422,0.006031113676726818,0.04974072054028511,0.01628541387617588,0.07101505994796753,0.028494352474808693,0.030211899429559708,0.03675512596964836,0.0059959543868899345,0.0031978299375623465,0.009987522847950459,0.008934036828577518,0.10496167838573456,0.022837623953819275,0.004848181735724211,0.03222926706075668,0.008931034244596958,0.032554566860198975,0.06840831786394119,0.002261330606415868,0.005543921608477831,0.03494856134057045,0.21321865916252136,0.02735675498843193,0.022935189306735992,0.048730235546827316,0.035484593361616135,0.019353408366441727,0.015130766667425632,0.00695279985666275,0.01460137777030468,,,,,,,,,,,,,,,
unknown,車,274,275,368.6786,369.1786,0.9169922,,0.04847879335284233,0.02585795521736145,0.04634859785437584,0.18696331977844238,0.019327552989125252,0.08330047875642776,0.016124533489346504,0.02944502979516983,0.07820048928260803,0.06206192448735237,0.037733688950538635,0.029375402256846428,0.058559950441122055,0.09104476869106293,0.0722624808549881,0.02153126336634159,0.02546013332903385,0.03173897787928581,0.05206988379359245,0.06691071391105652,0.03003927320241928,0.025128033012151718,0.0221555233001709,0.008445688523352146,0.04082018882036209,0.021743297576904297,0.13852109014987946,0.03530215471982956,0.025317128747701645,0.07517075538635254,0.008770733140408993,0.006438516546040773,0.009888908825814724,0.007859207689762115,0.16963620483875275,0.03403133526444435,0.005667754448950291,0.04413100332021713,0.010983224026858807,0.043669819831848145,0.0605522058904171,0.0029321061447262764,0.004488377366214991,0.03858410567045212,0.1716429740190506,0.03363451734185219,0.013136537745594978,0.033190399408340454,0.026742562651634216,0.024499550461769104,0.02049173228442669,0.008050011470913887,0.020596763119101524,,,,,,,,,,,,,,,
unknown,光,276,277,374.395,374.895,0.9975586,,0.07054246962070465,0.04757301136851311,0.0693187564611435,0.14883756637573242,0.011080274358391762,0.04975932836532593,0.013520007021725178,0.03839465230703354,0.06949155032634735,0.031180519610643387,0.06361287832260132,0.0299182441085577,0.0416506789624691,0.11574319750070572,0.0523669570684433,0.045394789427518845,0.028389202430844307,0.033821847289800644,0.041044931858778,0.04219384491443634,0.02133612148463726,0.020118877291679382,0.015780732035636902,0.01259638275951147,0.04382970929145813,0.03383846953511238,0.15659184753894806,0.04538486525416374,0.021253405138850212,0.07784201204776764,0.006236896850168705,0.013907713815569878,0.017510006204247475,0.00596105121076107,0.1949676126241684,0.05550973489880562,0.014798826538026333,0.05584125220775604,0.011547105386853218,0.0842570960521698,0.08279944956302643,0.005339896306395531,0.009242162108421326,0.044383350759744644,0.11975926160812378,0.06935835629701614,0.01972457580268383,0.04038705304265022,0.021692803129553795,0.032124750316143036,0.0339285284280777,0.006038197781890631,0.028894325718283653,,,,,,,,,,,,,,,
unknown,さ,278,279,380.27127,380.77127,0.47827148,,0.09548574686050415,0.05260518565773964,0.09370772540569305,0.11691124737262726,0.004705833271145821,0.030158819630742073,0.009565303102135658,0.05240058898925781,0.04283244162797928,0.03140271082520485,0.11711890250444412,0.05233363062143326,0.05893561244010925,0.1827433556318283,0.03247997909784317,0.06978916376829147,0.01855440065264702,0.04095274955034256,0.026363106444478035,0.023578612133860588,0.0070432801730930805,0.011131005361676216,0.017554348334670067,0.011808584444224834,0.018269767984747887,0.02647673524916172,0.21579992771148682,0.054042331874370575,0.014060442335903645,0.0951286107301712,0.0038465424440801144,0.01939908228814602,0.008084979839622974,0.002437478629872203,0.2974047064781189,0.07278913259506226,0.013749361969530582,0.08018665760755539,0.005816362798213959,0.09171377122402191,0.09525112062692642,0.00762548903003335,0.0071325418539345264,0.028988422825932503,0.06498079746961594,0.08996059745550156,0.009330719709396362,0.01675301045179367,0.01658952236175537,0.046842023730278015,0.03049503080546856,0.00604978296905756,0.03778023272752762,,,,,,,,,,,,,,,
unknown,鉛,280,281,386.645,386.845,0.99609375,,0.11337852478027344,0.09661012887954712,0.09325484931468964,0.1351468414068222,0.008213973604142666,0.02911599539220333,0.010316671803593636,0.07114921510219574,0.03816606476902962,0.014231373555958271,0.062309056520462036,0.022776106372475624,0.03556504845619202,0.10803508758544922,0.03234336897730827,0.08429912477731705,0.03329845517873764,0.03246593475341797,0.030671389773488045,0.019866550341248512,0.009549845941364765,0.018410690128803253,0.008582714945077896,0.040931493043899536,0.025319788604974747,0.04716762527823448,0.23510487377643585,0.0719175860285759,0.01574515551328659,0.11936257779598236,0.00377906602807343,0.028074033558368683,0.013371442444622517,0.003813173621892929,0.14913813769817352,0.1362554132938385,0.0315869078040123,0.0825234055519104,0.015583605505526066,0.10514037311077118,0.09075112640857697,0.013503528200089931,0.015900857746601105,0.041837822645902634,0.04297616332769394,0.13679294288158417,0.027402961626648903,0.025108644738793373,0.01687089167535305,0.05386579409241676,0.04196268320083618,0.006515677087008953,0.055441323667764664,,,,,,,,,,,,,,,
unknown,筆,282,283,386.845,387.345,0.98291016,,0.04245741292834282,0.029633400961756706,0.036731868982315063,0.11483500897884369,0.04710427671670914,0.13942494988441467,0.01591157540678978,0.028214607387781143,0.05494004115462303,0.018568744882941246,0.026263264939188957,0.026128210127353668,0.03532996401190758,0.04986325278878212,0.09082190692424774,0.027774635702371597,0.010340624488890171,0.043577712029218674,0.0773332417011261,0.09045737236738205,0.05392032861709595,0.043868452310562134,0.009295121766626835,0.012830805033445358,0.062089696526527405,0.038347359746694565,0.11492086946964264,0.02766766957938671,0.010113953612744808,0.058805912733078,0.006350737065076828,0.013345202431082726,0.025630392134189606,0.011587007902562618,0.06084588170051575,0.0383903905749321,0.009868133813142776,0.026931488886475563,0.01924910396337509,0.07275247573852539,0.07130224257707596,0.00764968479052186,0.004222153685986996,0.04841083660721779,0.0841580480337143,0.05597411096096039,0.010697109624743462,0.06167903542518616,0.03644117712974548,0.023834453895688057,0.03324471786618233,0.011401611380279064,0.04076876863837242,,,,,,,,,,,,,,,
unknown,プ,284,285,391.76498,391.88498,0.6376953,,0.031814828515052795,0.021721120923757553,0.03207474946975708,0.09523310512304306,0.059879764914512634,0.16442739963531494,0.021973175927996635,0.023537680506706238,0.054244134575128555,0.027577480301260948,0.025559308007359505,0.036801598966121674,0.04516293853521347,0.05556526780128479,0.09593893587589264,0.021688826382160187,0.012506996281445026,0.054582539945840836,0.08907338231801987,0.09991811215877533,0.060425031930208206,0.061201948672533035,0.012086499482393265,0.011042973957955837,0.0548284538090229,0.036927349865436554,0.098203644156456,0.02825765684247017,0.010212654247879982,0.050248607993125916,0.009588047862052917,0.007607777137309313,0.023871125653386116,0.014908046461641788,0.06359570473432541,0.026310432702302933,0.007294833194464445,0.024233456701040268,0.028567863628268242,0.05935419350862503,0.06300491094589233,0.005022810306400061,0.0036809202283620834,0.05374382808804512,0.07147987186908722,0.040873076766729355,0.010173809714615345,0.060720209032297134,0.0374581515789032,0.015805751085281372,0.028672732412815094,0.016991514712572098,0.034565698355436325,,,,,,,,,,,,,,,
unknown,ー,286,287,391.88498,392.005,0.98876953,,0.03237171471118927,0.015287833288311958,0.03207219019532204,0.09878823906183243,0.07689706981182098,0.1980591118335724,0.01205816213041544,0.019062938168644905,0.03247657045722008,0.03673422709107399,0.02763994038105011,0.0475008562207222,0.04337058961391449,0.06314439326524734,0.13904131948947906,0.022117512300610542,0.01274274755269289,0.07648786157369614,0.08303625881671906,0.12771737575531006,0.06055087223649025,0.03561900928616524,0.012886952608823776,0.008406443521380424,0.025883208960294724,0.020402228459715843,0.11930594593286514,0.02376658096909523,0.014126046560704708,0.0508287250995636,0.005380525253713131,0.0050902902148664,0.009725531563162804,0.008730531670153141,0.07370612025260925,0.023248964920639992,0.004062764346599579,0.025278007611632347,0.016109179705381393,0.060940876603126526,0.055805522948503494,0.003745289985090494,0.002276081359013915,0.0322357602417469,0.08926249295473099,0.0439532995223999,0.0070510986261069775,0.033475298434495926,0.027575157582759857,0.012805605307221413,0.017143400385975838,0.013654230162501335,0.04640424996614456,,,,,,,,,,,,,,,
unknown,ル,288,289,392.005,392.505,0.9980469,,0.020728547126054764,0.014933975413441658,0.030108589679002762,0.10175858438014984,0.04070546105504036,0.14719614386558533,0.023053262382745743,0.017453482374548912,0.040558669716119766,0.037866637110710144,0.03328486159443855,0.051606860011816025,0.048192158341407776,0.08094458281993866,0.06789876520633698,0.03351793810725212,0.027674635872244835,0.08301284909248352,0.07759889960289001,0.05406615510582924,0.030708182603120804,0.04847260192036629,0.012197328731417656,0.01639818400144577,0.03783980756998062,0.019673841074109077,0.15346181392669678,0.029790839180350304,0.010396897792816162,0.08908368647098541,0.006752100307494402,0.007062759716063738,0.02013835310935974,0.006669463589787483,0.07438545674085617,0.03764514997601509,0.005171814933419228,0.042810019105672836,0.021260157227516174,0.06514804065227509,0.0765044167637825,0.008738282136619091,0.003783241380006075,0.04309076443314552,0.05752542242407799,0.0656166598200798,0.01201846357434988,0.040623538196086884,0.024801576510071754,0.01947750523686409,0.013812946155667305,0.023138901218771935,0.0551845021545887,,,,,,,,,,,,,,,
unknown,事,290,291,406.02,406.21997,0.57128906,,0.02024213783442974,0.011914929375052452,0.028638584539294243,0.10870009660720825,0.041977085173130035,0.22059187293052673,0.020643332973122597,0.01333269290626049,0.05390646308660507,0.05740628391504288,0.037104398012161255,0.038186319172382355,0.06684231758117676,0.09784616529941559,0.0921371579170227,0.023864084854722023,0.02053944766521454,0.04164927452802658,0.10674910992383957,0.11192923784255981,0.04434537887573242,0.04284016042947769,0.019832558929920197,0.005999679211527109,0.04701903089880943,0.028719818219542503,0.08185982704162598,0.020514745265245438,0.014565217308700085,0.03816680982708931,0.005368220619857311,0.006609685253351927,0.02480507083237171,0.006057595834136009,0.08865375071763992,0.019564488902688026,0.004175657406449318,0.042014624923467636,0.014584487304091454,0.03318445011973381,0.07597256451845169,0.007637253496795893,0.002867553848773241,0.05235372483730316,0.09199267625808716,0.03862321749329567,0.009022025391459465,0.048725031316280365,0.031053811311721802,0.015757137909531593,0.025980878621339798,0.025416482239961624,0.02245992235839367,,,,,,,,,,,,,,,
unknown,故,292,293,406.21997,406.71997,0.5727539,,0.04035598784685135,0.023882845416665077,0.054375674575567245,0.11730372905731201,0.02702326886355877,0.15801039338111877,0.015112579800188541,0.026232179254293442,0.047100864350795746,0.048989806324243546,0.04238423705101013,0.052978191524744034,0.09467930346727371,0.10186297446489334,0.06471513956785202,0.028607109561562538,0.021360045298933983,0.05265911668539047,0.07782765477895737,0.08102266490459442,0.027241762727499008,0.03185853734612465,0.016044361516833305,0.009545653127133846,0.03456493094563484,0.02431434392929077,0.1251056045293808,0.03647215664386749,0.014208621345460415,0.06054418161511421,0.0044145057909190655,0.010206155478954315,0.018440190702676773,0.0050114416517317295,0.13552437722682953,0.030582843348383904,0.005755112040787935,0.048354584723711014,0.009726306423544884,0.05106730759143829,0.061807140707969666,0.0071904826909303665,0.003388600889593363,0.04112740606069565,0.06637934595346451,0.04945356026291847,0.01037610974162817,0.03471651300787926,0.027130577713251114,0.021103087812662125,0.02350364252924919,0.017143307253718376,0.0313979871571064,,,,,,,,,,,,,,,
unknown,悲,294,295,413.595,413.755,0.4411621,,0.05070465803146362,0.027660265564918518,0.07087326794862747,0.09118710458278656,0.022096119821071625,0.1351776421070099,0.012096120044589043,0.0338946133852005,0.03460412099957466,0.055419113487005234,0.027042057365179062,0.022778529673814774,0.06995014101266861,0.06676583737134933,0.051901426166296005,0.029032399877905846,0.010014236904680729,0.029064279049634933,0.1265726089477539,0.06933239847421646,0.021925555542111397,0.03444226086139679,0.011958083137869835,0.010898861102759838,0.028317803516983986,0.024364668875932693,0.12411002814769745,0.030450521036982536,0.015014074742794037,0.07394702732563019,0.002748556900769472,0.010685430839657784,0.012783314101397991,0.003566250205039978,0.08617519587278366,0.0436953566968441,0.00528139341622591,0.0306148249655962,0.010412722826004028,0.06117189675569534,0.049524176865816116,0.007563955616205931,0.002201414667069912,0.1232684999704361,0.068635493516922,0.044785790145397186,0.0050325761549174786,0.03414538875222206,0.03569475933909416,0.023171722888946533,0.022547468543052673,0.017353281378746033,0.03037014976143837,,,,,,,,,,,,,,,
unknown,し,296,297,413.755,413.915,0.73339844,,0.04817802459001541,0.029454367235302925,0.05909879133105278,0.1129741221666336,0.013508561067283154,0.082835853099823,0.010293767787516117,0.032046329230070114,0.03466344252228737,0.0471704825758934,0.02758965454995632,0.01539444737136364,0.0646149143576622,0.0746973380446434,0.043257005512714386,0.03719267249107361,0.012692547403275967,0.02614937536418438,0.09546022862195969,0.042507901787757874,0.013082574121654034,0.025650478899478912,0.012296220287680626,0.014073647558689117,0.02399533800780773,0.02430037409067154,0.1538522094488144,0.02776830643415451,0.018315119668841362,0.09536955505609512,0.00207756320014596,0.013301624916493893,0.014363633468747139,0.0022228355519473553,0.08706923574209213,0.06671685725450516,0.007080862298607826,0.04334144666790962,0.009133280254900455,0.0750616192817688,0.04758729785680771,0.008007904514670372,0.002549694152548909,0.13706031441688538,0.08940478414297104,0.05020381510257721,0.004733112640678883,0.03216136246919632,0.02555268444120884,0.02308862842619419,0.023884877562522888,0.020553944632411003,0.03560354933142662,,,,,,,,,,,,,,,
unknown,い,298,299,413.915,414.415,0.7861328,,0.02627892978489399,0.01716080866754055,0.041475020349025726,0.1091850996017456,0.010273906402289867,0.06548357754945755,0.011172041296958923,0.021870620548725128,0.03288734331727028,0.03680938109755516,0.016358468681573868,0.00738941365852952,0.04979877918958664,0.05543231964111328,0.03262852504849434,0.02233334630727768,0.00911547802388668,0.012915723025798798,0.10572203248739243,0.03240086883306503,0.012190212495625019,0.03718624636530876,0.00915340892970562,0.011029308661818504,0.02669386751949787,0.030369309708476067,0.09368111193180084,0.018621742725372314,0.013282466679811478,0.06253448128700256,0.0020465145353227854,0.007731608115136623,0.0158368069678545,0.0025352519005537033,0.048067357391119,0.04600775986909866,0.004945040214806795,0.03739432618021965,0.014093493111431599,0.04356665164232254,0.03851225972175598,0.005570676177740097,0.0017003256361931562,0.2537601888179779,0.1028711274266243,0.028705965727567673,0.0031531595159322023,0.037498533725738525,0.025577176362276077,0.013174835592508316,0.025658221915364265,0.025718852877616882,0.020123716443777084,,,,,,,,,,,,,,,
unknown,野,300,301,417.475,417.755,0.8881836,,0.021504012867808342,0.01955699548125267,0.035168278962373734,0.06690551340579987,0.00845921691507101,0.06426086276769638,0.022817619144916534,0.019058778882026672,0.039910607039928436,0.044226065278053284,0.01664411649107933,0.00801472831517458,0.04630926996469498,0.056197550147771835,0.021926989778876305,0.019266411662101746,0.01036046352237463,0.012116797268390656,0.11798566579818726,0.026066288352012634,0.009699040092527866,0.059779103845357895,0.011684657074511051,0.009484914131462574,0.03159143403172493,0.03206610679626465,0.06832689791917801,0.020110027864575386,0.009438211098313332,0.05833062902092934,0.003919939044862986,0.00662110885605216,0.01890668459236622,0.0027991740498691797,0.04201497137546539,0.03603915497660637,0.00794660672545433,0.040284983813762665,0.020032154396176338,0.032800041139125824,0.05011675879359245,0.006330220028758049,0.003333861706778407,0.35761305689811707,0.061454251408576965,0.022360483184456825,0.005001704674214125,0.042670998722314835,0.02952251024544239,0.012261880561709404,0.024255909025669098,0.032944537699222565,0.013513914309442043,,,,,,,,,,,,,,,
unknown,球,302,303,417.755,418.255,0.86376953,,0.034440137445926666,0.02636616863310337,0.073240727186203,0.11595188081264496,0.005495804361999035,0.06636466830968857,0.020501721650362015,0.03261736407876015,0.04860430955886841,0.07356194406747818,0.0290313009172678,0.018882393836975098,0.09458661824464798,0.08468855172395706,0.022578157484531403,0.028476610779762268,0.010242026299238205,0.017176417633891106,0.0923335924744606,0.03038315661251545,0.007977262139320374,0.03577019274234772,0.018277425318956375,0.012827673926949501,0.028816277161240578,0.016297562047839165,0.11004538089036942,0.04025740176439285,0.009555361233651638,0.0934467613697052,0.004500890150666237,0.006468598265200853,0.010163037106394768,0.002532611135393381,0.08989127725362778,0.0525394082069397,0.006512035615742207,0.033138200640678406,0.008607239462435246,0.04199669137597084,0.052414670586586,0.00560679379850626,0.0034162141382694244,0.15747515857219696,0.06240621581673622,0.03333234041929245,0.006217481568455696,0.027374980971217155,0.02938985824584961,0.022071795538067818,0.013402851298451424,0.02062344178557396,0.017007051035761833,,,,,,,,,,,,,,,
unknown,い,304,305,424.08878,424.20868,0.4699707,,0.03613276407122612,0.027412092313170433,0.05247293785214424,0.1055193841457367,0.006817045621573925,0.06640120595693588,0.02058592066168785,0.03542495518922806,0.04297928884625435,0.06102342903614044,0.014406129717826843,0.007806225214153528,0.06360280513763428,0.047511231154203415,0.01960710622370243,0.017738617956638336,0.0060285222716629505,0.00987324956804514,0.11563178896903992,0.02624189853668213,0.008103817701339722,0.05438881739974022,0.013142175041139126,0.011478185653686523,0.030912844464182854,0.027589036151766777,0.08125153183937073,0.028854528442025185,0.010195869021117687,0.07565256953239441,0.004026392009109259,0.006848369725048542,0.009552443400025368,0.002827143296599388,0.05177350342273712,0.04808832332491875,0.007416186388581991,0.021353961899876595,0.014872374013066292,0.029120557010173798,0.04651499167084694,0.005614768713712692,0.003226514672860503,0.3182677924633026,0.0838039293885231,0.020249556750059128,0.004515683278441429,0.029475994408130646,0.04289425536990166,0.02265094593167305,0.022112371399998665,0.026400906965136528,0.011747545562684536,,,,,,,,,,,,,,,
unknown,家,306,307,424.20868,424.70868,0.4807129,,0.02087445929646492,0.017251010984182358,0.048078350722789764,0.10464127361774445,0.005161619279533625,0.06771630048751831,0.020470840856432915,0.020540397614240646,0.046829741448163986,0.09942782670259476,0.030856015160679817,0.012647395022213459,0.06357818096876144,0.07052256166934967,0.02052634209394455,0.029841003939509392,0.007468106225132942,0.013109711930155754,0.1193360984325409,0.027401737868785858,0.006943356245756149,0.041861116886138916,0.016287852078676224,0.00982646830379963,0.029158050194382668,0.01718384027481079,0.08198032528162003,0.02705855667591095,0.006920833606272936,0.0717535987496376,0.004080609418451786,0.0053850216791033745,0.010246641933918,0.002120427554473281,0.05556552857160568,0.04543999210000038,0.0062186019495129585,0.03534894436597824,0.011765304021537304,0.03125612437725067,0.05449821427464485,0.006729851011186838,0.003375715110450983,0.25814586877822876,0.07022996991872787,0.029244834557175636,0.004930804017931223,0.029084932059049606,0.031051140278577805,0.01734745129942894,0.0132429338991642,0.034477490931749344,0.014123387634754181,,,,,,,,,,,,,,,
unknown,い,308,309,431.40298,431.90298,0.9272461,,0.01814115047454834,0.013689076527953148,0.04746934026479721,0.09532221406698227,0.003987322561442852,0.055668074637651443,0.023772256448864937,0.01776166819036007,0.054104987531900406,0.13582561910152435,0.03609878942370415,0.014379643835127354,0.06801438331604004,0.07425326108932495,0.018328716978430748,0.04020347818732262,0.008198690600693226,0.015313632786273956,0.10681644827127457,0.020348262041807175,0.005204540211707354,0.042712729424238205,0.017175838351249695,0.010046293027698994,0.030138643458485603,0.017133627086877823,0.09357496351003647,0.02493523806333542,0.0061557297594845295,0.07337833940982819,0.003959489520639181,0.007168583106249571,0.012247425504028797,0.0016522728838026524,0.052086491137742996,0.05058352276682854,0.004601611290127039,0.038153499364852905,0.013089246116578579,0.03397037461400032,0.05559397488832474,0.008816283196210861,0.0021333845797926188,0.2568143308162689,0.059326477348804474,0.03391629457473755,0.002783797914162278,0.030042605474591255,0.02413991279900074,0.016331825405359268,0.012852255254983902,0.04887798801064491,0.017304018139839172,,,,,,,,,,,,,,,
unknown,ち,310,311,438.0494,438.5494,0.33520508,,0.008425361476838589,0.007261886727064848,0.018224937841296196,0.06161491200327873,0.00815065111964941,0.10257669538259506,0.03277605026960373,0.007775581907480955,0.0516391322016716,0.1804223209619522,0.02424739859998226,0.010203114710748196,0.03868763521313667,0.035423148423433304,0.020662588998675346,0.027295924723148346,0.006814476102590561,0.017064567655324936,0.1396193951368332,0.022941933944821358,0.006490074563771486,0.06576716899871826,0.012055098079144955,0.006014758255332708,0.03260710835456848,0.0154032027348876,0.06754925847053528,0.010782604105770588,0.004730405285954475,0.060175273567438126,0.004120800644159317,0.005350841209292412,0.01601947471499443,0.001505464082583785,0.024956921115517616,0.029937030747532845,0.0034329525660723448,0.01903023011982441,0.016795817762613297,0.024749599397182465,0.04882889986038208,0.010079978965222836,0.001248599961400032,0.28940173983573914,0.05030110850930214,0.023588431999087334,0.0017658841097727418,0.035173047333955765,0.025595320388674736,0.01014947984367609,0.01184879895299673,0.08671659231185913,0.014931845478713512,,,,,,,,,,,,,,,
unknown,う,312,313,448.02988,448.14966,0.50927734,,0.006409218069165945,0.005171175580471754,0.017480403184890747,0.05780447646975517,0.007809729781001806,0.10504329204559326,0.03509044274687767,0.00646689347922802,0.05297240614891052,0.1970035880804062,0.02509884722530842,0.009432257153093815,0.03934371471405029,0.04042245075106621,0.024142224341630936,0.024307044222950935,0.004645736888051033,0.013694997876882553,0.15299592912197113,0.028845252469182014,0.007726988289505243,0.07045067846775055,0.014460316859185696,0.004816125612705946,0.031584955751895905,0.016879146918654442,0.04789314419031143,0.010034505277872086,0.004166258964687586,0.04067936912178993,0.004433218855410814,0.004188256338238716,0.014714845456182957,0.0015964506892487407,0.02055242471396923,0.0223665963858366,0.002630730392411351,0.014083068817853928,0.016763055697083473,0.016867507249116898,0.051143743097782135,0.009622721932828426,0.0011660447344183922,0.3154633045196533,0.05670356750488281,0.018564840778708458,0.0016686212038621306,0.03656117245554924,0.024620018899440765,0.007312295958399773,0.012694574892520905,0.11194146424531937,0.010941693559288979,,,,,,,,,,,,,,,
unknown,れ,314,315,448.14966,448.34927,0.6694336,,0.009933958761394024,0.007889694534242153,0.02854599431157112,0.08180645853281021,0.00516138831153512,0.083711177110672,0.03092215210199356,0.00984439067542553,0.05322343856096268,0.17814917862415314,0.03824342042207718,0.01716361939907074,0.059219758957624435,0.06457675993442535,0.020516052842140198,0.034431442618370056,0.006714199669659138,0.019128071144223213,0.13925465941429138,0.025071868672966957,0.005651602987200022,0.05231589451432228,0.01772673800587654,0.006467221770435572,0.030871132388710976,0.016353294253349304,0.07520383596420288,0.015737159177660942,0.004492748994380236,0.06036210432648659,0.0044693248346447945,0.006341337691992521,0.01821949891746044,0.0016050917329266667,0.040482163429260254,0.03448939695954323,0.0034190749283879995,0.02692629210650921,0.012313105165958405,0.023148220032453537,0.05865135416388512,0.010816394351422787,0.0013433648273348808,0.2568643391132355,0.05616028979420662,0.027829652652144432,0.0016187202418223023,0.034387487918138504,0.026148833334445953,0.01149033848196268,0.01372747216373682,0.07123694568872452,0.015144668519496918,,,,,,,,,,,,,,,
unknown,し,316,317,448.34927,448.46902,0.98291016,,0.01132125686854124,0.008501256816089153,0.03542322292923927,0.09085261821746826,0.004358156584203243,0.07657679915428162,0.029897289350628853,0.012105245143175125,0.0455452986061573,0.14984433352947235,0.03645448386669159,0.01402593869715929,0.061082858592271805,0.06910771876573563,0.019311513751745224,0.036263708025217056,0.005162104964256287,0.012683465145528316,0.14122533798217773,0.02290152758359909,0.005164746195077896,0.05267270654439926,0.016901135444641113,0.007245509419590235,0.02741558477282524,0.016783639788627625,0.07082017511129379,0.016904983669519424,0.004290248733013868,0.06064274534583092,0.0043492806144058704,0.008230851031839848,0.014162893407046795,0.0016261626733466983,0.04066405072808266,0.04087483137845993,0.0035327551886439323,0.031100964173674583,0.013398426584899426,0.020570188760757446,0.05569402500987053,0.012067965231835842,0.0013505005044862628,0.2652035057544708,0.06134870648384094,0.028159549459815025,0.0013959312345832586,0.02913437783718109,0.02534385211765766,0.012166639789938927,0.013150242157280445,0.08930820226669312,0.014041525311768055,,,,,,,,,,,,,,,
unknown,い,318,319,448.46902,448.96902,0.9477539,,0.013128641992807388,0.012224783189594746,0.03889404982328415,0.12134044617414474,0.004436301067471504,0.08472838997840881,0.041471440345048904,0.01231766864657402,0.058475345373153687,0.14150582253932953,0.050516631454229355,0.024778887629508972,0.06568687409162521,0.07742322981357574,0.02136629819869995,0.056309159845113754,0.006707367021590471,0.023929502815008163,0.10022041201591492,0.02215307392179966,0.004676247015595436,0.0476439893245697,0.018424702808260918,0.00999572966247797,0.03223621845245361,0.015166882425546646,0.11296925693750381,0.020179910585284233,0.004007038194686174,0.10106367617845535,0.006013617850840092,0.011871278285980225,0.01658334769308567,0.0017190385842695832,0.05450613424181938,0.06331519037485123,0.006152096204459667,0.03979387506842613,0.011222461238503456,0.03779385983943939,0.0635003000497818,0.018430914729833603,0.0020490651950240135,0.15293118357658386,0.05759282037615776,0.04897616431117058,0.0020471636671572924,0.02778616175055504,0.02117820642888546,0.01606662943959236,0.012321453541517258,0.07398657500743866,0.024057641625404358,,,,,,,,,,,,,,,
unknown,硬,320,321,452.6348,452.954,0.92041016,,0.007495081517845392,0.007834219373762608,0.017646152526140213,0.08351884037256241,0.012173164635896683,0.16272300481796265,0.04847799241542816,0.008711139671504498,0.06535790860652924,0.17280665040016174,0.02161240018904209,0.017683684825897217,0.07887780666351318,0.05137679725885391,0.023380057886242867,0.02194114215672016,0.007585572078824043,0.017079634591937065,0.13846759498119354,0.02957848086953163,0.0073429616168141365,0.07432018220424652,0.01652495190501213,0.00841993372887373,0.04148540645837784,0.011326832696795464,0.07016240805387497,0.0168339554220438,0.003911688458174467,0.08304222673177719,0.00660816440358758,0.00575433112680912,0.014577125199139118,0.0023401265498250723,0.03382163867354393,0.033348456025123596,0.00343369971960783,0.037245020270347595,0.015241771005094051,0.016880622133612633,0.058128472417593,0.013071025721728802,0.0024315286427736282,0.13776659965515137,0.035803861916065216,0.024611692875623703,0.004204268101602793,0.02985922247171402,0.02986416593194008,0.014421329833567142,0.006906697992235422,0.08556241542100906,0.014939466491341591,,,,,,,,,,,,,,,
unknown,い,322,323,452.954,453.454,0.98779297,,0.005499538034200668,0.004507713485509157,0.011864877305924892,0.05525289475917816,0.020545735955238342,0.20285022258758545,0.035449087619781494,0.006410648114979267,0.04538338631391525,0.17848452925682068,0.009929470717906952,0.009227789007127285,0.054101139307022095,0.033263593912124634,0.03072429448366165,0.013411532156169415,0.006001705769449472,0.015101486817002296,0.21119916439056396,0.0353650264441967,0.011387001723051071,0.09126930683851242,0.01367900986224413,0.0055397795513272285,0.03595263883471489,0.010971235111355782,0.04651567339897156,0.009899746626615524,0.004580144304782152,0.048122890293598175,0.0041138906963169575,0.00420516449958086,0.014246323145925999,0.0019738487899303436,0.015421628952026367,0.020847074687480927,0.0018284560646861792,0.018861308693885803,0.021248431876301765,0.013357686810195446,0.04971589148044586,0.00821585301309824,0.0010410683462396264,0.2454279065132141,0.043965164572000504,0.014363439753651619,0.0017983393045142293,0.036548227071762085,0.02990465797483921,0.008189026266336441,0.006281674839556217,0.11664720624685287,0.01244584284722805,,,,,,,,,,,,,,,
unknown,必,324,325,460.2958,460.4953,0.98828125,,0.02745138108730316,0.012794901616871357,0.0375806987285614,0.08528244495391846,0.006804144941270351,0.09581966698169708,0.011853235773742199,0.014437798410654068,0.053010717034339905,0.13779455423355103,0.03296447545289993,0.012049063108861446,0.06802240759134293,0.06424511969089508,0.029792552813887596,0.04796547070145607,0.0031065596267580986,0.02138933539390564,0.2191884070634842,0.042637452483177185,0.007643170654773712,0.033436328172683716,0.021379970014095306,0.006803618278354406,0.03173793479800224,0.017647437751293182,0.08446519821882248,0.016285058110952377,0.005924673285335302,0.04572095721960068,0.001708771800622344,0.007526786532253027,0.010259141214191914,0.0008541342103853822,0.035470325499773026,0.04619927331805229,0.005115719977766275,0.03007414937019348,0.015300659462809563,0.0490996278822422,0.05467972531914711,0.009265345521271229,0.0018113716505467892,0.27384284138679504,0.06212808936834335,0.041894298046827316,0.002256341278553009,0.035768281668424606,0.028345191851258278,0.014470165595412254,0.013656768016517162,0.0799001082777977,0.02715279906988144,,,,,,,,,,,,,,,
unknown,要,326,327,460.4953,460.9953,0.98779297,,0.018147099763154984,0.00839824229478836,0.023830818012356758,0.07100803405046463,0.01593540981411934,0.17411349713802338,0.012307938188314438,0.010751120746135712,0.058926694095134735,0.1428944170475006,0.02246568351984024,0.012611032463610172,0.10840948671102524,0.06519409269094467,0.043965961784124374,0.02544238604605198,0.003900115843862295,0.024627765640616417,0.24732628464698792,0.06486184149980545,0.011147006414830685,0.04176481440663338,0.026021288707852364,0.0039805034175515175,0.03266851231455803,0.015955017879605293,0.05459217727184296,0.013043994084000587,0.008018969558179379,0.02625536173582077,0.0017361955251544714,0.004716935101896524,0.009785706177353859,0.0009804212022572756,0.02872125618159771,0.025013132020831108,0.0031433256808668375,0.02555186301469803,0.017158225178718567,0.0317101776599884,0.05855700001120567,0.005288116168230772,0.0015156377339735627,0.2384621649980545,0.06451623886823654,0.02270183525979519,0.0021747329737991095,0.03647557273507118,0.0315563902258873,0.010761162266135216,0.011463834904134274,0.06903350353240967,0.01841619424521923,,,,,,,,,,,,,,,
unknown,漫,328,329,466.77637,467.0558,0.89160156,,0.013342069461941719,0.0054950956255197525,0.022373901680111885,0.04869086667895317,0.015364458784461021,0.1549561768770218,0.016324730589985847,0.008562314324080944,0.04172445833683014,0.10361005365848541,0.0539340041577816,0.03146658465266228,0.08585034310817719,0.1137450784444809,0.0502777062356472,0.040356699377298355,0.0031345300376415253,0.057283077389001846,0.22239987552165985,0.07394899427890778,0.011766280978918076,0.048767995089292526,0.031832918524742126,0.003681675996631384,0.021411461755633354,0.02736271545290947,0.05159902200102806,0.012903531081974506,0.004485187586396933,0.020156437531113625,0.00326923793181777,0.004974026698619127,0.009792325086891651,0.001412781304679811,0.03530273586511612,0.01802351325750351,0.003535767085850239,0.029285037890076637,0.030791033059358597,0.0381823405623436,0.07516959309577942,0.01037503220140934,0.001786240842193365,0.20972983539104462,0.0576581209897995,0.033782411366701126,0.002290193224325776,0.03242679312825203,0.028207268565893173,0.0084914555773139,0.019004223868250847,0.10831983387470245,0.03077412024140358,,,,,,,,,,,,,,,
unknown,画,330,331,467.0558,467.5558,0.7832031,,0.037257108837366104,0.01805591955780983,0.07927145808935165,0.06455136835575104,0.00837783608585596,0.09696606546640396,0.013703093864023685,0.019923267886042595,0.04551222175359726,0.10216903686523438,0.07592174410820007,0.03377191722393036,0.1400531679391861,0.1287176012992859,0.036078546196222305,0.06607887148857117,0.006516207940876484,0.04318857938051224,0.15400198101997375,0.05423213168978691,0.008071382530033588,0.03137075901031494,0.03359292075037956,0.007875112816691399,0.015976902097463608,0.022449916228652,0.08905807137489319,0.028959166258573532,0.007607920560985804,0.04017828404903412,0.0029532415792346,0.009750916622579098,0.005649293772876263,0.0012871468206867576,0.08513465523719788,0.04320107400417328,0.00807140301913023,0.026988714933395386,0.01652601920068264,0.05228353291749954,0.06889784336090088,0.010801181197166443,0.004389991983771324,0.1714753806591034,0.05052831768989563,0.05867793783545494,0.005696815904229879,0.019655784592032433,0.030712509527802467,0.020577894523739815,0.01845373399555683,0.032015129923820496,0.029923615977168083,,,,,,,,,,,,,,,
unknown,食,332,333,472.00543,472.32477,1.0,,0.02256307192146778,0.013344439677894115,0.06703841686248779,0.07840988785028458,0.005069608800113201,0.07665250450372696,0.016114361584186554,0.015007478184998035,0.04780494421720505,0.1785678267478943,0.1043732687830925,0.0517461858689785,0.12020815163850784,0.13676053285598755,0.03189699724316597,0.07874725759029388,0.011835047043859959,0.045387543737888336,0.10237590968608856,0.04010011628270149,0.006869303062558174,0.02468721941113472,0.03058709390461445,0.008836678229272366,0.01533789187669754,0.012409217655658722,0.08910718560218811,0.03265799209475517,0.005665330216288567,0.048101555556058884,0.003810551017522812,0.00872020609676838,0.006945417262613773,0.0013916576281189919,0.09488094598054886,0.040987007319927216,0.006609287578612566,0.03384708613157272,0.009996957145631313,0.03771389648318291,0.06755229830741882,0.012495702132582664,0.004172991961240768,0.0998091846704483,0.04852839559316635,0.06536100804805756,0.006674581672996283,0.018169594928622246,0.02213147282600403,0.017836909741163254,0.01089340727776289,0.03969714790582657,0.02742299996316433,,,,,,,,,,,,,,,
unknown,事,334,335,472.32477,472.82477,0.99853516,,0.02163691446185112,0.014242171309888363,0.06367786228656769,0.07860468327999115,0.008551320061087608,0.12717613577842712,0.015461311675608158,0.015545062720775604,0.0428309366106987,0.1851639449596405,0.08154279738664627,0.03763531148433685,0.09284915775060654,0.12069201469421387,0.04029981046915054,0.05633226037025452,0.01223782729357481,0.03557353839278221,0.1568073183298111,0.058839358389377594,0.011751251295208931,0.03272894397377968,0.025636816397309303,0.007317910436540842,0.018990859389305115,0.01616504415869713,0.05880437418818474,0.03178012743592262,0.00803065113723278,0.033585306257009506,0.0034912775736302137,0.00724010867998004,0.007937595248222351,0.0017565512098371983,0.0669340267777443,0.03187113627791405,0.00780426524579525,0.03511588275432587,0.015450102277100086,0.02952650375664234,0.07163342833518982,0.011015593074262142,0.005926386918872595,0.14570695161819458,0.06475355476140976,0.049145642668008804,0.009689484722912312,0.023259740322828293,0.02823430299758911,0.015169617719948292,0.013119273819029331,0.048807237297296524,0.020157763734459877,,,,,,,,,,,,,,,
unknown,洗,336,337,476.15677,476.4362,0.77734375,,0.03415701910853386,0.02265934646129608,0.08166831731796265,0.07900995016098022,0.005121331661939621,0.0694340392947197,0.0163112822920084,0.02153770998120308,0.0466068871319294,0.13555602729320526,0.08721208572387695,0.03694823756814003,0.10500115901231766,0.11176757514476776,0.024333378300070763,0.06655693799257278,0.016259165480732918,0.03678686544299126,0.1203744187951088,0.03083176724612713,0.006606556009501219,0.030059369280934334,0.02337157353758812,0.009624307043850422,0.020692965015769005,0.01583717204630375,0.0881543830037117,0.035955142229795456,0.008300715126097202,0.05010832101106644,0.0038204321172088385,0.010648204013705254,0.010060318745672703,0.0016069900011643767,0.09229481220245361,0.048831790685653687,0.011003092862665653,0.046879954636096954,0.014483964070677757,0.046030376106500626,0.05813758075237274,0.010031988844275475,0.005399890709668398,0.1565970480442047,0.047895338386297226,0.0586819127202034,0.006994163617491722,0.024895524606108665,0.025094730779528618,0.0195825956761837,0.014140918850898743,0.035243697464466095,0.024636879563331604,,,,,,,,,,,,,,,
unknown,在,338,339,476.4362,476.9362,0.6274414,,0.03510482981801033,0.024340707808732986,0.0805494636297226,0.08169999718666077,0.004606106784194708,0.06039069592952728,0.017379920929670334,0.020974503830075264,0.04353678226470947,0.12693995237350464,0.08959877490997314,0.03867872431874275,0.098126120865345,0.11138000339269638,0.023270709440112114,0.08122571557760239,0.01625308394432068,0.045517683029174805,0.10538485646247864,0.024708274751901627,0.005005965940654278,0.02853967249393463,0.023543978109955788,0.011468346230685711,0.0178634412586689,0.015056268312036991,0.11064817011356354,0.03512255474925041,0.007675506174564362,0.06411959230899811,0.0038952850736677647,0.013464763760566711,0.009656607173383236,0.001354661420919001,0.09453518688678741,0.06466338038444519,0.013274835422635078,0.04680214822292328,0.014263930730521679,0.05611944571137428,0.05560026317834854,0.011425289325416088,0.005427515134215355,0.14817920327186584,0.04618360847234726,0.06902874261140823,0.005777985323220491,0.021887537091970444,0.02096228115260601,0.01953582465648651,0.013481784611940384,0.038196954876184464,0.03097320906817913,,,,,,,,,,,,,,,
unknown,全,340,341,485.35684,485.6364,0.9970703,,0.035527829080820084,0.028000829741358757,0.0847376361489296,0.08662237972021103,0.004229147918522358,0.055477410554885864,0.015387843362987041,0.02192891761660576,0.0447663739323616,0.13793917000293732,0.09452220052480698,0.03658699244260788,0.07682604342699051,0.0915149673819542,0.022462772205471992,0.09765086323022842,0.017280325293540955,0.04333379119634628,0.09335776418447495,0.0219070203602314,0.005191102623939514,0.02495124749839306,0.01799873635172844,0.014056945219635963,0.019038530066609383,0.013805086724460125,0.13001003861427307,0.035819508135318756,0.007219111081212759,0.0801764503121376,0.003420050721615553,0.014632569625973701,0.01047117356210947,0.001381944282911718,0.09102142602205276,0.08129852265119553,0.01635766588151455,0.05428210273385048,0.013976076617836952,0.0647762343287468,0.054653409868478775,0.012274786829948425,0.00588801596313715,0.1261977106332779,0.04165469482541084,0.08305384963750839,0.006075571291148663,0.022220317274332047,0.020563477650284767,0.022877832874655724,0.012372246012091637,0.03952230513095856,0.03628574684262276,,,,,,,,,,,,,,,
unknown,部,342,343,485.6364,486.1364,1.0,,0.03168909251689911,0.020887887105345726,0.09110500663518906,0.08690627664327621,0.004197144880890846,0.06629741936922073,0.018123505637049675,0.0209382064640522,0.04516442120075226,0.13947194814682007,0.08396873623132706,0.02959303744137287,0.08314932137727737,0.10295746475458145,0.02158266305923462,0.07765018939971924,0.01562438439577818,0.026330966502428055,0.12800151109695435,0.028677841648459435,0.007018305826932192,0.03237230330705643,0.020852096378803253,0.009684275835752487,0.023034872487187386,0.01506994478404522,0.09673018753528595,0.031510792672634125,0.007133429404348135,0.05645295977592468,0.0038446816615760326,0.010183549486100674,0.01057109422981739,0.0017165979370474815,0.09245631843805313,0.05700875446200371,0.009755314327776432,0.053134381771087646,0.015860849991440773,0.04235118627548218,0.06652357429265976,0.011216470040380955,0.003872307948768139,0.16065764427185059,0.04109355807304382,0.06833338737487793,0.004758654162287712,0.02555006928741932,0.027824541553854942,0.024747638031840324,0.012586910277605057,0.03701436147093773,0.022081704810261726,,,,,,,,,,,,,,,
unknown,ト,344,345,490.76498,491.26498,0.5644531,,0.03783078119158745,0.03191759064793587,0.1026349812746048,0.09572350233793259,0.0041956715285778046,0.06974058598279953,0.01916743628680706,0.024210596457123756,0.045170508325099945,0.11871419101953506,0.09512735903263092,0.056933704763650894,0.06821747124195099,0.11263617128133774,0.02592363953590393,0.09635253250598907,0.03624245524406433,0.04041636735200882,0.06835678964853287,0.028880516067147255,0.008045208640396595,0.02013339102268219,0.01986485719680786,0.015457906760275364,0.02005692571401596,0.008566008880734444,0.16422466933727264,0.04485108703374863,0.00788276456296444,0.10418939590454102,0.004595655482262373,0.013097167946398258,0.009700740687549114,0.0019113310845568776,0.13354186713695526,0.08196153491735458,0.01675327494740486,0.0904754027724266,0.009491079486906528,0.047146644443273544,0.06567224115133286,0.01173834316432476,0.006985798478126526,0.03557233884930611,0.02812069095671177,0.10262727737426758,0.010710610076785088,0.019024735316634178,0.0184383075684309,0.03261515870690346,0.007464050780981779,0.033852968364953995,0.029362570494413376,,,,,,,,,,,,,,,
unknown,小,346,347,494.04498,494.245,0.98535156,,0.07404585927724838,0.0803566500544548,0.11097992956638336,0.13349610567092896,0.006059917621314526,0.07931100577116013,0.015571479685604572,0.0354849174618721,0.07407071441411972,0.08260713517665863,0.08674081414937973,0.05619923397898674,0.0872788354754448,0.10359536856412888,0.02965613827109337,0.06539775431156158,0.036814190447330475,0.0473143644630909,0.05215898156166077,0.0353989340364933,0.007268610876053572,0.015022311359643936,0.02350875362753868,0.014789357781410217,0.027814222499728203,0.011148751713335514,0.21245530247688293,0.06219460815191269,0.01284318882972002,0.12707005441188812,0.004078911617398262,0.01664312183856964,0.008804839104413986,0.0016574618639424443,0.2056618630886078,0.10396378487348557,0.04176196828484535,0.10846289992332458,0.006850318051874638,0.05305695906281471,0.06124207377433777,0.006375397089868784,0.02264249697327614,0.023328356444835663,0.03589848428964615,0.07645193487405777,0.026059959083795547,0.017787093296647072,0.019240714609622955,0.044347766786813736,0.011488880962133408,0.015411155298352242,0.023771226406097412,,,,,,,,,,,,,,,
unknown,さ,348,349,494.245,494.365,0.9995117,,0.07093066722154617,0.07566967606544495,0.09099914878606796,0.12545154988765717,0.006679827347397804,0.08828994631767273,0.018981199711561203,0.03220225125551224,0.08783181011676788,0.07814211398363113,0.07794413715600967,0.05657937750220299,0.1001867949962616,0.1023690402507782,0.030162641778588295,0.06250482052564621,0.031567174941301346,0.05331737548112869,0.055450256913900375,0.0384652242064476,0.007217974402010441,0.0167795829474926,0.028717150911688805,0.012862381525337696,0.032477427273988724,0.011052316054701805,0.22249996662139893,0.05525172874331474,0.011452723294496536,0.13166365027427673,0.004734638147056103,0.015889838337898254,0.009750304743647575,0.0016003234777599573,0.2083640694618225,0.09613177925348282,0.038669295608997345,0.08560742437839508,0.006871743127703667,0.05843498930335045,0.06013963371515274,0.0059652733616530895,0.018222618848085403,0.022160738706588745,0.032591499388217926,0.07458638399839401,0.021107133477926254,0.019289404153823853,0.020927326753735542,0.04511506110429764,0.011389225721359253,0.014540806412696838,0.023878488689661026,,,,,,,,,,,,,,,
unknown,い,350,351,494.365,494.865,0.9980469,,0.07900407910346985,0.09086035192012787,0.09134840220212936,0.1073947325348854,0.012023255228996277,0.10569401830434799,0.026544922962784767,0.03839118033647537,0.09931924194097519,0.05751137062907219,0.05920376256108284,0.04295888543128967,0.09491463005542755,0.0989239513874054,0.04001136124134064,0.05443447455763817,0.030339539051055908,0.05494308099150658,0.07922501862049103,0.0568590871989727,0.012523028068244457,0.02852145954966545,0.03497536480426788,0.01813894882798195,0.04301057755947113,0.018363535404205322,0.1875597983598709,0.06511014699935913,0.015452524647116661,0.12186255306005478,0.007225005887448788,0.0172216035425663,0.012589863501489162,0.002720179734751582,0.15436585247516632,0.09257917106151581,0.05686122924089432,0.07070519775152206,0.014344843104481697,0.06081128492951393,0.059810344129800797,0.006877479609102011,0.03717707470059395,0.04100693017244339,0.04149447754025459,0.06530967354774475,0.045245859771966934,0.030571697279810905,0.02732088975608349,0.04143248870968819,0.01647571288049221,0.02349843829870224,0.025473702698946,,,,,,,,,,,,,,,
unknown,飛,352,353,500.205,500.365,0.89208984,,0.04157982021570206,0.03355903550982475,0.060775693506002426,0.095808245241642,0.010716760531067848,0.12819889187812805,0.02974018082022667,0.024828245863318443,0.06955254077911377,0.058438703417778015,0.07410141080617905,0.07264873385429382,0.09840109199285507,0.16197791695594788,0.03652038425207138,0.03950224071741104,0.025734813883900642,0.08523059636354446,0.07999175786972046,0.054402705281972885,0.008512886241078377,0.03460809215903282,0.04176928848028183,0.010305660776793957,0.027004245668649673,0.03442629426717758,0.15396665036678314,0.04455457255244255,0.015193650498986244,0.06917586177587509,0.006392851006239653,0.00947606097906828,0.011676989495754242,0.002017086138948798,0.1628434658050537,0.04228336736559868,0.02418546751141548,0.05597487837076187,0.019957344979047775,0.0374114103615284,0.08647287636995316,0.0077377986162900925,0.0190066359937191,0.03703491389751434,0.04740427806973457,0.04795442894101143,0.025333644822239876,0.022798409685492516,0.02364473044872284,0.026791082695126534,0.030914273113012314,0.06001818925142288,0.022893473505973816,,,,,,,,,,,,,,,
unknown,ぶ,354,355,500.365,500.865,0.9482422,,0.0480215847492218,0.040716398507356644,0.056208204478025436,0.10251469165086746,0.011374001391232014,0.1397857964038849,0.02467801235616207,0.02651342935860157,0.06997352093458176,0.05661606416106224,0.05222328007221222,0.055441878736019135,0.0996326431632042,0.12700705230236053,0.035078439861536026,0.03348167613148689,0.02043815515935421,0.07834398746490479,0.08718816190958023,0.04995333403348923,0.007314507383853197,0.031332001090049744,0.03622142970561981,0.010387055575847626,0.02854430116713047,0.03187566250562668,0.18870578706264496,0.04098524525761604,0.016564028337597847,0.085145503282547,0.004204012919217348,0.00991151574999094,0.012926817871630192,0.0013964937534183264,0.15248891711235046,0.05224808678030968,0.028022246435284615,0.05208078399300575,0.01683405414223671,0.038080669939517975,0.07144420593976974,0.005542129743844271,0.017225420102477074,0.03495858237147331,0.046143755316734314,0.040711771696805954,0.019755646586418152,0.02329353243112564,0.02286931499838829,0.026617296040058136,0.028986789286136627,0.08130890130996704,0.02133193612098694,,,,,,,,,,,,,,,
unknown,話,356,357,508.06,508.22,0.62646484,,0.10397280752658844,0.09582862257957458,0.11343377083539963,0.12231433391571045,0.006492136977612972,0.06686519086360931,0.015012826770544052,0.05925936624407768,0.04947752505540848,0.05055557191371918,0.05754956975579262,0.0726734921336174,0.09398877620697021,0.14507664740085602,0.027471816167235374,0.04317966103553772,0.04509039223194122,0.08877625316381454,0.04831749573349953,0.033222757279872894,0.00504422327503562,0.013578454032540321,0.03258606046438217,0.023014599457383156,0.015050363726913929,0.013050767593085766,0.36095187067985535,0.09540465474128723,0.023621946573257446,0.2307581901550293,0.004260328132659197,0.00992906466126442,0.0058786808513104916,0.0014923163689672947,0.3185904622077942,0.11200413852930069,0.040200795978307724,0.07252201437950134,0.005549988243728876,0.053141940385103226,0.06233518198132515,0.0034657728392630816,0.030553679913282394,0.01906224712729454,0.032169073820114136,0.06216132268309593,0.03583051636815071,0.012674513272941113,0.021461987867951393,0.053344640880823135,0.013200514949858189,0.010896922089159489,0.027885302901268005,,,,,,,,,,,,,,,
unknown,し,358,359,508.22,508.72,0.87353516,,0.0855242908000946,0.09518474340438843,0.11702483147382736,0.1411975473165512,0.0036290946882218122,0.037616148591041565,0.015190081670880318,0.04868032783269882,0.052904050797224045,0.03691906854510307,0.04197714850306511,0.07334727048873901,0.09101281315088272,0.1376485973596573,0.01901889406144619,0.030973993241786957,0.04812834411859512,0.09834620356559753,0.024112652987241745,0.019431596621870995,0.0030976852867752314,0.010252097621560097,0.02958434447646141,0.02646663971245289,0.012430543079972267,0.01080428808927536,0.478899210691452,0.10280060023069382,0.017081189900636673,0.32752954959869385,0.004237966611981392,0.0066818054765462875,0.004426969215273857,0.0012714130571112037,0.3942127823829651,0.12100928276777267,0.04201865196228027,0.07528022676706314,0.0032403962686657906,0.04598437622189522,0.04067324474453926,0.0019832903053611517,0.03675446659326553,0.011096150614321232,0.02385145053267479,0.047445058822631836,0.04657259210944176,0.008864643052220345,0.013827973045408726,0.042717672884464264,0.010311366058886051,0.00671648234128952,0.022645888850092888,,,,,,,,,,,,,,,
unknown,ぶ,360,361,514.1144,514.3139,0.99658203,,0.06237654387950897,0.06091903895139694,0.08583876490592957,0.13081040978431702,0.003764044726267457,0.04869809001684189,0.018344925716519356,0.03149128705263138,0.0721806213259697,0.05093209072947502,0.04409332200884819,0.06416396051645279,0.1150575652718544,0.14258383214473724,0.02017737552523613,0.029994802549481392,0.045162808150053024,0.09437564015388489,0.03753609582781792,0.02172931283712387,0.00302638066932559,0.011461722664535046,0.04064003378152847,0.015871703624725342,0.016308099031448364,0.010831830091774464,0.4426644742488861,0.06710154563188553,0.018240751698613167,0.2848721444606781,0.003987369127571583,0.007037011906504631,0.007132460828870535,0.0009334408678114414,0.3882070779800415,0.0943545401096344,0.025101998820900917,0.04959231615066528,0.0030361225362867117,0.041617535054683685,0.04393050819635391,0.0020518633536994457,0.019145311787724495,0.015303646214306355,0.030998816713690758,0.043313588947057724,0.02424679882824421,0.011821357533335686,0.015205257572233677,0.03625291958451271,0.011401761323213577,0.007454581558704376,0.01893383450806141,,,,,,,,,,,,,,,
unknown,つ,362,363,514.3139,514.43365,0.99658203,,0.06252943724393845,0.06942670047283173,0.0836314707994461,0.11475629359483719,0.003026955761015415,0.04009078070521355,0.01415290031582117,0.03917016461491585,0.045728132128715515,0.04362745210528374,0.07104253023862839,0.08998510986566544,0.08333486318588257,0.1527925729751587,0.01779557205736637,0.038063619285821915,0.04674370214343071,0.10002880543470383,0.023951450362801552,0.016879936680197716,0.002358228899538517,0.008046925999224186,0.029369445517659187,0.02010459452867508,0.009926894679665565,0.00887985061854124,0.4429648518562317,0.08310770243406296,0.013761183246970177,0.302643358707428,0.003338093403726816,0.00824342668056488,0.004714054986834526,0.0008381023071706295,0.41673144698143005,0.09918983280658722,0.03489915654063225,0.08073654770851135,0.002080447506159544,0.03842169791460037,0.04572376608848572,0.003315078327432275,0.03160732612013817,0.008815441280603409,0.02199711836874485,0.053371965885162354,0.037920694798231125,0.00742535712197423,0.01339696440845728,0.045913878828287125,0.010196903720498085,0.009492697194218636,0.023448521271348,,,,,,,,,,,,,,,
unknown,け,364,365,514.43365,514.59326,0.99658203,,0.05728648975491524,0.05052576959133148,0.08928018808364868,0.10281059890985489,0.003399333916604519,0.04384119436144829,0.013783677481114864,0.03787943348288536,0.045107174664735794,0.041367970407009125,0.0737517923116684,0.13139580190181732,0.0955580547451973,0.14933988451957703,0.018820062279701233,0.03017573617398739,0.03806973993778229,0.1339317411184311,0.020154939964413643,0.019041012972593307,0.002674238057807088,0.007681183982640505,0.030522441491484642,0.01573406718671322,0.008736581541597843,0.008390024304389954,0.451698899269104,0.07807163149118423,0.012748247012495995,0.28371453285217285,0.003632115898653865,0.006432553753256798,0.0034690331667661667,0.0009653849410824478,0.46504533290863037,0.0686257928609848,0.02046515978872776,0.05248459056019783,0.0017356835305690765,0.03697812557220459,0.04402761533856392,0.0029165244195610285,0.02132883295416832,0.005624003242701292,0.02388160116970539,0.047714971005916595,0.03294586017727852,0.006133847404271364,0.014598523266613483,0.0472102016210556,0.010069401934742928,0.007926532998681068,0.02554796077311039,,,,,,,,,,,,,,,
unknown,る,366,367,514.59326,515.09326,0.9970703,,0.051491569727659225,0.04819862172007561,0.07221020013093948,0.13650541007518768,0.003829226829111576,0.04743011295795441,0.013052335008978844,0.0344814732670784,0.050265807658433914,0.044508740305900574,0.05926406383514404,0.11757688969373703,0.10973992943763733,0.1285741776227951,0.020643413066864014,0.025039123371243477,0.039947886019945145,0.1057242602109909,0.01658427156507969,0.020272137597203255,0.0031190826557576656,0.007219019811600447,0.030908877030014992,0.015852464362978935,0.009399451315402985,0.00662431912496686,0.43697884678840637,0.07631206512451172,0.011630394496023655,0.28873419761657715,0.0035979212261736393,0.005458836443722248,0.003042376833036542,0.0010645701549947262,0.4813898205757141,0.06572170555591583,0.018415475264191628,0.04467148333787918,0.0013653631322085857,0.030754202976822853,0.03841189667582512,0.002331450115889311,0.020451562479138374,0.0038071845192462206,0.029617002233862877,0.04265192151069641,0.0395725816488266,0.005630060564726591,0.015257177874445915,0.05010052025318146,0.007897382602095604,0.00652846647426486,0.021287495270371437,,,,,,,,,,,,,,,
unknown,買,368,369,518.34454,518.5042,0.96435547,,0.042265500873327255,0.030569735914468765,0.07541090995073318,0.13677306473255157,0.007288589607924223,0.0791831985116005,0.012152415700256824,0.03140919655561447,0.04477018490433693,0.05733902379870415,0.07355558127164841,0.15572470426559448,0.11760525405406952,0.13222326338291168,0.035639069974422455,0.033921945840120316,0.03183068335056305,0.12205109745264053,0.024275461211800575,0.03937271982431412,0.006757035851478577,0.009261003695428371,0.03401750326156616,0.013562721200287342,0.011336319148540497,0.007108754478394985,0.33433762192726135,0.06477147340774536,0.009893457405269146,0.18643024563789368,0.004008508287370205,0.006926544476300478,0.0035768263041973114,0.001749354531057179,0.40023210644721985,0.046798694878816605,0.010988665744662285,0.03742506355047226,0.001948267687112093,0.0375295989215374,0.04946659132838249,0.003547616070136428,0.010206409730017185,0.004166678059846163,0.042907942086458206,0.057559769600629807,0.02575766108930111,0.007190691772848368,0.02123585157096386,0.05023305118083954,0.008457967080175877,0.009728606790304184,0.031516265124082565,,,,,,,,,,,,,,,
unknown,い,370,371,518.5042,518.6239,0.9741211,,0.05038966238498688,0.039900366216897964,0.08900715410709381,0.15271995961666107,0.003316170070320368,0.05099276453256607,0.008352724835276604,0.035938188433647156,0.034902799874544144,0.04558150842785835,0.08137038350105286,0.1140541061758995,0.07212688028812408,0.157254159450531,0.02800447680056095,0.04586787894368172,0.035278718918561935,0.09365784376859665,0.020050305873155594,0.024379171431064606,0.003790026530623436,0.0050432272255420685,0.0263924952596426,0.015182247385382652,0.009699583053588867,0.005684444680809975,0.38169795274734497,0.06616263091564178,0.01387281809002161,0.23403361439704895,0.002136114751920104,0.008837064728140831,0.004081124905496836,0.000856437545735389,0.4225004315376282,0.07559555768966675,0.015427717939019203,0.05334555730223656,0.0011568819172680378,0.04412716254591942,0.06155352666974068,0.003988085780292749,0.012096316553652287,0.0038679703138768673,0.03990883752703667,0.07191576063632965,0.020497363060712814,0.006885249633342028,0.014343307353556156,0.05918832868337631,0.007409917190670967,0.008034450002014637,0.030463270843029022,,,,,,,,,,,,,,,
unknown,物,372,373,518.6239,519.1239,0.94970703,,0.03580142557621002,0.032899800688028336,0.07071875780820847,0.13962334394454956,0.0041696676053106785,0.06517913192510605,0.008759523741900921,0.028268929570913315,0.04119764268398285,0.05902533233165741,0.08973106741905212,0.12775631248950958,0.07954958081245422,0.1441456824541092,0.029797643423080444,0.043696895241737366,0.03227803856134415,0.08282075077295303,0.01852692849934101,0.025317272171378136,0.004107304383069277,0.0053855422884225845,0.022452926263213158,0.01120896264910698,0.012184658087790012,0.004989828448742628,0.32724112272262573,0.057565122842788696,0.010457048192620277,0.20277774333953857,0.0021170787513256073,0.009479020722210407,0.0053406087681651115,0.0009123561903834343,0.42634454369544983,0.058297544717788696,0.012726730667054653,0.061443522572517395,0.0010496730683371425,0.04641002416610718,0.056533992290496826,0.003760309424251318,0.008945086039602757,0.00353666371665895,0.04071451723575592,0.06767244637012482,0.01570042595267296,0.007557822857052088,0.014434700831770897,0.05169292911887169,0.006493804045021534,0.007781084626913071,0.027225660160183907,,,,,,,,,,,,,,,
unknown,結,374,375,524.8894,525.2086,0.9272461,,0.021390004083514214,0.023069318383932114,0.040080536156892776,0.12011336535215378,0.015262316912412643,0.12937979400157928,0.019618595018982887,0.019313709810376167,0.04745427519083023,0.06355050206184387,0.04713135212659836,0.13713255524635315,0.10097217559814453,0.1019592210650444,0.04279697313904762,0.021299950778484344,0.03066358156502247,0.1006731167435646,0.020312651991844177,0.04402957111597061,0.009041475132107735,0.013907133601605892,0.028678223490715027,0.009335209615528584,0.01308741606771946,0.004823377355933189,0.33482563495635986,0.0426131896674633,0.007551017217338085,0.23402947187423706,0.0060930135659873486,0.005259293131530285,0.004777757450938225,0.0025688803289085627,0.3697049021720886,0.04216702654957771,0.009050450287759304,0.05300462618470192,0.0018756909994408488,0.03311360254883766,0.04061288759112358,0.0020738260354846716,0.006163738667964935,0.003789682872593403,0.03954372555017471,0.03532911837100983,0.01196040865033865,0.007656444329768419,0.021970633417367935,0.03927092254161835,0.004834289662539959,0.00845201313495636,0.020812803879380226,,,,,,,,,,,,,,,
unknown,婚,376,377,525.2086,525.7086,0.49951172,,0.0629388764500618,0.07464449852705002,0.052323635667562485,0.09416083246469498,0.004663449712097645,0.03739704191684723,0.012561613693833351,0.04013216868042946,0.02356497012078762,0.010759055614471436,0.029580334201455116,0.08445268869400024,0.04090205952525139,0.07819744199514389,0.020761514082551003,0.03272140398621559,0.022892873734235764,0.15446966886520386,0.009479527361690998,0.013478285633027554,0.0021505809854716063,0.005959196947515011,0.01648690551519394,0.02019004337489605,0.005663671065121889,0.0043363724835217,0.6716549396514893,0.05088597908616066,0.007829914800822735,0.5579798221588135,0.003474073251709342,0.012529078871011734,0.0024738565552979708,0.000929357367567718,0.4462600350379944,0.11481660604476929,0.03684832528233528,0.05034375935792923,0.000984818208962679,0.09869607537984848,0.03369123116135597,0.0028050076216459274,0.013872941955924034,0.0025871016550809145,0.019414499402046204,0.06545397639274597,0.012804380618035793,0.003696789499372244,0.013299333862960339,0.07449443638324738,0.005047510843724012,0.0031725517474114895,0.04874144122004509,,,,,,,,,,,,,,,
unknown,家,378,379,532.7655,532.9251,0.94433594,,0.052473437041044235,0.05608490854501724,0.06726866960525513,0.0785001814365387,0.012080738320946693,0.09224794059991837,0.026994090527296066,0.033828891813755035,0.02885201945900917,0.016932224854826927,0.0328393429517746,0.11487169563770294,0.05406181514263153,0.09543066471815109,0.030441978946328163,0.027967266738414764,0.033812496811151505,0.16520999372005463,0.02344302088022232,0.028575211763381958,0.005078865215182304,0.015445437282323837,0.022466853260993958,0.013992344960570335,0.009941361844539642,0.0059152147732675076,0.5535420179367065,0.04663589224219322,0.010379385203123093,0.4490620493888855,0.007428240962326527,0.01501518301665783,0.004624625202268362,0.0021378935780376196,0.41348153352737427,0.07992266863584518,0.02145298942923546,0.06110940873622894,0.0020555825904011726,0.07309797406196594,0.04552145674824715,0.0034429016523063183,0.009244966320693493,0.005958015099167824,0.02081552892923355,0.05734758824110031,0.00993224885314703,0.006600457243621349,0.020240988582372665,0.05852542817592621,0.006117735058069229,0.004244267009198666,0.03697434067726135,,,,,,,,,,,,,,,
unknown,族,380,381,532.9251,533.4251,0.85791016,,0.05407830700278282,0.06416305154561996,0.050045568495988846,0.08016197383403778,0.008905677124857903,0.09175705909729004,0.03204601630568504,0.030778057873249054,0.0369102880358696,0.023073682561516762,0.04478520527482033,0.08873012661933899,0.048713430762290955,0.12219072878360748,0.03216037154197693,0.031812120229005814,0.03207135945558548,0.12870977818965912,0.02901071310043335,0.030855027958750725,0.004469891544431448,0.015402906574308872,0.02894740365445614,0.009527723304927349,0.011754048988223076,0.007554401643574238,0.49042972922325134,0.04120386764407158,0.012963209301233292,0.38675588369369507,0.0069978986866772175,0.01494521088898182,0.006904934532940388,0.0014311056584119797,0.404415100812912,0.07518866658210754,0.028410710394382477,0.06909140944480896,0.0021815078798681498,0.07338424026966095,0.04988666623830795,0.0030875015072524548,0.00950153823941946,0.008982687257230282,0.024467255920171738,0.05209720507264137,0.007799031212925911,0.009185431525111198,0.016898129135370255,0.04199850186705589,0.00842271652072668,0.007352631073445082,0.02545776218175888,,,,,,,,,,,,,,,
unknown,緑,382,383,535.5986,536.0986,0.9975586,,0.046218544244766235,0.05383528023958206,0.0839168131351471,0.079402394592762,0.002451756503432989,0.02947310544550419,0.016472289338707924,0.028533484786748886,0.04004321247339249,0.04264095053076744,0.08326342701911926,0.08190354704856873,0.059004176408052444,0.09937126934528351,0.0133461132645607,0.05431540682911873,0.05414086952805519,0.07164723426103592,0.0220705047249794,0.009678191505372524,0.002195244887843728,0.009255091659724712,0.016941489651799202,0.0135311558842659,0.01034827996045351,0.005289298016577959,0.42542192339897156,0.05019378289580345,0.007744319271296263,0.31967610120773315,0.004291188437491655,0.012867356650531292,0.0056938896887004375,0.0011321529746055603,0.44905659556388855,0.09361933171749115,0.024460701271891594,0.0952412337064743,0.002367044799029827,0.054750386625528336,0.03646502643823624,0.0036432610359042883,0.009561133570969105,0.010077103972434998,0.012719671241939068,0.07463925331830978,0.009732446633279324,0.007455531973391771,0.014742960222065449,0.053569015115499496,0.0061603751964867115,0.005312149412930012,0.023997347801923752,,,,,,,,,,,,,,,
unknown,み,384,385,542.205,542.365,0.9316406,,0.04665196314454079,0.04495066776871681,0.07156655192375183,0.09092013537883759,0.002957162680104375,0.035499803721904755,0.01612931117415428,0.0237377118319273,0.05262228846549988,0.05013991892337799,0.08615870773792267,0.07728531211614609,0.05802907049655914,0.09585900604724884,0.016888681799173355,0.05648535490036011,0.044971100986003876,0.0823218896985054,0.026464564725756645,0.01200204435735941,0.002741433447226882,0.009027626365423203,0.019608182832598686,0.011036502197384834,0.014175573363900185,0.0057452707551419735,0.4043894112110138,0.040376193821430206,0.009591824375092983,0.28247180581092834,0.003728290554136038,0.012207495048642159,0.006158008240163326,0.000960658653639257,0.41589343547821045,0.0824989527463913,0.018274156376719475,0.07209992408752441,0.0024835688527673483,0.0685371607542038,0.04181598126888275,0.004061839543282986,0.007945376448333263,0.010835999622941017,0.016710761934518814,0.08062390238046646,0.00971371028572321,0.009579258970916271,0.01462402381002903,0.05166155472397804,0.006860706023871899,0.005987735465168953,0.028620745986700058,,,,,,,,,,,,,,,
unknown,た,386,387,542.365,542.48505,0.9765625,,0.02174677886068821,0.026165436953306198,0.055075205862522125,0.05641183629631996,0.0019158010836690664,0.03040331043303013,0.03141965717077255,0.013259414583444595,0.05296323075890541,0.10323943197727203,0.15562866628170013,0.10116132348775864,0.0660938173532486,0.17161773145198822,0.015261146239936352,0.06026177480816841,0.055638186633586884,0.06683629006147385,0.025988643988966942,0.012412046082317829,0.002221367321908474,0.012757637538015842,0.0343865230679512,0.00766668189316988,0.008702957071363926,0.008359911851584911,0.24789147078990936,0.04057237505912781,0.006399583537131548,0.15964199602603912,0.007054226007312536,0.007459499407559633,0.006314578466117382,0.0009677362977527082,0.45589420199394226,0.0474705696105957,0.018069028854370117,0.05698571726679802,0.0033054021187126637,0.022216960787773132,0.03667252138257027,0.00419618608430028,0.011199097149074078,0.014692380093038082,0.01092120073735714,0.0530460886657238,0.012347370386123657,0.00802426878362894,0.010759263299405575,0.02221117541193962,0.009175598621368408,0.013639642857015133,0.010807426646351814,,,,,,,,,,,,,,,
unknown,い,388,389,542.48505,542.98505,0.9980469,,0.0235094353556633,0.0293587613850832,0.04443499073386192,0.06486069411039352,0.0026125404983758926,0.039889395236968994,0.02471393719315529,0.013418445363640785,0.06387169659137726,0.12747341394424438,0.14184163510799408,0.09867610037326813,0.0673169493675232,0.12572544813156128,0.01750078797340393,0.058868132531642914,0.048540111631155014,0.07742074877023697,0.02408754825592041,0.013239088468253613,0.002493673237040639,0.011504299938678741,0.02779959887266159,0.007970896549522877,0.010165541432797909,0.008354846388101578,0.2908441424369812,0.03610870987176895,0.0066053601913154125,0.18112634122371674,0.004702238366007805,0.009259100072085857,0.006892478093504906,0.0007982104434631765,0.42942264676094055,0.054018545895814896,0.020926443859934807,0.05474114790558815,0.003095479914918542,0.028080476447939873,0.03392481803894043,0.0043881917372345924,0.011144760996103287,0.012305950745940208,0.014953339472413063,0.054008349776268005,0.012880227528512478,0.008274029940366745,0.011502578854560852,0.026437127962708473,0.009664593264460564,0.020502567291259766,0.01366877555847168,,,,,,,,,,,,,,,
unknown,心,390,391,548.005,548.505,0.99902344,,0.026615846902132034,0.032559629529714584,0.04228214547038078,0.08653824776411057,0.0017674198606982827,0.02354942075908184,0.0137002132833004,0.011814428493380547,0.05210413038730621,0.06065592169761658,0.10505599528551102,0.06799917668104172,0.03833143785595894,0.07957889139652252,0.01483768317848444,0.06944666057825089,0.052825454622507095,0.10609014332294464,0.00985051691532135,0.006609919015318155,0.0013921819627285004,0.005393883679062128,0.013914164155721664,0.009981971234083176,0.006634341552853584,0.004351233132183552,0.4812769889831543,0.026451097801327705,0.0060386559925973415,0.32443705201148987,0.0025540178176015615,0.012481333687901497,0.004063187167048454,0.00039939171983860433,0.443898469209671,0.09830537438392639,0.019282780587673187,0.0337928906083107,0.001307220896705985,0.05723544582724571,0.02302088588476181,0.003644484095275402,0.006705912295728922,0.0056597646325826645,0.015301450155675411,0.07542286068201065,0.0078811626881361,0.004544926807284355,0.005766106769442558,0.02901100181043148,0.005698973312973976,0.006076379679143429,0.02246999926865101,,,,,,,,,,,,,,,
unknown,青,392,393,554.22003,554.72003,0.9980469,,0.023980434983968735,0.030891861766576767,0.06692197173833847,0.10240684449672699,0.0020438767969608307,0.03372875973582268,0.021050065755844116,0.012727201916277409,0.09231214970350266,0.0729367733001709,0.122084841132164,0.0815015658736229,0.08169885724782944,0.11777126789093018,0.0185211431235075,0.045101579278707504,0.042674239724874496,0.06215331330895424,0.01290584821254015,0.0146989356726408,0.003039833391085267,0.008190872147679329,0.026118427515029907,0.006612109020352364,0.01195613108575344,0.005229226779192686,0.28006771206855774,0.03920282423496246,0.006363257300108671,0.16577154397964478,0.00493447994813323,0.006594951264560223,0.0041546947322785854,0.0008934215875342488,0.43686679005622864,0.053653866052627563,0.01611652411520481,0.03666728734970093,0.0014112347271293402,0.0324050597846508,0.02704698219895363,0.0025739457923918962,0.010862316936254501,0.006858398672193289,0.028550701215863228,0.04586465656757355,0.016960054636001587,0.006915803533047438,0.008741140365600586,0.02379605360329151,0.006453464739024639,0.006320950109511614,0.010546771809458733,,,,,,,,,,,,,,,
unknown,人,394,395,560.38,560.88,0.79541016,,0.008965938352048397,0.01140093244612217,0.03283127397298813,0.11392945796251297,0.0021590811666101217,0.036782700568437576,0.019358061254024506,0.0068696350790560246,0.04465566575527191,0.12871967256069183,0.13127483427524567,0.08851221203804016,0.03962080180644989,0.07469629496335983,0.01948915608227253,0.11045559495687485,0.046058978885412216,0.09973550587892532,0.01431360375136137,0.007815118879079819,0.0022533326409757137,0.008055228739976883,0.012903825379908085,0.01966605894267559,0.0066949306055903435,0.002787163946777582,0.3948562443256378,0.023679083213210106,0.003123127855360508,0.3559589087963104,0.003150093136355281,0.009987924247980118,0.003514922456815839,0.0006071345997042954,0.25592195987701416,0.09927117079496384,0.00925492960959673,0.02220236137509346,0.001793184783309698,0.04422874003648758,0.0300725270062685,0.012818233110010624,0.005427365191280842,0.0061073871329426765,0.0287797711789608,0.12377622723579407,0.011103104799985886,0.004673593211919069,0.007494782097637653,0.029101546853780746,0.0030110732186585665,0.022125110030174255,0.0396457277238369,,,,,,,,,,,,,,,
unknown,心,396,397,572.9814,573.4814,0.7265625,,0.011385786347091198,0.01309945434331894,0.03299660608172417,0.13862647116184235,0.002258176216855645,0.03370078653097153,0.011774858459830284,0.008047693409025669,0.035059310495853424,0.07989559322595596,0.09902714937925339,0.06994754076004028,0.03713027760386467,0.05639460310339928,0.01831643283367157,0.10458512604236603,0.04706058278679848,0.10333168506622314,0.012982227839529514,0.006987826898694038,0.0019550954457372427,0.006293082144111395,0.00887016300112009,0.023052643984556198,0.005613651592284441,0.0029936458449810743,0.4441883862018585,0.021539120003581047,0.0035469927825033665,0.3733559250831604,0.0020491385366767645,0.010585419833660126,0.0033589275553822517,0.000524192932061851,0.26526308059692383,0.12030942738056183,0.009768052957952023,0.015792280435562134,0.001723447465337813,0.0554644949734211,0.02620140090584755,0.010873193852603436,0.00412641279399395,0.005241026170551777,0.03247914835810661,0.13414925336837769,0.008599109947681427,0.00399352191016078,0.007778140250593424,0.033392779529094696,0.00363249983638525,0.012597931548953056,0.04863009601831436,,,,,,,,,,,,,,,
unknown,過,398,399,580.06805,580.30786,0.9555664,,0.011749478057026863,0.013177039101719856,0.043215349316596985,0.14156851172447205,0.00249978294596076,0.04719912260770798,0.01485233474522829,0.007977602072060108,0.050846222788095474,0.13453978300094604,0.10441596060991287,0.08407792448997498,0.034493040293455124,0.05044989287853241,0.02028212696313858,0.1104111447930336,0.03275829553604126,0.10326313227415085,0.019753368571400642,0.009044908918440342,0.002790534868836403,0.008874829858541489,0.009340399876236916,0.02048765867948532,0.012318640016019344,0.0036581906024366617,0.3791188597679138,0.02354251779615879,0.00370593648403883,0.296603262424469,0.00236014393158257,0.011308526620268822,0.005931114312261343,0.0006556601147167385,0.20003512501716614,0.09755685180425644,0.009347801096737385,0.015708891674876213,0.0026066533755511045,0.06758806109428406,0.03049127571284771,0.012237238697707653,0.004190713167190552,0.007236146833747625,0.034646276384592056,0.1408507525920868,0.009681335650384426,0.007582911290228367,0.008848625235259533,0.028470264747738838,0.00406230054795742,0.02812017686665058,0.052215252071619034,,,,,,,,,,,,,,,
unknown,ち,400,401,580.30786,580.80786,0.9868164,,0.01765228807926178,0.018039731308817863,0.047386884689331055,0.12687066197395325,0.005934237036854029,0.08200380951166153,0.014319619163870811,0.010074767284095287,0.04981739819049835,0.11036267131567001,0.10099446028470993,0.0757351815700531,0.03261914104223251,0.05334628000855446,0.028956780210137367,0.09215570241212845,0.02305150032043457,0.09821366518735886,0.036289483308792114,0.01849513314664364,0.004947205074131489,0.012527474202215672,0.01017635315656662,0.013532815501093864,0.014736656099557877,0.005467009264975786,0.33826354146003723,0.021683817729353905,0.004541154019534588,0.24068643152713776,0.003085371106863022,0.01778138056397438,0.006178730167448521,0.0011347625404596329,0.20130054652690887,0.09230337291955948,0.012909945100545883,0.02445892058312893,0.004463342018425465,0.0702405571937561,0.03959191218018532,0.01204653363674879,0.005305746104568243,0.012923798523843288,0.05184975266456604,0.12169665098190308,0.00807306356728077,0.00928384531289339,0.015812456607818604,0.03702430799603462,0.00587457837536931,0.020795414224267006,0.04898012802004814,,,,,,,,,,,,,,,
unknown,物,402,403,584.50464,584.7844,1.0,,0.014885609038174152,0.015195902436971664,0.040790263563394547,0.10826098173856735,0.008231553249061108,0.10987357050180435,0.022296050563454628,0.009808355942368507,0.06213034689426422,0.10115867853164673,0.07379014045000076,0.07966073602437973,0.04352954030036926,0.05409938097000122,0.027454923838377,0.07342369109392166,0.027266761288046837,0.12411771714687347,0.04618784412741661,0.018397131934762,0.005296110641211271,0.019932162016630173,0.013028272427618504,0.014355406165122986,0.02097262442111969,0.005983410403132439,0.3103860914707184,0.021839676424860954,0.005397504195570946,0.22944289445877075,0.004101395606994629,0.01714182272553444,0.008902509696781635,0.0012869524070993066,0.1570752114057541,0.07634752988815308,0.010565122589468956,0.021440448239445686,0.006962254177778959,0.08030333369970322,0.0433848612010479,0.013937047682702541,0.005243368912488222,0.017051950097084045,0.051461946219205856,0.10919422656297684,0.009384232573211193,0.012914685532450676,0.01902400143444538,0.03720184788107872,0.005655843764543533,0.030635632574558258,0.05694309622049332,,,,,,,,,,,,,,,
unknown,語,404,405,584.7844,585.2844,0.9975586,,0.014714771881699562,0.03098863549530506,0.04445063695311546,0.0991029217839241,0.00902109406888485,0.07395271211862564,0.020156962797045708,0.01074004452675581,0.03326648101210594,0.06425938755273819,0.06087331846356392,0.0427904911339283,0.0262774545699358,0.03607587888836861,0.023484552279114723,0.12151538580656052,0.05728905647993088,0.09557472914457321,0.02900576964020729,0.011988647282123566,0.005430260207504034,0.019859392195940018,0.005791121628135443,0.054804883897304535,0.010361709631979465,0.005197777412831783,0.42062580585479736,0.02754693664610386,0.0037792359944432974,0.415997177362442,0.003296077251434326,0.019010405987501144,0.006783419754356146,0.0013496014289557934,0.120714470744133,0.19849415123462677,0.03890238702297211,0.031220154836773872,0.008929346688091755,0.07957357168197632,0.030314967036247253,0.017979661002755165,0.01622268743813038,0.016174783930182457,0.02542678639292717,0.1651982069015503,0.02590189315378666,0.008107137866318226,0.012623246759176254,0.03668389096856117,0.004035265184938908,0.03410729393362999,0.06844247132539749,,,,,,,,,,,,,,,
unknown,n,406,407,590.83405,590.87396,0.9472656,,0.013685179874300957,0.022966600954532623,0.031790293753147125,0.061624135822057724,0.021388353779911995,0.13671815395355225,0.024307195097208023,0.011171354912221432,0.024357005953788757,0.06523454189300537,0.05802126228809357,0.04880030080676079,0.02982884831726551,0.03608453646302223,0.03189455717802048,0.09411224722862244,0.035182125866413116,0.10976410657167435,0.05302612483501434,0.020821793004870415,0.009242920204997063,0.03331254795193672,0.006220840848982334,0.035362787544727325,0.009650364518165588,0.006427299231290817,0.322501003742218,0.02095726877450943,0.0037949213292449713,0.32587167620658875,0.004400181118398905,0.017751753330230713,0.009461630135774612,0.0019862453918904066,0.10055028647184372,0.1296754777431488,0.02477489598095417,0.019890757277607918,0.014212003909051418,0.08183049410581589,0.033154599368572235,0.01712903380393982,0.007301619276404381,0.025310315191745758,0.02357819862663746,0.1314695030450821,0.011150580830872059,0.011047917418181896,0.01958118937909603,0.02954544872045517,0.004911116790026426,0.049167048186063766,0.07006294280290604,,,,,,,,,,,,,,,
unknown,e,408,409,590.87396,590.95374,0.91552734,,0.01256326399743557,0.015702346339821815,0.022450167685747147,0.04579820856451988,0.04966757446527481,0.2447788119316101,0.018496930599212646,0.009951054118573666,0.022066831588745117,0.06737393140792847,0.059532951563596725,0.05454910919070244,0.04156045615673065,0.03804834559559822,0.04898347705602646,0.06520503014326096,0.02285432443022728,0.1172238141298294,0.08716737478971481,0.04341703653335571,0.014178167097270489,0.03244436904788017,0.007759917993098497,0.016671286895871162,0.00875917449593544,0.00477902777493,0.24759873747825623,0.015847092494368553,0.0042804148979485035,0.22605043649673462,0.003914715256541967,0.012630407698452473,0.008366572670638561,0.002182189142331481,0.10731954872608185,0.07413064688444138,0.012570274993777275,0.016108887270092964,0.0101567218080163,0.0670158714056015,0.03522934019565582,0.011243319138884544,0.0037970368284732103,0.024755142629146576,0.025366850197315216,0.09278921782970428,0.005982555449008942,0.011488658376038074,0.031786780804395676,0.02693367190659046,0.00399563554674387,0.028933919966220856,0.05794880539178848,,,,,,,,,,,,,,,
unknown,w,410,411,590.95374,591.1132,0.2878418,,0.012530106119811535,0.017196698114275932,0.017718706279993057,0.042594823986291885,0.05499362573027611,0.19852222502231598,0.018429774791002274,0.008983341977000237,0.017595769837498665,0.04614797607064247,0.03304066136479378,0.041535768657922745,0.03549394756555557,0.0279518011957407,0.04432792216539383,0.04998509958386421,0.03221037611365318,0.1391730159521103,0.06433966010808945,0.03445618972182274,0.01312247570604086,0.034594371914863586,0.005868008825927973,0.022035649046301842,0.005988568067550659,0.005392865743488073,0.34710007905960083,0.013346168212592602,0.004057091660797596,0.32055163383483887,0.0037335804663598537,0.011897965334355831,0.007073584012687206,0.0022196522913873196,0.1035061627626419,0.08392417430877686,0.014005597680807114,0.014400424435734749,0.010450201109051704,0.06563257426023483,0.025301359593868256,0.00950884073972702,0.0034987793769687414,0.025225460529327393,0.023111509159207344,0.08063745498657227,0.006162829231470823,0.008607856929302216,0.026847925037145615,0.02453910931944847,0.004550584126263857,0.02335454151034355,0.06285590678453445,,,,,,,,,,,,,,,
unknown,s,412,413,591.1132,591.6132,0.9770508,,0.021926604211330414,0.03112095594406128,0.030270030722022057,0.0426306314766407,0.029564129188656807,0.11537222564220428,0.020587578415870667,0.016991740092635155,0.015612621791660786,0.04823475331068039,0.05440913885831833,0.05199326202273369,0.03409735858440399,0.036105211824178696,0.03266037255525589,0.07986941188573837,0.04029601812362671,0.12357047200202942,0.04764920845627785,0.021946029737591743,0.009037943556904793,0.03303641825914383,0.0060793086886405945,0.034544192254543304,0.005221168976277113,0.007011858280748129,0.32758405804634094,0.023464888334274292,0.00446124654263258,0.3238103687763214,0.005328324623405933,0.016981950029730797,0.0061209537088871,0.002603765344247222,0.12339167296886444,0.11405446380376816,0.025313643738627434,0.018295524641871452,0.014418315142393112,0.08505605161190033,0.02975473180413246,0.012968498282134533,0.005961429327726364,0.026832018047571182,0.018151458352804184,0.11482066661119461,0.008659408427774906,0.007967807352542877,0.023321328684687614,0.031416334211826324,0.005883358884602785,0.024863963946700096,0.07488949596881866,,,,,,,,,,,,,,,
unknown,温,414,415,597.3344,597.5737,0.7661133,,0.029041718691587448,0.04283982142806053,0.03382959961891174,0.05334651097655296,0.0199753288179636,0.08071813732385635,0.016957875341176987,0.019330160692334175,0.0165119469165802,0.037890318781137466,0.05043116956949234,0.045243654400110245,0.03270035609602928,0.032005682587623596,0.025837721303105354,0.07411061972379684,0.05269119143486023,0.11627480387687683,0.032739002257585526,0.015179814770817757,0.006512809079140425,0.02554197795689106,0.005239013582468033,0.03828546777367592,0.005136074963957071,0.006849782075732946,0.3668375611305237,0.02549339272081852,0.004934273194521666,0.3535170257091522,0.004503108095377684,0.020488569512963295,0.005062570795416832,0.002146095270290971,0.1370377242565155,0.13436906039714813,0.03385723754763603,0.024373769760131836,0.012247618287801743,0.09091127663850784,0.026309318840503693,0.012157914228737354,0.00818162877112627,0.022364597767591476,0.020833102986216545,0.11360083520412445,0.012012122198939323,0.006658902391791344,0.018033454194664955,0.035431504249572754,0.006184461526572704,0.019392821937799454,0.07450225204229355,,,,,,,,,,,,,,,
unknown,か,416,417,597.5737,597.69336,0.91552734,,0.016449861228466034,0.01916465163230896,0.03921256214380264,0.04347813129425049,0.013350456953048706,0.09362170100212097,0.021204547956585884,0.012193692848086357,0.015627633780241013,0.07713649421930313,0.06790976226329803,0.1004740446805954,0.0393265075981617,0.04420741647481918,0.024169014766812325,0.06839437782764435,0.05834154784679413,0.16287796199321747,0.03361593186855316,0.014654816128313541,0.005485673435032368,0.02412113919854164,0.007107757963240147,0.019650902599096298,0.004104520659893751,0.003570751752704382,0.3599027693271637,0.020891381427645683,0.00395378889515996,0.33288127183914185,0.005231080111116171,0.013808777555823326,0.004445191007107496,0.0018104171613231301,0.17394952476024628,0.08021744340658188,0.011025162413716316,0.024129776284098625,0.007252704817801714,0.07052824646234512,0.029331738129258156,0.009267918765544891,0.00251815770752728,0.015841105952858925,0.015144584700465202,0.10023032128810883,0.004158873111009598,0.005506431218236685,0.014720845967531204,0.024231988936662674,0.0032360523473471403,0.019725872203707695,0.063661128282547,,,,,,,,,,,,,,,
unknown,い,418,419,597.69336,597.813,0.9555664,,0.016999268904328346,0.02345825545489788,0.03237301483750343,0.0579184927046299,0.016326511278748512,0.08899202942848206,0.023076452314853668,0.012538651935756207,0.01578589715063572,0.042232535779476166,0.032361339777708054,0.07795850932598114,0.03714820742607117,0.031114835292100906,0.023276563733816147,0.049340639263391495,0.06296904385089874,0.19817747175693512,0.023715924471616745,0.013325139880180359,0.005220073275268078,0.02522982656955719,0.006191421765834093,0.03038293495774269,0.003897717921063304,0.0035245041362941265,0.5191916823387146,0.020445065572857857,0.003603902645409107,0.5085141062736511,0.0058140321634709835,0.013964572921395302,0.0035041305236518383,0.002052309922873974,0.16949346661567688,0.10934571921825409,0.014664147049188614,0.020487068220973015,0.006734790280461311,0.07879772037267685,0.022656183689832687,0.007814828306436539,0.0032751280814409256,0.011452912352979183,0.018995659425854683,0.08900715410709381,0.005612689536064863,0.004147313069552183,0.014637756161391735,0.029487814754247665,0.0029942630790174007,0.013346048071980476,0.07500167191028595,,,,,,,,,,,,,,,
