Id,BeginTime,EndTime,Admiration,Adoration,Aesthetic Appreciation,Amusement,Anger,Anxiety,Awe,Awkwardness,Boredom,Calmness,Concentration,Contemplation,Confusion,Contempt,Contentment,Craving,Determination,Disappointment,Disgust,Distress,Doubt,Ecstasy,Embarrassment,Empathic Pain,Entrancement,Envy,Excitement,Fear,Guilt,Horror,Interest,Joy,Love,Nostalgia,Pain,Pride,Realization,Relief,Romance,Sadness,Satisfaction,Desire,Shame,Surprise (negative),Surprise (positive),Sympathy,Tiredness,Triumph,Cackle,Cheer,Chuckle,Cry,Gasp,Giggle,Groan,Growl,Grunt,Hiss,Hoot,Howl,Laugh,Moan,Pant,Roar,Scream,Screech,Shout,Shriek,Sigh,Snicker,Snort,Sob,Squeal,Wail,Wheep,Whimper,Yawn,Yelp,Ah,Aha,Ahh,Argh,Aww,Eek,Eww,Grr,Ha,Hah,Haha,Hehe,Hmm,Huh,Hurray,Mhm,Mmm,Oh,Ohh,Ooh,Ooph,Ouch,Oww,Pff,Phew,Tsk,Ugh,Uh,Uh-huh,Umm,Whee,Whew,Woah,Wow,Yay,Yippee,Yuck
unknown,1.0,2.0,0.05183185264468193,0.03151051700115204,0.0350860059261322,0.13644713163375854,0.06144704297184944,0.108921118080616,0.06935564428567886,0.09404550492763519,0.13115254044532776,0.10879228264093399,0.048963140696287155,0.06744182109832764,0.07321047782897949,0.11396224051713943,0.07910091429948807,0.04712855815887451,0.03705349192023277,0.11987385898828506,0.04900548234581947,0.15498985350131989,0.10863993316888809,0.1379294991493225,0.0655624195933342,0.04687400162220001,0.04702606797218323,0.023533353582024574,0.10496016591787338,0.12233427911996841,0.032023683190345764,0.07638455927371979,0.1071191057562828,0.12622030079364777,0.053381673991680145,0.03200604021549225,0.06248664855957031,0.029733283445239067,0.09923884272575378,0.11293584108352661,0.0620645135641098,0.04907688498497009,0.17256274819374084,0.09119591861963272,0.036513470113277435,0.03587351739406586,0.06604152917861938,0.02726660668849945,0.14586769044399261,0.03971847891807556,0.03984469920396805,0.018829094246029854,0.0827249139547348,0.04111262410879135,0.10116331279277802,0.053215593099594116,0.053113363683223724,0.033676113933324814,0.03782974183559418,0.0118111502379179,0.04038546234369278,0.025544967502355576,0.08866836130619049,0.06548433750867844,0.029889795929193497,0.014185887761414051,0.0347772054374218,0.042796093970537186,0.038119081407785416,0.04720500484108925,0.11904966831207275,0.04956447705626488,0.023855552077293396,0.04390381649136543,0.04605027288198471,0.05643387511372566,0.03455870971083641,0.0607420839369297,0.011942010372877121,0.02771174907684326,0.05656522512435913,0.036558814346790314,0.07298142462968826,0.02555842511355877,0.010202041827142239,0.0057601118460297585,0.010702732019126415,0.03695719689130783,0.0351816825568676,0.03904231637716293,0.04549754410982132,0.028715038672089577,0.06349895894527435,0.040272053331136703,0.00918961688876152,0.020586524158716202,0.03221307694911957,0.011418451555073261,0.03058977797627449,0.028228899464011192,0.015323318541049957,0.010746556334197521,0.0075974976643919945,0.015005543828010559,0.029561681672930717,0.020986754447221756,0.03218375891447067,0.022689398378133774,0.032193511724472046,0.008188838139176369,0.01187235489487648,0.0407615602016449,0.019321884959936142,0.011822657659649849,0.006019894033670425,0.025923341512680054,0.01769452542066574
unknown,7.0,8.0,0.06274659186601639,0.048427678644657135,0.07434888184070587,0.014317583292722702,0.002921917475759983,0.02046894282102585,0.021842103451490402,0.030974291265010834,0.4857979714870453,0.43367040157318115,0.23072819411754608,0.47986891865730286,0.10866167396306992,0.03508209437131882,0.23069657385349274,0.21210335195064545,0.06412360072135925,0.1184021383523941,0.0038029549177736044,0.07632999122142792,0.21601076424121857,0.17962604761123657,0.005666249897330999,0.019300322979688644,0.09217142313718796,0.027195008471608162,0.011006739921867847,0.0012629193952307105,0.0062383064068853855,0.0006840489222668111,0.12013473361730576,0.01572616770863533,0.05833881348371506,0.04450083151459694,0.00597061263397336,0.004794871900230646,0.17402906715869904,0.1746247261762619,0.13391636312007904,0.02932320535182953,0.5032153129577637,0.2265300750732422,0.005367545410990715,0.0004783783224411309,0.0015936862910166383,0.050920672714710236,0.4036998152732849,0.004047204274684191,0.0002307808754267171,0.00018793887284118682,0.0019433862762525678,0.0008406239212490618,0.0011853092582896352,0.0008291744161397219,0.06061967834830284,0.0016266133170574903,0.0032729848753660917,0.0017780413618311286,0.0014632191741839051,0.00019641508697532117,0.0008278258610516787,0.4474293887615204,0.003196286503225565,0.0011346181854605675,6.164880323922262e-05,0.00026232676464132965,8.879195956978947e-05,6.61506419419311e-05,0.14797648787498474,0.0007802011677995324,0.0014152952935546637,0.000804995943326503,0.0003103550698142499,0.0014042804250493646,0.0017999329138547182,0.02154662273824215,0.1129649356007576,6.550687248818576e-05,0.0014458629302680492,0.00010564531112322584,0.005288736894726753,0.0004856254963669926,0.0047616008669137955,8.535100641893223e-05,0.0010215057991445065,0.004300577566027641,0.00042249212856404483,0.0014892359031364322,0.0004542134702205658,0.0007118558278307319,0.3916221261024475,0.003644058480858803,0.0004727539489977062,0.2037917822599411,0.7339179515838623,0.0005948733887635171,0.004677299875766039,0.0023951854091137648,0.00032840692438185215,6.315092468867078e-05,0.00038068718276917934,0.0012552164262160659,0.0011877879733219743,0.0022779423743486404,0.0012704968685284257,0.0007546143606305122,0.002970116911455989,0.1115265041589737,0.0020814528688788414,0.0019001426408067346,0.0009404270094819367,0.0008831071900203824,0.0007938291528262198,0.0011553897056728601,0.00012237181363161653
unknown,8.0,9.0,0.08636914938688278,0.062453508377075195,0.05133410543203354,0.11792469024658203,0.04060182720422745,0.06037801131606102,0.10994761437177658,0.07367540150880814,0.15311916172504425,0.13548825681209564,0.06958851963281631,0.1337965577840805,0.06504322588443756,0.10744912177324295,0.09892633557319641,0.060069289058446884,0.05132238194346428,0.14854826033115387,0.06336943060159683,0.13434797525405884,0.10865401476621628,0.10879836231470108,0.03926840424537659,0.05116491764783859,0.059639569371938705,0.031213661655783653,0.10744135081768036,0.057772308588027954,0.017073528841137886,0.04987264797091484,0.12762708961963654,0.115142323076725,0.05306125804781914,0.029406191781163216,0.07213439047336578,0.03425755724310875,0.1482384353876114,0.13002832233905792,0.05422517657279968,0.038456209003925323,0.19962958991527557,0.08700917661190033,0.038115907460451126,0.041083790361881256,0.07457158714532852,0.04077131673693657,0.15147319436073303,0.06236648932099342,0.025208352133631706,0.026146110147237778,0.052738893777132034,0.03699641674757004,0.05706743896007538,0.041794002056121826,0.06057416647672653,0.01061488687992096,0.01864193007349968,0.004294979386031628,0.032539479434490204,0.022432250902056694,0.059917986392974854,0.08476034551858902,0.011472181417047977,0.008783701807260513,0.02275906316936016,0.024755248799920082,0.024671388790011406,0.030126145109534264,0.10489842295646667,0.015239112079143524,0.00693513173609972,0.02232072874903679,0.03679342940449715,0.05795532837510109,0.033014267683029175,0.0363411009311676,0.03775694966316223,0.01509237103164196,0.05014876276254654,0.01325553935021162,0.07339190691709518,0.029435060918331146,0.03348315879702568,0.012355215847492218,0.03115898370742798,0.010491165332496166,0.012453687377274036,0.026606880128383636,0.038269639015197754,0.029074685648083687,0.07914739847183228,0.018508633598685265,0.00997295044362545,0.05426685884594917,0.1107427328824997,0.01771516166627407,0.05811813101172447,0.05976773425936699,0.009264575317502022,0.0007024318329058588,0.014887676574289799,0.005860482342541218,0.011882176622748375,0.0046187094412744045,0.03916483744978905,0.012750344350934029,0.008550756610929966,0.028881484642624855,0.008990997448563576,0.021697325631976128,0.018477482721209526,0.017392314970493317,0.008387605659663677,0.031945955008268356,0.024947281926870346
unknown,26.0,27.0,0.038052864372730255,0.049922019243240356,0.03219422698020935,0.025752320885658264,0.0041776723228394985,0.05252101272344589,0.06653323024511337,0.1837477684020996,0.12860548496246338,0.17451895773410797,0.11990733444690704,0.15113404393196106,0.14543981850147247,0.03812097758054733,0.07506319135427475,0.07502749562263489,0.032870516180992126,0.12286543101072311,0.023173876106739044,0.11602751910686493,0.20093119144439697,0.23391076922416687,0.08708389848470688,0.14871282875537872,0.06951044499874115,0.0164206400513649,0.03548665717244148,0.02711295522749424,0.06591185927391052,0.008718715980648994,0.09846018254756927,0.028043629601597786,0.0952620804309845,0.042301490902900696,0.14756256341934204,0.012772936373949051,0.21709661185741425,0.06404359638690948,0.27007102966308594,0.05924929305911064,0.3722853362560272,0.5271470546722412,0.0728055015206337,0.015757808461785316,0.03407849743962288,0.06192202866077423,0.091647669672966,0.006174194626510143,0.002169962739571929,0.00031821365701034665,0.023507555946707726,0.029006250202655792,0.04244844615459442,0.011826499365270138,0.12299200147390366,0.002824451308697462,0.0284959077835083,0.0016892552375793457,0.0020447131246328354,0.0006957620498724282,0.011333937756717205,0.333327054977417,0.06084510684013367,0.0004198475508019328,0.0011334307491779327,0.0021315484773367643,0.000931358605157584,0.0015243443194776773,0.03628898411989212,0.007454449310898781,0.0195660050958395,0.026138335466384888,0.00881152879446745,0.02171023190021515,0.04580381512641907,0.16180044412612915,0.018897011876106262,0.008801829069852829,0.06345368176698685,0.0035656795371323824,0.03180476650595665,0.002321546897292137,0.015585414133965969,0.0014861506642773747,0.0128456000238657,0.001582795986905694,0.0015362646663561463,0.0014627990312874317,0.004034210462123156,0.0024674637243151665,0.05851314961910248,0.009061668999493122,0.000395671755541116,0.06871798634529114,0.09738055616617203,0.4548706114292145,0.2826404273509979,0.1351139098405838,0.03447158262133598,0.004937303718179464,0.04387228563427925,0.0033006577286869287,0.001450874493457377,0.0060792299918830395,0.04086374491453171,0.2526022791862488,0.1448676884174347,0.08044590801000595,0.002112508052960038,0.003783749183639884,0.0024121268652379513,0.0029931399039924145,0.0012268907157704234,0.003664102405309677,0.009635014459490776
unknown,27.0,28.0,0.0531097911298275,0.053128037601709366,0.028500864282250404,0.046327024698257446,0.015698803588747978,0.04331620782613754,0.09545450657606125,0.18309631943702698,0.11014223098754883,0.12533670663833618,0.0677124485373497,0.10415710508823395,0.1475100964307785,0.04972786083817482,0.05525613948702812,0.04342358186841011,0.031902700662612915,0.19621944427490234,0.048869505524635315,0.12206472456455231,0.29450538754463196,0.1026027500629425,0.10063539445400238,0.15569975972175598,0.03131410852074623,0.01062218938022852,0.04349224641919136,0.04457723721861839,0.06945682317018509,0.023252975195646286,0.0967119112610817,0.03397660702466965,0.05508946627378464,0.031470879912376404,0.19839327037334442,0.02495379000902176,0.28488674759864807,0.0521123930811882,0.10206808149814606,0.04522525519132614,0.17337602376937866,0.2362266331911087,0.044308487325906754,0.04469551518559456,0.09706216305494308,0.06657004356384277,0.05921086296439171,0.009598572738468647,0.009244785644114017,0.0009205560781992972,0.043827299028635025,0.019415665417909622,0.08029980212450027,0.013529349118471146,0.1174658015370369,0.0076100751757621765,0.059429511427879333,0.0026415057945996523,0.0062197120860219,0.0022306323517113924,0.016357604414224625,0.08793129771947861,0.029347632080316544,0.0024453054647892714,0.0032280052546411753,0.00574863888323307,0.008132622577250004,0.005003301426768303,0.028268983587622643,0.00879973080009222,0.03840829059481621,0.016849111765623093,0.025297923013567924,0.012585851363837719,0.013928304426372051,0.049600180238485336,0.0039368197321891785,0.0379316508769989,0.056786082684993744,0.004126709885895252,0.012158112600445747,0.008989371359348297,0.01895730011165142,0.0015911137452349067,0.009914955124258995,0.0018556291470304132,0.0026263236068189144,0.0022911534179002047,0.007480554282665253,0.0039801886305212975,0.015737691894173622,0.011599116958677769,0.0013587713474407792,0.015008608810603619,0.016515713185071945,0.378917932510376,0.2059621512889862,0.12967899441719055,0.04329980909824371,0.021759022027254105,0.02632376365363598,0.0031396180856972933,0.001726076239719987,0.006948193535208702,0.04568811133503914,0.07763376832008362,0.04274369776248932,0.03222276642918587,0.0009985321667045355,0.0022033960558474064,0.006341257598251104,0.00836560782045126,0.0009326675208285451,0.007283707149326801,0.012616471387445927
unknown,31.0,32.0,0.08010818064212799,0.027544638141989708,0.05575354024767876,0.03832549229264259,0.0043601482175290585,0.04644704982638359,0.04773184284567833,0.20481206476688385,0.5074416995048523,0.5330455899238586,0.0812884271144867,0.1801820993423462,0.1727985292673111,0.0762445256114006,0.11226730048656464,0.07824347168207169,0.021553657948970795,0.20175659656524658,0.04192182049155235,0.08776114881038666,0.22710664570331573,0.06352079659700394,0.06314269453287125,0.02309749461710453,0.03687843680381775,0.011181876994669437,0.05442225560545921,0.006526424083858728,0.15096503496170044,0.004361558239907026,0.17168103158473969,0.049954671412706375,0.05756347253918648,0.048934437334537506,0.024348946288228035,0.027382241562008858,0.10652893781661987,0.1962389498949051,0.06991211324930191,0.01755441166460514,0.22046057879924774,0.10668451339006424,0.032537791877985,0.0055777584202587605,0.007345907390117645,0.029185719788074493,0.3052673041820526,0.027585303410887718,0.013156462460756302,0.0394289493560791,0.011257098987698555,0.0010109493741765618,0.012130809016525745,0.0030146208591759205,0.2215650975704193,0.0017928950255736709,0.005532058887183666,0.001544869039207697,0.0012811985798180103,0.007264337502419949,0.02000751905143261,0.10899415612220764,0.00215878221206367,0.004893886856734753,0.00465524522587657,0.0004894052399322391,0.00608987407758832,0.0022550239227712154,0.7229070067405701,0.0023175484966486692,0.001008185907267034,0.0011282013729214668,0.0035032485611736774,0.006471190135926008,0.002116016112267971,0.007899682968854904,0.03355608507990837,0.00260974932461977,0.08724324405193329,0.01830233260989189,0.09252376109361649,0.012397991493344307,0.029043730348348618,0.00259773014113307,0.1369226574897766,0.01575729250907898,0.2479974776506424,0.17151576280593872,0.01004593726247549,0.023988671600818634,0.10804353654384613,0.04338972643017769,0.12594561278820038,0.08147935569286346,0.08381840586662292,0.0027603483758866787,0.012503971345722675,0.0060426825657486916,0.0016247041057795286,0.0001576003705849871,0.001955208368599415,0.0008234311826527119,0.008843663148581982,0.0003207872505299747,0.06764781475067139,0.11363314837217331,0.020962953567504883,0.12734617292881012,0.0006377108511514962,0.0032294285483658314,0.0024871130008250475,0.001683766022324562,0.021282395347952843,0.0007259034900926054,0.02183014340698719
unknown,32.0,33.0,0.06625187397003174,0.04492299258708954,0.04347282648086548,0.08638736605644226,0.0238507017493248,0.06843816488981247,0.10405762493610382,0.0724790170788765,0.19548577070236206,0.14212743937969208,0.04906686767935753,0.10089375823736191,0.050813887268304825,0.08910653740167618,0.09619344025850296,0.05345898121595383,0.021326960995793343,0.17284758388996124,0.051285270601511,0.1251782327890396,0.10339108109474182,0.11609974503517151,0.03622923791408539,0.04783037304878235,0.04219379276037216,0.033090852200984955,0.07310023903846741,0.049168094992637634,0.022771669551730156,0.03858865052461624,0.0930376648902893,0.09662915766239166,0.06062626466155052,0.033453140407800674,0.07117529958486557,0.028141696006059647,0.1282968819141388,0.15730257332324982,0.05912282317876816,0.05069345608353615,0.2361639142036438,0.11011749505996704,0.03712213784456253,0.02477489598095417,0.050941094756126404,0.02740112878382206,0.21387070417404175,0.040930189192295074,0.02609705738723278,0.01248975284397602,0.06818955391645432,0.028438646346330643,0.07619838416576385,0.0434054397046566,0.07245945185422897,0.011333294212818146,0.01626451686024666,0.0025717634707689285,0.016471948474645615,0.02223813720047474,0.0810450091958046,0.07651074230670929,0.025752266868948936,0.009327251464128494,0.010171661153435707,0.00991144124418497,0.009988158941268921,0.017643550410866737,0.14520281553268433,0.014407230541110039,0.0058469926007092,0.024420125409960747,0.02261624112725258,0.049003150314092636,0.030549682676792145,0.045461054891347885,0.09808161109685898,0.008398111909627914,0.06367751955986023,0.01848863810300827,0.0843341127038002,0.01650180295109749,0.026558976620435715,0.005472890567034483,0.014243570156395435,0.012667417526245117,0.0369800329208374,0.06159759685397148,0.04552031308412552,0.028525330126285553,0.08179833739995956,0.04234367609024048,0.01037721335887909,0.05535578355193138,0.07310255616903305,0.01996810920536518,0.04202881455421448,0.04660353809595108,0.012193461880087852,0.0005456632934510708,0.01128656230866909,0.005200898740440607,0.015625063329935074,0.0016365068731829524,0.045252952724695206,0.02892659604549408,0.011043301783502102,0.02787877433001995,0.006301576271653175,0.021031375974416733,0.010986143723130226,0.01090230606496334,0.006066866219043732,0.011826913803815842,0.014775113202631474
unknown,44.0,45.0,0.08838225901126862,0.03668488934636116,0.07852481305599213,0.03534672409296036,0.040925949811935425,0.04059721156954765,0.043086860328912735,0.06386450678110123,0.2534620463848114,0.21800284087657928,0.18398377299308777,0.3598342537879944,0.12895254790782928,0.10522304475307465,0.17036263644695282,0.17554330825805664,0.12106485664844513,0.1499466896057129,0.04545193165540695,0.08781320601701736,0.32726627588272095,0.10553834587335587,0.024092797189950943,0.03514303267002106,0.05977851524949074,0.0448978990316391,0.030758239328861237,0.015554635785520077,0.01750781387090683,0.009133617393672466,0.2319783717393875,0.03271252661943436,0.04018249362707138,0.032019320875406265,0.0358474925160408,0.03666746988892555,0.2762296795845032,0.08550882339477539,0.06825634092092514,0.016526132822036743,0.3582111597061157,0.1661609411239624,0.018467796966433525,0.0071305399760603905,0.009983154945075512,0.031474750488996506,0.18085865676403046,0.015206407755613327,0.0016411019023507833,0.0035474849864840508,0.012084009125828743,0.005552888847887516,0.01060620229691267,0.005016403738409281,0.078229621052742,0.008998826146125793,0.054235950112342834,0.0058566248044371605,0.017894042655825615,0.0014660112792626023,0.006235843524336815,0.15349140763282776,0.006639587227255106,0.0036025703884661198,0.0022040659096091986,0.0045996238477528095,0.0031444665510207415,0.002333719516173005,0.054475560784339905,0.006086386740207672,0.021527225151658058,0.004265382420271635,0.008218463510274887,0.0042431247420609,0.005034345202147961,0.054762426763772964,0.029771529138088226,0.0041220709681510925,0.003197407117113471,0.00039185123750939965,0.002791090402752161,0.003995068371295929,0.0022438110318034887,0.00667757960036397,0.01887325569987297,0.010549169965088367,0.0005820937221869826,0.0008011963218450546,0.001883592689409852,0.004762877244502306,0.21445274353027344,0.011310224421322346,0.001963985152542591,0.19742387533187866,0.42266833782196045,0.008684192784130573,0.0111142098903656,0.008511100895702839,0.018411729484796524,0.0028993745800107718,0.0018573314882814884,0.015202503651380539,0.005515997298061848,0.005694239400327206,0.01892518252134323,0.011332277208566666,0.022554971277713776,0.09219107776880264,0.005635386798530817,0.009971657767891884,0.0011519152903929353,0.0023575059603899717,0.00595762487500906,0.008187603205442429,0.0029539335519075394
unknown,47.0,48.0,0.043571460992097855,0.02576350048184395,0.0251380056142807,0.10344003885984421,0.06675634533166885,0.11879086494445801,0.05641591548919678,0.11226435750722885,0.13488325476646423,0.11357168108224869,0.06140705198049545,0.06423532962799072,0.06607680022716522,0.13086847960948944,0.05942310020327568,0.04697904363274574,0.059506651014089584,0.17786523699760437,0.06018003076314926,0.20006154477596283,0.10979081690311432,0.12449709326028824,0.08206497132778168,0.062260810285806656,0.041400570422410965,0.024449294432997704,0.06474997103214264,0.11837085336446762,0.041746705770492554,0.07511087507009506,0.070325568318367,0.08823543787002563,0.04222262650728226,0.02932342141866684,0.12657707929611206,0.03197656199336052,0.09217776358127594,0.12253683060407639,0.08578496426343918,0.07784028351306915,0.17539459466934204,0.16257348656654358,0.04710764437913895,0.039697349071502686,0.05407248064875603,0.032584067434072495,0.17333969473838806,0.03442496806383133,0.019370796158909798,0.003848317312076688,0.06282351911067963,0.0675465539097786,0.14759770035743713,0.03833939507603645,0.09086617082357407,0.030134525150060654,0.13355252146720886,0.0260763056576252,0.016664648428559303,0.004135920666158199,0.050096988677978516,0.14343571662902832,0.06884834170341492,0.009512349963188171,0.005050312727689743,0.007193886209279299,0.005301779601722956,0.011404345743358135,0.101666159927845,0.05692973732948303,0.09451324492692947,0.07419000566005707,0.0131078427657485,0.019319085404276848,0.06658852100372314,0.12548178434371948,0.01271471381187439,0.008302787318825722,0.06256426125764847,0.02296600304543972,0.04524208605289459,0.01626765727996826,0.010264722630381584,0.013296843506395817,0.008122769184410572,0.022204646840691566,0.02274220995604992,0.02705841325223446,0.022900285199284554,0.022058434784412384,0.04887709021568298,0.029837531968951225,0.004927501548081636,0.046349577605724335,0.06616769731044769,0.033060912042856216,0.039113204926252365,0.032629698514938354,0.06488235294818878,0.00744203245267272,0.006637535057961941,0.026371492072939873,0.021905705332756042,0.016264019533991814,0.07652874290943146,0.07826855778694153,0.04100845381617546,0.019778946414589882,0.008626503869891167,0.02685190550982952,0.0073446547612547874,0.00530633982270956,0.0022045974619686604,0.010544581338763237,0.010258656926453114
unknown,49.0,50.0,0.06154331564903259,0.026369081810116768,0.04243537038564682,0.07811379432678223,0.018323063850402832,0.0905875414609909,0.06256632506847382,0.17393770813941956,0.3582756519317627,0.29698631167411804,0.07603532820940018,0.1205105260014534,0.13678210973739624,0.10445517301559448,0.10126710683107376,0.05205882713198662,0.02496310882270336,0.1762242168188095,0.044101208448410034,0.11574298143386841,0.21233582496643066,0.07401283085346222,0.08388915657997131,0.04682011529803276,0.0321982316672802,0.016112638637423515,0.061996545642614365,0.041761044412851334,0.07090635597705841,0.02758617326617241,0.156843900680542,0.07785326987504959,0.07453999668359756,0.03814953565597534,0.05472692847251892,0.02705303393304348,0.10341253876686096,0.16338437795639038,0.08377623558044434,0.033398449420928955,0.1907290518283844,0.11002358049154282,0.050506219267845154,0.02052677422761917,0.02252591960132122,0.032038744539022446,0.29272139072418213,0.025052066892385483,0.03698847070336342,0.021268509328365326,0.039103634655475616,0.007360562682151794,0.06022277846932411,0.017480267211794853,0.22409799695014954,0.013607838191092014,0.02651209942996502,0.005170503631234169,0.005808079615235329,0.01036449521780014,0.07408078014850616,0.10591115802526474,0.02510880120098591,0.01823977380990982,0.010248458944261074,0.002569493604823947,0.011072267778217793,0.007462764624506235,0.4733598232269287,0.007199883460998535,0.006518683396279812,0.012172463349997997,0.006737051997333765,0.023549826815724373,0.009493909776210785,0.023094473406672478,0.07865629345178604,0.006836576387286186,0.07658078521490097,0.023758266121149063,0.06558187305927277,0.015192803926765919,0.01897372491657734,0.004070843104273081,0.023645006120204926,0.01349730510264635,0.1826821267604828,0.18177549540996552,0.03164960816502571,0.07050954550504684,0.07943141460418701,0.07084335386753082,0.06833755970001221,0.05470602586865425,0.07651089131832123,0.005920228082686663,0.01986558735370636,0.011631752364337444,0.006875054910778999,0.001635005814023316,0.004827640485018492,0.00321758771315217,0.006531930528581142,0.0008176069241017103,0.08576806634664536,0.07384702563285828,0.015128984116017818,0.12703534960746765,0.00186256249435246,0.0040468391962349415,0.005589370150119066,0.0040206387639045715,0.018028875812888145,0.0021061901934444904,0.012277958914637566
unknown,55.0,56.0,0.05144602805376053,0.03891043737530708,0.034631870687007904,0.07980167865753174,0.01673784665763378,0.06970129162073135,0.08384222537279129,0.0792117491364479,0.1642465740442276,0.179728165268898,0.05128084868192673,0.09381020069122314,0.07774630188941956,0.06865616142749786,0.1041446328163147,0.050366178154945374,0.019129516556859016,0.14023402333259583,0.03394877165555954,0.11377153545618057,0.14214329421520233,0.11064913868904114,0.04285290837287903,0.04969509318470955,0.03630908578634262,0.023969579488039017,0.0611170269548893,0.06749358028173447,0.02177255041897297,0.049295660108327866,0.10761343687772751,0.08283558487892151,0.06302923709154129,0.0308070108294487,0.07078098505735397,0.027771644294261932,0.13928839564323425,0.16447842121124268,0.08373590558767319,0.040805600583553314,0.2585308849811554,0.14990116655826569,0.036629341542720795,0.03918404132127762,0.0785677507519722,0.028081411495804787,0.2022257149219513,0.03164217248558998,0.014407141134142876,0.00774976285174489,0.0701620802283287,0.026633061468601227,0.10000583529472351,0.03167076036334038,0.0604449138045311,0.00725666806101799,0.017070919275283813,0.0026172709185630083,0.01499237772077322,0.01619732193648815,0.06638869643211365,0.09844154119491577,0.036426983773708344,0.0037505782674998045,0.008352311328053474,0.005378548055887222,0.007730551529675722,0.012477130629122257,0.18036912381649017,0.01042510662227869,0.008015358820557594,0.022791272029280663,0.011948236264288425,0.0223083458840847,0.01414527092128992,0.03317335993051529,0.03610311448574066,0.014615658670663834,0.15894445776939392,0.03721662238240242,0.10085032880306244,0.00985973421484232,0.017928754910826683,0.0031986935064196587,0.005833010654896498,0.0058350712060928345,0.052553191781044006,0.08855698257684708,0.0421617329120636,0.020322972908616066,0.05598384141921997,0.06966032832860947,0.009947281330823898,0.050178904086351395,0.06056709960103035,0.026341179385781288,0.05213824287056923,0.034358035773038864,0.012045706622302532,0.0024447485338896513,0.011691831052303314,0.003660381305962801,0.012555800378322601,0.0015336298383772373,0.044354602694511414,0.07721693813800812,0.029289711266756058,0.03799271211028099,0.0033192664850503206,0.012545857578516006,0.006040212232619524,0.005352594889700413,0.0020976318046450615,0.003225322114303708,0.006025083363056183
unknown,61.0,62.0,0.060419712215662,0.02196849323809147,0.04650318622589111,0.047766413539648056,0.005177980754524469,0.04895101115107536,0.03210939094424248,0.21789327263832092,0.5445294976234436,0.4728682339191437,0.10107164084911346,0.2367531955242157,0.22049331665039062,0.07023666054010391,0.12000478059053421,0.07354792207479477,0.024439992383122444,0.14085088670253754,0.024142039939761162,0.08639494329690933,0.2873322367668152,0.04927310720086098,0.0724143385887146,0.016858309507369995,0.0454322025179863,0.008288010023534298,0.04259902983903885,0.005999751389026642,0.055765364319086075,0.004006741568446159,0.14569774270057678,0.05130016431212425,0.06698443740606308,0.04751233756542206,0.018808571621775627,0.013972575776278973,0.09405732899904251,0.1468459665775299,0.08060552924871445,0.01563732698559761,0.16917556524276733,0.08684039860963821,0.023382090032100677,0.004266120959073305,0.0065164281986653805,0.026179980486631393,0.27486392855644226,0.014438635669648647,0.0142351184040308,0.016391007229685783,0.01724904030561447,0.000966177845839411,0.009175330400466919,0.006255699321627617,0.16835488379001617,0.0030079574789851904,0.009666870348155499,0.002723756479099393,0.001590072177350521,0.004938402678817511,0.026233205571770668,0.1047162115573883,0.003395357169210911,0.004600594751536846,0.004410675261169672,0.0007188756135292351,0.003530543763190508,0.0015996998408809304,0.594085156917572,0.003485029796138406,0.001932168030180037,0.0014535546069964767,0.002715418813750148,0.006764065008610487,0.0024082160089164972,0.007429438643157482,0.059872135519981384,0.0012848892947658896,0.08691293746232986,0.029222918674349785,0.09200257807970047,0.009711576625704765,0.016857361420989037,0.0014956769300624728,0.040567796677351,0.01160311046987772,0.2155948281288147,0.2138500064611435,0.016941454261541367,0.040893081575632095,0.14477980136871338,0.0748579129576683,0.05061805620789528,0.0886664018034935,0.1236828938126564,0.0019146065460518003,0.010479982011020184,0.004412597045302391,0.0015828931936994195,0.00013602912076748908,0.0018929416546598077,0.0011536189122125506,0.006866792682558298,0.0003345913428347558,0.04669618606567383,0.1721837818622589,0.028449853882193565,0.21927127242088318,0.0008019726374186575,0.0016267725732177496,0.001367347314953804,0.0018297388451173902,0.015183809213340282,0.000805471558123827,0.012071731500327587
unknown,67.0,68.0,0.05410799756646156,0.024349628016352654,0.03922706097364426,0.04957762360572815,0.007549244910478592,0.049260228872299194,0.043860409408807755,0.2758726477622986,0.510177731513977,0.35640832781791687,0.05219333618879318,0.1654604822397232,0.220173180103302,0.11890843510627747,0.09678800404071808,0.05275418609380722,0.01974591426551342,0.25667932629585266,0.10092905908823013,0.08375009894371033,0.2891252040863037,0.06582061201334,0.09023768454790115,0.029970835894346237,0.03412383049726486,0.017376620322465897,0.05144404619932175,0.007749876473098993,0.1488398015499115,0.005836316850036383,0.13602270185947418,0.06226592883467674,0.04626625403761864,0.048406217247247696,0.03470033407211304,0.061735790222883224,0.10818332433700562,0.21071486175060272,0.05314456298947334,0.01796943135559559,0.21303005516529083,0.09494791179895401,0.04691493138670921,0.00666009308770299,0.007944595068693161,0.022290309891104698,0.28852176666259766,0.039282239973545074,0.035003695636987686,0.04874913766980171,0.021831324324011803,0.001587602193467319,0.015663491562008858,0.005843738559633493,0.3333997428417206,0.003802996128797531,0.01148982159793377,0.002850303193554282,0.0009239537757821381,0.011125009506940842,0.039436183869838715,0.10264316201210022,0.0020876724738627672,0.008904029615223408,0.006828734185546637,0.0009570333058945835,0.008551470935344696,0.005230091977864504,0.661633312702179,0.006697888020426035,0.0017596182879060507,0.00180450186599046,0.005743285175412893,0.011937308125197887,0.0028489017859101295,0.007872747257351875,0.044884901493787766,0.008741097524762154,0.17012782394886017,0.04201149195432663,0.15823672711849213,0.06544281542301178,0.028470054268836975,0.006467870902270079,0.1880459487438202,0.02460513450205326,0.24208107590675354,0.18317696452140808,0.020808445289731026,0.01993972808122635,0.036932479590177536,0.05320843309164047,0.05795380473136902,0.031095461919903755,0.03524976596236229,0.0033342319075018167,0.00844503939151764,0.003998775966465473,0.0015966464998200536,0.0005702378111891448,0.003442502347752452,0.0016052685678005219,0.010229584760963917,0.0006759228417649865,0.18694736063480377,0.24363085627555847,0.02267276868224144,0.059014692902565,0.00044572079787030816,0.0020304706413298845,0.0017239756416529417,0.001006696722470224,0.03317205607891083,0.0006160559714771807,0.05806520953774452
unknown,69.0,70.0,0.09230585396289825,0.035347145050764084,0.061163149774074554,0.09955738484859467,0.01564577780663967,0.06838279962539673,0.08201249688863754,0.1764076054096222,0.3782363831996918,0.38705891370773315,0.07901781052350998,0.15987251698970795,0.1511867791414261,0.07569482922554016,0.12890714406967163,0.0622500516474247,0.02310365065932274,0.16504602134227753,0.04564502835273743,0.10155484825372696,0.18447840213775635,0.10139351338148117,0.07558953016996384,0.03838261216878891,0.05556899681687355,0.01358823012560606,0.09443588554859161,0.023310760036110878,0.061588436365127563,0.019729692488908768,0.17113594710826874,0.10171973705291748,0.08730924129486084,0.055610429495573044,0.04378813877701759,0.026900069788098335,0.10924986004829407,0.2037745863199234,0.08947183936834335,0.02313619665801525,0.20675526559352875,0.12636108696460724,0.03786012902855873,0.015441633760929108,0.03288452699780464,0.03216498717665672,0.2919065058231354,0.039372947067022324,0.043052662163972855,0.041438985615968704,0.04491506144404411,0.004005518741905689,0.04166197031736374,0.015586663968861103,0.23344728350639343,0.011698734015226364,0.018593795597553253,0.006286632269620895,0.0065177371725440025,0.023437339812517166,0.079659104347229,0.13734716176986694,0.008631659671664238,0.023057017475366592,0.023435290902853012,0.005126367323100567,0.018991520628333092,0.010348860174417496,0.5711699724197388,0.007435359992086887,0.0025503316428512335,0.00429922342300415,0.007994343526661396,0.02623925544321537,0.00515682203695178,0.009762702509760857,0.09801629185676575,0.007322496734559536,0.14696288108825684,0.050913598388433456,0.14891962707042694,0.03123934380710125,0.03626372665166855,0.006409481633454561,0.045993417501449585,0.01465330645442009,0.19455626606941223,0.23516416549682617,0.041165612637996674,0.07888934016227722,0.05433524027466774,0.06416751444339752,0.08646446466445923,0.024031879380345345,0.03929603844881058,0.004837644752115011,0.022447098046541214,0.011175861582159996,0.0022428222000598907,0.0006178207113407552,0.004916684702038765,0.0012287143617868423,0.010085457935929298,0.0007827955996617675,0.08294405788183212,0.09288857132196426,0.015702752396464348,0.09712691605091095,0.0034672333858907223,0.006000182591378689,0.018293088302016258,0.013396233320236206,0.023912308737635612,0.003751585725694895,0.028160735964775085
unknown,73.0,74.0,0.030881160870194435,0.009237431921064854,0.020366966724395752,0.05006055161356926,0.05669260397553444,0.03286623954772949,0.053911663591861725,0.08576516807079315,0.23886330425739288,0.19931669533252716,0.13002054393291473,0.26125311851501465,0.14802253246307373,0.3966946005821228,0.08326500654220581,0.02595588192343712,0.09072722494602203,0.21892984211444855,0.08220484852790833,0.07570379227399826,0.286978155374527,0.017256423830986023,0.028568396344780922,0.020425204187631607,0.01957647316157818,0.11899257451295853,0.01688646897673607,0.019815994426608086,0.02835625596344471,0.011501065455377102,0.13952627778053284,0.02252807654440403,0.012578976340591908,0.015402070246636868,0.027152609080076218,0.07592377811670303,0.28861376643180847,0.145733043551445,0.016634207218885422,0.014806205406785011,0.11390341818332672,0.03288522735238075,0.03786509856581688,0.017066331580281258,0.02955489791929722,0.03418771177530289,0.14077048003673553,0.03422087803483009,0.0036840823013335466,0.00039591756649315357,0.02291031740605831,0.002599504543468356,0.02694759890437126,0.004126249346882105,0.015993425622582436,0.011881276965141296,0.10298953950405121,0.0033042689319700003,0.02723580226302147,0.0010840640170499682,0.012205805629491806,0.015591675415635109,0.007986405864357948,0.0010244343429803848,0.0005518421530723572,0.0006551493424922228,0.0021696037147194147,0.0008051078184507787,0.06595548242330551,0.027822144329547882,0.053301237523555756,0.0031264550052583218,0.001304810750298202,0.0006998075405135751,0.007508137729018927,0.014919884502887726,0.016135677695274353,0.007379944436252117,0.016276611015200615,0.0025149905122816563,0.00357758323661983,0.0025212345644831657,0.002059735357761383,0.0020808938425034285,0.004622262436896563,0.005522340536117554,0.02950615994632244,0.03439348563551903,0.0023150474298745394,0.006567032542079687,0.2695496082305908,0.2348266988992691,0.0006187338149175048,0.08190882205963135,0.06655184924602509,0.09727292507886887,0.02693203091621399,0.015342943370342255,0.07192078232765198,0.0025504273362457752,0.001463762717321515,0.01049715094268322,0.02765524946153164,0.011042394675314426,0.05611913651227951,0.03580814227461815,0.009749706834554672,0.041594911366701126,0.0005711783887818456,0.03226692974567413,0.006089983973652124,0.0020611893851310015,0.0010618409141898155,0.000526373740285635,0.007322677411139011
unknown,85.0,86.0,0.31618937849998474,0.25245943665504456,0.17935951054096222,0.16966164112091064,0.007723153568804264,0.04578264430165291,0.4391120374202728,0.10732515901327133,0.2898542881011963,0.14729951322078705,0.03814931586384773,0.0326252281665802,0.06016066297888756,0.03097262978553772,0.08238048106431961,0.0398702546954155,0.01933315582573414,0.13926084339618683,0.019408592954277992,0.08862666040658951,0.043016307055950165,0.07296827435493469,0.04147503525018692,0.10923639684915543,0.1683143526315689,0.09449699521064758,0.21489836275577545,0.016570258885622025,0.02100205607712269,0.019802354276180267,0.16341251134872437,0.15441839396953583,0.12869569659233093,0.03611623868346214,0.05120270326733589,0.040403708815574646,0.11789121478796005,0.10456589609384537,0.04172126203775406,0.025395363569259644,0.15494805574417114,0.04424897953867912,0.02519548125565052,0.013710686936974525,0.2762718200683594,0.11363063752651215,0.27370789647102356,0.06439971178770065,0.00915706530213356,0.04010332003235817,0.027806542813777924,0.01139985490590334,0.01932242326438427,0.010028725489974022,0.1360456943511963,0.023712094873189926,0.00652252696454525,0.0027192975394427776,0.04929327219724655,0.023870281875133514,0.010912480764091015,0.048314113169908524,0.0026544074062258005,0.03258323669433594,0.00479913642629981,0.012907375581562519,0.023006735369563103,0.016500825062394142,0.06563791632652283,0.013623567298054695,0.00108238379471004,0.005308541469275951,0.018299909308552742,0.03627929091453552,0.009390988387167454,0.0318128764629364,0.07575458288192749,0.008326137438416481,0.005876700393855572,0.0024720386136323214,0.027722714468836784,0.012361165136098862,0.10928190499544144,0.0020174782257527113,0.003364650532603264,0.005622722674161196,0.001455300603993237,0.004329174757003784,0.012680369429290295,0.0056625050492584705,0.0036799635272473097,0.004975174553692341,0.008804374374449253,0.002024797722697258,0.0033816664945334196,0.021374203264713287,0.13342516124248505,0.05565107986330986,0.019485000520944595,0.001668049138970673,0.05952523276209831,0.0017146188765764236,0.007563675753772259,0.011122122406959534,0.012697095051407814,0.003723275614902377,0.00838837306946516,0.0017999791307374835,0.03483831137418747,0.05821240320801735,0.6679561138153076,0.17891184985637665,0.020000632852315903,0.05661589652299881,0.002506135031580925
unknown,91.0,92.0,0.004324495792388916,0.001715383492410183,0.005275208968669176,0.03848294913768768,0.10835039615631104,0.137370765209198,0.004281023051589727,0.11720418930053711,0.3447760045528412,0.09846166521310806,0.05261439085006714,0.05954761058092117,0.05355540290474892,0.649614155292511,0.02064228057861328,0.0125972218811512,0.0427471324801445,0.47383198142051697,0.19932083785533905,0.17328932881355286,0.3399690091609955,0.006694358307868242,0.07269033789634705,0.05112326890230179,0.007155114784836769,0.08536730706691742,0.007197096943855286,0.022976135835051537,0.06595057249069214,0.015625596046447754,0.015530018135905266,0.016347916796803474,0.009517306461930275,0.039643242955207825,0.04504774883389473,0.05119151622056961,0.029243700206279755,0.1165449321269989,0.007835552096366882,0.04380602762103081,0.030006423592567444,0.008929215371608734,0.08422528952360153,0.005217810161411762,0.0015803590649738908,0.014147773385047913,0.22177819907665253,0.012085987254977226,0.012371054850518703,0.00023163078003562987,0.030350880697369576,0.003119570203125477,0.032925888895988464,0.0070578535087406635,0.015369835309684277,0.018969489261507988,0.05743725225329399,0.2304406464099884,0.001366672571748495,0.0005166425835341215,0.011973593384027481,0.0018625366501510143,0.03686670586466789,0.0029123686254024506,0.00021721783559769392,0.00283512519672513,0.00023154124210122973,0.000981373363174498,0.21026292443275452,0.24902833998203278,0.3667943477630615,0.013377240858972073,0.0010672964854165912,0.00041786034125834703,0.006530240178108215,0.004882677458226681,0.0007508273120038211,0.00022501515923067927,0.003408165415748954,0.00026659280410967767,0.001280314871110022,0.0016652691410854459,9.424269228475168e-05,0.004229836631566286,0.0006197030888870358,0.021601302549242973,0.011475233361124992,0.0069458079524338245,0.002924775006249547,0.005195250269025564,0.01904924400150776,0.007393732201308012,0.00023276453430298716,0.005710826721042395,0.00265639740973711,0.00018811842892318964,0.0002292446733918041,0.00017456345085520297,0.0015022056177258492,0.007008211687207222,7.50720573705621e-05,0.5538330078125,0.13380059599876404,0.2722639739513397,0.013904424384236336,0.003244016319513321,0.0006321813561953604,0.0016714220400899649,0.0057063354179263115,0.013149313628673553,0.00014366321556735784,0.00017914136697072536,0.0009514233679510653,0.00113369757309556,0.004099154844880104
unknown,93.0,94.0,0.04892217740416527,0.0445927269756794,0.04022500291466713,0.014099382795393467,0.014119381085038185,0.03002370521426201,0.03070194087922573,0.04249473661184311,0.4026690721511841,0.31301426887512207,0.24690549075603485,0.4187980890274048,0.12884759902954102,0.09190527349710464,0.18740597367286682,0.11546408385038376,0.09354721009731293,0.2109563797712326,0.021664941683411598,0.07866784185171127,0.2962265610694885,0.07785346359014511,0.013184280134737492,0.03364931419491768,0.047996941953897476,0.037935882806777954,0.008829183876514435,0.003387722885236144,0.023342065513134003,0.0018466816982254386,0.15763957798480988,0.01234314776957035,0.04289586842060089,0.04731620475649834,0.014422171749174595,0.013714459724724293,0.19018790125846863,0.14915376901626587,0.08948996663093567,0.028077371418476105,0.325545072555542,0.14388848841190338,0.02088201604783535,0.0014221916208043694,0.004115740302950144,0.05180460959672928,0.30532556772232056,0.0046653649769723415,0.000470107130240649,0.0003809131449088454,0.0034407314378768206,0.0014408428687602282,0.003616774221882224,0.0013154237531125546,0.12176088243722916,0.009905567392706871,0.030102837830781937,0.0014234479749575257,0.004386352840811014,0.00034714146750047803,0.0016664756694808602,0.19200114905834198,0.0044745951890945435,0.0025715003721415997,0.00014173774980008602,0.00047605339204892516,0.00028810204821638763,0.00021577274310402572,0.208024263381958,0.002003210596740246,0.005590112879872322,0.0015145433135330677,0.00043657704372890294,0.001487986883148551,0.0017665188061073422,0.049010470509529114,0.10635212808847427,0.0004994570626877248,0.004548414144665003,0.0004615054640453309,0.006675976328551769,0.002008990617468953,0.006312431301921606,0.0006081146420910954,0.006335232872515917,0.01622592657804489,0.0012709074653685093,0.0034219366498291492,0.0006800801493227482,0.0010168860899284482,0.517996609210968,0.04035140946507454,0.0009303313563577831,0.17915798723697662,0.24725604057312012,0.00687354477122426,0.015714814886450768,0.007200197316706181,0.00933685153722763,0.0006720280507579446,0.0013992692111060023,0.004426323808729649,0.00577631825581193,0.002288399962708354,0.01838688738644123,0.010556338354945183,0.016067376360297203,0.07913707941770554,0.0018011978827416897,0.00811214093118906,0.0013626714935526252,0.0014340262860059738,0.002572377910837531,0.0012141162296757102,0.0012683497043326497
unknown,97.0,98.0,0.06863423436880112,0.026893820613622665,0.04622168093919754,0.0509922131896019,0.01034078374505043,0.05080771818757057,0.059493809938430786,0.21197561919689178,0.42929959297180176,0.355976402759552,0.05384449660778046,0.12886402010917664,0.15572957694530487,0.12613418698310852,0.09984509646892548,0.06059245020151138,0.026050807908177376,0.25238800048828125,0.10091006010770798,0.08790448307991028,0.21919816732406616,0.06698895990848541,0.07127759605646133,0.029465684667229652,0.02812090516090393,0.020209096372127533,0.062017519026994705,0.011539620347321033,0.14492203295230865,0.008271134458482265,0.17317378520965576,0.06465458124876022,0.05019766464829445,0.0452347956597805,0.030985811725258827,0.05725528299808502,0.11608271300792694,0.22187930345535278,0.054982829838991165,0.017591066658496857,0.21132338047027588,0.08945377171039581,0.03956858068704605,0.009582833386957645,0.011701690964400768,0.023765606805682182,0.28313902020454407,0.04138406366109848,0.03606557473540306,0.0662405714392662,0.018491648137569427,0.0019131229491904378,0.025779448449611664,0.006884933449327946,0.27172040939331055,0.005099455825984478,0.013216901570558548,0.003639139235019684,0.001255388488061726,0.012821044772863388,0.038527458906173706,0.08493372797966003,0.002811320824548602,0.012534144334495068,0.008404896594583988,0.001229996094480157,0.012958907522261143,0.006910284049808979,0.7439238429069519,0.005287987645715475,0.0019483091309666634,0.0020731708500534296,0.007600091863423586,0.010808022692799568,0.0029457295313477516,0.008157728239893913,0.031943321228027344,0.007873723283410072,0.13592548668384552,0.026657262817025185,0.1133640706539154,0.04087021201848984,0.028824087232351303,0.0064545185305178165,0.15923969447612762,0.03648537024855614,0.26961377263069153,0.1772681474685669,0.01846163719892502,0.023604722693562508,0.05010474845767021,0.042429156601428986,0.11944884806871414,0.045023467391729355,0.045845139771699905,0.0030086569022387266,0.00993445422500372,0.0054176789708435535,0.0019768502097576857,0.0005984319723211229,0.002882975386455655,0.0020366795361042023,0.013516474515199661,0.0007711194921284914,0.13127228617668152,0.08903799951076508,0.013875225558876991,0.05906764417886734,0.0007271039648912847,0.003587306709960103,0.0021305254194885492,0.0013955329777672887,0.02379058115184307,0.0012545319041237235,0.05198926478624344
unknown,124.0,125.0,0.055024318397045135,0.039176974445581436,0.03648404777050018,0.10851028561592102,0.06422189623117447,0.0884522870182991,0.07532504200935364,0.08683531731367111,0.08043348044157028,0.09261085838079453,0.04488936811685562,0.07811608910560608,0.07449105381965637,0.13167083263397217,0.045236777514219284,0.03303135931491852,0.03778625652194023,0.11218822747468948,0.05379398539662361,0.1264192759990692,0.12408224493265152,0.07389815151691437,0.056947462260723114,0.037616368383169174,0.036398112773895264,0.033121347427368164,0.08370250463485718,0.09130840003490448,0.016831737011671066,0.06972277909517288,0.12200643122196198,0.09326231479644775,0.048753995448350906,0.01792326755821705,0.04845387861132622,0.03393891826272011,0.14646302163600922,0.07381591945886612,0.05091795697808266,0.034737538546323776,0.14522002637386322,0.07690716534852982,0.03364725038409233,0.04734129086136818,0.05214881896972656,0.02359960973262787,0.07334297895431519,0.03550729528069496,0.021503932774066925,0.009587152861058712,0.07571975886821747,0.03169718757271767,0.06543393433094025,0.05665814131498337,0.029957685619592667,0.016988923773169518,0.02804570458829403,0.0024000718258321285,0.011370310559868813,0.01030668243765831,0.0820029079914093,0.04521001875400543,0.014787523075938225,0.0040793828666210175,0.027704503387212753,0.012613246217370033,0.021141422912478447,0.02608138509094715,0.053492940962314606,0.025485821068286896,0.008710065856575966,0.018877636641263962,0.02812645211815834,0.029713410884141922,0.019826268777251244,0.026450205594301224,0.006931527052074671,0.01318013109266758,0.05831967294216156,0.017823219299316406,0.08240192383527756,0.01740972511470318,0.015308868139982224,0.009546716697514057,0.013508051633834839,0.010205416940152645,0.023221183568239212,0.033279694616794586,0.04494636878371239,0.0361870601773262,0.06197231262922287,0.044199079275131226,0.0043838308192789555,0.03880135715007782,0.06072642281651497,0.012133258394896984,0.03258754312992096,0.027833547443151474,0.009086021222174168,0.0011239252053201199,0.007450187113136053,0.005024564452469349,0.006899342406541109,0.003571819281205535,0.040226198732852936,0.0331537127494812,0.02788083255290985,0.016785878688097,0.0025933280121535063,0.015553582459688187,0.005105140618979931,0.0060061304830014706,0.002533605555072427,0.00642519723623991,0.013914400711655617
unknown,140.0,141.0,0.120246022939682,0.08715832233428955,0.08480023592710495,0.028472186997532845,0.010743371210992336,0.036742087453603745,0.13551704585552216,0.05840800330042839,0.4197942316532135,0.27881932258605957,0.10264141857624054,0.22984685003757477,0.0838547945022583,0.05988266319036484,0.1194511204957962,0.11197652667760849,0.02390925958752632,0.2522370517253876,0.024059753865003586,0.11043529212474823,0.14164921641349792,0.12143269181251526,0.020905276760458946,0.05406098812818527,0.08474897593259811,0.05128227174282074,0.02885592356324196,0.0033305424731224775,0.017989136278629303,0.0036630346439778805,0.11521614342927933,0.025771992281079292,0.05798368155956268,0.03819281980395317,0.02551683411002159,0.010919919237494469,0.20888979732990265,0.17785368859767914,0.1087537333369255,0.0397527851164341,0.3732662498950958,0.1809045672416687,0.015994790941476822,0.003635009750723839,0.02942376397550106,0.06952070444822311,0.45496100187301636,0.007985357195138931,0.0007557066273875535,0.0011308001121506095,0.0028776880353689194,0.002227446064352989,0.004327825736254454,0.0009650546126067638,0.2408653348684311,0.008753885515034199,0.013097263872623444,0.0011505780275911093,0.0057235583662986755,0.00474986108019948,0.0017079112585633993,0.32765915989875793,0.001716954866424203,0.013565834611654282,0.0008486685110256076,0.001174786128103733,0.0013613399351015687,0.0007153347251005471,0.19906286895275116,0.0012263341341167688,0.0009376988746225834,0.0012851149076595902,0.0007449667318724096,0.005245734937489033,0.0017675738781690598,0.02226894348859787,0.11135803908109665,0.0005321966018527746,0.0196022167801857,0.0021891496144235134,0.11110714077949524,0.018695922568440437,0.0551481693983078,0.0004601261462084949,0.008521129377186298,0.015627969056367874,0.002086854074150324,0.009737261570990086,0.0011003137333318591,0.0009087463840842247,0.18977822363376617,0.009384159930050373,0.002338589634746313,0.11575767397880554,0.3327712118625641,0.020885949954390526,0.11002500355243683,0.038778308779001236,0.005481233820319176,0.0007021607016213238,0.018212106078863144,0.0019535308238118887,0.0025684316642582417,0.0020383382216095924,0.03617095574736595,0.012782290577888489,0.005152664612978697,0.11574093252420425,0.0014765738742426038,0.007615847513079643,0.101120725274086,0.041847147047519684,0.003193622687831521,0.002273727208375931,0.0030906384345144033
unknown,153.0,154.0,0.06718670576810837,0.04275161027908325,0.041144270449876785,0.12152168154716492,0.046340275555849075,0.07709988951683044,0.07971864193677902,0.08340678364038467,0.12717486917972565,0.11168784648180008,0.06219038367271423,0.11214515566825867,0.06396104395389557,0.1301719695329666,0.08193238079547882,0.053425997495651245,0.04512905701994896,0.13650768995285034,0.048223115503787994,0.12325244396924973,0.12687203288078308,0.10034814476966858,0.057741351425647736,0.043503060936927795,0.04672836884856224,0.03131672739982605,0.08364322781562805,0.06340266019105911,0.022044161334633827,0.050613049417734146,0.1269650012254715,0.11275597661733627,0.050582416355609894,0.029034435749053955,0.06245354562997818,0.0458303801715374,0.13778869807720184,0.11270280927419662,0.057358309626579285,0.039448004215955734,0.17862513661384583,0.08569543063640594,0.04173476994037628,0.030620582401752472,0.04593529924750328,0.03099273331463337,0.11914214491844177,0.04658869653940201,0.028278499841690063,0.014262462966144085,0.0831078514456749,0.023622237145900726,0.05749329924583435,0.04623836651444435,0.058671921491622925,0.019548708572983742,0.029211267828941345,0.003237432800233364,0.02045636624097824,0.011254578828811646,0.07519941031932831,0.06409002095460892,0.01617255061864853,0.007574605755507946,0.012989033944904804,0.009931988082826138,0.014840423129498959,0.01469656266272068,0.08355195820331573,0.027293484658002853,0.01208557840436697,0.02244480326771736,0.020421555265784264,0.028750861063599586,0.018576456233859062,0.040592025965452194,0.015455728396773338,0.011013816110789776,0.04478722810745239,0.019615689292550087,0.06387875229120255,0.02163655497133732,0.017993442714214325,0.004852371755987406,0.009795980527997017,0.013960985466837883,0.02214081399142742,0.034937962889671326,0.04189537838101387,0.030667699873447418,0.09964709728956223,0.03691055625677109,0.006483809091150761,0.06330148875713348,0.08905063569545746,0.02018497698009014,0.047877438366413116,0.030616145581007004,0.012190759181976318,0.0014790133573114872,0.011477543972432613,0.007779221516102552,0.01306457445025444,0.0036197227891534567,0.050699952989816666,0.028846079483628273,0.0217305738478899,0.027937203645706177,0.004886425565928221,0.02061120793223381,0.008355156518518925,0.00948579702526331,0.00442852359265089,0.01240742951631546,0.009699221700429916
unknown,157.0,158.0,0.004006960429251194,0.001220949343405664,0.003605001838877797,0.033880893141031265,0.12093079835176468,0.1167309433221817,0.006054683588445187,0.12886083126068115,0.35121363401412964,0.10080131143331528,0.04157286882400513,0.03514786437153816,0.039906278252601624,0.7549915909767151,0.018460635095834732,0.008571496233344078,0.03868658468127251,0.43931248784065247,0.23671574890613556,0.16417118906974792,0.3560415208339691,0.006544641684740782,0.0886654481291771,0.04744376987218857,0.006147894077003002,0.07408619672060013,0.006628205068409443,0.021981896832585335,0.03712599724531174,0.015552488155663013,0.01436283253133297,0.014170393347740173,0.00411662831902504,0.015847695991396904,0.04475898668169975,0.04726659879088402,0.034050341695547104,0.14181280136108398,0.005468727555125952,0.02272493951022625,0.032734449952840805,0.008708870969712734,0.08808942884206772,0.007581991143524647,0.0022655283100903034,0.01112982165068388,0.22545412182807922,0.012865318916738033,0.013224354945123196,0.00011380123032722622,0.027015727013349533,0.0015632614959031343,0.03146400302648544,0.004658812656998634,0.02189503237605095,0.018576566129922867,0.10393327474594116,0.21637983620166779,0.006526174023747444,0.0008136554388329387,0.010124512016773224,0.0025409753434360027,0.039964888244867325,0.0015819050604477525,0.00021646956156473607,0.0019897413440048695,0.00028756106621585786,0.0007772777462378144,0.16364558041095734,0.19123966991901398,0.2971424460411072,0.004644072148948908,0.0008509207400493324,0.00028922766796313226,0.003921380266547203,0.003395595122128725,0.000560712767764926,0.0003512617840897292,0.004267122130841017,0.0004700282879639417,0.0012962903128936887,0.003240833757445216,0.00017960634431801736,0.00479405140504241,0.0025279009714722633,0.01854979619383812,0.004744939040392637,0.0037220725789666176,0.0022047630045562983,0.0031048289965838194,0.006768995430320501,0.008032222278416157,0.00036043761065229774,0.0031366629991680384,0.0014600353315472603,0.0014096827944740653,0.0008646594360470772,0.0010595814092084765,0.012985873967409134,0.014837541617453098,0.0003424332244321704,0.7421550750732422,0.1558733880519867,0.16233794391155243,0.039913058280944824,0.006303426809608936,0.0006942340405657887,0.0013485199306160212,0.004816686734557152,0.034534841775894165,0.0005143185844644904,0.0002237186417914927,0.0005212078103795648,0.0008672585245221853,0.010652728378772736
unknown,159.0,160.0,0.05391082540154457,0.03103252314031124,0.03172798082232475,0.08912023901939392,0.07914529740810394,0.06217208504676819,0.06257694959640503,0.11210561543703079,0.08280575275421143,0.1074785515666008,0.059059809893369675,0.0805150717496872,0.07812219113111496,0.1550876945257187,0.06231507286429405,0.02501077577471733,0.07295364141464233,0.15059687197208405,0.07801758497953415,0.11526421457529068,0.14688116312026978,0.08625931292772293,0.07093705236911774,0.04599281772971153,0.03771865740418434,0.03120727650821209,0.06790214776992798,0.06692113727331161,0.0244157612323761,0.044748883694410324,0.10521336644887924,0.08792342990636826,0.05046381056308746,0.029323894530534744,0.06937791407108307,0.06824515014886856,0.1440500020980835,0.08408398181200027,0.06874232739210129,0.04192175716161728,0.1656298190355301,0.10795733332633972,0.04250648617744446,0.0394485667347908,0.05087492614984512,0.025152292102575302,0.07788671553134918,0.05318376049399376,0.026207376271486282,0.01176991406828165,0.0680474117398262,0.03636445850133896,0.0713426023721695,0.0235521849244833,0.060267213732004166,0.037688955664634705,0.079073965549469,0.003432262223213911,0.030047506093978882,0.02457798644900322,0.040636878460645676,0.04585918411612511,0.020710716024041176,0.008072132244706154,0.025355258956551552,0.011329767294228077,0.03545142337679863,0.019134730100631714,0.0550554022192955,0.02570505253970623,0.021545950323343277,0.021400010213255882,0.019186031073331833,0.022572236135601997,0.019718341529369354,0.03249102830886841,0.00506227370351553,0.03566928952932358,0.08758240938186646,0.012473772279918194,0.0498306006193161,0.03571741282939911,0.01261183898895979,0.009967799298465252,0.017594370990991592,0.022677680477499962,0.020574020221829414,0.03348918631672859,0.028562204912304878,0.014605274423956871,0.08682575076818466,0.04006233066320419,0.010683871805667877,0.06604336947202682,0.059368833899497986,0.06815686076879501,0.052933912724256516,0.03401630371809006,0.014851200394332409,0.006957456469535828,0.015107247978448868,0.005512230098247528,0.00548119843006134,0.009505773894488811,0.08252152800559998,0.10035604983568192,0.0422542579472065,0.036751776933670044,0.0014736042357981205,0.01233598031103611,0.005523758940398693,0.008350268006324768,0.005978333298116922,0.01011834666132927,0.03335046395659447
unknown,164.0,165.0,0.037755247205495834,0.03251931816339493,0.049230288714170456,0.011206848546862602,0.006053270306438208,0.03023902326822281,0.024342043325304985,0.03862486779689789,0.3663405776023865,0.27144622802734375,0.10216095298528671,0.2675973176956177,0.07989710569381714,0.03714142367243767,0.24157653748989105,0.1950860321521759,0.020468341186642647,0.11221008002758026,0.011858354322612286,0.12013714015483856,0.122240349650383,0.25877004861831665,0.017812998965382576,0.026791216805577278,0.09269356727600098,0.009240912273526192,0.009554491378366947,0.002416724804788828,0.012065280228853226,0.0014058416709303856,0.07269859313964844,0.016508573666214943,0.08104123175144196,0.04071614518761635,0.026860008016228676,0.003158008446916938,0.11042550206184387,0.22548969089984894,0.1527395397424698,0.020336288958787918,0.566382110118866,0.43661946058273315,0.02118845470249653,0.0009894567774608731,0.001746756606735289,0.019884781911969185,0.4183078706264496,0.007803782355040312,0.0007296859403140843,0.00035670632496476173,0.007209072355180979,0.001835252856835723,0.006494338158518076,0.0032477884087711573,0.151621013879776,0.005609516054391861,0.00828490685671568,0.00592263787984848,0.0009721278911456466,0.0005183854955248535,0.0024766894057393074,0.5474712252616882,0.047105174511671066,0.0019085416570305824,0.0002841760579030961,0.00032393840956501663,0.00024305333499796689,0.00020126030722167343,0.1685517281293869,0.002152377041056752,0.008282121270895004,0.0027589118108153343,0.0004583285772241652,0.004997584968805313,0.007584832608699799,0.020316405221819878,0.09664300829172134,0.0005949744954705238,0.09118794649839401,0.002238926710560918,0.12765270471572876,0.008607280440628529,0.018119676038622856,0.00023785328085068613,0.006120316684246063,0.012553798034787178,0.008552074432373047,0.02278882823884487,0.002423554426059127,0.001553773763589561,0.331245481967926,0.017168009653687477,0.0003225684049539268,0.2409946173429489,0.5308312773704529,0.018393000587821007,0.042612336575984955,0.016336942091584206,0.002041768515482545,0.00034544049412943423,0.005566593259572983,0.006274577230215073,0.004747772589325905,0.0032529011368751526,0.02362234704196453,0.03690207749605179,0.024968937039375305,0.19136875867843628,0.0011545337038114667,0.008812894113361835,0.0018417956307530403,0.001128490548580885,0.0007962351082824171,0.0017209014622494578,0.0038189829792827368
unknown,165.0,166.0,0.03274058178067207,0.022830555215477943,0.0247332863509655,0.04196764901280403,0.020124053582549095,0.06122512370347977,0.05331799015402794,0.20446991920471191,0.2720479965209961,0.18147672712802887,0.07444615662097931,0.13154393434524536,0.15196898579597473,0.08639784157276154,0.07631902396678925,0.061381082981824875,0.029755963012576103,0.22818110883235931,0.09220997244119644,0.15558207035064697,0.1877637803554535,0.0983419194817543,0.10848096013069153,0.05201687291264534,0.03182921186089516,0.009212003089487553,0.020227402448654175,0.026298224925994873,0.06648881733417511,0.017831139266490936,0.07372060418128967,0.035203419625759125,0.04849666729569435,0.03758196905255318,0.11788537353277206,0.020796945318579674,0.10946661233901978,0.10302234441041946,0.08034534752368927,0.03521835431456566,0.2288396954536438,0.26104047894477844,0.0696977972984314,0.013557669706642628,0.026520762592554092,0.02328062243759632,0.2014830857515335,0.011260759085416794,0.00915440171957016,0.001357321860268712,0.03789527341723442,0.014033164829015732,0.027893424034118652,0.011373115703463554,0.3773443400859833,0.015276695601642132,0.1129184365272522,0.003977419808506966,0.012708211317658424,0.0024812128394842148,0.01865384541451931,0.17573164403438568,0.059375565499067307,0.0018663054797798395,0.0011569325579330325,0.00243605999276042,0.0016857513692229986,0.0025128908455371857,0.07676650583744049,0.013794922269880772,0.018772011622786522,0.012377595528960228,0.003960962872952223,0.010209050960838795,0.013910075649619102,0.0430716797709465,0.03972361981868744,0.010899567976593971,0.20228703320026398,0.01813070848584175,0.04898945987224579,0.04925631359219551,0.020034950226545334,0.003933760337531567,0.025996871292591095,0.008754660375416279,0.017989901825785637,0.0335274264216423,0.011942446231842041,0.006123929750174284,0.08427484333515167,0.049794457852840424,0.0008354370365850627,0.05326877161860466,0.06854165345430374,0.12140987813472748,0.07844565063714981,0.0325753279030323,0.03347564488649368,0.007870121859014034,0.028095288202166557,0.009484265930950642,0.004963253159075975,0.009630554355680943,0.2493484616279602,0.4077697694301605,0.08363086730241776,0.11050435900688171,0.0017250324599444866,0.007193353027105331,0.007140636444091797,0.008081837557256222,0.0018766520079225302,0.001811415539123118,0.06680784374475479
unknown,169.0,170.0,0.05145278573036194,0.03514823690056801,0.05096942186355591,0.01391313225030899,0.009588711895048618,0.027237089350819588,0.0236878152936697,0.03576765954494476,0.41504576802253723,0.36605119705200195,0.213443785905838,0.3851552903652191,0.0956549122929573,0.05172022432088852,0.21512652933597565,0.17638114094734192,0.055478379130363464,0.1281106323003769,0.007769389543682337,0.07472537457942963,0.2189379185438156,0.1516513228416443,0.008081387728452682,0.025980068370699883,0.07408349215984344,0.0248959269374609,0.012015346437692642,0.002785282675176859,0.00910618994385004,0.0014567760517820716,0.11462569236755371,0.014705617912113667,0.050317712128162384,0.04387922212481499,0.010601380839943886,0.006942754611372948,0.16975781321525574,0.16419139504432678,0.12789179384708405,0.028001850470900536,0.4508599638938904,0.23175571858882904,0.010010866448283195,0.0008854966145008802,0.002718741772696376,0.04635670781135559,0.3566720187664032,0.00478733517229557,0.0003460582229308784,0.0003143315843772143,0.002616262761875987,0.0009615905000828207,0.002833152888342738,0.0009547649533487856,0.09032025933265686,0.007905441336333752,0.013765138573944569,0.0012381153646856546,0.0023695111740380526,0.0003004405880346894,0.0012638737680390477,0.3853871524333954,0.006793568842113018,0.003169141011312604,0.00013872595445718616,0.00034293270437046885,0.0001971699093701318,0.00011234071280341595,0.14082945883274078,0.0010092195589095354,0.002784934127703309,0.0009536645957268775,0.00033367236028425395,0.0014678190927952528,0.001970191951841116,0.026248136535286903,0.061578597873449326,0.0002515468222554773,0.0019084758823737502,0.00013901582860853523,0.006486550904810429,0.001042938674800098,0.004710276145488024,0.00025138078490272164,0.0023720599710941315,0.013837055303156376,0.0005626064375974238,0.001732859993353486,0.0005041330587118864,0.000836846127640456,0.3747217059135437,0.005583066493272781,0.0010306509211659431,0.1777314990758896,0.5410870909690857,0.0018204280640929937,0.008681070990860462,0.004779868293553591,0.0010613201884552836,0.0001572027540532872,0.0006923716282472014,0.0013634057249873877,0.0020152449142187834,0.0017300591571256518,0.003410425502806902,0.0016886749072000384,0.0030677097383886576,0.09944556653499603,0.0016488137189298868,0.003467604285106063,0.0013979774666950107,0.001518827397376299,0.001809905283153057,0.0010772008681669831,0.0003832818183582276
unknown,170.0,171.0,0.04920944944024086,0.031224288046360016,0.05361448600888252,0.014452459290623665,0.018215559422969818,0.037968073040246964,0.02252115122973919,0.03384258598089218,0.41527363657951355,0.35343775153160095,0.1942908763885498,0.37629684805870056,0.08728272467851639,0.05329121649265289,0.23235362768173218,0.17406436800956726,0.05356907844543457,0.12965936958789825,0.010052812285721302,0.08912230283021927,0.20987504720687866,0.1450897604227066,0.009946085512638092,0.026653507724404335,0.07710754126310349,0.021903829649090767,0.011499149724841118,0.004097561351954937,0.010915522463619709,0.0022642379626631737,0.10210227221250534,0.014317827299237251,0.04631420969963074,0.052435342222452164,0.014883016236126423,0.007448465097695589,0.16445164382457733,0.1695411205291748,0.11240014433860779,0.030577683821320534,0.45540493726730347,0.23300202190876007,0.010536092333495617,0.0010407170047983527,0.0028190002776682377,0.037820521742105484,0.3737241327762604,0.005898329894989729,0.0005726937088184059,0.00029252987587824464,0.0040115914307534695,0.001151605392806232,0.004286127630621195,0.0013030304107815027,0.11019115149974823,0.015162436291575432,0.02497941628098488,0.001820133300498128,0.002129933563992381,0.00024804507847875357,0.0016661827685311437,0.3583177328109741,0.015369297936558723,0.005413046106696129,0.00012506367056630552,0.00030585858621634543,0.00016829122614581138,9.590265108272433e-05,0.14337001740932465,0.0014193858951330185,0.006500494200736284,0.0015605833614245057,0.00025462344638071954,0.0017308446113020182,0.0019389060325920582,0.029454031959176064,0.08628195524215698,0.000233968035900034,0.0024719550274312496,0.0002144759928341955,0.009217788465321064,0.001525876228697598,0.004010655451565981,0.00019213072664570063,0.0016918448964133859,0.018847981467843056,0.0010502550285309553,0.0031608121935278177,0.0006947739166207612,0.0010437793098390102,0.3908705711364746,0.008397076278924942,0.0008063543355092406,0.1848703920841217,0.46566876769065857,0.002424191916361451,0.009268333204090595,0.005316771101206541,0.002314683748409152,0.00020154636877123266,0.0007353498367592692,0.0019240149995312095,0.0023673581890761852,0.001333773136138916,0.004878900479525328,0.002571387216448784,0.00389223569072783,0.10949551314115524,0.0012839905684813857,0.003532439935952425,0.0017652477836236358,0.001743865548633039,0.002190060680732131,0.0009019616991281509,0.000376824289560318
unknown,176.0,177.0,0.09841535985469818,0.0493968203663826,0.11221341043710709,0.020893193781375885,0.004276779945939779,0.01365617010742426,0.02521137148141861,0.017699329182505608,0.30033308267593384,0.2912329435348511,0.14608892798423767,0.32832831144332886,0.06419660896062851,0.03533266857266426,0.2580098509788513,0.3137293756008148,0.048392582684755325,0.06585445255041122,0.005303967744112015,0.04833473637700081,0.14361459016799927,0.28009647130966187,0.003389437682926655,0.0125525938346982,0.12687648832798004,0.03379969671368599,0.024601100012660027,0.0014173910021781921,0.002786848694086075,0.0008528329199180007,0.17835408449172974,0.02240901254117489,0.06649969518184662,0.0319245420396328,0.006202037446200848,0.006643330212682486,0.21604138612747192,0.16688531637191772,0.1857878565788269,0.009851978160440922,0.6898159384727478,0.3632108271121979,0.0035492442548274994,0.0004989602020941675,0.002797124907374382,0.025098808109760284,0.3474034070968628,0.006150857079774141,0.00026222015731036663,0.000412387220421806,0.0028560454957187176,0.0005072298808954656,0.001802534912712872,0.0010623809648677707,0.07405661046504974,0.004890124313533306,0.004795841872692108,0.0017662540776655078,0.0008366566034965217,0.00029222879675216973,0.001064747222699225,0.5351654291152954,0.003652610583230853,0.002723186044022441,9.927151404554024e-05,0.0003310265310574323,0.00011511056800372899,8.169761713361368e-05,0.09779687225818634,0.001254447503015399,0.001593119464814663,0.0006062579341232777,0.00034420593874529004,0.0014279137831181288,0.000980553450062871,0.009941588155925274,0.07290854305028915,7.095307228155434e-05,0.0018610339611768723,0.00021815189393237233,0.007525471970438957,0.0008592650410719216,0.00271665770560503,6.843537994427606e-05,0.0016440735198557377,0.007522693835198879,0.0003791341732721776,0.001351722632534802,0.0007004039944149554,0.0008820619550533593,0.27354127168655396,0.0016839499585330486,0.00035660696448758245,0.27092960476875305,0.8510743975639343,0.0004568388976622373,0.004430058412253857,0.003030328545719385,0.0003195524914190173,6.756619404768571e-05,0.0007206346490420401,0.0009161438210867345,0.0011510560289025307,0.004326861351728439,0.001792407943867147,0.0006555024301633239,0.0018002720316872,0.10984348505735397,0.0009519807063043118,0.002272175857797265,0.0012580465991050005,0.0014576183166354895,0.0007519628270529211,0.0013685922604054213,0.0002197181893279776
unknown,189.0,190.0,0.05020853877067566,0.025607554242014885,0.03805777058005333,0.018747076392173767,0.030061474069952965,0.0389757864177227,0.03259072080254555,0.07562749832868576,0.351766437292099,0.33488503098487854,0.1804383248090744,0.3147144019603729,0.11285033822059631,0.1514545977115631,0.1671227365732193,0.10524824261665344,0.08197611570358276,0.19961223006248474,0.04865110293030739,0.07976289838552475,0.28859543800354004,0.06283323466777802,0.023612769320607185,0.030777810141444206,0.04147423058748245,0.04834209010004997,0.009848465211689472,0.005827039014548063,0.027538055554032326,0.0031548526603728533,0.14458836615085602,0.01385700237005949,0.04019404575228691,0.03396056964993477,0.024630164727568626,0.026035325601696968,0.19021376967430115,0.13876722753047943,0.0695292055606842,0.02311377041041851,0.2918073832988739,0.1265466958284378,0.026574192568659782,0.0031379777938127518,0.006427598651498556,0.03893384337425232,0.24498812854290009,0.006772369146347046,0.0007922276272438467,0.00020718468294944614,0.007938004098832607,0.0015281682135537267,0.007353542372584343,0.0020903788972646,0.1118176206946373,0.015051079913973808,0.08887577801942825,0.0016205760184675455,0.00391365634277463,0.0002466790610924363,0.0032962646801024675,0.16209624707698822,0.008002269081771374,0.0018190322443842888,0.00015096041897777468,0.0001893237786134705,0.0002074611111311242,0.0001561975514050573,0.11611244827508926,0.005168636795133352,0.020986303687095642,0.0018229433335363865,0.0003002333687618375,0.0010349658550694585,0.0023142078425735235,0.03286583721637726,0.05743477866053581,0.0009521531173959374,0.008151254616677761,0.0006522280746139586,0.008123410865664482,0.003938859794288874,0.003920077811926603,0.0015405165031552315,0.007879468612372875,0.02134009636938572,0.00282662152312696,0.004076418466866016,0.0012353372294455767,0.0019622878171503544,0.36534473299980164,0.06004410982131958,0.0003749981406144798,0.19517597556114197,0.29876190423965454,0.01536558847874403,0.01535717025399208,0.008560650050640106,0.02103968895971775,0.001678216620348394,0.001742778578773141,0.011053351685404778,0.0072056883946061134,0.0045224763453006744,0.05974942445755005,0.03931628540158272,0.01597512699663639,0.13590578734874725,0.0004238454857841134,0.008966706693172455,0.0008850810118019581,0.00147404579911381,0.0013342214515432715,0.0003958737070206553,0.004469573963433504
unknown,201.0,202.0,0.06304048001766205,0.04327390715479851,0.03839564695954323,0.11044453084468842,0.04167382791638374,0.07550565898418427,0.09860221296548843,0.07729913294315338,0.14033009111881256,0.10903740674257278,0.057396069169044495,0.09421487897634506,0.06866645067930222,0.10159318894147873,0.08421427756547928,0.05402278155088425,0.038750115782022476,0.15452894568443298,0.06738581508398056,0.1370314359664917,0.1197623610496521,0.09913836419582367,0.04604518413543701,0.05450897663831711,0.04355798289179802,0.030236491933465004,0.07571766525506973,0.05916759371757507,0.023254303261637688,0.04691890999674797,0.1150832548737526,0.10050912946462631,0.04631822556257248,0.02628539502620697,0.0665108859539032,0.03182021155953407,0.17841121554374695,0.12809929251670837,0.0585906095802784,0.03838522359728813,0.19614693522453308,0.0993383601307869,0.03879004716873169,0.036742594093084335,0.07930480688810349,0.031530339270830154,0.15005049109458923,0.043711692094802856,0.021447841078042984,0.017512647435069084,0.06399501860141754,0.024540111422538757,0.0823766216635704,0.03712095320224762,0.06968224048614502,0.017492562532424927,0.03451893851161003,0.00553928455337882,0.018766768276691437,0.01167180947959423,0.06653638184070587,0.06272625178098679,0.017219502478837967,0.014165994711220264,0.014060908928513527,0.014275857247412205,0.015442187897861004,0.020664112642407417,0.10853832215070724,0.022095870226621628,0.013634481467306614,0.022862903773784637,0.02336231805384159,0.027525480836629868,0.01964905485510826,0.04307766631245613,0.019599206745624542,0.012263162061572075,0.0681835263967514,0.02313675731420517,0.07233045250177383,0.02555934712290764,0.01913960464298725,0.009217268787324429,0.01765725575387478,0.016495829448103905,0.028849994763731956,0.044977087527513504,0.03889020159840584,0.029748855158686638,0.05611860007047653,0.04300510138273239,0.010394448414444923,0.03332651033997536,0.051114048808813095,0.019372960552573204,0.04584572836756706,0.04072761908173561,0.01367166917771101,0.0015816898085176945,0.010085833258926868,0.007013189606368542,0.017641648650169373,0.0028119790367782116,0.05418073758482933,0.02852276712656021,0.0170492772012949,0.020135270431637764,0.008392195217311382,0.020450502634048462,0.009136809967458248,0.005726620554924011,0.00549575500190258,0.01671365089714527,0.019936509430408478
unknown,207.0,208.0,0.029516104608774185,0.02371484786272049,0.024067139253020287,0.07025788724422455,0.07851037383079529,0.1237047016620636,0.06111897528171539,0.12917794287204742,0.16808147728443146,0.13758234679698944,0.0717521533370018,0.09008833020925522,0.08664777874946594,0.12250594794750214,0.06302589178085327,0.0710517093539238,0.07072816789150238,0.1446026712656021,0.10182920843362808,0.21777555346488953,0.13732139766216278,0.10828133672475815,0.09032183885574341,0.08089461177587509,0.0424332320690155,0.02590981125831604,0.07018374651670456,0.11913631111383438,0.05658039078116417,0.09547029435634613,0.07626721262931824,0.060025058686733246,0.045389603823423386,0.016430195420980453,0.1244930773973465,0.028906360268592834,0.14956940710544586,0.12529870867729187,0.082947738468647,0.0631006583571434,0.2307240068912506,0.14584709703922272,0.0690171867609024,0.03769155219197273,0.05439784377813339,0.03137557581067085,0.17517822980880737,0.03143104910850525,0.026868876069784164,0.00585247203707695,0.07291118055582047,0.04311951994895935,0.10903310030698776,0.03818586841225624,0.12241749465465546,0.05807830020785332,0.10330802202224731,0.009239216335117817,0.009452654980123043,0.003976174630224705,0.05823935195803642,0.1455443948507309,0.04970104619860649,0.019943496212363243,0.018459811806678772,0.013804037123918533,0.011804844252765179,0.02613762952387333,0.09420852363109589,0.01867576688528061,0.036699745804071426,0.04434527829289436,0.012419737875461578,0.037490591406822205,0.025249449536204338,0.07207027077674866,0.021556073799729347,0.020372681319713593,0.04988761246204376,0.028745200484991074,0.09718908369541168,0.018942588940262794,0.01446915790438652,0.01927337609231472,0.028343375772237778,0.05622750148177147,0.0444055013358593,0.05015049874782562,0.037965912371873856,0.041840460151433945,0.040557969361543655,0.03653544932603836,0.004733392968773842,0.02484782226383686,0.030621888116002083,0.06642866134643555,0.08772946149110794,0.06807652115821838,0.03600505739450455,0.02269192412495613,0.015622163191437721,0.007612903136759996,0.021692929789423943,0.006528726778924465,0.07084359973669052,0.037300486117601395,0.05428743734955788,0.020972102880477905,0.014485659077763557,0.022108783945441246,0.009906996972858906,0.005114511586725712,0.0026115458458662033,0.0044731562957167625,0.03842652961611748
unknown,220.0,221.0,0.041352517902851105,0.0315120667219162,0.03317795693874359,0.08163362741470337,0.10421502590179443,0.09341101348400116,0.06253386288881302,0.1035061925649643,0.10305065661668777,0.10804768651723862,0.0703263059258461,0.10779011994600296,0.0738402009010315,0.2743796408176422,0.05845293030142784,0.03292721137404442,0.08761506527662277,0.2200220823287964,0.08117982745170593,0.17616288363933563,0.18680530786514282,0.0941103920340538,0.06650888919830322,0.07769744843244553,0.039320483803749084,0.06024949997663498,0.06383098661899567,0.09555107355117798,0.04873521625995636,0.060927242040634155,0.10851307213306427,0.06321977078914642,0.06143796443939209,0.02290080487728119,0.08441122621297836,0.06457822024822235,0.12290701270103455,0.10874150693416595,0.05913776531815529,0.08578523248434067,0.15427948534488678,0.09505262970924377,0.055380064994096756,0.03523584082722664,0.04158666357398033,0.032647762447595596,0.13105659186840057,0.04904073104262352,0.01880858838558197,0.004547756165266037,0.062022242695093155,0.04697342962026596,0.0709623321890831,0.027865741401910782,0.041121311485767365,0.023350294679403305,0.05811484158039093,0.009741093032062054,0.015381237491965294,0.009240391664206982,0.04300321638584137,0.04317035153508186,0.030762504786252975,0.010293785482645035,0.01545993983745575,0.013745645061135292,0.02382470667362213,0.01523023284971714,0.09816836565732956,0.05605050176382065,0.06355084478855133,0.047786515206098557,0.023403950035572052,0.012507643550634384,0.0639367327094078,0.0727953240275383,0.008823982439935207,0.02028682455420494,0.015258818864822388,0.003980966750532389,0.012004544958472252,0.011772247031331062,0.004724971950054169,0.01527308113873005,0.008056456223130226,0.02369098924100399,0.020680319517850876,0.020274177193641663,0.02422209084033966,0.04028432071208954,0.11746720224618912,0.04654862359166145,0.003867237363010645,0.05892888084053993,0.07569564133882523,0.02743707038462162,0.026965640485286713,0.023318957537412643,0.04424246773123741,0.00751643069088459,0.00402466207742691,0.03725135698914528,0.03145764768123627,0.07003221660852432,0.050133153796195984,0.04314033314585686,0.01990998350083828,0.017851436510682106,0.002689737593755126,0.04579862207174301,0.008359933272004128,0.004955676384270191,0.004107824061065912,0.006522440351545811,0.01780019700527191
unknown,260.0,261.0,0.06430988758802414,0.043916843831539154,0.06329640746116638,0.010519460774958134,0.0037231508176773787,0.01966485194861889,0.023696530610322952,0.026326924562454224,0.4211505055427551,0.3171636164188385,0.21399125456809998,0.4211256206035614,0.11627941578626633,0.04347161203622818,0.21359722316265106,0.19255192577838898,0.05211376026272774,0.14531812071800232,0.007883764803409576,0.06863744556903839,0.22854362428188324,0.1569143682718277,0.006468767300248146,0.022774402052164078,0.05859006196260452,0.022801736369729042,0.008365906774997711,0.0007892623543739319,0.010117215104401112,0.00047421790077351034,0.15418408811092377,0.011113225482404232,0.05160187557339668,0.04521673172712326,0.006020698696374893,0.006585638038814068,0.19920873641967773,0.17395026981830597,0.1175696924328804,0.02091379649937153,0.4965131878852844,0.21895170211791992,0.008223856799304485,0.0004232596547808498,0.0018007979961112142,0.04869354888796806,0.3628714382648468,0.0031444684136658907,0.00015245750546455383,0.0002854500198736787,0.00164672767277807,0.0003168192633893341,0.0009378119139000773,0.0005487154703587294,0.07075230032205582,0.0019736955873668194,0.0042176623828709126,0.0010918965563178062,0.001472307601943612,0.00016151706222444773,0.0006867735064588487,0.30469202995300293,0.0013575372286140919,0.0017774689476937056,5.842491736984812e-05,0.0001809616369428113,0.00012975068239029497,6.107209628680721e-05,0.1755876988172531,0.0007284965831786394,0.0010200488613918424,0.00038874437450431287,0.00017000126536004245,0.0005878267693333328,0.0006135040312074125,0.013093794696033001,0.10009891539812088,9.181113273371011e-05,0.003906567115336657,0.00034157600020989776,0.01253182627260685,0.0014431207673624158,0.006855634972453117,9.718401270220056e-05,0.0031631398014724255,0.0069938600063323975,0.0007050849962979555,0.0029018442146480083,0.00042614678386598825,0.0003689804289024323,0.4363672137260437,0.010505469515919685,0.0004519128706306219,0.20665842294692993,0.49549269676208496,0.0017407932318747044,0.010481253266334534,0.005315055605024099,0.0011493399506434798,0.0001110600569518283,0.000726392725482583,0.002159364288672805,0.002151104621589184,0.0029986321460455656,0.005142869893461466,0.0030638452153652906,0.008678372949361801,0.10892730206251144,0.0006938846199773252,0.0032296516001224518,0.0008872883627191186,0.0007501477375626564,0.0012752021430060267,0.0009491207310929894,0.00039878845564089715
unknown,261.0,262.0,0.04027567431330681,0.022511819377541542,0.0197330079972744,0.09572279453277588,0.08938542753458023,0.06481140106916428,0.06892991065979004,0.08484604209661484,0.10547547042369843,0.05169147253036499,0.022991782054305077,0.041731979697942734,0.038095757365226746,0.17290377616882324,0.045078448951244354,0.038817405700683594,0.04473641514778137,0.1069926992058754,0.3147331178188324,0.16908130049705505,0.051618948578834534,0.08593259006738663,0.04673074558377266,0.03479643911123276,0.028387663885951042,0.018061978742480278,0.15703833103179932,0.0888194814324379,0.01338130235671997,0.07849467545747757,0.08703729510307312,0.10791907459497452,0.020447416231036186,0.012394585646688938,0.050910674035549164,0.03493674099445343,0.08613377064466476,0.08416706323623657,0.026612259447574615,0.022334899753332138,0.14747802913188934,0.04947097972035408,0.015397226437926292,0.033206332474946976,0.04560745507478714,0.008542180992662907,0.10820521414279938,0.09032518416643143,0.012844296172261238,0.031065816059708595,0.022743085399270058,0.015739789232611656,0.05940771847963333,0.02259659953415394,0.046590205281972885,0.014728443697094917,0.021031230688095093,0.00236507854424417,0.010730869136750698,0.026543382555246353,0.039367616176605225,0.02587844245135784,0.00563508877530694,0.025873061269521713,0.040573958307504654,0.033940389752388,0.038223981857299805,0.13978832960128784,0.042862698435783386,0.009348224848508835,0.0053888787515461445,0.007068720180541277,0.1524178832769394,0.07144741714000702,0.008207855746150017,0.0336601622402668,0.011597112752497196,0.028608161956071854,0.017477529123425484,0.003317365888506174,0.02910221740603447,0.032471541315317154,0.007713272236287594,0.04056581109762192,0.3629182279109955,0.10343559831380844,0.007874254137277603,0.01123640313744545,0.012721429578959942,0.010558834299445152,0.02698506973683834,0.012728528119623661,0.01785050891339779,0.028949109837412834,0.03490762040019035,0.012180781923234463,0.018061691895127296,0.037462979555130005,0.0031395789701491594,0.00034375875839032233,0.003771720454096794,0.003484549466520548,0.03893459960818291,0.0015538519946858287,0.04551545903086662,0.007953253574669361,0.007312914822250605,0.01068929024040699,0.008864356204867363,0.06740404665470123,0.013731034472584724,0.0041234176605939865,0.007412463892251253,0.01955157145857811,0.168740913271904
unknown,272.0,273.0,0.018900563940405846,0.01942937821149826,0.011385191231966019,0.07012373208999634,0.035337675362825394,0.10419944673776627,0.04502202197909355,0.19557297229766846,0.1984933465719223,0.11867330968379974,0.05219780281186104,0.10374516993761063,0.2324008047580719,0.132981076836586,0.023373302072286606,0.01715584471821785,0.02042139694094658,0.18905025720596313,0.12616512179374695,0.22438207268714905,0.269817590713501,0.024242792278528214,0.10048223286867142,0.03821199759840965,0.04820135608315468,0.04068465903401375,0.042114317417144775,0.06852759420871735,0.09523335844278336,0.024565599858760834,0.10922172665596008,0.058536313474178314,0.045370735228061676,0.007322351913899183,0.08733409643173218,0.0163472481071949,0.0640651062130928,0.014234742149710655,0.018494857475161552,0.04212777689099312,0.028101662173867226,0.012586057186126709,0.08026065677404404,0.04509957879781723,0.08673202246427536,0.06517823040485382,0.03494909033179283,0.01708441972732544,0.03718411922454834,0.0052992235869169235,0.04875583574175835,0.11605876684188843,0.01895635761320591,0.04169626161456108,0.008990044705569744,0.00215587904676795,0.05376138910651207,0.01991262100636959,0.013380585238337517,0.0008105699671432376,0.02452152967453003,0.002510764403268695,0.006331995129585266,7.97828906797804e-05,0.0016169770387932658,0.010860240086913109,0.005788295064121485,0.04231106862425804,0.00679355813190341,0.12285560369491577,0.04160558432340622,0.020619666203856468,0.029036303982138634,0.0018507068743929267,0.14423330128192902,0.16818705201148987,0.00022947783872950822,0.05675584077835083,0.012379358522593975,0.0005885601858608425,0.0013346478808671236,0.004402603022754192,0.002450754400342703,1.0248844623565674,0.041658397763967514,0.00909496657550335,0.008671579882502556,0.0054038818925619125,0.012152954936027527,0.24835579097270966,0.013943793252110481,0.006253749597817659,0.0007898451294749975,0.01342594064772129,0.00892623420804739,0.03590969741344452,0.005060245748609304,0.011721920222043991,0.4436517357826233,0.0033255640882998705,0.0022338670678436756,0.012690381146967411,0.004116883035749197,0.012639707885682583,0.01484423317015171,0.01484842412173748,0.0033346402924507856,0.003140717977657914,0.009722421877086163,0.0032377727329730988,0.0016169825103133917,0.0005869194283150136,0.0020564235746860504,0.0021978251170367002,0.03935032710433006
unknown,332.0,333.0,0.08047554641962051,0.04969307780265808,0.08620459586381912,0.012884809635579586,0.0023100683465600014,0.01477537676692009,0.024017468094825745,0.020781373605132103,0.40990278124809265,0.39286884665489197,0.20708541572093964,0.4516317546367645,0.1070050299167633,0.030384300276637077,0.22068791091442108,0.24643193185329437,0.05880262702703476,0.11028718948364258,0.003297889605164528,0.05774569511413574,0.21453849971294403,0.19710591435432434,0.00354653294198215,0.014515174552798271,0.09497521072626114,0.031437844038009644,0.01244403887540102,0.000875124940648675,0.00554809020832181,0.0004790710227098316,0.141761913895607,0.014690771698951721,0.06447598338127136,0.04038897156715393,0.0038020305801182985,0.005351122468709946,0.1952027529478073,0.1812724769115448,0.1465492993593216,0.017726898193359375,0.5397619605064392,0.2598823308944702,0.003903621342033148,0.00041305116610601544,0.002017624443396926,0.040609877556562424,0.37126922607421875,0.004002326633781195,0.00016561502707190812,0.00022630694729741663,0.0014898590743541718,0.0004788142687175423,0.0010576244676485658,0.0006067976355552673,0.04510245844721794,0.001363960443995893,0.0022801633458584547,0.0017818870255723596,0.001368608558550477,0.00017627014312893152,0.0006078741862438619,0.4091183841228485,0.0026561880949884653,0.0011573376832529902,5.042202610638924e-05,0.00022115402680356055,8.23359951027669e-05,5.164386675460264e-05,0.15081092715263367,0.0005614173715002835,0.001042160321958363,0.0004466967948246747,0.00023958904785104096,0.0008411369635723531,0.0009146842639893293,0.013531208038330078,0.06813795119524002,5.6302415032405406e-05,0.001745915855281055,0.00010640471009537578,0.006486948113888502,0.0004613633209373802,0.004513406194746494,5.241892722551711e-05,0.0011048996821045876,0.003552282229065895,0.0004299852589610964,0.0016351949889212847,0.0003508430963847786,0.00042512730578891933,0.39051470160484314,0.0032429578714072704,0.0005115899257361889,0.19642141461372375,0.7228912115097046,0.000543988193385303,0.004940267186611891,0.002652446273714304,0.00030317658092826605,5.428675649454817e-05,0.00042242155177518725,0.0010889831464737654,0.0013102919328957796,0.0021591791883111,0.0009655383764766157,0.000524924776982516,0.0019000931642949581,0.09667768329381943,0.001099641784094274,0.002280281390994787,0.0009123971103690565,0.0011584667954593897,0.0010876470478251576,0.0012713274918496609,0.00010965862747980282
unknown,333.0,334.0,0.07381249964237213,0.054594095796346664,0.050198376178741455,0.08284801244735718,0.05728030949831009,0.0582442544400692,0.09190832078456879,0.0754743367433548,0.17719684541225433,0.19136378169059753,0.09308905899524689,0.18623991310596466,0.07471796870231628,0.1003393605351448,0.10327095538377762,0.06651229411363602,0.07790052890777588,0.13759483397006989,0.057127147912979126,0.1384512484073639,0.12266692519187927,0.10514671355485916,0.03447294607758522,0.04408841207623482,0.05816890671849251,0.029165765270590782,0.08082017302513123,0.05537883937358856,0.016467375680804253,0.04484327882528305,0.12499696016311646,0.09205320477485657,0.04310586676001549,0.029350178316235542,0.059441354125738144,0.02873409539461136,0.1666107177734375,0.14158742129802704,0.0577424056828022,0.032185524702072144,0.18725991249084473,0.09040291607379913,0.028736095875501633,0.03135644644498825,0.06350985914468765,0.03234914317727089,0.16061542928218842,0.052808430045843124,0.009982109069824219,0.018146807327866554,0.03581022471189499,0.029238073155283928,0.05359501764178276,0.0250132717192173,0.06122278794646263,0.015428331680595875,0.02654159627854824,0.008205835707485676,0.023914679884910583,0.015522053465247154,0.034465592354536057,0.08946869522333145,0.012323140166699886,0.014731370843946934,0.024849779903888702,0.030599014833569527,0.02593044564127922,0.03698832541704178,0.12684471905231476,0.01011417806148529,0.009499389678239822,0.017643973231315613,0.03412773460149765,0.06608273088932037,0.0234616007655859,0.038630273193120956,0.07193425297737122,0.00999731756746769,0.04684020206332207,0.010551616549491882,0.06593604385852814,0.021707069128751755,0.026978280395269394,0.01847846433520317,0.03555331751704216,0.024335678666830063,0.012339984066784382,0.021955935284495354,0.019797250628471375,0.02238207310438156,0.11102674156427383,0.02195107564330101,0.013624902814626694,0.060620781034231186,0.1410694718360901,0.01295604556798935,0.039480049163103104,0.031513433903455734,0.005542636848986149,0.0005348657723516226,0.006761259865015745,0.007192266173660755,0.010871454142034054,0.005055041052401066,0.030077118426561356,0.008719033561646938,0.006763237062841654,0.03322703391313553,0.012945950031280518,0.01976083777844906,0.01593812182545662,0.012965169735252857,0.007788242772221565,0.03786124289035797,0.02504156529903412
unknown,338.0,339.0,0.054393500089645386,0.033127084374427795,0.07227925956249237,0.014453349635004997,0.008861495181918144,0.02367101050913334,0.015484923496842384,0.025211235508322716,0.413146436214447,0.4015895426273346,0.17292164266109467,0.38869768381118774,0.0858088880777359,0.04103587567806244,0.22705593705177307,0.22359836101531982,0.06254570186138153,0.10543026775121689,0.004877942614257336,0.07421385496854782,0.16258680820465088,0.21486148238182068,0.005662967450916767,0.013002455234527588,0.12033206224441528,0.02699209935963154,0.012154212221503258,0.0019945953972637653,0.006249284837394953,0.0012234391178935766,0.11368515342473984,0.015903545543551445,0.060554102063179016,0.03943895921111107,0.00642706174403429,0.004413575865328312,0.14929693937301636,0.18841002881526947,0.16476859152317047,0.017889445647597313,0.5376567244529724,0.2966983914375305,0.004515215754508972,0.00043050729436799884,0.0012409870978444815,0.02425069734454155,0.43602311611175537,0.004509980324655771,0.00023690050875302404,0.00018303697288502008,0.0025925543159246445,0.0006514467531815171,0.001942176604643464,0.0012073672842234373,0.09051835536956787,0.00907463114708662,0.009803920052945614,0.0035376569721847773,0.0008064981666393578,0.00015577150043100119,0.0010664953151717782,0.47041648626327515,0.011041169986128807,0.0034398003481328487,8.07188989710994e-05,0.00025306237512268126,8.43432208057493e-05,5.806924309581518e-05,0.1653122454881668,0.0012172725982964039,0.004040469881147146,0.000938327400945127,0.0002393611503066495,0.0011036904761567712,0.0017680053133517504,0.014706176705658436,0.08447128534317017,6.83345933794044e-05,0.0016900517512112856,0.00011215760605409741,0.005592893809080124,0.0006751098553650081,0.0028972714208066463,4.817526860279031e-05,0.0006757673691026866,0.01275468897074461,0.0005881027318537235,0.0021753839682787657,0.0005873220507055521,0.0008217468857765198,0.3339604437351227,0.00330263189971447,0.00048012842307798564,0.19204512238502502,0.6207414865493774,0.00034740910632535815,0.002907849382609129,0.00116100930608809,0.0002695482107810676,5.9623456763802096e-05,0.0002594826219137758,0.0017809098353609443,0.0015438449336215854,0.004251464735716581,0.002099805511534214,0.0008994743111543357,0.0022390205413103104,0.08456004410982132,0.0014438808429986238,0.0020483487751334906,0.0007532788440585136,0.0008569676429033279,0.0007669604965485632,0.0011381586082279682,0.0001448058756068349
unknown,356.0,357.0,0.0691651776432991,0.03899456188082695,0.05916861444711685,0.011338723823428154,0.008321017026901245,0.023909850046038628,0.031877923756837845,0.02817891165614128,0.4389980137348175,0.3749789595603943,0.23836100101470947,0.44579583406448364,0.1180633008480072,0.05477716773748398,0.20231738686561584,0.1777866631746292,0.0707441046833992,0.12377206981182098,0.009019959717988968,0.06732518970966339,0.2271501123905182,0.12045277655124664,0.005194750148802996,0.020436245948076248,0.06330692023038864,0.03344278037548065,0.01028185710310936,0.0018569245003163815,0.009029241278767586,0.0012807163875550032,0.16063173115253448,0.011172897182404995,0.04202283173799515,0.04083986207842827,0.005891579668968916,0.010643093846738338,0.225532665848732,0.19319383800029755,0.09304571896791458,0.017494207248091698,0.4253973960876465,0.1593034714460373,0.007103003095835447,0.0010323395254090428,0.004381236154586077,0.04801958426833153,0.3927061855792999,0.004778314847499132,0.0001533593749627471,0.00020377679902594537,0.0013604710111394525,0.00029573022038675845,0.001752404379658401,0.000403870886657387,0.06793870776891708,0.006707463879138231,0.01014320645481348,0.0012601650087162852,0.0058681899681687355,0.00028524312074296176,0.0006307765142992139,0.27759942412376404,0.0023499676026403904,0.002714017638936639,7.143171387724578e-05,0.00024889560882002115,0.00016541882359888405,7.365829515038058e-05,0.18103092908859253,0.0006798174581490457,0.001614289009012282,0.00037385430186986923,0.0001647885947022587,0.0005750121199525893,0.0007222897838801146,0.016085077077150345,0.10679413378238678,0.00011149120109621435,0.0022861426696181297,0.00023276123101823032,0.008195564150810242,0.0011189929209649563,0.005213438533246517,0.0001311660889768973,0.0025305922608822584,0.01026970986276865,0.00064184854272753,0.002365614753216505,0.0002861391694750637,0.00034769941703416407,0.5478978157043457,0.012441039085388184,0.0008447360014542937,0.20169775187969208,0.45657047629356384,0.002706823404878378,0.014884470030665398,0.009029765613377094,0.00228960532695055,0.00012712227180600166,0.0010816488647833467,0.0017772142309695482,0.004527788143604994,0.0014115775702521205,0.004207564517855644,0.00155828392598778,0.0038711358793079853,0.0903099775314331,0.0006806120509281754,0.009125269018113613,0.0027081347070634365,0.0019519870402291417,0.0015205283416435122,0.001380766974762082,0.0003513358242344111
unknown,357.0,358.0,0.06800566613674164,0.03959248214960098,0.06289616972208023,0.012097694911062717,0.010595590807497501,0.026434587314724922,0.034731943160295486,0.025957701727747917,0.4151773154735565,0.35456061363220215,0.22304193675518036,0.4430449604988098,0.10364393144845963,0.04922296479344368,0.19417622685432434,0.16640934348106384,0.0606144480407238,0.1342771351337433,0.009539841674268246,0.06869291514158249,0.2322075366973877,0.11543401330709457,0.006517849396914244,0.023235835134983063,0.06480741500854492,0.03154353052377701,0.011231747455894947,0.002374804811552167,0.011322778649628162,0.0017918183002620935,0.15081284940242767,0.011420391499996185,0.04342716932296753,0.0554947629570961,0.006856768392026424,0.010622168891131878,0.21330232918262482,0.20737862586975098,0.0877130925655365,0.019463028758764267,0.4133613109588623,0.16049239039421082,0.008352771401405334,0.0013285728637129068,0.005593836773186922,0.047931838780641556,0.4130688011646271,0.0056061698123812675,0.0001819483150029555,0.0002566880430094898,0.0014943773858249187,0.00037894738488830626,0.0025965722743421793,0.0004665706946980208,0.060891058295965195,0.007095733191817999,0.011634176596999168,0.0014449696755036712,0.0072891591116786,0.0003358701360411942,0.0007454174337908626,0.24754385650157928,0.003405321156606078,0.003804768668487668,7.552147872047499e-05,0.0002720729389693588,0.00018250766152050346,8.205404446925968e-05,0.2306664139032364,0.0007084325770847499,0.001971964258700609,0.0005545767489820719,0.00016178919759113342,0.0006503895274363458,0.0007321028970181942,0.014446758665144444,0.10017595440149307,8.454260387225077e-05,0.0022855319548398256,0.000241064015426673,0.007527739740908146,0.0010153773473575711,0.006421741563826799,0.00011550790077308193,0.0020367056131362915,0.00964838545769453,0.000713528657797724,0.0025060074403882027,0.0002853014739230275,0.00035762976040132344,0.5426640510559082,0.014209363609552383,0.0011531517375260592,0.19545228779315948,0.3646402060985565,0.004219918046146631,0.02174498699605465,0.015245606191456318,0.005796818993985653,0.00015813871868886054,0.0012289981823414564,0.002141109202057123,0.00680891890078783,0.0008852328755892813,0.0038831515703350306,0.0015940367011353374,0.0033005052246153355,0.09679092466831207,0.0006780826952308416,0.013080411590635777,0.004674020688980818,0.002654544310644269,0.0019451340194791555,0.0019143011886626482,0.00026702426839619875
unknown,381.0,382.0,0.022803811356425285,0.026478592306375504,0.024165382608771324,0.5560302138328552,0.002192793181166053,0.018091196194291115,0.00904845166951418,0.3712881803512573,0.04149048402905464,0.08275342732667923,0.006816776469349861,0.01377984881401062,0.009315627627074718,0.19341546297073364,0.13217125833034515,0.006883325055241585,0.017992066219449043,0.01443864032626152,0.007051302585750818,0.005675960332155228,0.06904593855142593,0.17114198207855225,0.1597987711429596,0.0031787490006536245,0.03230937197804451,0.03464211896061897,0.18112283945083618,0.00411548838019371,0.0027850992046296597,0.002292225370183587,0.12172629684209824,0.42600947618484497,0.06155987083911896,0.03799266740679741,0.002642977051436901,0.1548367440700531,0.08062101900577545,0.07020417600870132,0.06547901779413223,0.005500673782080412,0.22880859673023224,0.02381928265094757,0.014981042593717575,0.0013871074188500643,0.009471883065998554,0.03213072568178177,0.01359565183520317,0.12160298973321915,0.22471702098846436,0.007727620657533407,0.517951250076294,0.0005093105719424784,0.0143080223351717,0.1473386585712433,0.003204706124961376,0.0007999090012162924,0.001523578423075378,0.0045824781991541386,0.009813778102397919,0.0002964829036500305,0.44127970933914185,0.00669925007969141,0.005862130783498287,0.0004695418174378574,0.000971582077909261,0.0002977277908939868,0.000766109093092382,0.0005234815180301666,0.025246962904930115,0.34129515290260315,0.015021421015262604,0.0018211603164672852,0.0010763901518657804,0.00018059115973301232,0.0005087830941192806,0.0012798449024558067,0.0011920711258426309,0.0002086860768031329,0.02790772169828415,0.28732287883758545,0.011751851066946983,0.0008264107163995504,0.0015782932750880718,9.799291001399979e-05,0.0002853432670235634,0.0004505810793489218,0.17211729288101196,0.20168983936309814,0.6035723090171814,0.06099178269505501,0.00575227802619338,0.011475708335638046,0.0040606786496937275,0.0028089904226362705,0.001049949205480516,0.005155341699719429,0.002599963452666998,0.0026987255550920963,0.0030586817301809788,0.0002733216097112745,0.0003819472040049732,0.014831912703812122,0.003119537839666009,0.005149600096046925,0.005575501825660467,0.004745326936244965,0.03438236936926842,0.001059510512277484,0.0024070271756500006,0.00346970884129405,0.000827315088827163,0.003746497444808483,0.00037256634095683694,0.003919611684978008,0.0005283447680994868
unknown,383.0,384.0,0.022310644388198853,0.016834113746881485,0.014320999383926392,0.3165702223777771,0.06804510205984116,0.06725824624300003,0.010713263414800167,0.1508842557668686,0.13302673399448395,0.14091889560222626,0.058213938027620316,0.12680599093437195,0.05803520977497101,0.5460578203201294,0.09088516980409622,0.014359105378389359,0.05409502238035202,0.18083935976028442,0.0895482748746872,0.0810469537973404,0.2498553991317749,0.03163495659828186,0.10239236056804657,0.02619451843202114,0.03968901187181473,0.08507353812456131,0.04531851038336754,0.026100249961018562,0.044695090502500534,0.013848199509084225,0.1303280144929886,0.1649397313594818,0.08777064830064774,0.04383162781596184,0.02300305850803852,0.11339262872934341,0.06612939387559891,0.06815923750400543,0.07234624028205872,0.057436104863882065,0.09504671394824982,0.03875741735100746,0.07266520708799362,0.005337380338460207,0.006350372917950153,0.05710134655237198,0.0995732992887497,0.059256572276353836,0.019973495975136757,0.0005992798251099885,0.4173038899898529,0.009221219457685947,0.016636431217193604,0.1128155067563057,0.007564899977296591,0.009129396639764309,0.08536328375339508,0.04085109755396843,0.0061299800872802734,0.0005785213434137404,0.17694798111915588,0.0067084599286317825,0.022884851321578026,0.0007486178074032068,0.00022973988961894065,0.0006061717867851257,0.00020809753914363682,0.0007846472435630858,0.0499175600707531,0.3602687120437622,0.310237318277359,0.035382434725761414,0.0014411811716854572,0.00037211307790130377,0.03166628256440163,0.035562608391046524,0.00391180906444788,0.0006265267729759216,0.0016050927806645632,0.001569787273183465,0.0003430718497838825,0.0003395261592231691,0.0001855453010648489,0.00320621719583869,0.0004159093659836799,0.010998095385730267,0.05330171436071396,0.06421200186014175,0.039085909724235535,0.10285796970129013,0.3974061906337738,0.02719132974743843,0.001293263048864901,0.1176234781742096,0.03111833706498146,0.0021212114952504635,0.0008115144446492195,0.0008490955806337297,0.04571754112839699,0.0007224405999295413,9.476172999711707e-05,0.16400915384292603,0.07422197610139847,0.05771968886256218,0.011503076180815697,0.0077469865791499615,0.007623802404850721,0.0154590317979455,0.0013168139848858118,0.020633606240153313,0.00031635991763323545,0.0005526804598048329,0.0006860424764454365,0.0016043439973145723,0.005868504289537668
unknown,384.0,385.0,0.01282629743218422,0.016090460121631622,0.010480459779500961,0.18248608708381653,0.0661521777510643,0.11505423486232758,0.009035741910338402,0.25632837414741516,0.15408682823181152,0.12211135774850845,0.07273823767900467,0.09090396761894226,0.08388099074363708,0.30878135561943054,0.038740549236536026,0.04086797311902046,0.11335773020982742,0.14638718962669373,0.11038538068532944,0.18565818667411804,0.17025673389434814,0.030771315097808838,0.15222574770450592,0.06153178960084915,0.035566430538892746,0.0320146270096302,0.04111792892217636,0.05538193881511688,0.048467252403497696,0.02947925589978695,0.05886370688676834,0.09751880168914795,0.04854733869433403,0.06068091839551926,0.11026361584663391,0.04197150841355324,0.03470407426357269,0.04753143712878227,0.042533423751592636,0.13402333855628967,0.07204495370388031,0.06175336241722107,0.061322715133428574,0.011340494267642498,0.00874316692352295,0.046406395733356476,0.12341485172510147,0.01822436787188053,0.019376616925001144,0.0006944827036932111,0.16082178056240082,0.10529842972755432,0.04369901493191719,0.07963962852954865,0.04298076778650284,0.029401350766420364,0.3376854658126831,0.02982916682958603,0.010153423994779587,0.0007100526709109545,0.07900568842887878,0.025901474058628082,0.02435007505118847,0.0026963897980749607,0.00056172109907493,0.0023191203363239765,0.000753785774577409,0.004274303559213877,0.04121963307261467,0.2732463479042053,0.6319566369056702,0.1495460569858551,0.007342093158513308,0.005293320398777723,0.11119264364242554,0.15736423432826996,0.0019133418099954724,0.002417350187897682,0.0051750862039625645,0.0051798103377223015,0.0015983859775587916,0.0025056928861886263,0.0005901053664274514,0.02376791648566723,0.006164394319057465,0.02385707013309002,0.011766511015594006,0.009637167677283287,0.016718396916985512,0.04735933244228363,0.1324051320552826,0.010581492446362972,0.0008906351868063211,0.10214430838823318,0.08516257256269455,0.00882302038371563,0.003359620226547122,0.003344497177749872,0.07137168943881989,0.014060014858841896,0.0010509854182600975,0.10523402690887451,0.03428569436073303,0.044620875269174576,0.03922436013817787,0.042328715324401855,0.02445744164288044,0.023738224059343338,0.005800386890769005,0.009836258366703987,0.0004061521322000772,0.0004670248308684677,0.0013707304606214166,0.0030365297570824623,0.026101503521203995
unknown,387.0,388.0,0.037970710545778275,0.03745962306857109,0.02402372844517231,0.19758905470371246,0.012875364162027836,0.10999143123626709,0.05266471579670906,0.12333624064922333,0.07112056761980057,0.08033201098442078,0.0371037982404232,0.04252811521291733,0.10772056132555008,0.06727983802556992,0.046619296073913574,0.018380871042609215,0.011319349519908428,0.05841221287846565,0.023367369547486305,0.15834979712963104,0.12387853115797043,0.10860896110534668,0.093666210770607,0.038698554039001465,0.04228586703538895,0.014401732943952084,0.12878990173339844,0.1348964422941208,0.040236398577690125,0.04748319461941719,0.16794191300868988,0.19363270699977875,0.08149964362382889,0.016302941367030144,0.05992913991212845,0.018431847915053368,0.06073237955570221,0.03416666015982628,0.04063597321510315,0.052268221974372864,0.10243012756109238,0.05907552316784859,0.037737030535936356,0.04116040840744972,0.06872712820768356,0.041110362857580185,0.04680924862623215,0.029842743650078773,0.05589734762907028,0.010531009174883366,0.16943834722042084,0.10843030363321304,0.07872187346220016,0.17205189168453217,0.008080106228590012,0.0018603220814839005,0.00913035124540329,0.006198761519044638,0.010079674422740936,0.004880653228610754,0.11873480677604675,0.022531695663928986,0.02080288529396057,0.00034157311893068254,0.010259423404932022,0.030900802463293076,0.010646573267877102,0.04526028037071228,0.01830620877444744,0.08796349912881851,0.026712069287896156,0.03428557515144348,0.06786992400884628,0.013966514728963375,0.0659543126821518,0.11352457851171494,0.00248702266253531,0.022556953132152557,0.019866185262799263,0.008047319948673248,0.012299981899559498,0.002507220720872283,0.00505039282143116,0.15505412220954895,0.010569190606474876,0.002531916368752718,0.024499407038092613,0.027375247329473495,0.08611249923706055,0.23810727894306183,0.029115233570337296,0.016804728657007217,0.006097352597862482,0.01532888226211071,0.013163786381483078,0.015111131593585014,0.013285401277244091,0.02421022579073906,0.08984137326478958,0.0021005533635616302,0.0025460703764110804,0.004431023728102446,0.00849518645554781,0.004191508982330561,0.005713563412427902,0.013550166971981525,0.017774272710084915,0.004829107783734798,0.006946076173335314,0.01054490078240633,0.0026826532557606697,0.0031544254161417484,0.0017308538081124425,0.007676508743315935,0.009169953875243664
unknown,399.0,400.0,0.12106993049383163,0.08033184707164764,0.07300002127885818,0.12441620975732803,0.025763485580682755,0.07765030115842819,0.1392785757780075,0.16922225058078766,0.358536958694458,0.22933737933635712,0.054867830127477646,0.1099366620182991,0.15650348365306854,0.1520218849182129,0.11603778600692749,0.05551822856068611,0.036389753222465515,0.2682127058506012,0.08238223195075989,0.1102825254201889,0.19383655488491058,0.09965427219867706,0.08895392715930939,0.04375673457980156,0.08142369240522385,0.07305411994457245,0.0666002482175827,0.046900950372219086,0.04759933799505234,0.04020819813013077,0.1153305247426033,0.08882888406515121,0.06229326128959656,0.08166203647851944,0.036576367914676666,0.03215225785970688,0.11105069518089294,0.14407451450824738,0.07625963538885117,0.0331362821161747,0.2251291126012802,0.0922078862786293,0.041591767221689224,0.03544783964753151,0.11778467893600464,0.04065611958503723,0.2312413454055786,0.02494344487786293,0.012202393263578415,0.004927163012325764,0.06034759059548378,0.022809334099292755,0.0641755759716034,0.022439245134592056,0.10641031712293625,0.01935630664229393,0.05779077857732773,0.010047192685306072,0.028128644451498985,0.022807491943240166,0.03176720067858696,0.08472862094640732,0.030488327145576477,0.008026782423257828,0.007587595842778683,0.0048552886582911015,0.010812822729349136,0.008425947278738022,0.23549479246139526,0.03344979137182236,0.029687117785215378,0.01430354081094265,0.006631369702517986,0.034021586179733276,0.010879830457270145,0.03871674835681915,0.01511106826364994,0.025115754455327988,0.1738429218530655,0.015821145847439766,0.08711356669664383,0.023241830989718437,0.018019631505012512,0.0061619277112185955,0.013244152069091797,0.020009877160191536,0.03689667955040932,0.07209693640470505,0.02277160994708538,0.014722292311489582,0.061481717973947525,0.14247159659862518,0.0031924117356538773,0.028494808822870255,0.02806571125984192,0.020784182474017143,0.026402365416288376,0.008168160915374756,0.005020780488848686,0.009223162196576595,0.005015884526073933,0.031505875289440155,0.020966963842511177,0.039352744817733765,0.12146925181150436,0.07634439319372177,0.02195943519473076,0.022049466148018837,0.021087300032377243,0.0639864057302475,0.13265520334243774,0.1219589114189148,0.008896988816559315,0.003959682770073414,0.031370796263217926
unknown,452.0,453.0,0.0702412948012352,0.05282051861286163,0.07823169976472855,0.014822070486843586,0.0036906551104038954,0.021311305463314056,0.02746768854558468,0.028029747307300568,0.43188562989234924,0.3862494230270386,0.22122929990291595,0.4319215416908264,0.10567218065261841,0.03363226726651192,0.21345233917236328,0.25473451614379883,0.06687215715646744,0.12195564061403275,0.00338234705850482,0.07715915143489838,0.21511252224445343,0.20947836339473724,0.005003763362765312,0.020512152463197708,0.09580960869789124,0.030868612229824066,0.014767417684197426,0.0016945648239925504,0.006691576912999153,0.000976869254373014,0.1285545527935028,0.016782982274889946,0.06374581903219223,0.033051300793886185,0.006849229801446199,0.0054639847949147224,0.17666928470134735,0.1713079959154129,0.1497911810874939,0.02534606121480465,0.5067340135574341,0.26036569476127625,0.0054574813693761826,0.000632170878816396,0.0022708908654749393,0.05040762946009636,0.37524983286857605,0.004210434388369322,0.00028058368479833007,0.0003595123707782477,0.001864499761722982,0.0011680434690788388,0.0017693830886855721,0.0009903579484671354,0.053481824696063995,0.0019401723984628916,0.003097826149314642,0.003292487468570471,0.0016778649296611547,0.0003820008132606745,0.0008868316072039306,0.5028225183486938,0.00355907017365098,0.0015414190711453557,0.00012148528185207397,0.0006857485859654844,0.0001644790027057752,0.000147433063830249,0.15504546463489532,0.0007629496394656599,0.0014147342881187797,0.0008081514970399439,0.0007152266334742308,0.0021813628263771534,0.002072373405098915,0.022335294634103775,0.09892013669013977,0.00010187820589635521,0.001320354756899178,7.942764204926789e-05,0.00583864189684391,0.0006650632712990046,0.005729408003389835,0.00010814420966198668,0.001160400453954935,0.00529924500733614,0.00031415943522006273,0.0008976448443718255,0.0005095396772958338,0.0005653313128277659,0.3259217143058777,0.002207595156505704,0.0005817878991365433,0.207211434841156,0.7926536202430725,0.00043708941666409373,0.004213264212012291,0.0023093081545084715,0.0003162846842315048,0.00011515691585373133,0.00044913648162037134,0.0013180377427488565,0.0011035569477826357,0.0028551865834742785,0.0009275133488699794,0.00043331392225809395,0.00214504636824131,0.11258601397275925,0.002074949676170945,0.0015646248357370496,0.0009434656822122633,0.0012697066413238645,0.0007716916734352708,0.001917993649840355,0.00011297174933133647
unknown,471.0,472.0,0.040995530784130096,0.012879999354481697,0.032432302832603455,0.04155314341187477,0.11030144989490509,0.016760382801294327,0.024262966588139534,0.07134673744440079,0.2743251323699951,0.2854241132736206,0.2563153803348541,0.448906809091568,0.16276821494102478,0.5397016406059265,0.11113113909959793,0.04072342813014984,0.136078879237175,0.23040583729743958,0.09197985380887985,0.03704260289669037,0.4992198050022125,0.007158517837524414,0.018531780689954758,0.0100442199036479,0.024008283391594887,0.12405902147293091,0.008783695288002491,0.0030694911256432533,0.01286920253187418,0.0016469319816678762,0.20153912901878357,0.013402893207967281,0.021489843726158142,0.02040063589811325,0.005995995365083218,0.09813689440488815,0.25438112020492554,0.07472070306539536,0.02178065851330757,0.008953694254159927,0.13048739731311798,0.0154355987906456,0.028873860836029053,0.002458220347762108,0.005561405327171087,0.043263018131256104,0.08763283491134644,0.024739524349570274,0.0029492927715182304,0.00023567357857245952,0.016999205574393272,0.0008334809681400657,0.0016994200414046645,0.0037610752042382956,0.008943437598645687,0.010988375172019005,0.11933086067438126,0.0033950090873986483,0.023784596472978592,0.000292065815301612,0.005460397806018591,0.011326683685183525,0.002284302609041333,0.0005049278261139989,0.00011739206820493564,0.00038241074071265757,0.0004418128519318998,0.00012606584641616791,0.03754843398928642,0.02463584579527378,0.08904280513525009,0.001378488726913929,0.0006538424058817327,0.00016375780978705734,0.0028202736284583807,0.008734004572033882,0.008144876919686794,0.0009681554511189461,0.0003153563884552568,0.0001178849779535085,0.00013839005259796977,0.0004915932659059763,0.0003223198582418263,0.0015274357283487916,0.003251069923862815,0.00512835755944252,0.001703282119706273,0.0011166895274072886,0.000836059742141515,0.0027093347162008286,0.7973389029502869,0.036112137138843536,0.00037238234654068947,0.18405728042125702,0.18763576447963715,0.005183694884181023,0.001878797309473157,0.0019242640119045973,0.05600537732243538,0.0012781326659023762,0.00017370536806993186,0.024013550952076912,0.01217718981206417,0.01323019340634346,0.00804565567523241,0.002617144025862217,0.004808849189430475,0.08036681264638901,0.00039256346644833684,0.011776184663176537,0.000460485607618466,0.0005310337874107063,0.001150601077824831,0.0003108934033662081,0.0035430793650448322
unknown,514.0,515.0,0.024852879345417023,0.018705403432250023,0.01857708767056465,0.10309349745512009,0.04628501832485199,0.14734838902950287,0.0390138141810894,0.10139747709035873,0.1032138466835022,0.06936787068843842,0.04289716109633446,0.04998287186026573,0.07347653061151505,0.07092401385307312,0.03546595200896263,0.040760621428489685,0.04506034404039383,0.1063825860619545,0.044659700244665146,0.2678627371788025,0.08471625298261642,0.09421155601739883,0.06462886184453964,0.06537768244743347,0.03255607932806015,0.009904172271490097,0.08001529425382614,0.21066243946552277,0.042558953166007996,0.11867514997720718,0.05346538498997688,0.08489646762609482,0.02912268042564392,0.023053495213389397,0.1446612924337387,0.020162124186754227,0.058816734701395035,0.06840736418962479,0.04423520714044571,0.09205826371908188,0.11525139212608337,0.10526248812675476,0.0364333838224411,0.050485581159591675,0.025318436324596405,0.024624323472380638,0.1411494016647339,0.022805230692029,0.03172559291124344,0.004758697003126144,0.05518118664622307,0.12477076798677444,0.17686687409877777,0.029119590297341347,0.07233656942844391,0.022035766392946243,0.06328937411308289,0.00912703387439251,0.01884223334491253,0.012498874217271805,0.04101122170686722,0.0863337442278862,0.08316566795110703,0.006245770491659641,0.01296471431851387,0.04635060578584671,0.015197724103927612,0.03600427135825157,0.055249571800231934,0.05997792258858681,0.049521222710609436,0.1175825297832489,0.04845433309674263,0.06694113463163376,0.12103640288114548,0.23688748478889465,0.011184255592525005,0.017282754182815552,0.0331471748650074,0.00857734028249979,0.02848971076309681,0.015899814665317535,0.007683576084673405,0.008905075490474701,0.007206881884485483,0.02606181986629963,0.009564483538269997,0.01250647846609354,0.0277181975543499,0.022243445739150047,0.06034563481807709,0.01834980770945549,0.0031389479991048574,0.02550920471549034,0.0304787028580904,0.01809612475335598,0.032574236392974854,0.034320294857025146,0.027580134570598602,0.01241297461092472,0.010616409592330456,0.018381822854280472,0.00909674633294344,0.017633190378546715,0.036987289786338806,0.03413177281618118,0.03069828823208809,0.00770580256357789,0.004205966833978891,0.011181932874023914,0.00627807667478919,0.003697406267747283,0.002239268971607089,0.013288041576743126,0.014702148735523224
unknown,517.0,518.0,0.020052501931786537,0.01284316647797823,0.011928246356546879,0.14192023873329163,0.08759550005197525,0.12283997237682343,0.021520741283893585,0.15082120895385742,0.1368473917245865,0.12291894108057022,0.07285366207361221,0.06819935142993927,0.0764625072479248,0.2334752231836319,0.04848814755678177,0.03814319148659706,0.09430764615535736,0.18788164854049683,0.10530081391334534,0.23876534402370453,0.14208947122097015,0.06541335582733154,0.11561133712530136,0.07205254584550858,0.02630014345049858,0.030532512813806534,0.05383727699518204,0.09424670785665512,0.05150599777698517,0.05762507766485214,0.05897301435470581,0.09904881566762924,0.028484907001256943,0.04670846462249756,0.15131759643554688,0.041762370616197586,0.05763442441821098,0.09788237512111664,0.040942009538412094,0.10856003314256668,0.10536779463291168,0.09706036001443863,0.05159718915820122,0.025004010647535324,0.024512430652976036,0.034978676587343216,0.17309457063674927,0.03442181274294853,0.028062162920832634,0.0020088842138648033,0.11806803941726685,0.10749240964651108,0.1025882363319397,0.06268332898616791,0.05762841925024986,0.02257269248366356,0.2594158351421356,0.06916198879480362,0.017509255558252335,0.003176905447617173,0.05812748894095421,0.0595448836684227,0.05441698804497719,0.0035485157277435064,0.0021369298920035362,0.004968738183379173,0.002320914063602686,0.010948278941214085,0.08399655669927597,0.15183661878108978,0.24545247852802277,0.09036193042993546,0.014943702146410942,0.011427120305597782,0.07877010852098465,0.14531508088111877,0.004370416514575481,0.01077087502926588,0.03086669370532036,0.009754907339811325,0.012000031769275665,0.008175818249583244,0.00200069323182106,0.024208230897784233,0.008660049177706242,0.027967186644673347,0.028863560408353806,0.02580583095550537,0.02257625013589859,0.027034804224967957,0.07090983539819717,0.022638428956270218,0.0023063586559146643,0.052347078919410706,0.04611218720674515,0.008766974322497845,0.005788046400994062,0.005512290634214878,0.0427323617041111,0.013582088053226471,0.002765953540802002,0.09286964684724808,0.03898513317108154,0.04483376443386078,0.07906918972730637,0.06168003007769585,0.02585436962544918,0.014093650504946709,0.012383520603179932,0.02584080956876278,0.001994720194488764,0.001435159589163959,0.0018952952232211828,0.004573413636535406,0.019204063341021538
unknown,525.0,526.0,0.06591173261404037,0.05015641078352928,0.06047160178422928,0.1271519660949707,0.020621832460165024,0.07463065534830093,0.056676968932151794,0.2061578929424286,0.24525195360183716,0.2268500179052353,0.09929335862398148,0.1714446097612381,0.18524810671806335,0.10218580812215805,0.12964946031570435,0.06936448812484741,0.03832587972283363,0.12376551330089569,0.026786169037222862,0.10817129164934158,0.22165176272392273,0.0848015770316124,0.06308694183826447,0.03923936188220978,0.07533030211925507,0.02690632827579975,0.07620217651128769,0.04533427953720093,0.021735267713665962,0.028153998777270317,0.134801983833313,0.12210127711296082,0.10562025010585785,0.05240677297115326,0.050531256943941116,0.01903000846505165,0.08902532607316971,0.08408324420452118,0.07432331889867783,0.04344061762094498,0.20996922254562378,0.10862317681312561,0.036225318908691406,0.02084249258041382,0.05823372304439545,0.03532254323363304,0.1754191815853119,0.0196034274995327,0.015498691238462925,0.005820143036544323,0.11388661712408066,0.03851800411939621,0.028774162754416466,0.038905881345272064,0.07026530057191849,0.030759291723370552,0.03419619798660278,0.0054830401204526424,0.04989037290215492,0.019963108003139496,0.06689710915088654,0.09698034077882767,0.03801516816020012,0.0028414882253855467,0.007728717289865017,0.00669265678152442,0.006892945617437363,0.010161710903048515,0.10614795237779617,0.04380004107952118,0.03991956636309624,0.02994861826300621,0.012049984186887741,0.141776442527771,0.0705365464091301,0.06262870877981186,0.021010449156165123,0.012145742774009705,0.10601258277893066,0.04038801044225693,0.06257198750972748,0.010488211177289486,0.010889547877013683,0.004647096619009972,0.007640919182449579,0.010686385445296764,0.02466849982738495,0.03305647894740105,0.02534511499106884,0.02446003444492817,0.10446444898843765,0.06064226105809212,0.002509579760953784,0.11026090383529663,0.13833175599575043,0.015896327793598175,0.020984148606657982,0.010441342368721962,0.004358081612735987,0.0031186523847281933,0.012424956075847149,0.012983599677681923,0.025371385738253593,0.024573201313614845,0.04994310066103935,0.17304189503192902,0.11108742654323578,0.07182804495096207,0.025024937465786934,0.04495009407401085,0.04604479670524597,0.06777210533618927,0.006184709258377552,0.007188127376139164,0.012792746536433697
unknown,530.0,531.0,0.06853394210338593,0.03800854831933975,0.05298137292265892,0.02785748988389969,0.03804939612746239,0.02026587910950184,0.04602793976664543,0.06363505125045776,0.2776232063770294,0.30314555764198303,0.281122088432312,0.44576147198677063,0.18113218247890472,0.19693566858768463,0.13086111843585968,0.09715298563241959,0.11235092580318451,0.18222983181476593,0.04524267464876175,0.051955949515104294,0.39569300413131714,0.03373950719833374,0.017053071409463882,0.025787606835365295,0.03659860044717789,0.0620930939912796,0.013727405108511448,0.004291723016649485,0.01878957264125347,0.0025453176349401474,0.24155496060848236,0.01588359661400318,0.03390010818839073,0.02069469727575779,0.016874391585588455,0.04864680394530296,0.24644435942173004,0.09026758372783661,0.05233316123485565,0.01706194505095482,0.23511619865894318,0.08617134392261505,0.026226652786135674,0.0038770383689552546,0.01113706361502409,0.07482684403657913,0.14165450632572174,0.010989494621753693,0.001819178811274469,0.0011079334653913975,0.007839640602469444,0.001969624077901244,0.004900550935417414,0.0016544759273529053,0.0521685816347599,0.009676956571638584,0.08050379902124405,0.0022576223127543926,0.01726377196609974,0.00048617448192089796,0.0031309498008340597,0.09355271607637405,0.0028327158652246,0.0009827322792261839,0.00027288953424431384,0.0007754234247840941,0.0007478724583052099,0.00041564961429685354,0.05146096274256706,0.008354200050234795,0.016437828540802002,0.0011683457996696234,0.0012090840609744191,0.0007374387350864708,0.0030278738122433424,0.03146100416779518,0.01228775829076767,0.003212766023352742,0.003916148561984301,0.0005069102626293898,0.0021140621975064278,0.002250245539471507,0.003584690857678652,0.0028366707265377045,0.010695447213947773,0.013201415538787842,0.0020112060010433197,0.0016232312191277742,0.0009726225980557501,0.0017513229977339506,0.5644289255142212,0.032635562121868134,0.0015305059496313334,0.19957265257835388,0.33250319957733154,0.015992894768714905,0.011853322386741638,0.008558426983654499,0.014956668019294739,0.002172734122723341,0.0017536559607833624,0.00776783749461174,0.005529494024813175,0.009264746680855751,0.02096652053296566,0.009630938991904259,0.013108372688293457,0.08555120974779129,0.000865065143443644,0.006648538168519735,0.0012318259105086327,0.0014879851369187236,0.002087967935949564,0.0009640348143875599,0.006358631886541843
unknown,536.0,537.0,0.017959820106625557,0.008890921249985695,0.015197215601801872,0.019488003104925156,0.005400388035923243,0.15784446895122528,0.03397204354405403,0.015293823555111885,0.2908693552017212,0.1821567714214325,0.03282374143600464,0.03835504874587059,0.026652157306671143,0.03474210947751999,0.08512941747903824,0.028082450851798058,0.02996441349387169,0.11228752136230469,0.016730530187487602,0.12634514272212982,0.04430171474814415,0.06612945348024368,0.01873568259179592,0.060372430831193924,0.013214599341154099,0.008669706992805004,0.025799045339226723,0.013396499678492546,0.009347490966320038,0.010699923150241375,0.0236583910882473,0.01836644671857357,0.009467359632253647,0.018271634355187416,0.0193487498909235,0.01630241423845291,0.08332209289073944,0.7048282623291016,0.032353196293115616,0.016730310395359993,0.29002177715301514,0.08532477170228958,0.009501315653324127,0.0054969401098787785,0.02652270719408989,0.039063967764377594,0.7519590258598328,0.08675457537174225,0.0004512837331276387,0.00032278377329930663,0.005620824173092842,0.0016533531015738845,0.025275006890296936,0.001606123405508697,0.0649673193693161,0.002516171894967556,0.008488781750202179,0.007980520837008953,0.04229894280433655,0.001026625744998455,0.004144932609051466,0.11722463369369507,0.10396730899810791,0.0019468110986053944,0.00018734042532742023,0.0003564775106497109,0.00036372209433466196,0.00032902765087783337,0.3624535799026489,0.002742014592513442,0.0027479403652250767,0.007115496322512627,0.000495589803904295,0.002836523810401559,0.013391751796007156,0.020252585411071777,0.35859599709510803,0.00019324036838952452,0.0021686877589672804,0.002703813835978508,0.006006048992276192,0.0012324320850893855,0.003602143842726946,0.0002274782891618088,0.003493586089462042,0.0009535805438645184,0.003144800430163741,0.015807922929525375,0.0017104304861277342,0.0014788011321797967,0.021302111446857452,0.05790090933442116,0.002340560546144843,0.01065653096884489,0.028770064935088158,0.01280284021049738,0.09988927096128464,0.11906186491250992,0.3499777317047119,0.0001942862872965634,0.005281080491840839,0.03640538081526756,0.24021953344345093,0.0009687533602118492,0.022362463176250458,0.0064581334590911865,0.011297735385596752,0.008915575221180916,0.01891435869038105,0.5909579992294312,0.03925587236881256,0.0011321859201416373,0.0017592298099771142,0.0032409364357590675,0.0010107590351253748
unknown,540.0,541.0,0.018228011205792427,0.007364137563854456,0.012738426215946674,0.07031386345624924,0.01224460918456316,0.2209509313106537,0.06130554899573326,0.06260742247104645,0.12881970405578613,0.0965251475572586,0.029868347570300102,0.02960716374218464,0.0589468851685524,0.0571863017976284,0.04374101758003235,0.030201610177755356,0.019420137628912926,0.0936339721083641,0.013245207257568836,0.21394915878772736,0.07205057144165039,0.1455054134130478,0.05470452457666397,0.07459881156682968,0.031115813180804253,0.013571850955486298,0.061519768089056015,0.42485734820365906,0.05974334478378296,0.2735343277454376,0.039006032049655914,0.05228705331683159,0.020106585696339607,0.025045834481716156,0.08584770560264587,0.012246900238096714,0.06442827731370926,0.2362665981054306,0.07870510220527649,0.09642819315195084,0.19896937906742096,0.19891399145126343,0.040503520518541336,0.09977556020021439,0.07209017127752304,0.03158511593937874,0.31456702947616577,0.023463178426027298,0.008065781556069851,0.0003468338691163808,0.04996829852461815,0.05408748984336853,0.27552127838134766,0.022290349006652832,0.010057109408080578,0.0023543976712971926,0.020412037149071693,0.03758201375603676,0.04676295071840286,0.002441961783915758,0.02442123554646969,0.13047470152378082,0.1536160260438919,0.0007307645282708108,0.001858514384366572,0.007156429346650839,0.0011692361440509558,0.009237559512257576,0.17897842824459076,0.02233395166695118,0.09197099506855011,0.09424956142902374,0.00851244293153286,0.01796163059771061,0.09534227102994919,0.27080580592155457,0.12093275785446167,0.0027649961411952972,0.03770781308412552,0.050849318504333496,0.010002847760915756,0.001160099753178656,0.003028235863894224,0.002047257963567972,0.000841862871311605,0.001046741264872253,0.07794870436191559,0.11131273955106735,0.017043979838490486,0.01851469837129116,0.017153019085526466,0.14330770075321198,0.0013626347063109279,0.006383976433426142,0.0028594762552529573,0.03033972717821598,0.06972483545541763,0.05839277058839798,0.06781414896249771,0.003201150568202138,0.003218304365873337,0.023449648171663284,0.043195921927690506,0.004571087658405304,0.01568393036723137,0.05351109802722931,0.0995120033621788,0.003148618619889021,0.005325417034327984,0.1382637768983841,0.0377546064555645,0.007876505143940449,0.0004320238658692688,0.0039216806180775166,0.0008812310989014804
unknown,541.0,542.0,0.04224351420998573,0.049095895141363144,0.026178542524576187,0.08618634939193726,0.06896395981311798,0.07382772117853165,0.030390335246920586,0.0993533730506897,0.16697125136852264,0.20884044468402863,0.08484712988138199,0.12991657853126526,0.09686824679374695,0.16596874594688416,0.13905806839466095,0.06529224663972855,0.05049387365579605,0.1561756283044815,0.04281289130449295,0.14546233415603638,0.17353011667728424,0.1110333800315857,0.059522081166505814,0.03890778496861458,0.03969946876168251,0.01783107966184616,0.0671161487698555,0.029119161888957024,0.03622083365917206,0.017716553062200546,0.1533464938402176,0.08490099757909775,0.10886634141206741,0.04074251651763916,0.05129372701048851,0.046779025346040726,0.10665825754404068,0.10759790986776352,0.11390369385480881,0.051139652729034424,0.2933761179447174,0.21658459305763245,0.039769552648067474,0.010840313509106636,0.022107433527708054,0.03431130200624466,0.20823752880096436,0.039456408470869064,0.020245665684342384,0.008237543515861034,0.11383062601089478,0.022493045777082443,0.03912978991866112,0.05743559077382088,0.104269839823246,0.020176712423563004,0.0606219545006752,0.0027867380995303392,0.019121699035167694,0.009755131788551807,0.062253426760435104,0.15060511231422424,0.07014559209346771,0.003709960263222456,0.008581000380218029,0.004220325034111738,0.0056515648029744625,0.005767117720097303,0.13014379143714905,0.033400215208530426,0.01758269965648651,0.01930498145520687,0.014093338511884212,0.02586640976369381,0.014210708439350128,0.0530148483812809,0.00744634959846735,0.028317134827375412,0.03125536069273949,0.009703190065920353,0.020159369334578514,0.008283420465886593,0.006838379427790642,0.0038413938600569963,0.015926726162433624,0.04147619009017944,0.03539324924349785,0.0394972525537014,0.03564731031656265,0.013644210994243622,0.2595076262950897,0.0995049998164177,0.01291201077401638,0.1666739135980606,0.1323784589767456,0.016569091007113457,0.013656639494001865,0.01676878333091736,0.007088498678058386,0.006570464000105858,0.0038585925940424204,0.006568519864231348,0.011255341582000256,0.011357886716723442,0.051112134009599686,0.05826300010085106,0.07881379872560501,0.07323925197124481,0.003060156712308526,0.03749977424740791,0.002763342810794711,0.0019755284301936626,0.006489153951406479,0.0045511494390666485,0.01336669921875
unknown,561.0,562.0,0.06579069793224335,0.04362183064222336,0.038529857993125916,0.09824751317501068,0.03477461636066437,0.06951568275690079,0.0881027951836586,0.0817786455154419,0.15472114086151123,0.1273043304681778,0.06848212331533432,0.10286452621221542,0.06821497529745102,0.11582138389348984,0.08534783124923706,0.05839470028877258,0.0410773940384388,0.1712246537208557,0.05350971594452858,0.13663676381111145,0.1289680153131485,0.10972674936056137,0.0579695962369442,0.05583105981349945,0.044284507632255554,0.031220024451613426,0.06681831181049347,0.06209351867437363,0.023247811943292618,0.045383501797914505,0.10520541667938232,0.08944770693778992,0.06021128222346306,0.031440477818250656,0.07440900057554245,0.033102698624134064,0.13198904693126678,0.13051778078079224,0.0765930637717247,0.04383254423737526,0.2184642255306244,0.1271408349275589,0.038031429052352905,0.03357962146401405,0.06059245020151138,0.0350838340818882,0.16773450374603271,0.03304504603147507,0.01645588129758835,0.008700871840119362,0.05589885637164116,0.03736399859189987,0.0763172134757042,0.03701096773147583,0.07088785618543625,0.013821766711771488,0.030304698273539543,0.0031785829924046993,0.01801823265850544,0.009928015060722828,0.05684866011142731,0.11161638051271439,0.021794911473989487,0.006089691538363695,0.009913713671267033,0.009592060931026936,0.011530502699315548,0.01340869627892971,0.11989771574735641,0.020384903997182846,0.009215885773301125,0.026788564398884773,0.020260505378246307,0.02703743614256382,0.03411692753434181,0.05049377679824829,0.025578321889042854,0.01517540030181408,0.07789301127195358,0.017721902579069138,0.07881739735603333,0.024440240114927292,0.024628151208162308,0.005306966602802277,0.013803982175886631,0.012393025681376457,0.018436850979924202,0.02920348197221756,0.030838513746857643,0.01800347864627838,0.09001193940639496,0.04147562012076378,0.0053001586347818375,0.06455129384994507,0.10221901535987854,0.0221338402479887,0.05366601049900055,0.03298577293753624,0.014891739003360271,0.0026541559491306543,0.014963026158511639,0.007632643450051546,0.011588085442781448,0.005578057374805212,0.07045923173427582,0.04644470661878586,0.022831490263342857,0.02498440444469452,0.0042821262031793594,0.019290465861558914,0.008825878612697124,0.009301986545324326,0.0033552702516317368,0.008039403706789017,0.011256306432187557
unknown,574.0,575.0,0.007503771223127842,0.007315527647733688,0.005799183622002602,0.03543306142091751,0.09262850135564804,0.17650361359119415,0.014261111617088318,0.11586415022611618,0.13068510591983795,0.08252816647291183,0.06008314713835716,0.048486702144145966,0.055197086185216904,0.14117717742919922,0.014511162415146828,0.03565048798918724,0.06072499230504036,0.2721507251262665,0.06719548255205154,0.2662898898124695,0.09350033104419708,0.016951853409409523,0.050410665571689606,0.10100361704826355,0.012072405777871609,0.01680837571620941,0.020834647119045258,0.09614696353673935,0.07347490638494492,0.05085110291838646,0.019115081056952477,0.024193057790398598,0.026601068675518036,0.1164504885673523,0.15800388157367706,0.013449053280055523,0.02619873732328415,0.08048377186059952,0.02375778928399086,0.33324047923088074,0.04131216183304787,0.03491766378283501,0.06592161953449249,0.0155795281752944,0.011117083951830864,0.04137970879673958,0.17975814640522003,0.010693087242543697,0.011409641243517399,0.00048014582716859877,0.014352047815918922,0.17921645939350128,0.10367967188358307,0.008130865171551704,0.029871610924601555,0.06353236734867096,0.07263462245464325,0.09870532155036926,0.0036365045234560966,0.002902423031628132,0.008055414073169231,0.014889191836118698,0.05681120976805687,0.008267192170023918,0.0011443882249295712,0.010479598306119442,0.0013169728918001056,0.00738906767219305,0.0720377117395401,0.0718616396188736,0.8216776251792908,0.278134286403656,0.011568875052034855,0.0069471136666834354,0.09799737483263016,0.13303884863853455,0.0017727218801155686,0.0021190408151596785,0.007968446239829063,0.0007621855475008488,0.005692215636372566,0.0026065583806484938,0.0007955980836413801,0.012491421774029732,0.0012216275790706277,0.02729932591319084,0.00841502659022808,0.005769267678260803,0.0025930695701390505,0.004847986623644829,0.0768536850810051,0.005694610066711903,0.0005199562292546034,0.02541106753051281,0.03032144159078598,0.0012647591065615416,0.0011600418947637081,0.001530143665149808,0.004949860740453005,0.01888490840792656,0.0010504497913643718,0.0681559145450592,0.03507981449365616,0.07566352188587189,0.006786802783608437,0.003349347971379757,0.0018359390087425709,0.002327818190678954,0.008346699178218842,0.007378085982054472,0.0007270287023857236,0.0006943848566152155,0.0010666720336303115,0.005276868119835854,0.004024452995508909
unknown,575.0,576.0,0.013032251968979836,0.01305686216801405,0.008261817507445812,0.06023535877466202,0.06227497011423111,0.15573005378246307,0.0147938821464777,0.09935601055622101,0.12461116909980774,0.08959300071001053,0.0641799196600914,0.05937161669135094,0.05520903691649437,0.06345440447330475,0.02419360913336277,0.05682967230677605,0.08091120421886444,0.12152469158172607,0.0344427116215229,0.2577565312385559,0.05672150477766991,0.10615471750497818,0.05759754776954651,0.08961750566959381,0.022850219160318375,0.007848169654607773,0.028885183855891228,0.13174664974212646,0.06024666503071785,0.07535633444786072,0.029666241258382797,0.04942938685417175,0.031119875609874725,0.04612349346280098,0.1669992357492447,0.00961365271359682,0.034478094428777695,0.08619186282157898,0.08179857581853867,0.22887760400772095,0.14857538044452667,0.1944960653781891,0.050138920545578,0.012553376145660877,0.010949678719043732,0.034803181886672974,0.21417538821697235,0.013118132948875427,0.008421378210186958,0.0015693013556301594,0.04030324146151543,0.2111523598432541,0.14931033551692963,0.01958845555782318,0.1467449963092804,0.056500427424907684,0.12588092684745789,0.04322062432765961,0.005314103327691555,0.0037684303242713213,0.020785219967365265,0.16713465750217438,0.0938602089881897,0.008365923538804054,0.0019051481503993273,0.005953940562903881,0.001574246445670724,0.007086403667926788,0.08342250436544418,0.053542349487543106,0.3796854019165039,0.2531161904335022,0.00849371962249279,0.022754764184355736,0.1313484013080597,0.36822932958602905,0.005841065663844347,0.0041819121688604355,0.01598093844950199,0.004824198782444,0.01861269399523735,0.005995955318212509,0.002046336652711034,0.003796119475737214,0.0023877795320004225,0.033197756856679916,0.005990249570459127,0.006808912847191095,0.007665633223950863,0.007472977042198181,0.12344328314065933,0.005807028617709875,0.0017796200700104237,0.06251875311136246,0.08541467785835266,0.004745373036712408,0.009354080073535442,0.006026594899594784,0.018992500379681587,0.0058862799778580666,0.0019153970060870051,0.02527465857565403,0.013442647643387318,0.02857961133122444,0.02993014082312584,0.027684956789016724,0.029669879004359245,0.010262643918395042,0.00675037270411849,0.0070004332810640335,0.001590962870977819,0.0011816590558737516,0.0010104429675266147,0.007973741739988327,0.005717096850275993
unknown,584.0,585.0,0.057305604219436646,0.026494100689888,0.050362106412649155,0.01920473761856556,0.03736552596092224,0.019685473293066025,0.025488490238785744,0.05363458767533302,0.358269602060318,0.3820178210735321,0.28164419531822205,0.504822313785553,0.15235783159732819,0.21330051124095917,0.17913025617599487,0.10292655229568481,0.12471157312393188,0.18325012922286987,0.032899606972932816,0.04700964689254761,0.3872467577457428,0.028817426413297653,0.011522510088980198,0.016693497076630592,0.04324579983949661,0.08166838437318802,0.007771192118525505,0.0024740279186517,0.01632336899638176,0.0015007497277110815,0.21340599656105042,0.010127025656402111,0.02684043161571026,0.028523027896881104,0.007528762798756361,0.03983266279101372,0.2435487061738968,0.10815483331680298,0.045910730957984924,0.012883240357041359,0.25964146852493286,0.064541295170784,0.01588931307196617,0.0014952366473153234,0.0037601483054459095,0.044263966381549835,0.1893252581357956,0.007062919903546572,0.0006138142780400813,0.00018404246657155454,0.004515444859862328,0.0005080251139588654,0.001968321856111288,0.000979354023002088,0.04859178513288498,0.016495654359459877,0.08956599235534668,0.0013174880295991898,0.007575325667858124,0.00024582265177741647,0.001780891790986061,0.08236037939786911,0.0022238048259168863,0.0014046955620869994,7.130539597710595e-05,0.00023034450714476407,0.00018196424935013056,8.790221181698143e-05,0.08023149520158768,0.004314732737839222,0.016419803723692894,0.0006139439065009356,0.00025338452542200685,0.00033612563856877387,0.0011816918849945068,0.01753329299390316,0.04244248569011688,0.00037698185769841075,0.0011204926995560527,0.0001740961306495592,0.0012076403945684433,0.0009536122670397162,0.0015537806320935488,0.0004738427232950926,0.004183078650385141,0.0157114677131176,0.0009449650533497334,0.0012871227227151394,0.0004615337820723653,0.0008348703267984092,0.6122841238975525,0.03242163360118866,0.0004709816421382129,0.17424951493740082,0.3016473948955536,0.005099564325064421,0.004962504841387272,0.003455870784819126,0.011503866873681545,0.0006447096820920706,0.0005232248804531991,0.007234781514853239,0.005617659073323011,0.0035448679700493813,0.012458743527531624,0.0053842575289309025,0.009335235692560673,0.09368330240249634,0.00043505855137482285,0.0058443439193069935,0.0006348096067085862,0.0008675198769196868,0.0011249050730839372,0.0004585952847264707,0.001600436633452773
unknown,585.0,586.0,0.04622357711195946,0.03029550239443779,0.04289655387401581,0.021820712834596634,0.03563298285007477,0.0309099443256855,0.024581851437687874,0.05683053657412529,0.40227052569389343,0.3595502972602844,0.24042147397994995,0.41558822989463806,0.14050228893756866,0.1831638067960739,0.14994291961193085,0.0988900437951088,0.07811883836984634,0.21683470904827118,0.040128204971551895,0.06438727676868439,0.3601910471916199,0.03731593117117882,0.01801784336566925,0.024033671244978905,0.04284496605396271,0.050174131989479065,0.00762771163135767,0.003320343792438507,0.02411622740328312,0.0018321884563192725,0.1668574959039688,0.012084580026566982,0.042456481605768204,0.04696297273039818,0.011002465151250362,0.027174150571227074,0.18209296464920044,0.1306295394897461,0.06856825202703476,0.02230074629187584,0.2436048984527588,0.08826839923858643,0.022858867421746254,0.0014325551455840468,0.003663489827886224,0.043229036033153534,0.27302658557891846,0.00665630865842104,0.0010311525547876954,0.00018986461509484798,0.008361411280930042,0.0008803470991551876,0.002823005663231015,0.002867144765332341,0.08585809171199799,0.014858102425932884,0.07700061798095703,0.002012365497648716,0.005486285779625177,0.0001917856716318056,0.003535244846716523,0.12082749605178833,0.005581224802881479,0.0019786949269473553,7.698256376897916e-05,0.0002272324200021103,0.0001402080088155344,0.00010725242464104667,0.1337396502494812,0.006144111510366201,0.024807989597320557,0.0016997660277411342,0.00020877002680208534,0.00065460498444736,0.002253288635984063,0.026185786351561546,0.08599990606307983,0.0003439256688579917,0.0026135826483368874,0.000737442634999752,0.0030957148410379887,0.001732588978484273,0.0025407178327441216,0.0005845663254149258,0.004705962724983692,0.01668941229581833,0.0023585637100040913,0.0029584444127976894,0.000959219119977206,0.001349042751826346,0.5742009878158569,0.06496509909629822,0.0005906048463657498,0.14880481362342834,0.21254868805408478,0.007510763127356768,0.009529143571853638,0.00504202488809824,0.025687554851174355,0.0007140291854739189,0.0007965826662257314,0.014790982939302921,0.008789594285190105,0.004967672750353813,0.027063343673944473,0.014776724390685558,0.026156503707170486,0.08953839540481567,0.000561793684028089,0.009142774157226086,0.0008965790621004999,0.0009974503191187978,0.001524367369711399,0.0005582752637565136,0.0027546375058591366
