Id,Text,BeginPosition,EndPosition,BeginTime,EndTime,Confidence,SpeakerConfidence,Admiration,Adoration,Aesthetic Appreciation,Amusement,Anger,Annoyance,Anxiety,Awe,Awkwardness,Boredom,Calmness,Concentration,Confusion,Contemplation,Contempt,Contentment,Craving,Determination,Disappointment,Disapproval,Disgust,Distress,Doubt,Ecstasy,Embarrassment,Empathic Pain,Enthusiasm,Entrancement,Envy,Excitement,Fear,Gratitude,Guilt,Horror,Interest,Joy,Love,Nostalgia,Pain,Pride,Realization,Relief,Romance,Sadness,Sarcasm,Satisfaction,Desire,Shame,Surprise (negative),Surprise (positive),Sympathy,Tiredness,Triumph,1,2,3,4,5,6,7,8,9,toxic,severe_toxic,obscene,threat,insult,identity_hate
unknown,バ,0,1,3.857569,3.9774935,0.72753906,,0.0451912023127079,0.02437714673578739,0.05688030645251274,0.028853286057710648,0.006257782224565744,0.03704389929771423,0.004864228889346123,0.037999387830495834,0.039382126182317734,0.13356813788414001,0.18529640138149261,0.06657923758029938,0.10696420073509216,0.026299983263015747,0.02944658137857914,0.06620478630065918,0.0026827838737517595,0.020436637103557587,0.02298819087445736,0.0163292046636343,0.007708229124546051,0.007684784475713968,0.014863128773868084,0.009981009177863598,0.011284912936389446,0.007259132340550423,0.02233392931520939,0.03838181123137474,0.004960604477673769,0.01285422034561634,0.00285562826320529,0.013872441835701466,0.0032037231139838696,0.002859643194824457,0.051604967564344406,0.02817259170114994,0.015194715932011604,0.006583301350474358,0.005862154997885227,0.020464366301894188,0.04080760106444359,0.015018874779343605,0.008352882228791714,0.008685520850121975,0.018507415428757668,0.056370969861745834,0.011386771686375141,0.013013469986617565,0.04715944826602936,0.049295779317617416,0.013553191907703876,0.032900676131248474,0.03359544277191162,,,,,,,,,,,,,,,
unknown,ニ,2,3,3.9774935,4.097418,0.9951172,,0.035888686776161194,0.020652828738093376,0.042735401540994644,0.030892588198184967,0.004277086816728115,0.030618589371442795,0.009980075992643833,0.02009236067533493,0.062031541019678116,0.14931240677833557,0.18439626693725586,0.06497666984796524,0.14858409762382507,0.04294370114803314,0.024573007598519325,0.054146651178598404,0.004554211162030697,0.022489633411169052,0.020053381100296974,0.015133755281567574,0.005238512065261602,0.009594534523785114,0.027500126510858536,0.0053830938413739204,0.011221189983189106,0.012056016363203526,0.02946021407842636,0.025438480079174042,0.004806810524314642,0.015322458930313587,0.004631637595593929,0.0159818883985281,0.004236552864313126,0.002138910349458456,0.09482759982347488,0.02431570366024971,0.015275618061423302,0.007766015361994505,0.005366098135709763,0.01381149422377348,0.05037513002753258,0.015471352264285088,0.007925726473331451,0.012186698615550995,0.02742249332368374,0.041761208325624466,0.007893411442637444,0.011733281426131725,0.03506983816623688,0.040007419884204865,0.024838576093316078,0.023458141833543777,0.01895817182958126,,,,,,,,,,,,,,,
unknown,ラ,4,5,4.097418,4.597418,0.953125,,0.03359828144311905,0.019282696768641472,0.04562080651521683,0.024031873792409897,0.007964856922626495,0.034679632633924484,0.011978628113865852,0.03632427379488945,0.03568783402442932,0.07168310135602951,0.20265740156173706,0.08531827479600906,0.16338960826396942,0.11225150525569916,0.034036461263895035,0.046563394367694855,0.004294224549084902,0.026509340852499008,0.025132864713668823,0.026576505973935127,0.009000299498438835,0.014361822046339512,0.029808824881911278,0.005912770517170429,0.009569091722369194,0.014281779527664185,0.02022577077150345,0.04695930704474449,0.004273847211152315,0.012347363866865635,0.00840041134506464,0.014103640802204609,0.004118064884096384,0.005348041653633118,0.11131884902715683,0.017005641013383865,0.012771760113537312,0.023388957604765892,0.007516150362789631,0.01467618253082037,0.08075251430273056,0.01718580536544323,0.011707395315170288,0.019022244960069656,0.025276411324739456,0.036208394914865494,0.01016855239868164,0.013034433126449585,0.04087470471858978,0.039431486278772354,0.02062336355447769,0.014707593247294426,0.022524457424879074,,,,,,,,,,,,,,,
unknown,牛,6,7,7.615201,7.895025,1.0,,0.01848655566573143,0.018516279757022858,0.008993605151772499,0.07256189733743668,0.004552210681140423,0.030744092538952827,0.005380476359277964,0.01460793986916542,0.041846878826618195,0.14157113432884216,0.31669819355010986,0.041574250906705856,0.10969211906194687,0.04811526834964752,0.024348223581910133,0.05247398093342781,0.002394435228779912,0.019538655877113342,0.01016651839017868,0.01094207726418972,0.0023334550205618143,0.005683024879544973,0.014389591291546822,0.0027738201897591352,0.005458655301481485,0.0056200590915977955,0.04513760283589363,0.014702836982905865,0.0019111105939373374,0.026745734736323357,0.0022697332315146923,0.008863129653036594,0.002872232813388109,0.0007850864785723388,0.11370743066072464,0.04047943279147148,0.014931369572877884,0.021476900205016136,0.0016489531844854355,0.020527232438325882,0.04984968528151512,0.006267710123211145,0.0035113051999360323,0.009666056372225285,0.046495188027620316,0.02842705138027668,0.001504117390140891,0.0057910108007490635,0.01923767849802971,0.027146924287080765,0.011990124359726906,0.01250985823571682,0.0165037140250206,,,,,,,,,,,,,,,
unknown,乳,8,9,7.895025,8.395025,1.0,,0.031384654343128204,0.027216415852308273,0.02297043241560459,0.042322222143411636,0.006943101529031992,0.05231542885303497,0.007739899214357138,0.02578860893845558,0.03649448603391647,0.11665899306535721,0.24050167202949524,0.07918629795312881,0.15160071849822998,0.07867192476987839,0.029576759785413742,0.04711049795150757,0.003926369361579418,0.02775213122367859,0.01719387248158455,0.019127821549773216,0.004313256591558456,0.009413876570761204,0.017332453280687332,0.0036173188127577305,0.008859417401254177,0.0077424440532922745,0.02710392139852047,0.03116990625858307,0.0026895881164819,0.015291878953576088,0.003244456835091114,0.01789133809506893,0.003635900793597102,0.0015180199407041073,0.08949503302574158,0.025805722922086716,0.0202553141862154,0.04044291377067566,0.0032345319632440805,0.017434878274798393,0.08898662030696869,0.014089331962168217,0.008563783019781113,0.012228652834892273,0.031101183965802193,0.03512446954846382,0.004591863602399826,0.008557169698178768,0.023524433374404907,0.034955669194459915,0.013100096955895424,0.01992959901690483,0.0206775926053524,,,,,,,,,,,,,,,
unknown,塩,10,11,13.891246,14.391246,0.99121094,,0.01855732500553131,0.022394215688109398,0.01901966892182827,0.01422825176268816,0.004127599764615297,0.03192152455449104,0.030987584963440895,0.014246444217860699,0.023195285350084305,0.07371498644351959,0.24733631312847137,0.14457988739013672,0.08017095923423767,0.148351788520813,0.018870698288083076,0.07307934761047363,0.018235428258776665,0.10521350055932999,0.018183736130595207,0.0118030970916152,0.002399842720478773,0.02189013548195362,0.030289936810731888,0.005851005204021931,0.005276496522128582,0.0097611453384161,0.037516999989748,0.03762266784906387,0.0020623502787202597,0.019553791731595993,0.01105770654976368,0.0196418184787035,0.006660631857812405,0.0013561953091993928,0.07706310600042343,0.01904023438692093,0.032959308475255966,0.04437905177474022,0.007689603138715029,0.021648608148097992,0.08665455877780914,0.024627938866615295,0.014983341097831726,0.023463085293769836,0.01086010318249464,0.049008406698703766,0.008944911882281303,0.009690793231129646,0.010524092242121696,0.013307075947523117,0.012357872910797596,0.040756482630968094,0.027312692254781723,,,,,,,,,,,,,,,
unknown,t,12,13,20.625,20.744999,0.48632812,,0.016206782311201096,0.01060707401484251,0.01552497036755085,0.03329690918326378,0.0198521688580513,0.10785667598247528,0.023422621190547943,0.016463128849864006,0.019396018236875534,0.07442864775657654,0.20145800709724426,0.18015234172344208,0.11578784883022308,0.10419558733701706,0.04520534723997116,0.04463224858045578,0.008757107891142368,0.0932941883802414,0.027506861835718155,0.04590293765068054,0.010590765625238419,0.027548909187316895,0.0248583797365427,0.0048076133243739605,0.005373810417950153,0.008877533487975597,0.045213375240564346,0.022931883111596107,0.0020478798542171717,0.026465095579624176,0.013617785647511482,0.012166372500360012,0.0037860253360122442,0.004700290504842997,0.10772372037172318,0.01292944885790348,0.007274016737937927,0.018571916967630386,0.005475942045450211,0.018969155848026276,0.10617953538894653,0.026936909183859825,0.0031739280093461275,0.010753410868346691,0.033511340618133545,0.05395829677581787,0.004985428880900145,0.0075111547484993935,0.032529376447200775,0.028572043403983116,0.012940659187734127,0.0261189304292202,0.03967157006263733,,,,,,,,,,,,,,,
unknown,ン,14,15,20.744999,20.905,0.7885742,,0.016827311366796494,0.013179054483771324,0.016387062147259712,0.03563740476965904,0.012366012670099735,0.07784035801887512,0.02518436312675476,0.01591123454272747,0.021363647654652596,0.083122119307518,0.19903792440891266,0.18111267685890198,0.11461932957172394,0.10949809849262238,0.034138232469558716,0.05285629257559776,0.010849790647625923,0.10169222205877304,0.02609775774180889,0.029612110927700996,0.006786270998418331,0.025724317878484726,0.02524726092815399,0.006220079492777586,0.005997871048748493,0.009242824278771877,0.0526018850505352,0.027225127443671227,0.001888705650344491,0.03277057781815529,0.012634273618459702,0.013368936255574226,0.004334531258791685,0.0035149327013641596,0.10418619215488434,0.0172737929970026,0.011476857587695122,0.027042938396334648,0.0063728103414177895,0.022727014496922493,0.09671436250209808,0.028230946511030197,0.005042799282819033,0.013451684266328812,0.027383552864193916,0.05868444964289665,0.006456661503762007,0.007966041564941406,0.025467783212661743,0.02645309455692768,0.012736267410218716,0.029241099953651428,0.04347427561879158,,,,,,,,,,,,,,,
unknown,ク,16,17,20.905,21.405,0.8598633,,0.013883697800338268,0.011951073072850704,0.019060028716921806,0.03213633596897125,0.015045908279716969,0.097775399684906,0.03828703612089157,0.016835825517773628,0.023078899830579758,0.10604367405176163,0.2096768468618393,0.16559042036533356,0.11203237622976303,0.10992901772260666,0.03489505499601364,0.05447627976536751,0.010920476168394089,0.07566898316144943,0.040059324353933334,0.03456682711839676,0.009583612903952599,0.04176807403564453,0.025821825489401817,0.006322267930954695,0.008286125026643276,0.01062063593417406,0.03844257816672325,0.02919914200901985,0.001915212138555944,0.028205759823322296,0.019894246011972427,0.012267794460058212,0.005700807552784681,0.006012485362589359,0.08241280913352966,0.015830621123313904,0.01062125712633133,0.03352874517440796,0.011296398937702179,0.02034296654164791,0.09902240335941315,0.03150484338402748,0.005110322963446379,0.024174276739358902,0.026339733973145485,0.05376320332288742,0.0061918627470731735,0.01124540250748396,0.03404635936021805,0.02419210597872734,0.012756314128637314,0.041196756064891815,0.03688520938158035,,,,,,,,,,,,,,,
unknown,メ,18,19,27.705,27.865,0.7241211,,0.014648949727416039,0.012904043309390545,0.01787818968296051,0.04141320288181305,0.01779942959547043,0.10931303352117538,0.04611072689294815,0.01585807465016842,0.026513801887631416,0.0932580754160881,0.18384918570518494,0.14093181490898132,0.08897896856069565,0.11599018424749374,0.04025723785161972,0.05648858845233917,0.012895125895738602,0.08178335428237915,0.044456664472818375,0.03924126550555229,0.011359967291355133,0.054943714290857315,0.025457022711634636,0.006539279129356146,0.010736431926488876,0.016873490065336227,0.04359246417880058,0.027537887915968895,0.002171769505366683,0.02911241352558136,0.022424649447202682,0.014853411354124546,0.007409605663269758,0.006679638288915157,0.07540584355592728,0.01758325658738613,0.012457869946956635,0.03663557767868042,0.01862952671945095,0.026392420753836632,0.10590369999408722,0.03412269428372383,0.005351587198674679,0.0354832224547863,0.039542943239212036,0.05856257304549217,0.006302105262875557,0.01372313778847456,0.031346388161182404,0.021639183163642883,0.018031449988484383,0.045048609375953674,0.03928182274103165,,,,,,,,,,,,,,,
unknown,ロ,20,21,27.865,28.365,0.72558594,,0.030519820749759674,0.033467333763837814,0.04421590641140938,0.08562686294317245,0.02548174187541008,0.07889768481254578,0.018660714849829674,0.03462536633014679,0.028322121128439903,0.03985010087490082,0.15431396663188934,0.1092214360833168,0.10706973820924759,0.10226733237504959,0.0530606210231781,0.061834655702114105,0.02241058088839054,0.06722670048475266,0.02005358412861824,0.04179229959845543,0.018687115982174873,0.030154112726449966,0.01431160420179367,0.021176720038056374,0.012449079193174839,0.012528495863080025,0.06201121211051941,0.0684695690870285,0.003461534855887294,0.038331713527441025,0.013249600306153297,0.018789146095514297,0.005850555375218391,0.010306674987077713,0.09709541499614716,0.04083188623189926,0.026403790339827538,0.0575450137257576,0.011680741794407368,0.04067092761397362,0.07048952579498291,0.020476968958973885,0.01867956668138504,0.014663537964224815,0.05079061910510063,0.07850916683673859,0.031598977744579315,0.012854895554482937,0.023486264050006866,0.03147272393107414,0.01225239783525467,0.017900174483656883,0.053619518876075745,,,,,,,,,,,,,,,
unknown,テ,22,23,32.359577,32.479496,0.9995117,,0.029333679005503654,0.026449209079146385,0.036920737475156784,0.10844328999519348,0.018104108050465584,0.08126210421323776,0.015341664664447308,0.0298913661390543,0.02698701061308384,0.04279962182044983,0.13978321850299835,0.10957532376050949,0.09436284750699997,0.08773724734783173,0.04682590067386627,0.055922359228134155,0.020471954718232155,0.06278166174888611,0.017768196761608124,0.03725769743323326,0.014842971228063107,0.019398139789700508,0.013746533542871475,0.016453104093670845,0.010179135017096996,0.008768375962972641,0.10059596598148346,0.04657227173447609,0.0035668706987053156,0.06593649089336395,0.008611907251179218,0.015014377422630787,0.0043751029297709465,0.006194912828505039,0.14238771796226501,0.04471762105822563,0.01582629233598709,0.041823193430900574,0.00556804146617651,0.03953994810581207,0.06907950341701508,0.017732657492160797,0.00866845715790987,0.00749357882887125,0.059407640248537064,0.08463925123214722,0.01846247911453247,0.009091109037399292,0.02512778714299202,0.04486999660730362,0.010132433846592903,0.014087863266468048,0.05063296854496002,,,,,,,,,,,,,,,
unknown,ス,24,25,32.479496,32.599415,0.9921875,,0.02290872484445572,0.0191070307046175,0.02440682053565979,0.09502166509628296,0.03160654380917549,0.12166728079319,0.020600611343979836,0.022865505889058113,0.028704840689897537,0.04421412572264671,0.10901068150997162,0.1104455515742302,0.11493188142776489,0.08119307458400726,0.0549980103969574,0.04054653272032738,0.01861339993774891,0.07139770686626434,0.02502337470650673,0.051245514303445816,0.019379684701561928,0.028264634311199188,0.017891667783260345,0.011942918412387371,0.011111599393188953,0.008864125236868858,0.09039083868265152,0.034376513212919235,0.003422002773731947,0.06033952534198761,0.011835718527436256,0.011600330471992493,0.004931253381073475,0.007705284748226404,0.13376405835151672,0.03135644271969795,0.011277754791080952,0.031232688575983047,0.0069449832662940025,0.03406166657805443,0.06908063590526581,0.014901465736329556,0.0059593128971755505,0.008684206753969193,0.06106306239962578,0.06565407663583755,0.013911321759223938,0.010166133753955364,0.03331603854894638,0.03995909169316292,0.009724109433591366,0.014812272973358631,0.04584234207868576,,,,,,,,,,,,,,,
unknown,ト,26,27,32.599415,33.099415,0.99316406,,0.023141445592045784,0.01852228306233883,0.02974839136004448,0.0944424569606781,0.020834466442465782,0.10024237632751465,0.016215993091464043,0.023649174720048904,0.026084627956151962,0.04624125361442566,0.1328708380460739,0.12116324156522751,0.11270872503519058,0.0941329300403595,0.049340277910232544,0.04829021543264389,0.020720012485980988,0.06886906176805496,0.02158108539879322,0.04285843297839165,0.01542464829981327,0.020201582461595535,0.01718016341328621,0.012144641019403934,0.009259254671633244,0.007644421886652708,0.09608101099729538,0.03719311207532883,0.003552946960553527,0.060607243329286575,0.008427931927144527,0.01170602161437273,0.004378539975732565,0.005486680660396814,0.15165679156780243,0.032606422901153564,0.010249363258481026,0.03208693489432335,0.005006399005651474,0.03518452122807503,0.0712040439248085,0.015209258534014225,0.005537573713809252,0.007018113508820534,0.060098472982645035,0.07631675899028778,0.013449452817440033,0.00877375341951847,0.027903776615858078,0.04146604239940643,0.009005673229694366,0.013820748776197433,0.046694543212652206,,,,,,,,,,,,,,,
unknown,小,28,29,37.835846,38.07568,0.9921875,,0.023614229634404182,0.024173716083168983,0.021981243044137955,0.11469847708940506,0.029796116054058075,0.11841452121734619,0.01632760837674141,0.020025666803121567,0.036789461970329285,0.03228036314249039,0.0890493243932724,0.07769263535737991,0.10906937718391418,0.06650198996067047,0.05620038881897926,0.03273678570985794,0.016532152891159058,0.060782190412282944,0.02217913791537285,0.053428150713443756,0.016589699313044548,0.021081766113638878,0.01694093830883503,0.010567017830908298,0.011577455326914787,0.010553140193223953,0.1149844378232956,0.029366031289100647,0.0037231207825243473,0.07094141095876694,0.0075593069195747375,0.01147833839058876,0.005080992355942726,0.00521892961114645,0.1507449746131897,0.03752276673913002,0.016587356105446815,0.03058077208697796,0.005010497756302357,0.030366679653525352,0.0615808330476284,0.010190987959504128,0.008413996547460556,0.00707329111173749,0.07519641518592834,0.05318939685821533,0.015758933499455452,0.009281367994844913,0.032287489622831345,0.04137616232037544,0.012944585643708706,0.010719816200435162,0.03465387225151062,,,,,,,,,,,,,,,
unknown,さ,30,31,38.07568,38.1956,0.9980469,,0.029392879456281662,0.02850753627717495,0.027410365641117096,0.12177661806344986,0.023882346227765083,0.11222924292087555,0.016238681972026825,0.02222604490816593,0.0385073646903038,0.03439293056726456,0.08932742476463318,0.0920601636171341,0.11108767241239548,0.07226236164569855,0.05038948729634285,0.03632805868983269,0.019310252740979195,0.06351758539676666,0.02077123150229454,0.0514652281999588,0.014997112564742565,0.01845935545861721,0.019359158352017403,0.010741504840552807,0.012364491820335388,0.008579411543905735,0.14608219265937805,0.0316619910299778,0.003970139194279909,0.09184043109416962,0.0076963407918810844,0.011994527652859688,0.004599821288138628,0.004811986815184355,0.19960112869739532,0.04403328895568848,0.01764572225511074,0.03832521662116051,0.004037520848214626,0.03549754247069359,0.06433402746915817,0.009633139707148075,0.008551553823053837,0.005780554376542568,0.06432194262742996,0.06090159714221954,0.016414158046245575,0.008635379374027252,0.0339336097240448,0.05670119822025299,0.010847063735127449,0.008954941295087337,0.03497279807925224,,,,,,,,,,,,,,,
unknown,い,32,33,38.1956,38.6956,0.99316406,,0.029945718124508858,0.03006652556359768,0.02889879234135151,0.12392591685056686,0.020646773278713226,0.10502979159355164,0.015769733116030693,0.02121611312031746,0.03981047123670578,0.031576357781887054,0.09094425290822983,0.09429662674665451,0.11047353595495224,0.07938077300786972,0.047129906713962555,0.03928942233324051,0.024008730426430702,0.06540391594171524,0.0186513252556324,0.04560825973749161,0.013239153660833836,0.016098277643322945,0.020738298073410988,0.01107632927596569,0.012229204177856445,0.007369942497462034,0.16095313429832458,0.0326981246471405,0.004302884452044964,0.09980333596467972,0.006969769019633532,0.011552968062460423,0.004420662298798561,0.004010080825537443,0.22514036297798157,0.04765388369560242,0.019024571403861046,0.04433963820338249,0.003534741001203656,0.03781115263700485,0.06590177118778229,0.009526939131319523,0.010289166122674942,0.004925828892737627,0.05659051612019539,0.06696566194295883,0.02012242004275322,0.008074005134403706,0.031467899680137634,0.06348948180675507,0.009230250492691994,0.007902149111032486,0.0347122848033905,,,,,,,,,,,,,,,
unknown,神,34,35,45.110886,45.31075,0.92333984,,0.04636608436703682,0.05388938635587692,0.026545099914073944,0.12862873077392578,0.014417105354368687,0.06813033670186996,0.009350409731268883,0.027966728433966637,0.026761772111058235,0.018199659883975983,0.08838412910699844,0.08901018649339676,0.08004918694496155,0.056544650346040726,0.03726847842335701,0.060721177607774734,0.026778308674693108,0.09963551163673401,0.00822321604937315,0.018695514649152756,0.004558848682790995,0.00788679625838995,0.009882918559014797,0.019735373556613922,0.006023160181939602,0.004787404555827379,0.3256963789463043,0.03665997087955475,0.0038317248690873384,0.20353548228740692,0.0029567116871476173,0.030774246901273727,0.002715285634621978,0.0013643949059769511,0.24290013313293457,0.10118570178747177,0.02793075330555439,0.036748677492141724,0.0016960803186520934,0.07536111027002335,0.04020759090781212,0.013253957033157349,0.009325014427304268,0.0024684902746230364,0.04891098290681839,0.11014605313539505,0.01409294456243515,0.0037043364718556404,0.014551682397723198,0.07246594876050949,0.007031488232314587,0.005408692639321089,0.06939949840307236,,,,,,,,,,,,,,,
unknown,社,36,37,45.31075,45.81075,0.93652344,,0.01922367513179779,0.0210614874958992,0.016424788162112236,0.11969968676567078,0.03721224516630173,0.11384577304124832,0.013920060358941555,0.01618582010269165,0.033217400312423706,0.028460921719670296,0.07208306342363358,0.10414793342351913,0.0958327129483223,0.060025591403245926,0.06269942969083786,0.034107353538274765,0.022397512570023537,0.12306679040193558,0.016076846048235893,0.04614157974720001,0.014582197181880474,0.015688486397266388,0.01750038005411625,0.013576732948422432,0.008882950060069561,0.004045487381517887,0.22784624993801117,0.027735373005270958,0.0032657901756465435,0.1536744236946106,0.0073793926276266575,0.010290700942277908,0.00420948164537549,0.004383023828268051,0.19146016240119934,0.051316604018211365,0.013529433868825436,0.032955680042505264,0.0027648513205349445,0.05624038353562355,0.0424838587641716,0.005859606433659792,0.006256831809878349,0.003962081857025623,0.08009576052427292,0.060272447764873505,0.011845959350466728,0.0074038817547261715,0.026407776400446892,0.04147340729832649,0.004618873354047537,0.006992587354034185,0.057710498571395874,,,,,,,,,,,,,,,
unknown,天,38,39,50.558765,50.75846,0.9970703,,0.024355601519346237,0.027093658223748207,0.018861955031752586,0.1068435087800026,0.023662010207772255,0.10719427466392517,0.011788977310061455,0.018912481144070625,0.0308921430259943,0.02786882035434246,0.07418990880250931,0.0906691625714302,0.10670243948698044,0.06526006013154984,0.04772261530160904,0.03910087049007416,0.025709424167871475,0.10475029051303864,0.018162230029702187,0.03663768991827965,0.008987064473330975,0.011712601408362389,0.017682410776615143,0.014181649312376976,0.007419762667268515,0.0036187605001032352,0.2569558322429657,0.029636671766638756,0.0038816947489976883,0.17443138360977173,0.004478981252759695,0.012903966009616852,0.0041143507696688175,0.0021289123687893152,0.22109200060367584,0.06070166081190109,0.015138156712055206,0.02536558173596859,0.0019211902981624007,0.052201662212610245,0.04631609097123146,0.006779056042432785,0.006679510232061148,0.0038187794853001833,0.06266290694475174,0.06876814365386963,0.012152159586548805,0.0061771986074745655,0.023987755179405212,0.051376499235630035,0.004668425302952528,0.0070805964060127735,0.04918760061264038,,,,,,,,,,,,,,,
unknown,国,40,41,50.75846,51.25846,0.98876953,,0.042671382427215576,0.04818055406212807,0.026841871440410614,0.11450345069169998,0.012111122719943523,0.061279427260160446,0.0074959853664040565,0.03200008347630501,0.024732455611228943,0.02056708186864853,0.09908245503902435,0.09423051029443741,0.10147461295127869,0.08537326008081436,0.04118664190173149,0.061655543744564056,0.02125830203294754,0.08555585891008377,0.010803748853504658,0.022585313767194748,0.005611505825072527,0.006754668895155191,0.014050842262804508,0.018628744408488274,0.005839828867465258,0.003940718714147806,0.2608358860015869,0.04540726915001869,0.003720690496265888,0.1644132435321808,0.0027365931309759617,0.020419806241989136,0.0030184187926352024,0.0013857908779755235,0.24785800278186798,0.08765850216150284,0.025859760120511055,0.035216256976127625,0.0014623284805566072,0.07341412454843521,0.05548067390918732,0.008778052404522896,0.00983215682208538,0.002827501855790615,0.05104980245232582,0.10283537209033966,0.013145342469215393,0.004716552793979645,0.016431055963039398,0.06563755124807358,0.0054245698265731335,0.005413405131548643,0.060179028660058975,,,,,,,,,,,,,,,
unknown,2,42,43,56.54973,56.749428,0.984375,,0.0547800287604332,0.05333869904279709,0.03274764493107796,0.10299673676490784,0.018213100731372833,0.0779273509979248,0.007795152720063925,0.04145197197794914,0.021287161856889725,0.018181229010224342,0.0865149274468422,0.09198930114507675,0.0967969074845314,0.09296337515115738,0.05150740593671799,0.05991876870393753,0.01665995456278324,0.08711927384138107,0.016261769458651543,0.037043292075395584,0.00817113183438778,0.008661980740725994,0.014309308491647243,0.01981402188539505,0.006132572423666716,0.005857498850673437,0.26289060711860657,0.05082886666059494,0.0044891550205647945,0.15221662819385529,0.003037167713046074,0.020543307065963745,0.003438608953729272,0.0019249367760494351,0.22396054863929749,0.08415264636278152,0.024701979011297226,0.03450249135494232,0.002001923741772771,0.07430891692638397,0.06678305566310883,0.009178044274449348,0.008719082921743393,0.004153435118496418,0.049763187766075134,0.10416148602962494,0.011285875923931599,0.005766289308667183,0.020795263350009918,0.06502574682235718,0.007670063525438309,0.00548997987061739,0.06602104008197784,,,,,,,,,,,,,,,
unknown,0,44,45,56.749428,57.029007,0.9946289,,0.03474794700741768,0.02123941108584404,0.03780222684144974,0.13823744654655457,0.013194141909480095,0.06729622930288315,0.005348865874111652,0.02849031612277031,0.0295691080391407,0.022057106718420982,0.08520915359258652,0.10525636374950409,0.14721812307834625,0.16487082839012146,0.0757737085223198,0.03306261822581291,0.018328126519918442,0.05881340429186821,0.02654443122446537,0.07692466676235199,0.018735740333795547,0.006480237003415823,0.037174321711063385,0.009951739571988583,0.00851536262780428,0.007509492337703705,0.1370849460363388,0.04987458884716034,0.007706413511186838,0.056915029883384705,0.002926003886386752,0.0047958665527403355,0.0038372541312128305,0.0032031279988586903,0.30214324593544006,0.027181046083569527,0.00989158358424902,0.02716335840523243,0.0016617747023701668,0.03295489773154259,0.08245877921581268,0.0032776212319731712,0.008190655149519444,0.003791337599977851,0.09516975283622742,0.06280329078435898,0.022146103903651237,0.00971614383161068,0.034486979246139526,0.045019544661045074,0.010370937176048756,0.003915003500878811,0.031243987381458282,,,,,,,,,,,,,,,
unknown,2,46,47,57.029007,57.428402,0.99902344,,0.04122481122612953,0.030771370977163315,0.0354013629257679,0.11595950275659561,0.016791438683867455,0.08288486301898956,0.007302818354219198,0.031445104628801346,0.02740633115172386,0.022860374301671982,0.07915423065423965,0.10278843343257904,0.1487269401550293,0.13020707666873932,0.06549181044101715,0.03401820361614227,0.015966052189469337,0.06449438631534576,0.02460094913840294,0.06537801772356033,0.014549238607287407,0.008651313371956348,0.030554136261343956,0.01102131512016058,0.0074902926571667194,0.007160849869251251,0.16053539514541626,0.04906698316335678,0.006126781459897757,0.07504016160964966,0.003490380011498928,0.006899599451571703,0.0032688218634575605,0.0028292059432715178,0.26659083366394043,0.03635787591338158,0.014333444647490978,0.025264447554945946,0.0020529634784907103,0.03852063789963722,0.07316824048757553,0.0038483680691570044,0.008804388344287872,0.004284967668354511,0.07151278108358383,0.06109477952122688,0.017197715118527412,0.007700923830270767,0.03130505606532097,0.04669108986854553,0.009580071084201336,0.004851574543863535,0.033126119524240494,,,,,,,,,,,,,,,
unknown,5,48,49,57.428402,57.6281,0.99853516,,0.061020027846097946,0.06236449256539345,0.05003462731838226,0.10344181209802628,0.013116355985403061,0.05741233378648758,0.00666679535061121,0.03660577908158302,0.025283321738243103,0.027203846722841263,0.0917758196592331,0.09361930191516876,0.10004076361656189,0.0897529199719429,0.06213650107383728,0.059106629341840744,0.025355832651257515,0.06707824766635895,0.01723422482609749,0.04456206038594246,0.011424644850194454,0.006932271644473076,0.019680077210068703,0.02132354862987995,0.005335983354598284,0.0070392233319580555,0.2205432653427124,0.06466599553823471,0.005843994207680225,0.11729386448860168,0.0030641492921859026,0.015438662841916084,0.002635890617966652,0.0023697835858911276,0.26669788360595703,0.06833353638648987,0.038525696843862534,0.026122182607650757,0.0021243414375931025,0.044131357222795486,0.04943114519119263,0.00532112130895257,0.018733041360974312,0.0037405008915811777,0.05205622315406799,0.09398113191127777,0.031069861724972725,0.005756427999585867,0.0213997270911932,0.044609665870666504,0.010257980786263943,0.00539355119690299,0.039447933435440063,,,,,,,,,,,,,,,
unknown,年,50,51,57.6281,58.1281,0.9995117,,0.06578715145587921,0.07490731030702591,0.04705626145005226,0.135963574051857,0.01175454631447792,0.06240200623869896,0.0054406230337917805,0.034825097769498825,0.030964795500040054,0.02753371000289917,0.07761037349700928,0.07523620128631592,0.09525833278894424,0.0911979079246521,0.05988805741071701,0.054482150822877884,0.029910031706094742,0.05948518216609955,0.015380095690488815,0.03969579190015793,0.00966895092278719,0.005419211927801371,0.019549604505300522,0.02006642147898674,0.0065722158178687096,0.005198896396905184,0.23598642647266388,0.06418316811323166,0.007555527612566948,0.1253243386745453,0.0022193570621311665,0.016181262210011482,0.002603167202323675,0.0015650870045647025,0.2767866849899292,0.08231324702501297,0.05074163153767586,0.035956718027591705,0.0016864290228113532,0.04648789018392563,0.05344598740339279,0.0041405507363379,0.029325004667043686,0.0029711523093283176,0.06941626965999603,0.08824050426483154,0.04319677874445915,0.005748603492975235,0.01799546554684639,0.052411019802093506,0.0072695049457252026,0.00586052006110549,0.033059146255254745,,,,,,,,,,,,,,,
unknown,は,52,53,61.998352,62.118267,0.73291016,,0.059961676597595215,0.056167248636484146,0.035052310675382614,0.13441355526447296,0.01134366262704134,0.07608051598072052,0.005436263978481293,0.02596874162554741,0.03324246034026146,0.031138185411691666,0.0835559070110321,0.07658511400222778,0.10395018756389618,0.0908706784248352,0.05522581934928894,0.05642430856823921,0.023362576961517334,0.060598067939281464,0.017486948519945145,0.0368662104010582,0.007298851385712624,0.005037333350628614,0.020755017176270485,0.011591443791985512,0.006803544238209724,0.004727955441921949,0.2575717568397522,0.04022977873682976,0.006431901827454567,0.12463188171386719,0.001767914742231369,0.019352048635482788,0.0025992686860263348,0.0010067459661513567,0.31770065426826477,0.07405161112546921,0.033183250576257706,0.03784051537513733,0.0014240652089938521,0.049893900752067566,0.05132884532213211,0.004943816922605038,0.014041806571185589,0.0028274075593799353,0.06704956293106079,0.09075136482715607,0.01885843649506569,0.004981963895261288,0.018752222880721092,0.05991804599761963,0.007080253679305315,0.005508386064320803,0.033085260540246964,,,,,,,,,,,,,,,
unknown,い,54,55,62.118267,62.618267,0.40283203,,0.053448665887117386,0.07560696452856064,0.04309581592679024,0.12904217839241028,0.00835022609680891,0.054374970495700836,0.005572211928665638,0.029518337920308113,0.029590418562293053,0.038256071507930756,0.1119331419467926,0.07917043566703796,0.07458528876304626,0.10743171721696854,0.046938877552747726,0.09420168399810791,0.037946924567222595,0.07233639061450958,0.013123350217938423,0.02377854846417904,0.005351684987545013,0.004821322858333588,0.01588873751461506,0.02577570453286171,0.005686178803443909,0.004797660280019045,0.27623143792152405,0.06542721390724182,0.006235851906239986,0.15516819059848785,0.001654531341046095,0.02572568878531456,0.002774294698610902,0.0008591899531893432,0.2757033109664917,0.11897406727075577,0.0682717114686966,0.059796109795570374,0.0017947807209566236,0.052172690629959106,0.05633070692420006,0.00813207495957613,0.044142261147499084,0.003552671056240797,0.05354556068778038,0.12197636812925339,0.04959367215633392,0.00467275083065033,0.013192853890359402,0.05948217958211899,0.006082040257751942,0.010098187252879143,0.04201236367225647,,,,,,,,,,,,,,,
unknown,結,56,57,69.47299,69.71282,0.28320312,,0.0519808828830719,0.05893483757972717,0.03590526059269905,0.11082152277231216,0.012987064197659492,0.0880880057811737,0.0056968252174556255,0.02762528695166111,0.03442917391657829,0.03308486565947533,0.08696366846561432,0.08252788335084915,0.12244240194559097,0.12366244196891785,0.0644732415676117,0.06681352853775024,0.026891451328992844,0.07015153020620346,0.019136736169457436,0.04224952310323715,0.007775491569191217,0.005390333477407694,0.024272894486784935,0.016431400552392006,0.006674930918961763,0.004190931562334299,0.22184953093528748,0.05624112859368324,0.007183320354670286,0.11241099238395691,0.001711178687401116,0.020697414875030518,0.002997844945639372,0.0009323564008809626,0.25226691365242004,0.07208268344402313,0.045025791972875595,0.04119854420423508,0.0016001657349988818,0.05299020931124687,0.06922122836112976,0.00610683299601078,0.029269929975271225,0.003387436270713806,0.07410231232643127,0.10066155344247818,0.036818262189626694,0.005741981789469719,0.01775895245373249,0.05574097856879234,0.005406214389950037,0.009076987393200397,0.03907060995697975,,,,,,,,,,,,,,,
unknown,味,58,59,69.71282,70.21282,0.6220703,,0.04918822646141052,0.07125166803598404,0.06048715487122536,0.21833057701587677,0.006889526732265949,0.047967106103897095,0.004996476694941521,0.022495146840810776,0.04841707646846771,0.029918817803263664,0.06717091798782349,0.04628683626651764,0.07728195935487747,0.07810521870851517,0.05340733379125595,0.07367473840713501,0.07857770472764969,0.04250030592083931,0.012788758613169193,0.030524732545018196,0.00890189129859209,0.004137407522648573,0.01798555999994278,0.02740655280649662,0.011079803109169006,0.0032927696593105793,0.2547377943992615,0.058110449463129044,0.009701801463961601,0.14199300110340118,0.0017680334858596325,0.023207826539874077,0.004629851318895817,0.0012469727080315351,0.2460152506828308,0.12151378393173218,0.05996471270918846,0.053219273686409,0.0011782709043473005,0.043288927525281906,0.05324595794081688,0.005379102658480406,0.03861748054623604,0.0025692034978419542,0.09929545968770981,0.11912199854850769,0.07126976549625397,0.007867694832384586,0.013568777590990067,0.058872565627098083,0.004759989678859711,0.004832955077290535,0.030431775376200676,,,,,,,,,,,,,,,
unknown,棒,60,61,80.271324,80.391075,0.43701172,,0.0674980878829956,0.07189217954874039,0.05687801167368889,0.1669086515903473,0.013706104829907417,0.07142364978790283,0.00489485589787364,0.027735905721783638,0.040486861020326614,0.027492228895425797,0.05948229506611824,0.046038396656513214,0.08116753399372101,0.08328880369663239,0.07572866976261139,0.06349917501211166,0.0650804340839386,0.04751342907547951,0.021306419745087624,0.051204849034547806,0.01399383507668972,0.005121266003698111,0.022943077608942986,0.023145796731114388,0.00948250014334917,0.004211086314171553,0.223455548286438,0.05772188678383827,0.014741168357431889,0.11532048135995865,0.002068951027467847,0.017471758648753166,0.0034656289499253035,0.001596209011040628,0.24779392778873444,0.08494485169649124,0.05038115009665489,0.03235139325261116,0.0017655865522101521,0.046362798660993576,0.0585075244307518,0.004518465604633093,0.03782692924141884,0.0031941223423928022,0.10111749917268753,0.11463823914527893,0.08003875613212585,0.008131247013807297,0.019993046298623085,0.05996392294764519,0.005786700639873743,0.0045068226754665375,0.03311258926987648,,,,,,,,,,,,,,,
unknown,o,62,63,80.391075,80.55074,0.40576172,,0.0756344199180603,0.08106867223978043,0.05663325637578964,0.16396398842334747,0.015871068462729454,0.07234584540128708,0.004824004136025906,0.032162703573703766,0.035786502063274384,0.024726856499910355,0.045478593558073044,0.03986196964979172,0.08386307209730148,0.07562687247991562,0.07393316924571991,0.05359778180718422,0.06080469861626625,0.046343833208084106,0.024027153849601746,0.05174841359257698,0.014579501934349537,0.005784131586551666,0.02201385237276554,0.029192224144935608,0.008513855747878551,0.004576792940497398,0.23339444398880005,0.063453309237957,0.015279203653335571,0.13252654671669006,0.0022006696090102196,0.017476851120591164,0.00312955304980278,0.0018214696319773793,0.22889557480812073,0.09277097135782242,0.05781231448054314,0.028642863035202026,0.002192343818023801,0.04369758069515228,0.051647402346134186,0.004221541341394186,0.047019634395837784,0.0037341411225497723,0.10955465584993362,0.10121163725852966,0.098056860268116,0.007774983067065477,0.02171105518937111,0.0588952973484993,0.0059715271927416325,0.005156501196324825,0.03398090600967407,,,,,,,,,,,,,,,
unknown,ド,64,65,80.55074,80.670494,0.89453125,,0.06616437435150146,0.09106374531984329,0.05963641405105591,0.21140260994434357,0.012877740897238255,0.04976113513112068,0.004127915948629379,0.030605271458625793,0.032999977469444275,0.022275131195783615,0.047227565199136734,0.03513207286596298,0.06529722362756729,0.06897632777690887,0.07373006641864777,0.07002737373113632,0.07207861542701721,0.04661395773291588,0.015905078500509262,0.03943492844700813,0.013663067482411861,0.0048547289334237576,0.016293076798319817,0.04507309943437576,0.007767364848405123,0.004383828956633806,0.2644203305244446,0.06970593333244324,0.012048955075442791,0.16328637301921844,0.002044735476374626,0.020102484151721,0.0033291541039943695,0.0020371954888105392,0.2084776610136032,0.14172255992889404,0.08465024828910828,0.03946775197982788,0.0020662646275013685,0.05043940991163254,0.046230897307395935,0.004515549633651972,0.05813152715563774,0.0034410746302455664,0.11672073602676392,0.12176477164030075,0.10425841063261032,0.0074281333945691586,0.016263853758573532,0.05534769594669342,0.005515907891094685,0.004505367949604988,0.04098597913980484,,,,,,,,,,,,,,,
unknown,り,66,67,80.670494,81.170494,0.59814453,,0.059621743857860565,0.09727644175291061,0.04931492358446121,0.23998935520648956,0.016118012368679047,0.05749073252081871,0.0036001859698444605,0.026977958157658577,0.04360194131731987,0.02040250599384308,0.037790343165397644,0.023598654195666313,0.04337434470653534,0.05152997747063637,0.07955536991357803,0.06078818812966347,0.05116542428731918,0.04037776216864586,0.015469069592654705,0.03814949095249176,0.01423940435051918,0.004541877191513777,0.012623319402337074,0.04291423037648201,0.01190965250134468,0.005457224790006876,0.2732267677783966,0.059151094406843185,0.013986454345285892,0.1740408092737198,0.001502656377851963,0.018279800191521645,0.004165253601968288,0.0017531865742057562,0.18395878374576569,0.16462665796279907,0.10819320380687714,0.03967941552400589,0.0023763456847518682,0.054094087332487106,0.05023602396249771,0.0036734037566930056,0.08959925174713135,0.003375732572749257,0.12789390981197357,0.10496243834495544,0.12787440419197083,0.008980106562376022,0.016717391088604927,0.06036386266350746,0.006322925444692373,0.0043055228888988495,0.037493932992219925,,,,,,,,,,,,,,,
unknown,放,68,69,86.85769,87.057274,0.9980469,,0.0695057213306427,0.10590629279613495,0.06599932909011841,0.29522883892059326,0.006754704285413027,0.025829410180449486,0.0023812390863895416,0.03565320745110512,0.03342211991548538,0.0128586795181036,0.04365149140357971,0.02668808214366436,0.044807691127061844,0.07263687998056412,0.052521828562021255,0.07042922079563141,0.06962859630584717,0.04074680060148239,0.00879825558513403,0.021636253222823143,0.0076614017598330975,0.002607562579214573,0.010951042175292969,0.0570569671690464,0.008829799480736256,0.004761106800287962,0.3383123576641083,0.0785335972905159,0.013619538396596909,0.22034579515457153,0.0011580177815631032,0.016943085938692093,0.003601291449740529,0.001464670174755156,0.26900187134742737,0.2100837677717209,0.10761595517396927,0.08122380077838898,0.0013467356329783797,0.06715335696935654,0.055257394909858704,0.003570143599063158,0.08943787962198257,0.0024933908134698868,0.10320630669593811,0.12968315184116364,0.12740014493465424,0.006784502882510424,0.013006042689085007,0.07899224758148193,0.0059674992226064205,0.0018129978561773896,0.047312624752521515,,,,,,,,,,,,,,,
unknown,課,70,71,87.057274,87.21694,0.99609375,,0.04950106143951416,0.06673593074083328,0.039981719106435776,0.2685277462005615,0.013128983788192272,0.05806175246834755,0.004058705177158117,0.027860037982463837,0.05077050253748894,0.025046683847904205,0.04151751473546028,0.03235728293657303,0.05354708433151245,0.0793633833527565,0.06411278992891312,0.044360533356666565,0.053209803998470306,0.03955262154340744,0.015478958375751972,0.0356953889131546,0.01204067375510931,0.004785468336194754,0.014994634315371513,0.030246125534176826,0.014334600418806076,0.006508379243314266,0.28231772780418396,0.05882001295685768,0.015488511882722378,0.17404432594776154,0.0017150751082226634,0.010480985045433044,0.00480799563229084,0.0019492824794724584,0.28060734272003174,0.1203136295080185,0.05370097979903221,0.06091218814253807,0.0022404745686799288,0.04523812234401703,0.0667617991566658,0.0027528132777661085,0.05480995774269104,0.003206702182069421,0.1068987026810646,0.08344939351081848,0.09620070457458496,0.00939745083451271,0.02060926891863346,0.07313890755176544,0.0071042124181985855,0.003951558377593756,0.028743278235197067,,,,,,,,,,,,,,,
unknown,後,72,73,87.21694,87.71694,0.984375,,0.058089397847652435,0.09491492807865143,0.055259015411138535,0.18843743205070496,0.01351503748446703,0.042493220418691635,0.003291851608082652,0.031752265989780426,0.03243079036474228,0.02033189684152603,0.042369697242975235,0.04018167406320572,0.04550650715827942,0.073737733066082,0.06755053251981735,0.04836636781692505,0.07658491283655167,0.06718885898590088,0.015867499634623528,0.03527390584349632,0.012634809128940105,0.0047416384331882,0.01029672846198082,0.03938518464565277,0.008426194079220295,0.007693395484238863,0.33415332436561584,0.0739017128944397,0.014085860922932625,0.2012946605682373,0.001557827228680253,0.014274117536842823,0.0049589588306844234,0.0023419568315148354,0.2613869607448578,0.12415353953838348,0.08486039191484451,0.09644796699285507,0.002261773683130741,0.05441984906792641,0.041747983545064926,0.0024936869740486145,0.06591938436031342,0.005448387935757637,0.07760871201753616,0.08333157747983932,0.10492800921201706,0.008760555647313595,0.015396046452224255,0.0405297577381134,0.009075386449694633,0.0032445362303406,0.03816623240709305,,,,,,,,,,,,,,,
unknown,会,74,75,99.45283,99.69246,0.32128906,,0.026696087792515755,0.03056114912033081,0.026567213237285614,0.21580664813518524,0.039441194385290146,0.09019297361373901,0.00366913597099483,0.01821570098400116,0.03577256575226784,0.021734721958637238,0.044595252722501755,0.05674947798252106,0.05164533481001854,0.0750008225440979,0.15798084437847137,0.028508616611361504,0.04110412672162056,0.09619452059268951,0.019340790808200836,0.08685751259326935,0.03214741870760918,0.0063787358812987804,0.015541208907961845,0.018864326179027557,0.009038849733769894,0.006581401452422142,0.21419557929039001,0.04440876469016075,0.013968640938401222,0.11262152343988419,0.0028144335374236107,0.005973328370600939,0.0043117087334394455,0.0050896331667900085,0.1993861198425293,0.04818127304315567,0.023059289902448654,0.03889426216483116,0.0024309444706887007,0.04739348217844963,0.04561934992671013,0.0019519355846568942,0.02331271953880787,0.004088393412530422,0.19647277891635895,0.05563959851861,0.05763635039329529,0.011453870683908463,0.023519909009337425,0.02563629485666752,0.007913737557828426,0.0026089746970683336,0.04284831881523132,,,,,,,,,,,,,,,
unknown,話,76,77,99.69246,100.19246,0.50634766,,0.023706680163741112,0.025557497516274452,0.02130698412656784,0.15896016359329224,0.058084066957235336,0.1652095764875412,0.00398693373426795,0.015915803611278534,0.038545966148376465,0.02769913524389267,0.04041190445423126,0.05052468553185463,0.05261266976594925,0.0864948034286499,0.2311987727880478,0.02471957914531231,0.029049120843410492,0.06995224952697754,0.03294310346245766,0.16436821222305298,0.05656161904335022,0.006789201404899359,0.02307341992855072,0.01120237447321415,0.011866850778460503,0.006077076308429241,0.15182919800281525,0.03617219626903534,0.01770031452178955,0.07520778477191925,0.0022164068650454283,0.005345892161130905,0.005716685205698013,0.0041818455792963505,0.17038802802562714,0.03268968313932419,0.018644385039806366,0.03102901205420494,0.0020823851227760315,0.03860221058130264,0.05259956046938896,0.0017007413553074002,0.018915269523859024,0.0041908035054802895,0.19989316165447235,0.04564211517572403,0.048785269260406494,0.016916722059249878,0.028444580733776093,0.022878218442201614,0.0072541674599051476,0.004684540908783674,0.028445441275835037,,,,,,,,,,,,,,,
unknown,ビ,78,79,104.38066,104.500496,0.96972656,,0.017555182799696922,0.018143868073821068,0.016606926918029785,0.13708923757076263,0.07332157343626022,0.21428059041500092,0.007139754481613636,0.012500668875873089,0.05066181346774101,0.03632308170199394,0.037313561886548996,0.058917708694934845,0.06721450388431549,0.11194232851266861,0.24879677593708038,0.01824195310473442,0.028192399069666862,0.07862813770771027,0.045053400099277496,0.21645201742649078,0.06703619658946991,0.011550119146704674,0.03753966838121414,0.007754521910101175,0.01521577499806881,0.007085466757416725,0.11412857472896576,0.03390005603432655,0.01786600612103939,0.05454481393098831,0.00428028916940093,0.0034411693923175335,0.006533446256071329,0.005639160517603159,0.15487706661224365,0.01959279738366604,0.012922784313559532,0.028807830065488815,0.0031065340153872967,0.030000928789377213,0.06669950485229492,0.0014156351098790765,0.017419883981347084,0.006304982118308544,0.18412509560585022,0.031760621815919876,0.048021625727415085,0.021236075088381767,0.032498061656951904,0.01660614274442196,0.007230229675769806,0.006281009875237942,0.021428028121590614,,,,,,,,,,,,,,,
unknown,リ,80,81,104.500496,104.62032,0.46948242,,0.022970380261540413,0.035132069140672684,0.023090053349733353,0.1141522228717804,0.04071802273392677,0.1369290053844452,0.007529183756560087,0.01737544685602188,0.04941311478614807,0.047154150903224945,0.06222671642899513,0.06572579592466354,0.07172059267759323,0.12985612452030182,0.1614135056734085,0.036643896251916885,0.04084937646985054,0.0697675421833992,0.031714845448732376,0.11338399350643158,0.0350370891392231,0.009621826000511646,0.02913159877061844,0.013279123231768608,0.013545532710850239,0.007251025643199682,0.14620983600616455,0.05259315297007561,0.013475967571139336,0.0774218738079071,0.003325152676552534,0.007903989404439926,0.008268269710242748,0.0035936408676207066,0.18728165328502655,0.03903977945446968,0.030257759615778923,0.05035772919654846,0.0030172637198120356,0.03858247771859169,0.06679906696081161,0.002341747982427478,0.030359992757439613,0.006794988643378019,0.10979112982749939,0.04984741285443306,0.053040459752082825,0.01813732460141182,0.023292822763323784,0.021879011765122414,0.007815071381628513,0.008413426578044891,0.024773288518190384,,,,,,,,,,,,,,,
unknown,ビ,82,83,104.62032,104.74015,0.9658203,,0.027967896312475204,0.03484378755092621,0.0201101116836071,0.11194159835577011,0.04580332338809967,0.12265967577695847,0.006820069160312414,0.020429570227861404,0.026019496843218803,0.0740257129073143,0.04856919124722481,0.07269962131977081,0.05927303805947304,0.108561210334301,0.13246984779834747,0.09789769351482391,0.02513750083744526,0.13054750859737396,0.04733528941869736,0.07565842568874359,0.021666381508111954,0.013886130414903164,0.014371183700859547,0.039059046655893326,0.011351157911121845,0.006316232029348612,0.2870478630065918,0.05304666981101036,0.004955918062478304,0.16548782587051392,0.0023753412533551455,0.020913779735565186,0.010282873176038265,0.0027370129246264696,0.08431199193000793,0.10720857232809067,0.02714918553829193,0.09325027465820312,0.005168674513697624,0.1071644276380539,0.09642728418111801,0.009281929582357407,0.010346772149205208,0.01633702591061592,0.05838571488857269,0.13798972964286804,0.013076206669211388,0.018549539148807526,0.016784001141786575,0.02388484589755535,0.005213577765971422,0.027110068127512932,0.13447564840316772,,,,,,,,,,,,,,,
unknown,リ,84,85,104.74015,105.24015,0.85839844,,0.031023090705275536,0.04447905346751213,0.01856323704123497,0.12317140400409698,0.07370825856924057,0.10757272690534592,0.004184153862297535,0.023122450336813927,0.02219899743795395,0.031683553010225296,0.030088935047388077,0.03554455563426018,0.05086176469922066,0.06393583863973618,0.1457817256450653,0.07160615175962448,0.025881201028823853,0.1033625677227974,0.03835713118314743,0.07501399517059326,0.027084071189165115,0.011761089786887169,0.008816833607852459,0.05723419785499573,0.010175089351832867,0.006582841742783785,0.27484190464019775,0.050621695816516876,0.006889866665005684,0.17156235873699188,0.0017853801837190986,0.01524229347705841,0.008670007809996605,0.0034960045013576746,0.06967056542634964,0.11962871253490448,0.03459830954670906,0.06136846914887428,0.005192015320062637,0.1254608929157257,0.06410446017980576,0.005960093345493078,0.015336783602833748,0.014417354948818684,0.06610354036092758,0.11948927491903305,0.02414068952202797,0.017969930544495583,0.01830148883163929,0.023989710956811905,0.005604928359389305,0.010789839550852776,0.1426275372505188,,,,,,,,,,,,,,,
unknown,子,86,87,112.60899,112.72882,0.8198242,,0.043362222611904144,0.05145774036645889,0.017362209036946297,0.10598994046449661,0.10032770782709122,0.11991582810878754,0.003908080514520407,0.026035204529762268,0.015968285501003265,0.020746493712067604,0.02027328684926033,0.033124569803476334,0.03955833986401558,0.05308738723397255,0.18155646324157715,0.05187320336699486,0.013876753859221935,0.12483995407819748,0.039118796586990356,0.09842200577259064,0.03241138532757759,0.012828652746975422,0.008216748014092445,0.03728501871228218,0.008389870636165142,0.007488642353564501,0.27435892820358276,0.03974814713001251,0.0068095047026872635,0.1546478271484375,0.002028929302468896,0.015343508683145046,0.006842885632067919,0.0040185051038861275,0.058842871338129044,0.09728690981864929,0.032848525792360306,0.0484297014772892,0.005220964550971985,0.1647050827741623,0.05583235248923302,0.004422272555530071,0.008287915028631687,0.01579890586435795,0.07359456270933151,0.09396503120660782,0.010634008795022964,0.01719197817146778,0.017548786476254463,0.018309596925973892,0.006872041150927544,0.007813673466444016,0.15884281694889069,,,,,,,,,,,,,,,
unknown,供,88,89,112.72882,113.22882,0.9550781,,0.026250360533595085,0.030212881043553352,0.013036330230534077,0.10545625537633896,0.17643781006336212,0.16290374100208282,0.005415544379502535,0.015618075616657734,0.023754118010401726,0.02451177127659321,0.010516148991882801,0.020406441763043404,0.044445015490055084,0.03997083753347397,0.23480361700057983,0.029267726466059685,0.011657701805233955,0.07904380559921265,0.06963540613651276,0.14484071731567383,0.06787002086639404,0.02610102668404579,0.008008123375475407,0.025554044172167778,0.01612848788499832,0.015095323324203491,0.17088817059993744,0.025676527991890907,0.007339701987802982,0.09111166000366211,0.002523939125239849,0.008610330522060394,0.011500912718474865,0.008798088878393173,0.03763473778963089,0.05857359990477562,0.021367665380239487,0.06057727709412575,0.014289314858615398,0.10101386159658432,0.05010576173663139,0.0031019847374409437,0.006268859375268221,0.039290860295295715,0.07743096351623535,0.05417327955365181,0.009400450624525547,0.03235901892185211,0.027406685054302216,0.011240487918257713,0.010991004295647144,0.01029136311262846,0.09592921286821365,,,,,,,,,,,,,,,
unknown,雪,90,91,118.29809,118.79809,0.9477539,,0.03125442937016487,0.038712188601493835,0.02099454589188099,0.14428909122943878,0.08658606559038162,0.15096883475780487,0.0034990007989108562,0.02163785696029663,0.022912917658686638,0.029474077746272087,0.026194121688604355,0.03307628631591797,0.062466513365507126,0.08689211308956146,0.21706052124500275,0.046740468591451645,0.010627484880387783,0.0696914866566658,0.05842313915491104,0.13260942697525024,0.05015363171696663,0.015304287895560265,0.01100948080420494,0.02063964493572712,0.013354690745472908,0.01571853831410408,0.14547893404960632,0.04070940241217613,0.006436150521039963,0.06256534159183502,0.0015096962451934814,0.013103875331580639,0.009278301149606705,0.004942088387906551,0.05949978157877922,0.06429829448461533,0.03432688117027283,0.10129520297050476,0.010497154667973518,0.10232993960380554,0.07239706069231033,0.0037509265821427107,0.010815504938364029,0.02850235067307949,0.11682682484388351,0.07090897858142853,0.011736558750271797,0.02422434650361538,0.023766379803419113,0.015187069773674011,0.012043071910738945,0.013761625625193119,0.08105187863111496,,,,,,,,,,,,,,,
unknown,音,92,93,123.654495,123.814384,0.9995117,,0.04092342406511307,0.031123103573918343,0.025590309873223305,0.11624303460121155,0.04762793332338333,0.07971438765525818,0.006107032764703035,0.023952221497893333,0.026407087221741676,0.018794788047671318,0.03153647109866142,0.0897340476512909,0.08522641658782959,0.1368321180343628,0.12015008926391602,0.042465031147003174,0.007897860370576382,0.14849214255809784,0.03159667178988457,0.08371324837207794,0.02757059596478939,0.019356587901711464,0.013948798179626465,0.016060566529631615,0.015441568568348885,0.021364061161875725,0.19488680362701416,0.04629068076610565,0.003319325391203165,0.0651032105088234,0.0036844632122665644,0.014107982628047466,0.010843069292604923,0.007357464171946049,0.10830231755971909,0.04141338914632797,0.020414607599377632,0.1285582035779953,0.011841456405818462,0.14170360565185547,0.07631542533636093,0.004168440122157335,0.005411660298705101,0.020708756521344185,0.06625844538211823,0.07738879323005676,0.006872218567878008,0.023128235712647438,0.019335489720106125,0.016095535829663277,0.016455762088298798,0.012227335013449192,0.11520783603191376,,,,,,,,,,,,,,,
unknown,楽,94,95,123.814384,124.314384,0.9995117,,0.0470736138522625,0.03476092219352722,0.028467504307627678,0.10648231208324432,0.04111489653587341,0.07190721482038498,0.010087832808494568,0.03097507357597351,0.023715807124972343,0.019342977553606033,0.06345532834529877,0.11623548716306686,0.08704427629709244,0.1778138428926468,0.10932064056396484,0.0426282063126564,0.004608768504112959,0.1100362241268158,0.03426104411482811,0.0903257355093956,0.022980470210313797,0.025668367743492126,0.018328409641981125,0.009693872183561325,0.011281769722700119,0.03541995584964752,0.1573573797941208,0.04697636142373085,0.0024965947959572077,0.05806921795010567,0.00931903999298811,0.01578059233725071,0.007527212146669626,0.012923498637974262,0.15894363820552826,0.03414782136678696,0.022974643856287003,0.15172936022281647,0.01409977674484253,0.09317764639854431,0.09028546512126923,0.004817584995180368,0.005429497454315424,0.025935089215636253,0.06368408352136612,0.06263388693332672,0.0037855450063943863,0.016347918659448624,0.027094697579741478,0.017273692414164543,0.03104117326438427,0.007574826013296843,0.07749906182289124,,,,,,,,,,,,,,,
unknown,馬,96,97,128.4113,128.9113,0.76123047,,0.02189824916422367,0.030233507975935936,0.007952089421451092,0.07191088050603867,0.29603105783462524,0.20791129767894745,0.010398266837000847,0.016306618228554726,0.027558477595448494,0.007085604593157768,0.008654007688164711,0.013745367527008057,0.05865608900785446,0.032597318291664124,0.2439771443605423,0.008323458023369312,0.003457319922745228,0.03332729637622833,0.07019799947738647,0.22836318612098694,0.13547995686531067,0.06413882970809937,0.00831239577382803,0.0066078901290893555,0.017908746376633644,0.05221375823020935,0.0704253613948822,0.015324068255722523,0.0036413376219570637,0.03683505579829216,0.009329840540885925,0.006799913477152586,0.016832508146762848,0.045266177505254745,0.05524256080389023,0.019786927849054337,0.03111865185201168,0.04079097881913185,0.030072931200265884,0.04095473885536194,0.028866175562143326,0.0012174039147794247,0.004980918951332569,0.05489175021648407,0.09678690135478973,0.01365233026444912,0.0048992931842803955,0.037526316940784454,0.07417510449886322,0.007938685826957226,0.03927072510123253,0.006181253120303154,0.019769633188843727,,,,,,,,,,,,,,,
unknown,透,98,99,134.505,134.74501,0.9873047,,0.07802313566207886,0.1020669937133789,0.020749608054757118,0.08197489380836487,0.0897505059838295,0.08894770592451096,0.006349898409098387,0.0437159463763237,0.01127487514168024,0.007312669884413481,0.011679264716804028,0.029270993545651436,0.039925508201122284,0.03758879378437996,0.07942596077919006,0.029078664258122444,0.014743403531610966,0.1140289381146431,0.02741602621972561,0.05460727587342262,0.01726391166448593,0.02134253829717636,0.0051268525421619415,0.027922704815864563,0.006524947006255388,0.010012319311499596,0.39092013239860535,0.0360526405274868,0.004364360123872757,0.26841607689857483,0.004735924769192934,0.023541755974292755,0.005420040339231491,0.007976796478033066,0.11018259078264236,0.1104179099202156,0.05625704675912857,0.13776397705078125,0.007748614531010389,0.15746209025382996,0.03310523182153702,0.003292603651061654,0.0066476911306381226,0.020773818716406822,0.04129250720143318,0.059818483889102936,0.00478828651830554,0.009613770991563797,0.028380149975419044,0.033449381589889526,0.008310142904520035,0.003132589627057314,0.10923708975315094,,,,,,,,,,,,,,,
unknown,明,100,101,134.74501,135.24501,0.9760742,,0.0750262662768364,0.0636090487241745,0.020258549600839615,0.07204539328813553,0.11057565361261368,0.1277308166027069,0.006983604747802019,0.03892103582620621,0.010136366821825504,0.00816325843334198,0.015512028709053993,0.05228545516729355,0.04563790187239647,0.06235435977578163,0.1051522046327591,0.02544296160340309,0.012049167416989803,0.19200074672698975,0.0441121868789196,0.08453918993473053,0.021390654146671295,0.023937879130244255,0.007478129118680954,0.016132865101099014,0.0063017611391842365,0.012826556339859962,0.3791930377483368,0.031751397997140884,0.005638521164655685,0.20514996349811554,0.004738941323012114,0.020212208852171898,0.006654846016317606,0.007319876924157143,0.1328708827495575,0.0637596994638443,0.02585851587355137,0.09358152002096176,0.007068077102303505,0.15550726652145386,0.043856922537088394,0.00337881688028574,0.0031534964218735695,0.02434803918004036,0.04887786880135536,0.0589880496263504,0.0026784315705299377,0.012204867787659168,0.029718082398176193,0.024916818365454674,0.011847232468426228,0.0037798858247697353,0.11987755447626114,,,,,,,,,,,,,,,
unknown,古,102,103,140.625,140.785,0.9921875,,0.045152660459280014,0.04166948050260544,0.017930449917912483,0.0883195623755455,0.1339644342660904,0.18397735059261322,0.008038266561925411,0.026198338717222214,0.011121567338705063,0.011112627573311329,0.01338272262364626,0.04103156551718712,0.039887115359306335,0.042890362441539764,0.10608289390802383,0.03162398561835289,0.013402914628386497,0.13396190106868744,0.050717663019895554,0.09206472337245941,0.02817140705883503,0.02682570554316044,0.006120533216744661,0.020555280148983,0.00814371183514595,0.007943836972117424,0.34035545587539673,0.024050671607255936,0.004331256728619337,0.2297818809747696,0.004490206949412823,0.017837414517998695,0.005416885484009981,0.007869879715144634,0.09207393229007721,0.07447046786546707,0.018394388258457184,0.10072637349367142,0.0077954912558197975,0.1409635841846466,0.04200549051165581,0.006356496829539537,0.002984030405059457,0.021197346970438957,0.05397982522845268,0.07893212884664536,0.003701683133840561,0.010936790145933628,0.03781028091907501,0.03385920077562332,0.006379854865372181,0.004155476577579975,0.1320168823003769,,,,,,,,,,,,,,,
unknown,民,104,105,140.785,141.065,0.9477539,,0.05856374278664589,0.05045809969305992,0.025340039283037186,0.10490472614765167,0.06608060002326965,0.1385858803987503,0.007155368570238352,0.03096676617860794,0.014180564321577549,0.018206343054771423,0.011829971335828304,0.036098383367061615,0.04405289888381958,0.03366968408226967,0.07397233694791794,0.030839186161756516,0.01670158840715885,0.09284641593694687,0.04790996015071869,0.07130098342895508,0.020889561623334885,0.02101905643939972,0.006254980340600014,0.024905236437916756,0.008739248849451542,0.0061094630509614944,0.36991292238235474,0.02933196909725666,0.004740286618471146,0.27539947628974915,0.003835665760561824,0.014703339897096157,0.00362051441334188,0.005784353706985712,0.10086702555418015,0.08411913365125656,0.017561065033078194,0.08864372223615646,0.006380337290465832,0.11191834509372711,0.03602242097258568,0.005647714249789715,0.003438569139689207,0.018095366656780243,0.048912469297647476,0.07852432131767273,0.005845936946570873,0.009159281849861145,0.036386363208293915,0.04246737062931061,0.005012427922338247,0.004228327888995409,0.10326246917247772,,,,,,,,,,,,,,,
unknown,家,106,107,141.065,141.565,0.97509766,,0.0788431167602539,0.07208487391471863,0.03604183346033096,0.10948652029037476,0.034620530903339386,0.08894745260477066,0.006559842731803656,0.0392024889588356,0.013361334800720215,0.0160317774862051,0.01715538464486599,0.041504260152578354,0.04055902361869812,0.04015661031007767,0.049926795065402985,0.04538220167160034,0.019459735602140427,0.09120085835456848,0.033168159425258636,0.04072992131114006,0.011567983776330948,0.016577748581767082,0.0049904691986739635,0.03193843364715576,0.0077375201508402824,0.007887860760092735,0.41704460978507996,0.03655673563480377,0.003918081521987915,0.2991122901439667,0.002964751096442342,0.027444833889603615,0.003184861270710826,0.00390500552020967,0.12107869982719421,0.1243789866566658,0.02848128229379654,0.1374061554670334,0.0067163994535803795,0.11866100877523422,0.039093825966119766,0.00934235006570816,0.005433009937405586,0.016715552657842636,0.03555583953857422,0.10595307499170303,0.006993172690272331,0.006821046583354473,0.02557641826570034,0.05509175732731819,0.0065536899492144585,0.004564458969980478,0.11760992556810379,,,,,,,,,,,,,,,
unknown,小,108,109,147.91132,148.1908,0.99902344,,0.08986563235521317,0.08153330534696579,0.02338310331106186,0.09536478668451309,0.038227204233407974,0.07509194314479828,0.004649504087865353,0.04337796941399574,0.010540026240050793,0.011907881125807762,0.01231613289564848,0.03068733960390091,0.03841781988739967,0.023052869364619255,0.04087385535240173,0.03106851875782013,0.007588585838675499,0.08669646829366684,0.02259032614529133,0.030373040586709976,0.007123062387108803,0.01335492916405201,0.003474922850728035,0.02839089371263981,0.004761223215609789,0.0076906937174499035,0.4782804250717163,0.027140730991959572,0.00281488336622715,0.3611413538455963,0.0021528417710214853,0.019016679376363754,0.0017361199716106057,0.0027504723984748125,0.11153071373701096,0.1339699774980545,0.028912851586937904,0.10057704150676727,0.00499348808079958,0.13192790746688843,0.026812933385372162,0.00611615926027298,0.003748545190319419,0.013367466628551483,0.027460480108857155,0.07196379452943802,0.0035605968441814184,0.0041224537417292595,0.02555733360350132,0.05664722993969917,0.0070621417835354805,0.003332170657813549,0.12579186260700226,,,,,,,,,,,,,,,
unknown,さ,110,111,148.1908,148.27065,0.99902344,,0.04495302215218544,0.04993673413991928,0.025176014751195908,0.09839125722646713,0.019770026206970215,0.0581735335290432,0.005462323781102896,0.030224155634641647,0.014102952554821968,0.025521965697407722,0.034135207533836365,0.06686265766620636,0.05271897464990616,0.043620917946100235,0.03536383435130119,0.049638234078884125,0.012428265996277332,0.11591482162475586,0.01582694798707962,0.02075985260307789,0.004869772121310234,0.009966974146664143,0.005378615576773882,0.027059635147452354,0.004496196750551462,0.004131007939577103,0.45022258162498474,0.03450099751353264,0.0022828192450106144,0.33939221501350403,0.002487180521711707,0.015928929671645164,0.0020175341051071882,0.0020876131020486355,0.14626610279083252,0.13168832659721375,0.022767428308725357,0.16288942098617554,0.003443694207817316,0.11984924972057343,0.029754359275102615,0.005953188985586166,0.004561873618513346,0.008325047791004181,0.024100519716739655,0.08216726034879684,0.00411366019397974,0.003942479379475117,0.016155559569597244,0.04508090019226074,0.003759216982871294,0.005890976637601852,0.1222696602344513,,,,,,,,,,,,,,,
unknown,い,112,113,148.27065,148.39041,0.98095703,,0.053111739456653595,0.06328649818897247,0.03718843683600426,0.12442401051521301,0.012693255208432674,0.07288283109664917,0.007040549069643021,0.033184342086315155,0.022151879966259003,0.040187373757362366,0.05771700665354729,0.07659336924552917,0.06627364456653595,0.07291728258132935,0.03498471528291702,0.05496859550476074,0.01621893234550953,0.08818299323320389,0.029344450682401657,0.029989976435899734,0.0054762884974479675,0.010499505326151848,0.010620353743433952,0.019543537870049477,0.007207557559013367,0.006043281871825457,0.3769419193267822,0.045448195189237595,0.003565494203940034,0.2578650116920471,0.0027481361757963896,0.013741707429289818,0.0028752468060702085,0.0018103421898558736,0.20122690498828888,0.11873269081115723,0.03284238651394844,0.18358302116394043,0.003848097985610366,0.07799024879932404,0.04250028729438782,0.005346460733562708,0.00931114237755537,0.010964996181428432,0.026468798518180847,0.07850335538387299,0.008026672527194023,0.005724141374230385,0.0209327545017004,0.04977646842598915,0.005970655474811792,0.007543468847870827,0.06147143244743347,,,,,,,,,,,,,,,
unknown,動,114,115,148.39041,148.55011,0.9941406,,0.0570811852812767,0.07858102768659592,0.033917754888534546,0.1158735379576683,0.008929174393415451,0.041868045926094055,0.005066763609647751,0.037281736731529236,0.01877763494849205,0.033633600920438766,0.05254595726728439,0.06500208377838135,0.04182058945298195,0.04559662193059921,0.026541754603385925,0.0716475248336792,0.018588591367006302,0.09025048464536667,0.014003888703882694,0.013614742085337639,0.0032634730450809,0.006637025624513626,0.005360354669392109,0.03633664548397064,0.005695655010640621,0.005673890933394432,0.4588008522987366,0.046715330332517624,0.0032842529471963644,0.3733244240283966,0.001631962601095438,0.02082855999469757,0.0022512043360620737,0.0011888473527505994,0.19505956768989563,0.17583055794239044,0.04606175422668457,0.14405150711536407,0.002758569549769163,0.09918788075447083,0.03687172010540962,0.009202285669744015,0.014226049184799194,0.006569566670805216,0.020045747980475426,0.11321287602186203,0.013380507938563824,0.003941161558032036,0.014961544424295425,0.07236996293067932,0.006167652551084757,0.006475326605141163,0.0970354825258255,,,,,,,,,,,,,,,
unknown,物,116,117,148.55011,149.05011,0.97753906,,0.0689070001244545,0.07137081772089005,0.05236321687698364,0.1161896213889122,0.004379073157906532,0.0297419223934412,0.003317857626825571,0.03924955427646637,0.016359148547053337,0.035702385008335114,0.06863778829574585,0.09324335306882858,0.044266071170568466,0.06315325200557709,0.028583016246557236,0.08473784476518631,0.010261237621307373,0.08775565773248672,0.007934518158435822,0.011801167391240597,0.0026514404453337193,0.00344349117949605,0.0060178618878126144,0.021004194393754005,0.0044914111495018005,0.0036213563289493322,0.4484766125679016,0.04686523973941803,0.002764755627140403,0.29940709471702576,0.001059651025570929,0.025176487863063812,0.001478451187722385,0.0007591012981720269,0.22227118909358978,0.1560627520084381,0.03219417855143547,0.18578211963176727,0.0013419754104688764,0.1451701521873474,0.03665343299508095,0.007549874018877745,0.006303053814917803,0.0033962796442210674,0.02265799045562744,0.12510745227336884,0.0047646635212004185,0.003035098547115922,0.00886901281774044,0.06256468594074249,0.004470266867429018,0.00570380873978138,0.11061979830265045,,,,,,,,,,,,,,,
unknown,お,118,119,152.62238,152.70222,0.9355469,,0.04960940405726433,0.07050706446170807,0.028026362881064415,0.08967748284339905,0.00558515964075923,0.02015947550535202,0.003003868740051985,0.030846748501062393,0.009598985314369202,0.02539091370999813,0.034446023404598236,0.07408607006072998,0.03088703751564026,0.030002232640981674,0.022800887003540993,0.059717535972595215,0.015622753649950027,0.12572622299194336,0.00348662119358778,0.005983894690871239,0.0017965207807719707,0.0031771971844136715,0.0030974443070590496,0.04119338095188141,0.0018857872346416116,0.0021336774807423353,0.595736563205719,0.04132292419672012,0.001948079327121377,0.4898338317871094,0.0009621268254704773,0.016043024137616158,0.0008432446047663689,0.000625343294814229,0.18866869807243347,0.18570944666862488,0.03703703358769417,0.08080980181694031,0.0010345042683184147,0.1328018456697464,0.01865418814122677,0.0044495826587080956,0.006857132539153099,0.0018678046762943268,0.015034064650535583,0.09835989773273468,0.006628474686294794,0.0015631633577868342,0.005703737027943134,0.04495348036289215,0.0024556100834161043,0.004688489716500044,0.13105365633964539,,,,,,,,,,,,,,,
unknown,化,120,121,152.70222,152.86192,0.88623047,,0.08582347631454468,0.07475944608449936,0.06611127406358719,0.1505911648273468,0.014057963155210018,0.04736468940973282,0.009553792886435986,0.05179290100932121,0.022572362795472145,0.014290965162217617,0.03282004967331886,0.08718039840459824,0.04256392642855644,0.06541112065315247,0.0386708565056324,0.05668920651078224,0.023785682395100594,0.14976279437541962,0.01750197820365429,0.024525433778762817,0.00980148185044527,0.013906517997384071,0.008706741966307163,0.035154420882463455,0.014959515072405338,0.013281448744237423,0.4425027072429657,0.058967072516679764,0.00484100729227066,0.2750214636325836,0.004070243798196316,0.03345082327723503,0.0049168625846505165,0.004052146337926388,0.2024533748626709,0.11534188687801361,0.028421856462955475,0.10586778074502945,0.005204115994274616,0.12520229816436768,0.058860789984464645,0.01317147258669138,0.009435681626200676,0.008445526473224163,0.03057551383972168,0.129616841673851,0.01639561541378498,0.009134420193731785,0.019494127482175827,0.08489362895488739,0.012551765888929367,0.0049820770509541035,0.12666749954223633,,,,,,,,,,,,,,,
unknown,け,122,123,152.86192,152.94177,0.9423828,,0.04485715925693512,0.046162232756614685,0.03660077601671219,0.1790812909603119,0.01488857064396143,0.05272288620471954,0.01103826891630888,0.02193320170044899,0.027374258264899254,0.027215726673603058,0.025713631883263588,0.07548072934150696,0.05379336327314377,0.04403434321284294,0.034022945910692215,0.037005890160799026,0.029303058981895447,0.17423200607299805,0.01571561209857464,0.01951865665614605,0.005585824605077505,0.013588854111731052,0.011079292744398117,0.02479216456413269,0.009729297831654549,0.006233859341591597,0.4787507653236389,0.033763933926820755,0.004696991760283709,0.3251068890094757,0.005011375527828932,0.011094778776168823,0.00302207306958735,0.0026188381016254425,0.19159449636936188,0.1120045855641365,0.021402249112725258,0.08498170971870422,0.004506914410740137,0.11160877346992493,0.024178264662623405,0.004041518550366163,0.006636876612901688,0.00827712845057249,0.03849438950419426,0.0670521929860115,0.010121806524693966,0.006057598162442446,0.013240720145404339,0.03551909327507019,0.00598177220672369,0.00525702117010951,0.08745377510786057,,,,,,,,,,,,,,,
unknown,屋,124,125,152.94177,153.06155,0.9326172,,0.04152967408299446,0.052831899374723434,0.047690726816654205,0.21060171723365784,0.0024733019527047873,0.016855236142873764,0.01132288109511137,0.024423474445939064,0.035611893981695175,0.030332278460264206,0.05150483921170235,0.09366574138402939,0.048974815756082535,0.06622155010700226,0.015279121696949005,0.06342657655477524,0.02372862584888935,0.12689194083213806,0.005873506888747215,0.006138710770756006,0.0018357294611632824,0.007513068150728941,0.010603288188576698,0.030568568035960197,0.011245175264775753,0.006462546065449715,0.4863789975643158,0.046770334243774414,0.0026037129573524,0.33640968799591064,0.003859404707327485,0.018884336575865746,0.00353039987385273,0.0013040415942668915,0.24702921509742737,0.16860519349575043,0.034205272793769836,0.13523809611797333,0.0024484600871801376,0.09532465040683746,0.030933531001210213,0.007406371645629406,0.011496057733893394,0.004917741287499666,0.024922406300902367,0.08767851442098618,0.011625748127698898,0.005009281914681196,0.007094074040651321,0.048825837671756744,0.006913542747497559,0.007498335558921099,0.07237754762172699,,,,,,,,,,,,,,,
unknown,敷,126,127,153.06155,153.56155,0.97998047,,0.05755940079689026,0.08344468474388123,0.05643422156572342,0.20376160740852356,0.0033747765701264143,0.013008853420615196,0.005631808191537857,0.045853953808546066,0.021158332005143166,0.015187086537480354,0.025092219933867455,0.037726934999227524,0.03805125504732132,0.03135626018047333,0.014079860411584377,0.06304454058408737,0.018723424524068832,0.04507901519536972,0.0046913595870137215,0.005043012090027332,0.002918412210419774,0.006396592129021883,0.0038352995179593563,0.07700271159410477,0.009800381027162075,0.006828890182077885,0.4207339882850647,0.053508080542087555,0.0023220512084662914,0.410135954618454,0.002155979396775365,0.02036089263856411,0.002327014459297061,0.0021974274422973394,0.17168541252613068,0.2567084729671478,0.054258204996585846,0.16253629326820374,0.0037171633448451757,0.10912957787513733,0.025950217619538307,0.01038509514182806,0.016711045056581497,0.004739153664559126,0.020091138780117035,0.11057963222265244,0.021417729556560516,0.004213626962155104,0.011608162894845009,0.09977948665618896,0.00625600665807724,0.005322122015058994,0.09907564520835876,,,,,,,,,,,,,,,
unknown,揺,128,129,158.2517,158.41139,0.9941406,,0.018386244773864746,0.02683858387172222,0.02185356430709362,0.19133460521697998,0.037399232387542725,0.08036014437675476,0.027584675699472427,0.020316066220402718,0.04613976180553436,0.009301620535552502,0.023714471608400345,0.07693517208099365,0.0601656436920166,0.03300826996564865,0.036643385887145996,0.03933410719037056,0.03031625784933567,0.12844111025333405,0.01824812777340412,0.021757718175649643,0.017878273501992226,0.034790705889463425,0.009526223875582218,0.06315137445926666,0.03963770344853401,0.01303087268024683,0.2902606427669525,0.035639356821775436,0.0028096111491322517,0.30192461609840393,0.011728886514902115,0.014914270490407944,0.011253324337303638,0.014093110337853432,0.12266475707292557,0.09316049516201019,0.026547688990831375,0.09677381813526154,0.011655128560960293,0.09733700007200241,0.047518592327833176,0.029289107769727707,0.0243003461509943,0.007981136441230774,0.03977300599217415,0.12046896666288376,0.07937578856945038,0.016551418229937553,0.051993440836668015,0.12026949226856232,0.0099339559674263,0.00619678245857358,0.14494554698467255,,,,,,,,,,,,,,,
unknown,れ,130,131,158.41139,158.57109,0.9951172,,0.052652373909950256,0.0774698331952095,0.09031158685684204,0.17637047171592712,0.003262234153226018,0.0325004868209362,0.013431929051876068,0.03636469319462776,0.0402185283601284,0.04304363951086998,0.06977490335702896,0.05752713233232498,0.08288918435573578,0.06472692638635635,0.014977007173001766,0.06373187154531479,0.020367836579680443,0.03300916776061058,0.02127370610833168,0.012634227983653545,0.003563349135220051,0.012805401347577572,0.013158918358385563,0.025404147803783417,0.016475705429911613,0.008120318874716759,0.2724684476852417,0.05892403796315193,0.0028691431507468224,0.2165185809135437,0.005025466904044151,0.021935109049081802,0.004081311170011759,0.0026465693954378366,0.21581478416919708,0.15898397564888,0.055949509143829346,0.20700091123580933,0.005178163759410381,0.04463217779994011,0.042744893580675125,0.010017020627856255,0.02214791439473629,0.013781977817416191,0.02741914801299572,0.08020325750112534,0.017995119094848633,0.007328876759856939,0.023583320900797844,0.08118102699518204,0.008598393760621548,0.008844662457704544,0.03204108402132988,,,,,,,,,,,,,,,
unknown,る,132,133,158.57109,159.07109,0.98535156,,0.029091617092490196,0.04371674731373787,0.046644654124975204,0.20179139077663422,0.01013080682605505,0.09392350912094116,0.023964446038007736,0.021060051396489143,0.05114717036485672,0.0393051840364933,0.04826035723090172,0.06459146738052368,0.1155197024345398,0.06554395705461502,0.02337922342121601,0.03519274294376373,0.03494482859969139,0.04492175579071045,0.03906089439988136,0.026028700172901154,0.006851213984191418,0.022595474496483803,0.02254881151020527,0.016382556408643723,0.02050306834280491,0.0077170152217149734,0.2584359347820282,0.038876041769981384,0.004173802211880684,0.22160577774047852,0.00897107645869255,0.011086702346801758,0.004489641170948744,0.004337573889642954,0.23184219002723694,0.0876016840338707,0.03262809291481972,0.1878318339586258,0.0061795697547495365,0.033579178154468536,0.04570722579956055,0.00796953123062849,0.02060241438448429,0.013211335986852646,0.04339065030217171,0.05761777609586716,0.02773524634540081,0.008053070865571499,0.042358193546533585,0.07945643365383148,0.007584342733025551,0.007149653974920511,0.025991542264819145,,,,,,,,,,,,,,,
unknown,お,134,135,164.85718,165.01697,0.9975586,,0.020777205005288124,0.03172404691576958,0.032476164400577545,0.21490120887756348,0.011984285898506641,0.09325569868087769,0.02991621568799019,0.016108602285385132,0.06825190782546997,0.03768421709537506,0.04479217901825905,0.05979182943701744,0.14311622083187103,0.07108360528945923,0.02533385157585144,0.030070407316088676,0.028949815779924393,0.04499740153551102,0.03373977914452553,0.025724798440933228,0.0074888537637889385,0.02562778815627098,0.029250644147396088,0.014072327874600887,0.02442234195768833,0.008931629359722137,0.25198110938072205,0.03096538968384266,0.0036837542429566383,0.2181093841791153,0.011128067038953304,0.010432780720293522,0.005543552804738283,0.00490801315754652,0.24555733799934387,0.08558416366577148,0.026079505681991577,0.15946121513843536,0.006882986519485712,0.0293108019977808,0.04440649598836899,0.007122519891709089,0.01728709600865841,0.012091103941202164,0.048879172652959824,0.04551156982779503,0.021696999669075012,0.008918128907680511,0.04357875511050224,0.07822822034358978,0.008354056626558304,0.006931591313332319,0.022747881710529327,,,,,,,,,,,,,,,
unknown,じ,136,137,165.01697,165.1368,0.9838867,,0.02480638585984707,0.03663921356201172,0.04288830608129501,0.1991601288318634,0.006187290418893099,0.07072734087705612,0.026279639452695847,0.021091030910611153,0.06204461306333542,0.04609986022114754,0.05970361456274986,0.06730706989765167,0.1567198634147644,0.11096981912851334,0.023633521050214767,0.022923916578292847,0.022316355258226395,0.034982141107320786,0.030523184686899185,0.030970217660069466,0.005656457040458918,0.019511893391609192,0.04029032588005066,0.008661417290568352,0.015869716182351112,0.00881070178002119,0.2134285569190979,0.04055122286081314,0.004349277354776859,0.16366595029830933,0.011807502247393131,0.006573709659278393,0.004161431919783354,0.004141546320170164,0.2866925299167633,0.06536689400672913,0.026065219193696976,0.1593879908323288,0.004351547919213772,0.01849818043410778,0.05267023667693138,0.0037045700009912252,0.016287988051772118,0.012630723416805267,0.06343488395214081,0.027108361944556236,0.013669103384017944,0.00756829883903265,0.0387788750231266,0.0570887066423893,0.009532949887216091,0.005857188254594803,0.011798230931162834,,,,,,,,,,,,,,,
unknown,さ,138,139,165.1368,165.29659,0.98339844,,0.019746679812669754,0.021736593917012215,0.04094009846448898,0.1801805943250656,0.00755405705422163,0.10156537592411041,0.026085449382662773,0.017251472920179367,0.05463980510830879,0.055899880826473236,0.06634276360273361,0.08545146882534027,0.16069620847702026,0.12197647243738174,0.025959258899092674,0.02163497917354107,0.019077962264418602,0.0427766777575016,0.037741564214229584,0.03810041397809982,0.005815859418362379,0.021010199561715126,0.04185217618942261,0.006407295819371939,0.013497601263225079,0.007975492626428604,0.20532293617725372,0.033229924738407135,0.0042887465097010136,0.1405133157968521,0.010893222875893116,0.005513017997145653,0.0032051478046923876,0.003451144089922309,0.2948419451713562,0.04614393040537834,0.012672594748437405,0.09919385612010956,0.004309725947678089,0.01609085500240326,0.06141774356365204,0.003933980129659176,0.00931506510823965,0.010721744038164616,0.06669806689023972,0.027554547414183617,0.009698277339339256,0.006341422908008099,0.039208151400089264,0.052360694855451584,0.00838049128651619,0.007331190165132284,0.012348022311925888,,,,,,,,,,,,,,,
unknown,ん,140,141,165.29659,165.79659,0.9760742,,0.02959419973194599,0.03389264643192291,0.058189600706100464,0.18210311233997345,0.004875472281128168,0.061820656061172485,0.020299460738897324,0.023963291198015213,0.0496692880988121,0.044230617582798004,0.07762711495161057,0.07979638874530792,0.17046210169792175,0.14678716659545898,0.021914271637797356,0.028019767254590988,0.020429560914635658,0.038939423859119415,0.02910107560455799,0.027655189856886864,0.004245187155902386,0.016283681616187096,0.0404781848192215,0.008250059559941292,0.012022044509649277,0.008330932818353176,0.21235555410385132,0.046938445419073105,0.004493907559663057,0.1312108337879181,0.00895276665687561,0.007373283617198467,0.003088380442932248,0.002885333262383938,0.31203314661979675,0.062415312975645065,0.01972399279475212,0.14379949867725372,0.004184918478131294,0.019819261506199837,0.05767206475138664,0.003738323226571083,0.012875356711447239,0.011469571851193905,0.05396636575460434,0.03186212107539177,0.010237013921141624,0.006035695783793926,0.02910575084388256,0.05246869847178459,0.008967706002295017,0.006135222036391497,0.0134701794013381,,,,,,,,,,,,,,,
unknown,ダ,142,143,170.40958,170.5294,0.99316406,,0.021455934271216393,0.03119014762341976,0.03129563480615616,0.19519953429698944,0.004775799810886383,0.04686209559440613,0.01888860948383808,0.014194058254361153,0.06690777093172073,0.05472402647137642,0.07678938657045364,0.07611900568008423,0.12026478350162506,0.10279922187328339,0.022918231785297394,0.034460652619600296,0.03690420836210251,0.0524856336414814,0.012995478697121143,0.01859916001558304,0.003666221396997571,0.010377688333392143,0.031224258244037628,0.013537238352000713,0.011224593035876751,0.005852201487869024,0.2924639582633972,0.03914759308099747,0.0043277195654809475,0.21480265259742737,0.006648717913776636,0.005991744343191385,0.0034039923921227455,0.0018671640427783132,0.31821608543395996,0.0821099504828453,0.024169443175196648,0.10337009280920029,0.0024131883401423693,0.025379635393619537,0.03557709977030754,0.003765038214623928,0.018712108954787254,0.004627390764653683,0.047347623854875565,0.04249481484293938,0.024676376953721046,0.005558619741350412,0.01586083136498928,0.04329188913106918,0.006638798397034407,0.006732565816491842,0.018228372558951378,,,,,,,,,,,,,,,
unknown,ン,144,145,170.5294,170.64925,0.6582031,,0.02426297590136528,0.03824571892619133,0.03320879861712456,0.19325771927833557,0.0032093923073261976,0.03266923502087593,0.013668921776115894,0.013658876530826092,0.06522680819034576,0.05335189402103424,0.08656549453735352,0.078412726521492,0.08777431398630142,0.09991253912448883,0.022823289036750793,0.037794630974531174,0.0325276181101799,0.06404876708984375,0.007083527278155088,0.012758814729750156,0.002818383276462555,0.0062106093391776085,0.0264284648001194,0.012129288166761398,0.009124433621764183,0.005658052861690521,0.3482392430305481,0.037545908242464066,0.0046276613138616085,0.22964031994342804,0.004026105161756277,0.007401884533464909,0.0031671812757849693,0.0010564244585111737,0.358854740858078,0.10064264386892319,0.03404715284705162,0.08351647108793259,0.0014462892431765795,0.03317764028906822,0.02854418382048607,0.0026985628064721823,0.021312344819307327,0.003101291600614786,0.05048201233148575,0.041281808167696,0.021853305399417877,0.0047416239976882935,0.0091536995023489,0.03522083908319473,0.007162183523178101,0.006634449120610952,0.017685651779174805,,,,,,,,,,,,,,,
unknown,ボ,146,147,170.64925,170.72913,0.9995117,,0.015963053330779076,0.019325831905007362,0.01969435252249241,0.1840701848268509,0.009314499795436859,0.10485713183879852,0.018339941278100014,0.011820602230727673,0.09671635180711746,0.06186901032924652,0.07058929651975632,0.061486318707466125,0.1665627658367157,0.1363973617553711,0.038313187658786774,0.01631818525493145,0.029268508777022362,0.032264214009046555,0.024124255403876305,0.04639032483100891,0.008740034885704517,0.012745740823447704,0.04802940413355827,0.004454152192920446,0.02022082917392254,0.0066483947448432446,0.13668902218341827,0.02858527936041355,0.0070327105931937695,0.0824468657374382,0.006541440263390541,0.004486373160034418,0.005926864221692085,0.0024137466680258512,0.322700560092926,0.03021315298974514,0.014230463653802872,0.07731213420629501,0.002420782810077071,0.011267412453889847,0.06476138532161713,0.002376358723267913,0.01576513797044754,0.005449657794088125,0.09748486429452896,0.020167605951428413,0.02313736081123352,0.009834692813456059,0.028835007920861244,0.0416250005364418,0.007620520889759064,0.00871161837130785,0.006971296854317188,,,,,,,,,,,,,,,
unknown,ー,148,149,170.72913,170.84897,1.0,,0.020755566656589508,0.02453899383544922,0.024944676086306572,0.20498281717300415,0.01130685769021511,0.10448594391345978,0.020118845626711845,0.014903983101248741,0.0979585349559784,0.053546495735645294,0.06356526911258698,0.06262150406837463,0.1259322166442871,0.11954177916049957,0.04738405719399452,0.017226891592144966,0.02398635819554329,0.03657709062099457,0.01943129301071167,0.05270101875066757,0.012450234964489937,0.013158004730939865,0.04730759561061859,0.005163844674825668,0.022393865510821342,0.0061841094866395,0.17124046385288239,0.031016919761896133,0.007563847582787275,0.10421253740787506,0.008233336731791496,0.005955192726105452,0.005430296529084444,0.003314047120511532,0.31487011909484863,0.04293620586395264,0.01736888475716114,0.07078026980161667,0.002262625377625227,0.014414343982934952,0.061638228595256805,0.00232430687174201,0.01621747948229313,0.004649903625249863,0.12937405705451965,0.021668637171387672,0.021048391237854958,0.010427306406199932,0.029613187536597252,0.050682395696640015,0.006985878571867943,0.007840295322239399,0.007910158485174179,,,,,,,,,,,,,,,
unknown,ル,150,151,170.84897,171.34897,0.9995117,,0.014961166307330132,0.019150931388139725,0.01609543338418007,0.18444547057151794,0.010560485534369946,0.11127457767724991,0.02293473482131958,0.010590175166726112,0.12593337893486023,0.05657707527279854,0.06891138851642609,0.06163755804300308,0.13585051894187927,0.12334831804037094,0.043843768537044525,0.01290474645793438,0.020310619845986366,0.03216051310300827,0.015240338630974293,0.04776299372315407,0.010912264697253704,0.01320922002196312,0.05247831344604492,0.002837370615452528,0.02489333599805832,0.006306000519543886,0.12716412544250488,0.023501088842749596,0.006430947687476873,0.07200790196657181,0.008492452092468739,0.005172909703105688,0.005478058010339737,0.0027032671496272087,0.33429741859436035,0.028359878808259964,0.015352579765021801,0.07206925749778748,0.0020469133742153645,0.01024883333593607,0.06228071451187134,0.001976249273866415,0.016085268929600716,0.0038517771754413843,0.11944504827260971,0.014434249140322208,0.01920367032289505,0.009692873805761337,0.0267088133841753,0.04458879306912422,0.007143937982618809,0.008564136922359467,0.0049269916489720345,,,,,,,,,,,,,,,
unknown,近,152,153,177.58,177.78,0.99658203,,0.016712194308638573,0.01963384449481964,0.01981329917907715,0.13111427426338196,0.014208200387656689,0.13645139336585999,0.02761632204055786,0.01243254728615284,0.08599363267421722,0.03623559698462486,0.07587722688913345,0.05440044030547142,0.15448974072933197,0.1615104079246521,0.04648398607969284,0.011323578655719757,0.017206933349370956,0.0244737658649683,0.03255874663591385,0.07600944489240646,0.013360478915274143,0.02088533714413643,0.06046668440103531,0.0017361207865178585,0.02132926881313324,0.01050048228353262,0.08342094719409943,0.02132439613342285,0.006818610243499279,0.04387770593166351,0.013481560163199902,0.006029526237398386,0.006405454594641924,0.004715662449598312,0.3189866244792938,0.017871633172035217,0.014579087495803833,0.1382409930229187,0.0035406278911978006,0.008663867600262165,0.06529368460178375,0.002220231108367443,0.011317004449665546,0.010567722842097282,0.10140219330787659,0.01168589387089014,0.009690592996776104,0.010836862027645111,0.03872975334525108,0.03352160379290581,0.012474576942622662,0.006939203944057226,0.004161798860877752,,,,,,,,,,,,,,,
unknown,所,154,155,177.78,177.93999,0.984375,,0.012683097273111343,0.013033980503678322,0.020689912140369415,0.1015026643872261,0.01055136974900961,0.09275966882705688,0.03767449036240578,0.011423728428781033,0.06925562769174576,0.04844316840171814,0.11336337774991989,0.10431764274835587,0.1325720101594925,0.16930986940860748,0.03850580379366875,0.013795859180390835,0.013470497913658619,0.03878119960427284,0.022398803383111954,0.054530657827854156,0.011061262339353561,0.024850474670529366,0.05985697731375694,0.0017043042462319136,0.01561025157570839,0.011591787450015545,0.08145857602357864,0.021428214386105537,0.0036611545365303755,0.043494489043951035,0.02440611645579338,0.005915649235248566,0.005497224163264036,0.00643812445923686,0.3663858473300934,0.01503710076212883,0.009703737683594227,0.0717700868844986,0.0036829407326877117,0.008712874725461006,0.06319215148687363,0.0026995402295142412,0.006410207133740187,0.008884645067155361,0.07461922615766525,0.012961515225470066,0.005507778842002153,0.008950931951403618,0.03228546306490898,0.028373731300234795,0.013970931991934776,0.006595686078071594,0.005011363420635462,,,,,,,,,,,,,,,
unknown,の,156,157,177.93999,178.43999,0.9926758,,0.01410343125462532,0.01603936031460762,0.02018110267817974,0.07522261887788773,0.008270821534097195,0.12096603214740753,0.03299809992313385,0.012101422995328903,0.059211671352386475,0.09029427915811539,0.11609803885221481,0.10541289299726486,0.11449579149484634,0.16079580783843994,0.032280512154102325,0.013493196107447147,0.01446265634149313,0.036249637603759766,0.02698160894215107,0.04766836389899254,0.006848277058452368,0.019036367535591125,0.05304964631795883,0.0014421646483242512,0.011040916666388512,0.008823871612548828,0.11510259658098221,0.020820563659071922,0.004765625577419996,0.06298969686031342,0.012203214690089226,0.006422403734177351,0.005105286370962858,0.0024573614355176687,0.41032302379608154,0.01785479485988617,0.010429853573441505,0.06614711880683899,0.0022024433128535748,0.006565455347299576,0.06299562752246857,0.0022403374314308167,0.005732240621000528,0.007577527314424515,0.05034135654568672,0.011480206623673439,0.004055507481098175,0.006894414778798819,0.027814479544758797,0.029613805934786797,0.011350657790899277,0.012847917154431343,0.0035431277938187122,,,,,,,,,,,,,,,
unknown,オ,158,159,183.26,183.34,0.9995117,,0.02292914129793644,0.025522487238049507,0.03318839520215988,0.11495222896337509,0.010130777955055237,0.11331513524055481,0.034091927111148834,0.020281163975596428,0.06404952704906464,0.0995899885892868,0.06414194405078888,0.07758916169404984,0.1259947568178177,0.16916467249393463,0.032228484749794006,0.01706087775528431,0.03833400458097458,0.042386941611766815,0.044743768870830536,0.047668278217315674,0.011108105070888996,0.027512701228260994,0.04459761083126068,0.007253642193973064,0.017673568800091743,0.011351612396538258,0.15962834656238556,0.04311515763401985,0.009819075465202332,0.11602012813091278,0.011422638781368732,0.0057412865571677685,0.008879667147994041,0.003919161390513182,0.28648507595062256,0.03793933615088463,0.015998506918549538,0.08982982486486435,0.005617551039904356,0.010281126014888287,0.07743833214044571,0.0033126501366496086,0.01579326018691063,0.01744452863931656,0.057714346796274185,0.019748281687498093,0.02231394499540329,0.014426701702177525,0.031346846371889114,0.03471177816390991,0.010382934473454952,0.029256483539938927,0.0073084221221506596,,,,,,,,,,,,,,,
unknown,ー,160,161,183.34,183.45999,0.96875,,0.016505897045135498,0.018859632313251495,0.03373720124363899,0.10525909066200256,0.011735789477825165,0.12938620150089264,0.0287136510014534,0.018659165129065514,0.0535762719810009,0.11395931988954544,0.06768958270549774,0.08278178423643112,0.14885137975215912,0.16492372751235962,0.035272229462862015,0.01583765633404255,0.04142596945166588,0.035257671028375626,0.041030172258615494,0.05042603611946106,0.01284137461334467,0.024852128699421883,0.04170893505215645,0.006615965627133846,0.01368644367903471,0.006408714689314365,0.13156308233737946,0.04414094239473343,0.00830401573330164,0.09956389665603638,0.010569742880761623,0.0046661896631121635,0.006545521318912506,0.004131076857447624,0.2784349322319031,0.03141826018691063,0.010191275738179684,0.06856028735637665,0.00400351919233799,0.007882502861320972,0.06884769350290298,0.002505458425730467,0.010828368365764618,0.011853639967739582,0.05790985748171806,0.01767691783607006,0.017608538269996643,0.01139549445360899,0.030587496235966682,0.03218932822346687,0.00572742847725749,0.0223523136228323,0.0060342056676745415,,,,,,,,,,,,,,,
unknown,ク,162,163,183.45999,183.54,0.9873047,,0.026811890304088593,0.03331897780299187,0.06974251568317413,0.12242407351732254,0.003794334828853607,0.06058162450790405,0.016627289354801178,0.02519584260880947,0.0432058647274971,0.10305723547935486,0.08684467524290085,0.06675491482019424,0.1306571215391159,0.17348986864089966,0.02182374894618988,0.030856532976031303,0.06255344301462173,0.02120877616107464,0.02667408622801304,0.023718539625406265,0.005906599573791027,0.012494762428104877,0.029094496741890907,0.009997346438467503,0.009780469350516796,0.004485651850700378,0.15559205412864685,0.06307609379291534,0.007484062109142542,0.11318030208349228,0.005462496541440487,0.007667547557502985,0.003922963049262762,0.002178496913984418,0.31472048163414,0.05990497022867203,0.017741162329912186,0.1323915272951126,0.0027182146441191435,0.009516778402030468,0.05863314867019653,0.003067208919674158,0.015138235874474049,0.009569256566464901,0.03933674469590187,0.03202049806714058,0.01972242258489132,0.0070220534689724445,0.01885080710053444,0.040678683668375015,0.004202947951853275,0.01353011280298233,0.006568608805537224,,,,,,,,,,,,,,,
unknown,シ,164,165,183.54,183.57999,0.99853516,,0.030296307057142258,0.03564739227294922,0.07492475211620331,0.12794676423072815,0.003926636651158333,0.05700073391199112,0.022463280707597733,0.028165271505713463,0.048934753984212875,0.07584430277347565,0.08201451599597931,0.07426975667476654,0.11011047661304474,0.191801980137825,0.020846806466579437,0.03032528981566429,0.0547771155834198,0.03230442851781845,0.037424296140670776,0.025516118854284286,0.006391054019331932,0.018054591491818428,0.03441546484827995,0.010667731054127216,0.015658458694815636,0.007235705386847258,0.15941059589385986,0.06626329571008682,0.008813193067908287,0.11403679102659225,0.008663377724587917,0.0077132065780460835,0.0066059972159564495,0.0031977039761841297,0.2727053761482239,0.05738678574562073,0.020911959931254387,0.15128527581691742,0.004753969144076109,0.014723720960319042,0.0842306986451149,0.0037486064247787,0.018786966800689697,0.01784423366189003,0.04405751824378967,0.03404464200139046,0.021179186180233955,0.012117957696318626,0.023329347372055054,0.039488136768341064,0.006614166311919689,0.01455356739461422,0.009709025733172894,,,,,,,,,,,,,,,
unknown,ョ,166,167,183.57999,183.7,0.99853516,,0.019574012607336044,0.029673932120203972,0.05468808487057686,0.16440407931804657,0.006525446195155382,0.06570100039243698,0.02652284875512123,0.021531445905566216,0.06952740252017975,0.09140618145465851,0.06417080014944077,0.05214405804872513,0.12157213687896729,0.1531400829553604,0.028169041499495506,0.024608228355646133,0.06727916747331619,0.02378152124583721,0.038547106087207794,0.03730161860585213,0.013707594946026802,0.024082224816083908,0.03576305881142616,0.014095115475356579,0.02163594774901867,0.008757540956139565,0.13028110563755035,0.061638545244932175,0.00870378129184246,0.10898657143115997,0.012160691432654858,0.0045179626904428005,0.00856000930070877,0.006588306277990341,0.22427190840244293,0.05232221633195877,0.022977260872721672,0.15088222920894623,0.006703746970742941,0.01153426244854927,0.07231473177671432,0.0033807309810072184,0.028287850320339203,0.020393304526805878,0.06671679019927979,0.02775365114212036,0.048853639513254166,0.01677476428449154,0.03187747299671173,0.03540877625346184,0.007354124449193478,0.019984545186161995,0.008370545692741871,,,,,,,,,,,,,,,
unknown,ン,168,169,183.7,184.2,0.9975586,,0.020236274227499962,0.031332213431596756,0.06046058237552643,0.15090785920619965,0.005743350367993116,0.07279368489980698,0.016788797453045845,0.02034354768693447,0.06152309104800224,0.11077958345413208,0.08166554570198059,0.04568680003285408,0.09792160987854004,0.13362246751785278,0.02776709385216236,0.03385797515511513,0.060215938836336136,0.018749592825770378,0.0452096052467823,0.035766810178756714,0.012477857992053032,0.017844032496213913,0.024090079590678215,0.012563682161271572,0.019328538328409195,0.007855052128434181,0.12302732467651367,0.054940201342105865,0.008307289332151413,0.09390184283256531,0.0065001691691577435,0.005604097619652748,0.00864347629249096,0.004275823011994362,0.21093261241912842,0.05899426341056824,0.02541080117225647,0.16038338840007782,0.0061478279531002045,0.011894808150827885,0.07160063087940216,0.004039047751575708,0.02550039067864418,0.019980045035481453,0.05892768129706383,0.03543461114168167,0.03878791257739067,0.015487476252019405,0.02987695299088955,0.035851672291755676,0.0070280651561915874,0.02336701564490795,0.008445891551673412,,,,,,,,,,,,,,,
unknown,チ,170,171,190.315,190.355,0.7841797,,0.026247171685099602,0.04245810955762863,0.07356913387775421,0.10634675621986389,0.0036877356469631195,0.04128653556108475,0.01553769689053297,0.026448683813214302,0.027076512575149536,0.07621023058891296,0.10195218771696091,0.04535451531410217,0.08147730678319931,0.09986025840044022,0.01535192783921957,0.05292137712240219,0.03684943914413452,0.019403494894504547,0.036607448011636734,0.01508947554975748,0.004195423796772957,0.01698092371225357,0.013072017580270767,0.017936671152710915,0.007794957607984543,0.0052847061306238174,0.16906848549842834,0.054067034274339676,0.003658016910776496,0.16095705330371857,0.006283757276833057,0.009154717437922955,0.003730566706508398,0.0030136271379888058,0.18745586276054382,0.10556156933307648,0.03402996063232422,0.16326318681240082,0.005925363395363092,0.017625359818339348,0.057070568203926086,0.0055341399274766445,0.01735876314342022,0.024095823988318443,0.02912873402237892,0.05265764147043228,0.012412730604410172,0.006867778021842241,0.023002557456493378,0.038132864981889725,0.004696613643318415,0.01382916234433651,0.014842942357063293,,,,,,,,,,,,,,,
unknown,ュ,172,173,190.355,190.435,0.98583984,,0.016687996685504913,0.027195937931537628,0.05943549796938896,0.09577087312936783,0.0057929507456719875,0.07192985713481903,0.02760392054915428,0.017976853996515274,0.04415320232510567,0.10746800154447556,0.09094246476888657,0.042126331478357315,0.0823720321059227,0.10084301233291626,0.019399002194404602,0.04627078399062157,0.026678577065467834,0.017887989059090614,0.05975572019815445,0.02331736870110035,0.00631013885140419,0.026668302714824677,0.018987881019711494,0.011845299042761326,0.01383432187139988,0.00510791689157486,0.15109306573867798,0.040766194462776184,0.0036330868024379015,0.1486421823501587,0.009768427349627018,0.007818608544766903,0.005424678325653076,0.003910047467797995,0.1481478065252304,0.08077672123908997,0.02321193367242813,0.17213019728660583,0.007758812978863716,0.015478179790079594,0.06728328764438629,0.005939012859016657,0.014191058464348316,0.03343343734741211,0.03595311567187309,0.04291777312755585,0.009581757709383965,0.010615503415465355,0.03194045647978783,0.03502406179904938,0.0039330399595201015,0.020719053223729134,0.012355117127299309,,,,,,,,,,,,,,,
unknown,ー,174,175,190.435,190.55501,0.90527344,,0.02224443480372429,0.028709307312965393,0.07014687359333038,0.10557731240987778,0.0061403801664710045,0.09328855574131012,0.02006329782307148,0.018776467069983482,0.04334764555096626,0.0890951082110405,0.0707341730594635,0.036353107541799545,0.07965254038572311,0.09473453462123871,0.021430818364024162,0.03730697184801102,0.02452554740011692,0.017867984250187874,0.07885359227657318,0.031466372311115265,0.006719119846820831,0.021035445854067802,0.01877441816031933,0.009137025102972984,0.01509363017976284,0.004912230651825666,0.17975352704524994,0.03483257070183754,0.0053765615448355675,0.153143048286438,0.006132176145911217,0.008738628588616848,0.006216027308255434,0.002602991182357073,0.17046700417995453,0.07237476110458374,0.01728510484099388,0.11074084043502808,0.005154488142579794,0.015267033129930496,0.07110904157161713,0.004467293620109558,0.00917617417871952,0.026145154610276222,0.04367702454328537,0.04157750681042671,0.007609630934894085,0.011216054670512676,0.03236522525548935,0.036328524351119995,0.004261041525751352,0.016707906499505043,0.011197221465408802,,,,,,,,,,,,,,,
unknown,ス,176,177,190.55501,191.05501,0.9482422,,0.015968337655067444,0.019689172506332397,0.05403481423854828,0.10108949989080429,0.008928058668971062,0.11525106430053711,0.032864879816770554,0.016980016604065895,0.0509362630546093,0.07834160327911377,0.050518687814474106,0.03346848115324974,0.11008648574352264,0.10618733614683151,0.024425502866506577,0.02402767911553383,0.025487171486020088,0.014544626697897911,0.09270758926868439,0.041775885969400406,0.009433620609343052,0.03365573659539223,0.02900269255042076,0.007720998488366604,0.017874015495181084,0.004919117316603661,0.12781782448291779,0.034056730568408966,0.00558777479454875,0.11463233083486557,0.011890029534697533,0.005858441349118948,0.0060705821961164474,0.004638348240405321,0.13912294805049896,0.04876318201422691,0.011148936115205288,0.10130234807729721,0.007227620109915733,0.009589649736881256,0.0761227160692215,0.0038252302911132574,0.008196195587515831,0.029929038137197495,0.0511801615357399,0.027519816532731056,0.0076982700265944,0.012848605401813984,0.04431881755590439,0.03281530737876892,0.0037571177817881107,0.01561033446341753,0.008042482659220695,,,,,,,,,,,,,,,
unknown,キ,178,179,195.435,195.555,0.3552246,,0.021643424406647682,0.026620281860232353,0.04502145200967789,0.17294561862945557,0.011075484566390514,0.10506487637758255,0.010000789538025856,0.018616609275341034,0.049519240856170654,0.08674619346857071,0.07418090850114822,0.036263421177864075,0.10198328644037247,0.10117492824792862,0.04178670793771744,0.034406520426273346,0.0331682488322258,0.02180897817015648,0.06607680767774582,0.05389818176627159,0.015910744667053223,0.014186385087668896,0.023912616074085236,0.009820722043514252,0.01587987318634987,0.006055500358343124,0.1552746742963791,0.03368045389652252,0.00834406353533268,0.1102508157491684,0.0038854896556586027,0.006752560380846262,0.006884035188704729,0.003315084148198366,0.19524110853672028,0.07395508885383606,0.019538026303052902,0.10844271630048752,0.00438618054613471,0.015272000804543495,0.08344455808401108,0.0036839009262621403,0.01286971103399992,0.01884729601442814,0.08910652995109558,0.039198026061058044,0.013653148896992207,0.013432733714580536,0.04344357177615166,0.049081411212682724,0.006199701223522425,0.011587243527173996,0.012978389859199524,,,,,,,,,,,,,,,
unknown,ム,180,181,195.555,195.675,0.609375,,0.013634990900754929,0.015726950019598007,0.030389713123440742,0.13307282328605652,0.008104964159429073,0.09126743674278259,0.012620481662452221,0.01222971547394991,0.033302754163742065,0.08570718765258789,0.08398871123790741,0.06095048040151596,0.10280049592256546,0.12904132902622223,0.038384195417165756,0.03094358742237091,0.039146747440099716,0.0423637256026268,0.043044257909059525,0.045147594064474106,0.009210480377078056,0.011615772731602192,0.02982650138437748,0.00757118733599782,0.006380027625709772,0.0033559908624738455,0.22503092885017395,0.026155980303883553,0.005855219438672066,0.15892203152179718,0.004639678169041872,0.004777783527970314,0.0041513931937515736,0.0020335931330919266,0.2483675181865692,0.05439849942922592,0.010153703391551971,0.06137114763259888,0.001846865750849247,0.013604210689663887,0.07336127012968063,0.0028622723184525967,0.005753789097070694,0.009922909550368786,0.08584105968475342,0.034971628338098526,0.007000164594501257,0.00686228321865201,0.02627529762685299,0.032380133867263794,0.003836966585367918,0.009992251172661781,0.013391087763011456,,,,,,,,,,,,,,,
unknown,ワ,182,183,195.675,195.755,0.9902344,,0.022731009870767593,0.03995909541845322,0.04830322414636612,0.12611481547355652,0.004333767108619213,0.04508534073829651,0.009942269884049892,0.018741611391305923,0.029755422845482826,0.06438057124614716,0.09770932793617249,0.028200287371873856,0.050753794610500336,0.10153856873512268,0.02814630977809429,0.06395651400089264,0.052885472774505615,0.018526529893279076,0.0292864628136158,0.027866054326295853,0.006482784636318684,0.008145277388393879,0.01601218245923519,0.020736804232001305,0.005738905631005764,0.0029966284055262804,0.2477160096168518,0.042299095541238785,0.006224051117897034,0.21947617828845978,0.003551246365532279,0.007623913232237101,0.00329002202488482,0.0016823234036564827,0.19859656691551208,0.13516877591609955,0.03612883761525154,0.1125839352607727,0.002125336555764079,0.014981864020228386,0.06793679296970367,0.0050687226466834545,0.022490380331873894,0.0093627218157053,0.05527632310986519,0.06519860029220581,0.02187645249068737,0.006126224994659424,0.018310269340872765,0.04338438808917999,0.003079271176829934,0.010580952279269695,0.014765223488211632,,,,,,,,,,,,,,,
unknown,イ,184,185,195.755,195.875,0.98779297,,0.036291833966970444,0.05226714536547661,0.0746210366487503,0.12248318642377853,0.00308566284365952,0.03490052744746208,0.007225870154798031,0.029044587165117264,0.022370275110006332,0.05942266806960106,0.09778500348329544,0.03480742499232292,0.06254976242780685,0.11384717375040054,0.02386796660721302,0.0900065079331398,0.04134311527013779,0.0215736236423254,0.025875044986605644,0.019356619566679,0.004876740276813507,0.006634663324803114,0.013643436133861542,0.02891659550368786,0.005290835630148649,0.0025318979751318693,0.280094176530838,0.054963886737823486,0.005455725826323032,0.24793097376823425,0.002273543970659375,0.010177035816013813,0.003005328355357051,0.001226220396347344,0.18877868354320526,0.18351152539253235,0.03694513812661171,0.12646402418613434,0.001978720771148801,0.03168589621782303,0.07202944159507751,0.005581468343734741,0.015887713059782982,0.0102083720266819,0.038271013647317886,0.09640193730592728,0.014110943302512169,0.006076029036194086,0.014761718921363354,0.05135931819677353,0.002495440421625972,0.01172568928450346,0.025904688984155655,,,,,,,,,,,,,,,
unknown,プ,186,187,195.875,196.375,0.9785156,,0.034036967903375626,0.04493023082613945,0.07264532148838043,0.13799357414245605,0.001523160026408732,0.018880203366279602,0.003911275882273912,0.02552320621907711,0.021785689517855644,0.0750940665602684,0.11907000094652176,0.05426393821835518,0.07390842586755753,0.11761384457349777,0.019001943990588188,0.06913682818412781,0.045710548758506775,0.02190331183373928,0.010128139518201351,0.010302703827619553,0.002582433633506298,0.0029882541857659817,0.010802390985190868,0.01910349354147911,0.0029949513264000416,0.0018519172444939613,0.29772043228149414,0.057243362069129944,0.00475690234452486,0.22930847108364105,0.0013274018419906497,0.00675143301486969,0.0013651230838149786,0.000790219462942332,0.2960745692253113,0.14281506836414337,0.024988224729895592,0.18109042942523956,0.0008822205127216876,0.025122491642832756,0.044791918247938156,0.002759729977697134,0.011694368906319141,0.004062995780259371,0.030150990933179855,0.07073479890823364,0.010793068446218967,0.002850930206477642,0.008856324478983879,0.040274374186992645,0.0020967472810298204,0.005493866745382547,0.019505199044942856,,,,,,,,,,,,,,,
unknown,採,188,189,200.435,200.675,0.99853516,,0.031234189867973328,0.03699096292257309,0.04246389865875244,0.13435214757919312,0.0016564495163038373,0.020421966910362244,0.006441136822104454,0.02126847580075264,0.02705686166882515,0.06743917614221573,0.1487119346857071,0.05910627916455269,0.06520874053239822,0.1089317724108696,0.020060036331415176,0.0857582539319992,0.041982848197221756,0.03064732439815998,0.010612483136355877,0.01145333144813776,0.0028336525429040194,0.004060231614857912,0.013275375589728355,0.017678840085864067,0.004100796766579151,0.00240363203920424,0.2681270241737366,0.041287124156951904,0.0036013431381434202,0.21712906658649445,0.0024073875974863768,0.011387399397790432,0.0023006019182503223,0.0009356881491839886,0.26123395562171936,0.12849536538124084,0.024344254285097122,0.11456992477178574,0.0010415975702926517,0.026735344901680946,0.06927891075611115,0.0073084719479084015,0.009326362051069736,0.003999619744718075,0.033153459429740906,0.09570975601673126,0.00984797440469265,0.003898632014170289,0.01016856636852026,0.051836926490068436,0.003130158642306924,0.0069005186669528484,0.02711397223174572,,,,,,,,,,,,,,,
unknown,血,190,191,200.675,201.175,0.98046875,,0.024079613387584686,0.03710971400141716,0.0429130382835865,0.15114641189575195,0.0028947163373231888,0.01915801130235195,0.012919141910970211,0.013333920389413834,0.024411100894212723,0.029794244095683098,0.03433329612016678,0.011346941813826561,0.038120336830616,0.04062956944108009,0.012227793224155903,0.07010730355978012,0.09526577591896057,0.0071584852412343025,0.026340559124946594,0.010678206570446491,0.00826852023601532,0.02297891490161419,0.004552304279059172,0.01627420447766781,0.011226045899093151,0.007276779972016811,0.24271678924560547,0.015459560789167881,0.0015700552612543106,0.20494896173477173,0.006271363701671362,0.01798856258392334,0.010085002519190311,0.007248494774103165,0.14424394071102142,0.150028795003891,0.02478884533047676,0.3003247082233429,0.010116063989698887,0.03261255472898483,0.05010131746530533,0.0064962818287312984,0.0013231646735221148,0.04142362251877785,0.027221670374274254,0.1105659008026123,0.0014555600937455893,0.009896920993924141,0.025829244405031204,0.04321820288896561,0.005963549949228764,0.0025831363163888454,0.018577486276626587,,,,,,,,,,,,,,,
unknown,普,192,193,214.822,214.98166,0.82373047,,0.01480860821902752,0.016903182491660118,0.04168335348367691,0.09709103405475616,0.003490228671580553,0.03796147182583809,0.01389580499380827,0.009544172324240208,0.03895493596792221,0.11353719234466553,0.09177374094724655,0.033321455121040344,0.0605296827852726,0.05576150864362717,0.019534114748239517,0.09266972541809082,0.10417068004608154,0.014725576154887676,0.03814465180039406,0.01826854608952999,0.012532399035990238,0.018102960661053658,0.008418558165431023,0.010120385326445103,0.01285216398537159,0.0041529093869030476,0.18297645449638367,0.016804199665784836,0.002232169732451439,0.13125035166740417,0.0054868049919605255,0.013523096218705177,0.011616615578532219,0.004596596583724022,0.15186206996440887,0.07550733536481857,0.007809291128069162,0.1510160118341446,0.006087031215429306,0.02760390378534794,0.06359361857175827,0.009807727299630642,0.0009567115921527147,0.02276151068508625,0.02783549204468727,0.1220061257481575,0.0019470553379505873,0.013160674832761288,0.02540883980691433,0.03678350895643234,0.004126089625060558,0.005751213524490595,0.022767173126339912,,,,,,,,,,,,,,,
unknown,段,194,195,214.98166,215.48166,0.9916992,,0.016178110614418983,0.014110167510807514,0.051574259996414185,0.11665326356887817,0.002774040913209319,0.028591705486178398,0.014965390786528587,0.011167731136083603,0.036631956696510315,0.10575584322214127,0.13492393493652344,0.07769082486629486,0.08260287344455719,0.11858846247196198,0.028047049418091774,0.06549938768148422,0.10330834239721298,0.02704637125134468,0.02046506293118,0.026254039257764816,0.013403243385255337,0.012383583001792431,0.02074333094060421,0.008993122726678848,0.007399254944175482,0.003965715412050486,0.16167449951171875,0.027761930599808693,0.0029213742818683386,0.10501705855131149,0.009434930980205536,0.007697914261370897,0.004844068083912134,0.0052708652801811695,0.27585408091545105,0.042454659938812256,0.00675217853859067,0.08908755332231522,0.0029714142438024282,0.016713736578822136,0.06794018298387527,0.006225867196917534,0.002223058370873332,0.008808386512100697,0.051639582961797714,0.08112791925668716,0.006021115928888321,0.007929867133498192,0.017262345179915428,0.029131999239325523,0.004486188758164644,0.005246077664196491,0.017143329605460167,,,,,,,,,,,,,,,
unknown,黄,196,197,218.55048,218.71022,0.99902344,,0.020745722576975822,0.029364608228206635,0.04530162736773491,0.12636761367321014,0.008332928642630577,0.07743889093399048,0.019147517159581184,0.011007226072251797,0.06165720522403717,0.07946398854255676,0.06909632682800293,0.0340261235833168,0.08015984296798706,0.06771499663591385,0.03190411254763603,0.06838630139827728,0.1383303999900818,0.021787825971841812,0.0548994354903698,0.03806377947330475,0.02180185168981552,0.025013230741024017,0.01619272492825985,0.012909498065710068,0.027101509273052216,0.006403941661119461,0.13927282392978668,0.02718713879585266,0.004660880658775568,0.08979510515928268,0.007023361045867205,0.013141105882823467,0.01814466528594494,0.005064066965132952,0.14029574394226074,0.06666572391986847,0.02082018181681633,0.10445946455001831,0.008527247235178947,0.02514868602156639,0.07735203206539154,0.008899908512830734,0.00584564171731472,0.0202915258705616,0.04069151356816292,0.10145338624715805,0.013974368572235107,0.02257218025624752,0.028443127870559692,0.037608686834573746,0.006124110426753759,0.007264019455760717,0.018506629392504692,,,,,,,,,,,,,,,
unknown,色,198,199,218.71022,219.21022,0.9995117,,0.011978833936154842,0.015590724535286427,0.03364642336964607,0.12823927402496338,0.02333531156182289,0.1112765297293663,0.021171819418668747,0.007416852284222841,0.08238515257835388,0.044904131442308426,0.03319324925541878,0.022808445617556572,0.07961364090442657,0.041679497808218,0.05222569778561592,0.03331274539232254,0.09441519528627396,0.022132953628897667,0.05618959292769432,0.07199866324663162,0.054859697818756104,0.03422824665904045,0.015549026429653168,0.011998401954770088,0.033979617059230804,0.007269136141985655,0.144749253988266,0.018208077177405357,0.005038148257881403,0.09363763779401779,0.009815442375838757,0.006285903509706259,0.02078799158334732,0.01137301791459322,0.12145332992076874,0.04800697788596153,0.010180921293795109,0.03883787989616394,0.009938564151525497,0.020513352006673813,0.053493984043598175,0.00458529544994235,0.0037572099827229977,0.015709921717643738,0.06536104530096054,0.05946046859025955,0.013950242660939693,0.029971204698085785,0.04253124073147774,0.03030397929251194,0.00624923687428236,0.0037635904736816883,0.015541620552539825,,,,,,,,,,,,,,,
unknown,お,200,201,225.69885,225.81866,0.9995117,,0.01002505049109459,0.012221691198647022,0.03524770215153694,0.09749791771173477,0.03363087773323059,0.11826203763484955,0.019540462642908096,0.008264202624559402,0.04434894770383835,0.054141104221343994,0.0440015010535717,0.03747348487377167,0.15366622805595398,0.049174584448337555,0.05737393721938133,0.030308138579130173,0.09100066870450974,0.02481158822774887,0.04479869082570076,0.07542912662029266,0.05209113284945488,0.03796784207224846,0.01740705408155918,0.011821325868368149,0.009650181978940964,0.004388277418911457,0.14461219310760498,0.02036643773317337,0.003180162515491247,0.0934702679514885,0.013304740190505981,0.004641030449420214,0.006042308174073696,0.015672719106078148,0.1525348573923111,0.03970951959490776,0.006793981418013573,0.035099368542432785,0.009604512713849545,0.014331451617181301,0.037143051624298096,0.0030781561508774757,0.0023113186471164227,0.012839119881391525,0.061147719621658325,0.046868011355400085,0.007511624135077,0.010831320658326149,0.04773388430476189,0.025093989446759224,0.003609444247558713,0.0035137960221618414,0.01505443174391985,,,,,,,,,,,,,,,
unknown,じ,202,203,225.81866,225.93846,0.9926758,,0.012967695482075214,0.014003685675561428,0.04308811202645302,0.12460704892873764,0.015895729884505272,0.07571780681610107,0.022315487265586853,0.011673117987811565,0.051737137138843536,0.05628477409482002,0.05218721926212311,0.05349191650748253,0.1438257247209549,0.07078824192285538,0.04661690071225166,0.030439702793955803,0.08569534122943878,0.02478765696287155,0.03467454016208649,0.06315546482801437,0.04471476376056671,0.032504092901945114,0.02143825963139534,0.012883024290204048,0.01288821455091238,0.006309832911938429,0.14096251130104065,0.029471753165125847,0.00311094056814909,0.09523830562829971,0.016918858513236046,0.004930452909320593,0.007093867287039757,0.018286479637026787,0.19500067830085754,0.038147784769535065,0.007267626468092203,0.05081168934702873,0.008525754325091839,0.012606389820575714,0.049653004854917526,0.0038523306138813496,0.003097386099398136,0.010733447968959808,0.06303703784942627,0.04840556159615517,0.011035474948585033,0.01261031161993742,0.04382264241576195,0.030700847506523132,0.005393536761403084,0.003958181012421846,0.014475674368441105,,,,,,,,,,,,,,,
unknown,い,204,205,225.93846,226.05827,0.9111328,,0.013282457366585732,0.01480267196893692,0.038804374635219574,0.11609574407339096,0.013758072629570961,0.06846164911985397,0.027893800288438797,0.01194368489086628,0.035203974694013596,0.0754951536655426,0.06247967854142189,0.08596339076757431,0.13436441123485565,0.07700066268444061,0.041311804205179214,0.03930285945534706,0.08146259188652039,0.04732619971036911,0.028370914980769157,0.042599935084581375,0.02059205248951912,0.03190756216645241,0.021742921322584152,0.01645479165017605,0.007041841745376587,0.004555843770503998,0.22229310870170593,0.03175508230924606,0.002487791236490011,0.16494101285934448,0.019656702876091003,0.006708404049277306,0.004340783692896366,0.011845771223306656,0.2092723250389099,0.050720199942588806,0.008101369254291058,0.049839090555906296,0.006594143807888031,0.015605638734996319,0.044001705944538116,0.004867609590291977,0.0029291179962456226,0.009784150868654251,0.0583515539765358,0.05655727535486221,0.007088686339557171,0.007277288474142551,0.029360391199588776,0.027274899184703827,0.004072252660989761,0.0066339801996946335,0.022577326744794846,,,,,,,,,,,,,,,
unknown,ち,206,207,226.05827,226.0982,0.99853516,,0.01748158223927021,0.01902594044804573,0.04236975684762001,0.12629695236682892,0.013976465910673141,0.06349918991327286,0.01752031035721302,0.013648643158376217,0.02311176434159279,0.05988674238324165,0.06003371253609657,0.07598017901182175,0.09684359282255173,0.07269342988729477,0.04404640942811966,0.05147945508360863,0.10379981994628906,0.05896179750561714,0.024217873811721802,0.03647438436746597,0.016465473920106888,0.021848313510417938,0.014927664771676064,0.021109865978360176,0.004674395080655813,0.003810759400948882,0.2968418300151825,0.03123309835791588,0.0032121408730745316,0.212175652384758,0.010766658000648022,0.00973634421825409,0.0035703403409570456,0.007300921715795994,0.21214699745178223,0.07378242164850235,0.00966742541640997,0.05504615232348442,0.004800765309482813,0.02277792990207672,0.040342070162296295,0.005639181938022375,0.002718486124649644,0.008594943210482597,0.06006408482789993,0.07981106638908386,0.006273745093494654,0.005542959086596966,0.021490566432476044,0.029630547389388084,0.0037030947860330343,0.005576503928750753,0.03330310806632042,,,,,,,,,,,,,,,
unknown,ゃ,208,209,226.0982,226.13814,0.9975586,,0.02237221971154213,0.017770536243915558,0.060423702001571655,0.12492748349905014,0.01901833340525627,0.07938286662101746,0.013372812420129776,0.016282983124256134,0.015029947273433208,0.04120015725493431,0.03849854692816734,0.06879449635744095,0.07976078987121582,0.0679597482085228,0.05128619074821472,0.04486135020852089,0.1260460615158081,0.05122111365199089,0.029004869982600212,0.047761496156454086,0.02681828662753105,0.021663818508386612,0.011205428279936314,0.02032456547021866,0.003699947614222765,0.003709300421178341,0.3179250657558441,0.028739823028445244,0.00423431908711791,0.2085093855857849,0.008484946563839912,0.008971373550593853,0.002514614723622799,0.00924753863364458,0.22071872651576996,0.06686349958181381,0.005978365894407034,0.05516791716217995,0.005398509092628956,0.024645641446113586,0.03961312398314476,0.004970149137079716,0.0013991129817441106,0.00767509825527668,0.06119716167449951,0.09279676526784897,0.004604199901223183,0.004694585222750902,0.026039279997348785,0.034858450293540955,0.0033171558752655983,0.0031748281326144934,0.03661682456731796,,,,,,,,,,,,,,,
unknown,ん,210,211,226.13814,226.63814,0.9921875,,0.03930366039276123,0.03237466141581535,0.07193980365991592,0.13749828934669495,0.012620991095900536,0.051624175161123276,0.00835707038640976,0.023294644430279732,0.013191110454499722,0.03566894307732582,0.040462542325258255,0.06503644585609436,0.07021545618772507,0.07487447559833527,0.048629339784383774,0.06110354885458946,0.13264915347099304,0.05532931908965111,0.019039345905184746,0.03336970880627632,0.016738058999180794,0.01230135839432478,0.00973422173410654,0.027068793773651123,0.0031995221506804228,0.002850617514923215,0.38904720544815063,0.037944186478853226,0.00536460243165493,0.2544299364089966,0.005107320379465818,0.0125427832826972,0.0021521637681871653,0.005241331644356251,0.23575469851493835,0.10275938361883163,0.010175643488764763,0.08842428028583527,0.003647817997261882,0.04496297985315323,0.03632904216647148,0.004360477905720472,0.001915785251185298,0.005885432939976454,0.054562781006097794,0.12091217935085297,0.005053363740444183,0.00422199722379446,0.01487576961517334,0.03596974536776543,0.0027307539712637663,0.0028798647690564394,0.051709648221731186,,,,,,,,,,,,,,,
unknown,年,212,213,231.98999,232.15,0.9458008,,0.03463827446103096,0.0437140129506588,0.055742304772138596,0.11566264182329178,0.013806944712996483,0.07960286736488342,0.008678014390170574,0.021027596667408943,0.016164612025022507,0.07523591816425323,0.048588063567876816,0.054139506071805954,0.0465487577021122,0.055003244429826736,0.04241291806101799,0.07481539249420166,0.12783297896385193,0.05576043576002121,0.02822081558406353,0.02924720197916031,0.012118698097765446,0.012861130759119987,0.008066284470260143,0.039086632430553436,0.0038496837951242924,0.00277587678283453,0.37219709157943726,0.04226492717862129,0.006455730646848679,0.30647239089012146,0.003759057493880391,0.013472309336066246,0.002071318682283163,0.0026960093528032303,0.17955394089221954,0.12727487087249756,0.022528499364852905,0.06807948648929596,0.005009812768548727,0.03950437530875206,0.044591255486011505,0.0065525611862540245,0.008298280648887157,0.0072991326451301575,0.048371925950050354,0.12830984592437744,0.019350051879882812,0.004257143475115299,0.014820367097854614,0.0411563366651535,0.002452922286465764,0.00867440365254879,0.048053592443466187,,,,,,,,,,,,,,,
unknown,下,214,215,232.15,232.65,0.9970703,,0.028584888204932213,0.03044285997748375,0.06942988187074661,0.12119140475988388,0.015325004234910011,0.0808330848813057,0.006510171107947826,0.019877497106790543,0.0219377800822258,0.07318264991044998,0.049143873155117035,0.04844360426068306,0.05817626044154167,0.0567207969725132,0.06785093247890472,0.04449846222996712,0.08261063694953918,0.02889884077012539,0.03156864270567894,0.07025447487831116,0.03183276578783989,0.010499578900635242,0.011784425005316734,0.020543651655316353,0.004563791677355766,0.0025150191504508257,0.24257726967334747,0.04100067541003227,0.006909437011927366,0.17891918122768402,0.0046262601390480995,0.0059331138618290424,0.0016420278698205948,0.005969900172203779,0.2004958987236023,0.06639589369297028,0.013275266624987125,0.06281895190477371,0.0029906712006777525,0.020444318652153015,0.03748062998056412,0.0029149306938052177,0.006923488806933165,0.005350015126168728,0.08165501058101654,0.07137423753738403,0.024337725713849068,0.005316062830388546,0.02506325952708721,0.035696398466825485,0.002489726524800062,0.004359245765954256,0.022752802819013596,,,,,,,,,,,,,,,
unknown,ニ,216,217,236.31,236.81,0.31298828,,0.04240723326802254,0.05084400624036789,0.08215123414993286,0.12124970555305481,0.007036359515041113,0.041558001190423965,0.006477375980466604,0.02791677974164486,0.01914527267217636,0.05425935238599777,0.04837587848305702,0.04930303245782852,0.055499132722616196,0.06262201070785522,0.03801320120692253,0.06169012561440468,0.10521746426820755,0.03257621079683304,0.016718391329050064,0.027972785755991936,0.012830155901610851,0.007544028572738171,0.010109967552125454,0.03348725289106369,0.003795875934883952,0.0020751270931214094,0.3447568416595459,0.053847648203372955,0.006308421958237886,0.28789958357810974,0.003688339376822114,0.009009262546896935,0.001500721205957234,0.0032998512033373117,0.24126102030277252,0.11776367574930191,0.02206055261194706,0.09090287983417511,0.0022746252361685038,0.03289412334561348,0.0378829687833786,0.0037545606028288603,0.009392306208610535,0.004252082202583551,0.04570748284459114,0.10128006339073181,0.025440532714128494,0.003973306622356176,0.015677502378821373,0.05110091716051102,0.002030293457210064,0.003943203948438168,0.03163720667362213,,,,,,,,,,,,,,,
unknown,ア,218,219,243.04222,243.20197,0.9663086,,0.033062949776649475,0.04535716027021408,0.10060067474842072,0.11358878761529922,0.00770117063075304,0.04343245178461075,0.01175196748226881,0.029417727142572403,0.027815701439976692,0.05144710838794708,0.05198146402835846,0.05110517516732216,0.08218824863433838,0.09157286584377289,0.03951548412442207,0.046984609216451645,0.10694096237421036,0.023242659866809845,0.019578030332922935,0.039282798767089844,0.021179717034101486,0.013138160109519958,0.016671404242515564,0.028156910091638565,0.0060910931788384914,0.0026391372084617615,0.21773290634155273,0.07029560208320618,0.006237173452973366,0.18683958053588867,0.008867916651070118,0.005511272698640823,0.0022352435626089573,0.008041256107389927,0.22581197321414948,0.08190964162349701,0.021218575537204742,0.11212724447250366,0.003666481003165245,0.024335023015737534,0.04621883109211922,0.0026549401227384806,0.011903968639671803,0.006408738903701305,0.045421186834573746,0.06854579597711563,0.031066741794347763,0.006571337580680847,0.02143058367073536,0.040813129395246506,0.0021839814726263285,0.003524577245116234,0.01852330006659031,,,,,,,,,,,,,,,
unknown,パ,220,221,243.20197,243.28185,0.9970703,,0.013627848587930202,0.016534626483917236,0.03761797770857811,0.10245990008115768,0.015583893284201622,0.11668920516967773,0.026685066521167755,0.016988122835755348,0.048356760293245316,0.14825575053691864,0.058975107967853546,0.07995276898145676,0.13580889999866486,0.0993734672665596,0.04950816184282303,0.02943931519985199,0.06534874439239502,0.032751090824604034,0.036547016352415085,0.057186294347047806,0.022876743227243423,0.02918393537402153,0.02922244742512703,0.011644035577774048,0.009913414716720581,0.0038123903796076775,0.16461598873138428,0.04092387855052948,0.00578362075611949,0.1326630562543869,0.014932019636034966,0.0039888001047074795,0.00364273926243186,0.008933897130191326,0.18061356246471405,0.037086982280015945,0.007849282585084438,0.08595707267522812,0.006967930123209953,0.01604047790169716,0.05481401085853577,0.0028026842046529055,0.004699637647718191,0.011114473454654217,0.0728302076458931,0.033556994050741196,0.010556432418525219,0.009062863886356354,0.03532763570547104,0.029660385102033615,0.003023873781785369,0.01537945307791233,0.013905688188970089,,,,,,,,,,,,,,,
unknown,ー,222,223,243.28185,243.44159,0.7553711,,0.012512275949120522,0.014278735965490341,0.030637813732028008,0.07792573422193527,0.02451239340007305,0.13995812833309174,0.035752203315496445,0.015357066877186298,0.04921076074242592,0.11274600774049759,0.048087675124406815,0.07617708295583725,0.17413270473480225,0.1046445369720459,0.060904182493686676,0.021069414913654327,0.04941653087735176,0.02925991266965866,0.04719764366745949,0.09186816215515137,0.035674795508384705,0.04057219624519348,0.039548493921756744,0.008751614019274712,0.010521641001105309,0.004822365008294582,0.12563197314739227,0.036175437271595,0.00486393878236413,0.10099499672651291,0.023322151973843575,0.0033866669982671738,0.0043313694186508656,0.014627054333686829,0.18951132893562317,0.02438010647892952,0.006854467559605837,0.07125123590230942,0.007838299497961998,0.0117672523483634,0.04701504856348038,0.0024259809870272875,0.004090564325451851,0.012780968099832535,0.05762309953570366,0.02468353509902954,0.010717207565903664,0.01082240603864193,0.04726457968354225,0.02480122447013855,0.003747614799067378,0.013210422359406948,0.01026892103254795,,,,,,,,,,,,,,,
unknown,ト,224,225,243.44159,243.94159,0.984375,,0.016807815060019493,0.025524256750941277,0.04006165638566017,0.09027455747127533,0.014712425880134106,0.09437239915132523,0.048601891845464706,0.01778421550989151,0.05002359673380852,0.11479734629392624,0.041647769510746,0.08167637884616852,0.1696913093328476,0.10939961671829224,0.035982895642519,0.022907640784978867,0.11082714051008224,0.041001852601766586,0.03197252377867699,0.04427964985370636,0.01618346758186817,0.04210199788212776,0.037711359560489655,0.016294851899147034,0.009444411844015121,0.004079077392816544,0.19175301492214203,0.05529620498418808,0.006323653738945723,0.18060088157653809,0.027406906709074974,0.0036291340366005898,0.004148433450609446,0.009898025542497635,0.23174864053726196,0.04041005298495293,0.012741449289023876,0.08135705441236496,0.007840202189981937,0.014224004000425339,0.039375290274620056,0.002189021557569504,0.008919170126318932,0.012258053757250309,0.038347162306308746,0.028515776619315147,0.021685093641281128,0.00896189920604229,0.028035469353199005,0.02454977296292782,0.0029064505361020565,0.013114488683640957,0.010827330872416496,,,,,,,,,,,,,,,
unknown,ウ,226,227,249.27228,249.35216,0.88671875,,0.03730597719550133,0.04955549165606499,0.06732736527919769,0.10496889054775238,0.01526578888297081,0.09891577064990997,0.019187774509191513,0.025804797187447548,0.04199197515845299,0.07867439836263657,0.032859478145837784,0.052168384194374084,0.16486413776874542,0.0774756520986557,0.035163942724466324,0.03202252462506294,0.13536295294761658,0.035893891006708145,0.037650302052497864,0.04184198006987572,0.015303948894143105,0.02270262874662876,0.023528655990958214,0.022677136585116386,0.010092667303979397,0.0025411497335880995,0.23781424760818481,0.0619901567697525,0.009222679771482944,0.1947418749332428,0.008635948412120342,0.0064670126885175705,0.003904632292687893,0.004890748765319586,0.22493590414524078,0.07135748863220215,0.018513696268200874,0.07811951637268066,0.0049678124487400055,0.022807922214269638,0.03728857263922691,0.0023393866140395403,0.010344062000513077,0.010011238045990467,0.03148037940263748,0.04982508718967438,0.028445538133382797,0.008612425066530704,0.027517441660165787,0.041483134031295776,0.0019804504700005054,0.007641247007995844,0.015341985039412975,,,,,,,,,,,,,,,
unknown,ェ,228,229,249.35216,249.47197,0.91503906,,0.022293459624052048,0.04089237377047539,0.055013589560985565,0.08230319619178772,0.012014522217214108,0.0760246068239212,0.022390687838196754,0.01985493116080761,0.059099964797496796,0.14617690443992615,0.035882946103811264,0.06111396849155426,0.11919759213924408,0.06341459602117538,0.03095659613609314,0.022570613771677017,0.13572192192077637,0.03245628997683525,0.02420695871114731,0.03338196873664856,0.016188278794288635,0.022991903126239777,0.01761314459145069,0.017048507928848267,0.011506733484566212,0.0024638748727738857,0.23567673563957214,0.06330394744873047,0.0062524485401809216,0.22541722655296326,0.01102720107883215,0.004906634334474802,0.004456756636500359,0.006382944993674755,0.2349872887134552,0.054840363562107086,0.015078956261277199,0.11930252611637115,0.004000280983746052,0.014608729630708694,0.027116600424051285,0.0014077471569180489,0.009673552587628365,0.008931032381951809,0.021692147478461266,0.028622670099139214,0.02634664624929428,0.008836925961077213,0.020747018977999687,0.026456085965037346,0.001706726267002523,0.007399983238428831,0.009386719204485416,,,,,,,,,,,,,,,
unknown,デ,230,231,249.47197,249.5119,0.99902344,,0.018565919250249863,0.036494988948106766,0.04495806246995926,0.06382127106189728,0.009740344248712063,0.06635671854019165,0.02504788339138031,0.018239740282297134,0.05264851450920105,0.1813884824514389,0.06077570468187332,0.07430197298526764,0.09661150723695755,0.07635506987571716,0.026819491758942604,0.03375773876905441,0.11105808615684509,0.045083194971084595,0.020107239484786987,0.021708019077777863,0.009833451360464096,0.022419730201363564,0.01593639887869358,0.020800793543457985,0.0093532158061862,0.003139330307021737,0.25697407126426697,0.06170157343149185,0.0055587878450751305,0.24472962319850922,0.008661696687340736,0.006377312354743481,0.005914193112403154,0.0035767988301813602,0.23739829659461975,0.06145424768328667,0.01759779080748558,0.08321288973093033,0.0044006467796862125,0.017457520589232445,0.030462095513939857,0.0022168143186718225,0.011806710623204708,0.00984429381787777,0.019320504739880562,0.035000573843717575,0.02739243023097515,0.009093966335058212,0.01387096755206585,0.02176714316010475,0.0022283829748630524,0.02488061971962452,0.012048688717186451,,,,,,,,,,,,,,,
unknown,ィ,232,233,249.5119,249.59178,0.99902344,,0.01589737832546234,0.02470872551202774,0.04004975035786629,0.058382418006658554,0.015766596421599388,0.1039348617196083,0.0190950445830822,0.01717609539628029,0.050497669726610184,0.19791387021541595,0.08102860301733017,0.0935111865401268,0.10289530456066132,0.07060540467500687,0.03673618286848068,0.03141313046216965,0.07913205772638321,0.04696670547127724,0.03138269856572151,0.03687922656536102,0.017365749925374985,0.02436566911637783,0.014344915747642517,0.013720395974814892,0.012476267293095589,0.003814060240983963,0.1667318195104599,0.050733719021081924,0.005393123719841242,0.13304683566093445,0.007676741573959589,0.006381927523761988,0.008008673787117004,0.004956494085490704,0.20021171867847443,0.03556721284985542,0.01058933325111866,0.0693550705909729,0.005079855676740408,0.016544487327337265,0.03824743255972862,0.002863574307411909,0.007383579388260841,0.010639474727213383,0.02427607588469982,0.03460937738418579,0.021420106291770935,0.012845390476286411,0.020671306177973747,0.02157684974372387,0.003163096960633993,0.03141961991786957,0.013930420391261578,,,,,,,,,,,,,,,
unknown,ン,234,235,249.59178,249.67165,0.98779297,,0.021465687081217766,0.02907031774520874,0.037821993231773376,0.07654239237308502,0.020718654617667198,0.10636195540428162,0.02175612561404705,0.020923729985952377,0.04806981608271599,0.1099494993686676,0.06232958659529686,0.08548535406589508,0.08292226493358612,0.06989780813455582,0.0412759855389595,0.02849176526069641,0.07838839292526245,0.05214393883943558,0.030522825196385384,0.04206845536828041,0.021218087524175644,0.028296390548348427,0.01475337240844965,0.014236154034733772,0.013774789869785309,0.005237608216702938,0.2066800743341446,0.048397164791822433,0.005880278069525957,0.16267508268356323,0.010964291170239449,0.00823536328971386,0.0064041693694889545,0.007658738177269697,0.24002495408058167,0.03880830109119415,0.012080415152013302,0.08930577337741852,0.00622075330466032,0.018938643857836723,0.040823839604854584,0.0033996582496911287,0.008576102554798126,0.010527011007070541,0.032908350229263306,0.039144840091466904,0.02593289501965046,0.011496398597955704,0.02756037376821041,0.03208444267511368,0.004182390868663788,0.019662225618958473,0.016199858859181404,,,,,,,,,,,,,,,
unknown,グ,236,237,249.67165,249.79146,0.99560547,,0.035368628799915314,0.03667808324098587,0.046818021684885025,0.0766686275601387,0.026220163330435753,0.11804835498332977,0.015028392896056175,0.029330963268876076,0.03238414227962494,0.10536126792430878,0.05522379279136658,0.07365380972623825,0.062132760882377625,0.060845766216516495,0.050624314695596695,0.031524546444416046,0.07003973424434662,0.05145085230469704,0.03828950971364975,0.05474839359521866,0.025480257347226143,0.02370394766330719,0.012595620937645435,0.014424317516386509,0.009725533425807953,0.004739637952297926,0.23665538430213928,0.04782061278820038,0.007933735847473145,0.18428806960582733,0.008913600817322731,0.009292924776673317,0.003963130991905928,0.007444010116159916,0.2525480389595032,0.045650120824575424,0.01208149641752243,0.07204733043909073,0.005793237593024969,0.023484967648983,0.03973665460944176,0.0031927379313856363,0.006740534212440252,0.010661176405847073,0.03763395547866821,0.047290246933698654,0.020396776497364044,0.009181730449199677,0.03248511254787445,0.04063944146037102,0.003944706171751022,0.014319146983325481,0.019478047266602516,,,,,,,,,,,,,,,
unknown,ド,238,239,249.79146,249.91127,0.94628906,,0.02756320685148239,0.03178655356168747,0.0367596261203289,0.06758550554513931,0.056567318737506866,0.1762094646692276,0.019557902589440346,0.02415846288204193,0.03665859252214432,0.08576168119907379,0.047275107353925705,0.07080364227294922,0.07461424916982651,0.055854424834251404,0.07042902708053589,0.02613234706223011,0.0546746551990509,0.0630263090133667,0.03874354809522629,0.06848067790269852,0.03375595808029175,0.03237432613968849,0.014403152279555798,0.01560712605714798,0.01130016427487135,0.005645198747515678,0.19373629987239838,0.0434468612074852,0.009562816470861435,0.15153637528419495,0.010444147512316704,0.007682339753955603,0.0046927109360694885,0.008794133551418781,0.1797598898410797,0.04025566950440407,0.012809931300580502,0.04538865387439728,0.008293936029076576,0.02795991487801075,0.0379580482840538,0.0032588785979896784,0.009282010607421398,0.011356895789504051,0.04518958553671837,0.03944198042154312,0.026941176503896713,0.011431518010795116,0.032509032636880875,0.030659269541502,0.004479598719626665,0.01820322684943676,0.022936832159757614,,,,,,,,,,,,,,,
unknown,レ,240,241,249.91127,249.99113,0.99365234,,0.016515761613845825,0.02348647080361843,0.030792219564318657,0.0723259225487709,0.04107183218002319,0.1725616157054901,0.028729842975735664,0.01808793842792511,0.05099685862660408,0.09302261471748352,0.061263278126716614,0.09102224558591843,0.09016799181699753,0.07431525737047195,0.05584631487727165,0.025948302820324898,0.04553571343421936,0.06898142397403717,0.04327978193759918,0.0612780936062336,0.026104046031832695,0.040397822856903076,0.018930727615952492,0.012878881767392159,0.017651526257395744,0.006741879507899284,0.1582651287317276,0.043015364557504654,0.0067862458527088165,0.12474377453327179,0.013970081694424152,0.005754760466516018,0.008481930010020733,0.009247928857803345,0.15800045430660248,0.032528702169656754,0.012819541618227959,0.06265370547771454,0.009982283227145672,0.027148962020874023,0.04851878806948662,0.0034943551290780306,0.010239179246127605,0.014993932098150253,0.042594391852617264,0.034372955560684204,0.02397410199046135,0.01625630632042885,0.03432406112551689,0.02495528571307659,0.0051998114213347435,0.024908242747187614,0.021024160087108612,,,,,,,,,,,,,,,
unknown,ス,242,243,249.99113,250.49113,0.9848633,,0.008643352426588535,0.013816285878419876,0.018936611711978912,0.05325332656502724,0.05259205773472786,0.23890770971775055,0.03947778791189194,0.008488425053656101,0.060321640223264694,0.1539626270532608,0.05038725584745407,0.06739000231027603,0.07383263111114502,0.05392259359359741,0.056416306644678116,0.023500440642237663,0.05886279046535492,0.06453841924667358,0.06529475003480911,0.06761772185564041,0.028729544952511787,0.054601509124040604,0.019784122705459595,0.009569620713591576,0.019082417711615562,0.005789632443338633,0.13185010850429535,0.02555021084845066,0.006215322762727737,0.11179466545581818,0.014928639866411686,0.004402877297252417,0.010721050202846527,0.007568866014480591,0.11778659373521805,0.024244409054517746,0.010312910191714764,0.03884698078036308,0.012741932645440102,0.0171658955514431,0.04314335435628891,0.003819563891738653,0.008820206858217716,0.019810769706964493,0.036864783614873886,0.028967710211873055,0.024537818506360054,0.018562400713562965,0.03654687479138374,0.017954528331756592,0.004196999594569206,0.03776038810610771,0.015075824223458767,,,,,,,,,,,,,,,
unknown,遊,244,245,261.2752,261.43512,0.97314453,,0.00488570099696517,0.00797363743185997,0.01125794555991888,0.05854295566678047,0.0891566127538681,0.32542291283607483,0.04401892423629761,0.006902160122990608,0.07558884471654892,0.10617851465940475,0.03215973079204559,0.043526358902454376,0.11096426844596863,0.045479096472263336,0.07190582901239395,0.012067265808582306,0.032136447727680206,0.034380458295345306,0.07442299276590347,0.11153686791658401,0.06206682696938515,0.07628891617059708,0.020568862557411194,0.005892046727240086,0.026444388553500175,0.007848103530704975,0.07340303808450699,0.017115117982029915,0.004592147655785084,0.0677824392914772,0.01921824738383293,0.002339443424716592,0.012855875305831432,0.01618337258696556,0.09140140563249588,0.014597524888813496,0.006341747473925352,0.029954977333545685,0.01593826524913311,0.010132897645235062,0.04068779572844505,0.0026371667627245188,0.005325877573341131,0.02136855572462082,0.047185253351926804,0.014914356172084808,0.017276380211114883,0.022808052599430084,0.0670640766620636,0.017407076433300972,0.005250199232250452,0.02537115104496479,0.0080918800085783,,,,,,,,,,,,,,,
unknown,ぶ,246,247,261.43512,261.93512,0.9453125,,0.010256104171276093,0.017255838960409164,0.027895363047719002,0.1215304359793663,0.020122727379202843,0.13325098156929016,0.022151151672005653,0.012869547121226788,0.06813599169254303,0.10540920495986938,0.06186836212873459,0.06716115027666092,0.1570947915315628,0.08652319014072418,0.0436619333922863,0.02158758044242859,0.03125810623168945,0.03164691850543022,0.03509267419576645,0.056188687682151794,0.01953069493174553,0.024157416075468063,0.023496635258197784,0.009973568841814995,0.015700330957770348,0.004301590379327536,0.1432974487543106,0.03732917085289955,0.004193976055830717,0.12436294555664062,0.009281404316425323,0.003114505438134074,0.006075583398342133,0.0065764933824539185,0.18432599306106567,0.04386436939239502,0.011359012685716152,0.0849987342953682,0.004823846742510796,0.012702732346951962,0.038099490106105804,0.002136246534064412,0.009056192822754383,0.009714653715491295,0.04562850296497345,0.022996895015239716,0.016283325850963593,0.011414442211389542,0.03712594881653786,0.02681351639330387,0.003422704990953207,0.01339096948504448,0.009913207031786442,,,,,,,,,,,,,,,
unknown,透,248,249,267.39127,267.59116,0.9926758,,0.020563840866088867,0.033138394355773926,0.028770940378308296,0.14350095391273499,0.0065762135200202465,0.05848802253603935,0.015205135568976402,0.020006777718663216,0.06347380578517914,0.08394178748130798,0.05973582714796066,0.06380367279052734,0.1580704301595688,0.09479053318500519,0.02179030515253544,0.02974131517112255,0.02653166651725769,0.03431939333677292,0.024015547707676888,0.020599478855729103,0.005201402120292187,0.012965656816959381,0.022494133561849594,0.014827863313257694,0.014467990025877953,0.003245761850848794,0.22149471938610077,0.05057220533490181,0.0037444308400154114,0.19787129759788513,0.005204846616834402,0.004524854011833668,0.005225123837590218,0.002368069952353835,0.21105876564979553,0.0841171070933342,0.02025739848613739,0.13871382176876068,0.0030948661733418703,0.02238115854561329,0.04165535792708397,0.002311257878318429,0.012498358264565468,0.00817260891199112,0.027212856337428093,0.032509054988622665,0.013998259790241718,0.009043006226420403,0.024117790162563324,0.03946666419506073,0.00273331580683589,0.012343290261924267,0.015530439093708992,,,,,,,,,,,,,,,
unknown,明,250,251,267.59116,268.09116,0.9946289,,0.029754240065813065,0.03930016607046127,0.038446325808763504,0.11404946446418762,0.00838694628328085,0.06588013470172882,0.016330640763044357,0.02496403269469738,0.0496826209127903,0.05361621826887131,0.053376633673906326,0.07512199133634567,0.14368855953216553,0.1170579120516777,0.025611625984311104,0.030892087146639824,0.04291369020938873,0.048686861991882324,0.025789642706513405,0.024886807426810265,0.006868720054626465,0.014251121319830418,0.02544429525732994,0.014328389428555965,0.013135001063346863,0.0038000894710421562,0.2461867779493332,0.05558294430375099,0.005599560681730509,0.1924588829278946,0.0059264833107590675,0.007367483805865049,0.005819456651806831,0.002661110134795308,0.2817053496837616,0.07014350593090057,0.02029094472527504,0.1111985445022583,0.0031847700010985136,0.02781367488205433,0.0467376671731472,0.0026083318516612053,0.012186096981167793,0.007936322130262852,0.02949882298707962,0.041455283761024475,0.017055032774806023,0.009210807271301746,0.024375736713409424,0.04549446702003479,0.003300461918115616,0.010008580982685089,0.01766411028802395,,,,,,,,,,,,,,,
unknown,白,252,253,272.36118,272.60086,0.8598633,,0.03127539902925491,0.03144621104001999,0.05331297963857651,0.1085391566157341,0.012262174859642982,0.09501198679208755,0.02865568734705448,0.02631199173629284,0.07421315461397171,0.04215359315276146,0.049425359815359116,0.08522195369005203,0.14087574183940887,0.13571462035179138,0.03465461730957031,0.02329988032579422,0.02868056111037731,0.04366699606180191,0.04385952278971672,0.05287770926952362,0.016533315181732178,0.02934245951473713,0.037298232316970825,0.008639062754809856,0.0311552956700325,0.007970399223268032,0.13819243013858795,0.05541364103555679,0.006619893014431,0.0893465057015419,0.015700381249189377,0.00595175102353096,0.009741673246026039,0.007962088100612164,0.22974838316440582,0.034777332097291946,0.015816768631339073,0.08878125995397568,0.007979262620210648,0.027969036251306534,0.06549444049596786,0.0026188893243670464,0.010821618139743805,0.013662684708833694,0.04373806715011597,0.03414664417505264,0.018241949379444122,0.020203590393066406,0.0402645580470562,0.03777647018432617,0.006184766069054604,0.00984928198158741,0.013821345753967762,,,,,,,,,,,,,,,
unknown,い,254,255,272.60086,273.10086,0.99902344,,0.024907182902097702,0.031229887157678604,0.0464349128305912,0.10215684026479721,0.016693072393536568,0.13484857976436615,0.039464496076107025,0.022956181317567825,0.055094171315431595,0.05443485081195831,0.04032667726278305,0.06223409250378609,0.09889020770788193,0.09207938611507416,0.03226945549249649,0.02794833295047283,0.03376702219247818,0.04313189908862114,0.054930344223976135,0.04721052944660187,0.014083439484238625,0.039456430822610855,0.0259383674710989,0.012012509629130363,0.02196691371500492,0.0055418964475393295,0.18818029761314392,0.04462912306189537,0.006007075309753418,0.16600146889686584,0.01700121909379959,0.006428844761103392,0.006489824969321489,0.0067094736732542515,0.17748625576496124,0.053581465035676956,0.015006409026682377,0.07562026381492615,0.009064359590411186,0.029832296073436737,0.05418963357806206,0.0037020437885075808,0.008604288101196289,0.018306851387023926,0.037345122545957565,0.04171808436512947,0.01398826390504837,0.01412281859666109,0.03969130292534828,0.038879215717315674,0.0037904945202171803,0.01150200143456459,0.016213253140449524,,,,,,,,,,,,,,,
unknown,動,256,257,278.7929,279.0326,0.97265625,,0.02991892211139202,0.04356664419174194,0.06770537793636322,0.15476131439208984,0.012886867858469486,0.09216338396072388,0.022358914837241173,0.030308889225125313,0.051313165575265884,0.05561496317386627,0.03602955862879753,0.06266482174396515,0.10347205400466919,0.07072926312685013,0.030362142249941826,0.03586031123995781,0.0384845957159996,0.05009270831942558,0.027688240632414818,0.02815830521285534,0.010212625376880169,0.021483398973941803,0.017402557656168938,0.028655318543314934,0.017957748845219612,0.0030646775849163532,0.2912916839122772,0.06819546222686768,0.0061584278009831905,0.2908133268356323,0.008768508210778236,0.0072041843086481094,0.003975008614361286,0.004583708010613918,0.18277081847190857,0.10434084385633469,0.018722450360655785,0.07286704331636429,0.004976958967745304,0.046481117606163025,0.03594429790973663,0.0031818533316254616,0.012882057577371597,0.009135033003985882,0.041526440531015396,0.05562855303287506,0.023488381877541542,0.009631340391933918,0.025214936584234238,0.048648662865161896,0.002094743773341179,0.009423776529729366,0.02748619019985199,,,,,,,,,,,,,,,
unknown,物,258,259,279.0326,279.5326,0.98095703,,0.019201112911105156,0.020085865631699562,0.05353216454386711,0.15720932185649872,0.015103970654308796,0.12880218029022217,0.03020731545984745,0.02328396402299404,0.0718531683087349,0.0519956573843956,0.03722869232296944,0.0878579244017601,0.16533163189888,0.09937570244073868,0.03335009142756462,0.024496441707015038,0.02673725225031376,0.05796291306614876,0.03325314074754715,0.038866207003593445,0.013284673914313316,0.02588590420782566,0.029272783547639847,0.016950607299804688,0.027675140649080276,0.0034689544700086117,0.21657297015190125,0.05459652841091156,0.00640485854819417,0.202797070145607,0.01136759202927351,0.004823095630854368,0.00557725690305233,0.005557668395340443,0.2000540941953659,0.05237433314323425,0.007170017343014479,0.047122638672590256,0.004155468195676804,0.03726939111948013,0.054181598126888275,0.0039286306127905846,0.007682406343519688,0.007735892198979855,0.05040625110268593,0.0436985045671463,0.02212589792907238,0.013271602801978588,0.03575897961854935,0.054338838905096054,0.0025202040560543537,0.010188493877649307,0.025020066648721695,,,,,,,,,,,,,,,
unknown,太,260,261,284.34576,284.4656,0.9995117,,0.023818055167794228,0.022616712376475334,0.05296757072210312,0.16260209679603577,0.014963681809604168,0.1009979099035263,0.014553869143128395,0.029559101909399033,0.03840856999158859,0.03763547167181969,0.0329398475587368,0.0717802569270134,0.18618035316467285,0.1014552190899849,0.037717707455158234,0.019247645512223244,0.020091451704502106,0.03983272984623909,0.036596525460481644,0.050432268530130386,0.01464664377272129,0.017466990277171135,0.02627790905535221,0.01710963249206543,0.013388793915510178,0.003832389833405614,0.20100724697113037,0.056529149413108826,0.005710765719413757,0.17516851425170898,0.007252804934978485,0.003326376434415579,0.0034938999451696873,0.0057434202171862125,0.2258910983800888,0.05052441731095314,0.008533773012459278,0.046723928302526474,0.0033394284546375275,0.026040449738502502,0.04610053449869156,0.0022866157814860344,0.007146863732486963,0.007194382604211569,0.06715729832649231,0.034437090158462524,0.018191508948802948,0.009453827515244484,0.0428287498652935,0.04781808331608772,0.003162932815030217,0.007157777901738882,0.021505629643797874,,,,,,,,,,,,,,,
unknown,い,262,263,284.4656,284.94,0.9995117,,0.026570629328489304,0.025441890582442284,0.05239482969045639,0.12859459221363068,0.018329938873648643,0.1394721418619156,0.01667953096330166,0.03160853683948517,0.03840847313404083,0.0624348409473896,0.028991611674427986,0.06746288388967514,0.17012551426887512,0.07091973721981049,0.03093685768544674,0.020617537200450897,0.026312891393899918,0.04878478869795799,0.036599576473236084,0.034976810216903687,0.011604482308030128,0.02267378941178322,0.01944897510111332,0.01955774426460266,0.012830712832510471,0.0034619730431586504,0.22198167443275452,0.05288832262158394,0.007235465571284294,0.19958922266960144,0.005748112220317125,0.004395498428493738,0.003271223045885563,0.003860702970996499,0.18255522847175598,0.060916658490896225,0.008194460533559322,0.033449191600084305,0.004964793566614389,0.03030667081475258,0.04144899919629097,0.002652841852977872,0.005930508952587843,0.008727400563657284,0.044354043900966644,0.03583492711186409,0.01485030259937048,0.008409216068685055,0.03767586871981621,0.05227792263031006,0.002536123152822256,0.014473852701485157,0.023194722831249237,,,,,,,,,,,,,,,
unknown,教,264,265,290.83618,291.03604,0.921875,,0.011206666938960552,0.008470780216157436,0.024376550689339638,0.1003863662481308,0.055729638785123825,0.22872574627399445,0.01924336887896061,0.016746681183576584,0.04204108193516731,0.02908432111144066,0.025551412254571915,0.06645955890417099,0.19600649178028107,0.09246709197759628,0.0818350687623024,0.013765087351202965,0.015031032264232635,0.04985596984624863,0.06529116630554199,0.1440071016550064,0.05199361592531204,0.03133799508213997,0.03460104390978813,0.009857364930212498,0.015325935557484627,0.005121612921357155,0.14257784187793732,0.02849479392170906,0.005331877153366804,0.11153646558523178,0.011295822449028492,0.002232665428891778,0.005747711751610041,0.013008729554712772,0.1917501837015152,0.02035900205373764,0.0032849160488694906,0.017259743064641953,0.005006740801036358,0.021308142691850662,0.053763482719659805,0.0023830721620470285,0.0027800509706139565,0.007989799603819847,0.08432365208864212,0.027390731498599052,0.012022700160741806,0.014751448296010494,0.08649427443742752,0.03930980712175369,0.003963612485677004,0.006879311520606279,0.020129751414060593,,,,,,,,,,,,,,,
unknown,科,266,267,291.03604,291.116,0.8076172,,0.018436796963214874,0.018166713416576385,0.02561034820973873,0.10929257422685623,0.023398958146572113,0.1589116007089615,0.012785368598997593,0.017447087913751602,0.025963466614484787,0.07728594541549683,0.02638430893421173,0.06503023952245712,0.06677830964326859,0.04221491888165474,0.03758491948246956,0.029821928590536118,0.02991468645632267,0.09498950093984604,0.044693876057863235,0.03275013342499733,0.007900664582848549,0.014862949028611183,0.009687252342700958,0.02445577271282673,0.008353137411177158,0.0023774178698658943,0.4002033472061157,0.02888217568397522,0.0069458396174013615,0.4306645393371582,0.0030910137575119734,0.005302149802446365,0.0036337566561996937,0.0017538027605041862,0.171876460313797,0.07817794382572174,0.005791712552309036,0.02739568054676056,0.0026944356504827738,0.046875547617673874,0.033023539930582047,0.004666814114898443,0.003282293677330017,0.007373909931629896,0.035673730075359344,0.059840716421604156,0.009615941904485226,0.006923303008079529,0.024459779262542725,0.03944568336009979,0.0020308298990130424,0.012256162241101265,0.05326730012893677,,,,,,,,,,,,,,,
unknown,書,268,269,291.116,291.616,0.99560547,,0.0163375623524189,0.012610825709998608,0.026805022731423378,0.10247818380594254,0.0323173925280571,0.15163671970367432,0.012619255110621452,0.01569983921945095,0.03394424915313721,0.05610586330294609,0.024058565497398376,0.06566587835550308,0.055833060294389725,0.0276778656989336,0.05214989185333252,0.027560552582144737,0.01633424498140812,0.10152442008256912,0.031035402789711952,0.05386272445321083,0.018685337156057358,0.01735646277666092,0.009854255244135857,0.027683865278959274,0.01171413715928793,0.003341217990964651,0.3290346562862396,0.02465122751891613,0.004820080939680338,0.3175080418586731,0.0040594046004116535,0.005296863149851561,0.003520834492519498,0.003588910447433591,0.12470640242099762,0.05920761078596115,0.0049771396443247795,0.009712662547826767,0.0031524666119366884,0.04058714210987091,0.040397852659225464,0.008411351591348648,0.0038260507863014936,0.004642683081328869,0.05366409942507744,0.06230416148900986,0.01799873262643814,0.008613556623458862,0.03588530421257019,0.05663389712572098,0.003090787446126342,0.013934253714978695,0.06717349588871002,,,,,,,,,,,,,,,
unknown,オ,270,271,297.75168,297.8716,0.9941406,,0.02121521718800068,0.015055587515234947,0.034976210445165634,0.1217653751373291,0.0283209178596735,0.1419096142053604,0.008423971012234688,0.019035687670111656,0.03958496078848839,0.05227971449494362,0.022526001557707787,0.061003174632787704,0.09511073678731918,0.03194529935717583,0.056287482380867004,0.02066667377948761,0.013776439242064953,0.07357390969991684,0.025927694514393806,0.06279206275939941,0.020901985466480255,0.011931190267205238,0.014593440108001232,0.020013703033328056,0.011948238126933575,0.0023340252228081226,0.2628486752510071,0.0298350527882576,0.006163317710161209,0.2258417159318924,0.0032560729887336493,0.0032337710727006197,0.0022962866351008415,0.0032783374190330505,0.14482161402702332,0.05089844763278961,0.004982476122677326,0.010174158960580826,0.0020486873108893633,0.03896582871675491,0.03542860969901085,0.003707002615556121,0.004429998341947794,0.003244714578613639,0.06938047707080841,0.04520973935723305,0.021527966484427452,0.007966260425746441,0.03809433430433273,0.05914925038814545,0.0022646745201200247,0.008043511770665646,0.0459132082760334,,,,,,,,,,,,,,,
unknown,レ,272,273,297.8716,297.95154,0.99316406,,0.010309737175703049,0.010870076715946198,0.014741240069270134,0.09377846866846085,0.09459686279296875,0.3060140907764435,0.012761775404214859,0.010705225169658661,0.05374680086970329,0.06805294752120972,0.018899958580732346,0.04145078733563423,0.07276657223701477,0.03330107033252716,0.10361860692501068,0.01100992038846016,0.015899673104286194,0.07720068097114563,0.04829902574419975,0.13342711329460144,0.045181311666965485,0.02337244339287281,0.017301933839917183,0.010842143557965755,0.01828845590353012,0.0033900560811161995,0.179093137383461,0.021275382488965988,0.009507381357252598,0.14711037278175354,0.004763911012560129,0.0017947249580174685,0.005868676118552685,0.005006984807550907,0.09994113445281982,0.02764384262263775,0.005384842399507761,0.010494808666408062,0.0035648674238473177,0.022789623588323593,0.03774520754814148,0.0017796196043491364,0.00657291617244482,0.007007515989243984,0.08294866234064102,0.019882844761013985,0.02799544669687748,0.016942346468567848,0.04605408385396004,0.027296636253595352,0.0027346950955688953,0.015194306150078773,0.02061266452074051,,,,,,,,,,,,,,,
unknown,ン,274,275,297.95154,298.07147,0.8886719,,0.006007122341543436,0.005785821937024593,0.009428899735212326,0.06838223338127136,0.1251230686903,0.35328954458236694,0.013676279224455357,0.007208298426121473,0.0458374060690403,0.058929041028022766,0.01978035271167755,0.059788480401039124,0.12232747673988342,0.045986197888851166,0.12378483265638351,0.010004715994000435,0.012768760323524475,0.09447325766086578,0.04058920219540596,0.15068753063678741,0.05545022711157799,0.0259233508259058,0.023600377142429352,0.008125628344714642,0.013026595115661621,0.003526784712448716,0.13278412818908691,0.01738600805401802,0.00582438288256526,0.09433549642562866,0.004678404424339533,0.0014457890065386891,0.0052297101356089115,0.005235209595412016,0.10529923439025879,0.016574399545788765,0.003693235106766224,0.008867073804140091,0.00403383607044816,0.020694859325885773,0.03020104207098484,0.001760319690220058,0.004466119222342968,0.005533354822546244,0.08732584863901138,0.0175532978028059,0.023259034380316734,0.01400153897702694,0.045870497822761536,0.019890453666448593,0.0026503896806389093,0.021297577768564224,0.020381709560751915,,,,,,,,,,,,,,,
unknown,ジ,276,277,298.07147,298.57147,0.9975586,,0.0076243095099925995,0.007553538307547569,0.00991992000490427,0.08489473164081573,0.1702227145433426,0.3942309617996216,0.011608908884227276,0.009736486710608006,0.05007334053516388,0.03588436543941498,0.014270737767219543,0.031460292637348175,0.12080810964107513,0.037942543625831604,0.1590830236673355,0.009194252081215382,0.009769832715392113,0.05360613018274307,0.05349641665816307,0.21071036159992218,0.10260345786809921,0.029509589076042175,0.025914279744029045,0.009545808658003807,0.021510669961571693,0.003811769187450409,0.08109048008918762,0.018707938492298126,0.007399661932140589,0.058949220925569534,0.004772093612700701,0.001608964172191918,0.006604391150176525,0.008236576803028584,0.06413400918245316,0.017481796443462372,0.00546335568651557,0.007232028525322676,0.005323763005435467,0.020014116540551186,0.03762751445174217,0.0018187639070674777,0.007374039385467768,0.006705411244183779,0.12612555921077728,0.0169773381203413,0.040290821343660355,0.022460652515292168,0.06764839589595795,0.025607507675886154,0.0028048355598002672,0.023018071427941322,0.017684083431959152,,,,,,,,,,,,,,,
unknown,車,278,279,302.925,303.085,0.984375,,0.011939357966184616,0.013700786046683788,0.025146951898932457,0.11805881559848785,0.03015967644751072,0.14089731872081757,0.009690159000456333,0.016767757013440132,0.05882123485207558,0.0627666488289833,0.036602847278118134,0.08012653887271881,0.2372545301914215,0.0832202211022377,0.07456421107053757,0.010253557935357094,0.01145696546882391,0.03967009484767914,0.01877269521355629,0.08742933720350266,0.03095790557563305,0.012022954411804676,0.032826293259859085,0.009153529070317745,0.01079738698899746,0.003533498151227832,0.1473320573568344,0.04492256045341492,0.00495808944106102,0.10883718729019165,0.00486468430608511,0.0016237220261245966,0.002844630042091012,0.006022819317877293,0.24937748908996582,0.02701723203063011,0.007924973033368587,0.0265825092792511,0.001800153637304902,0.012827006168663502,0.030384432524442673,0.001002779696136713,0.011023205704987049,0.0029760957695543766,0.09717469662427902,0.015093546360731125,0.0323871485888958,0.00852369237691164,0.0455564446747303,0.035466741770505905,0.003159751184284687,0.007909736596047878,0.010432853363454342,,,,,,,,,,,,,,,
unknown,検,280,281,303.085,303.585,0.99072266,,0.009528803639113903,0.00800955481827259,0.013592571020126343,0.08100544661283493,0.11706648021936417,0.35500645637512207,0.011983605101704597,0.011320297606289387,0.03557828441262245,0.05127973109483719,0.014987196773290634,0.04147152230143547,0.1339230239391327,0.03882386162877083,0.1102379560470581,0.009609055705368519,0.009389025159180164,0.045384302735328674,0.04976912587881088,0.13438265025615692,0.06484375149011612,0.028460143133997917,0.020038755610585213,0.006425871979445219,0.014757751487195492,0.0034686874132603407,0.09534347057342529,0.016785280779004097,0.006182635203003883,0.07373826205730438,0.004615947138518095,0.0018656280590221286,0.0039939661510288715,0.007269358728080988,0.09060876816511154,0.018392249941825867,0.0037200404331088066,0.014111611992120743,0.005286748055368662,0.02449571155011654,0.028743520379066467,0.0017057379009202123,0.0026674028486013412,0.008282186463475227,0.10240072011947632,0.01741837151348591,0.0114560816437006,0.013567863032221794,0.06514158844947815,0.02765590138733387,0.002725493162870407,0.014576150104403496,0.017699986696243286,,,,,,,,,,,,,,,
unknown,ニ,282,283,308.645,308.765,0.96533203,,0.01618555188179016,0.015569825656712055,0.03478535637259483,0.09266559034585953,0.04130090773105621,0.18786704540252686,0.010165808722376823,0.019663391634821892,0.034708548337221146,0.050753358751535416,0.03470577299594879,0.07976927608251572,0.18195369839668274,0.05734322965145111,0.060589056462049484,0.019777394831180573,0.020752418786287308,0.060455650091171265,0.02427743561565876,0.056137535721063614,0.027714796364307404,0.016737522557377815,0.01787603460252285,0.013948071748018265,0.01163443922996521,0.0027946503832936287,0.14579494297504425,0.038126811385154724,0.00646326644346118,0.10641229152679443,0.003432841971516609,0.0033213074784725904,0.003721735905855894,0.004222414921969175,0.1526128351688385,0.03445975482463837,0.006366026122123003,0.019107447937130928,0.0033535200636833906,0.04160662367939949,0.027450449764728546,0.0023644096218049526,0.004660348407924175,0.004586254712194204,0.07237892597913742,0.035425473004579544,0.019423002377152443,0.0101713752374053,0.03524084761738777,0.03742333501577377,0.0025929866824299097,0.013256505131721497,0.02840924635529518,,,,,,,,,,,,,,,
unknown,ワ,284,285,308.765,308.885,0.80126953,,0.01115347258746624,0.01307272631675005,0.022922538220882416,0.09037347882986069,0.07185335457324982,0.31222277879714966,0.012084242887794971,0.01599089428782463,0.038184888660907745,0.09950782358646393,0.031140659004449844,0.04938121885061264,0.15577638149261475,0.05025716498494148,0.09357663244009018,0.01385535579174757,0.015389306470751762,0.02891978994011879,0.04128367081284523,0.11147511750459671,0.05624241754412651,0.023572230711579323,0.020418426021933556,0.009058314375579357,0.014627998694777489,0.0029566900338977575,0.08471711724996567,0.032561883330345154,0.006922062952071428,0.06588934361934662,0.0044466364197432995,0.0022271207999438047,0.004103146493434906,0.006387005094438791,0.09890864789485931,0.024309856817126274,0.005983459297567606,0.02010372281074524,0.0038910910952836275,0.01762150414288044,0.02906075119972229,0.0018194334115833044,0.005468324758112431,0.006847556680440903,0.09122169762849808,0.019823983311653137,0.020947270095348358,0.013585549779236317,0.046689748764038086,0.02669263258576393,0.002529761055484414,0.021664006635546684,0.01221680548042059,,,,,,,,,,,,,,,
unknown,ト,286,287,308.885,309.005,0.6386719,,0.02238517813384533,0.03134731948375702,0.03387731686234474,0.12037655711174011,0.03845146298408508,0.21609270572662354,0.009686366654932499,0.029501669108867645,0.04220149293541908,0.09137135744094849,0.031690556555986404,0.039996419101953506,0.16148068010807037,0.05219389498233795,0.06625309586524963,0.01881960965692997,0.017176276072859764,0.023557383567094803,0.03621051460504532,0.07930368185043335,0.03585642948746681,0.01803598366677761,0.016896149143576622,0.016265908256173134,0.015298924408853054,0.004636513069272041,0.12757106125354767,0.049664512276649475,0.008151676505804062,0.09916804730892181,0.0028739781118929386,0.0038678592536598444,0.004971760790795088,0.004518870264291763,0.11967716366052628,0.04944125562906265,0.016101596876978874,0.02664225921034813,0.004032279830425978,0.020069845020771027,0.038451775908470154,0.0024231139104813337,0.011308972723782063,0.0073773604817688465,0.08808326721191406,0.026592953130602837,0.029376782476902008,0.013497650623321533,0.047822147607803345,0.04576626792550087,0.004384417086839676,0.026541566476225853,0.013837815262377262,,,,,,,,,,,,,,,
unknown,リ,288,289,309.005,309.505,0.9238281,,0.012327061966061592,0.021808704361319542,0.025235705077648163,0.11078010499477386,0.010845430195331573,0.08397042751312256,0.013989301398396492,0.015366742387413979,0.04223356395959854,0.11030115932226181,0.06909147650003433,0.07673206925392151,0.08380172401666641,0.05182033032178879,0.03044632449746132,0.04058512672781944,0.02124875597655773,0.04571772366762161,0.011355036869645119,0.0205986388027668,0.008422358892858028,0.012452400289475918,0.011137483641505241,0.023725170642137527,0.009162460453808308,0.0035742667969316244,0.25187280774116516,0.03823697194457054,0.0029649133794009686,0.22577472031116486,0.0033198711462318897,0.0055581144988536835,0.004337182268500328,0.0021589540410786867,0.17000822722911835,0.08088095486164093,0.017919301986694336,0.030619701370596886,0.002659349702298641,0.030373673886060715,0.03659503161907196,0.0055518788285553455,0.010217888280749321,0.0037031786050647497,0.05044795945286751,0.0524764321744442,0.020849091932177544,0.007026514504104853,0.019307222217321396,0.04323554039001465,0.0035899323411285877,0.033204592764377594,0.026251476258039474,,,,,,,,,,,,,,,
unknown,目,290,291,314.965,315.125,0.9970703,,0.014129972085356712,0.01816118136048317,0.02265036478638649,0.09952547401189804,0.05206527188420296,0.2961989939212799,0.013790290802717209,0.01573421247303486,0.04964974895119667,0.10689067095518112,0.028317078948020935,0.0467209592461586,0.16431400179862976,0.05521688610315323,0.07134785503149033,0.013779406435787678,0.018322307616472244,0.029856057837605476,0.03892284631729126,0.09483078867197037,0.033235300332307816,0.02201749198138714,0.02206178940832615,0.00928342156112194,0.01430610753595829,0.0035720376763492823,0.14045222103595734,0.031568631529808044,0.007391535211354494,0.09886198490858078,0.0037528362590819597,0.0027987880166620016,0.0045759547501802444,0.0037975809536874294,0.13730737566947937,0.03412497416138649,0.009002487175166607,0.020270289853215218,0.00341967586427927,0.01480650994926691,0.03835560008883476,0.0017409436404705048,0.006990926340222359,0.005999349988996983,0.08671987056732178,0.019528156146407127,0.019222766160964966,0.011709517799317837,0.04294481873512268,0.034450747072696686,0.0031901339534670115,0.02503150701522827,0.009849835187196732,,,,,,,,,,,,,,,
unknown,線,292,293,315.125,315.625,0.9980469,,0.019237656146287918,0.023088864982128143,0.027333486825227737,0.08197234570980072,0.07555583864450455,0.2618178427219391,0.014017950743436813,0.017829308286309242,0.0349838025867939,0.07533325254917145,0.023184632882475853,0.04330442473292351,0.0867522805929184,0.03972663730382919,0.075546994805336,0.017866158857941628,0.02728092484176159,0.04624047502875328,0.05275949090719223,0.08473517745733261,0.03880268335342407,0.034124989062547684,0.01240049209445715,0.014037882909178734,0.01688779518008232,0.005768144503235817,0.14226332306861877,0.03193572163581848,0.008483805693686008,0.09680217504501343,0.004597323946654797,0.004733814392238855,0.006287815514951944,0.005948254372924566,0.0915556475520134,0.035906318575143814,0.011282255873084068,0.026662997901439667,0.009353654459118843,0.03087090328335762,0.033539704978466034,0.0025313992518931627,0.006809578277170658,0.014690542593598366,0.06971275061368942,0.02987823076546192,0.019567672163248062,0.016398664563894272,0.039053525775671005,0.0243685320019722,0.004569615237414837,0.024439625442028046,0.0211646631360054,,,,,,,,,,,,,,,
unknown,道,294,295,320.89304,321.39304,0.9897461,,0.019380589947104454,0.018538089469075203,0.025902770459651947,0.07699064910411835,0.0594002865254879,0.20575205981731415,0.01638374850153923,0.018965141847729683,0.03225528076291084,0.059603992849588394,0.031491413712501526,0.0869273915886879,0.1204870194196701,0.06688999384641647,0.06892544776201248,0.01955677755177021,0.026233043521642685,0.10036787390708923,0.03927573561668396,0.07388699054718018,0.025947296991944313,0.031666070222854614,0.019449779763817787,0.014915312640368938,0.011682386510074139,0.00610588863492012,0.2006302773952484,0.03803173080086708,0.006879162508994341,0.11428853124380112,0.0062315864488482475,0.005743592511862516,0.005998826585710049,0.005525826942175627,0.12847758829593658,0.03412481024861336,0.008807746693491936,0.024141749367117882,0.007250193506479263,0.03272673487663269,0.03793994337320328,0.0032470938749611378,0.0056366571225225925,0.010771384462714195,0.08624187111854553,0.03294789791107178,0.014490628615021706,0.013069012202322483,0.033273495733737946,0.02533191256225109,0.005384445656090975,0.024759389460086823,0.031605836004018784,,,,,,,,,,,,,,,
unknown,野,296,297,326.4446,326.56442,1.0,,0.011032894253730774,0.011942991986870766,0.01510743610560894,0.05610864609479904,0.15431518852710724,0.4115127623081207,0.017387783154845238,0.011935878545045853,0.029751695692539215,0.0925152450799942,0.02638453058898449,0.047160953283309937,0.10849418491125107,0.06057494133710861,0.14694258570671082,0.014482888393104076,0.023980703204870224,0.05423017963767052,0.0911283940076828,0.16670724749565125,0.07159719616174698,0.050083059817552567,0.020572887733578682,0.007972141727805138,0.013211286626756191,0.008398855105042458,0.07389062643051147,0.02645411156117916,0.009235501289367676,0.039882466197013855,0.006077277474105358,0.0033138450235128403,0.007082474417984486,0.00803161971271038,0.06805961579084396,0.014492844231426716,0.007519442588090897,0.018869157880544662,0.014498189091682434,0.017665879800915718,0.03098570555448532,0.0022725523449480534,0.005706097465008497,0.021774757653474808,0.10487488657236099,0.02014053799211979,0.017750205472111702,0.019543714821338654,0.04245137795805931,0.01042573805898428,0.0063699763268232346,0.051440514624118805,0.015347356908023357,,,,,,,,,,,,,,,
unknown,菜,298,299,326.56442,327.06442,0.9926758,,0.019921066239476204,0.030506281182169914,0.03990555182099342,0.07398233562707901,0.04482002183794975,0.2636173665523529,0.010515791364014149,0.016317320987582207,0.03157733380794525,0.17950502038002014,0.047696102410554886,0.042684026062488556,0.07965262979269028,0.04934774339199066,0.08590530604124069,0.037627894431352615,0.03050706721842289,0.03933659940958023,0.06543241441249847,0.09519258141517639,0.028308739885687828,0.02195090986788273,0.01433623768389225,0.013724072836339474,0.010060292668640614,0.004747472237795591,0.13566654920578003,0.04009054973721504,0.008469675667583942,0.08140281587839127,0.0029202240984886885,0.006241998635232449,0.004293446894735098,0.002830617828294635,0.08035540580749512,0.04198571294546127,0.019434310495853424,0.031087171286344528,0.006641868501901627,0.028727244585752487,0.02736477367579937,0.0032784880604594946,0.010489395819604397,0.017783576622605324,0.09126169234514236,0.041884373873472214,0.02173912338912487,0.011941793374717236,0.026970848441123962,0.01661183126270771,0.004452007822692394,0.04238148778676987,0.01967686228454113,,,,,,,,,,,,,,,
unknown,使,300,301,333.56836,333.80795,0.99853516,,0.05934596061706543,0.11474878340959549,0.06119620427489281,0.08827091008424759,0.018188418820500374,0.11110498011112213,0.007241692394018173,0.03907235339283943,0.02110716514289379,0.10193927586078644,0.04144173860549927,0.03375167399644852,0.07255673408508301,0.04266536980867386,0.040240220725536346,0.0489179901778698,0.05440129339694977,0.0325617790222168,0.03018568828701973,0.033129338175058365,0.009349032305181026,0.01274715643376112,0.008382704108953476,0.033261738717556,0.00576418824493885,0.003677045227959752,0.2761566638946533,0.07275278121232986,0.007881037890911102,0.19937002658843994,0.001987032126635313,0.01517334021627903,0.002999827265739441,0.001533404109068215,0.140125572681427,0.11979833245277405,0.0613975003361702,0.05481584742665291,0.0036378733348101377,0.03387860953807831,0.02186945080757141,0.003068848978728056,0.02069462276995182,0.011198553256690502,0.0390307791531086,0.058111537247896194,0.03054925613105297,0.006040448788553476,0.01581481099128723,0.030352717265486717,0.00374328950420022,0.024477733299136162,0.021145720034837723,,,,,,,,,,,,,,,
unknown,い,302,303,333.80795,333.92776,0.9501953,,0.06424636393785477,0.12503676116466522,0.07705439627170563,0.09288977831602097,0.006825980264693499,0.04847346991300583,0.006809073034673929,0.03886396437883377,0.023160947486758232,0.07599534839391708,0.06183309480547905,0.03920578956604004,0.07033994048833847,0.052400268614292145,0.026409877464175224,0.06438513845205307,0.05078244209289551,0.031088775023818016,0.015033582225441933,0.017750810831785202,0.0047193728387355804,0.008255133405327797,0.008291189558804035,0.030772874131798744,0.004771243780851364,0.0034488344099372625,0.32807859778404236,0.07376488298177719,0.005278924945741892,0.22820892930030823,0.0020946406293660402,0.01920369081199169,0.002628481015563011,0.0012563527561724186,0.194905623793602,0.15323825180530548,0.07000729441642761,0.07653447985649109,0.002329115988686681,0.04017956182360649,0.021992145106196404,0.003299098229035735,0.01824028231203556,0.008253897540271282,0.03161453455686569,0.06815613806247711,0.01891600340604782,0.004508793819695711,0.011168118566274643,0.034273743629455566,0.004031427204608917,0.012446547858417034,0.021799974143505096,,,,,,,,,,,,,,,
unknown,切,304,305,333.92776,334.04758,0.9770508,,0.03502646088600159,0.05843960493803024,0.055250849574804306,0.0735267847776413,0.022779036313295364,0.15377900004386902,0.013179924339056015,0.02190394513309002,0.037010934203863144,0.07822929322719574,0.04297945275902748,0.03978169336915016,0.09541123360395432,0.05285603925585747,0.05054242163896561,0.04726400598883629,0.025634270161390305,0.039889995008707047,0.0550270639359951,0.058004170656204224,0.015473044477403164,0.02414434216916561,0.013799259439110756,0.014674796722829342,0.013733934611082077,0.006087307818233967,0.18108752369880676,0.04177328944206238,0.004829740151762962,0.10477927327156067,0.003706705290824175,0.017092296853661537,0.007593645714223385,0.002767610363662243,0.0953071266412735,0.06595099717378616,0.034238092601299286,0.0500299446284771,0.006525946315377951,0.04757221043109894,0.033087898045778275,0.004683850333094597,0.008411980234086514,0.024428490549325943,0.04947984218597412,0.0549766942858696,0.01033073291182518,0.013957394286990166,0.024961041286587715,0.022520165890455246,0.0060028983280062675,0.023005060851573944,0.024185780435800552,,,,,,,,,,,,,,,
unknown,る,306,307,334.04758,334.54758,0.9921875,,0.02423240803182125,0.04651486501097679,0.04764337092638016,0.08827897161245346,0.03631720319390297,0.16568763554096222,0.013560667634010315,0.01701045222580433,0.058618877083063126,0.061309706419706345,0.026574915274977684,0.023414498195052147,0.13144801557064056,0.046926673501729965,0.06044388189911842,0.03041638433933258,0.045808471739292145,0.025613827630877495,0.0722668245434761,0.07219104468822479,0.02876289375126362,0.03677402064204216,0.015055257827043533,0.01564057543873787,0.02487180195748806,0.009271303191781044,0.1101163700222969,0.041484981775283813,0.006470302119851112,0.058425769209861755,0.004475657362490892,0.0122486287727952,0.013611597940325737,0.005735862068831921,0.07610767334699631,0.046134985983371735,0.03415483608841896,0.04943152144551277,0.015242185443639755,0.02971600368618965,0.027938075363636017,0.0029825514648109674,0.012864554300904274,0.03908223286271095,0.07541751116514206,0.03645232692360878,0.02130473405122757,0.024374783039093018,0.0368863120675087,0.01780349761247635,0.007551700808107853,0.018879929557442665,0.014693249017000198,,,,,,,,,,,,,,,
unknown,葉,308,309,338.24075,338.32062,0.9790039,,0.01834866590797901,0.05047435313463211,0.04869646579027176,0.09965343028306961,0.02987224981188774,0.1676870733499527,0.013088861480355263,0.010340387932956219,0.06530003249645233,0.08881768584251404,0.024812238290905952,0.01798521913588047,0.08848684281110764,0.03817969560623169,0.06351733952760696,0.03064609318971634,0.10598983615636826,0.023988928645849228,0.06211651861667633,0.06637822091579437,0.025331808254122734,0.03092438541352749,0.012080986052751541,0.012518957257270813,0.025754133239388466,0.0057161650620400906,0.11789273470640182,0.03541718050837517,0.00880427286028862,0.060330264270305634,0.003579789539799094,0.00986408069729805,0.016446055844426155,0.003655577776953578,0.06583578884601593,0.044585663825273514,0.03554997965693474,0.05322954058647156,0.009239060804247856,0.02959716133773327,0.02475997433066368,0.0016214672941714525,0.010560993105173111,0.03803938999772072,0.0820593312382698,0.03400923311710358,0.019339874386787415,0.02589663304388523,0.019386090338230133,0.00938352569937706,0.005154937971383333,0.013976512476801872,0.009987428784370422,,,,,,,,,,,,,,,
unknown,っ,310,311,338.32062,338.44043,0.9033203,,0.007051559630781412,0.015464137308299541,0.01818493753671646,0.06525798887014389,0.08446168154478073,0.3370285928249359,0.018118537962436676,0.005538125988095999,0.06118515506386757,0.10889234393835068,0.013923573307693005,0.015277576632797718,0.12420004606246948,0.030352208763360977,0.09924152493476868,0.011000728234648705,0.039003193378448486,0.018132871016860008,0.11421086639165878,0.13546349108219147,0.04984278604388237,0.06022132188081741,0.01551117468625307,0.004384514410048723,0.026768863201141357,0.006164278835058212,0.05032878369092941,0.01698586344718933,0.006404318381100893,0.026065798476338387,0.005463279318064451,0.003354846267029643,0.015388421714305878,0.006763007026165724,0.039351366460323334,0.013472047634422779,0.012226019985973835,0.030447866767644882,0.0148406270891428,0.01320345513522625,0.022090034559369087,0.0008310074335895479,0.004072920419275761,0.05653969198465347,0.09884411096572876,0.011213358491659164,0.00769542483612895,0.03123302012681961,0.03613948076963425,0.004736332688480616,0.004749653860926628,0.02455538511276245,0.0051977201364934444,,,,,,,,,,,,,,,
unknown,ぱ,312,313,338.44043,338.94043,0.9921875,,0.010557467117905617,0.03092183917760849,0.036033932119607925,0.09779062122106552,0.01611325889825821,0.09352481365203857,0.018894067034125328,0.00763563672080636,0.08821266889572144,0.10400676727294922,0.048303574323654175,0.019181737676262856,0.06940774619579315,0.042964495718479156,0.04372095316648483,0.052788134664297104,0.11662395298480988,0.021309440955519676,0.04506482183933258,0.0346095971763134,0.019705504179000854,0.034543104469776154,0.012119574472308159,0.01546768844127655,0.04194740578532219,0.005666026845574379,0.0734826847910881,0.035688601434230804,0.005378421861678362,0.04216137155890465,0.006133173126727343,0.00969527568668127,0.03450461104512215,0.004540568683296442,0.05184992402791977,0.043879617005586624,0.03342499956488609,0.053499381989240646,0.014204740524291992,0.035040974617004395,0.02886235900223255,0.003055409761145711,0.012213232927024364,0.04258355125784874,0.07730118930339813,0.05055168271064758,0.024656284600496292,0.04454825446009636,0.015491737052798271,0.008385172113776207,0.004637465812265873,0.0205692071467638,0.012528857216238976,,,,,,,,,,,,,,,
unknown,掃,314,315,344.25,344.57,0.9536133,,0.0073605612851679325,0.013184739276766777,0.030109180137515068,0.09510836750268936,0.0352197028696537,0.1571538895368576,0.013596286997199059,0.007294319104403257,0.09108532965183258,0.07680762559175491,0.02725442498922348,0.027698388323187828,0.1151377260684967,0.045135498046875,0.07758680731058121,0.025434192270040512,0.0492425374686718,0.024304600432515144,0.04780011996626854,0.07673469930887222,0.055989913642406464,0.030596639961004257,0.014540476724505424,0.01112621184438467,0.052346549928188324,0.005219303537160158,0.06686867773532867,0.029458366334438324,0.004839365836232901,0.033007629215717316,0.0039053296204656363,0.006328274495899677,0.02827804908156395,0.007536251563578844,0.0568431131541729,0.02169359289109707,0.009113927371799946,0.03769679367542267,0.008796592243015766,0.023310115560889244,0.0346490815281868,0.0032272636890411377,0.0062248301692306995,0.01895122602581978,0.09662602841854095,0.03491907939314842,0.024723628535866737,0.04760166257619858,0.03289688378572464,0.014373152516782284,0.004259810317307711,0.021618811413645744,0.014453799463808537,,,,,,,,,,,,,,,
unknown,除,316,317,344.57,345.07,0.99853516,,0.014419086277484894,0.025923222303390503,0.06659796833992004,0.09620792418718338,0.009809011593461037,0.07416998594999313,0.01276423130184412,0.010342306457459927,0.10442808270454407,0.08016262203454971,0.04065646603703499,0.021937010809779167,0.11771845072507858,0.06784359365701675,0.04869065806269646,0.042833488434553146,0.05107728764414787,0.011531166732311249,0.053886424750089645,0.04778018593788147,0.038751471787691116,0.026998847723007202,0.014888742007315159,0.01133663859218359,0.07291903346776962,0.008454822935163975,0.04117294028401375,0.04569730907678604,0.005018701311200857,0.01804516650736332,0.0034712469205260277,0.008975710719823837,0.040126219391822815,0.005867626518011093,0.05915042385458946,0.027066988870501518,0.02289489284157753,0.08148364722728729,0.014058701694011688,0.025656040757894516,0.03544330969452858,0.003234144998714328,0.011947982013225555,0.0351102389395237,0.060994915664196014,0.045881591737270355,0.03333231806755066,0.07025717198848724,0.020509500056505203,0.0106021948158741,0.00628439337015152,0.02778446301817894,0.009650765918195248,,,,,,,,,,,,,,,
unknown,自,318,319,352.13,352.25,0.94189453,,0.04969420284032822,0.07894941419363022,0.12080907076597214,0.11081251502037048,0.00767164072021842,0.06141841411590576,0.00798408780246973,0.02577831782400608,0.049609627574682236,0.04785682260990143,0.025920365005731583,0.013832200318574905,0.03607966750860214,0.03679147735238075,0.029042106121778488,0.07557503134012222,0.10583680868148804,0.014179137535393238,0.048617929220199585,0.02268032357096672,0.023655181750655174,0.020266765728592873,0.004859655164182186,0.029182447120547295,0.06277170777320862,0.008853760547935963,0.10752355307340622,0.05557284504175186,0.010023221373558044,0.05761678144335747,0.0016620490932837129,0.021184787154197693,0.03259231895208359,0.0031720283441245556,0.0602756068110466,0.08506426960229874,0.04678450897336006,0.11182773858308792,0.01605558954179287,0.06564422696828842,0.04156481847167015,0.00627746619284153,0.013591811060905457,0.03163215517997742,0.029046742245554924,0.12108024954795837,0.03910461440682411,0.050012703984975815,0.015746086835861206,0.031304799020290375,0.006238832604140043,0.018593421205878258,0.023823538795113564,,,,,,,,,,,,,,,
unknown,宅,320,321,352.25,352.75,0.99658203,,0.03212125599384308,0.06915821135044098,0.08026290684938431,0.12868079543113708,0.0033384317066520452,0.025035923346877098,0.009863017126917839,0.015097091905772686,0.04912799224257469,0.051114246249198914,0.0639040619134903,0.01993650570511818,0.03246799483895302,0.03332710266113281,0.01831362210214138,0.19228892028331757,0.08530561625957489,0.026240842416882515,0.015387973748147488,0.006846992298960686,0.0051637981086969376,0.012673520483076572,0.0047815293073654175,0.04146517813205719,0.029037166386842728,0.005416055675595999,0.18974605202674866,0.039361488074064255,0.003691178746521473,0.11618298292160034,0.0022009448148310184,0.03860771656036377,0.018976621329784393,0.001526199164800346,0.07942264527082443,0.18779094517230988,0.07630468159914017,0.10097645968198776,0.010043653659522533,0.13002510368824005,0.029065314680337906,0.01300008874386549,0.012438847683370113,0.01928928680717945,0.022233232855796814,0.22664722800254822,0.01908639632165432,0.020088328048586845,0.007895347662270069,0.03144632279872894,0.004572603385895491,0.017765352502465248,0.05019783973693848,,,,,,,,,,,,,,,
unknown,海,322,323,357.30008,357.80008,0.9448242,,0.017140384763479233,0.03053222969174385,0.0806877613067627,0.08400872349739075,0.0029059916269034147,0.03834353759884834,0.018876738846302032,0.012880729511380196,0.06989309936761856,0.035608019679784775,0.05151960626244545,0.023876937106251717,0.02980789542198181,0.05690840259194374,0.01854858733713627,0.1290157437324524,0.10949782282114029,0.029705673456192017,0.03516300022602081,0.01207296084612608,0.012180623598396778,0.01980779506266117,0.007873756811022758,0.028786862269043922,0.08941296488046646,0.006431387737393379,0.12024947255849838,0.039576414972543716,0.005046134814620018,0.07119417935609818,0.0026471519377082586,0.03065120242536068,0.11173854768276215,0.002076200908049941,0.05489075183868408,0.08440185338258743,0.026820050552487373,0.09098468720912933,0.007808375637978315,0.08395912498235703,0.07384646683931351,0.021745851263403893,0.006970290094614029,0.023541947826743126,0.017477678135037422,0.19493462145328522,0.02115822210907936,0.0829978734254837,0.011719229631125927,0.03380432352423668,0.005204448010772467,0.027701275423169136,0.039513036608695984,,,,,,,,,,,,,,,
unknown,カ,324,325,362.21317,362.333,0.99658203,,0.02934313379228115,0.04587726667523384,0.06473486125469208,0.0977616086602211,0.008779053576290607,0.09283552318811417,0.016772348433732986,0.012644631788134575,0.07849694043397903,0.05009860545396805,0.02991786226630211,0.016753725707530975,0.035659633576869965,0.04547186940908432,0.027924519032239914,0.06837217509746552,0.12097042798995972,0.02962378039956093,0.06882539391517639,0.02153264358639717,0.014807399362325668,0.029402734711766243,0.007818588055670261,0.014993675984442234,0.10464675724506378,0.010571992956101894,0.10113976150751114,0.031248051673173904,0.012764431536197662,0.048855721950531006,0.0023388173431158066,0.02400062419474125,0.08575323969125748,0.001904986915178597,0.050900187343358994,0.05887051671743393,0.03310954198241234,0.09095542132854462,0.016546014696359634,0.08517969399690628,0.06231110543012619,0.009888674132525921,0.00862128846347332,0.04935181513428688,0.030982468277215958,0.11423543840646744,0.02251279167830944,0.08856574445962906,0.013663947582244873,0.022043146193027496,0.0083785280585289,0.025631897151470184,0.0270842295140028,,,,,,,,,,,,,,,
unknown,ー,326,327,362.333,362.49277,0.9995117,,0.0432593859732151,0.06250367313623428,0.11271478980779648,0.18781396746635437,0.004577232990413904,0.05673021450638771,0.018739087507128716,0.01919044554233551,0.0859777182340622,0.04941654950380325,0.024316230788826942,0.011645105667412281,0.03965405002236366,0.038077663630247116,0.024312080815434456,0.06900876760482788,0.13394469022750854,0.012720444239675999,0.06065737456083298,0.02732055075466633,0.023435348644852638,0.0270044207572937,0.00975019484758377,0.018343819305300713,0.09210975468158722,0.008406108245253563,0.15287190675735474,0.03382141515612602,0.010383514687418938,0.0983499214053154,0.00466182129457593,0.01813693344593048,0.04535190388560295,0.004538889043033123,0.07832527905702591,0.10806114226579666,0.029927605763077736,0.10777068883180618,0.011590516194701195,0.07028336822986603,0.04940197989344597,0.006341299507766962,0.004309109412133694,0.044679008424282074,0.04161185398697853,0.11328276246786118,0.011448278091847897,0.06367719918489456,0.020957939326763153,0.036870263516902924,0.007199704647064209,0.006492463871836662,0.01845068857073784,,,,,,,,,,,,,,,
unknown,ド,328,329,362.49277,362.99277,0.9975586,,0.02005772292613983,0.03220239654183388,0.07115530967712402,0.21718420088291168,0.008352827280759811,0.09690461307764053,0.020981477573513985,0.011274237185716629,0.13933084905147552,0.08075684309005737,0.01629364676773548,0.010389024391770363,0.05101844295859337,0.04016268253326416,0.03881169110536575,0.034783463925123215,0.14260005950927734,0.01288408413529396,0.093841552734375,0.05182686075568199,0.045166660100221634,0.03419873118400574,0.013965482823550701,0.016737401485443115,0.15531356632709503,0.008643905632197857,0.08736003190279007,0.033715661615133286,0.01608629897236824,0.06219828873872757,0.00466277077794075,0.006440815981477499,0.06515462696552277,0.005507021676748991,0.05193444713950157,0.05326233059167862,0.01806952804327011,0.07461591064929962,0.014169490896165371,0.03744566813111305,0.04819890484213829,0.0036841852124780416,0.007908901199698448,0.05183024704456329,0.06975798308849335,0.0580732524394989,0.03793971613049507,0.11421041935682297,0.023925460875034332,0.019443750381469727,0.006340170744806528,0.01242347527295351,0.011956874281167984,,,,,,,,,,,,,,,
unknown,沖,330,331,368.62,368.74002,0.96777344,,0.017912812530994415,0.024352889508008957,0.05444234237074852,0.1873772144317627,0.01812121830880642,0.12465956062078476,0.029325364157557487,0.010204496793448925,0.1786656230688095,0.03076959028840065,0.00984174758195877,0.006416658870875835,0.046013373881578445,0.03262830153107643,0.05359363183379173,0.02016388066112995,0.12497348338365555,0.010636800900101662,0.12449216842651367,0.09173043817281723,0.11315307766199112,0.05582829937338829,0.015303440392017365,0.013682455755770206,0.21185259521007538,0.014810504391789436,0.0749165266752243,0.022679153829813004,0.018932942301034927,0.05797361955046654,0.007943667471408844,0.00560891954228282,0.08501850068569183,0.013610867783427238,0.04732967168092728,0.037925783544778824,0.012639032676815987,0.051031842827796936,0.021615834906697273,0.029945064336061478,0.05784016475081444,0.004024687688797712,0.0072030252777040005,0.06545745581388474,0.08282965421676636,0.04386410117149353,0.052100345492362976,0.16518716514110565,0.04652570188045502,0.023485837504267693,0.010219044983386993,0.006145262159407139,0.009694778360426426,,,,,,,,,,,,,,,
unknown,縄,332,333,368.74002,369.24002,0.99853516,,0.01648756116628647,0.017010577023029327,0.04689420014619827,0.2191278040409088,0.021442463621497154,0.16095611453056335,0.01908811740577221,0.008355447091162205,0.19426286220550537,0.027918584644794464,0.008136161603033543,0.00639724126085639,0.05948508530855179,0.029820527881383896,0.0721869021654129,0.01515889260917902,0.10705551505088806,0.010797148570418358,0.14861202239990234,0.14530856907367706,0.14206305146217346,0.04021380841732025,0.017844364047050476,0.009494285099208355,0.23458005487918854,0.011289861984550953,0.057786695659160614,0.01907357946038246,0.020941631868481636,0.03756065294146538,0.005604722071439028,0.003896947018802166,0.0713672935962677,0.012380458414554596,0.04640735685825348,0.024318240582942963,0.008288079872727394,0.03375180810689926,0.01424982026219368,0.023174690082669258,0.05844962224364281,0.003264030674472451,0.005795598495751619,0.04211210459470749,0.12402860820293427,0.03872617334127426,0.05581457167863846,0.16614289581775665,0.05777999386191368,0.02437690459191799,0.008707976900041103,0.0038916601333767176,0.008928420953452587,,,,,,,,,,,,,,,
unknown,悪,334,335,376.1,376.30002,0.9951172,,0.015408491715788841,0.020712241530418396,0.06193150579929352,0.20954358577728271,0.014680265448987484,0.12914158403873444,0.018837591633200645,0.008272231556475163,0.15562984347343445,0.03190349414944649,0.01596698723733425,0.01185849029570818,0.04141131415963173,0.02961069904267788,0.04903212934732437,0.031972791999578476,0.13346125185489655,0.019746124744415283,0.13450734317302704,0.0866113007068634,0.08270865678787231,0.03586035966873169,0.010449291206896305,0.01666698418557644,0.23160618543624878,0.01005729753524065,0.08992215245962143,0.024390026926994324,0.013508248142898083,0.0653139054775238,0.004987793043255806,0.006440767087042332,0.1275184452533722,0.009725439362227917,0.0561596155166626,0.038243137300014496,0.012432296760380268,0.04839853569865227,0.011489622294902802,0.04559382423758507,0.06362117826938629,0.006466547027230263,0.007001064717769623,0.04377305507659912,0.07338317483663559,0.08413181453943253,0.058141060173511505,0.1794142723083496,0.04484207555651665,0.027179595082998276,0.008439895696938038,0.004077912773936987,0.01893516257405281,,,,,,,,,,,,,,,
unknown,い,336,337,376.30002,376.80002,0.8833008,,0.01636303961277008,0.019015850499272346,0.0701897144317627,0.2158603072166443,0.010957377031445503,0.09123312681913376,0.023064130917191505,0.00940778199583292,0.16953778266906738,0.02770792692899704,0.01601731963455677,0.010497575625777245,0.059723928570747375,0.040149323642253876,0.05071593448519707,0.023553915321826935,0.12557321786880493,0.013506357558071613,0.11679296940565109,0.10419557243585587,0.10210984200239182,0.04249946400523186,0.017818313091993332,0.011571694165468216,0.16710014641284943,0.01421938743442297,0.08148036897182465,0.024441421031951904,0.013607067987322807,0.049701906740665436,0.009804380126297474,0.004583835136145353,0.084455206990242,0.01712333969771862,0.07139527797698975,0.02983729913830757,0.009881475940346718,0.0469140000641346,0.014898366294801235,0.02911122888326645,0.04848835617303848,0.003410997334867716,0.004654280841350555,0.05156886577606201,0.10798494517803192,0.048804037272930145,0.034624841064214706,0.14528807997703552,0.04760279133915901,0.019863823428750038,0.011893127113580704,0.0033695108722895384,0.010319319553673267,,,,,,,,,,,,,,,
unknown,言,338,339,381.7,381.82,0.9667969,,0.014226995408535004,0.02101719193160534,0.07301914691925049,0.25194311141967773,0.006198047660291195,0.07030458003282547,0.03008854389190674,0.00812158826738596,0.3186883330345154,0.028765512630343437,0.018250981345772743,0.010855132713913918,0.09629735350608826,0.06687109917402267,0.04343779385089874,0.028219010680913925,0.11310053616762161,0.009994137100875378,0.078874371945858,0.08488300442695618,0.07618485391139984,0.030931878834962845,0.0342518612742424,0.014174185693264008,0.2938019037246704,0.008903983049094677,0.059989191591739655,0.0356588177382946,0.011734016239643097,0.04402633756399155,0.009823581203818321,0.004754736553877592,0.09674208611249924,0.011649476364254951,0.07649455964565277,0.0334230400621891,0.01525645237416029,0.06862630695104599,0.009540975093841553,0.02906958945095539,0.06751073896884918,0.004074800293892622,0.015835175290703773,0.031665410846471786,0.10464559495449066,0.05696143954992294,0.11685194075107574,0.17969919741153717,0.03884686157107353,0.027269653975963593,0.006264688912779093,0.004273305181413889,0.008567363023757935,,,,,,,,,,,,,,,
unknown,葉,340,341,381.82,382.32,0.9921875,,0.022333698347210884,0.030336705967783928,0.09665438532829285,0.30370786786079407,0.002641382860019803,0.03320545330643654,0.015507771633565426,0.009426204487681389,0.243331640958786,0.024563582614064217,0.02941412851214409,0.01370249968022108,0.04929881542921066,0.055075909942388535,0.03064342401921749,0.06318257749080658,0.11791331321001053,0.016385728493332863,0.04139736294746399,0.040472421795129776,0.03573029115796089,0.013984684832394123,0.01919657178223133,0.025664782151579857,0.22872796654701233,0.0075737060979008675,0.10929939895868301,0.041643913835287094,0.008409257046878338,0.06691490858793259,0.005038194824010134,0.009934226982295513,0.08497405797243118,0.005179891362786293,0.0911201611161232,0.06650722026824951,0.022119859233498573,0.048366744071245193,0.005278532858937979,0.051698822528123856,0.0791904404759407,0.008582081645727158,0.017168855294585228,0.015765611082315445,0.08106327801942825,0.1403171420097351,0.12150270491838455,0.12496692687273026,0.020995626226067543,0.03994010388851166,0.00658554770052433,0.0029599929694086313,0.01959736831486225,,,,,,,,,,,,,,,
unknown,感,342,343,386.35144,386.59113,0.9423828,,0.02905757911503315,0.03783479332923889,0.09339883923530579,0.3147861957550049,0.0025884988717734814,0.03529510274529457,0.009776272810995579,0.010919016785919666,0.18672508001327515,0.021688194945454597,0.02131355181336403,0.012836592271924019,0.043998394161462784,0.031043799594044685,0.022073904052376747,0.057659078389406204,0.11348965018987656,0.017804346978664398,0.027130194008350372,0.0253958310931921,0.01995731331408024,0.010219595395028591,0.010384468361735344,0.02893652580678463,0.1648319959640503,0.00611177459359169,0.1670878678560257,0.034327615052461624,0.007682290859520435,0.0983891636133194,0.0026559000834822655,0.013670522719621658,0.06490262597799301,0.003061700379475951,0.09881331771612167,0.093098483979702,0.02623148076236248,0.03237725794315338,0.004318247549235821,0.05518366023898125,0.07393355667591095,0.008590877056121826,0.011674167588353157,0.00767472805455327,0.06276288628578186,0.15517082810401917,0.06887642294168472,0.07198839634656906,0.021055132150650024,0.06581757217645645,0.006006637122482061,0.002710558706894517,0.0242555383592844,,,,,,,,,,,,,,,
unknown,情,344,345,386.59113,387.09113,0.9667969,,0.027516188099980354,0.03258325532078743,0.08206410706043243,0.2692934274673462,0.003453373210504651,0.04140090569853783,0.01444100122898817,0.013417248614132404,0.15302951633930206,0.020098675042390823,0.018145570531487465,0.017660558223724365,0.053658150136470795,0.04371553286910057,0.026322003453969955,0.04661046713590622,0.16156378388404846,0.026878824457526207,0.051401618868112564,0.03768004849553108,0.03565845265984535,0.01723223738372326,0.016294779255986214,0.0313178226351738,0.16111181676387787,0.009717095643281937,0.17926765978336334,0.036654822528362274,0.009671639651060104,0.11810779571533203,0.004581158980727196,0.013323510065674782,0.11190130561590195,0.006081683095544577,0.10233867913484573,0.07680351287126541,0.022352904081344604,0.04447782412171364,0.006716103758662939,0.05239028483629227,0.08632584661245346,0.009295398369431496,0.008514690212905407,0.015211069956421852,0.07329104840755463,0.13103646039962769,0.05300722271203995,0.11049240827560425,0.03332653269171715,0.06280715763568878,0.009493841789662838,0.003815014846622944,0.02857249788939953,,,,,,,,,,,,,,,
unknown,夢,346,347,392.94275,393.44275,0.86328125,,0.03143051639199257,0.04083143174648285,0.06773920357227325,0.2908478081226349,0.006177934352308512,0.051645468920469284,0.0101004708558321,0.031692903488874435,0.13687166571617126,0.011709041893482208,0.011628462001681328,0.015935661271214485,0.1328008472919464,0.05279698222875595,0.03037366084754467,0.01620151475071907,0.06967271119356155,0.01483741495758295,0.05139212682843208,0.05622944235801697,0.04769938439130783,0.016536211594939232,0.02251696027815342,0.03341551497578621,0.14139416813850403,0.008511160500347614,0.10693359375,0.06714768707752228,0.012491843663156033,0.09242036193609238,0.004762089811265469,0.005226190201938152,0.05937931686639786,0.011754877865314484,0.11271248757839203,0.05299821123480797,0.02528267353773117,0.047064408659935,0.005279868375509977,0.027095962315797806,0.09722508490085602,0.0038371430709958076,0.024723751470446587,0.012419939041137695,0.11224173754453659,0.04769755154848099,0.14015772938728333,0.09833072870969772,0.08855932950973511,0.10687673836946487,0.007665473967790604,0.003128514625132084,0.015866411849856377,,,,,,,,,,,,,,,
unknown,美,348,349,398.09598,398.21582,0.8564453,,0.03941815719008446,0.04512976482510567,0.08922383189201355,0.2624991536140442,0.0072803194634616375,0.05625661462545395,0.010575937107205391,0.03673253953456879,0.09238743782043457,0.01345553994178772,0.012160333804786205,0.01960540935397148,0.10178746283054352,0.05526380613446236,0.03318343684077263,0.021863367408514023,0.08780568838119507,0.023858170956373215,0.0575902983546257,0.061958860605955124,0.04564040154218674,0.018020976334810257,0.019842397421598434,0.04327138885855675,0.08515562862157822,0.00895829126238823,0.17214666306972504,0.07185980677604675,0.01423326414078474,0.14272119104862213,0.005089892074465752,0.0065812780521810055,0.040119871497154236,0.010642903856933117,0.1313563883304596,0.06918022781610489,0.023206260055303574,0.045966725796461105,0.0055118040181696415,0.033365488052368164,0.0798766165971756,0.0047141690738499165,0.019445089623332024,0.014082859270274639,0.10129573941230774,0.06227618828415871,0.11818023771047592,0.0678478330373764,0.0707765743136406,0.0977713018655777,0.007894343696534634,0.0035082860849797726,0.02251720428466797,,,,,,,,,,,,,,,
unknown,味,350,351,398.21582,398.3756,0.8383789,,0.03442848101258278,0.04114412143826485,0.0935388132929802,0.23861423134803772,0.006221776828169823,0.05125142261385918,0.009396080859005451,0.029471267014741898,0.0769193172454834,0.018782909959554672,0.014347034506499767,0.02228700742125511,0.06814111769199371,0.04129783436655998,0.02803070656955242,0.030080199241638184,0.11871236562728882,0.0288687851279974,0.04773864150047302,0.041249506175518036,0.03603333979845047,0.01667606458067894,0.011732018552720547,0.04482492804527283,0.07242083549499512,0.007386588957160711,0.1927015483379364,0.05967872962355614,0.011766215786337852,0.16065222024917603,0.0040630013681948185,0.008192341774702072,0.03925563767552376,0.00808650627732277,0.11998917907476425,0.0787944570183754,0.019259145483374596,0.04892189800739288,0.005892681423574686,0.04539886489510536,0.06546279788017273,0.00563657283782959,0.011434032581746578,0.014310487546026707,0.07242132723331451,0.08488049358129501,0.07783981412649155,0.0575404018163681,0.04779638722538948,0.07865053415298462,0.006429614033550024,0.0035075426567345858,0.029730752110481262,,,,,,,,,,,,,,,
unknown,し,352,353,398.3756,398.4555,0.9995117,,0.05010213330388069,0.06659190356731415,0.11805209517478943,0.26957061886787415,0.0033537347335368395,0.024972252547740936,0.0062036821618676186,0.048345934599637985,0.04625750705599785,0.017937999218702316,0.013545126654207706,0.017876869067549706,0.07934297621250153,0.054564863443374634,0.020896894857287407,0.028958842158317566,0.13742108643054962,0.020864948630332947,0.031172579154372215,0.025575758889317513,0.017761964350938797,0.009253442287445068,0.012014106847345829,0.07152719050645828,0.027368921786546707,0.0061249337159097195,0.2845667898654938,0.0898505374789238,0.014841966331005096,0.27539488673210144,0.002714663278311491,0.00602613715454936,0.013319442979991436,0.005093174520879984,0.19955696165561676,0.1334814727306366,0.02775026112794876,0.07756922394037247,0.0030074601527303457,0.029763981699943542,0.05042928457260132,0.003678539302200079,0.021456144750118256,0.011856547556817532,0.05220143869519234,0.07050926238298416,0.10574265569448471,0.02346104197204113,0.037090279161930084,0.10322676599025726,0.005574490409344435,0.002175766509026289,0.023342326283454895,,,,,,,,,,,,,,,
unknown,い,354,355,398.4555,398.85,0.99853516,,0.05886635184288025,0.07650399208068848,0.1384214162826538,0.2924169600009918,0.002528865123167634,0.022611740976572037,0.0062962304800748825,0.05057741329073906,0.05997288599610329,0.017302380874753,0.016584020107984543,0.01837702840566635,0.07326491177082062,0.058287397027015686,0.020003382116556168,0.03481246158480644,0.1126234158873558,0.020728500559926033,0.027976907789707184,0.023633070290088654,0.01602846197783947,0.008191113360226154,0.013077931478619576,0.06883229315280914,0.03904527425765991,0.0061138286255300045,0.26946428418159485,0.09901073575019836,0.01442654151469469,0.2423171103000641,0.002604299457743764,0.007865391671657562,0.0162388626486063,0.004268496297299862,0.19347333908081055,0.14636541903018951,0.03633001074194908,0.07410091161727905,0.0028478181920945644,0.035382356494665146,0.05962061882019043,0.004312831908464432,0.028804635629057884,0.010429225862026215,0.058659955859184265,0.08197733014822006,0.11950208246707916,0.02862883359193802,0.03232565149664879,0.11326571553945541,0.0056554353795945644,0.002547929063439369,0.023758595809340477,,,,,,,,,,,,,,,
unknown,薬,356,357,404.9764,405.4764,0.9902344,,0.030166346579790115,0.047630004584789276,0.05863482505083084,0.2236771434545517,0.007473996840417385,0.0575360432267189,0.010087182745337486,0.02668149210512638,0.06803964823484421,0.01888199895620346,0.01712767221033573,0.0211174413561821,0.07176040858030319,0.05256529524922371,0.03042217716574669,0.021666191518306732,0.13471736013889313,0.03125324100255966,0.058792609721422195,0.04947882890701294,0.02544810064136982,0.01522450428456068,0.01514880545437336,0.03876500576734543,0.047273263335227966,0.008617687970399857,0.21952414512634277,0.058149609714746475,0.01671711541712284,0.18922081589698792,0.0039275819435715675,0.005775745026767254,0.0414038822054863,0.006149272434413433,0.1601211279630661,0.07318758219480515,0.03400595113635063,0.058680832386016846,0.003756126156076789,0.024342557415366173,0.07502299547195435,0.004148343112319708,0.025925669819116592,0.01614687591791153,0.08675670623779297,0.0544351227581501,0.11281988024711609,0.049563728272914886,0.05354594811797142,0.06771352887153625,0.009485160931944847,0.004205911885946989,0.019013196229934692,,,,,,,,,,,,,,,
unknown,お,358,359,410.28464,410.4044,0.9970703,,0.03256592899560928,0.05328300967812538,0.06909274309873581,0.19362901151180267,0.006820383947342634,0.04761152341961861,0.011068196035921574,0.03406713530421257,0.05839518457651138,0.0189974382519722,0.015292538329958916,0.02032315358519554,0.09708841145038605,0.06867653876543045,0.02685166895389557,0.0180621687322855,0.156247079372406,0.027256760746240616,0.05982949957251549,0.04502454772591591,0.02330769971013069,0.01715196669101715,0.018259694799780846,0.045036766678094864,0.03242029622197151,0.010315431281924248,0.22721709311008453,0.07260376960039139,0.01901419647037983,0.20995432138442993,0.004368797410279512,0.004919648170471191,0.02786312624812126,0.006858430337160826,0.18716533482074738,0.0775899663567543,0.034470830112695694,0.08103782683610916,0.004622785374522209,0.017460457980632782,0.06877601891756058,0.003369750455021858,0.03404230624437332,0.022386422380805016,0.06905826926231384,0.04052301496267319,0.13225685060024261,0.03768165037035942,0.055821072310209274,0.06989142298698425,0.010034782811999321,0.004100576508790255,0.014792487025260925,,,,,,,,,,,,,,,
unknown,皿,360,361,410.4044,410.9044,0.92529297,,0.03170013055205345,0.04474823176860809,0.06940439343452454,0.1983700841665268,0.010079575702548027,0.0680050253868103,0.006104492582380772,0.027052316814661026,0.044453419744968414,0.021206406876444817,0.01777723990380764,0.01895287074148655,0.10491947829723358,0.058217111974954605,0.037580475211143494,0.017437567934393883,0.1429724544286728,0.0260346457362175,0.08322321623563766,0.06606166064739227,0.02913629449903965,0.013411015272140503,0.01542594563215971,0.029608923941850662,0.021427728235721588,0.00997255276888609,0.19060452282428741,0.0524396114051342,0.021963682025671005,0.14695414900779724,0.002451391192153096,0.0038377230521291494,0.016692806035280228,0.005447904113680124,0.18102292716503143,0.05923771485686302,0.026469502598047256,0.07119438797235489,0.004263104870915413,0.018117722123861313,0.05047902464866638,0.0024648625403642654,0.022742273285984993,0.023825254291296005,0.08286557346582413,0.03893455117940903,0.10392021387815475,0.028593413531780243,0.05636046454310417,0.04931401088833809,0.01105568278580904,0.00302389869466424,0.014547672122716904,,,,,,,,,,,,,,,
unknown,一,362,363,417.495,417.995,0.44995117,,0.02527126669883728,0.04896217957139015,0.0611276812851429,0.14205273985862732,0.01399325579404831,0.055824924260377884,0.008134243078529835,0.020899197086691856,0.029801145195961,0.016209974884986877,0.006709400564432144,0.010541660711169243,0.08965883404016495,0.017982250079512596,0.024120768532156944,0.018909968435764313,0.2310287058353424,0.023107195273041725,0.05276326462626457,0.03269614651799202,0.02502758614718914,0.01994979940354824,0.006901802495121956,0.06646931171417236,0.013493497855961323,0.004927744157612324,0.2863294780254364,0.03734971582889557,0.010847172699868679,0.29809650778770447,0.002729795640334487,0.004581168293952942,0.00925341248512268,0.006252780091017485,0.10000057518482208,0.10415167361497879,0.023016463965177536,0.04622064158320427,0.005677581764757633,0.021274086087942123,0.025368766859173775,0.0034770092461258173,0.010430539026856422,0.019537245854735374,0.02975315973162651,0.05018678307533264,0.05893039330840111,0.01477247104048729,0.049877509474754333,0.061439771205186844,0.004553878679871559,0.00173510005697608,0.024099310860037804,,,,,,,,,,,,,,,
unknown,ダ,364,365,423.335,423.53497,0.9794922,,0.01996888592839241,0.0441005602478981,0.03352637216448784,0.15465518832206726,0.023262983188033104,0.09155020862817764,0.007690802216529846,0.019770223647356033,0.028706097975373268,0.01632361300289631,0.012286295183002949,0.009109717793762684,0.06509288400411606,0.02715645730495453,0.03308293968439102,0.016815558075904846,0.17513976991176605,0.023315124213695526,0.10207287967205048,0.05939892679452896,0.023006699979305267,0.021337946876883507,0.00806745421141386,0.04035390913486481,0.011751668527722359,0.007349581457674503,0.27317488193511963,0.03102688118815422,0.014436354860663414,0.2871706187725067,0.003439855296164751,0.003758189035579562,0.012855304405093193,0.006870997603982687,0.12890471518039703,0.0785590186715126,0.028746217489242554,0.06556397676467896,0.004892374388873577,0.01606707088649273,0.040167853236198425,0.002954479306936264,0.017522092908620834,0.03537876904010773,0.05433998256921768,0.037149496376514435,0.06301146745681763,0.016627565026283264,0.07897064089775085,0.051397908478975296,0.00789277721196413,0.0019619292579591274,0.01719208061695099,,,,,,,,,,,,,,,
unknown,ボ,366,367,423.53497,423.615,1.0,,0.017859160900115967,0.03300852328538895,0.023526446893811226,0.10554002970457077,0.023184819146990776,0.11820271611213684,0.00862593948841095,0.014760960824787617,0.018229415640234947,0.026627520099282265,0.01520914863795042,0.012586388736963272,0.04001571983098984,0.03148745000362396,0.026604941114783287,0.02183430828154087,0.2138751894235611,0.044076237827539444,0.14365459978580475,0.03906504809856415,0.01103735901415348,0.02280866727232933,0.0072309658862650394,0.026330597698688507,0.008532843552529812,0.004787013400346041,0.3400929570198059,0.02144753187894821,0.015934625640511513,0.3265026807785034,0.002884546760469675,0.00533523503690958,0.01355262752622366,0.0028811118099838495,0.12749576568603516,0.07741730660200119,0.020298203453421593,0.08404763042926788,0.004941518418490887,0.021137865260243416,0.04337955638766289,0.0034286503214389086,0.00823985505849123,0.053117524832487106,0.035456582903862,0.04391225799918175,0.020371245220303535,0.013743793591856956,0.0505572147667408,0.038492076098918915,0.0051182652823626995,0.004130091052502394,0.022120684385299683,,,,,,,,,,,,,,,
unknown,ー,368,369,423.615,423.735,0.9995117,,0.01705464906990528,0.025214586406946182,0.030029626563191414,0.1260726898908615,0.01523061003535986,0.13248085975646973,0.009182645007967949,0.016750715672969818,0.02198844589293003,0.04898456111550331,0.026429258286952972,0.019981512799859047,0.05035586282610893,0.04992842301726341,0.02894093655049801,0.023281071335077286,0.17985431849956512,0.03716545179486275,0.16241024434566498,0.047877248376607895,0.0129903769120574,0.02119791880249977,0.010414203628897667,0.017451899126172066,0.010424456559121609,0.004601667169481516,0.2658068835735321,0.025469781830906868,0.017393212765455246,0.2404576689004898,0.0032034667674452066,0.0051009561866521835,0.014080160297453403,0.002995335031300783,0.14559726417064667,0.05958088859915733,0.01271955668926239,0.08753753453493118,0.004362569190561771,0.0169043131172657,0.058709606528282166,0.0034719672985374928,0.005804605316370726,0.047743212431669235,0.05623430013656616,0.041472069919109344,0.014790979214012623,0.016481637954711914,0.05253603681921959,0.037848107516765594,0.005157180596143007,0.00642733508720994,0.01712901145219803,,,,,,,,,,,,,,,
unknown,ル,370,371,423.735,424.235,1.0,,0.0218289103358984,0.027795257046818733,0.0278101097792387,0.12221822142601013,0.018341979011893272,0.11256314814090729,0.00757816294208169,0.01971057429909706,0.02724830061197281,0.04368452727794647,0.03514215350151062,0.032683998346328735,0.0985887199640274,0.0679834634065628,0.040047600865364075,0.01979106105864048,0.13399718701839447,0.04585005342960358,0.08012060821056366,0.06464410573244095,0.016653766855597496,0.0153266042470932,0.015541203320026398,0.013978598639369011,0.008412729017436504,0.0047921971417963505,0.24811410903930664,0.0321207121014595,0.013778728432953358,0.17809733748435974,0.0035163515713065863,0.004204876720905304,0.010943102650344372,0.003516358556225896,0.2352454960346222,0.04348653927445412,0.012525329366326332,0.04998069256544113,0.0027056194376200438,0.01721191592514515,0.05303199961781502,0.0020196689292788506,0.005955631844699383,0.02092091366648674,0.06579168885946274,0.034418050199747086,0.017974212765693665,0.013699010945856571,0.04856036975979805,0.038822535425424576,0.00606918428093195,0.004153741989284754,0.014375010505318642,,,,,,,,,,,,,,,
unknown,暖,372,373,429.75,430.03003,0.88427734,,0.03073081746697426,0.045032016932964325,0.05215225741267204,0.1322389394044876,0.009003869257867336,0.044380877166986465,0.008954927325248718,0.02750842273235321,0.02133590169250965,0.038865167647600174,0.050982795655727386,0.05316603556275368,0.06204608455300331,0.07239186018705368,0.03253750130534172,0.04964035749435425,0.1750810295343399,0.07006251066923141,0.029063895344734192,0.028796492144465446,0.01023094728589058,0.01293074619024992,0.010735157877206802,0.042569346725940704,0.005917602218687534,0.004457647446542978,0.3274689316749573,0.05955548211932182,0.008071710355579853,0.2833891808986664,0.005251090042293072,0.009317712858319283,0.006697200238704681,0.004030643496662378,0.22966359555721283,0.09006817638874054,0.02544708549976349,0.056102875620126724,0.003065637545660138,0.036539699882268906,0.042422931641340256,0.004131392575800419,0.012097145430743694,0.014426046051084995,0.05475272238254547,0.08311580866575241,0.03509591892361641,0.00888713076710701,0.02075309120118618,0.03634679690003395,0.004960753954946995,0.004394132643938065,0.03456907719373703,,,,,,,,,,,,,,,
unknown,か,374,375,430.03003,430.11002,1.0,,0.0469687283039093,0.049977969378232956,0.06947236508131027,0.13048890233039856,0.00706719234585762,0.03630249947309494,0.00739629752933979,0.04859766364097595,0.016656585037708282,0.025556908920407295,0.05148234963417053,0.061191264539957047,0.0627095103263855,0.0951041504740715,0.029140876606106758,0.040530722588300705,0.10365777462720871,0.06433286517858505,0.02287386544048786,0.024960240349173546,0.008144578896462917,0.009680824354290962,0.011651410721242428,0.03767620027065277,0.00482475059106946,0.004245962016284466,0.34561583399772644,0.07508718967437744,0.009338868781924248,0.2968330681324005,0.004728764295578003,0.01052473671734333,0.004267740994691849,0.00381144299171865,0.30012577772140503,0.09431354701519012,0.020795222371816635,0.05980202928185463,0.0022615736816078424,0.033507395535707474,0.05159033089876175,0.0036227009259164333,0.010795680806040764,0.009173084050416946,0.05205003544688225,0.07215535640716553,0.02296491153538227,0.006721356883645058,0.022288350388407707,0.056067630648612976,0.004669783171266317,0.0036368034780025482,0.03408621624112129,,,,,,,,,,,,,,,
unknown,い,376,377,430.11002,430.61002,0.9975586,,0.04161214455962181,0.0542958527803421,0.0766557976603508,0.1512434482574463,0.005167270544916391,0.03292541205883026,0.0069767991080880165,0.03806005418300629,0.020749492570757866,0.031174177303910255,0.05364049971103668,0.054206423461437225,0.05440978705883026,0.08529087156057358,0.02667534351348877,0.047630444169044495,0.12416844815015793,0.05593203380703926,0.019161654636263847,0.0211455300450325,0.006903620436787605,0.008126889355480671,0.01089767087250948,0.04387885704636574,0.005355850327759981,0.003922661766409874,0.35847464203834534,0.07625102996826172,0.00890458095818758,0.30488714575767517,0.0037847384810447693,0.010249527171254158,0.004022310022264719,0.0027602906338870525,0.2866964638233185,0.1110062301158905,0.027762863785028458,0.05881741642951965,0.0021262196823954582,0.031264983117580414,0.04907871410250664,0.0037249044980853796,0.017208294942975044,0.007333428133279085,0.050309918820858,0.08141513168811798,0.03923690319061279,0.006279526744037867,0.01684964820742607,0.051406629383563995,0.00425662100315094,0.004369519650936127,0.029990172013640404,,,,,,,,,,,,,,,
unknown,口,378,379,435.43002,435.93002,0.984375,,0.04010734707117081,0.049590494483709335,0.07651051133871078,0.11381836980581284,0.004677387420088053,0.029200900346040726,0.007747997529804707,0.04409406706690788,0.015853866934776306,0.029244937002658844,0.0669429749250412,0.07024962455034256,0.05734759569168091,0.10839463770389557,0.025880273431539536,0.06005151569843292,0.11856158822774887,0.052711889147758484,0.0165485180914402,0.01715501956641674,0.005993863567709923,0.008955169469118118,0.009791580960154533,0.0431600958108902,0.003969475626945496,0.0042373971082270145,0.28074151277542114,0.08855555206537247,0.006426674779504538,0.23854680359363556,0.004455280024558306,0.015695545822381973,0.003103763097897172,0.0031734691001474857,0.2613144516944885,0.09477946162223816,0.02600608579814434,0.07059894502162933,0.0027605132199823856,0.02917446382343769,0.057476118206977844,0.006174569949507713,0.015310561284422874,0.007718430832028389,0.04641112685203552,0.09883526712656021,0.030344322323799133,0.004813108127564192,0.01626763679087162,0.05213966593146324,0.004178824834525585,0.004439369309693575,0.033641595393419266,,,,,,,,,,,,,,,
unknown,チ,380,381,441.085,441.125,0.7373047,,0.030966205522418022,0.04764563590288162,0.06269445270299911,0.12456545233726501,0.006738761439919472,0.036989226937294006,0.008522785268723965,0.03380415216088295,0.01683400571346283,0.026754790917038918,0.04910056293010712,0.055074479430913925,0.051215000450611115,0.08021797984838486,0.02644793875515461,0.05686250329017639,0.12864038348197937,0.06524477899074554,0.01688200980424881,0.01607397198677063,0.005369183141738176,0.009860572405159473,0.008460940793156624,0.049921512603759766,0.0042411391623318195,0.0036113010719418526,0.3663199543952942,0.06984911113977432,0.00697464682161808,0.33051687479019165,0.0041974568739533424,0.014463421888649464,0.0035461988300085068,0.0027207762468606234,0.23278531432151794,0.12326834350824356,0.02734784036874771,0.06256483495235443,0.0027990706730633974,0.03938490152359009,0.044247955083847046,0.005093363579362631,0.014179743826389313,0.008146224543452263,0.04980352893471718,0.0954081267118454,0.025706160813570023,0.004818911664187908,0.015081110410392284,0.04771603271365166,0.00348031148314476,0.004106127191334963,0.039881885051727295,,,,,,,,,,,,,,,
unknown,ュ,382,383,441.125,441.205,0.96777344,,0.038832180202007294,0.07064007967710495,0.06258935481309891,0.15055979788303375,0.005962030962109566,0.030963566154241562,0.006654789205640554,0.04174842685461044,0.016296230256557465,0.021773813292384148,0.03601464629173279,0.028472431004047394,0.04136889800429344,0.04643000662326813,0.020440997555851936,0.06921304017305374,0.11620178073644638,0.037073682993650436,0.01682823710143566,0.011458957567811012,0.004536803346127272,0.008312980644404888,0.0056214104406535625,0.08456200361251831,0.004880998283624649,0.0027916308026760817,0.3977435529232025,0.07063917070627213,0.0063474844209849834,0.4318613111972809,0.0030129330698400736,0.018652254715561867,0.0030775261111557484,0.002342832973226905,0.19590695202350616,0.20986321568489075,0.04516967386007309,0.05474080890417099,0.002815975807607174,0.04078371822834015,0.040110498666763306,0.006495715118944645,0.021223653107881546,0.007253137417137623,0.043649569153785706,0.12488051503896713,0.03471188619732857,0.004342455416917801,0.01917271502315998,0.08664067834615707,0.002611332107335329,0.003486658912152052,0.04394819587469101,,,,,,,,,,,,,,,
unknown,ー,384,385,441.205,441.285,0.72509766,,0.04334697499871254,0.08670917898416519,0.07620634138584137,0.1399165391921997,0.003571029519662261,0.029669128358364105,0.0051817153580486774,0.04393965005874634,0.01461743377149105,0.030025968328118324,0.04646116495132446,0.029731281101703644,0.030940331518650055,0.05101310834288597,0.016526060178875923,0.07667373865842819,0.09090600907802582,0.03621901199221611,0.017220882698893547,0.00876799039542675,0.0026804504450410604,0.0061279283836483955,0.004641788545995951,0.06623242795467377,0.004359434824436903,0.003017615992575884,0.4104709327220917,0.07251258194446564,0.006604571361094713,0.4256135821342468,0.0016654636710882187,0.021877508610486984,0.0026174839586019516,0.001162469619885087,0.1917152851819992,0.23087608814239502,0.06141110137104988,0.08195655047893524,0.0023391838185489178,0.03735538572072983,0.04606702923774719,0.007387083489447832,0.028633110225200653,0.008568398654460907,0.036498114466667175,0.1177995577454567,0.029516713693737984,0.0035835704766213894,0.015374088659882545,0.08730286359786987,0.003055750159546733,0.005069536156952381,0.038023680448532104,,,,,,,,,,,,,,,
unknown,リ,386,387,441.285,441.365,0.9589844,,0.03244015574455261,0.0722629725933075,0.06473130732774734,0.14849720895290375,0.004544257186353207,0.035375915467739105,0.0064078401774168015,0.03424100950360298,0.01435729581862688,0.03806165233254433,0.03560105338692665,0.025187231600284576,0.027670273557305336,0.03637031838297844,0.01702001504600048,0.07612407207489014,0.08830591291189194,0.035370662808418274,0.020103244110941887,0.009217427112162113,0.0032499630469828844,0.007829643785953522,0.00404593488201499,0.07522286474704742,0.004717459436506033,0.0027622587513178587,0.4548114836215973,0.054881323128938675,0.005480600520968437,0.5145647525787354,0.0019130822038277984,0.018969258293509483,0.0029560476541519165,0.0013800394954159856,0.15251442790031433,0.2553752064704895,0.05160544067621231,0.06978101283311844,0.0026314661372452974,0.040527667850255966,0.04020903632044792,0.007872643880546093,0.018039986491203308,0.01041652262210846,0.035927124321460724,0.11921606212854385,0.020419932901859283,0.003907755017280579,0.01658560335636139,0.07975433021783829,0.0027020175475627184,0.005907148122787476,0.043577972799539566,,,,,,,,,,,,,,,
unknown,ッ,388,389,441.365,441.525,0.95947266,,0.03900272399187088,0.09563446044921875,0.07618668675422668,0.14983117580413818,0.005051873624324799,0.03089682012796402,0.003678048262372613,0.0452762097120285,0.008332990109920502,0.02130386047065258,0.031071288511157036,0.01598246395587921,0.024157362058758736,0.032743554562330246,0.017492206767201424,0.08585135638713837,0.10878860205411911,0.023790717124938965,0.01866791769862175,0.009656372480094433,0.0036668311804533005,0.006187478080391884,0.0024010599590837955,0.1078161969780922,0.0028463948983699083,0.0025236159563064575,0.48579278588294983,0.06056515499949455,0.005272461101412773,0.5474511384963989,0.00119711272418499,0.021609555929899216,0.0023012543097138405,0.001488070236518979,0.152693971991539,0.32595616579055786,0.06675038486719131,0.09285831451416016,0.0022285720333456993,0.03735950216650963,0.036556798964738846,0.007459424901753664,0.017867635935544968,0.01030753180384636,0.03331828862428665,0.14054441452026367,0.0191353652626276,0.002855324652045965,0.017379360273480415,0.09404966980218887,0.0023952890187501907,0.0032972327899187803,0.044732168316841125,,,,,,,,,,,,,,,
unknown,ペ,390,391,441.525,442.025,0.79003906,,0.027517592534422874,0.06206706911325455,0.04114251583814621,0.14823906123638153,0.006420326419174671,0.03390458598732948,0.004811515565961599,0.02541239745914936,0.012356884777545929,0.028979817405343056,0.025134535506367683,0.018408052623271942,0.03679368644952774,0.03087783232331276,0.019686108455061913,0.06251019984483719,0.09645415097475052,0.030821532011032104,0.015697354450821877,0.009017731063067913,0.0033642174676060677,0.006198879797011614,0.0036429287865757942,0.08055011183023453,0.0030164276249706745,0.0021216704044491053,0.5030389428138733,0.03880790248513222,0.005466940812766552,0.5831627249717712,0.001326965750195086,0.01563456282019615,0.002053525997325778,0.0011789504205808043,0.16018517315387726,0.27557116746902466,0.0448291189968586,0.07323063910007477,0.0019339105347171426,0.03949319198727608,0.03234228864312172,0.006394883617758751,0.014988801442086697,0.007915923371911049,0.03851180151104927,0.10721755027770996,0.018646731972694397,0.0027620296459645033,0.01491549238562584,0.0756610706448555,0.002159375697374344,0.0037335476372390985,0.04767560213804245,,,,,,,,,,,,,,,
unknown,な,392,393,447.205,447.405,0.6533203,,0.039736658334732056,0.084366075694561,0.04731611907482147,0.16155265271663666,0.008823074400424957,0.04580311477184296,0.004860091954469681,0.031483497470617294,0.01620711386203766,0.024108795449137688,0.028129247948527336,0.018751420080661774,0.03554949909448624,0.03362881764769554,0.025222698226571083,0.05633777752518654,0.07840421050786972,0.03335774317383766,0.019906826317310333,0.014711088500916958,0.004733817186206579,0.006649038288742304,0.004682708997279406,0.07020717859268188,0.004380656871944666,0.0028113918378949165,0.4680478274822235,0.04721227288246155,0.007623936515301466,0.5009997487068176,0.0015411750646308064,0.016790615394711494,0.0025431558024138212,0.0013855703873559833,0.17928056418895721,0.24938015639781952,0.06865409761667252,0.060885243117809296,0.0022196434438228607,0.03947410732507706,0.03670790046453476,0.005577152129262686,0.030620578676462173,0.007614625617861748,0.05616185441613197,0.0998503714799881,0.036571063101291656,0.0038084308616816998,0.019210580736398697,0.08265109360218048,0.002930401125922799,0.004511865321546793,0.04021339491009712,,,,,,,,,,,,,,,
unknown,く,394,395,447.405,447.905,0.96875,,0.029908882454037666,0.060323361307382584,0.05727853626012802,0.19012968242168427,0.0035137287341058254,0.02995610423386097,0.0037762548308819532,0.030977902933955193,0.013331720605492592,0.036365799605846405,0.03714367747306824,0.02228500321507454,0.04548116400837898,0.045146070420742035,0.01875842548906803,0.0759708508849144,0.09018529206514359,0.022792793810367584,0.01316190604120493,0.008248764090240002,0.002797941444441676,0.00462304288521409,0.00407883757725358,0.07149702310562134,0.0034359584096819162,0.0019362911116331816,0.44033578038215637,0.052458178251981735,0.005628397688269615,0.467436283826828,0.0009836027165874839,0.016990123316645622,0.0021754370536655188,0.0009116035071201622,0.17347010970115662,0.254102498292923,0.038394976407289505,0.10630978643894196,0.0016056885942816734,0.04023873060941696,0.033088427037000656,0.0060279411263763905,0.012583806179463863,0.00595046766102314,0.045651648193597794,0.11290093511343002,0.01593189127743244,0.002891239244490862,0.011420972645282745,0.06970806419849396,0.002012280747294426,0.0061920457519590855,0.04192126914858818,,,,,,,,,,,,,,,
unknown,腕,396,397,454.245,454.745,0.9296875,,0.12115034461021423,0.09473942220211029,0.16819754242897034,0.12231168150901794,0.004179514478892088,0.02996731549501419,0.004334602504968643,0.06085646525025368,0.011622173711657524,0.008086386136710644,0.02436286024749279,0.02255614846944809,0.041290245950222015,0.051237888634204865,0.023705070838332176,0.08703244477510452,0.1260536164045334,0.01853581704199314,0.016153991222381592,0.019189534708857536,0.007456528954207897,0.004859176464378834,0.0055176676250994205,0.0467725545167923,0.004589511547237635,0.0017336774617433548,0.41767314076423645,0.05854984372854233,0.008481056429445744,0.31352296471595764,0.0018717219354584813,0.04253605008125305,0.0022836208809167147,0.0020458227954804897,0.24099242687225342,0.1888202279806137,0.024622976779937744,0.0567152164876461,0.00119215517770499,0.04713685065507889,0.049939315766096115,0.009415318258106709,0.004645439330488443,0.002885472262278199,0.03193467855453491,0.23215752840042114,0.011993404477834702,0.003848459105938673,0.017453130334615707,0.15077970921993256,0.001998140010982752,0.0010082146618515253,0.041569776833057404,,,,,,,,,,,,,,,
unknown,ブ,398,399,460.09082,460.59082,0.7265625,,0.03822898119688034,0.04478297755122185,0.05191269516944885,0.11694016307592392,0.016528893262147903,0.09829706698656082,0.007318777032196522,0.021412920206785202,0.01998206228017807,0.019616488367319107,0.02490929141640663,0.017335273325443268,0.031322233378887177,0.039281345903873444,0.03653179109096527,0.0654863491654396,0.19523625075817108,0.023473436012864113,0.04958155006170273,0.035847391933202744,0.01701255328953266,0.010992070659995079,0.006103131454437971,0.03296251967549324,0.009956386871635914,0.0023064694833010435,0.3713762164115906,0.026716556400060654,0.010513387620449066,0.3079606294631958,0.002043039770796895,0.0281276386231184,0.008326827548444271,0.0022486469242721796,0.17826564610004425,0.15284046530723572,0.017511803656816483,0.05244570970535278,0.0023894866462796926,0.02965262345969677,0.06799624860286713,0.008612927049398422,0.004599517676979303,0.006997679825872183,0.03341327980160713,0.16614653170108795,0.013828541152179241,0.009166705422103405,0.029139826074242592,0.10109680145978928,0.0022514674346894026,0.0027869094628840685,0.030075982213020325,,,,,,,,,,,,,,,
unknown,ご,400,401,465.04004,465.1598,0.9926758,,0.028918461874127388,0.03427467495203018,0.041378967463970184,0.1462159901857376,0.014770983718335629,0.12949791550636292,0.014647851698100567,0.01942925900220871,0.06860534101724625,0.048024967312812805,0.036552056670188904,0.018724463880062103,0.057254236191511154,0.051698848605155945,0.03467802330851555,0.056820545345544815,0.06405958533287048,0.018379120156168938,0.06549187749624252,0.02926401048898697,0.010445388965308666,0.016206001862883568,0.01141058187931776,0.020931024104356766,0.034876398742198944,0.004708768799901009,0.26429200172424316,0.026458166539669037,0.014724777080118656,0.24818947911262512,0.0028252527117729187,0.025131020694971085,0.016946984454989433,0.001952204736880958,0.13651622831821442,0.1263502985239029,0.015064643695950508,0.05492519959807396,0.005139154847711325,0.04237116873264313,0.0870405063033104,0.010137606412172318,0.006993220653384924,0.014392790384590626,0.06666062772274017,0.1088893786072731,0.011115764267742634,0.020942673087120056,0.0333419032394886,0.08668836951255798,0.004306845832616091,0.00927481334656477,0.0288519486784935,,,,,,,,,,,,,,,
unknown,飯,402,403,465.1598,465.6598,0.8979492,,0.03087094984948635,0.03640332445502281,0.03664657473564148,0.1381305456161499,0.02139483392238617,0.17382311820983887,0.009223523549735546,0.02008461207151413,0.03024226427078247,0.06132092326879501,0.04112006723880768,0.021289963275194168,0.06677757203578949,0.04896265268325806,0.040809743106365204,0.06037750840187073,0.09304249286651611,0.022927891463041306,0.10048840194940567,0.037552520632743835,0.012662270106375217,0.016167037189006805,0.010122336447238922,0.020818566903471947,0.014331993646919727,0.004114159382879734,0.24483101069927216,0.024519992992281914,0.01407018955796957,0.21465736627578735,0.0019448983948677778,0.020597681403160095,0.009723692201077938,0.0017372475704178214,0.13854695856571198,0.115026094019413,0.018805019557476044,0.052237704396247864,0.005984058137983084,0.03634444996714592,0.0708552896976471,0.008844586089253426,0.005841270554810762,0.01847190037369728,0.06760910153388977,0.11054699867963791,0.009562540799379349,0.012910466641187668,0.04100228473544121,0.07609713822603226,0.004160249140113592,0.011232390068471432,0.030938271433115005,,,,,,,,,,,,,,,
unknown,ウ,404,405,471.76358,471.84354,0.8964844,,0.027338774874806404,0.03279969468712807,0.03764816373586655,0.16193656623363495,0.02003326453268528,0.15482884645462036,0.008764167316257954,0.016342075541615486,0.025426162406802177,0.06095567345619202,0.039261605590581894,0.023122549057006836,0.055030226707458496,0.047541096806526184,0.04478810355067253,0.0642896294593811,0.10502299666404724,0.027748480439186096,0.08647909015417099,0.039412423968315125,0.012993411161005497,0.013981885276734829,0.009339974261820316,0.020621031522750854,0.010799442417919636,0.0034668322186917067,0.3087017834186554,0.0212345402687788,0.0118057606741786,0.26800161600112915,0.0020667403005063534,0.019351594150066376,0.00755664799362421,0.0017997098620980978,0.15596218407154083,0.13375818729400635,0.01605439931154251,0.05954908952116966,0.0044109392911195755,0.03792116045951843,0.06007429212331772,0.007995139807462692,0.003989612217992544,0.016060849651694298,0.06942980736494064,0.11594149470329285,0.006481433752924204,0.009841247461736202,0.033270273357629776,0.06503153592348099,0.003589458065107465,0.006879618391394615,0.03392120823264122,,,,,,,,,,,,,,,
unknown,ェ,406,407,471.84354,472.00342,0.67822266,,0.03476634994149208,0.05086832493543625,0.06113196164369583,0.1532253623008728,0.008308220654726028,0.07052706182003021,0.003249257570132613,0.021219968795776367,0.010715198703110218,0.03670709580183029,0.03706211596727371,0.019212618470191956,0.035803887993097305,0.03786816447973251,0.0292959064245224,0.09405889362096786,0.1438494175672531,0.026075327768921852,0.04000973328948021,0.018831299617886543,0.006210139486938715,0.005332263186573982,0.003926512785255909,0.03912419080734253,0.0036641391925513744,0.0016832075780257583,0.4368373155593872,0.027723968029022217,0.00805695354938507,0.39136144518852234,0.0006920166197232902,0.023953037336468697,0.0030035090167075396,0.0008171473164111376,0.18088431656360626,0.2220524698495865,0.023875130340456963,0.07606915384531021,0.001592853688634932,0.04293745756149292,0.0382617749273777,0.007376386784017086,0.004365431144833565,0.008388125337660313,0.03557327389717102,0.17231285572052002,0.007581714075058699,0.003715389408171177,0.016471954062581062,0.07193788886070251,0.0019159852527081966,0.0035315505228936672,0.043121375143527985,,,,,,,,,,,,,,,
unknown,デ,408,409,472.00342,472.0434,0.9873047,,0.028178194537758827,0.04516853764653206,0.05208570882678032,0.12646076083183289,0.009169663302600384,0.07784677296876907,0.0037510881666094065,0.018008144572377205,0.01241984125226736,0.05313597619533539,0.038767486810684204,0.023207655176520348,0.03438403829932213,0.035140592604875565,0.027935685589909554,0.07754318416118622,0.13342030346393585,0.03157207369804382,0.03920270502567291,0.01767740398645401,0.005862732417881489,0.00568049680441618,0.003999313805252314,0.03371265530586243,0.003834107890725136,0.0014990842901170254,0.45982322096824646,0.026242423802614212,0.007804605178534985,0.43726596236228943,0.0007428345270454884,0.015812061727046967,0.003071561688557267,0.0007615748909302056,0.19045837223529816,0.1982872635126114,0.02050725370645523,0.07366134971380234,0.0015256779734045267,0.04140167310833931,0.03726879134774208,0.005408633500337601,0.00450779078528285,0.008201684802770615,0.02632755972445011,0.1378430277109146,0.007749026175588369,0.0039025801233947277,0.015933604910969734,0.06175120547413826,0.0016332274535670877,0.004135304596275091,0.03902101144194603,,,,,,,,,,,,,,,
unknown,ィ,410,411,472.0434,472.12332,0.9975586,,0.02759571745991707,0.03698599338531494,0.05800557881593704,0.11434114724397659,0.012742575258016586,0.13316941261291504,0.008383667096495628,0.022160978987812996,0.03982354328036308,0.0675244852900505,0.08325932919979095,0.03416511043906212,0.02877364307641983,0.07150878012180328,0.04108747839927673,0.06403212994337082,0.040755875408649445,0.030774341896176338,0.06218065321445465,0.04008014127612114,0.014064337126910686,0.010301491245627403,0.007749481592327356,0.016512993723154068,0.021013133227825165,0.004607839044183493,0.26001742482185364,0.032585904002189636,0.013373557478189468,0.2298959344625473,0.001655189204029739,0.013963455334305763,0.012802615761756897,0.0016049144323915243,0.17164568603038788,0.11045597493648529,0.018220530822873116,0.09062374383211136,0.002929111709818244,0.05023379996418953,0.08720578998327255,0.007381744217127562,0.01007089950144291,0.014536602422595024,0.043320462107658386,0.09856192022562027,0.016603520140051842,0.0186179019510746,0.024952102452516556,0.05688607320189476,0.004527147859334946,0.01429616380482912,0.027841217815876007,,,,,,,,,,,,,,,
unknown,ン,412,413,472.12332,472.20328,0.9980469,,0.008969979360699654,0.01410632487386465,0.04905414953827858,0.08441126346588135,0.0026922025717794895,0.056092068552970886,0.008042613975703716,0.00785444863140583,0.028006507083773613,0.15644221007823944,0.1577978879213333,0.036855801939964294,0.014527179300785065,0.04647599160671234,0.019261077046394348,0.1711004078388214,0.046028826385736465,0.033841170370578766,0.029825672507286072,0.008554905652999878,0.002925001783296466,0.006258699577301741,0.003538234159350395,0.02071247436106205,0.008002107962965965,0.0022684941068291664,0.33354663848876953,0.016807708889245987,0.004557217471301556,0.3138122856616974,0.0008576901745982468,0.015986328944563866,0.006910534575581551,0.00042012700578197837,0.1276526302099228,0.15452413260936737,0.00981938000768423,0.06097022444009781,0.0023292999248951674,0.04732054844498634,0.057432953268289566,0.01924719288945198,0.0033648349344730377,0.009910429827868938,0.017448319122195244,0.1854991614818573,0.00457446975633502,0.00704500125721097,0.008267044089734554,0.03662213683128357,0.0022527449764311314,0.03281193599104881,0.043650176376104355,,,,,,,,,,,,,,,
unknown,グ,414,415,472.20328,472.28323,0.99853516,,0.02170252427458763,0.018424587324261665,0.09417730569839478,0.07273378223180771,0.00480809947475791,0.05173899978399277,0.007476989645510912,0.016529330983757973,0.014920676127076149,0.052653614431619644,0.09607153385877609,0.039451759308576584,0.015238734893500805,0.05146149918437004,0.02496250905096531,0.21112163364887238,0.09010571241378784,0.05401123687624931,0.03088194690644741,0.011645231395959854,0.006140011828392744,0.008790940977633,0.0037134767044335604,0.048802245408296585,0.005146919749677181,0.003499562619253993,0.3806009590625763,0.026070384308695793,0.007063169963657856,0.3072757124900818,0.0012335958890616894,0.027958692982792854,0.003068123711273074,0.0008549990598112345,0.13031865656375885,0.16174505650997162,0.009263958781957626,0.03508950024843216,0.0051784757524728775,0.07769650220870972,0.05474625900387764,0.036354273557662964,0.004080689512193203,0.009812734089791775,0.022769741714000702,0.34225553274154663,0.012933799996972084,0.005049911793321371,0.011165892705321312,0.06762757152318954,0.002954131457954645,0.019227614626288414,0.0988369733095169,,,,,,,,,,,,,,,
unknown,ド,416,417,472.28323,472.40314,0.94970703,,0.02518979273736477,0.031160632148385048,0.08799976110458374,0.07991155982017517,0.006552188191562891,0.05329202860593796,0.007465308997780085,0.015700120478868484,0.020133374258875847,0.028680844232439995,0.07350543886423111,0.029198555275797844,0.017189474776387215,0.04387248679995537,0.026532774791121483,0.18700456619262695,0.09125275164842606,0.053301841020584106,0.02793746069073677,0.013483472168445587,0.007231730967760086,0.009169541299343109,0.0037793174851685762,0.06805170327425003,0.007612840738147497,0.0044998424127697945,0.3678895831108093,0.03029809519648552,0.0068158418871462345,0.30626893043518066,0.00123270892072469,0.03211382403969765,0.004920566454529762,0.0009507699869573116,0.12104099988937378,0.18114319443702698,0.0252913199365139,0.03478779271245003,0.005350664258003235,0.08759165555238724,0.05021631345152855,0.03457700088620186,0.013434773311018944,0.009652892127633095,0.02519661746919155,0.3354152739048004,0.04566241055727005,0.0071608759462833405,0.011355242691934109,0.06302475929260254,0.00393300037831068,0.018327580764889717,0.09361954033374786,,,,,,,,,,,,,,,
unknown,レ,418,419,472.40314,472.52307,0.9736328,,0.014451783150434494,0.014370018616318703,0.053526055067777634,0.07054737210273743,0.0038242412265390158,0.03933046758174896,0.011735465377569199,0.009190523996949196,0.02404872328042984,0.037347447127103806,0.08449166268110275,0.0398910827934742,0.017788991332054138,0.047501008957624435,0.020249776542186737,0.2295205146074295,0.05313863605260849,0.07289906591176987,0.019557276740670204,0.007221506908535957,0.0034701016265898943,0.009257357567548752,0.004912809934467077,0.045548971742391586,0.00857076421380043,0.0034402201417833567,0.3983323872089386,0.017476100474596024,0.003860271768644452,0.3223915100097656,0.0015800416003912687,0.03141360729932785,0.006263254210352898,0.0006439980934374034,0.10453987121582031,0.1696000099182129,0.011086221784353256,0.029309777542948723,0.005020910874009132,0.12982849776744843,0.05351363867521286,0.04708773270249367,0.003339641261845827,0.00802699662744999,0.019343527033925056,0.36914801597595215,0.008452413603663445,0.0072500742971897125,0.007974226027727127,0.05517011880874634,0.0029929596930742264,0.023607563227415085,0.13913027942180634,,,,,,,,,,,,,,,
unknown,ス,420,421,472.52307,473.02307,0.7348633,,0.021150797605514526,0.023262258619070053,0.03535790741443634,0.07433225214481354,0.01685320772230625,0.126544788479805,0.008309051394462585,0.012528805993497372,0.021567344665527344,0.05983203649520874,0.052127402275800705,0.04198969155550003,0.04694998636841774,0.04434006288647652,0.030189979821443558,0.05429796874523163,0.09163230657577515,0.06940688192844391,0.061635203659534454,0.028032079339027405,0.009180192835628986,0.011839888989925385,0.00855164136737585,0.02042338252067566,0.006391327362507582,0.0030930538196116686,0.35867300629615784,0.020055385306477547,0.00879465788602829,0.3107338845729828,0.0018204839434474707,0.008206730708479881,0.004492235369980335,0.0011998314876109362,0.200375035405159,0.08744505047798157,0.012487954460084438,0.04346926510334015,0.003613267559558153,0.043099772185087204,0.04025055468082428,0.0075776828452944756,0.006208519451320171,0.011369355022907257,0.023156113922595978,0.10357832163572311,0.01897776685655117,0.006907928269356489,0.02624165080487728,0.051724474877119064,0.003157428465783596,0.009952941909432411,0.04441625997424126,,,,,,,,,,,,,,,
unknown,鍵,422,423,477.39975,477.89975,0.57421875,,0.011315187439322472,0.014618737623095512,0.020208414644002914,0.08017606288194656,0.02530626393854618,0.17364296317100525,0.015038516372442245,0.007996595464646816,0.0183720625936985,0.04070879891514778,0.02167344093322754,0.03216661885380745,0.04967736825346947,0.02427440509200096,0.025095848366618156,0.038583267480134964,0.1018369272351265,0.09005402028560638,0.07439566403627396,0.02274405211210251,0.00786789320409298,0.021679503843188286,0.007544375024735928,0.02697385661303997,0.006052729208022356,0.002419823780655861,0.43835973739624023,0.011999267153441906,0.00615060655400157,0.4626261293888092,0.0026435547042638063,0.006931065581738949,0.005255004391074181,0.0013992314925417304,0.1332567185163498,0.09756522625684738,0.008237263187766075,0.021783988922834396,0.004886216949671507,0.0418478399515152,0.032807108014822006,0.00812492985278368,0.0026294677518308163,0.013028418645262718,0.02026541344821453,0.09014803916215897,0.00795377604663372,0.006010019686073065,0.03294944763183594,0.047823645174503326,0.0022302570287138224,0.010158766992390156,0.05562525987625122,,,,,,,,,,,,,,,
unknown,塩,424,425,483.4356,483.9356,0.99072266,,0.005936924833804369,0.008414753712713718,0.013605541549623013,0.048708975315093994,0.013379482552409172,0.1136406809091568,0.02200917713344097,0.004429767839610577,0.010057719424366951,0.0564299002289772,0.026588812470436096,0.03677813708782196,0.03307637944817543,0.026493873447179794,0.022625083103775978,0.06423675268888474,0.15252235531806946,0.11333009600639343,0.04655104875564575,0.012390175834298134,0.004586498718708754,0.020465154200792313,0.007211949210613966,0.026383036747574806,0.002635273616760969,0.0014327765675261617,0.46779778599739075,0.008219527080655098,0.0034415354020893574,0.4962178170681,0.0025360817089676857,0.009946649894118309,0.005388049874454737,0.0007055054884403944,0.09312811493873596,0.10393189638853073,0.005160231608897448,0.01618010178208351,0.0032866974361240864,0.04293997213244438,0.021881232038140297,0.01292082853615284,0.0006893740501254797,0.01263867225497961,0.012483056634664536,0.11513949185609818,0.001881875330582261,0.004156482871621847,0.012611807323992252,0.023209428414702415,0.0013818591833114624,0.016614004969596863,0.06595100462436676,,,,,,,,,,,,,,,
unknown,感,426,427,488.2807,488.48026,0.94873047,,0.011104271747171879,0.015028045512735844,0.029608454555273056,0.057973094284534454,0.00524146668612957,0.05332368612289429,0.013960658572614193,0.00698729045689106,0.009979497641324997,0.042269445955753326,0.02922697924077511,0.04543855041265488,0.035128358751535416,0.03443852812051773,0.014993191696703434,0.08112223446369171,0.2780666649341583,0.10140368342399597,0.025957660749554634,0.006918700411915779,0.0030644310172647238,0.013504615984857082,0.005603912752121687,0.033383455127477646,0.0027106020133942366,0.0014729284448549151,0.487000048160553,0.013536052778363228,0.004297294653952122,0.44025659561157227,0.0018485670443624258,0.01331549882888794,0.0055925361812114716,0.0006391655188053846,0.1263445019721985,0.1280534565448761,0.008130073547363281,0.0461881048977375,0.0034462157636880875,0.05678671598434448,0.025373926386237144,0.010266048833727837,0.0009012808441184461,0.009249106049537659,0.007386321667581797,0.1583365648984909,0.002545877592638135,0.00403254572302103,0.00796524342149496,0.026440240442752838,0.0014019054360687733,0.012961654923856258,0.0706670731306076,,,,,,,,,,,,,,,
unknown,情,428,429,488.48026,488.98026,0.98535156,,0.013438981026411057,0.014997241087257862,0.0255487859249115,0.1108887642621994,0.010822244919836521,0.07104082405567169,0.008370917290449142,0.009648080915212631,0.011209869757294655,0.03917715698480606,0.023634547367691994,0.04348282143473625,0.06189044937491417,0.03532828763127327,0.026841672137379646,0.04920468479394913,0.23899425566196442,0.0992196798324585,0.024203328415751457,0.015464656054973602,0.006043475586920977,0.010600103996694088,0.007389800623059273,0.037744227796792984,0.0024950860533863306,0.0015680738724768162,0.5144661068916321,0.017253465950489044,0.006482698023319244,0.4370866119861603,0.0018108886433765292,0.008484398946166039,0.0037573473528027534,0.0010981503874063492,0.1686486154794693,0.11219779402017593,0.006837746594101191,0.027644513174891472,0.002236159984022379,0.0419413261115551,0.021793227642774582,0.005733101163059473,0.0012896235566586256,0.005633171182125807,0.03020615316927433,0.10300906747579575,0.005068379454314709,0.003630642080679536,0.013113606721162796,0.03466526418924332,0.0017089605098590255,0.007963797077536583,0.06293952465057373,,,,,,,,,,,,,,,
unknown,大,430,431,494.30646,494.58582,0.9926758,,0.013627374544739723,0.013038321398198605,0.020800461992621422,0.08018999546766281,0.022206986322999,0.11532262712717056,0.011746310628950596,0.010068180970847607,0.00950821302831173,0.025150680914521217,0.01248954888433218,0.0476679690182209,0.06192426010966301,0.02890087105333805,0.03047567419707775,0.026904897764325142,0.16016748547554016,0.13870149850845337,0.03159964084625244,0.023397346958518028,0.00825782772153616,0.016744710505008698,0.008485596626996994,0.02843102626502514,0.002545054303482175,0.0014111037598922849,0.5446075201034546,0.014776559546589851,0.005707017611712217,0.47195813059806824,0.002847044263035059,0.006639917381107807,0.0032246001064777374,0.0015512648969888687,0.16440971195697784,0.07561454176902771,0.004355092067271471,0.015191282145678997,0.0022206660360097885,0.039444927126169205,0.020809324458241463,0.0037950524128973484,0.0008263099589385092,0.005430520046502352,0.02378237061202526,0.06965608149766922,0.003582497127354145,0.003468118840828538,0.01867714710533619,0.03407914936542511,0.001371256890706718,0.006094512064009905,0.057541150599718094,,,,,,,,,,,,,,,
unknown,き,432,433,494.58582,494.66562,0.9941406,,0.014967475086450577,0.015003263019025326,0.022275863215327263,0.10694119334220886,0.010523601435124874,0.05352132022380829,0.008767777122557163,0.010783557780086994,0.00956764817237854,0.020294994115829468,0.016037099063396454,0.05362369492650032,0.04974840581417084,0.03048793599009514,0.024575192481279373,0.04772454872727394,0.1566794067621231,0.16620777547359467,0.015738053247332573,0.011635031551122665,0.004991723690181971,0.0096706822514534,0.006855114828795195,0.0498502291738987,0.002618776634335518,0.0014568031765520573,0.6115342378616333,0.017635177820920944,0.004549021366983652,0.5502625107765198,0.0021088551729917526,0.010042170993983746,0.0036160629242658615,0.0011222399771213531,0.18044178187847137,0.12044636905193329,0.00649648392572999,0.017366468906402588,0.0017733838176354766,0.06992542743682861,0.02029929682612419,0.006278315093368292,0.001171763869933784,0.0036335326731204987,0.022782692685723305,0.11978840082883835,0.0050393627025187016,0.003309018909931183,0.011295776814222336,0.04080294817686081,0.0015498787397518754,0.005769651383161545,0.10605813562870026,,,,,,,,,,,,,,,
unknown,い,434,435,494.66562,495.16562,0.9091797,,0.01850789040327072,0.019642161205410957,0.020830316469073296,0.10469943284988403,0.008650311268866062,0.05192035064101219,0.008185184560716152,0.012318966910243034,0.009332973510026932,0.02828531339764595,0.023288896307349205,0.05128151550889015,0.04585039243102074,0.03091263957321644,0.0248340405523777,0.05903711915016174,0.10941038280725479,0.14039841294288635,0.012238646857440472,0.009933335706591606,0.003539100755006075,0.007730836048722267,0.006275949068367481,0.04595154523849487,0.0019921166822314262,0.0014856731286272407,0.6044924855232239,0.017692355439066887,0.004393956158310175,0.5546609163284302,0.001685506897047162,0.012119085527956486,0.002418481046333909,0.000721275748219341,0.1777646839618683,0.14589935541152954,0.008837400004267693,0.018073052167892456,0.001542014186270535,0.07294829934835434,0.019666306674480438,0.007146250922232866,0.0013760710135102272,0.0032000199425965548,0.02284097857773304,0.12122946232557297,0.004251960199326277,0.0024640716146677732,0.008480275981128216,0.03834936022758484,0.0016725427703931928,0.00937212910503149,0.09977132827043533,,,,,,,,,,,,,,,
unknown,白,436,437,500.595,501.095,0.89160156,,0.0176302008330822,0.015500295907258987,0.020616082474589348,0.08426254242658615,0.020007675513625145,0.10749074816703796,0.010095912031829357,0.010142168961465359,0.014135273173451424,0.056693870574235916,0.024832017719745636,0.05647346377372742,0.049644581973552704,0.03538449481129646,0.04009915888309479,0.03974368795752525,0.10116077959537506,0.16273273527622223,0.025118138641119003,0.019633114337921143,0.006260457448661327,0.012182771228253841,0.008618908002972603,0.021190382540225983,0.0030182029586285353,0.0020114996004849672,0.5198628902435303,0.015045387670397758,0.009002278558909893,0.41380906105041504,0.0021083513274788857,0.008195112459361553,0.003150144126266241,0.0009344728896394372,0.16836707293987274,0.0876048356294632,0.00545496167615056,0.01755507104098797,0.0026216907426714897,0.06876906752586365,0.021156813949346542,0.0037558774929493666,0.0011000909144058824,0.006701507139950991,0.035745102912187576,0.07535319030284882,0.0031340487767010927,0.004246340598911047,0.010735142044723034,0.023125704377889633,0.002113737864419818,0.012731284834444523,0.0693744495511055,,,,,,,,,,,,,,,
unknown,看,438,439,506.755,506.955,0.98339844,,0.027281271293759346,0.025955893099308014,0.041617803275585175,0.11608925461769104,0.025348596274852753,0.13668154180049896,0.006445381324738264,0.017359323799610138,0.020409854128956795,0.06326530873775482,0.025158002972602844,0.05450499430298805,0.07162105292081833,0.03614841774106026,0.05956760793924332,0.040657054632902145,0.06670991331338882,0.09548874199390411,0.030885200947523117,0.04024922475218773,0.013044850900769234,0.010499713942408562,0.009728929959237576,0.024256084114313126,0.005389844998717308,0.0018408577889204025,0.4034017026424408,0.02759164571762085,0.00937779899686575,0.300789475440979,0.0019343787571415305,0.008102050982415676,0.002740457421168685,0.0016180160455405712,0.15551169216632843,0.08994387090206146,0.007610839791595936,0.02080153487622738,0.0024462928995490074,0.07359194755554199,0.024959726259112358,0.0025599170476198196,0.0020717408042401075,0.005879053846001625,0.05397269129753113,0.07801365852355957,0.006493467837572098,0.005781203042715788,0.017346959561109543,0.031239857897162437,0.0018346761353313923,0.007342877797782421,0.05799825116991997,,,,,,,,,,,,,,,
unknown,板,440,441,506.955,507.455,0.9975586,,0.013036047108471394,0.011871959082782269,0.03761300444602966,0.07785520702600479,0.02645787224173546,0.2046295702457428,0.019312145188450813,0.00912028644233942,0.03683069720864296,0.11314684897661209,0.04586242884397507,0.10477230697870255,0.0720258578658104,0.06891362369060516,0.07494596391916275,0.03335072100162506,0.04769255593419075,0.15228520333766937,0.060390654951334,0.08175216615200043,0.02117273211479187,0.02304464392364025,0.028630515560507774,0.010209047235548496,0.009824350476264954,0.003307843115180731,0.2546381950378418,0.025738071650266647,0.007722156122326851,0.15612110495567322,0.006667692679911852,0.0050116232596337795,0.004627864342182875,0.002728818217292428,0.14775905013084412,0.03235916048288345,0.005623812321573496,0.011364193633198738,0.003911457024514675,0.039865389466285706,0.04508090019226074,0.0029325690120458603,0.0033935117535293102,0.010138001292943954,0.0766276940703392,0.05006725341081619,0.011514164507389069,0.010992099530994892,0.02157117985188961,0.01668265089392662,0.0031477881129831076,0.01724226027727127,0.03208930417895317,,,,,,,,,,,,,,,
unknown,遭,442,443,512.6889,513.0085,0.80859375,,0.026551708579063416,0.02581503987312317,0.05931764841079712,0.11910014599561691,0.026131296530365944,0.1659414917230606,0.008277680724859238,0.015706947073340416,0.04081644117832184,0.09317240118980408,0.031189896166324615,0.03957958146929741,0.05411626771092415,0.04943016916513443,0.09634889662265778,0.029860960319638252,0.04954037070274353,0.06579350680112839,0.0723099410533905,0.11577728390693665,0.03690418601036072,0.013120319694280624,0.02190125547349453,0.01503691729158163,0.01237540040165186,0.0037868826184421778,0.2534664571285248,0.03183741495013237,0.01613287813961506,0.1701066642999649,0.0032753401901572943,0.004622123669832945,0.003978922497481108,0.0028710237238556147,0.13660728931427002,0.05486596003174782,0.01066422089934349,0.015463991090655327,0.003194935852661729,0.03552364930510521,0.04131114482879639,0.0018885040190070868,0.007532474584877491,0.010528731159865856,0.09940628707408905,0.04738890752196312,0.02799457125365734,0.014300861395895481,0.025049302726984024,0.02430240623652935,0.0038354068528860807,0.009316913783550262,0.024761633947491646,,,,,,,,,,,,,,,
unknown,難,444,445,513.0085,513.5085,0.6850586,,0.020358379930257797,0.017438841983675957,0.03671286627650261,0.07967904955148697,0.021880270913243294,0.14678139984607697,0.010292434133589268,0.01588301546871662,0.016708167269825935,0.06783747673034668,0.037668824195861816,0.05916687846183777,0.05134588107466698,0.043321393430233,0.04959379509091377,0.045604806393384933,0.04561903327703476,0.10643870383501053,0.051329903304576874,0.04381941258907318,0.01217676606029272,0.01380282361060381,0.01287695299834013,0.02307651937007904,0.004798972979187965,0.0024296483024954796,0.39328446984291077,0.022899849340319633,0.00839660968631506,0.334936261177063,0.0028245148714631796,0.007211974821984768,0.0029440743383020163,0.001612988067790866,0.1510966271162033,0.07733464241027832,0.006727026775479317,0.011837557889521122,0.002776573644950986,0.05150280147790909,0.03957081586122513,0.00510783726349473,0.0025177071802318096,0.0077800871804356575,0.04942519962787628,0.08295444399118423,0.007668578065931797,0.006284129805862904,0.023947224020957947,0.038691651076078415,0.0025917727034538984,0.015038415789604187,0.058466263115406036,,,,,,,,,,,,,,,
unknown,長,446,447,521.0384,521.2781,0.97753906,,0.04171665385365486,0.05106707662343979,0.06757697463035583,0.10784938186407089,0.006522407289594412,0.04067661985754967,0.004920331295579672,0.030146224424242973,0.009726818650960922,0.03470182046294212,0.04045911878347397,0.04976336285471916,0.01853352226316929,0.03145885467529297,0.030088644474744797,0.09010334312915802,0.06623708456754684,0.12334390729665756,0.015521529130637646,0.014136235229671001,0.004686133004724979,0.0054007903672754765,0.004521859344094992,0.08824994415044785,0.0025683522690087557,0.002859685570001602,0.597493052482605,0.045656122267246246,0.007237371057271957,0.5504032373428345,0.0013592086033895612,0.01619924232363701,0.0018406203016638756,0.0008535694214515388,0.18867288529872894,0.20047755539417267,0.027867930009961128,0.011928880587220192,0.0015642497455701232,0.06809218972921371,0.027861109003424644,0.008356794714927673,0.01074202824383974,0.003742184257134795,0.027263056486845016,0.1655864715576172,0.03045685403048992,0.00319956848397851,0.009281947277486324,0.049771059304475784,0.0033772194292396307,0.01086769811809063,0.09226462244987488,,,,,,,,,,,,,,,
unknown,い,448,449,521.2781,521.7781,0.97021484,,0.058714427053928375,0.06523077934980392,0.07824204862117767,0.12539686262607574,0.007220008410513401,0.044293113052845,0.003820047015324235,0.036535296589136124,0.014340206049382687,0.041361212730407715,0.032921627163887024,0.046612370759248734,0.02385278418660164,0.03282259777188301,0.0388358049094677,0.07084423303604126,0.05027042701840401,0.1037125512957573,0.013462306000292301,0.01879677176475525,0.006251236889511347,0.004843787290155888,0.005541034508496523,0.06556899100542068,0.0037631450686603785,0.002991783432662487,0.5304058790206909,0.05450936779379845,0.009322251193225384,0.42557209730148315,0.0011798021150752902,0.014371303841471672,0.0017256896244361997,0.0009072146494872868,0.16171714663505554,0.16846753656864166,0.03032858669757843,0.015126506797969341,0.0016489500412717462,0.08607852458953857,0.029812529683113098,0.004904326517134905,0.011774960905313492,0.003430800512433052,0.04836415499448776,0.12876859307289124,0.030741017311811447,0.004067081958055496,0.008928543888032436,0.04588090255856514,0.003432684112340212,0.01070838700979948,0.08607521653175354,,,,,,,,,,,,,,,
unknown,正,450,451,525.8324,526.112,0.67871094,,0.036913562566041946,0.04506421089172363,0.05944797769188881,0.11293108016252518,0.014186442829668522,0.07832429558038712,0.0049507468938827515,0.025605961680412292,0.014901548624038696,0.05575001239776611,0.03517723083496094,0.048812106251716614,0.03466850519180298,0.034968744963407516,0.04918338730931282,0.05464416742324829,0.05605577677488327,0.10127265006303787,0.02459915354847908,0.032057665288448334,0.009948168881237507,0.008174513466656208,0.00658746063709259,0.04475552961230278,0.003777025733143091,0.003166534937918186,0.4710877239704132,0.0418463870882988,0.008093263953924179,0.36054036021232605,0.001631516613997519,0.010190775617957115,0.002152875764295459,0.001418126281350851,0.14791233837604523,0.1287090927362442,0.022108035162091255,0.018381796777248383,0.0023427805863320827,0.059581927955150604,0.029211431741714478,0.0036523579619824886,0.007798662409186363,0.006022915709763765,0.05657966434955597,0.09152287244796753,0.01965557411313057,0.00483697559684515,0.013306050561368465,0.03289526700973511,0.0034158225171267986,0.011842155829071999,0.061188481748104095,,,,,,,,,,,,,,,
unknown,座,452,453,526.112,526.612,0.99853516,,0.02987491339445114,0.0207363348454237,0.04180067405104637,0.09863574057817459,0.02494777739048004,0.138177752494812,0.004715183284133673,0.01940867118537426,0.015347862616181374,0.11661383509635925,0.03612399473786354,0.08967055380344391,0.03274451568722725,0.039763130247592926,0.09425744414329529,0.04650576412677765,0.03247307986021042,0.15572109818458557,0.025541381910443306,0.05190284177660942,0.018130429089069366,0.00889870710670948,0.008355165831744671,0.022844510152935982,0.003976722247898579,0.0028933011926710606,0.37072333693504333,0.03394940495491028,0.00846343394368887,0.2229018658399582,0.0015085414052009583,0.007642332464456558,0.001492107636295259,0.0014235180569812655,0.126196026802063,0.05913381651043892,0.006954713258892298,0.007891455665230751,0.0023863278329372406,0.06191147491335869,0.031125487759709358,0.0032686004415154457,0.0028338360134512186,0.0043130782432854176,0.09596674144268036,0.08477258682250977,0.011304262094199657,0.005152036901563406,0.012441018596291542,0.021728772670030594,0.002933524316176772,0.019329439848661423,0.07087734341621399,,,,,,,,,,,,,,,
unknown,言,454,455,530.40125,530.56104,0.97265625,,0.013702722266316414,0.010068283416330814,0.014749521389603615,0.10207412391901016,0.06627349555492401,0.28901901841163635,0.010150420479476452,0.011004784144461155,0.0314970500767231,0.0637054592370987,0.02834339812397957,0.08734679222106934,0.06492393463850021,0.06258292496204376,0.14791139960289001,0.02550130896270275,0.012999700382351875,0.17760153114795685,0.059223517775535583,0.12569695711135864,0.038504403084516525,0.021694054827094078,0.02200264483690262,0.009620421566069126,0.0123910466209054,0.005624891258776188,0.21213316917419434,0.021156523376703262,0.005192435812205076,0.10374137759208679,0.0034728841856122017,0.006788717582821846,0.005493028089404106,0.003048940794542432,0.08975560963153839,0.028074247762560844,0.005514658987522125,0.008456883952021599,0.0051404330879449844,0.051250748336315155,0.04745842143893242,0.0031312471255660057,0.002535089384764433,0.00860341265797615,0.15025092661380768,0.04556988552212715,0.0073087094351649284,0.014294748194515705,0.0268293097615242,0.016445202752947807,0.00468849902972579,0.02789630927145481,0.051097605377435684,,,,,,,,,,,,,,,
unknown,葉,456,457,530.56104,531.06104,0.99902344,,0.018906742334365845,0.0114553552120924,0.01727208122611046,0.10811541974544525,0.07697026431560516,0.30115532875061035,0.006627602037042379,0.012158424593508244,0.024035673588514328,0.06606361269950867,0.02786794863641262,0.0813966691493988,0.034443628042936325,0.04617658630013466,0.19689805805683136,0.03383009508252144,0.011445365846157074,0.20765618979930878,0.050041623413562775,0.13304437696933746,0.04445907101035118,0.015813253819942474,0.014814811758697033,0.010362419299781322,0.010414321906864643,0.004846233408898115,0.22614631056785583,0.020236732438206673,0.0069315675646066666,0.10356676578521729,0.0023663181345909834,0.008348492905497551,0.0035844589583575726,0.002539076143875718,0.07315529882907867,0.031143106520175934,0.0053684827871620655,0.0067895567044615746,0.004425510298460722,0.0809795930981636,0.04344549402594566,0.003887853818014264,0.0022377073764801025,0.006787101272493601,0.1820305436849594,0.06641648709774017,0.007485156413167715,0.01242702268064022,0.0214686281979084,0.016230463981628418,0.004235029686242342,0.023641450330615044,0.08160912245512009,,,,,,,,,,,,,,,
unknown,牛,458,459,536.273,536.51263,0.9995117,,0.019969530403614044,0.009786360897123814,0.02142241783440113,0.10508067160844803,0.03601518273353577,0.23246710002422333,0.00846167840063572,0.011585509404540062,0.045441143214702606,0.1212610974907875,0.038496531546115875,0.07742098718881607,0.06581664085388184,0.06635970622301102,0.15292125940322876,0.03576905280351639,0.008639880456030369,0.12681497633457184,0.07066892087459564,0.12737290561199188,0.03362482786178589,0.015854423865675926,0.02734750509262085,0.0057824887335300446,0.017098402604460716,0.00601249048486352,0.17172953486442566,0.019437136128544807,0.007030571345239878,0.0704604759812355,0.0028369056526571512,0.008156566880643368,0.005460147280246019,0.0021881775464862585,0.08008519560098648,0.02566441521048546,0.0035923190880566835,0.009621532633900642,0.004621470812708139,0.06975898891687393,0.05103402957320213,0.0037704273127019405,0.0013666620943695307,0.01339032407850027,0.19503089785575867,0.05386139452457428,0.003648168873041868,0.01901940256357193,0.02335069514811039,0.01495174877345562,0.005802663508802652,0.023229287937283516,0.054961442947387695,,,,,,,,,,,,,,,
unknown,乳,460,461,536.51263,537.01263,0.9848633,,0.018506690859794617,0.008958674035966396,0.017223278060555458,0.0989081859588623,0.05984637513756752,0.3167264461517334,0.0061935302801430225,0.013436571694910526,0.027853479608893394,0.08348506689071655,0.029457351192831993,0.06401774287223816,0.05738583207130432,0.053253814578056335,0.1610330492258072,0.02442125603556633,0.007152536418288946,0.09821604192256927,0.09039904922246933,0.15373550355434418,0.04312249273061752,0.017661498859524727,0.018364641815423965,0.004531674087047577,0.015381945297122002,0.0045045060105621815,0.11833624541759491,0.017154226079583168,0.0065416498109698296,0.04927549883723259,0.002437121467664838,0.007183115929365158,0.004694679286330938,0.002930163638666272,0.05901450663805008,0.01842598244547844,0.0029801279306411743,0.01288773212581873,0.004372985567897558,0.056143179535865784,0.05732238292694092,0.0032887980341911316,0.000993570196442306,0.01397139672189951,0.21448959410190582,0.04345327615737915,0.002675879281014204,0.018126292154192924,0.03461439535021782,0.016441360116004944,0.004270429257303476,0.02246139571070671,0.048951391130685806,,,,,,,,,,,,,,,
unknown,道,462,463,542.8382,543.3382,0.9897461,,0.020921198651194572,0.008532357402145863,0.022918909788131714,0.08480381220579147,0.049205221235752106,0.27256545424461365,0.005472082644701004,0.017113758251070976,0.029966697096824646,0.07610950618982315,0.04729118198156357,0.11716828495264053,0.08086290210485458,0.07368620485067368,0.16669276356697083,0.02405674196779728,0.005440683104097843,0.12662763893604279,0.0740211233496666,0.15807296335697174,0.043507274240255356,0.01576361246407032,0.022274354472756386,0.0035945838317275047,0.01715652085840702,0.00611569220200181,0.09233545511960983,0.023573780432343483,0.006179311778396368,0.02893258072435856,0.0026070033200085163,0.007338781841099262,0.005783739499747753,0.0036183458287268877,0.07717873156070709,0.011324244551360607,0.002588997595012188,0.012065090239048004,0.004162424243986607,0.05925678834319115,0.05798985809087753,0.002853039652109146,0.0009695578482933342,0.010592665523290634,0.20527195930480957,0.04118649289011955,0.0027559467125684023,0.02150464989244938,0.03359784185886383,0.014459374360740185,0.006396452896296978,0.024417420849204063,0.05032745376229286,,,,,,,,,,,,,,,
unknown,人,464,465,548.94543,549.44543,0.30688477,,0.013955799862742424,0.005887965206056833,0.012761089950799942,0.0764433965086937,0.0799783244729042,0.417076051235199,0.007756097707897425,0.0070987180806696415,0.03569258376955986,0.1250518262386322,0.027074478566646576,0.04477839171886444,0.03845469281077385,0.03720693662762642,0.21099057793617249,0.02163556031882763,0.005619210656732321,0.08308154344558716,0.11846885830163956,0.19972720742225647,0.0650264322757721,0.021390056237578392,0.021127110347151756,0.002339388709515333,0.022986602038145065,0.00439270306378603,0.06882951408624649,0.009942367672920227,0.007013935595750809,0.026056163012981415,0.0027214998845010996,0.006311463657766581,0.005111062899231911,0.002688176231458783,0.033908721059560776,0.011664009653031826,0.0020923742558807135,0.00808576587587595,0.005298788659274578,0.04127676784992218,0.050928886979818344,0.00381213310174644,0.0008118094992823899,0.01598103530704975,0.19239003956317902,0.03561240807175636,0.002460209419950843,0.024242959916591644,0.02853984199464321,0.010127662681043148,0.00410687318071723,0.025720570236444473,0.035535573959350586,,,,,,,,,,,,,,,
unknown,空,466,467,555.21234,555.71234,0.93359375,,0.031533174216747284,0.014852959662675858,0.03910968452692032,0.10269039124250412,0.05388682335615158,0.23889446258544922,0.003976860549300909,0.029741566628217697,0.03649762272834778,0.07907094061374664,0.032757315784692764,0.03238559141755104,0.06769111007452011,0.06808913499116898,0.20696906745433807,0.022829903289675713,0.006596481427550316,0.0325484499335289,0.14338940382003784,0.2547428607940674,0.10742682218551636,0.01820988953113556,0.015420660376548767,0.005595960654318333,0.027500998228788376,0.015020767226815224,0.060650117695331573,0.03237079828977585,0.012329102493822575,0.022217722609639168,0.0016353564569726586,0.005024374928325415,0.007287447806447744,0.006511100567877293,0.050443533807992935,0.015384213998913765,0.003752749413251877,0.032624900341033936,0.008358512073755264,0.03656003996729851,0.06066593527793884,0.003094983287155628,0.001942767295986414,0.03680207580327988,0.16885580122470856,0.034454602748155594,0.006825204007327557,0.04047812893986702,0.05239824950695038,0.01604248397052288,0.013198914937675,0.021307745948433876,0.029771124944090843,,,,,,,,,,,,,,,
unknown,感,468,469,566.505,566.705,0.97998047,,0.03808889910578728,0.02396291494369507,0.04606959596276283,0.08092930912971497,0.01491047814488411,0.08241713792085648,0.006499169860035181,0.041922010481357574,0.02099621668457985,0.09005330502986908,0.05297689139842987,0.062051378190517426,0.05051570013165474,0.0629369392991066,0.053068824112415314,0.09126263856887817,0.019864602014422417,0.07965049892663956,0.07695957273244858,0.036981675773859024,0.014399468898773193,0.0157111044973135,0.008472239598631859,0.03238296881318092,0.012556929141283035,0.008126185275614262,0.25131621956825256,0.04893089085817337,0.00545817194506526,0.16389693319797516,0.001915869303047657,0.02341204322874546,0.007648088503628969,0.0026540046092122793,0.07943228632211685,0.08679083734750748,0.007467200513929129,0.04546233266592026,0.00785412359982729,0.08037127554416656,0.0708799734711647,0.01877724565565586,0.002364597748965025,0.03218467906117439,0.06097947433590889,0.14463795721530914,0.004682736936956644,0.017512483522295952,0.035320792347192764,0.05184052884578705,0.007097876165062189,0.023634063079953194,0.12409357726573944,,,,,,,,,,,,,,,
unknown,情,470,471,566.705,567.205,0.99365234,,0.05069960653781891,0.03736528381705284,0.05983799323439598,0.13425475358963013,0.018200650811195374,0.08442465960979462,0.0041057998314499855,0.048479482531547546,0.030096782371401787,0.053619299083948135,0.027113057672977448,0.03650858625769615,0.06202742084860802,0.04260563850402832,0.07020086795091629,0.06096448004245758,0.021425887942314148,0.06265463680028915,0.0591050386428833,0.05032680183649063,0.023287933319807053,0.012177727185189724,0.008145630359649658,0.042055025696754456,0.019101833924651146,0.006573225371539593,0.24447445571422577,0.06047172471880913,0.008144279010593891,0.14960473775863647,0.001454478595405817,0.01877257600426674,0.008287958800792694,0.0031661835964769125,0.06614610552787781,0.09424745291471481,0.011608363129198551,0.02803819254040718,0.005982474889606237,0.09394997358322144,0.04975663125514984,0.007900997065007687,0.003995748236775398,0.02054094709455967,0.11611537635326385,0.11185429245233536,0.010591000318527222,0.022708430886268616,0.032785192131996155,0.04778933897614479,0.0058891866356134415,0.01482907310128212,0.1023629680275917,,,,,,,,,,,,,,,
unknown,調,472,473,572.5571,572.8769,1.0,,0.059789277613162994,0.048356276005506516,0.07939886301755905,0.13235436379909515,0.013664125464856625,0.07577870786190033,0.00497044064104557,0.05279898643493652,0.03190481662750244,0.06212824955582619,0.037816423922777176,0.04164131358265877,0.06016086786985397,0.050948187708854675,0.05479473993182182,0.06099296733736992,0.03770900517702103,0.059642940759658813,0.056943465024232864,0.04208134859800339,0.01890525035560131,0.01218518428504467,0.008335251361131668,0.0366024523973465,0.018524548038840294,0.007422143127769232,0.2572156488895416,0.06817590445280075,0.011576519347727299,0.16148225963115692,0.0016583147225901484,0.017939746379852295,0.007934250868856907,0.0029384258668869734,0.09984172880649567,0.09254281222820282,0.01360261533409357,0.04107055813074112,0.005485206842422485,0.08585434406995773,0.047677163034677505,0.006817494053393602,0.005649535916745663,0.02311544306576252,0.08562032133340836,0.10672586411237717,0.01620454527437687,0.020391572266817093,0.02863995172083378,0.04830271750688553,0.007106213830411434,0.012038197368383408,0.07325353473424911,,,,,,,,,,,,,,,
unknown,味,474,475,572.8769,572.9968,0.99658203,,0.04842668026685715,0.03315034508705139,0.04708187282085419,0.12135060131549835,0.028910646215081215,0.16492749750614166,0.011396816000342369,0.04295127093791962,0.052960462868213654,0.09859327226877213,0.03243519738316536,0.034530721604824066,0.06761888414621353,0.05277322605252266,0.07163497060537338,0.028786087408661842,0.017035862430930138,0.04079463332891464,0.1290099173784256,0.08672846108675003,0.03337409347295761,0.029495196416974068,0.014929486438632011,0.014172916300594807,0.0321674570441246,0.020993907004594803,0.14634591341018677,0.040769532322883606,0.014668386429548264,0.10222271829843521,0.0038869245909154415,0.014524293132126331,0.011209207586944103,0.006070897448807955,0.09349603205919266,0.05698248744010925,0.01220626849681139,0.03654903173446655,0.014413715340197086,0.0350751169025898,0.07069281488656998,0.007196693681180477,0.006196747999638319,0.05707954615354538,0.13795799016952515,0.044897083193063736,0.0104855727404356,0.031901758164167404,0.07135847210884094,0.0504908412694931,0.018922273069620132,0.020316381007432938,0.03018619678914547,,,,,,,,,,,,,,,
unknown,料,476,477,572.9968,573.4968,0.9995117,,0.03212745115160942,0.02124914526939392,0.03176935017108917,0.10755785554647446,0.07231070101261139,0.30782902240753174,0.00739640649408102,0.024466801434755325,0.04112078994512558,0.0701904445886612,0.017190193757414818,0.023154722526669502,0.06236446276307106,0.04099100083112717,0.14402411878108978,0.01613495498895645,0.014593551866710186,0.03906308114528656,0.16761016845703125,0.18768097460269928,0.07215756922960281,0.02689402736723423,0.016772573813796043,0.007960738614201546,0.026456188410520554,0.01131286658346653,0.09721933305263519,0.025280756875872612,0.01773952692747116,0.05743258446455002,0.0027856912929564714,0.007094792556017637,0.007535001263022423,0.00592433474957943,0.062006354331970215,0.028098439797759056,0.008745407685637474,0.02015489526093006,0.010776636190712452,0.029432451352477074,0.05601661279797554,0.0029465793631970882,0.0052252523601055145,0.040396593511104584,0.20209556818008423,0.02847583033144474,0.013105032034218311,0.03090948425233364,0.06870211660861969,0.027290206402540207,0.009624585509300232,0.0179036483168602,0.02189546637237072,,,,,,,,,,,,,,,
unknown,入,478,479,578.6722,578.99194,0.9980469,,0.024080291390419006,0.014413680881261826,0.02857367880642414,0.09765496104955673,0.07312271744012833,0.2869153618812561,0.006901855580508709,0.017283203080296516,0.03347088396549225,0.08585961163043976,0.026970095932483673,0.0343172550201416,0.05879421532154083,0.05504084751009941,0.15725648403167725,0.018754372373223305,0.024200063198804855,0.05670588091015816,0.1294916421175003,0.18511512875556946,0.07145432382822037,0.02280377969145775,0.01689683087170124,0.007085422519594431,0.017154334113001823,0.010989855974912643,0.1050194501876831,0.022462408989667892,0.019076192751526833,0.05371229350566864,0.002484333235770464,0.00531340716406703,0.006408301182091236,0.004905483219772577,0.08457496017217636,0.022302743047475815,0.005072480067610741,0.02123081684112549,0.008085320703685284,0.0272949431091547,0.053085461258888245,0.002951173111796379,0.003493188414722681,0.03153941035270691,0.14996594190597534,0.031703803688287735,0.013816186226904392,0.02420571632683277,0.04489288479089737,0.019168253988027573,0.010082646273076534,0.017619416117668152,0.02368883043527603,,,,,,,,,,,,,,,
unknown,院,480,481,578.99194,579.49194,0.9926758,,0.008859238587319851,0.005357344169169664,0.015029394999146461,0.05693729966878891,0.12990403175354004,0.44561123847961426,0.009391718544065952,0.008045964874327183,0.028448766097426414,0.0987732782959938,0.025342755019664764,0.04097668081521988,0.056998830288648605,0.0557587593793869,0.22385114431381226,0.010987923480570316,0.01290043443441391,0.05742981284856796,0.15000951290130615,0.2631625533103943,0.10968933254480362,0.03375351056456566,0.021368639543652534,0.0026200853753834963,0.015475920401513577,0.0077697220258414745,0.044834841042757034,0.013273975811898708,0.012084533460438251,0.020469099283218384,0.0038838060572743416,0.0027088625356554985,0.0058676269836723804,0.006697361823171377,0.050475217401981354,0.007476938888430595,0.0024654646404087543,0.012905152514576912,0.009766647592186928,0.01749238558113575,0.04741600528359413,0.0017547664465382695,0.0018229845445603132,0.029621846973896027,0.16728796064853668,0.01602519303560257,0.006526357028633356,0.025834010913968086,0.04233487695455551,0.007572085130959749,0.006327210459858179,0.02676297537982464,0.014197011478245258,,,,,,,,,,,,,,,
unknown,宇,482,483,586.5608,586.7607,0.9091797,,0.014222531579434872,0.010626411065459251,0.03438686206936836,0.060544952750205994,0.08356866240501404,0.2724519670009613,0.01025355514138937,0.016087381169199944,0.023193974047899246,0.0842278003692627,0.04497135430574417,0.08603401482105255,0.057514894753694534,0.07781660556793213,0.17246109247207642,0.018405165523290634,0.017632517963647842,0.0993594378232956,0.07742366194725037,0.17159685492515564,0.07203806191682816,0.031139880418777466,0.01684064231812954,0.005579068325459957,0.010101903229951859,0.006583154201507568,0.09131066501140594,0.02988593466579914,0.009152206592261791,0.04209655150771141,0.0062263100408017635,0.005283345468342304,0.00509157357737422,0.0097905732691288,0.08173102140426636,0.0141560398042202,0.00442239036783576,0.02156251110136509,0.008544244803488255,0.032117221504449844,0.045239582657814026,0.001719518331810832,0.0024959773290902376,0.02383400872349739,0.16865156590938568,0.024982333183288574,0.005751896183937788,0.018944406881928444,0.03063681349158287,0.008937475271522999,0.005531476344913244,0.021124232560396194,0.025154145434498787,,,,,,,,,,,,,,,
unknown,宙,484,485,586.7607,587.2607,0.90625,,0.025457413867115974,0.015038973651826382,0.03573011979460716,0.09465493261814117,0.03276889771223068,0.1849725991487503,0.008067280054092407,0.020868202671408653,0.02820722572505474,0.10166747123003006,0.045374877750873566,0.08780118823051453,0.06901812553405762,0.08436276763677597,0.10289713740348816,0.027018709108233452,0.02051945962011814,0.08584325015544891,0.0620092935860157,0.10313955694437027,0.03311857208609581,0.018310964107513428,0.019915077835321426,0.00784621573984623,0.012341363355517387,0.006141637451946735,0.13602490723133087,0.0346614345908165,0.008989918977022171,0.06226012483239174,0.0037137274630367756,0.008102568797767162,0.004914192482829094,0.004151588771492243,0.11035002768039703,0.024938028305768967,0.005376586690545082,0.027019530534744263,0.005439154803752899,0.03456509858369827,0.061093591153621674,0.003412573831155896,0.002885744208469987,0.014699561521410942,0.14915023744106293,0.042383696883916855,0.007389063481241465,0.015657303854823112,0.028612354770302773,0.021341342478990555,0.005998470354825258,0.02239972911775112,0.03353368490934372,,,,,,,,,,,,,,,
unknown,帽,486,487,592.0364,592.2762,0.59033203,,0.016379574313759804,0.009583640843629837,0.018029198050498962,0.0756428986787796,0.064207062125206,0.2947145402431488,0.010137883014976978,0.013467089273035526,0.0210475642234087,0.07883473485708237,0.029294226318597794,0.06721676141023636,0.0637505054473877,0.06701941788196564,0.10892555862665176,0.019689975306391716,0.020957183092832565,0.09507960081100464,0.10762485861778259,0.13178962469100952,0.039158258587121964,0.02630206197500229,0.020562799647450447,0.006575628183782101,0.010174203664064407,0.005906580947339535,0.1510189175605774,0.019343940541148186,0.007770510856062174,0.08263691514730453,0.004135644994676113,0.005780667532235384,0.005501630250364542,0.004466223064810038,0.09970548748970032,0.020144881680607796,0.003945724107325077,0.023621434345841408,0.006920484360307455,0.029301421716809273,0.05661390349268913,0.0037144781090319157,0.0018073671963065863,0.018934324383735657,0.12920410931110382,0.03701728954911232,0.005060622002929449,0.014616615138947964,0.04644734039902687,0.022082960233092308,0.005342800635844469,0.023732878267765045,0.03457789495587349,,,,,,,,,,,,,,,
unknown,止,488,489,592.2762,592.7762,0.7734375,,0.016165297478437424,0.01091404352337122,0.01939200982451439,0.1050826758146286,0.045754894614219666,0.24205079674720764,0.010363164357841015,0.014615291729569435,0.033421359956264496,0.06983084231615067,0.020417826250195503,0.031934190541505814,0.0789356529712677,0.05730680376291275,0.08431627601385117,0.01893792301416397,0.019633982330560684,0.039931438863277435,0.11551160365343094,0.11255005747079849,0.03637916222214699,0.026535948738455772,0.020209861919283867,0.0082597890868783,0.01863453909754753,0.005621636286377907,0.12303325533866882,0.020204966887831688,0.007571560330688953,0.08106698840856552,0.004081269260495901,0.006498546339571476,0.007714105769991875,0.004955691751092672,0.06982525438070297,0.02726319432258606,0.0044401162303984165,0.03617192432284355,0.00788410846143961,0.025747600942850113,0.0565219484269619,0.0044176531955599785,0.0022772320080548525,0.02497320994734764,0.16687676310539246,0.03451938182115555,0.005956969689577818,0.01997489668428898,0.055467408150434494,0.028972972184419632,0.004612025339156389,0.019450819119811058,0.028734544292092323,,,,,,,,,,,,,,,
unknown,死,490,491,597.5878,598.0878,0.70654297,,0.02272721193730831,0.014722793363034725,0.037979625165462494,0.12265651673078537,0.011554831638932228,0.13739903271198273,0.01200871542096138,0.023583166301250458,0.048998426645994186,0.07979851961135864,0.0433463454246521,0.0568181537091732,0.09398110955953598,0.08999950438737869,0.03870807960629463,0.03982342779636383,0.023639248684048653,0.044250812381505966,0.0747724324464798,0.047253113240003586,0.014480187557637691,0.018408184871077538,0.02054029330611229,0.014369887299835682,0.025778980925679207,0.006009464152157307,0.1578582376241684,0.03788364306092262,0.006749422755092382,0.10967236012220383,0.0034570801071822643,0.01174138393253088,0.010318955406546593,0.0027251585852354765,0.11692620813846588,0.04344978928565979,0.005314923822879791,0.03387398645281792,0.005922385957092047,0.036318615078926086,0.07850750535726547,0.01075755711644888,0.0038786239456385374,0.017125355079770088,0.11136491596698761,0.07210667431354523,0.01164503488689661,0.019643183797597885,0.04541347920894623,0.05912809073925018,0.005019408650696278,0.025950297713279724,0.037152860313653946,,,,,,,,,,,,,,,
